Price,Close,High,Low,Open,Volume
Ticker,APOLLOHOSP.NS,APOLLOHOSP.NS,APOLLOHOSP.NS,APOLLOHOSP.NS,APOLLOHOSP.NS
Date,,,,,
2020-01-01,1403.1072998046875,1418.502303747161,1399.024900919837,1416.5348941719224,268255
2020-01-02,1470.2939453125,1484.6067736450982,1404.7300168006448,1404.7300168006448,2000143
2020-01-03,1461.8834228515625,1480.475464326776,1457.4076388452997,1470.294145448795,629443
2020-01-06,1438.66796875,1455.882799145299,1434.388877782251,1455.882799145299,378702
2020-01-07,1454.60400390625,1474.5240228768043,1448.5543164319508,1450.9643447687747,365266
2020-01-08,1449.6363525390625,1455.4893470572229,1434.2413510577785,1440.1435788399092,190163
2020-01-09,1455.4892578125,1474.2779910840075,1448.996831666472,1465.7198093571237,254798
2020-01-10,1461.6866455078125,1477.524265078649,1451.9479462424008,1459.8175828074002,364434
2020-01-13,1459.2763671875,1479.4915423443983,1455.3415492557328,1468.9659524093672,374704
2020-01-14,1468.966064453125,1477.5242460750387,1459.7192175919567,1460.899615029075,308514
2020-01-15,1487.312255859375,1504.084468832044,1463.7525766004455,1464.0477360394736,932167
2020-01-16,1565.614990234375,1580.8131771659685,1493.3127073957323,1494.9357238027249,2305288
2020-01-17,1592.2242431640625,1597.5362720256937,1554.2532695816478,1569.5499241596654,893254
2020-01-20,1602.99609375,1631.9661500692846,1590.1586989674495,1593.6016655287772,1047368
2020-01-21,1599.700439453125,1615.7348731367988,1594.5852233514465,1603.2909854096556,317357
2020-01-22,1607.81591796875,1636.884436615374,1599.9955145161694,1616.8660722390975,736367
2020-01-23,1659.4112548828125,1672.1994142291078,1604.6680718187927,1612.0950893177444,764590
2020-01-24,1641.507568359375,1669.8875378184641,1622.2269851476472,1662.460521185458,1023849
2020-01-27,1668.4119873046875,1685.0857297681985,1634.9168026122277,1640.8190293364596,791549
2020-01-28,1650.410400390625,1677.0196579778767,1646.5248152348522,1668.2646629805893,681671
2020-01-29,1660.493408203125,1667.330107319376,1643.8196628297462,1659.5097035774122,230705
2020-01-30,1663.247802734375,1681.8889570627002,1652.8696710657125,1657.5422679635326,634505
2020-01-31,1633.1461181640625,1671.5598258700247,1629.457226390037,1671.510592613926,377299
2020-02-03,1668.21533203125,1689.6109059287246,1589.6665479686992,1589.6665479686992,584886
2020-02-04,1643.8194580078125,1677.1178314229446,1633.9331797187895,1668.2152576370634,384789
2020-02-05,1630.4410400390625,1653.6073299636246,1623.1124892563835,1653.6073299636246,438855
2020-02-06,1618.243408203125,1638.556813483175,1595.7656605289035,1638.556813483175,552992
2020-02-07,1636.048095703125,1651.147935139023,1601.4708599382363,1622.9156651860699,554048
2020-02-10,1638.5567626953125,1673.8717831125275,1607.8652261118643,1635.9008082129278,778081
2020-02-11,1670.28125,1675.1506600299283,1641.8030486269706,1643.278605590985,606839
2020-02-12,1656.1650390625,1688.9715634269323,1643.3277660926585,1677.2163414998972,728165
2020-02-13,1667.8709716796875,1679.1835733749494,1628.0309396224611,1647.7050295272643,902548
2020-02-14,1676.6260986328125,1719.2204346050823,1647.1640746158398,1692.9555705322384,3179224
2020-02-17,1687.1026611328125,1708.694929567841,1672.3962049753031,1698.8578833411982,808709
2020-02-18,1745.977294921875,1755.322488495374,1677.019627411543,1688.0370707499549,1860803
2020-02-19,1751.4859619140625,1763.3887630251393,1722.1715181135487,1745.9772404168252,1029649
2020-02-20,1771.3568115234375,1783.8990450766876,1749.2726914562438,1760.8312204170822,799535
2020-02-24,1768.1597900390625,1783.997530206973,1735.500845262827,1766.7334663976405,708469
2020-02-25,1764.4639892578125,1783.7302955418172,1752.1947323057188,1771.9044593282804,459592
2020-02-26,1741.551513671875,1770.8697339996772,1737.4125189215206,1760.0293836263722,494854
2020-02-27,1769.34228515625,1776.8319576456681,1729.627135598572,1739.3834748999468,919960
2020-02-28,1710.6072998046875,1773.629105438704,1701.0480097770553,1754.658492698215,1234826
2020-03-02,1703.462646484375,1752.096378595605,1686.3643603859684,1724.6012826580713,980080
2020-03-03,1700.6539306640625,1727.7548082305843,1670.3995445547105,1713.662424075177,672514
2020-03-04,1729.7750244140625,1746.281921812687,1686.8078409167729,1701.9350332790689,1164850
2020-03-05,1702.132080078125,1743.1776131347422,1693.6569210076414,1739.334192074106,661463
2020-03-06,1664.3880615234375,1685.18180120963,1648.7188031717608,1675.3269368750707,498503
2020-03-09,1617.0845947265625,1647.4868249206438,1582.789621225183,1626.0524965569386,486073
2020-03-11,1605.603759765625,1618.9571489590855,1587.6186324888274,1605.3573881590937,617459
2020-03-12,1486.113525390625,1566.9727344903847,1458.8155996020419,1557.0685478230687,1279868
2020-03-13,1491.6815185546875,1575.3000158228092,1358.9857502781695,1360.0697612621743,828569
2020-03-16,1451.4244384765625,1518.5360392018158,1343.5628782986137,1410.2310582570767,1197701
2020-03-17,1406.0428466796875,1496.9046527490277,1394.9068012464186,1471.1342773281046,610719
2020-03-18,1264.0833740234375,1432.89724471487,1215.6468130561993,1432.89724471487,1731130
2020-03-19,1162.972412109375,1230.133330605948,1037.076531488578,1177.7547072898992,2412020
2020-03-20,1343.1685791015625,1380.0751152665248,1133.3093079747352,1172.975133753851,2002316
2020-03-23,1141.833740234375,1280.491616307541,1132.3237732573887,1208.896011632369,816579
2020-03-24,1139.22216796875,1246.6401751561148,1107.8344532310653,1231.8578805890463,1641749
2020-03-25,1166.569580078125,1204.4614857952095,1056.4907922147067,1162.874005906811,2323541
2020-03-26,1198.20361328125,1316.9055221324866,1115.5706028457337,1172.7288139456034,2809679
2020-03-27,1150.0626220703125,1240.7273703397802,1113.8953195214017,1240.7273703397802,2480908
2020-03-30,1082.310546875,1150.0627436404507,1064.4732653135702,1122.4691216850672,1207547
2020-03-31,1122.518310546875,1138.3352947848514,1031.8535634828104,1105.7157196291369,1882578
2020-04-01,1073.046875,1122.4690435129075,1064.3746665971682,1119.5125842235848,1017298
2020-04-03,1172.285400390625,1221.4610757278028,1072.2585303510941,1078.319175498819,2397409
2020-04-07,1208.156982421875,1260.092186955169,1194.9022386976299,1218.0611686847592,1473088
2020-04-08,1245.6055908203125,1318.975131585333,1193.4241297172048,1208.1079023589205,2070258
2020-04-09,1261.2747802734375,1281.1323558488216,1238.4115432731285,1247.625817311237,1156777
2020-04-13,1260.8314208984375,1281.132418235362,1211.9513157701092,1281.132418235362,1027810
2020-04-15,1340.803466796875,1394.413826605936,1272.8541125495603,1276.2047901122826,2274130
2020-04-16,1402.7906494140625,1419.1004984005526,1314.6882563772733,1350.855561237887,1281806
2020-04-17,1354.156982421875,1450.636135318333,1340.2616467615032,1428.9554322089557,1718038
2020-04-20,1429.8914794921875,1443.7376118757059,1353.0728608227605,1364.898697916623,1859711
2020-04-21,1331.5400390625,1412.2514032611666,1310.7955012003747,1395.4488111933726,1669510
2020-04-22,1328.7314453125,1348.4903767035305,1292.366970791878,1331.6385822569907,1272533
2020-04-23,1363.9625244140625,1396.3357291728594,1342.0354516222162,1352.087364962395,1301177
2020-04-24,1339.7686767578125,1357.5074308450803,1321.635704075547,1340.2614199269033,755944
2020-04-27,1398.306640625,1402.6920068714057,1350.2148574372661,1350.2148574372661,1179779
2020-04-28,1405.746826171875,1437.0360148982581,1396.4833515752398,1409.048301378748,1214114
2020-04-29,1397.370361328125,1408.0629847665116,1355.0437695196717,1399.3906565221337,1010961
2020-04-30,1374.113037109375,1420.9729669361438,1367.1161072233217,1420.9729669361438,731401
2020-05-04,1351.841064453125,1406.4370389197811,1335.8269093247393,1374.4087286630092,1532116
2020-05-05,1328.04150390625,1381.4549411906241,1315.0823331466465,1378.6955310362143,652241
2020-05-06,1286.7989501953125,1339.27610439627,1243.4375457851315,1330.4067262214603,1621448
2020-05-07,1252.7010498046875,1315.6243318015365,1247.1330276365877,1275.1700673371752,935845
2020-05-08,1295.717529296875,1308.2331580947896,1257.6776591201494,1261.7182494819822,1250585
2020-05-11,1285.271240234375,1322.2763005280976,1263.7877101392723,1300.8419725709625,717988
2020-05-12,1282.21630859375,1300.8420252882856,1262.3587339207215,1277.2888766797792,663107
2020-05-13,1265.9066162109375,1314.6388710708338,1239.7419039033798,1314.6388710708338,1508002
2020-05-14,1275.6136474609375,1290.987211569519,1247.428759878765,1270.587690773333,907116
2020-05-15,1335.6298828125,1357.1134160316083,1271.4254141794283,1280.1469455222184,1984090
2020-05-18,1247.6749267578125,1345.0902194339233,1237.7707417319916,1335.3338814067265,860662
2020-05-19,1255.756103515625,1283.1033523855945,1248.6113267838311,1271.2775150364184,960164
2020-05-20,1269.75,1280.0976079826569,1251.6663472519422,1256.396730449185,531853
2020-05-21,1261.71826171875,1290.9871591151139,1253.735725793714,1273.2484042570434,608962
2020-05-22,1261.4228515625,1277.1906372070312,1234.469817036111,1251.567985534668,775343
2020-05-26,1302.56689453125,1319.3694889353785,1267.434273694489,1271.277695438103,1145344
2020-05-27,1318.1865234375,1339.7686986561587,1298.871014953157,1303.0100095217208,1386447
2020-05-28,1317.6446533203125,1334.3485998593642,1297.8856026697065,1320.551790111926,523206
2020-05-29,1337.255859375,1347.7513146700849,1295.8654263341605,1303.7986407864462,870048
2020-06-01,1353.3682861328125,1377.7097478647697,1337.8468780291857,1352.0871059159256,868868
2020-06-02,1340.90234375,1374.6059367824928,1330.8996308688556,1358.9859984954844,608623
2020-06-03,1330.2095947265625,1386.579368851832,1320.6011022984849,1350.1163719452807,738592
2020-06-04,1344.449951171875,1347.8991539053195,1316.609957680502,1335.334201090629,762916
2020-06-05,1339.325439453125,1360.7597702441242,1332.0820176365637,1349.722249565666,548928
2020-06-08,1344.2528076171875,1387.5648879240557,1332.4269705041984,1348.736698676681,746452
2020-06-09,1344.745361328125,1371.7969117925168,1333.0672525858236,1350.066891040149,517243
2020-06-10,1335.9747314453125,1358.3945482070299,1312.6679528179093,1345.1890057030378,710311
2020-06-11,1327.9921875,1370.8115215601229,1319.5662310345108,1339.2759581597463,677212
2020-06-12,1383.2286376953125,1389.5357744903135,1283.3002962360706,1286.059706177205,1340007
2020-06-15,1390.2257080078125,1408.2601584361432,1351.1019434681261,1374.5565694537688,1375760
2020-06-16,1352.8262939453125,1419.1002464259698,1335.6296064396674,1419.1002464259698,1021337
2020-06-17,1332.72265625,1366.5248916246983,1327.1054312687334,1355.0439497362943,481888
2020-06-18,1327.8936767578125,1348.6382147720078,1316.8069541299828,1335.2848251763658,591592
2020-06-19,1350.8060302734375,1363.9130462506414,1330.5543588829203,1337.3049160130927,894818
2020-06-22,1378.0057373046875,1388.3040224842282,1351.7424996164207,1359.9712873314888,758430
2020-06-23,1395.5472412109375,1401.361634923299,1374.1622348452734,1387.5648255780627,630401
2020-06-24,1391.3096923828125,1419.1003596396374,1380.666391566064,1403.3325778658639,681132
2020-06-25,1416.636962890625,1423.0426256793478,1385.1013922384511,1391.31000583006,872300
2020-06-26,1368.0030517578125,1458.5199589332312,1356.3250612814873,1431.9118245472873,3862478
2020-06-29,1345.2381591796875,1385.1503554347255,1339.5222903619856,1360.956617980432,911358
2020-06-30,1330.2589111328125,1364.3567195416263,1324.49383924049,1357.014893328984,759369
2020-07-01,1300.497314453125,1333.9053316506836,1291.9728319673713,1330.4068063737234,1066663
2020-07-02,1342.7744140625,1348.0467417387085,1307.0012130431705,1310.6967866898524,1095777
2020-07-03,1359.774169921875,1380.6664332839496,1346.1744096116167,1352.0873279554453,1034372
2020-07-06,1389.585205078125,1392.3444949353839,1361.5480436358139,1364.7016724280727,684284
2020-07-07,1398.651611328125,1405.3036447094637,1374.7535654766493,1387.564889025894,750569
2020-07-08,1373.620361328125,1410.2312095921511,1367.0668519128485,1406.2892635136266,931697
2020-07-09,1383.623046875,1397.4198578837252,1370.171132081764,1384.6085333756232,534658
2020-07-10,1382.0953369140625,1418.3119616778556,1376.4781126211715,1379.6809433825954,722285
2020-07-13,1410.6748046875,1421.958698910527,1386.136283556006,1394.414275104689,769099
2020-07-14,1420.8250732421875,1433.8827685572276,1398.0110381225975,1405.2543393885715,846728
2020-07-15,1443.98388671875,1448.5170999078941,1419.1988807440089,1429.0537443285082,821199
2020-07-16,1415.7496337890625,1470.296277947304,1406.8310547058593,1448.6155787459443,1040680
2020-07-17,1477.44091796875,1485.1277587345985,1415.8480281738512,1415.8480281738512,1195304
2020-07-20,1463.5457763671875,1495.6234056622475,1443.9838960847987,1485.916389028279,1032717
2020-07-21,1478.328369140625,1497.93957580464,1473.3024117289058,1479.1168065105096,731642
2020-07-22,1459.653076171875,1485.1771957315182,1446.940278677828,1478.2294691072652,477423
2020-07-23,1509.0755615234375,1512.721813540852,1456.9433003716485,1463.447487366883,1015614
2020-07-24,1490.104736328125,1526.8633063037585,1474.336954170565,1514.643251071923,1481040
2020-07-27,1486.45849609375,1509.4203790125412,1470.3951387781217,1496.9539510810712,442729
2020-07-28,1575.9898681640625,1585.9433774560391,1489.0700121963453,1496.3626359187153,1886396
2020-07-29,1617.478759765625,1625.4611749701019,1558.0538860126749,1575.989689079456,1522653
2020-07-30,1691.2427978515625,1702.920789623451,1607.4764395656866,1613.734255213195,2000500
2020-07-31,1650.2955322265625,1692.1295028676766,1619.6469286734246,1692.1295028676766,885944
2020-08-03,1551.50048828125,1678.4311845980656,1544.355711888153,1645.762286409903,2067390
2020-08-04,1629.9453125,1642.8552816033382,1545.2921202615044,1547.213770774538,2098343
2020-08-05,1651.921630859375,1690.109230081329,1633.9365034838738,1642.7073567842565,1857434
2020-08-06,1668.8720703125,1714.7465151445906,1630.191725071451,1663.9939602423226,1406163
2020-08-07,1717.899658203125,1727.5574719960248,1675.8687640366413,1675.8687640366413,1570379
2020-08-10,1759.2412109375,1771.904688124938,1728.5432830762743,1733.421393024792,1082244
2020-08-11,1725.34033203125,1771.8552424563486,1713.268123510683,1764.0206736175567,697840
2020-08-12,1682.2252197265625,1728.1981825679193,1678.3817988555109,1725.340248058746,804252
2020-08-13,1700.0626220703125,1752.0963538693604,1686.6600306368114,1699.9640974867075,1005174
2020-08-14,1682.5701904296875,1724.6012096854627,1663.0083093395533,1709.8189136024446,765898
2020-08-17,1679.6632080078125,1702.1815503839048,1661.530232419895,1690.1093408067138,479355
2020-08-18,1672.518310546875,1691.883142861307,1654.4346587046257,1679.6630871293996,639935
2020-08-19,1660.544677734375,1693.3121023840295,1657.588218367489,1685.1818391250927,606462
2020-08-20,1668.62548828125,1679.268789290572,1647.7332251724392,1654.6316298232807,455458
2020-08-21,1653.153564453125,1723.6158475281763,1641.47557376545,1690.1093073246554,1091774
2020-08-24,1666.01416015625,1675.3269589556953,1651.0840164328877,1670.892269946695,525574
2020-08-25,1640.2928466796875,1691.5874636803314,1634.577097542618,1666.4575596175011,682054
2020-08-26,1627.235107421875,1640.292802317056,1611.4673249069397,1640.292802317056,748724
2020-08-27,1626.052490234375,1655.567758528572,1614.4237030938539,1631.9654083806818,476278
2020-08-28,1637.8289794921875,1651.5765861550612,1623.6380723930772,1629.7973620363111,548801
2020-08-31,1610.8267822265625,1652.611307764994,1598.4588802555654,1645.762225663868,626908
2020-09-01,1646.599853515625,1670.3993730677314,1602.4993390939253,1611.2701917202012,1106516
2020-09-02,1673.9962158203125,1683.6047066039735,1645.76201115014,1663.2050693764181,1098000
2020-09-03,1674.2921142578125,1692.0801923551412,1663.9938292321817,1678.4312294235353,588865
2020-09-04,1625.9539794921875,1665.225587121645,1619.1540995063547,1660.5445268826584,456702
2020-09-07,1625.3134765625,1643.6928223368795,1596.882217433609,1629.994537052827,443358
2020-09-08,1627.6787109375,1661.4316216786158,1607.1805447621261,1635.8581762517845,710352
2020-09-09,1583.134521484375,1663.6488296102873,1577.566619766129,1612.2556916628964,1000765
2020-09-10,1585.5491943359375,1591.5606377003407,1562.0453662537752,1576.7783407557556,936677
2020-09-11,1588.4071044921875,1624.722256029516,1571.9002064935255,1590.575126557631,867578
2020-09-14,1600.1343994140625,1629.2062514817096,1567.0713991569937,1614.1283800461517,1094575
2020-09-15,1648.5711669921875,1673.8982437504112,1577.8133041996075,1577.8133041996075,2802668
2020-09-16,1664.3880615234375,1713.1696399795057,1653.695557780168,1668.3792093997517,2077987
2020-09-17,1754.1641845703125,1763.9364362680788,1661.6735533735525,1673.3705895822388,2006191
2020-09-18,1804.8515625,1847.7901416601412,1751.1537576013548,1754.1643213145264,3235148
2020-09-21,1807.9114990234375,1875.4780140146086,1787.5772725808845,1800.5082963365376,2220744
2020-09-22,1766.058837890625,1819.164410275266,1740.2463117763684,1819.164410275266,1384803
2020-09-23,1794.3389892578125,1811.168864669718,1737.433012935222,1768.871923412532,1421474
2020-09-24,1922.5130615234375,1948.5229563196183,1772.030555239238,1800.4589018880363,5742817
2020-09-25,2001.4805908203125,2020.5808300636663,1895.812160669121,1941.7614211970335,3665739
2020-09-28,2033.3143310546875,2069.9356057885475,1973.2991030025503,2008.7357929326151,2422864
2020-09-29,2058.2880859375,2087.6541285188014,2028.5273022047727,2033.3145628720977,2160713
2020-09-30,2120.326904296875,2140.0193775854805,2059.176491036595,2076.8453738191192,2025626
2020-10-01,2062.779052734375,2131.08588834992,2049.7000612527477,2123.238541658878,1224430
2020-10-05,2099.301513671875,2129.161097914769,2041.4085649158192,2067.9612888880115,1594662
2020-10-06,2098.364013671875,2128.026230071193,2076.6479504296008,2114.84843166239,903168
2020-10-07,2145.0537109375,2160.1560538332265,2069.935773638476,2092.3427555128255,1470503
2020-10-08,2219.628662109375,2227.772187005499,2159.6135441515435,2161.735699698278,1899346
2020-10-09,2247.7109375,2284.1345950177774,2207.48687321868,2215.926330724023,2181213
2020-10-12,2244.305419921875,2302.8895254631493,2202.205971413753,2202.205971413753,2053057
2020-10-13,2225.35302734375,2262.91198548617,2217.2095054766787,2252.794276499809,939023
2020-10-14,2198.948486328125,2244.6015678569797,2181.674347371261,2235.7671278455446,1405987
2020-10-15,2154.4306640625,2260.444424061486,2146.928656040931,2215.038116853264,2782519
2020-10-16,2182.02001953125,2190.360913070787,2146.928790414133,2181.4770698001075,1036072
2020-10-19,2183.55029296875,2212.077207413681,2157.836451262053,2195.5927891395954,760641
2020-10-20,2183.697998046875,2196.283442492619,2148.01465783775,2186.2151351339576,869774
2020-10-21,2121.7578125,2202.6500893703974,2108.13587185615,2196.2833834903468,1473524
2020-10-22,2074.57470703125,2142.7335727809623,2065.5428963945483,2121.7578324047813,1391948
2020-10-23,2048.2197265625,2079.856132464696,2026.1089208499495,2071.1202555482932,1124706
2020-10-26,2025.8123779296875,2083.754727897351,1998.0256671465381,2052.167730600944,1236009
2020-10-27,2091.3056640625,2119.289862744714,2008.3405230553888,2052.611644901511,1429726
2020-10-28,2052.4638671875,2104.5330570358624,2039.335473492256,2080.645438990565,958986
2020-10-29,2058.92919921875,2072.8964767016223,2034.399827848592,2051.081612622383,606805
2020-10-30,2092.095703125,2117.0692220386723,2051.1313144015567,2061.0022514433504,1071769
2020-11-02,2042.5927734375,2121.0173094082684,2038.3482228868293,2110.504859279309,637352
2020-11-03,2084.10009765625,2131.9247327467706,2053.055812203615,2058.090085787729,1528660
2020-11-04,2076.45068359375,2120.2775533851586,2061.051923402333,2085.7292692285105,725363
2020-11-05,2095.205078125,2111.9362672964776,2077.3385866620965,2104.5330649206326,466474
2020-11-06,2058.978759765625,2140.463397146232,2035.930265262945,2100.5355030977853,1290149
2020-11-09,2057.498046875,2082.274195562225,2002.9612395173556,2072.6994347073264,1534921
2020-11-10,2007.1563720703125,2063.025851903271,1960.3681061626296,2063.025851903271,2804380
2020-11-11,2167.016357421875,2180.243317257467,2023.542184664542,2036.374403396561,3735087
2020-11-12,2083.211669921875,2176.7387898687352,2066.9740281659706,2127.1867386330787,2435538
2020-11-13,2236.55712890625,2284.135000776341,2084.2485108639776,2093.6753046355607,4605948
2020-11-14,2255.16357421875,2293.5122616913195,2240.752150480001,2245.638216203035,325596
2020-11-17,2277.5703125,2311.3782653036783,2236.8033022351574,2254.521582586897,1832334
2020-11-18,2259.161376953125,2298.546561466332,2252.8440734621763,2261.5797083993625,1036844
2020-11-19,2269.377685546875,2383.831145124159,2247.6122225456356,2259.1611699576224,2584654
2020-11-20,2319.275390625,2367.6921424970133,2294.696613571928,2304.8637266024116,2144949
2020-11-23,2344.693115234375,2371.8381919675126,2298.447679022233,2343.3604423443335,1693126
2020-11-24,2283.493408203125,2392.122881896946,2267.206361433367,2351.8988118443617,2018323
2020-11-25,2212.571044921875,2324.6062060187446,2207.487607576367,2305.357874376551,1501778
2020-11-26,2274.609375,2288.08310708199,2215.03817613977,2227.3274440260348,1207176
2020-11-27,2317.597412109375,2344.347750202298,2268.3415284062658,2285.0727199413495,8998610
2020-12-01,2431.2119140625,2476.470259041308,2318.732629086494,2353.2315075619163,2001392
2020-12-02,2380.426025390625,2452.9774173682586,2344.7918439553946,2442.76090046941,1611325
2020-12-03,2359.054931640625,2468.7705314276272,2341.287246589093,2468.721128548998,1745381
2020-12-04,2403.227783203125,2413.44430025653,2369.0250800064096,2369.0250800064096,1219317
2020-12-07,2401.302978515625,2436.690386749246,2386.842151106119,2403.227763179154,778998
2020-12-08,2418.82373046875,2472.669740480339,2384.571626972207,2434.1730858381297,1412683
2020-12-09,2411.173828125,2487.476222349777,2401.599067054368,2472.817783929343,1650915
2020-12-10,2362.164794921875,2423.2658029000036,2339.4122353213393,2423.2658029000036,1121002
2020-12-11,2329.442626953125,2381.857405585471,2314.735025320319,2372.5788200035227,1654915
2020-12-14,2326.38232421875,2359.499363828977,2316.7087584100736,2345.1371032599905,800654
2020-12-15,2324.80322265625,2361.7206746252127,2304.8639764964887,2330.5284147786765,1060707
2020-12-16,2358.858154296875,2380.130075225187,2329.5415147875337,2338.4253595473165,948217
2020-12-17,2373.466796875,2391.7280302882614,2349.5297746981573,2364.0894067438658,1184865
2020-12-18,2356.93310546875,2396.6636289720973,2336.5988777891753,2373.9604726844705,1065060
2020-12-21,2305.30810546875,2402.5862450597183,2274.9549719290676,2354.2186501509564,1241568
2020-12-22,2377.267333984375,2393.7023485590194,2221.94803571396,2309.7993796404558,1249868
2020-12-23,2402.388671875,2429.1387662908323,2359.153920037878,2359.153920037878,1093766
2020-12-24,2381.90673828125,2421.1931196531045,2374.2567613441183,2403.5733989568644,543157
2020-12-28,2357.9697265625,2398.094993288489,2344.8413307748715,2394.196020961672,784636
2020-12-29,2345.82763671875,2384.4230878782005,2340.398622621568,2371.9856137324455,585199
2020-12-30,2365.421875,2372.9730447406896,2320.854453796375,2352.0961112296177,569168
2020-12-31,2381.65966796875,2396.6634436354207,2354.2184155973964,2359.2526897373077,855723
2021-01-01,2383.683349609375,2398.63772296781,2364.089443007368,2374.4539269955008,423934
2021-01-04,2378.1552734375,2397.6503721820845,2367.2972437569715,2386.8911482581484,527018
2021-01-05,2477.062255859375,2483.3798001805967,2355.008215334132,2373.9603663184485,1720467
2021-01-06,2469.8564453125,2506.0829774846534,2448.9795096131197,2489.4503519727077,1108589
2021-01-07,2476.173828125,2530.9081229128387,2467.734129205186,2469.856284160438,1014690
2021-01-08,2520.544189453125,2545.7150830623104,2483.2319930815665,2501.1970532635128,862326
2021-01-11,2517.632080078125,2558.399101249207,2491.918239000032,2531.648763507757,422296
2021-01-12,2484.76123046875,2551.6368182587025,2475.8279856730505,2525.972386044108,500012
2021-01-13,2447.20263671875,2504.997020670908,2406.287651321252,2495.372857159317,662618
2021-01-14,2479.579345703125,2496.261132644193,2443.05687922581,2449.8677292811167,603193
2021-01-15,2558.892333984375,2579.9666389334693,2477.703880827334,2487.4760116199764,1941813
2021-01-18,2575.57421875,2596.895538917067,2514.177039236427,2565.9500552421673,1572820
2021-01-19,2611.3564453125,2624.682210578695,2546.701806428369,2584.70491478011,1202289
2021-01-20,2641.265869140625,2648.224929236934,2609.135914943846,2611.110102716432,1064146
2021-01-21,2551.6865234375,2650.346486922202,2541.173831325742,2640.47555028562,994932
2021-01-22,2564.37060546875,2617.772470589695,2533.968312553789,2556.6220645821118,1194708
2021-01-25,2652.222412109375,2673.0501890774667,2577.1541163932648,2577.1541163932648,1764152
2021-01-27,2566.83837890625,2714.162114654151,2553.858193056995,2663.1788210910318,1665899
2021-01-28,2588.5546875,2664.6597159574912,2547.2449565195193,2560.5213199458167,1410605
2021-01-29,2528.193603515625,2641.956146338534,2518.0758936333273,2588.7518951582174,921579
2021-02-01,2629.124267578125,2642.0058895293555,2495.471866947503,2556.5728751745237,879244
2021-02-02,2670.236572265625,2709.5723547588177,2643.4370732401144,2644.91771387113,607131
2021-02-03,2685.585693359375,2771.9069863968543,2669.101277307664,2679.8605018891108,1286454
2021-02-04,2696.394287109375,2712.4345590080297,2651.3335581407114,2694.7656789739917,455213
2021-02-05,2703.254638671875,2747.0814982670527,2652.9620267868368,2704.636473320778,941316
2021-02-08,2695.012451171875,2744.120360500984,2689.8302094838787,2705.623707961582,564043
2021-02-09,2753.300048828125,2799.9896212901353,2702.7609079706376,2711.0523972791884,1052950
2021-02-10,2720.923583984375,2791.5007783449346,2710.2135217310015,2777.533499912798,745906
2021-02-11,2720.923583984375,2743.6267374150448,2694.765602857734,2724.3784116803463,581642
2021-02-12,2712.632568359375,2753.991702186294,2690.916504757906,2732.2756385848247,693562
2021-02-15,3050.761474609375,3086.6424320235033,2724.823137436622,2741.1595886566256,4446974
2021-02-16,3161.41455078125,3211.558962160731,3007.674697129176,3049.132635192657,4381584
2021-02-17,3193.248291015625,3241.615884913543,3135.996853340538,3135.996853340538,2081001
2021-02-18,3066.653076171875,3196.0117420996917,3054.067632630814,3183.8704424856787,1477343
2021-02-19,2882.264404296875,3069.121303076935,2858.623556713292,3050.2185537852906,2037556
2021-02-22,2891.740478515625,2929.5953783834866,2829.898911874266,2880.7836417410167,1246303
2021-02-23,2958.0732421875,3013.103719622038,2899.5879365732144,2907.18851037072,1465930
2021-02-24,3020.161376953125,3079.73258276237,2961.3307324659663,2976.087736227098,1088420
2021-02-25,3051.4521484375,3099.4247567604584,3018.4336720024403,3060.9775060672855,819639
2021-02-26,3019.174072265625,3132.9860249464755,2981.6645113779336,3030.377682242424,2103433
2021-03-01,3041.383544921875,3058.0161695478505,2968.733595881483,2999.8270462819855,678218
2021-03-02,3047.454345703125,3111.319258166153,3027.8110370111317,3065.419402358816,944553
2021-03-03,3017.54541015625,3079.2387657776976,3010.043401716814,3074.895649937816,536623
2021-03-04,3002.837890625,3041.5319161043867,2978.061741951048,3018.5325843176347,687383
2021-03-05,2842.33642578125,2978.8021354059274,2832.959035246462,2961.2812215119816,1486110
2021-03-08,2829.602783203125,2897.959019183521,2810.00887764898,2863.558708723875,952087
2021-03-09,2848.85107421875,2889.173705150426,2790.2175669269604,2833.4523169123017,883183
2021-03-10,2866.61865234375,2887.199409541053,2843.5699201290877,2872.442408253283,432551
2021-03-12,2937.9365234375,2991.8810994550954,2889.7168982694793,2893.270532097895,1512021
2021-03-15,2957.925048828125,2985.958413237528,2877.378107301618,2959.3068835987137,918701
2021-03-16,3033.585693359375,3040.2485757900836,2952.199866533318,2963.2552677018934,1081398
2021-03-17,2958.714599609375,3042.519000455548,2931.668328263021,3040.248636717207,740599
2021-03-18,2920.513916015625,3025.442018560365,2884.2876274823448,2986.9453664481775,789785
2021-03-19,2896.725341796875,2944.352614028388,2849.986357521995,2915.8748636661094,2288304
2021-03-22,2867.606201171875,2906.250825784564,2837.8945823658387,2875.4041455414567,488626
2021-03-23,2908.71875,2929.4971233654983,2859.4628641697004,2880.240996545494,630061
2021-03-24,2881.9189453125,2938.4300612532033,2866.5695896407137,2919.6752804169873,627981
2021-03-25,2773.091796875,2954.371459424435,2751.5237030222565,2889.2232748865094,1001626
2021-03-26,2814.895263671875,2867.5074099596054,2782.617345499528,2803.3463147281514,918204
2021-03-30,2887.841552734375,2932.556706528673,2837.8945129112635,2865.0395908608493,1420415
2021-03-31,2865.1875,2890.1610194014274,2844.8535138905686,2863.5588917521654,665173
2021-04-01,2856.698486328125,2876.34155398222,2806.702047305655,2849.0979132604953,842489
2021-04-05,2881.81982421875,2976.087264949317,2848.7521879415353,2884.287558269288,1241115
2021-04-06,2945.043701171875,2976.087752414546,2889.4208701661937,2901.0686249904975,1015604
2021-04-07,3057.819091796875,3074.7970562369073,2960.04740686691,2960.2941803064155,1240450
2021-04-08,3074.402099609375,3103.619928204785,3049.5271458592556,3094.3413439257006,800699
2021-04-09,3091.72509765625,3123.3120925989147,3065.813890867345,3106.877080688668,934037
2021-04-12,2965.969970703125,3078.745432606056,2940.601709308893,3078.745432606056,961549
2021-04-13,2942.27978515625,3022.3823490188415,2912.913745197046,2993.2139206074194,544916
2021-04-15,2954.865234375,2999.7285985379576,2864.84232971675,2997.8038138623265,692875
2021-04-16,3021.493896484375,3033.3390212010727,2955.3586168161446,2961.0344057428956,622872
2021-04-19,3116.649658203125,3201.292945862865,2966.85818412306,2998.7907628022276,3552506
2021-04-20,3227.45068359375,3266.292915445273,3140.6852474215766,3168.5706432696666,2575420
2021-04-22,3187.276611328125,3291.0696733561513,3175.727661580463,3226.809767878323,1307224
2021-04-23,3158.749267578125,3256.4221417587996,3130.0741471710076,3215.9512997423976,1030125
2021-04-26,3133.676513671875,3211.01539147633,3111.318940649675,3188.65781845413,557667
2021-04-27,3149.865478515625,3163.6353877777515,3117.044612168165,3158.6999191540735,505348
2021-04-28,3157.95947265625,3207.0673834993063,3141.5244591920796,3168.5707297730914,575824
2021-04-29,3197.09765625,3217.925429505551,3157.9594878360845,3157.9594878360845,589707
2021-04-30,3156.232421875,3267.280474247459,3141.7221912296045,3213.977409108679,906562
2021-05-03,3162.9443359375,3180.2184753861916,3099.4741639366594,3167.3862575100206,728281
2021-05-04,3140.191650390625,3201.391456229279,3125.5332134027612,3191.4217140435703,581864
2021-05-05,3289.884521484375,3313.6735762321046,3135.157582826531,3158.5024936038,1679977
2021-05-06,3303.95068359375,3342.2005656500064,3258.100228010703,3314.5127793016736,1124908
2021-05-07,3268.119384765625,3353.1574135318874,3259.383508826109,3303.950694508825,774478
2021-05-10,3280.802978515625,3299.4591923108733,3219.50461001891,3272.215312319233,627199
2021-05-11,3216.1484375,3272.2154042381203,3203.365623108223,3272.2154042381203,670759
2021-05-12,3155.491943359375,3232.6332234782535,3144.4859444495614,3232.6332234782535,703372
2021-05-14,3100.412353515625,3170.298645697495,3055.40101893336,3158.700293058919,842794
2021-05-17,3111.66455078125,3148.7791248845915,3074.895314837952,3106.3835037197105,847722
2021-05-18,3122.6708984375,3147.2988378849,3099.4741966473052,3133.0353822160973,639445
2021-05-19,3188.016357421875,3194.3339014632897,3120.8939882909503,3139.1552210692166,711069
2021-05-20,3178.392333984375,3230.5109299172827,3172.519174625055,3204.007367485731,752076
2021-05-21,3205.83349609375,3217.3330410586686,3183.377114895649,3204.5008232311825,471439
2021-05-24,3219.011474609375,3242.6029184727104,3198.331668075772,3206.0804502889996,611909
2021-05-25,3158.3544921875,3224.835354148701,3129.728772790404,3224.0950338194657,622276
2021-05-26,3142.511474609375,3178.4415874630927,3137.0824594755095,3163.6351825525503,260821
2021-05-27,3157.71240234375,3181.9950011146184,3112.8984496410135,3145.373732437749,1084157
2021-05-28,3108.703369140625,3165.6092195825995,3099.473947455367,3157.712470671885,555829
2021-05-31,3127.85302734375,3145.176569231586,3084.6676798261833,3104.409552977071,635444
2021-06-01,3197.986328125,3207.067542281323,3120.0553260111137,3148.829011965965,706976
2021-06-02,3231.35009765625,3258.3963691839294,3178.4417778770835,3202.4282034670728,843219
2021-06-03,3381.437255859375,3390.6666778558074,3224.8843480200035,3228.783319728194,1098294
2021-06-04,3336.52490234375,3384.398950075026,3331.4414658362016,3381.141733433515,380548
2021-06-07,3272.511962890625,3336.524848088332,3265.306130305979,3336.524848088332,526855
2021-06-08,3246.994873046875,3269.7474278749974,3213.581900528638,3256.4216647727144,766456
2021-06-09,3263.23291015625,3288.601410600482,3209.041563356706,3247.5382169927907,587528
2021-06-10,3282.77783203125,3301.8287907407885,3254.497690802399,3279.5697771523537,749909
2021-06-11,3293.487548828125,3302.8155361402096,3259.0872368212313,3299.2127405136907,277612
2021-06-14,3306.9609375,3316.6345029983418,3242.6024828421287,3301.8280989670993,317756
2021-06-15,3255.73095703125,3313.623901839364,3252.4734998653203,3311.699117465296,461588
2021-06-16,3251.68408203125,3282.0866167846643,3235.693211975979,3267.2802109946583,419575
2021-06-17,3198.776123046875,3240.579399032175,3183.5747346061135,3214.9643642542455,356502
2021-06-18,3179.92236328125,3211.0158149166245,3121.733237704412,3193.248128267839,520516
2021-06-21,3196.20947265625,3210.0287847677964,3139.9451304878107,3153.764442599357,200280
2021-06-22,3216.1484375,3260.3208777231243,3188.4112509145816,3196.209194245259,567861
2021-06-23,3202.92138671875,3232.682162597422,3170.5446681856733,3232.682162597422,504942
2021-06-24,3161.90771484375,3239.2957601301623,3101.2014557434954,3188.2136640579965,1754163
2021-06-25,3394.614990234375,3420.2794245891564,3180.6624461421097,3211.262348642041,3717669
2021-06-28,3409.569580078125,3444.9569853348107,3358.290110972866,3403.351082609802,1213113
2021-06-29,3544.801513671875,3558.4234551961645,3375.860520009382,3375.860520009382,2268589
2021-06-30,3573.131103515625,3612.614850158384,3536.361864454556,3570.317790171463,1291906
2021-07-01,3630.974365234375,3649.2355966357795,3548.601453408129,3573.130825497226,876022
2021-07-02,3685.0185546875,3696.567504039587,3619.672992816058,3653.2341822776743,573795
2021-07-05,3670.113037109375,3714.384043208404,3654.9116501372146,3711.4721651065856,444545
2021-07-06,3658.415771484375,3702.341438082973,3648.298061762226,3669.9153158946624,344090
2021-07-07,3667.6455078125,3709.30081443257,3649.8778209233033,3667.0531551869894,466002
2021-07-08,3624.015625,3671.9884740405905,3609.801572464097,3652.246600524243,459811
2021-07-09,3677.812255859375,3695.6787479115455,3625.595096442069,3625.595096442069,469932
2021-07-12,3699.034912109375,3739.900736735235,3681.958383535066,3696.6659835758514,464757
2021-07-13,3701.897705078125,3721.2940006929434,3672.975810268827,3719.369216095926,246112
2021-07-14,3706.33935546875,3726.278599378751,3661.0316114811803,3705.5496323358493,395272
2021-07-15,3713.792236328125,3748.982031831885,3702.144481975471,3726.13090810219,399845
2021-07-16,3730.326171875,3738.1241162815063,3694.0996376342027,3713.7923511864033,226565
2021-07-19,3833.624755859375,3869.357495858963,3716.4073912611643,3730.3255073693163,1044561
2021-07-20,3832.835205078125,3857.561948982817,3768.0326039430975,3839.794263445025,357815
2021-07-22,3933.86474609375,3952.323350908297,3839.7946640942246,3839.7946640942246,760359
2021-07-23,3868.321533203125,3948.1281578985404,3862.497776575283,3933.8647016570403,335985
2021-07-26,4047.4296875,4105.1250241980015,3879.2781818720937,3886.187837666777,1982531
2021-07-27,4025.61474609375,4135.576884164835,3998.1734939624125,4067.7141945813264,859687
2021-07-28,3976.408203125,4047.0842091241107,3934.061979381498,4047.0842091241107,455244
2021-07-29,3986.625,4002.2211299063874,3941.6628301678925,3987.8588672237697,449417
2021-07-30,3982.923095703125,4033.709018576795,3955.7780188426946,3978.974720887062,627367
2021-08-02,3995.903564453125,4040.1254137221786,3982.972780608734,4007.2551428530764,344295
2021-08-03,4039.87841796875,4170.470965268465,4011.5982792983627,4037.805665751417,981680
2021-08-04,4013.91796875,4075.3153934058246,4000.3454295517517,4057.7448352924675,305863
2021-08-05,4021.173095703125,4058.6334956705514,3983.9103072740872,4032.080529653137,270458
2021-08-06,4035.28857421875,4124.126768997192,4020.6301359211375,4037.0159882475746,717143
2021-08-09,3952.027099609375,4057.942304527276,3938.503963771304,4055.968117076764,431991
2021-08-10,4010.36474609375,4034.054997336612,3948.375207143655,3972.065458386517,364246
2021-08-11,3974.385009765625,4030.451741875935,3864.472024499255,4012.5360867406057,831738
2021-08-12,4079.7568359375,4089.479804725632,3924.0428136146206,3975.0261039254237,556973
2021-08-13,4011.64794921875,4092.2440603923187,3986.0820755857585,4091.4545781558368,553736
2021-08-16,4289.02099609375,4318.041454909754,4071.9095407560267,4092.490541103176,3709012
2021-08-17,4856.994140625,4909.803649114673,4276.336320642751,4288.921764254776,8069431
2021-08-18,4728.9892578125,4901.934912013204,4703.457221507821,4790.325271663115,2941548
2021-08-20,4688.0986328125,4873.983195825157,4639.4054174004295,4660.93699531069,2331020
2021-08-23,4684.888671875,4780.102462094805,4662.1224738315905,4721.186496929848,699991
2021-08-24,4781.18896484375,4828.796100500712,4692.19746711191,4760.694274760496,1576663
2021-08-25,4712.939453125,4819.956409616982,4691.555931491938,4805.140969833323,469002
2021-08-26,4642.56591796875,4721.18661155306,4589.230337001414,4717.680483861794,800419
2021-08-27,4706.47021484375,4772.546979508502,4618.812196542554,4659.06080776254,937887
2021-08-30,4699.0126953125,4768.596068214768,4663.505315113102,4731.261354044905,632354
2021-08-31,4908.40380859375,4983.913350622217,4707.457373585184,4707.457373585184,2883159
2021-09-01,4977.048828125,5009.395868824909,4884.452337571826,4923.664057680766,841956
2021-09-02,4981.4443359375,5058.978465088108,4951.319610598728,4977.048896216419,900686
2021-09-03,4952.85009765625,5010.877229616392,4905.885352272752,4991.81489236692,567961
2021-09-06,4934.03515625,4977.987626363728,4910.824301246122,4967.122970829997,439776
2021-09-07,4817.0419921875,4961.1963985896155,4800.201970365425,4958.6282928503815,479021
2021-09-08,4752.19921875,4841.141510095569,4733.136883749892,4839.70915835367,642506
2021-09-09,4661.4794921875,4760.69372761529,4627.354795410298,4756.446828609948,838279
2021-09-13,4687.45654296875,4736.989394414384,4623.750159328273,4676.739946320289,1151299
2021-09-14,4674.22216796875,4714.273048200908,4638.912035667643,4714.273048200908,528943
2021-09-15,4733.08837890625,4759.904710870131,4628.886451896609,4691.555955410358,659281
2021-09-16,4820.69677734375,4829.832964444181,4733.087957860529,4759.706555348979,779552
2021-09-17,4847.8583984375,4884.650070691724,4804.597510951284,4815.017509781044,814867
2021-09-20,4818.0791015625,4891.612766387677,4722.865320463944,4804.152493971932,434640
2021-09-21,4831.4130859375,4858.426663719827,4731.211149675667,4798.226409131486,462221
2021-09-22,4844.54931640625,4948.356247514369,4809.979961383695,4864.402099602448,562041
2021-09-23,5021.6435546875,5070.8306162953895,4844.648261185993,4870.723335800698,696944
2021-09-24,4673.57861328125,5134.042570391527,4653.577774102637,5092.658214422296,1949974
2021-09-27,4509.37451171875,4712.296813260314,4409.1730589521285,4690.36977288621,1885178
2021-09-28,4356.77587890625,4572.933226654124,4322.157329947541,4523.6472968829385,1051440
2021-09-29,4369.072265625,4451.643728962507,4345.861414886402,4365.615330408613,571896
2021-09-30,4426.45849609375,4445.273912010045,4329.713479852385,4390.308725989743,808446
2021-10-01,4404.53125,4464.385721391929,4380.431565126815,4426.458293133902,534563
2021-10-04,4492.28857421875,4508.8324831107775,4386.210114553815,4405.025531458945,535335
2021-10-05,4427.24755859375,4520.535619836864,4414.061723205721,4514.7575029507225,425555
2021-10-06,4324.87353515625,4453.52092949347,4302.403452843991,4439.693186532079,480575
2021-10-07,4373.8134765625,4413.02519594432,4327.095654304402,4355.738834851041,276775
2021-10-08,4325.36767578125,4404.136431194518,4311.885721936362,4404.136431194518,269607
2021-10-11,4323.29345703125,4368.530223269456,4306.354567058174,4346.948969179396,331320
2021-10-12,4297.76123046875,4352.825280144325,4240.474864886986,4295.489722674012,612692
2021-10-13,4323.63916015625,4354.751583581703,4286.600560840234,4331.046880019453,302343
2021-10-14,4275.14306640625,4375.246147695041,4259.290739270353,4349.763785017629,436160
2021-10-18,4277.11767578125,4394.25849082708,4268.475337773892,4394.25849082708,345049
2021-10-19,4248.1298828125,4333.664456791869,4174.645393495413,4298.453189230918,285362
2021-10-20,4095.7275390625,4264.228538191325,4084.1221134680018,4248.128807364316,510321
2021-10-21,4083.973876953125,4182.792644039656,4025.1071136743426,4135.482113969566,698306
2021-10-22,3978.833984375,4137.9026951265805,3953.1046996243344,4104.370227109453,347114
2021-10-25,4112.76513671875,4198.595801642775,3906.3367232763344,3995.624323353701,1151030
2021-10-26,4215.4365234375,4255.487395606928,4084.6652124294646,4112.765351121561,790450
2021-10-27,4223.9306640625,4271.88358887005,4163.286232891387,4226.152979814259,623848
2021-10-28,4236.72216796875,4260.920720973817,4173.015773322758,4225.165931379396,537955
2021-10-29,4209.609375,4295.489731663833,4109.852083002288,4236.721822021616,705546
2021-11-01,4283.2421875,4296.477216263235,4205.609192379047,4228.523930441809,239375
2021-11-02,4237.11669921875,4340.923638542794,4218.004686403249,4286.600362065011,389193
2021-11-03,4383.98779296875,4395.198239613916,4247.142215596737,4263.8838565879305,667752
2021-11-04,4383.93798828125,4422.902789282905,4365.468362022365,4393.271908604368,69818
2021-11-08,4351.1455078125,4419.938419382416,4324.131932973456,4383.986391040314,285968
2021-11-09,4477.126953125,4499.49817032669,4365.616174886321,4399.197837770062,547476
2021-11-10,4496.8310546875,4527.597683327869,4424.877317039453,4466.459407924339,359967
2021-11-11,4511.0537109375,4669.924679230649,4471.3481462662285,4489.176345090507,1110123
2021-11-12,4612.04541015625,4630.317781949352,4514.905434466363,4556.141732972418,423439
2021-11-15,5018.43359375,5084.213753792992,4741.730206082132,4741.730206082132,3044498
2021-11-16,5034.13720703125,5140.956406516011,4977.986606885821,5017.494437099201,1118231
2021-11-17,5663.39892578125,5772.4896452411085,5012.704597366308,5017.495018789709,6482125
2021-11-18,5519.837890625,5771.897617199148,5477.910003058195,5663.399598821921,2165157
2021-11-22,5352.81787109375,5570.604814645032,5247.628258902315,5528.133891412809,1204625
2021-11-23,5387.14013671875,5471.835056592909,5284.172843460661,5308.371391996136,763056
2021-11-24,5330.79248046875,5414.005859670351,5239.825592032264,5398.745765174471,697909
2021-11-25,5630.9033203125,5679.251225831317,5259.5296749364,5333.557672954628,1575738
2021-11-26,5617.61962890625,5862.37049446469,5558.2098134689295,5638.756225959279,2613669
2021-11-29,5657.0283203125,5785.92263647152,5481.712296418049,5699.005396456242,1189390
2021-11-30,5617.7666015625,5758.217132609439,5560.332189137404,5684.189141926454,1352746
2021-12-01,5502.453125,5694.06610404326,5463.636874216546,5648.335982881956,835169
2021-12-02,5524.1337890625,5737.525288095487,5510.207180891154,5556.530020572076,1236317
2021-12-03,5365.55859375,5585.073986375357,5353.311262224671,5524.133444580826,844674
2021-12-06,5234.5908203125,5400.721472564467,5211.133041421973,5399.733776611182,489242
2021-12-07,5249.25732421875,5368.373532728438,5171.525955052651,5234.589945309547,595254
2021-12-08,5267.8759765625,5300.963788546159,5213.058855216439,5247.628211020261,557196
2021-12-09,5168.41455078125,5319.72974497736,5146.882974577984,5303.9266116837025,689987
2021-12-10,5180.76123046875,5262.838858100431,5166.143523722038,5200.2190330554495,416165
2021-12-13,5142.63623046875,5263.431241314855,5111.326078777327,5221.651899319414,480443
2021-12-14,5147.87060546875,5185.403046567716,5002.728512046434,5062.928765086878,1007056
2021-12-15,5128.66064453125,5205.059026178383,5106.437484649802,5165.650052443301,377883
2021-12-16,5140.265625,5177.501953669245,5079.720058702962,5165.600410878161,265216
2021-12-17,4727.80322265625,5136.017664504575,4671.800683289738,5136.017664504575,1133941
2021-12-20,4647.06005859375,4764.6450636163,4586.020162071445,4721.186443633067,994682
2021-12-21,4787.955078125,4810.079371386755,4637.2817686161725,4701.432814743523,1004676
2021-12-22,4716.791015625,4839.956888655859,4691.5555780042505,4839.907696769658,779992
2021-12-23,4817.5361328125,4838.722403606607,4727.6558023923735,4743.903593493067,582129
2021-12-24,4782.91796875,4845.587474022246,4764.398668406363,4819.956569437274,348742
2021-12-27,4780.49755859375,4800.202285576623,4696.494211505523,4794.621899950336,315490
2021-12-28,4784.5966796875,4833.783742680368,4751.015019031363,4795.06587042629,348173
2021-12-29,4915.36767578125,4929.886516629822,4773.534443372043,4805.140713222633,861183
2021-12-30,4909.58935546875,4948.010629215297,4879.217706787834,4938.430268426324,617460
2021-12-31,4951.71435546875,4994.580259575267,4892.057621649324,4918.725410016886,504012
2022-01-03,4929.0966796875,5005.64311645251,4917.590118228475,4976.456893795347,310798
2022-01-04,4903.51513671875,4967.02378985721,4860.550365286714,4953.294913371536,369814
2022-01-05,4912.05859375,5075.423397794242,4861.439179296737,4900.947014967576,966342
2022-01-06,4903.3671875,4976.012029277695,4844.648472331697,4908.848706929365,585391
2022-01-07,4960.06103515625,4996.852709532553,4896.9965518847375,4898.971943797559,549876
2022-01-10,5002.92626953125,5022.433262043612,4901.934371587502,4960.060367249894,542304
2022-01-11,4996.8017578125,5078.237461506848,4958.528549287091,4987.863304601689,742409
2022-01-12,4952.7021484375,5036.261316748804,4944.059809445236,5012.556615512882,360219
2022-01-13,4922.03466796875,4988.852201976092,4892.20605761736,4963.073241440718,457570
2022-01-14,4912.84912109375,4953.295465410617,4869.341304979928,4936.405767269284,207639
2022-01-17,4851.31494140625,4923.367544347775,4839.70951552718,4912.799006169835,337077
2022-01-18,4559.00537109375,4849.486757113224,4449.56888639754,4839.708666669911,3507266
2022-01-19,4460.384765625,4558.215835667544,4345.861251774039,4558.215835667544,2404880
2022-01-20,4587.6494140625,4666.862812810445,4434.754291961672,4469.323646130638,2747887
2022-01-21,4633.92333984375,4675.505433392875,4488.929775663677,4592.736710470525,1008450
2022-01-24,4442.80419921875,4652.837635099578,4407.3460129984,4632.293753367134,737762
2022-01-25,4430.80322265625,4479.200315369169,4197.805887050146,4360.676823010999,917284
2022-01-27,4239.4384765625,4372.530522626173,4098.938709938698,4372.530522626173,1244330
2022-01-28,4423.49462890625,4508.831451936198,4281.908335598337,4292.526065742545,932049
2022-01-31,4402.50634765625,4527.597934985589,4304.427856951892,4527.597934985589,934551
2022-02-01,4456.53271484375,4476.484363241529,4389.320207456639,4423.691828953126,548762
2022-02-02,4608.884765625,4625.379478562524,4465.026967342827,4474.26201962166,676206
2022-02-03,4585.6748046875,4646.8627649142545,4546.166964611711,4610.515744953904,777217
2022-02-04,4630.22021484375,4735.014862169572,4545.130296618445,4582.909670518734,829635
2022-02-07,4420.08642578125,4666.417643058115,4395.29516663749,4629.72484334146,597040
2022-02-08,4345.3681640625,4473.9663646911295,4326.108093781963,4442.162363421092,628869
2022-02-09,4520.93115234375,4530.561187569126,4375.54211992923,4459.150965422622,842211
2022-02-10,4534.16552734375,4566.1175822203995,4472.385349332059,4519.745072528622,487802
2022-02-11,4459.34765625,4556.685366382801,4421.3710422293225,4553.27762297471,572726
2022-02-14,4431.14892578125,4620.440719870223,4348.5774646021,4423.988131591626,1094132
2022-02-15,4606.0205078125,4617.477875573403,4446.507635747237,4474.261984245459,791080
2022-02-16,4528.3876953125,4665.875149179897,4499.003744066077,4637.231969813635,584166
2022-02-17,4508.5361328125,4610.071088899124,4494.016808675097,4527.598472739922,520450
2022-02-18,4416.53173828125,4536.289875092169,4407.642474517966,4448.582665537129,388145
2022-02-21,4372.18359375,4469.274381966893,4336.626544322698,4415.987999707471,392246
2022-02-22,4519.74560546875,4548.882634358765,4247.092346680182,4273.760135833756,833525
2022-02-23,4554.06787109375,4676.739889618866,4534.017838077171,4538.462469440061,755051
2022-02-24,4328.03515625,4479.201852770944,4297.514960673629,4370.555280818397,814710
2022-02-25,4576.43994140625,4689.185336386875,4410.803139528854,4513.770441168195,1187316
2022-02-28,4743.70556640625,4766.620303668087,4514.955587050992,4558.2164735657325,1617666
2022-03-02,4801.4365234375,4843.611329779768,4721.383966493497,4767.60794006332,1194676
2022-03-03,4857.2900390625,4907.860255127906,4815.066045118705,4819.955332063631,930907
2022-03-04,4688.83935546875,4829.240231025212,4673.974725101512,4819.955986031387,738388
2022-03-07,4606.95947265625,4674.566967721129,4527.449952619326,4563.155062988683,643012
2022-03-08,4664.14697265625,4681.678574914633,4538.8576510480025,4602.662902764175,670238
2022-03-09,4652.98681640625,4755.657529602702,4636.245175748904,4720.199338496807,447387
2022-03-10,4711.0126953125,4759.705903742558,4686.616416945099,4746.470876912277,363906
2022-03-11,4794.37451171875,4803.1649083103375,4676.986763741831,4689.579885802485,436703
2022-03-14,4862.92138671875,4954.826309079844,4804.2026650309745,4829.833569829326,626924
2022-03-15,4753.7314453125,4937.492085054543,4642.170994150101,4889.0457913121945,686998
2022-03-16,4882.82275390625,4896.156648595371,4772.744334892319,4833.388766875569,477521
2022-03-17,4780.349609375,4936.504438053837,4765.5341698850425,4886.131943787981,852493
2022-03-21,4708.7412109375,4854.426352280862,4696.543070444924,4815.017383382316,509842
2022-03-22,4620.046875,4768.596255946804,4416.828424365979,4738.965376145975,1255679
2022-03-23,4551.5,4658.022606715229,4539.054936406461,4639.701042447895,896055
2022-03-24,4571.599609375,4627.355235160513,4502.510571375214,4543.351892797636,719101
2022-03-25,4625.57763671875,4705.383272614442,4565.525436570721,4612.5398579155,968364
2022-03-28,4601.2802734375,4661.924705997277,4543.450388409026,4654.813102519449,524802
2022-03-29,4556.9814453125,4639.700967619717,4542.462124308646,4628.243600015632,778391
2022-03-30,4558.0185546875,4635.948142028547,4523.3011424791675,4619.45342864489,4839707
2022-03-31,4460.53369140625,4577.674525302807,4445.47132845525,4568.093681860678,1225845
2022-04-01,4451.44677734375,4501.918136806509,4400.284320080545,4501.918136806509,827880
2022-04-04,4508.78271484375,4526.9065492853815,4443.64397554909,4500.930339314782,619577
2022-04-05,4498.21435546875,4548.339925769027,4486.26313781932,4548.339925769027,487075
2022-04-06,4456.23681640625,4552.290239223451,4442.804056195134,4510.807012916794,653418
2022-04-07,4480.68212890625,4527.301564951131,4434.754272851111,4475.249801845965,413722
2022-04-08,4549.4755859375,4571.550686788796,4458.4595009537925,4517.721257723227,685882
2022-04-11,4604.7861328125,4628.984681254109,4519.20238345226,4550.314802877185,652187
2022-04-12,4569.37744140625,4624.392297055029,4538.018095948861,4611.552250096099,574409
2022-04-13,4686.07421875,4705.383481563677,4572.0445290004745,4572.0445290004745,812061
2022-04-18,4498.4609375,4686.073964985734,4462.410037462949,4666.36923904243,579482
2022-04-19,4757.08935546875,4810.079145286061,4527.005397283335,4537.475070522416,1713344
2022-04-20,4722.125,4790.3252103430505,4673.1843778168895,4746.866589878083,777140
2022-04-21,4825.1416015625,4843.315110444034,4711.408510274503,4780.448360178599,771623
2022-04-22,4754.47216796875,4800.202297357254,4729.088189248258,4790.276146009737,381911
2022-04-25,4618.5146484375,4706.963094695159,4551.647933650733,4706.963094695159,421185
2022-04-26,4567.15478515625,4682.666007289927,4544.38858880847,4674.764440519558,548203
2022-04-27,4467.2998046875,4601.626460344057,4444.631988636082,4563.155508333043,476441
2022-04-28,4482.01611328125,4546.364407252927,4449.61939711775,4523.647400655747,552600
2022-04-29,4399.54345703125,4539.450488895105,4376.480660638427,4489.077996524859,465103
2022-05-02,4251.78369140625,4385.369554525524,4237.215177683445,4385.369554525524,568610
2022-05-04,3963.919677734375,4272.130206211797,3946.881924860432,4249.561260298019,1729814
2022-05-05,3900.510009765625,4004.2672720722194,3881.6449214535005,3992.2668632353816,1122769
2022-05-06,3780.2578125,3850.680333780376,3744.40440487453,3850.680333780376,891448
2022-05-09,3720.0087890625,3761.0967964673714,3693.6371139242824,3758.1831416020127,521295
2022-05-10,3641.535888671875,3736.1572033765046,3616.7448664584836,3723.613513772302,836241
2022-05-11,3634.375244140625,3688.9454444498638,3575.1134881486914,3664.2530461198917,524764
2022-05-12,3536.791015625,3605.0900917300837,3497.875651870607,3605.0900917300837,717916
2022-05-13,3504.1474609375,3667.215904630945,3486.5664261984534,3557.5816629006254,957908
2022-05-16,3641.3876953125,3662.2773662019263,3509.3328076577504,3536.9388585920015,600622
2022-05-17,3766.232421875,3785.7888483887746,3632.794854107636,3666.327080770427,843357
2022-05-18,3689.044189453125,3794.727650837726,3679.167230445218,3774.9737328219126,427461
2022-05-19,3587.114013671875,3672.105293995283,3565.187212944737,3565.187212944737,572640
2022-05-20,3622.868896484375,3649.53668825239,3541.877825188923,3649.53668825239,692428
2022-05-23,3671.216552734375,3718.329603113651,3620.8934903955283,3622.8688823706484,401917
2022-05-24,3586.965576171875,3693.982519136837,3569.0389927542674,3693.982519136837,471324
2022-05-25,3480.936767578125,3628.7453650629072,3443.256023672648,3605.3370200636164,370431
2022-05-26,3617.733154296875,3663.3646637577485,3320.1897180722804,3344.3388383617516,1730687
2022-05-27,3814.234375,3832.2598239140284,3529.0372038259857,3654.4745743510066,1733752
2022-05-30,3844.06298828125,3867.3727078455777,3773.4427318261664,3842.1370295143593,666686
2022-05-31,3930.33837890625,3950.586145040725,3791.814027669169,3807.5677291903603,1361696
2022-06-01,3791.764404296875,3940.6595551037917,3743.4167402058133,3891.0772711884606,794887
2022-06-02,3600.39892578125,3797.6912062626448,3579.1634612988973,3797.6912062626448,1891062
2022-06-03,3544.64306640625,3648.4991930237734,3502.715424006723,3643.610146584375,1305662
2022-06-06,3588.990478515625,3604.9911035781115,3498.517680398383,3536.050123917725,561188
2022-06-07,3564.890869140625,3588.9905527070823,3481.628056332068,3588.9905527070823,490554
2022-06-08,3591.4599609375,3600.151733514616,3513.234490016869,3555.7054158169044,342056
2022-06-09,3624.893310546875,3635.36274218687,3517.1850266671768,3580.200072002452,483671
2022-06-10,3654.968505859375,3669.2900957350566,3551.260441242368,3575.9528375797504,624657
2022-06-13,3606.96630859375,3632.794699255114,3547.8034247744813,3604.1020871386645,523342
2022-06-14,3660.5986328125,3711.613272631241,3578.1754551122667,3583.5583497405914,655865
2022-06-15,3676.895751953125,3709.8849421467507,3601.040652968574,3691.9581155474925,466405
2022-06-16,3618.57177734375,3728.5518058736625,3602.1267380188738,3698.9209305951963,678602
2022-06-17,3655.709228515625,3678.1793088800237,3512.345273766233,3555.705024696049,768620
2022-06-20,3764.80029296875,3777.9366962444665,3637.5850169044747,3654.474712707066,673219
2022-06-21,3761.34326171875,3821.3952172106,3747.3674619926187,3802.579563170945,596024
2022-06-22,3741.144775390625,3760.898691437833,3667.561438114775,3742.4288281610275,359601
2022-06-23,3803.123291015625,3809.5433147506205,3677.340114152984,3715.514707659254,646244
2022-06-24,3791.172119140625,3873.7435987819936,3715.71224340078,3853.989679359342,1024811
2022-06-27,3747.81201171875,3822.383050560433,3728.5519420841433,3801.6414371077794,708737
2022-06-28,3790.135009765625,3799.320388850949,3677.093019566878,3712.798371518546,463753
2022-06-29,3667.314697265625,3770.973328671477,3649.536171935493,3720.8477641990203,567477
2022-06-30,3638.177734375,3719.1687956533356,3611.4110798637043,3668.302458387064,534241
2022-07-01,3690.1796875,3698.9208920707797,3590.4718414537588,3634.720662969418,316894
2022-07-04,3723.71240234375,3736.2560920238384,3654.524256445917,3686.081092166791,300790
2022-07-05,3770.429931640625,3827.0743834448167,3714.7239837759744,3714.7239837759744,468762
2022-07-06,3835.717041015625,3841.692649458786,3736.9474506714605,3762.232562254245,390568
2022-07-07,3867.076171875,3881.644685644276,3820.654466983071,3846.13706810853,398354
2022-07-08,3887.71875,3897.447650142937,3861.8906011299755,3869.7921675773005,268377
2022-07-11,3884.85498046875,3919.325471649832,3847.1250445217033,3886.583448330142,199806
2022-07-12,3881.348388671875,4048.269230830513,3852.013869737366,3852.013869737366,1125104
2022-07-13,3820.70458984375,3910.2391382453347,3813.6918515966768,3902.535061006639,385514
2022-07-14,3850.087646484375,3930.337929923116,3832.309122153331,3878.681391556137,656393
2022-07-15,3883.32373046875,3895.472437667514,3827.3214239253593,3850.0878615259808,318645
2022-07-18,3898.534423828125,3921.9427674729855,3842.284951715332,3891.6205528110204,291155
2022-07-19,3970.735107421875,3983.3282304591685,3875.126093703553,3895.867708117919,412946
2022-07-20,4059.677490234375,4090.7407223914533,3980.4643191400723,4039.67664620366,753440
2022-07-21,4098.98681640625,4118.543482870401,4045.9478406047183,4061.405183625667,542974
2022-07-22,4074.541748046875,4118.296966260779,4039.6268422809735,4099.135762045313,378496
2022-07-25,4138.34716796875,4200.572012871654,4087.135036463027,4093.012020279889,1127478
2022-07-26,4059.627685546875,4137.408733925349,4037.7006447136923,4133.507142398924,363638
2022-07-27,4074.83837890625,4086.0488240388977,3972.51298526765,4061.405617956384,440198
2022-07-28,4138.93896484375,4154.248248689371,4084.121851719104,4097.9495919667625,364711
2022-07-29,4160.47119140625,4200.472874824995,4135.482678377472,4154.248900228242,333278
2022-08-01,4235.3388671875,4240.91925254403,4138.445803355921,4187.830598145371,311325
2022-08-02,4272.6728515625,4294.747947528981,4218.3992606949605,4257.956281675947,440869
2022-08-03,4257.0185546875,4332.775023728382,4227.43735161165,4272.723305440911,367949
2022-08-04,4341.71337890625,4354.751157499202,4256.969264872207,4269.760119493879,358472
2022-08-05,4320.2802734375,4367.590805564136,4281.661271397677,4341.712982825361,207510
2022-08-08,4372.875,4419.493951366313,4326.156700327873,4334.947578572379,445755
2022-08-10,4461.5703125,4569.031912755687,4342.997615955821,4384.28311050301,867000
2022-08-11,4375.14697265625,4496.485508364654,4363.640412071399,4483.744327925777,446510
2022-08-12,4259.685546875,4340.725803590845,4223.4865881345095,4296.526411503974,1412625
2022-08-16,4295.8837890625,4327.638110899872,4155.137144999826,4296.476502965847,596342
2022-08-17,4252.771484375,4316.280135789012,4233.116433053082,4295.489330673373,502434
2022-08-18,4225.68408203125,4296.943454604579,4209.194042090848,4273.569950969884,580509
2022-08-19,4095.644775390625,4268.073261134782,4080.442060799861,4249.800214294224,719126
2022-08-22,3986.2548828125,4093.3170589088068,3957.2363997856332,4093.3170589088068,723542
2022-08-23,4031.863037109375,4054.1470050832004,3949.561060470629,3986.156239517228,497236
2022-08-24,4170.32080078125,4179.481987602417,4038.7958216272523,4039.835788490582,956039
2022-08-25,4128.77294921875,4199.141050683731,4116.7895146034825,4174.529551980147,414795
2022-08-26,4174.77783203125,4195.081003979923,4116.294986269991,4166.607043320199,342452
2022-08-29,4210.6796875,4230.982858990945,4046.7687176584736,4060.6342981888747,914112
2022-08-30,4281.39453125,4295.8544492849505,4192.5560561953025,4210.680159339473,848217
2022-09-01,4236.08251953125,4287.385448014369,4203.250908517201,4256.732423375808,390072
2022-09-02,4270.94482421875,4355.772354179431,4242.866931629077,4268.419018032225,735146
2022-09-05,4241.43115234375,4267.231324942887,4192.357097217975,4240.886626573912,522750
2022-09-06,4373.10498046875,4379.542571313059,4250.543154779019,4257.624407989147,1078704
2022-09-07,4334.4794921875,4367.657845435137,4293.3779501046065,4337.153761856626,396347
2022-09-08,4372.412109375,4402.223207795775,4319.128851264888,4357.754401643088,562760
2022-09-09,4417.52490234375,4431.935009874332,4372.610224945338,4394.299859580352,476210
2022-09-12,4438.57080078125,4458.576563870226,4404.352236387312,4430.053275453441,331303
2022-09-13,4446.98828125,4476.601098880186,4423.416507431952,4476.601098880186,309270
2022-09-14,4385.08837890625,4436.985162209926,4363.0520128662565,4363.0520128662565,362669
2022-09-15,4300.16162109375,4416.335166226333,4286.493832282685,4407.025517484098,427750
2022-09-16,4238.65771484375,4321.40531089781,4216.1261503802425,4300.310017606534,458526
2022-09-19,4266.83544921875,4289.416343899953,4186.117963181381,4254.653256262178,266140
2022-09-20,4515.57421875,4550.881834194391,4275.05580789991,4275.05580789991,1173769
2022-09-21,4560.5869140625,4623.675493259729,4512.255659696118,4512.255659696118,1177984
2022-09-22,4564.6474609375,4586.733637212711,4478.780202817407,4525.675184003713,511789
2022-09-23,4376.02685546875,4673.690959075415,4340.768568849081,4565.737512468248,1205497
2022-09-26,4241.58056640625,4378.0079828436565,4150.859951751758,4376.027185508812,843901
2022-09-27,4202.2119140625,4312.294621229745,4164.626093927403,4293.377911337763,651304
2022-09-28,4227.96240234375,4253.762093079914,4142.936583694771,4188.3957838498145,395837
2022-09-29,4349.53369140625,4362.359063021185,4243.808641674212,4256.1886240784315,631907
2022-09-30,4341.3134765625,4441.8389425678915,4310.413327906854,4310.413327906854,761064
2022-10-03,4323.2880859375,4446.889635601174,4309.174906136316,4342.897784434554,454169
2022-10-04,4362.111328125,4401.875733655839,4323.287994664928,4387.46562802134,307009
2022-10-06,4348.34423828125,4407.2729439361265,4319.424411144524,4383.949254714958,272050
2022-10-07,4351.91015625,4390.436561275957,4311.7492068206175,4337.549377964752,501530
2022-10-10,4298.923828125,4377.561372348586,4253.761559782167,4332.993439824675,207878
2022-10-11,4234.49853515625,4320.46542367766,4222.712888550551,4320.46542367766,258216
2022-10-12,4245.88818359375,4308.233969765867,4204.242115323243,4238.9060668041175,621343
2022-10-13,4225.08935546875,4276.491424833578,4195.32807378386,4229.100759576127,277038
2022-10-14,4255.89111328125,4282.483411572646,4223.108823934736,4259.7042444898125,254366
2022-10-17,4249.6513671875,4259.257942180457,4180.521263899399,4248.809431770297,254734
2022-10-18,4324.080078125,4334.974462197234,4217.117034506699,4283.473737492127,387469
2022-10-19,4346.61181640625,4363.597055523894,4299.419420262029,4337.945828734691,249672
2022-10-20,4280.998046875,4351.118075929094,4253.960357910915,4341.907562174668,370651
2022-10-21,4346.908203125,4387.465213832276,4281.195651638731,4302.439408624397,364601
2022-10-24,4367.80615234375,4392.417653501937,4278.5218180672755,4367.855962428031,30919
2022-10-25,4361.7646484375,4407.174519795353,4330.022567563103,4395.19060032571,474364
2022-10-27,4389.2978515625,4455.803016582843,4360.576293998396,4402.321495601409,421237
2022-10-28,4523.150390625,4539.987166767024,4372.609803943371,4411.482948859515,691801
2022-10-31,4474.12548828125,4580.593333326127,4448.375125758768,4538.105331882642,433481
2022-11-01,4468.03466796875,4602.382136743858,4427.081590541218,4533.054237115695,866656
2022-11-02,4341.01611328125,4489.2784905707,4328.0417951629515,4468.678393541244,643118
2022-11-03,4352.80126953125,4382.5132235894835,4307.589676157904,4328.0413078160545,457168
2022-11-04,4320.712890625,4367.65768604208,4298.3791127548275,4367.65768604208,669679
2022-11-07,4321.90185546875,4377.562458445516,4294.814836633196,4342.353976453419,356178
2022-11-09,4319.32666015625,4392.4178849625905,4302.2916104346095,4305.262806298169,378028
2022-11-10,4244.3037109375,4335.420378641014,4209.193888477568,4332.498509445911,527721
2022-11-11,4378.94873046875,4496.410113409933,4288.4757121950615,4343.888713087217,1685313
2022-11-14,4512.94970703125,4524.141018302161,4382.712284985118,4387.466005052227,886587
2022-11-15,4567.6689453125,4584.555047741336,4483.534392120335,4516.217545409482,492794
2022-11-16,4436.2431640625,4565.737787872551,4418.168388654978,4560.785794610217,499585
2022-11-17,4358.05078125,4472.590766611507,4328.735369462831,4446.8897294151875,430622
2022-11-18,4356.912109375,4406.283578625531,4278.522153216969,4387.466004340549,385705
2022-11-21,4376.42333984375,4397.370175379469,4299.320705252765,4361.666496108959,336664
2022-11-22,4426.8828125,4436.985070159436,4337.945224843377,4378.502234937501,310657
2022-11-23,4560.98388671875,4571.8284613769065,4405.2930312942335,4439.263510288073,799422
2022-11-24,4768.81884765625,4786.5966969408055,4569.699391616982,4585.545770088129,1822610
2022-11-25,4743.4638671875,4838.096242004878,4705.432181297156,4768.768353173693,1069669
2022-11-28,4676.513671875,4723.0624055349745,4638.284189639899,4715.287679896558,598162
2022-11-29,4673.8896484375,4795.510413017301,4662.450253517004,4679.633767349597,910558
2022-11-30,4681.02001953125,4714.396647023498,4598.024807217439,4673.88943950324,1113421
2022-12-01,4729.8466796875,4747.970780217315,4655.913039007628,4719.249221471737,611403
2022-12-02,4824.67626953125,4836.065850636482,4697.508733621085,4725.190561135763,996306
2022-12-05,4732.47119140625,4854.884553646097,4721.180744217564,4838.097104136179,684834
2022-12-06,4742.078125,4753.913582460239,4669.729696104172,4724.548358820536,354855
2022-12-07,4682.009765625,4768.768770822111,4665.668190397883,4758.567859723603,354913
2022-12-08,4659.330078125,4731.975910039799,4636.4517744120885,4692.5084302595915,336491
2022-12-09,4640.1162109375,4690.478072486746,4630.360688779724,4682.604210801676,271785
2022-12-12,4696.76708984375,4710.335744108202,4585.545520441752,4632.094254666539,445259
2022-12-13,4633.9267578125,4715.634645336196,4616.544971583427,4700.431929544989,363818
2022-12-14,4621.34814453125,4666.75801523083,4611.890031719433,4666.75801523083,356293
2022-12-15,4598.3212890625,4641.601898739271,4583.217711312998,4635.015845160555,316614
2022-12-16,4521.31787109375,4593.468502615187,4507.997300671705,4593.468502615187,342890
2022-12-19,4566.18310546875,4575.6412180124935,4477.641089830186,4555.833247371746,308464
2022-12-20,4552.51513671875,4572.125317038495,4496.656758424927,4566.083789511811,282355
2022-12-21,4720.4375,4742.4738665123205,4558.012146830536,4566.529187012572,877375
2022-12-22,4735.78955078125,4802.244915183046,4679.633752316214,4748.961659757935,902304
2022-12-23,4655.02197265625,4758.8653645833065,4641.354665150452,4719.9428922914785,473498
2022-12-26,4639.07568359375,4694.488670515194,4607.828805816865,4678.34536915716,247357
2022-12-27,4599.212890625,4667.4517420095335,4581.237252498072,4640.017506962303,226485
2022-12-28,4544.5927734375,4634.669726170111,4538.006718981693,4607.334626080933,313366
2022-12-29,4481.0087890625,4565.737189234621,4435.499783511334,4544.59208405828,530411
2022-12-30,4434.60791015625,4538.451277653594,4425.199125488647,4506.3126565886505,348965
2023-01-02,4411.58203125,4473.333479707481,4403.312106351444,4444.908846897274,246577
2023-01-03,4447.78125,4465.658235987044,4382.613211542945,4424.11081872054,430096
2023-01-04,4390.73388671875,4470.7583831490565,4382.513771838177,4451.841673313583,414977
2023-01-05,4386.52490234375,4412.721139804738,4314.176475140712,4412.721139804738,468816
2023-01-06,4345.32470703125,4431.340442051194,4327.051658683804,4399.400085907328,299640
2023-01-09,4365.3798828125,4409.402808209624,4338.9853745773,4381.869921953433,407803
2023-01-10,4423.763671875,4445.89917661261,4363.696095378739,4367.6576896550705,557940
2023-01-11,4318.73193359375,4439.412091387263,4294.417359487262,4431.043030358068,462687
2023-01-12,4317.89013671875,4340.322567460816,4283.721386281959,4328.982794065883,207917
2023-01-13,4293.92236328125,4328.041787745436,4227.070459237128,4323.089794853278,366497
2023-01-16,4253.41455078125,4322.34637871566,4243.857302582713,4322.34637871566,210854
2023-01-17,4281.3447265625,4294.8142443727265,4233.954056370823,4274.758672526759,294500
2023-01-18,4298.13134765625,4310.214403161148,4263.665672244656,4295.358425209076,331806
2023-01-19,4276.68994140625,4298.131975999743,4244.501984471206,4298.131975999743,162244
2023-01-20,4244.10595703125,4280.948981482217,4223.258258187878,4260.695134974258,242706
2023-01-23,4293.8232421875,4311.699741142079,4245.739106290927,4253.167094819368,161350
2023-01-24,4263.66552734375,4308.184133197705,4249.6016752565365,4308.184133197705,178860
2023-01-25,4183.7900390625,4276.540762730584,4153.731347589641,4273.520240714729,423714
2023-01-27,4203.3994140625,4244.204022952536,4151.849369045314,4187.404576082956,421866
2023-01-30,4197.01220703125,4219.097901670852,4083.413297790826,4195.823535311869,623069
2023-01-31,4215.037109375,4262.4277769039145,4087.4241589697062,4198.794669807527,671038
2023-02-01,4221.72265625,4310.214871246624,4171.0638626505415,4233.954176144144,321331
2023-02-02,4190.87158203125,4221.078738654659,4129.962069495525,4221.078738654659,479256
2023-02-03,4210.77880859375,4218.899787004419,4118.077402384236,4204.242081077701,413966
2023-02-06,4279.21533203125,4294.021500625614,4149.423308148764,4170.568414520668,257669
2023-02-07,4274.1650390625,4318.138647840225,4230.339893382012,4263.666715356001,319090
2023-02-08,4349.0869140625,4362.011419567192,4261.238383756008,4278.521029035013,250175
2023-02-09,4347.1572265625,4362.162155143677,4283.474777640849,4305.610287372261,284239
2023-02-10,4373.84765625,4382.810569812851,4308.481351056114,4343.293763846066,359807
2023-02-13,4316.80078125,4396.973741730133,4286.445160737421,4387.861881130524,272935
2023-02-14,4227.86279296875,4338.391363843513,4210.233409264731,4338.391363843513,339582
2023-02-15,4444.8095703125,4470.659069270355,4129.961966959986,4129.961966959986,2724361
2023-02-16,4598.56884765625,4623.1803478978345,4456.941857564264,4466.648053334779,1419679
2023-02-17,4570.3916015625,4624.120713723811,4532.06299078628,4595.59695019945,408098
2023-02-20,4566.33154296875,4605.303821704869,4531.41999490986,4548.900432183861,232327
2023-02-21,4458.8232421875,4595.448904676451,4447.87953252197,4566.727349022223,490637
2023-02-22,4406.3818359375,4492.398037947317,4397.369113333466,4461.745012515149,333978
2023-02-23,4405.34130859375,4474.916794597206,4358.743258380219,4428.417880939995,443522
2023-02-24,4433.70556640625,4448.928814683355,4360.565018015056,4418.234384066802,358946
2023-02-27,4403.0615234375,4457.607023474453,4378.565441540578,4447.937593922447,215703
2023-02-28,4365.27587890625,4436.432956652199,4325.259223352488,4412.234688386447,312308
2023-03-01,4377.32568359375,4409.259787584704,4301.408460121853,4365.276183857498,287008
2023-03-02,4365.82177734375,4413.425120221169,4345.143978432122,4392.400116751811,313250
2023-03-03,4371.87109375,4408.268010958554,4357.59018736915,4380.2514594828335,168868
2023-03-06,4384.56591796875,4451.80545254417,4375.590412953731,4379.507965452868,242661
2023-03-08,4339.88720703125,4404.4992108762835,4323.970033976222,4378.416257050212,246734
2023-03-09,4381.64013671875,4500.747776782141,4348.912835086225,4362.648481257013,684685
2023-03-10,4281.57373046875,4363.34258571735,4256.185183217042,4363.34258571735,328154
2023-03-13,4309.09375,4399.292350272122,4286.283817606444,4291.242498561564,496455
2023-03-14,4264.0693359375,4318.763494027254,4239.672527003045,4309.094065456896,279237
2023-03-15,4293.02783203125,4331.854694942771,4273.688974495275,4298.928856618925,279479
2023-03-16,4283.35888671875,4333.888049784894,4230.747464618388,4295.160937226177,300181
2023-03-17,4310.58203125,4340.036794447671,4261.193754879197,4304.135744995973,368653
2023-03-20,4277.35888671875,4317.920806671444,4160.333997167901,4286.284513887882,563835
2023-03-21,4238.68115234375,4317.920789718238,4230.747261557894,4284.301024362424,239304
2023-03-22,4249.689453125,4259.5075459626005,4176.300964556611,4239.7222124405935,302705
2023-03-23,4237.73876953125,4263.8217257938795,4208.482547531677,4240.664585429711,233054
2023-03-24,4247.95458984375,4318.66520785813,4225.789182450534,4242.152834529959,354933
2023-03-27,4282.4169921875,4371.474726096355,4241.656529807477,4269.127821442784,495895
2023-03-28,4297.78857421875,4307.606666848446,4209.970033331546,4298.978367244208,343628
2023-03-29,4326.94580078125,4343.805319143221,4275.474779807781,4297.788848228037,250790
2023-03-31,4275.275390625,4364.581523954274,4264.4161700293635,4348.614474647701,465663
2023-04-03,4199.359375,4308.053787832902,4185.276523573665,4307.607312727508,493574
2023-04-05,4166.23486328125,4214.879335799448,4133.556958026376,4214.879335799448,622533
2023-04-06,4167.22607421875,4190.085399683044,4148.5811433126855,4182.151510168851,286725
2023-04-10,4201.98681640625,4208.581766129834,4152.697327268666,4180.168617217924,323560
2023-04-11,4236.0029296875,4251.374841848314,4186.2674526744995,4227.771712357941,284178
2023-04-12,4284.49951171875,4293.177204657197,4231.24307678658,4252.26808080452,304498
2023-04-13,4361.95361328125,4444.069670197349,4284.5981811951215,4293.226480780148,1257056
2023-04-17,4350.4501953125,4411.640039740813,4304.135912418152,4373.557459392638,334963
2023-04-18,4302.79638671875,4347.870993005983,4258.416189505408,4343.804777529373,409038
2023-04-19,4284.59814453125,4319.011587850507,4186.664184875627,4319.011587850507,517278
2023-04-20,4312.46630859375,4322.8301472966,4198.168692636776,4284.59841991464,484517
2023-04-21,4325.2587890625,4391.4077856752765,4282.763281333837,4304.135002220122,485292
2023-04-24,4362.69775390625,4425.32629406154,4326.251441731013,4326.251441731013,571150
2023-04-25,4380.0029296875,4409.507081653583,4346.879037438683,4373.5072512724355,252655
2023-04-26,4373.95361328125,4451.606854922591,4364.631389054126,4383.424985348069,438486
2023-04-27,4380.9951171875,4401.821579544248,4328.9783544122665,4383.3257943480985,400508
2023-04-28,4476.400390625,4491.573762518582,4394.334210707047,4406.235046465541,713399
2023-05-02,4453.689453125,4535.507702849534,4439.90441456612,4492.317778057091,384900
2023-05-03,4478.1357421875,4487.061368633679,4444.961970197376,4472.482651739762,287955
2023-05-04,4515.57421875,4532.135925526834,4462.813650340795,4472.731014008219,391146
2023-05-05,4564.46630859375,4591.739056771116,4484.13566850769,4512.4001529824145,332169
2023-05-08,4586.8798828125,4621.49138452979,4547.111158383925,4572.896303447825,274255
2023-05-09,4555.0947265625,4609.491565527851,4544.433560149592,4607.508092706845,207566
2023-05-10,4563.27587890625,4595.705848445083,4539.176881383933,4555.094054726346,293523
2023-05-11,4557.32568359375,4606.615172028484,4546.763788713806,4572.846744282942,409446
2023-05-12,4567.19384765625,4601.656685983388,4497.52436873592,4557.028550020187,427837
2023-05-15,4587.623046875,4650.251091728178,4553.160213554984,4571.854537974937,401847
2023-05-16,4517.4580078125,4603.887727419633,4503.474429471173,4586.7802766580435,310725
2023-05-17,4445.11083984375,4561.590464064341,4421.160504618853,4542.2017285041875,266803
2023-05-18,4405.29248046875,4492.466001141614,4396.3668541012985,4472.73054635616,167057
2023-05-19,4410.400390625,4428.102982038509,4373.805414677567,4418.185618136968,177405
2023-05-22,4567.24365234375,4586.781053991166,4415.161256037113,4422.945999726298,361967
2023-05-23,4512.79736328125,4578.896499624169,4495.541246213873,4566.946269317204,433331
2023-05-24,4498.96240234375,4568.929205706813,4485.970559760886,4503.425215763694,225979
2023-05-25,4530.400390625,4559.954424926084,4493.508088299491,4531.2434633866815,202680
2023-05-26,4571.80517578125,4581.821809486738,4513.639937321756,4552.069719814745,289579
2023-05-29,4602.10302734375,4626.449960446742,4542.796904505598,4596.69787066895,332364
2023-05-30,4561.1435546875,4755.375190876286,4497.970247808982,4633.391635406467,1298380
2023-05-31,4583.75634765625,4691.905010736598,4487.607307880598,4561.9875395029285,1655511
2023-06-01,4774.466796875,4806.946162840136,4647.276608019161,4650.251817115205,1692479
2023-06-02,4926.25146484375,4960.86344865793,4766.284595445015,4799.656424654179,1326161
2023-06-05,4909.2939453125,4967.806395586272,4893.277014323563,4926.8972672168975,698352
2023-06-06,4899.27685546875,4928.38441428547,4853.061844558715,4927.937939228007,382992
2023-06-07,4984.9130859375,4998.350919015326,4909.144045720516,4923.425435743264,552840
2023-06-08,4885.93701171875,4986.994832798141,4879.342062893548,4978.515682058051,411502
2023-06-09,4885.9873046875,4924.813683043812,4866.499299467038,4885.937427325963,249400
2023-06-12,4884.0537109375,4953.72319125495,4874.433674405121,4908.103318022171,343835
2023-06-13,4910.13623046875,4948.764556325354,4876.119866194926,4884.301691363199,308751
2023-06-14,4967.6064453125,4981.044276635788,4910.135140912122,4923.970054097937,360156
2023-06-15,5175.62353515625,5216.334114366634,4976.53248372006,4998.3012880238975,1712253
2023-06-16,5157.078125,5250.25194357551,5120.383882100058,5175.623787407385,797312
2023-06-19,5102.48388671875,5218.467654868535,5092.86384973526,5176.864118303572,327818
2023-06-20,5119.39208984375,5154.945932465507,5058.946053896802,5132.1858753011375,334154
2023-06-21,5076.4501953125,5130.251889690171,5044.565970055903,5127.128017188457,410174
2023-06-22,5024.13623046875,5112.400763534624,5013.227130876338,5087.5080848881435,329800
2023-06-23,5003.75634765625,5042.384187839478,4959.673473316093,5042.384187839478,335552
2023-06-26,4995.3271484375,5013.227797815247,4958.731685721083,5008.219722398251,430106
2023-06-27,5100.30126953125,5107.441964617173,4995.326369170044,4998.350971198165,556456
2023-06-28,5084.53271484375,5133.177670669446,5073.871549670702,5102.483238635525,362944
2023-06-30,5056.0703125,5106.40093086122,5022.202129693429,5085.623861208679,411015
2023-07-03,5026.61572265625,5100.004213033396,5018.185963626443,5085.1281676866765,150815
2023-07-04,5067.7236328125,5082.351744775813,5010.301707606937,5077.591119487435,233404
2023-07-05,5035.68994140625,5105.95455810433,5008.665126079778,5082.648754061317,279982
2023-07-06,5239.392578125,5266.120066700642,5028.301881492405,5047.938067703629,1251554
2023-07-07,5103.72314453125,5231.359805307951,5087.607428991074,5231.359805307951,559765
2023-07-10,5115.72314453125,5160.499942542341,5068.516398836989,5137.045475417127,271366
2023-07-11,5213.5576171875,5228.830259030414,5122.417150023139,5157.028649300932,503174
2023-07-12,5208.6484375,5244.748026194699,5162.830511016038,5218.169202823368,263391
2023-07-13,5139.17724609375,5246.1854905902255,5125.292938597549,5246.1854905902255,338327
2023-07-14,5129.0625,5155.4926644161,5054.137003124857,5137.194932781312,508041
2023-07-17,5176.169921875,5274.996847699987,5109.624792678837,5109.624792678837,469609
2023-07-18,5119.93798828125,5280.004132410795,5064.252091134469,5163.475115589182,511024
2023-07-19,5132.8310546875,5180.78160690647,5119.938481371962,5119.938481371962,265631
2023-07-20,5152.51708984375,5166.946660812185,5090.235753173326,5127.277204683109,276787
2023-07-21,5161.8876953125,5209.59030379558,5082.697462206251,5087.656143249269,313184
2023-07-24,5137.98779296875,5182.517145120525,5101.492086823739,5101.492086823739,249814
2023-07-25,5169.12841796875,5176.863767831371,5111.210627498681,5111.210627498681,547945
2023-07-26,5113.14501953125,5211.574858679478,5100.5497733674165,5153.062410218567,297720
2023-07-27,5172.40087890625,5221.491827713816,5101.690271595068,5104.219005562409,363050
2023-07-28,5302.7646484375,5319.673558798943,5134.218869109271,5134.218869109271,453505
2023-07-31,5130.6982421875,5295.822332508933,5115.920984245235,5295.822332508933,689230
2023-08-01,4990.81396484375,5166.946439357076,4980.053528480672,5166.946439357076,1044095
2023-08-02,4955.45849609375,5002.020710383957,4934.879967291239,4991.408937977654,1016605
2023-08-03,4955.01220703125,4988.433916232149,4915.342752429006,4919.012370678222,412037
2023-08-04,4939.14404296875,4994.83042295431,4922.978935167801,4983.474848754673,358846
2023-08-07,4972.96240234375,4983.375633486365,4915.392303868077,4939.144097688487,608113
2023-08-08,4981.83837890625,5013.226734310405,4938.995179288435,4975.540756881365,519420
2023-08-09,4940.18603515625,4984.466966973001,4917.0288942005855,4981.83896245686,268668
2023-08-10,4881.822265625,4940.285318146992,4863.078545141535,4940.235440780888,370166
2023-08-11,4865.607421875,4970.582816229829,4771.392464264897,4889.260431766373,1066479
2023-08-14,4781.01220703125,4886.830183419082,4690.912864154839,4822.813796698727,832136
2023-08-16,4901.06201171875,4913.01272587045,4714.814109747772,4760.334713597288,667417
2023-08-17,4852.31787109375,4919.012138495734,4832.2846037667,4899.673280289954,375779
2023-08-18,4817.1455078125,4863.495165528786,4794.045147731082,4843.574403901114,336848
2023-08-21,4900.9033203125,4913.621230473063,4808.849713627914,4849.585837235092,243126
2023-08-22,4887.98681640625,4927.083655080973,4874.5737030076625,4916.054998147738,175172
2023-08-23,4913.7705078125,4954.903962832335,4879.3930943392015,4926.09060511785,597123
2023-08-24,4888.28515625,4951.425951299606,4868.562814788981,4923.109378687578,534065
2023-08-25,4834.18505859375,4881.4787963139115,4814.810562931932,4868.463012456968,249504
2023-08-28,4873.87841796875,4880.237130149768,4810.836591992205,4843.524748553189,204098
2023-08-29,4847.00244140625,4913.173899753207,4827.627943722693,4874.424904386094,591619
2023-08-30,4843.12744140625,4858.478198385028,4813.817305080169,4850.529686838972,396122
2023-08-31,4783.1162109375,4880.18711578481,4774.869339237909,4855.994222207823,488260
2023-09-01,4809.19677734375,4818.735087131089,4770.298850461136,4808.848932975838,206097
2023-09-04,4793.79736328125,4838.6566808615025,4786.594024279968,4828.721040859734,354446
2023-09-05,4952.4189453125,4959.870674089679,4800.949944312959,4828.720247611345,800554
2023-09-06,5000.70654296875,5011.1884480181625,4922.11554175197,4947.948203053051,535407
2023-09-07,4996.6826171875,5012.430702912539,4954.903446907198,4997.57721285852,334709
2023-09-08,4953.0654296875,5017.299244638772,4945.912060039859,5007.562511588372,292671
2023-09-11,5063.15234375,5073.932124366053,4971.5455546137755,4971.793945598268,543287
2023-09-12,4947.15380859375,5092.015238293047,4934.038570412346,5078.105343007955,483061
2023-09-13,4978.7490234375,4988.883569925422,4913.173801815693,4942.980720734696,232238
2023-09-14,5051.82568359375,5067.176441575169,4963.349002723286,4968.813604768121,414391
2023-09-15,5059.0283203125,5117.2512601349035,5029.122435929873,5051.824982253432,658355
2023-09-18,5042.4853515625,5128.776466828114,5034.735747779643,5067.175509651953,371912
2023-09-20,4974.0791015625,5027.234773878494,4897.276800851115,5018.93890285225,509910
2023-09-21,4987.740234375,5014.467491247119,4943.427672792567,4957.883833401646,422586
2023-09-22,4957.43701171875,4984.511630443354,4923.109569923388,4980.736281337225,348459
2023-09-25,5064.2451171875,5080.5399546572535,4940.8447612971795,4982.623932823328,386746
2023-09-26,5021.17431640625,5064.1954412849955,4997.875047777879,5064.1954412849955,267102
2023-09-27,5072.4921875,5085.905301825438,4987.691401014771,5021.472577834393,460768
2023-09-28,4987.7900390625,5112.382850289826,4962.851489106536,5072.491358270975,407714
2023-09-29,5104.68310546875,5153.5666451111,4994.248571155355,5021.472125938215,410567
2023-10-03,5086.0048828125,5121.773188577404,5033.395472361143,5105.876163793002,268482
2023-10-04,5014.91455078125,5064.046481836777,4950.233441039576,5052.272652080012,442482
2023-10-05,5014.56689453125,5047.156084180074,4994.298286353532,5022.416438089389,363289
2023-10-06,5027.681640625,5051.278782854108,4996.433862438798,5017.497610820858,407753
2023-10-09,5014.81494140625,5033.394780625083,4954.952715679313,4967.819562401384,176296
2023-10-10,5034.0908203125,5051.825549275541,5000.607520072563,5036.326339271403,202645
2023-10-11,5060.07275390625,5106.919201695621,5032.401898168934,5040.300926398241,336099
2023-10-12,4961.70947265625,5081.036601135263,4840.345732117168,5060.022335295826,1029595
2023-10-13,4985.00830078125,4996.732646682587,4901.996225340447,4956.8411504096,410013
2023-10-16,4989.3798828125,5016.951280220352,4954.306787098806,4997.626268882648,259806
2023-10-17,4996.4345703125,5035.38247411249,4979.941795623473,5017.498321678783,217907
2023-10-18,4945.2158203125,5007.512469626089,4906.665735834996,4988.68424005004,341459
2023-10-19,4964.888671875,4987.641675034768,4903.387158792548,4945.2162992070125,231958
2023-10-20,4945.51416015625,4967.770381264202,4908.702809009045,4957.983679101618,252447
2023-10-23,4937.5654296875,4978.301550779644,4912.32900291668,4944.967675014576,363474
2023-10-25,4828.62109375,4939.353984303767,4800.403976057651,4928.076937026999,894230
2023-10-26,4729.662109375,4828.621172312789,4695.583061154196,4828.621172312789,836962
2023-10-27,4799.11328125,4829.2675621375,4746.056572726598,4749.186687603458,333727
2023-10-30,4810.58837890625,4837.066761828505,4752.26597948252,4808.849641948934,234759
2023-10-31,4788.87939453125,4868.116129619495,4774.274293692254,4800.901616882726,276660
2023-11-01,4765.67919921875,4824.746772938801,4759.171549089138,4803.881928986635,281746
2023-11-02,4855.546875,4863.495386356661,4779.241360031512,4806.6633361010845,214035
2023-11-03,5120.03369140625,5132.254333339587,4905.274465980212,4918.886485486586,1262458
2023-11-06,5131.70849609375,5194.352511264611,5094.49933081662,5107.9619287519035,399720
2023-11-07,5103.78955078125,5148.599386143626,5088.0909478202675,5116.8548209176015,222204
2023-11-08,5078.05615234375,5120.481044331972,5054.70739819437,5101.9511726411565,400498
2023-11-09,5263.50439453125,5278.805182089289,5089.083954809675,5114.37035098901,1032216
2023-11-10,5244.52734375,5303.644399154589,5185.062443932948,5265.888968812163,696409
2023-11-13,5187.04931640625,5245.023867433741,5166.731225582053,5216.210514117662,150128
2023-11-15,5191.322265625,5260.9212277554225,5173.487598285645,5249.843086503745,356675
2023-11-16,5304.3896484375,5333.4513945797235,5168.271384455119,5190.378182802622,449045
2023-11-17,5443.6875,5457.994724120591,5271.999355136937,5297.881987603034,735541
2023-11-20,5438.7197265625,5558.990451936328,5419.9409792841725,5439.762774683002,526567
2023-11-21,5431.61474609375,5484.770412900288,5387.500607491373,5464.601260485212,382979
2023-11-22,5496.3955078125,5504.29453489165,5404.143002451371,5431.813854159605,302473
2023-11-23,5458.5908203125,5514.27988527864,5438.073336772575,5494.408606412771,234584
2023-11-24,5366.53662109375,5457.646626851791,5360.277362436813,5457.646626851791,270183
2023-11-28,5332.25927734375,5389.935960749153,5306.62551925603,5366.537236605,362746
2023-11-29,5387.05419921875,5400.02001458193,5329.973756803084,5337.524939775766,277119
2023-11-30,5493.365234375,5514.279560092517,5347.3608274626895,5347.3608274626895,775261
2023-12-01,5555.16552734375,5651.044457930811,5494.757027309141,5514.280463815452,546990
2023-12-04,5586.36279296875,5621.833220038902,5533.753872899893,5589.790782651679,936113
2023-12-05,5544.28564453125,5652.385206221425,5489.4407214577905,5573.893655634064,787929
2023-12-06,5507.42431640625,5602.707000248144,5473.295298389246,5498.5317251789165,574427
2023-12-07,5426.25,5484.274037016,5406.47817463954,5454.914416670906,510609
2023-12-08,5519.595703125,5536.684712342394,5404.043922218642,5459.6340204495655,456382
2023-12-11,5511.64697265625,5519.59548410857,5454.6659841547025,5514.279820047103,238128
2023-12-12,5394.00927734375,5514.280001151235,5368.4250052663365,5514.280001151235,615205
2023-12-13,5391.8232421875,5416.910732281061,5334.842251818551,5368.176613897347,476781
2023-12-14,5480.3994140625,5497.339970861913,5417.010226728243,5459.435117233466,490550
2023-12-15,5515.47216796875,5552.035125779564,5464.601501751539,5494.408419033821,349758
2023-12-18,5463.259765625,5571.657678664907,5458.639790751192,5514.776148264378,428321
2023-12-19,5519.74462890625,5638.823367599793,5468.278209375655,5473.344997505827,682732
2023-12-20,5367.43212890625,5569.721389815235,5340.506445000114,5519.745310070604,437044
2023-12-21,5440.607421875,5517.26078597421,5250.836701521845,5309.605913964736,487514
2023-12-22,5505.7353515625,5513.286534851698,5427.542157280257,5474.537539562598,220537
2023-12-26,5596.89501953125,5608.668850106153,5490.5836702024,5505.735521391793,243281
2023-12-27,5650.845703125,5678.218196965668,5579.4580334897455,5598.733077848037,307177
2023-12-28,5723.4248046875,5732.863661669451,5638.226700876728,5638.475091849937,568149
2023-12-29,5667.388671875,5721.885755864812,5640.76086482855,5703.057523469661,325682
2024-01-01,5713.0419921875,5727.895966763875,5671.113886081183,5704.050432817243,127030
2024-01-02,5709.36669921875,5745.432879063151,5643.44362951177,5701.169796059688,166449
2024-01-03,5731.17529296875,5748.761570639908,5636.538317579284,5693.121984059225,198997
2024-01-04,5725.1142578125,5802.363853185293,5694.611651178978,5731.174609660099,220702
2024-01-05,5717.21533203125,5771.414051189904,5678.217947179666,5725.114359451551,144894
2024-01-08,5645.4306640625,5737.683178752713,5603.70097594377,5712.99301625473,157009
2024-01-09,5760.33642578125,5811.356035964532,5638.178018861071,5665.501029801236,329437
2024-01-10,5763.56494140625,5781.846420807556,5684.477155044221,5762.670830891254,239740
2024-01-11,5832.12158203125,5854.079444797283,5764.907070362362,5766.645807468335,213210
2024-01-12,5758.39892578125,5883.88586180791,5705.888972658187,5832.2205350915965,250919
2024-01-15,5858.45068359375,5886.02208464562,5766.645466848772,5797.4459509067165,375458
2024-01-16,5866.54833984375,5929.043905873808,5791.4847709137175,5844.143664867814,347797
2024-01-17,5887.7607421875,5941.860495414615,5793.720007707492,5835.052366655163,378205
2024-01-18,5952.29248046875,5990.14736267873,5800.426138950015,5920.647372730925,591170
2024-01-19,6055.42431640625,6080.611259090504,5912.698954713658,5948.46725623772,326813
2024-01-23,6114.14404296875,6387.324639967818,6094.173310919503,6386.628951160369,982889
2024-01-24,6173.36083984375,6189.903583050012,6044.197522701455,6113.945422875097,435151
2024-01-25,6129.146484375,6198.05023475181,6079.716682585278,6170.081024120715,337391
2024-01-29,6289.01123046875,6308.13733595262,6138.0389985808815,6159.152231907231,554591
2024-01-30,6269.18994140625,6346.737902791648,6243.357277372207,6290.253692289477,304312
2024-01-31,6312.06201171875,6330.641365680837,6215.288499147496,6239.581330708651,499281
2024-02-01,6247.48095703125,6335.957637305728,6227.460254290908,6249.169724750527,255111
2024-02-02,6279.87060546875,6318.12281861186,6250.808859119764,6279.3243393364555,239428
2024-02-05,6194.375,6305.753625779042,6169.238023873425,6279.870991484663,147909
2024-02-06,6157.4130859375,6257.36570680097,6115.435013054195,6219.660249578298,326654
2024-02-07,6138.18896484375,6208.632556070029,6115.386476776578,6197.603898539902,323738
2024-02-08,6190.89697265625,6322.246320906085,6110.418292703569,6161.586836130274,794455
2024-02-09,6395.91943359375,6432.283973710384,6173.609484382251,6229.050162577066,933104
2024-02-12,6571.87939453125,6634.821283911294,6333.970307891532,6423.291611754695,709946
2024-02-13,6675.6572265625,6696.621524505231,6555.783824045496,6571.879755296367,521773
2024-02-14,6710.63037109375,6731.395760619074,6656.878464376059,6675.557272578849,452781
2024-02-15,6584.9443359375,6720.863686194144,6543.214651280277,6706.556462767966,446114
2024-02-16,6558.068359375,6617.583228301985,6483.104250164831,6588.372059957472,391508
2024-02-19,6614.30419921875,6632.983492693269,6469.144408075428,6577.393395244466,334607
2024-02-20,6722.0048828125,6747.4131492989345,6601.078412969933,6630.564063809969,559251
2024-02-21,6722.7001953125,6784.158128585155,6680.087477540819,6747.363100247052,537325
2024-02-22,6731.70068359375,6836.367627472713,6652.988764415176,6727.523756210813,564432
2024-02-23,6736.5234375,6749.2028060172925,6685.855977790408,6741.44621009606,352524
2024-02-26,6547.5263671875,6754.125486686771,6534.498840635703,6732.446447198475,453443
2024-02-27,6583.923828125,6631.508849647236,6533.604040832248,6551.504325875624,313760
2024-02-28,6327.1044921875,6593.2716903862465,6310.148652980312,6593.2716903862465,536602
2024-02-29,6067.79833984375,6357.136238271472,6028.467148324284,6357.136238271472,1543361
2024-03-01,6051.6884765625,6073.168915675237,5908.933897934798,6068.196614286932,1749136
2024-03-04,5999.876953125,6137.5601717453865,5989.485134648651,6110.95835952127,551616
2024-03-05,6027.5234375,6069.688457217046,5943.093854920379,6001.617455270207,724456
2024-03-06,6020.7607421875,6045.224562447615,5912.0664266728045,5991.623249908099,588776
2024-03-07,6015.291015625,6108.82029425535,5998.584277517605,6031.898696167612,738112
2024-03-11,6170.32763671875,6190.514985331968,6002.661543374261,6015.290897058803,521556
2024-03-12,6110.7587890625,6239.491855052425,6073.665618158774,6205.431593501556,482112
2024-03-13,5975.11474609375,6145.764218599238,5923.054655961718,6145.764218599238,356191
2024-03-14,5989.783203125,6061.235269744964,5946.8723401271345,5975.114914326191,439181
2024-03-15,5950.0546875,5997.440620703684,5908.685044502938,5981.678328823364,764270
2024-03-18,6102.5546875,6110.908541834608,5945.529515396355,5964.523802771782,419258
2024-03-19,6079.3349609375,6091.765714811712,6000.6230389449265,6043.335303487251,542392
2024-03-20,6139.84716796875,6166.349922332658,6039.804854372428,6113.941672451811,413963
2024-03-21,6148.25048828125,6179.9736731031,6071.776592262852,6155.609397007202,350032
2024-03-22,6340.57861328125,6355.495516095903,6134.526753747265,6134.973969485946,727548
2024-03-26,6287.42529296875,6427.644185790693,6274.546838723738,6362.5565693247445,629120
2024-03-27,6196.9296875,6363.948999680619,6185.542923097537,6319.795060495956,603420
2024-03-28,6321.58447265625,6390.003626492861,6078.6380374316195,6196.9292737157075,818070
2024-04-01,6421.47802734375,6520.675430762782,6337.446141740661,6365.539641957079,440465
2024-04-02,6384.1865234375,6433.660923459466,6368.72285997272,6433.660923459466,213898
2024-04-03,6339.73388671875,6373.496007843689,6276.0388992824965,6364.098163859047,289202
2024-04-04,6404.92041015625,6439.129743648178,6291.352861991439,6389.406734044717,547885
2024-04-05,6362.3076171875,6444.101967000118,6346.197168039496,6404.920333019721,239001
2024-04-08,6272.806640625,6362.308063106273,6245.210368693274,6362.308063106273,491584
2024-04-09,6469.013671875,6503.770253008067,6295.8785250075,6312.6347923206395,592624
2024-04-10,6453.8974609375,6479.802954254101,6415.262586040868,6469.01296424495,174947
2024-04-12,6371.05908203125,6442.0139175566155,6327.452388792448,6414.2685738639975,450885
2024-04-15,6268.23193359375,6363.6505873796505,6248.193656972259,6290.060529984147,251305
2024-04-16,6299.6572265625,6312.43613821051,6167.642625066597,6265.050203225735,290190
2024-04-18,6040.50048828125,6299.308762253649,6019.66683787977,6271.1657320714085,518459
2024-04-19,6135.3720703125,6164.659119044691,6016.484541090559,6105.985964015874,560178
2024-04-22,6203.98974609375,6223.3321920236685,6115.930485929301,6120.405557016566,197001
2024-04-23,6160.58154296875,6268.878164219432,6146.758642973938,6206.923486510569,217146
2024-04-24,6248.5419921875,6275.541491219393,6151.880260369384,6195.387896886435,207837
2024-04-25,6348.7333984375,6366.7332249983965,6134.675842460994,6245.209995505038,520353
2024-04-26,6223.92919921875,6344.656579973198,6216.42073276657,6344.656579973198,261065
2024-04-29,5935.287109375,6165.653736126464,5701.2407853569375,6165.653736126464,2785015
2024-04-30,5914.15478515625,5989.634222742324,5868.31006946745,5966.761636469192,1040838
2024-05-02,5925.541015625,5966.761587824743,5906.547213031466,5914.154736940682,572406
2024-05-03,5976.30859375,5994.308421927078,5927.032795547145,5966.761677950019,563849
2024-05-06,6023.1474609375,6052.434023324707,5953.038014819508,6016.484383175206,419144
2024-05-07,5867.56396484375,6046.3181909664845,5823.9567866966045,6046.3181909664845,455928
2024-05-08,5814.11181640625,5877.260041898732,5780.449240032401,5859.359757507163,511587
2024-05-09,5774.23388671875,5859.35978106055,5757.924835767241,5827.437509985339,598157
2024-05-10,5810.0849609375,5848.4212125056565,5721.37890509236,5787.709603467448,372227
2024-05-13,5797.85205078125,5810.034188258284,5758.123657048847,5787.7583768441045,348407
2024-05-14,5830.3212890625,5861.994944757767,5708.201766067734,5822.564693436686,558136
2024-05-15,5816.39892578125,5850.857361962913,5787.758664763453,5837.432148565266,509306
2024-05-16,5898.83935546875,5911.568250919771,5817.591768505453,5857.3701737601905,378026
2024-05-17,5920.07177734375,5939.91145483629,5877.359998208176,5892.1773597698,267904
2024-05-21,5915.29833984375,6008.429447625117,5887.602524027249,5966.761659153953,606639
2024-05-22,5835.64208984375,5925.591217862684,5812.57090231844,5925.591217862684,735701
2024-05-23,5936.9775390625,5958.259378012659,5828.134150219865,5845.885363747769,308200
2024-05-24,5881.5859375,5938.767400521655,5834.498148661694,5905.402968578033,608807
2024-05-27,5906.3974609375,5926.485751851865,5885.2156522291025,5917.038379649063,189637
2024-05-28,5871.79052734375,5938.36983509881,5847.724395140209,5911.220779014871,314362
2024-05-29,5870.74658203125,5912.066211363753,5848.321211952713,5877.160559325219,337183
2024-05-30,5734.50537109375,5869.055645596963,5718.1463061265795,5867.315340199446,643549
2024-05-31,5806.8525390625,5926.33684207595,5711.185267908286,5823.509748402124,1382132
2024-06-03,5818.7861328125,5984.81098373604,5780.349854871317,5953.1373269844935,804820
2024-06-04,5813.31640625,5930.712243089998,5661.6612199877945,5718.494525461947,642000
2024-06-05,5901.7734375,5911.8175831606,5744.797789604321,5882.232390663183,487289
2024-06-06,5928.9716796875,5941.899662216171,5867.3151476276835,5936.927361243605,490549
2024-06-07,5981.23046875,5997.58953345395,5932.402860843487,5954.579129321653,436163
2024-06-10,6023.1474609375,6041.345888890806,5958.855218695931,6006.539780888966,443756
2024-06-11,6074.11376953125,6133.085069012259,6025.633831614942,6048.058716359043,521348
2024-06-12,6134.427734375,6154.565554894163,6041.34615574894,6083.411631047337,321285
2024-06-13,6171.81982421875,6176.145338144084,6125.875563263741,6173.560129776496,401804
2024-06-14,6173.21142578125,6185.493106746791,6140.791925142165,6175.598033219894,216573
2024-06-18,6201.802734375,6215.177934377691,6132.041439810234,6190.515512590192,267887
2024-06-19,6139.349609375,6234.271030250494,6094.101670010445,6230.293189427236,401714
2024-06-20,6141.63720703125,6159.388418958555,6081.870051081025,6131.543532978869,252844
2024-06-21,6135.8193359375,6204.536631774516,6110.957831334836,6118.118138890908,434583
2024-06-24,6224.87353515625,6260.127345654195,6122.046441240431,6135.819812976391,357273
2024-06-25,6260.47509765625,6280.016143410039,6207.66916408572,6223.331912186861,348730
2024-06-26,6102.8037109375,6250.829222158528,6091.06927375084,6245.011532349152,538411
2024-06-27,6158.1953125,6166.051451633224,6021.457023364957,6081.8704856555305,440975
2024-06-28,6151.43310546875,6188.029049287853,6111.107450049263,6188.029049287853,334692
2024-07-01,6106.4833984375,6145.76457981333,6074.611140437763,6145.76457981333,374933
2024-07-02,6063.8212890625,6129.604741515477,6043.335309542008,6100.76539249841,436037
2024-07-03,6158.39404296875,6183.305077428613,6045.373249690907,6098.278728006371,188203
2024-07-04,6190.564453125,6209.409668691468,6126.869469700214,6166.598350071698,222050
2024-07-05,6293.4912109375,6307.712283835749,6124.8806700476125,6166.648000481449,350300
2024-07-08,6282.453125,6352.562572897371,6257.93929128123,6344.656419648639,317731
2024-07-09,6285.287109375,6315.220460898839,6221.2439644998185,6274.348046302099,176239
2024-07-10,6340.380859375,6381.451876379387,6266.243551139054,6285.287369160561,295890
2024-07-11,6353.65625,6376.131149416012,6304.878167555664,6360.468400025002,354777
2024-07-12,6318.701171875,6384.38556571167,6284.9890649866165,6349.828070457194,211028
2024-07-15,6401.5888671875,6430.875914055184,6305.374843668079,6305.374843668079,359221
2024-07-16,6417.94873046875,6428.191477484831,6367.5293982573285,6401.589664053098,298376
2024-07-18,6484.72607421875,6503.471746629927,6394.379265398754,6396.368185854554,583444
2024-07-19,6346.595703125,6489.101660842492,6329.739407879002,6489.101660842492,228785
2024-07-22,6366.68359375,6398.357249834364,6334.860865743363,6346.595788041587,222285
2024-07-23,6368.12548828125,6438.5330768127105,6289.761732505496,6368.523175249396,284679
2024-07-24,6387.02001953125,6408.251841390932,6314.871642461446,6364.545122452339,309594
2024-07-25,6350.42431640625,6398.5065684730125,6336.700958654755,6369.319061888742,412373
2024-07-26,6627.6298828125,6642.944959164911,6358.131154334409,6397.362805533417,432671
2024-07-29,6644.63525390625,6739.457136167379,6579.746722382726,6739.457136167379,367708
2024-07-30,6604.21044921875,6675.960658369286,6547.625758717602,6644.635160831205,264929
2024-07-31,6578.65283203125,6649.707212576285,6547.675491725978,6627.331856494038,352268
2024-08-01,6669.248046875,6697.6897068135495,6570.001109295568,6578.652622025413,361725
2024-08-02,6672.97802734375,6758.203473657495,6643.989605226516,6669.24880102739,587569
2024-08-05,6650.55224609375,6719.070457948023,6563.486962726471,6651.944393282665,907845
2024-08-06,6620.81787109375,6697.689450361828,6594.315118289432,6652.093353053687,334936
2024-08-07,6683.12109375,6730.507027941093,6625.094240564947,6664.077276919475,358284
2024-08-08,6505.6591796875,6706.98784433008,6463.99139381799,6702.661845282039,509454
2024-08-09,6551.35498046875,6561.448654776042,6493.825358546158,6545.785906016914,115598
2024-08-12,6466.37841796875,6555.382612896779,6385.3799196286345,6513.714824341823,230114
2024-08-13,6552.89599609375,6605.204700138739,6474.2340965423355,6474.2340965423355,400126
2024-08-14,6479.75341796875,6826.969090396383,6424.461335212415,6563.437144445174,1723346
2024-08-16,6660.0771484375,6687.865137603918,6529.7023168916085,6529.9017091728565,611092
2024-08-19,6697.92529296875,6729.7969360396455,6538.716378676631,6722.924710267019,398225
2024-08-20,6646.1337890625,6761.369891614773,6623.325742042407,6747.824346216136,146064
2024-08-21,6725.36474609375,6761.269947692598,6600.517453138968,6648.225219245503,291296
2024-08-22,6803.15087890625,6830.490965093489,6723.92016700877,6733.431665205967,344641
2024-08-23,6833.18017578125,6899.612333263916,6803.300513438113,6836.466744109944,468784
2024-08-26,6752.80419921875,6850.411103573239,6582.2907187153105,6802.603640215938,385016
2024-08-27,6754.24853515625,6823.2703654162,6706.98867141739,6752.804156847328,297297
2024-08-28,6749.2685546875,6821.029353798087,6719.4881002605225,6758.680357132553,250361
2024-08-29,6829.6943359375,6879.643075106448,6733.182635804537,6772.623888059406,659960
2024-08-30,6899.71240234375,6961.961702256632,6823.519259250384,6837.463102430869,499581
2024-09-02,6852.45263671875,6970.925700525934,6837.5128045273095,6960.965812398308,248292
2024-09-03,6817.39404296875,6898.019044630054,6807.03585670109,6863.309223967324,361990
2024-09-04,6903.0986328125,6910.170250512118,6762.813513958948,6810.571371144691,389768
2024-09-05,6906.4853515625,7015.745523941717,6872.522520523202,6903.099086705884,387284
2024-09-06,6879.09521484375,6934.522380344161,6830.391460032308,6906.484906706516,185503
2024-09-09,6833.18017578125,6900.210023775305,6793.091628804207,6879.094867857102,304409
2024-09-10,6893.78564453125,6947.868124716295,6833.180118973864,6872.322281788916,354522
2024-09-11,6872.57177734375,6926.056570900872,6845.8794717992205,6872.322780141571,223028
2024-09-12,7033.47314453125,7067.98454369987,6887.2621908864585,6915.149875824249,831152
2024-09-13,6990.9951171875,7071.471308958705,6979.939543564655,7067.736350729547,238034
2024-09-16,7003.14599609375,7034.619339662762,6982.379532201105,6996.821369904109,226343
2024-09-17,6979.939453125,7123.760631863761,6971.822241276675,7003.195889995092,266003
2024-09-18,7007.677734375,7039.649073185838,6932.829270823191,7001.7018013756915,251334
2024-09-19,7002.05029296875,7096.0715388508,6983.325897972859,7039.648870339338,407897
2024-09-20,7054.23974609375,7091.4400238203125,6989.749473405215,7011.661226287806,493357
2024-09-23,7124.1083984375,7153.191465535991,7061.958795416672,7061.958795416672,254282
2024-09-24,7093.431640625,7171.11876053075,7047.815551927337,7047.815551927337,333949
2024-09-25,7104.8359375,7116.28980779336,7045.77351454154,7064.299002019671,236185
2024-09-26,7139.09814453125,7165.093548482394,7065.942575437753,7079.488119864654,405696
2024-09-27,7204.98291015625,7250.698698373635,7081.480300139749,7130.582352980152,772592
2024-09-30,7170.2724609375,7287.600229913281,7131.777592216529,7131.777592216529,442794
2024-10-01,7124.65673828125,7214.893422833713,7106.380246130033,7172.613502803844,310719
2024-10-03,6878.2490234375,7171.11933450731,6828.4495836145325,7064.897226629451,655420
2024-10-04,6746.4296875,6930.388523100485,6700.365206493092,6874.414245540814,429272
2024-10-07,6745.9814453125,6829.993197880158,6716.101781304275,6773.719830664667,260810
2024-10-08,6896.525390625,6912.162610078891,6721.6301378488715,6791.6479593844315,345891
2024-10-09,6980.78564453125,7041.640656093846,6908.576458171023,6931.085901804395,391824
2024-10-10,6927.15185546875,7026.750737575965,6856.436649172628,7026.651527751991,237853
2024-10-11,6955.38818359375,6990.795877710645,6902.302174358209,6953.99389651925,75315
2024-10-14,7064.14990234375,7072.914408810763,6933.82467720022,6948.8642045829965,168515
2024-10-15,7111.50927734375,7121.668557553225,7011.761097069711,7086.460256484516,322659
2024-10-16,7042.935546875,7106.579621517922,7027.697112461229,7056.680484381746,223419
2024-10-17,6961.2646484375,7074.110476509149,6932.7296652575005,7060.564930935862,183572
2024-10-18,6954.8896484375,7013.403986686651,6922.1217162825005,6955.287946667437,236651
2024-10-21,6958.3759765625,7003.793162594709,6929.591997831725,6944.282832466007,222611
2024-10-22,6864.30517578125,7009.022153282737,6843.9866152886925,6991.791741644362,112233
2024-10-23,6879.04541015625,6931.036218274933,6827.25399431984,6857.382654493906,109466
2024-10-24,6926.25537109375,6950.0098010833935,6843.090306836017,6909.4232577480325,147408
2024-10-25,6916.99267578125,6952.997572391807,6848.4683569169665,6926.255176771926,175261
2024-10-28,6898.51708984375,6942.0419953046385,6766.996962209259,6895.230521304736,238427
2024-10-29,6959.42236328125,6969.631248815988,6828.300044403761,6929.990601482619,196146
2024-10-30,6954.49169921875,7006.781110491072,6911.962783521535,6952.599417789615,191699
2024-10-31,6994.5302734375,7021.720571333614,6928.147235290126,6971.8214385196125,224153
2024-11-01,7003.74365234375,7017.737100485966,6972.668607185229,6994.530755923158,18769
2024-11-04,6930.48828125,7061.560502941484,6864.504024082176,7061.560502941484,273442
2024-11-05,6938.3564453125,6958.5252181125215,6786.916545804852,6892.2423593160765,246059
2024-11-06,6940.1494140625,7113.102765924989,6863.358582978836,6991.841133726807,459745
2024-11-07,7395.06689453125,7453.879833517171,7171.4173371866955,7287.1514201905775,2502817
2024-11-08,7391.630859375,7514.735166928777,7350.397022125166,7360.406514597787,1032481
2024-11-11,7126.74853515625,7424.250109680674,6954.591767007646,7370.317411293648,625620
2024-11-12,6991.39306640625,7203.837771667591,6972.917668484182,7132.52487550812,194183
2024-11-13,6831.337890625,6970.129027423095,6803.051905917854,6942.041948682719,299775
2024-11-14,6833.13037109375,6880.290537400829,6799.665050601561,6832.483075647031,192648
2024-11-18,6714.8564453125,6846.875045701368,6667.696280813067,6846.875045701368,268706
2024-11-19,6660.0771484375,6769.635912143735,6634.480529074262,6722.924136518968,290018
2024-11-21,6715.45458984375,6734.826766838141,6567.699551770419,6596.981525687408,258574
2024-11-22,6907.2822265625,6922.420964972547,6724.518276406601,6724.518276406601,498633
2024-11-25,7046.62060546875,7118.331797496136,6903.0985252716355,6952.001671543729,639047
2024-11-26,7048.1640625,7083.521663467213,7014.250839763319,7066.5402496444085,179222
2024-11-27,6954.69140625,7086.858832358551,6942.042153564508,7048.1645690013365,227250
2024-11-28,6813.6591796875,7001.801369579959,6788.659763166003,6954.69129315865,412343
2024-11-29,6801.5078125,6864.803192472588,6784.675699060755,6839.504687918847,410883
2024-12-02,7037.45751953125,7051.600755122849,6793.73935019793,6830.491239919844,579743
2024-12-03,7097.96337890625,7106.777976542611,7048.163941777238,7075.902325522623,351470
2024-12-04,7203.33984375,7239.94243290613,7096.469951508705,7187.702624737906,604278
2024-12-05,7245.5693359375,7305.528054680233,7111.758146843946,7228.139532387013,510951
2024-12-06,7204.28564453125,7280.727785483219,7178.838325036564,7233.86670663391,189048
2024-12-09,7164.994140625,7198.957456038171,7134.0187916178675,7134.0187916178675,203674
2024-12-10,7229.18505859375,7279.134284217463,7186.258331879629,7199.803390025749,333300
2024-12-11,7311.35400390625,7334.461137379791,7187.104407642246,7226.595750542978,391192
2024-12-12,7198.11083984375,7289.293421045356,7160.661563251275,7270.718326967703,396742
2024-12-13,7230.33056640625,7248.158667373907,7175.302189181224,7192.034605283496,314999
2024-12-16,7230.08203125,7240.938211815018,7137.305286244866,7222.562024079061,219812
2024-12-17,7189.7939453125,7277.689954410173,7172.115144615801,7198.010852678572,237831
2024-12-18,7208.369140625,7238.348500340199,7148.858810677242,7204.235884428723,253532
2024-12-19,7268.27783203125,7283.915050632362,7108.770323872915,7119.327902358066,292899
2024-12-20,7222.6123046875,7360.257667516113,7181.128981367319,7295.418698211739,349055
2024-12-23,7235.95849609375,7300.498377302682,7156.179694097524,7222.014652570108,179062
2024-12-24,7210.958984375,7250.549539572363,7181.477618334569,7230.87876057493,146814
2024-12-26,7232.02392578125,7268.775814972087,7195.770030986828,7243.029893735596,116439
2024-12-27,7217.2333984375,7265.738247200788,7126.299816137304,7232.023929282693,189089
2024-12-30,7284.9111328125,7348.803717527655,7191.088792648417,7210.958963880439,428884
2024-12-31,7267.0830078125,7336.403925840035,7223.707403601825,7276.295904250112,212227
2025-01-01,7340.0888671875,7415.136721600807,7271.11664180525,7290.63811982779,341399
2025-01-02,7391.88037109375,7415.087202526482,7303.63566387098,7375.29725441015,265991
2025-01-03,7269.0751953125,7407.716549048129,7250.798702965628,7398.155445311148,180636
2025-01-06,7399.35009765625,7443.024303809049,7261.505344974686,7269.074957120651,527272
2025-01-07,7406.91943359375,7515.08391052524,7315.736856865804,7436.301102103653,398234
2025-01-08,7113.9990234375,7430.07615386966,7102.3958516413595,7418.871280313221,450295
2025-01-09,7063.10400390625,7134.964983091644,6963.057223235731,7111.359854591464,305521
2025-01-10,7008.52392578125,7110.363776765174,6988.703846668466,7061.560327393905,185381
2025-01-13,6812.1650390625,6971.921544035586,6728.949883696884,6971.921544035586,431086
2025-01-14,6679.94775390625,6871.326909528497,6656.293019292349,6827.1051029253595,362659
2025-01-15,6665.00732421875,6732.8342544451,6581.493571391098,6722.525673756861,547360
2025-01-16,6762.4150390625,6780.492137930959,6673.174348215843,6732.884069365978,579821
2025-01-17,6800.7109375,6817.5430502499685,6735.174585413292,6792.593726384755,166710
2025-01-20,6753.650390625,6882.282240002489,6712.964153055973,6873.318341281791,120356
2025-01-21,6891.3955078125,6986.811522486259,6810.5711174807175,6810.5711174807175,799900
2025-01-22,6865.2509765625,6914.104518101654,6802.503683311314,6880.2905044316785,247081
2025-01-23,6893.0888671875,6935.1693920550015,6795.830662598501,6864.603491551126,271085
2025-01-24,6717.99365234375,6887.511130323293,6701.4606283273615,6887.511130323293,317194
2025-01-27,6668.59375,6702.805577989317,6647.578287969774,6673.1253047450455,191705
2025-01-28,6682.03955078125,6720.434726195839,6608.435586137206,6672.129267252453,202194
2025-01-29,6757.08642578125,6771.478658053845,6670.385797779168,6713.960306518253,146288
2025-01-30,6797.27490234375,6867.342812056165,6743.192904748861,6759.029029487476,204648
2025-01-31,6783.181640625,6852.4028613905,6761.917182736824,6794.884508883915,187712
2025-02-01,6813.6591796875,6912.162376228295,6782.932827479646,6782.982432391332,117096
2025-02-03,6771.37939453125,6859.126108142737,6697.975309199197,6754.397979426772,250589
2025-02-04,6764.95556640625,6789.257596740108,6679.399736335737,6757.784252257982,223642
2025-02-05,6916.7939453125,6979.889936912569,6769.188687926539,6798.769265300493,389639
2025-02-06,6846.67578125,6897.222211173037,6758.331383091911,6809.973497923129,334197
2025-02-07,6763.3115234375,6902.053054499303,6722.924372293009,6893.686845878313,259335
2025-02-10,6734.12939453125,6806.93627437892,6659.181235989786,6789.855163417724,213808
2025-02-11,6292.009765625,6787.6634807121045,6257.299459658664,6772.623952991413,1728723
2025-02-12,6348.98046875,6468.001135191058,6190.070643775548,6324.130838972857,1133586
2025-02-13,6346.6396484375,6399.227659420889,6319.000960881246,6346.6892533454875,636246
2025-02-14,6254.18115234375,6363.296343685195,6214.385088677594,6360.653337657951,320088
2025-02-17,6283.80419921875,6300.560283147624,6133.994893360438,6133.994893360438,482329
2025-02-18,6360.25439453125,6373.370074355719,6303.552248815046,6303.552248815046,220118
2025-02-19,6405.93505859375,6418.253015318179,6267.895339784502,6331.7287808070905,195067
2025-02-20,6374.31787109375,6452.613576362721,6361.301541259929,6367.635112909902,165304
2025-02-21,6301.1083984375,6378.955565730267,6276.5728094792485,6345.741936683745,220428
2025-02-24,6235.130859375,6258.669538627559,6219.771034722145,6258.669538627559,458224
2025-02-25,6235.0810546875,6263.606721027249,6196.880437645116,6234.731868155043,421160
2025-02-27,6169.103515625,6265.900752962946,6129.456963047456,6244.706055044134,397857
2025-02-28,6036.84814453125,6129.057250262549,5985.731523175903,6129.057250262549,845516
2025-03-03,6154.541015625,6178.877416846154,5985.382304841609,6009.918380363871,373515
2025-03-04,6172.04541015625,6204.311317561263,6096.392710320739,6117.039033936698,445246
2025-03-05,6198.2265625,6218.822722263035,6114.694526781861,6183.864136745781,345922
2025-03-06,6257.77197265625,6275.625291133245,6200.87015106991,6238.721582332875,284475
2025-03-07,6199.9228515625,6298.316019985903,6181.171485889195,6275.874575676994,299433
2025-03-10,6133.595703125,6195.83320911127,6117.936367724691,6190.247685764061,266043
2025-03-11,6118.833984375,6139.679981720381,6024.280896238241,6114.046671182188,526709
2025-03-12,6127.7607421875,6141.923981148612,6047.968944120358,6118.135953947748,250139
2025-03-13,6089.759765625,6183.864314326566,6066.271250009453,6139.081265323298,247628
2025-03-17,6140.62744140625,6188.053986440044,5986.380009896248,5986.380009896248,287639
2025-03-18,6140.62744140625,6140.62744140625,6140.62744140625,6140.62744140625,0
2025-03-19,6410.82177734375,6418.152745994655,6210.893750934534,6258.91834069301,579880
2025-03-20,6457.50048828125,6467.773487546892,6347.188229313708,6448.174724417698,457285
2025-03-21,6594.34326171875,6616.834867602567,6453.211515139204,6477.099380124182,496635
2025-03-24,6598.58251953125,6682.513913010905,6583.272856740102,6632.095174628822,389998
2025-03-25,6627.4072265625,6649.798507770052,6544.97193527686,6579.3324732484025,223668
2025-03-26,6502.83203125,6662.615305690673,6474.156853100508,6636.483296364154,281646
2025-03-27,6475.154296875,6542.877977275219,6413.515325686059,6483.133476938838,728926
2025-03-28,6598.98193359375,6632.444426939291,6416.208830659561,6475.15463686784,413873
2025-04-01,6615.0390625,6644.562125090072,6528.614668904192,6581.825921467723,319668
2025-04-02,6714.62939453125,6728.842308720632,6615.0391580547775,6615.0391580547775,292940
2025-04-03,6653.98779296875,6757.318269568567,6642.716909209037,6657.677871448089,312519
2025-04-04,6697.0751953125,6717.472169011471,6564.870351363548,6654.636126450561,279891
2025-04-07,6665.90673828125,6708.196783293852,6473.957875239059,6547.914804917633,744140
2025-04-08,6738.01904296875,6772.329421575807,6698.771351643374,6707.498580279425,578124
2025-04-09,6816.314453125,6833.619397408445,6647.654435974469,6647.654435974469,680834
2025-04-11,6763.302734375,6853.0685088699265,6747.892748282507,6804.944079765703,651996
2025-04-15,6887.02978515625,6946.873635570352,6817.211959673131,6946.873635570352,778401
2025-04-16,6987.26806640625,7016.192593410144,6847.133720059796,6852.120707474261,621996
2025-04-17,7055.09130859375,7073.543162585265,6981.782591384216,7019.683696880302,533349
2025-04-21,7123.912109375,7170.29109615637,7039.632015116381,7131.39259111393,244570
2025-04-22,7070.05224609375,7153.833636891786,7051.600392167992,7122.914314097273,305540
2025-04-23,7123.4130859375,7150.342818970307,7053.09656079628,7070.052318631751,287593
2025-04-24,7140.8671875,7165.802124253614,7075.0389544704585,7122.9140330373975,277769
2025-04-25,6934.90478515625,7224.150058807237,6880.047922912097,7150.841342899142,550158
2025-04-28,7026.66552734375,7037.636900062101,6936.401051797318,6936.401051797318,379519
2025-04-29,6974.3017578125,7071.548010424115,6957.844699678227,7030.654714454103,174253
2025-04-30,6958.84228515625,7017.19003829967,6901.9906282472775,6973.803247500717,499567
2025-05-02,6909.9697265625,7079.527297797435,6899.995751783975,6903.985341695385,207912
2025-05-05,6955.85009765625,7012.701754605835,6931.912557888004,6941.88653279144,259097
2025-05-06,6990.75927734375,7055.590116697059,6931.912823161515,6981.284000822881,292595
2025-05-07,6964.82666015625,7037.636676795431,6931.912543045387,6951.8604928095465,338311
2025-05-08,6833.6689453125,6960.837126079828,6788.287359234748,6931.9125986896115,383274
2025-05-09,6704.50634765625,6826.188849056735,6660.122156571647,6717.9712146145,428193
2025-05-12,6907.97509765625,6922.437361432747,6740.911016100168,6782.303012426003,237009
2025-05-13,6899.49755859375,6994.749024708055,6882.043101452385,6890.022281859866,323598
2025-05-14,6898.49951171875,6974.800417183434,6844.640049037797,6911.964377388988,324593
2025-05-15,7054.09375,7078.031289766702,6852.120758218452,6923.933377518558,656146
2025-05-16,6996.7431640625,7086.508935233651,6974.800419998441,7061.57399879722,270772
2025-05-19,6956.3486328125,7042.623513698339,6947.372055610505,6966.821306214827,307173
2025-05-20,6894.01171875,6988.764483981662,6873.066370646159,6967.320437113444,365507
2025-05-21,6965.82421875,7024.67067191527,6910.4686568741945,6910.4686568741945,449740
2025-05-22,6936.40087890625,6982.779862423274,6897.003677854154,6965.824105008448,229993
2025-05-23,7046.11474609375,7069.553587700829,6911.964780300048,6969.31513742375,321466
2025-05-26,7078.03125,7101.470090889875,7061.574191502853,7076.535153772987,228090
2025-05-27,7055.09130859375,7105.95858175955,7011.205818019335,7099.97419668122,218088
2025-05-28,6938.39599609375,7082.519940812437,6914.458455102411,7081.522543271131,278102
2025-05-29,6904.98291015625,6962.831965304172,6868.577901313161,6947.372304014641,308885
2025-05-30,6862.59375,6974.800972858077,6835.664016514062,6931.912878787879,911209
2025-06-02,6897.50244140625,7071.548305917188,6865.585721266709,6925.928270280529,1217905
2025-06-03,6794.7705078125,6932.411363603785,6781.804340237958,6931.912664850917,489548
2025-06-04,6837.15966796875,6850.125835099836,6754.375677824124,6794.770275424815,629518
2025-06-05,6858.10498046875,6901.491770266654,6824.193466603721,6850.6244994691115,488647
2025-06-06,6924.43212890625,6936.899597629524,6790.282165443824,6849.128617817677,269399
2025-06-09,6913.95947265625,6958.3436614233015,6868.079187638623,6958.3436614233015,239444
2025-06-10,6900.49462890625,6974.30204417532,6893.014147628979,6933.40874652624,559472
2025-06-11,6909.4716796875,6928.920932340536,6845.139536296689,6899.996402753969,526939
2025-06-12,6978.29150390625,7036.639256779617,6911.964571152764,6913.959366122794,552007
2025-06-13,6976.296875,7019.184967876546,6904.982953123883,6960.837213614268,367775
2025-06-16,7095.48583984375,7119.4233799275635,6963.829369382775,6992.255198232304,589027
2025-06-17,6988.265625,7115.932505753586,6981.283842458788,7101.470241918219,264117
2025-06-18,6915.45556640625,7011.704425158424,6898.998507655878,6988.265583907894,394355
2025-06-19,6991.2578125,7016.691448881875,6894.011555745774,6918.946493375062,462080
2025-06-20,7045.1171875,7058.582053647271,6956.348810677249,6986.769434195158,378436
2025-06-23,6989.26318359375,7031.153879806513,6977.294413247247,6981.782702127185,137379
2025-06-24,6987.76708984375,7057.584916890433,6975.299620728271,7016.192919427042,238243
2025-06-25,7023.67333984375,7042.623892734553,6976.7956563770285,6976.7956563770285,378904
2025-06-26,7083.0185546875,7103.9639028038755,7002.229354810053,7036.140870807994,426516
2025-06-27,7289.4794921875,7304.939153147875,7098.976573256417,7111.44404177285,523582
2025-06-30,7223.15283203125,7317.406897569354,7184.753027552763,7317.406897569354,353888
2025-07-01,7476.49169921875,7564.761378431778,7385.229827490026,7455.5463516088785,1872535
2025-07-02,7421.634765625,7512.397937735183,7397.198526979951,7450.559293000772,910865
2025-07-03,7545.3125,7580.720113185724,7420.637805684071,7454.549322538004,894597
2025-07-04,7533.84228515625,7573.239487812459,7505.416455391644,7573.239487812459,349076
2025-07-07,7596.17919921875,7605.654475268196,7515.888702168184,7542.818434098188,449086
2025-07-08,7545.3125,7615.13032881692,7534.341126900198,7585.208402181097,481581
2025-07-09,7449.56201171875,7548.803064090689,7429.115362737596,7525.3642225757085,266815
2025-07-10,7339.84814453125,7435.598303775033,7328.8767721179,7435.598303775033,384661
2025-07-11,7170.78955078125,7364.78337060557,7140.368926078721,7335.8588421998875,578061
2025-07-14,7201.2099609375,7237.614969742793,7154.3322783663,7181.262010907202,670246
2025-07-15,7341.34423828125,7354.809104420343,7208.690371873885,7241.6044891027805,517978
2025-07-16,7333.365234375,7390.715591529242,7290.975839956648,7355.307979720971,527782
2025-07-17,7331.3701171875,7389.219170557594,7312.419565221435,7341.84279064243,378666
2025-07-18,7284.49267578125,7365.281873664221,7236.11889680194,7365.281873664221,192649
2025-07-21,7235.6201171875,7303.443146751047,7227.142238492056,7284.492594372997,217270
2025-07-22,7227.64111328125,7272.524001585625,7197.7191877449995,7251.079954951313,300768
2025-07-23,7354.310546875,7370.767605805418,7225.147569208992,7232.129351785532,508883
2025-07-24,7344.33642578125,7466.01891969655,7330.372860905723,7353.811701946785,454916
2025-07-25,7449.06298828125,7464.023950298284,7324.388304805967,7345.832350363716,434232
2025-07-28,7337.3544921875,7482.475824154234,7303.941676923681,7460.533079801876,240740
2025-07-29,7436.595703125,7449.561870525835,7291.474367984886,7337.354652633994,336770
2025-07-30,7430.61181640625,7455.048056607854,7380.741938443792,7440.585791998742,266922
2025-07-31,7478.486328125,7505.416060168128,7335.858488044729,7358.798630155542,342605
2025-08-01,7332.36767578125,7518.382308377754,7312.419725904949,7518.382308377754,215243
2025-08-04,7288.98095703125,7368.772757327159,7276.014789483164,7367.775359823459,260996
2025-08-05,7255.0693359375,7322.892365198395,7216.669532605964,7292.970440524471,282791
2025-08-06,7170.78955078125,7260.056629826374,7145.854612500489,7251.0800520453,296623
2025-08-07,7151.34033203125,7178.768764267074,7035.14351910494,7145.355946816161,407857
2025-08-08,7066.0625,7179.765813571882,7047.610646481756,7151.339985178912,327102
2025-08-11,7240.10888671875,7300.950137867648,7002.229568702161,7082.520072267509,498598
2025-08-12,7217.66748046875,7266.041262380273,7186.24945716539,7240.108925685436,342006
2025-08-13,7788.17822265625,7819.596243276558,7369.769979792154,7383.733544512291,2291645
2025-08-14,7801.14453125,7839.045636177124,7728.8332126390405,7809.622409983699,673142
2025-08-18,7802.1416015625,7896.894359906819,7785.684543534276,7829.57003160954,633876
2025-08-19,7813.12744140625,7854.07308275573,7789.658598193743,7820.118160661039,384598
2025-08-20,7872.54833984375,7907.501935162097,7802.141812131079,7819.618609790253,452843
2025-08-21,7915.99072265625,7936.463542919223,7842.5881719573,7882.535138324076,482016
2025-08-22,7911.99609375,7969.419858393815,7841.589564925845,7884.532554137741,843648
2025-08-25,7840.5908203125,7939.459562028324,7828.107393328179,7915.491382218428,402979
2025-08-26,7783.1669921875,7823.613295284131,7710.263779198511,7817.121913305659,671659
2025-08-28,7717.75390625,7817.621322221144,7704.271805093896,7744.718108562209,418353
2025-08-29,7599.91015625,7733.732490144546,7575.941977045007,7659.830604262484,481590
2025-09-01,7661.32861328125,7674.311377013591,7585.429379153716,7585.429379153716,255894
2025-09-02,7671.81494140625,7688.792402224254,7621.381896035121,7621.381896035121,195907
2025-09-03,7725.7431640625,7765.190792679417,7645.849232686466,7674.810782810278,321268
2025-09-04,7889.52587890625,7908.001350901157,7740.723428785107,7779.671721098694,386286
2025-09-05,7794.15234375,7904.505836476552,7785.164276469104,7889.525724341726,228324
2025-09-08,7776.17626953125,7839.09274098575,7730.237258627964,7824.11262873468,314960
2025-09-09,7815.12451171875,7837.594679952559,7744.717984586148,7744.717984586148,303494
2025-09-10,7918.4873046875,7928.474046148828,7794.651710567025,7794.651710567025,337313
2025-09-11,7869.05322265625,7930.971021984214,7849.579076093423,7865.058525925414,161041
2025-09-12,7864.0595703125,7904.50587326477,7831.103323462501,7864.558907385985,117761
2025-09-15,7806.13671875,7945.4517666954525,7785.663898084181,7889.526012681507,214626
2025-09-16,7842.0888671875,7851.576271738698,7795.151181513153,7795.151181513153,194911
2025-09-17,7877.54150390625,7900.511008798471,7849.578628385284,7858.566695517024,249447
2025-09-18,7840.09130859375,7875.544240439502,7810.630421566998,7864.558824938002,264065
2025-09-19,7796.14990234375,7866.05709419209,7788.160508989655,7840.091565791278,207129
2025-09-22,7728.7392578125,7786.163021518951,7601.408303506893,7601.408303506893,302818
2025-09-23,7673.81201171875,7738.72583014167,7654.337866191874,7714.7576510316685,443181
2025-09-24,7633.36572265625,7719.751035014432,7624.377655474474,7687.793462812561,201984
2025-09-25,7613.8916015625,7693.785532323911,7604.903534351841,7638.858454925441,374239
2025-09-26,7500.04296875,7620.3832054656295,7481.0681596413115,7539.989935294608,207170
2025-09-29,7434.13037109375,7584.930167713195,7416.154236397392,7539.989830972301,388214
2025-09-30,7399.1767578125,7468.085273980547,7390.188690486233,7434.1303529702045,369272
2025-10-01,7431.13427734375,7472.079917092587,7349.242997846077,7399.67604192696,220764
2025-10-03,7439.623046875,7474.077304894624,7394.183373254917,7431.134316638281,478143
2025-10-06,7651.84130859375,7719.751150538983,7539.989804213366,7539.989804213366,423558
2025-10-07,7689.791015625,7696.282397651177,7623.379184126421,7664.324824599229,210121
2025-10-08,7651.84130859375,7751.7087232190925,7633.3658368880615,7687.294240785746,188810
2025-10-09,7684.7978515625,7739.724931723116,7609.8972877071155,7679.804480638808,295802
2025-10-10,7670.81640625,7728.739508914041,7649.844248388882,7684.298507732147,273853
2025-10-13,7660.82958984375,7733.732804556121,7632.866712967772,7698.779208461148,191488
2025-10-14,7748.712890625,7838.094228904539,7664.8242602844275,7838.094228904539,413862
2025-10-15,7815.6240234375,7839.592203422486,7730.237382240988,7789.658495120432,212807
2025-10-16,7823.11376953125,7859.565375146606,7797.148242243599,7803.639624065512,178563
2025-10-17,7891.02392578125,8019.353556163189,7830.104801631069,7839.592206211834,610960
2025-10-20,7999.3798828125,8054.306960659527,7910.997221185919,7939.459434252107,498555
2025-10-21,8001.37744140625,8047.815790261142,7981.903295112264,8027.342969798233,31082
2025-10-23,7957.93505859375,8088.761373794325,7909.499361744682,7939.459586599775,456860
2025-10-24,7827.10888671875,7971.4173057466105,7814.126122377143,7964.426586485745,287555
2025-10-27,7835.09814453125,7892.52190889433,7823.613391658633,7827.10875122856,266541
2025-10-28,7870.0517578125,7890.524578196379,7818.120701229002,7853.57363408889,348079
2025-10-29,7848.0810546875,7894.519404123521,7835.597627419753,7880.038628492934,199897
2025-10-30,7779.671875,7827.108898628049,7754.705020458922,7756.702368822208,209452
2025-10-31,7670.81640625,7822.614882197142,7640.856180734117,7822.614882197142,347031
2025-11-03,7814.1259765625,7834.598796873003,7651.342088239963,7664.824189420051,332284
2025-11-04,7800.14453125,7873.047744972713,7770.184306432447,7814.125969498192,384562
2025-11-06,7771.68212890625,7840.091307244734,7689.790849727336,7722.247759158003,425649
2025-11-07,7631.86767578125,7880.537533314557,7615.389552691694,7778.672772397299,486385
2025-11-10,7519.51708984375,7642.354011558443,7505.03631451966,7621.38185419252,377719
2025-11-11,7491.0546875,7558.964528687842,7431.134239393081,7491.554024567558,306736
2025-11-12,7488.05859375,7529.004232899606,7448.111628725993,7510.029424513204,420561
2025-11-13,7430.63525390625,7499.044435398431,7415.155804079552,7470.082884109771,448567
2025-11-14,7410.66162109375,7457.099969639112,7365.221946710654,7430.135767257934,218565
2025-11-17,7477.57275390625,7494.550214582899,7415.15561906563,7465.089326938126,248470
2025-11-18,7375.7080078125,7464.090670962105,7363.224580813969,7440.122491124924,285148
2025-11-19,7449.1103515625,7472.079856601505,7322.278736781907,7409.163386277273,454714
2025-11-20,7413.158203125,7481.068045212094,7405.168809938283,7471.081303728698,228411
2025-11-21,7381.20068359375,7425.142346437496,7371.713279116123,7415.654941959869,138622
2025-11-24,7344.7490234375,7411.160854297327,7322.278855101469,7389.1900230354295,751685
2025-11-25,7320.78076171875,7399.676018546495,7304.801975525789,7399.176681477964,237415
2025-11-26,7383.1982421875,7392.186309843349,7298.810273640923,7331.766521712368,272489
2025-11-27,7312.79150390625,7386.194054338084,7300.30807696206,7380.202009404874,243681
2025-11-28,7325.7744140625,7349.243257185732,7290.321480833788,7320.2817060974885,299937
2025-12-01,7277.837890625,7371.713261015223,7272.345182783019,7365.221879020154,227568
2025-12-02,7232.3984375,7289.322865964167,7220.414347297017,7277.838112852975,329723
2025-12-03,7174.47509765625,7247.3783106474675,7141.019513612335,7190.453884065284,329160
2025-12-04,7191.45263671875,7217.917501997606,7148.5096477757,7174.475175973823,306183
2025-12-05,7179.9677734375,7209.927997820715,7137.524122227946,7191.452526117732,260117
2025-12-08,7086.591796875,7209.428717818577,7072.61035871882,7147.510920269782,287363
2025-12-09,7081.5986328125,7171.978646388798,7049.641058951267,7090.586700460971,560843
2025-12-10,7009.1943359375,7106.5650629808715,6996.2115723317165,7091.584951128046,266098
2025-12-11,7000.20654296875,7056.13229607614,6963.754936032683,7018.682014977441,350620
2025-12-12,7091.5849609375,7120.546510559692,6986.724177822665,7005.698986195826,306662
2025-12-15,7077.1044921875,7088.589245120564,7006.198626252933,7065.619739254436,205982
2025-12-16,7042.15087890625,7138.522935889084,7015.686013517182,7100.5733175953255,385236
2025-12-17,6912.3232421875,7099.574648372598,6902.336500524295,7099.574648372598,358023
2025-12-18,6909.3271484375,6940.286047274179,6871.876867586679,6912.323170905565,384579
2025-12-19,7003.20263671875,7014.687389705882,6892.849140625,6909.8266015624995,235742
2025-12-22,7044.6474609375,7094.5811684859655,7003.701820747759,7004.700494898728,358776
2025-12-23,7064.12158203125,7088.589098643926,7006.6978185525195,7060.126885441426,286197
2025-12-24,7162.4912109375,7199.941492645553,7035.16025313012,7060.626444691596,351381
2025-12-26,7146.51220703125,7192.451217864598,7122.044690391749,7172.477734893577,228172
2025-12-29,7075.10693359375,7170.480313812284,7060.626158586748,7158.496224151317,234376
2025-12-30,6980.732421875,7055.632984341471,6927.802691065362,7045.646242679274,433130
2025-12-31,7033.16259765625,7044.148013144247,6945.778610819911,6980.732205554446,226286
