Price,Close,High,Low,Open,Volume
Ticker,ASIANPAINT.NS,ASIANPAINT.NS,ASIANPAINT.NS,ASIANPAINT.NS,ASIANPAINT.NS
Date,,,,,
2020-01-01,1690.746337890625,1699.5622222324093,1681.3176830616658,1687.917741441937,397285
2020-01-02,1688.3421630859375,1697.063669128781,1681.5063880793846,1688.6721429981108,411266
2020-01-03,1651.3345947265625,1678.1119968918447,1647.2331529821627,1678.1119968918447,1318628
2020-01-06,1609.6131591796875,1638.7005422177076,1597.2144525413098,1638.6533528956213,1871804
2020-01-07,1625.8775634765625,1641.0576775493344,1613.2431406417186,1613.2431406417186,1033650
2020-01-08,1630.0260009765625,1636.8145868652969,1598.1570995026948,1599.099965048124,1006057
2020-01-09,1671.2764892578125,1673.5864639725414,1641.529033113349,1662.2720766104735,1781733
2020-01-10,1690.1337890625,1694.6124006936202,1659.4434675308844,1670.7578548095041,1256612
2020-01-13,1701.77783203125,1704.653502525769,1691.8305557391025,1696.2149029933637,823821
2020-01-14,1715.2138671875,1717.5710310334835,1701.683769730733,1701.8722968000554,775629
2020-01-15,1736.9942626953125,1739.5871432611489,1706.681108697353,1713.658337602785,1252925
2020-01-16,1730.2996826171875,1742.4154815340012,1724.265320268022,1731.0539059759028,1031569
2020-01-17,1725.4913330078125,1733.8356710113794,1711.301158902518,1730.7241683204675,862204
2020-01-20,1743.1229248046875,1755.8516114766892,1728.8384867424816,1732.9871187510564,1091453
2020-01-21,1707.293701171875,1737.2768700583674,1691.3592512302598,1734.8253276858989,2101561
2020-01-22,1677.5936279296875,1714.7896300137538,1665.9020714068809,1711.301073313128,3415306
2020-01-23,1674.62353515625,1686.7865241685959,1656.7090891198031,1677.3578683599396,1885275
2020-01-24,1684.71240234375,1697.0639194340388,1678.536586250653,1681.742352504353,1195596
2020-01-27,1686.1739501953125,1702.579837354028,1678.3010441590309,1684.9011044450494,969054
2020-01-28,1677.4521484375,1691.5008687500888,1671.7006913566931,1691.5008687500888,873291
2020-01-29,1694.2823486328125,1700.7881445022285,1679.2436878651936,1684.9008816480073,873805
2020-01-30,1701.8724365234375,1705.549635444247,1683.9579898231907,1697.1581084444251,1005975
2020-01-31,1693.056884765625,1719.7871054077968,1686.5038988316592,1706.5869850812019,1169614
2020-02-03,1760.9429931640625,1765.8930376548722,1664.1578145293377,1667.7407499134267,2854532
2020-02-04,1783.2415771484375,1788.3801481166656,1749.0627025633687,1763.1584958366493,1830049
2020-02-05,1766.4586181640625,1782.0158998292384,1759.5285793505718,1781.0730342737731,1344016
2020-02-06,1750.7130126953125,1774.850350698545,1739.5871518106812,1770.7017187536364,995386
2020-02-07,1752.5042724609375,1769.2873264453285,1744.8670839990587,1750.7129198692612,632858
2020-02-10,1762.687255859375,1765.7515690883363,1732.2326506531854,1760.3300918370971,747711
2020-02-11,1770.7957763671875,1786.258794493089,1765.7514686655754,1772.5872439414131,1093021
2020-02-12,1785.5042724609375,1807.1901780032533,1770.8898578563333,1772.5870617197365,1616826
2020-02-13,1766.9771728515625,1793.2830287688157,1761.319979734581,1781.072966329686,638878
2020-02-14,1769.8057861328125,1791.11452405561,1763.1585381191944,1769.2871640538335,771464
2020-02-17,1773.9072265625,1785.3158764267462,1763.7242328265424,1772.4929282711664,676579
2020-02-18,1757.1715087890625,1772.4930748791332,1754.6728919151942,1772.4930748791332,683421
2020-02-19,1777.2071533203125,1784.6086242651998,1745.5739706584764,1763.252698279648,723351
2020-02-20,1736.9942626953125,1778.2446353336188,1733.9771386207017,1775.4160383527064,1401879
2020-02-24,1715.0250244140625,1747.1296382794042,1710.3578865832915,1739.8224312115867,1310832
2020-02-25,1721.7667236328125,1738.2197962110067,1716.2037939791421,1733.3640157057885,897257
2020-02-26,1722.28564453125,1739.5872070127093,1716.0155646412634,1721.6727588104104,1909619
2020-02-27,1738.4554443359375,1746.1868953504309,1707.0107880260018,1725.302401633623,1643273
2020-02-28,1695.2252197265625,1736.852760465102,1681.270877408192,1716.0154529837653,2964119
2020-03-02,1684.71240234375,1732.4684558047848,1668.1650640213272,1711.3954313852903,1219296
2020-03-03,1704.497314453125,1721.0163747975778,1672.737037550781,1685.0909141872557,1392463
2020-03-04,1749.36865234375,1758.3618624611165,1707.8106475112018,1707.8106475112018,3050469
2020-03-05,1774.4549560546875,1781.6022376095489,1753.2972692776286,1755.0959343932536,2062439
2020-03-06,1777.2947998046875,1783.874111825171,1737.1093996971404,1741.8426678162061,1393659
2020-03-09,1767.5445556640625,1813.6939255389677,1749.416113411795,1787.282263052743,3420741
2020-03-11,1782.40673828125,1803.3751389932786,1752.7291705228636,1774.9281516010608,3194186
2020-03-12,1745.013916015625,1774.7862415068182,1718.1763091740706,1765.4616109635567,6254349
2020-03-13,1701.7994384765625,1745.3928908691241,1580.7697769251122,1689.7769818041418,3878300
2020-03-16,1593.5968017578125,1682.2035616337234,1588.6268700197274,1682.2035616337234,2867336
2020-03-17,1639.2255859375,1684.8543653418885,1580.9117389189782,1608.3646972594875,2643189
2020-03-18,1531.875,1664.7379417467657,1522.2191783012656,1639.6042393145474,3676437
2020-03-19,1515.7816162109375,1565.71759091329,1354.8505129047774,1457.8464652440377,4906644
2020-03-20,1649.9700927734375,1663.6493086751705,1486.767080160829,1524.1125240453205,3128629
2020-03-23,1418.51318359375,1561.978597349377,1411.2239963627778,1494.3875003887777,2155326
2020-03-24,1443.504638671875,1512.752368777314,1375.724267788255,1473.5136254600686,3910566
2020-03-25,1508.1612548828125,1519.710382954195,1368.8611500116658,1369.38185573188,2196415
2020-03-26,1530.6917724609375,1561.9787258907445,1490.0330391224436,1519.3793060937242,2622118
2020-03-27,1518.57470703125,1576.41523074344,1467.502665500724,1575.9892827593926,2102479
2020-03-30,1509.864990234375,1533.1053804465541,1475.8802212064595,1506.2677761820717,1844011
2020-03-31,1577.598388671875,1599.84475058834,1516.3499405975283,1538.3122601810962,2789174
2020-04-01,1517.6748046875,1566.7115009090553,1499.7357675620367,1562.0256124317652,1559455
2020-04-03,1439.7655029296875,1529.7922384022168,1436.3101941310417,1528.940227038971,2925847
2020-04-07,1537.1761474609375,1547.7786214580026,1455.9532231207388,1457.8465303029504,2733586
2020-04-08,1523.1181640625,1597.761887996152,1514.6456611189333,1537.1760615513947,2382213
2020-04-09,1563.25634765625,1589.3366996988416,1532.5847489168436,1552.5118527625104,1489539
2020-04-13,1591.1827392578125,1612.7664883588595,1517.3437557287534,1558.191883190144,2586159
2020-04-15,1626.5401611328125,1644.100631547994,1593.975369902901,1612.7664206569257,2508270
2020-04-16,1650.1116943359375,1658.8209758793428,1594.874485669116,1600.7910700498444,1821296
2020-04-17,1662.5606689453125,1688.5462684800193,1634.9656886807625,1668.9505818366326,1398686
2020-04-20,1638.13671875,1664.8324203033346,1614.6597781908285,1664.453735741768,1431055
2020-04-21,1633.92431640625,1660.3832415870693,1609.3113197512312,1618.7778569262384,1594930
2020-04-22,1716.283203125,1724.8030866485108,1620.9078403479211,1625.4990878017054,3727805
2020-04-23,1724.471435546875,1746.9544570083722,1704.9703958329824,1710.6029381442297,2573552
2020-04-24,1730.056884765625,1744.4933525983902,1717.2296818777806,1718.2237144108994,2744768
2020-04-27,1752.587158203125,1760.586450635906,1721.1109253035022,1741.8426627159672,1770889
2020-04-28,1727.0750732421875,1764.5625375155105,1709.9406639884908,1748.6587087652204,1934910
2020-04-29,1673.210205078125,1748.4691647973393,1662.2290466458492,1748.3745225508615,2931120
2020-04-30,1664.8797607421875,1701.1366424728626,1648.1240370313044,1699.2433351356642,2926333
2020-05-04,1587.348876953125,1657.5905311354272,1582.331566415115,1626.3509608741656,2942397
2020-05-05,1532.7745361328125,1602.5902544636092,1494.0563722790512,1591.325051038229,5867890
2020-05-06,1524.727783203125,1551.2813497732484,1492.8728635421953,1528.8457036275493,3937921
2020-05-07,1509.2501220703125,1541.8149186716005,1462.769330430226,1524.0651608329686,5256213
2020-05-08,1494.1981201171875,1550.6186536334594,1486.2462064740728,1525.8163746277237,5644426
2020-05-11,1485.867431640625,1513.6990699215744,1472.0463125253584,1498.5526126865868,3767646
2020-05-12,1442.084716796875,1461.3964730585883,1431.340221709853,1456.8998685261004,4504073
2020-05-13,1479.9036865234375,1495.5234716350296,1451.5513405768065,1495.5234716350296,2940514
2020-05-14,1441.1856689453125,1474.5078341863475,1436.0737156658208,1470.437292461771,2592264
2020-05-15,1470.1058349609375,1476.7797898499311,1429.447104277818,1447.433524795221,2860493
2020-05-18,1421.0218505859375,1475.4071751630327,1418.181889476689,1474.886469403012,2871905
2020-05-19,1423.719970703125,1436.0264704006177,1403.84024042256,1429.4472725549047,3164137
2020-05-20,1420.0279541015625,1433.2337272275258,1413.022693485617,1423.7198111504108,2057402
2020-05-21,1490.3170166015625,1499.0261847131653,1420.9272518184157,1422.820559282531,3845743
2020-05-22,1531.5908203125,1538.31203748771,1472.4249727168187,1485.110153552992,5203736
2020-05-26,1542.9034423828125,1568.557733419631,1533.5789269571114,1538.312195250189,3552636
2020-05-27,1533.058349609375,1549.5301477603969,1510.8119867688622,1543.9922465053796,2260057
2020-05-28,1555.9197998046875,1568.5576019765113,1529.0821939435566,1535.472105603745,3138915
2020-05-29,1593.312744140625,1608.3645603717157,1545.9800613751243,1551.5653410531147,3532977
2020-06-01,1602.921630859375,1620.5767482663475,1591.7984481264073,1615.4647943667642,2529255
2020-06-02,1618.1151123046875,1640.5507573386801,1590.378114442575,1602.9212751666014,2440552
2020-06-03,1624.9783935546875,1650.9639904144353,1614.8491300124579,1632.030917129866,3088817
2020-06-04,1546.5953369140625,1627.8655263037472,1540.2054250400488,1624.883544317547,4388930
2020-06-05,1551.139404296875,1570.8297311340727,1534.5255863032726,1561.9785425048733,2884206
2020-06-08,1547.0689697265625,1577.1252278197662,1542.099037285954,1568.6053436358661,2046505
2020-06-09,1554.4525146484375,1604.5777741119805,1549.435204588663,1552.5118286393204,3671930
2020-06-10,1548.6781005859375,1585.7396166818498,1541.0576075065405,1560.0853240879403,2069280
2020-06-11,1524.680419921875,1558.1919838775627,1521.2724897273654,1548.6780680078407,1888420
2020-06-12,1550.00341796875,1555.3046555955063,1493.3462169385598,1495.7128511967826,2391556
2020-06-15,1531.875,1562.5939824791906,1516.6338982542934,1542.0989063760958,1681166
2020-06-16,1535.1881103515625,1552.7485810087885,1521.887696489974,1551.5652639984175,1497691
2020-06-17,1510.2913818359375,1536.087695942266,1505.5581131925744,1521.793247750973,1812788
2020-06-18,1512.563232421875,1526.194952393092,1502.6233692005176,1510.2912405739037,1417273
2020-06-19,1535.945556640625,1543.045459059611,1506.1733453870004,1512.5632575640877,2714342
2020-06-22,1564.0137939453125,1584.2248255243874,1537.365471557577,1545.885354096997,2034739
2020-06-23,1594.0701904296875,1598.898101193743,1553.4587235399244,1571.303122694397,2334863
2020-06-24,1654.040771484375,1716.9932461180626,1594.1649215508298,1594.1649215508298,11545923
2020-06-25,1598.89794921875,1653.803858664983,1593.3600487052302,1647.1772833869893,4054785
2020-06-26,1596.7681884765625,1619.109193524405,1581.5743497973003,1618.7778878286183,2129986
2020-06-29,1601.6905517578125,1617.3103365426398,1584.745544346976,1597.0046625456857,2753482
2020-06-30,1597.430908203125,1626.3512280095113,1591.9403854994384,1617.7367015432446,1960731
2020-07-01,1597.9512939453125,1607.4178300468843,1590.4254439678837,1607.4178300468843,1661296
2020-07-02,1596.484130859375,1613.097949983055,1571.539828277345,1609.3113350769916,2038399
2020-07-03,1605.1934814453125,1628.2444775359743,1599.8448645556957,1604.95681800381,1988941
2020-07-06,1617.6890869140625,1620.6710690605025,1601.8800169847514,1617.7837291685844,1236670
2020-07-07,1652.6207275390625,1656.549363578858,1614.8492210942713,1617.7838245072373,2983260
2020-07-08,1596.2947998046875,1667.814532981456,1590.4255930947056,1656.6439731108692,2725937
2020-07-09,1625.6409912109375,1630.1375960781681,1601.8326286443596,1603.6312937029134,1904661
2020-07-10,1612.6243896484375,1619.724291569402,1604.7671186325836,1616.8369518982233,1156043
2020-07-13,1614.6600341796875,1640.4563495442721,1609.3114172401367,1616.884647438914,1289791
2020-07-14,1598.3302001953125,1626.3511278309102,1592.3662354007774,1614.659977235524,1347120
2020-07-15,1582.4739990234375,1622.1860835030006,1574.5694621501418,1609.3116137050276,1611341
2020-07-16,1602.873779296875,1606.5657513333683,1557.3397656689162,1590.1887138992117,1442725
2020-07-17,1626.25634765625,1649.544004609666,1599.6080239823145,1604.57795570352,2308792
2020-07-20,1658.1585693359375,1663.6018280174708,1628.4809994621965,1634.8709118274746,1848600
2020-07-21,1632.2677001953125,1677.2337525422909,1627.2977680938043,1667.0572249058694,2088461
2020-07-22,1605.2877197265625,1643.7692087423252,1600.7911154696255,1632.2673452681854,1300409
2020-07-23,1637.076416015625,1648.6357699776559,1598.4187034208653,1601.261178886344,2375218
2020-07-24,1622.1534423828125,1636.3183990518721,1593.681266476693,1633.4759235468603,3971563
2020-07-27,1684.78271484375,1694.1154867589255,1627.0330151800583,1627.0330151800583,6470525
2020-07-28,1667.25390625,1698.5211344731636,1659.1055002088137,1685.5878487578227,2534092
2020-07-29,1648.778076171875,1686.4408797280798,1639.1610101191072,1677.060686653653,1530981
2020-07-30,1651.809814453125,1684.6404286153513,1637.3605644326615,1660.0056416952168,2113975
2020-07-31,1625.42236328125,1677.9134379585712,1620.5901776971223,1661.9008016294447,1678643
2020-08-03,1615.9473876953125,1643.8983979193008,1608.367452719316,1638.213446687303,1437425
2020-08-04,1623.95361328125,1643.8983630277683,1618.8372498095493,1628.7384933975409,1815396
2020-08-05,1626.1802978515625,1650.4833711176286,1622.57978258071,1627.790987721845,1416803
2020-08-06,1636.8397216796875,1660.1005790474803,1629.78083744041,1641.1034353431817,1914507
2020-08-07,1711.4071044921875,1721.4979155345359,1635.0865919210341,1636.8395443212614,5166075
2020-08-10,1688.76220703125,1728.5095626258264,1683.693148371712,1714.96038185301,1892614
2020-08-11,1695.583984375,1741.3004633858372,1686.535391487882,1705.4852273472964,3039662
2020-08-12,1702.8795166015625,1711.170069262719,1678.9553503507964,1695.9627806885812,1679096
2020-08-13,1707.9013671875,1719.6975936732426,1694.115315420252,1711.5491874358952,1192375
2020-08-14,1707.9013671875,1733.9099704804594,1701.2215038238605,1723.203267021442,1868376
2020-08-17,1740.25830078125,1745.7537999843948,1707.2382316857202,1724.4352325490358,1634180
2020-08-18,1775.6942138671875,1785.0744050513308,1734.857343762732,1734.857343762732,2586298
2020-08-19,1786.68505859375,1802.5082394347396,1774.2256352242239,1790.7593191820583,1947114
2020-08-20,1776.4522705078125,1781.284455206303,1759.5395662327899,1769.8671335775712,1538879
2020-08-21,1855.18896484375,1869.6382149529775,1781.995222487172,1788.7698120639504,5688228
2020-08-24,1859.12109375,1891.1936686559538,1838.134126849975,1855.1889795733255,3996329
2020-08-25,1895.5521240234375,1910.9488661964244,1860.873946322865,1861.1108192793727,3544399
2020-08-26,1867.88525390625,1903.5109204754092,1852.8201119908724,1895.8835656447989,2245810
2020-08-27,1878.402587890625,1903.5111218523407,1866.606360652107,1876.8866240665711,3116305
2020-08-28,1855.2838134765625,1892.1412704701243,1850.7359218823258,1889.2987948509904,1842536
2020-08-31,1799.3818359375,1879.7291949546907,1782.4691287318913,1873.1914777424313,2738522
2020-09-01,1875.3704833984375,1883.6136154310982,1807.5774018303207,1823.9216346603944,3068285
2020-09-02,1841.8768310546875,1892.1413225679282,1823.9219058303763,1874.091555625198,2569603
2020-09-03,1874.138671875,1883.471442432447,1842.871444285579,1847.7983550960303,1931667
2020-09-04,1853.625732421875,1889.0145313154303,1848.556673951929,1855.1891171695936,1930422
2020-09-07,1878.0234375,1898.4419316612364,1845.8087169200635,1861.821351163979,2855392
2020-09-08,1857.41552734375,1896.8311630989658,1849.503993944401,1883.1399528506643,2401034
2020-09-09,1875.134033203125,1889.2042658533378,1855.1892809309036,1857.415863932681,2776804
2020-09-10,1948.564453125,1961.023878697306,1876.9813960230204,1880.8187843639469,5081252
2020-09-11,1929.0457763671875,1961.2604957706446,1915.8283127585437,1954.6754743921244,2599475
2020-09-14,1924.5455322265625,1946.148394161154,1899.7212903082348,1942.3584264996914,2142458
2020-09-15,1911.6123046875,1941.932045100151,1903.5586236403897,1937.620910745975,1997383
2020-09-16,1906.4481201171875,1920.565770273024,1889.4406895307172,1920.565770273024,1717740
2020-09-17,1902.516357421875,1937.620979376047,1894.9838429105594,1894.9838429105594,2416918
2020-09-18,1921.892333984375,1937.0047814876757,1909.195921103967,1919.9026243947521,3021436
2020-09-21,1868.97509765625,1948.9907382390018,1859.2633061798524,1929.4724292331964,2518361
2020-09-22,1835.765380859375,1890.9093579066184,1825.2008240515956,1885.6981529545014,1974860
2020-09-23,1844.3402099609375,1885.5086824157675,1827.0484846071245,1838.1340924053209,2732912
2020-09-24,1817.6209716796875,1842.8716526749427,1807.5775811776975,1839.6028520488444,1906183
2020-09-25,1824.4901123046875,1852.3463932171608,1807.81428043905,1824.1585133203778,1939316
2020-09-28,1843.43994140625,1855.1888623386792,1828.6590931121812,1836.239027176895,1137313
2020-09-29,1857.0364990234375,1885.461252899113,1851.398969102343,1857.0839198774781,1965383
2020-09-30,1882.097900390625,1898.7737344069835,1855.3312546835405,1862.8637688926096,2518982
2020-10-01,1933.3095703125,1941.7423860086376,1887.4510603551144,1901.6160163049974,2014003
2020-10-05,1921.513427734375,1935.441511345715,1905.4060666537614,1933.3096547321045,1554873
2020-10-06,1980.25830078125,1987.7433951312846,1937.715886402672,1942.3586203835227,3152378
2020-10-07,1994.4700927734375,2007.5455249190472,1965.0504282761215,1970.782799510095,2429595
2020-10-08,1978.978759765625,1997.26539873295,1963.2505338500325,1993.9965981150447,1427493
2020-10-09,1942.9267578125,1998.1653441326957,1937.7628581587417,1984.047808985032,1636939
2020-10-12,1968.7462158203125,1976.8945076940108,1934.0679183624384,1959.3184859805835,2182836
2020-10-13,1956.2388916015625,2002.9977053984683,1946.1956171127465,1967.9405080949,2619233
2020-10-14,1962.5872802734375,1975.9941970415769,1947.0956964375166,1961.3080737837759,1530471
2020-10-15,1980.6842041015625,2012.4726005295427,1957.5654965109818,1961.3080428889612,4001883
2020-10-16,1952.97021484375,1980.2580272247835,1947.6169782555935,1980.210606366579,2017706
2020-10-19,1961.4027099609375,1970.7353646476063,1948.5167299888078,1970.7353646476063,1338404
2020-10-20,2007.2615966796875,2019.8632852549342,1958.797478365538,1968.7933328860431,2377713
2020-10-21,2003.281982421875,2031.2804117034145,1971.9673318015703,2018.157557591517,2895432
2020-10-22,1989.6378173828125,2005.697987473841,1967.7508969256073,2003.186995563688,2755686
2020-10-23,2008.919189453125,2017.5886456021553,1985.94251672857,2002.5236207565993,3070714
2020-10-26,1971.20947265625,2005.2245705824873,1961.3556494469233,2005.2245705824873,1278139
2020-10-27,2082.397216796875,2091.4458084149182,1975.5201112751577,1975.5201112751577,4964874
2020-10-28,2049.279541015625,2105.2668949486965,2040.3593829098043,2087.474303656407,3166047
2020-10-29,2111.81494140625,2119.2167073503724,2050.7508936346785,2051.604845535209,4795796
2020-10-30,2098.57666015625,2128.325962998224,2083.3936501799894,2097.248239453066,3006197
2020-11-02,2061.900390625,2112.24137508855,2055.4950579921915,2085.766092876018,1772571
2020-11-03,2044.6300048828125,2081.8758366090506,2037.1334842879328,2081.8758366090506,1781465
2020-11-04,2058.674072265625,2100.8070702279906,2045.9108989387541,2049.70665199801,2189957
2020-11-05,2124.00830078125,2131.0303503993628,2072.148692042691,2078.1745419459285,2671841
2020-11-06,2096.251953125,2133.213049258372,2090.0363616510517,2119.8804213656344,2395965
2020-11-09,2111.577392578125,2134.1621697444457,2101.091578357221,2134.1621697444457,1691773
2020-11-10,2087.42724609375,2124.2461023608694,2077.2261582903598,2111.5776820468936,1879561
2020-11-11,2070.29833984375,2109.489532234072,2047.1443413814584,2092.408645333391,2387398
2020-11-12,2060.904296875,2089.3249533229173,2051.6046549717935,2061.0940382047806,1626054
2020-11-13,2068.637939453125,2093.879790154925,2061.093926526544,2069.1599018375364,1560060
2020-11-14,2073.050537109375,2081.401008142243,2069.017549656812,2080.072587298206,146991
2020-11-17,2075.944580078125,2108.445713733698,2070.5831718674635,2093.7371714954097,1699293
2020-11-18,2083.630859375,2097.153227470682,2055.494937024599,2073.42977467124,1817170
2020-11-19,2051.320068359375,2082.919763035525,2046.5753764162416,2063.9409952629917,2669522
2020-11-20,2055.92236328125,2078.222413798542,2050.2287333619415,2052.8858069924977,2196113
2020-11-23,2074.6162109375,2084.769803691033,2029.5891381373333,2050.228544695545,4002609
2020-11-24,2095.160400390625,2117.080963819771,2079.123438695257,2080.9263284689323,2954306
2020-11-25,2044.2979736328125,2095.920128210419,2040.2174923133045,2085.0548302257716,1682365
2020-11-26,2045.24658203125,2066.2654708330724,2009.0444501083264,2049.706545308854,2247478
2020-11-27,2102.1826171875,2129.9865498248923,2054.4509844698,2059.1956749651113,10036402
2020-12-01,2116.179931640625,2158.834662483161,2093.547660201539,2158.834662483161,2235498
2020-12-02,2197.598876953125,2207.1830148754334,2121.826060261939,2126.5707518099307,3305952
2020-12-03,2288.26953125,2298.1861209894137,2197.978152278393,2220.515435005478,4334658
2020-12-04,2314.22314453125,2320.1540085613146,2253.72833142459,2277.451787544849,2789953
2020-12-07,2346.29736328125,2352.2282274623244,2312.562561484424,2315.40937629134,1762501
2020-12-08,2314.365478515625,2357.3524289362363,2303.9746506840825,2344.3995140834677,2090950
2020-12-09,2393.506591796875,2402.806231417842,2322.0515072535113,2324.8983215247663,2022370
2020-12-10,2397.065673828125,2421.6905767355215,2373.294722733362,2387.4813041893126,2372909
2020-12-11,2392.22607421875,2407.3615944848857,2367.6011705037017,2387.528875746418,2171653
2020-12-14,2418.037109375,2423.4935047645013,2392.2735264230273,2400.813971380507,1280339
2020-12-15,2398.393798828125,2408.9745987255674,2374.717837156186,2405.5583285478247,1283286
2020-12-16,2450.585693359375,2455.7573608161806,2408.0259491425395,2410.3033084177446,1920875
2020-12-17,2443.563232421875,2470.418228433941,2426.4348524589695,2437.8221102726216,1750663
2020-12-18,2468.662841796875,2501.4012112152845,2444.037940699642,2445.4138548185842,4402604
2020-12-21,2424.20556640625,2469.422623444679,2409.449758557439,2462.922302264281,1383048
2020-12-22,2467.99853515625,2480.1449905409977,2368.73950603206,2411.2519840414943,1993090
2020-12-23,2507.616943359375,2514.686487337957,2471.035325670958,2471.035325670958,1339307
2020-12-24,2513.025634765625,2522.277782387249,2479.5755625951397,2522.277782387249,1143202
2020-12-28,2546.85546875,2552.16961602088,2495.2808099741073,2518.7195401834615,1226254
2020-12-29,2559.0966796875,2573.947470402491,2536.511903348994,2547.8991621743544,1562853
2020-12-30,2594.776611328125,2602.795324735493,2543.4866851802462,2556.4395993893627,1614643
2020-12-31,2623.33984375,2630.456880765057,2585.904275385677,2594.776709193152,1526325
2021-01-01,2633.825439453125,2649.435426342945,2609.5800223650067,2618.120466074565,1246698
2021-01-04,2613.091064453125,2648.581491994429,2604.8353484813356,2639.092110032748,1360486
2021-01-05,2651.191162109375,2661.3922480647684,2592.4992400125484,2613.0911532341424,1299589
2021-01-06,2662.103759765625,2678.3304632966456,2638.048084740426,2658.2605138828408,1697884
2021-01-07,2649.673095703125,2687.2511468615035,2639.472008487149,2657.9763062277566,1142806
2021-01-08,2699.444580078125,2704.28425779892,2646.6362593967724,2674.1079752634146,1660967
2021-01-11,2703.8095703125,2726.7263344160206,2680.370843881342,2699.7290898523684,1517995
2021-01-12,2581.634033203125,2704.4740447977465,2573.6628128033035,2704.0945621629658,6674890
2021-01-13,2565.64404296875,2621.9161218870086,2541.2563787236368,2619.0693074224187,2862676
2021-01-14,2527.87646484375,2596.9117212569436,2512.7884396170075,2574.469424728452,2124950
2021-01-15,2458.604248046875,2525.931608489195,2448.782875250049,2525.0299317282847,2570436
2021-01-18,2456.0419921875,2486.076027536784,2424.916770493867,2459.6480039602816,2395168
2021-01-19,2509.989501953125,2539.928554100659,2457.750397932459,2481.4738573719615,2558693
2021-01-20,2559.523681640625,2568.9180775975283,2509.989151580416,2518.482102539334,2065439
2021-01-21,2577.648681640625,2673.111737014648,2557.388755969035,2587.707288763363,5015712
2021-01-22,2464.060546875,2627.467907663497,2457.7501998424577,2609.5803280180535,4945564
2021-01-25,2385.583251953125,2497.1309888601095,2373.294548029312,2479.4333832808607,3520087
2021-01-27,2312.182861328125,2396.06890374391,2306.4417390060644,2396.06890374391,2700415
2021-01-28,2317.022216796875,2328.6467090454576,2278.4479739641765,2296.4303054342563,3035457
2021-01-29,2284.4267578125,2357.162787386367,2277.451968489244,2330.5925144206594,2768673
2021-02-01,2322.81103515625,2341.742306423707,2255.531175950861,2302.693591106692,1797359
2021-02-02,2337.851806640625,2391.324573808035,2301.270419630816,2334.388274431653,2679428
2021-02-03,2328.362060546875,2375.998942273978,2313.8434918080648,2375.998942273978,2409356
2021-02-04,2279.15966796875,2330.592068753772,2275.553656706655,2330.592068753772,3478562
2021-02-05,2255.38916015625,2300.1315094351053,2249.743023466861,2296.4307426435785,3303319
2021-02-08,2293.44189453125,2310.570047534435,2252.2103351755873,2271.7585591395373,3666313
2021-02-09,2378.845947265625,2403.13862748738,2299.8940994403833,2308.2922956317543,7178572
2021-02-10,2382.404296875,2424.537059565215,2348.6220048625855,2399.86466678686,4473123
2021-02-11,2377.564453125,2410.302818175015,2367.695589373864,2396.0212531734,1446286
2021-02-12,2359.155517578125,2394.1712469505746,2338.373630532189,2389.4265556169426,1376085
2021-02-15,2331.30419921875,2388.952201702739,2323.522951391181,2367.601089671632,1634576
2021-02-16,2325.135498046875,2348.7167016752715,2298.327997661272,2345.774900998623,1615849
2021-02-17,2266.20703125,2329.6911459639696,2260.3711530585892,2311.6138240347286,3178784
2021-02-18,2344.58935546875,2352.9875522752673,2272.944512268147,2300.2264889836083,4253843
2021-02-19,2293.061767578125,2344.73140849834,2277.451779838689,2344.73140849834,2244567
2021-02-22,2265.1630859375,2323.00082568326,2258.473024969836,2304.733764451886,2002642
2021-02-23,2251.0712890625,2277.4518189670775,2196.7920670453273,2253.728362519504,3267268
2021-02-24,2240.775390625,2286.324425838692,2227.347775614673,2251.830428376907,1708526
2021-02-25,2252.542724609375,2264.404455649972,2216.9100382285346,2253.728897713435,2839515
2021-02-26,2160.921875,2239.4939989242457,2144.6001854105066,2218.66485319285,3933813
2021-03-01,2241.6767578125,2248.888549133085,2182.557861574966,2182.557861574966,2545806
2021-03-02,2268.341796875,2279.871535092291,2238.545229851095,2264.1665614348085,2033586
2021-03-03,2279.44482421875,2294.2481229611535,2254.4877001436694,2283.1455909857523,1591567
2021-03-04,2293.678466796875,2310.6643668030174,2230.004625046033,2258.4727691955572,2149984
2021-03-05,2265.210693359375,2300.1314372249158,2255.72131042322,2276.5029663836444,1953642
2021-03-08,2261.03466796875,2290.26200653535,2239.5413135914446,2261.319395721458,1593838
2021-03-09,2298.992431640625,2319.204860763657,2273.7980771824823,2277.451581764639,1800442
2021-03-10,2307.77001953125,2321.102646480613,2292.2075269997285,2321.102646480613,1056102
2021-03-12,2278.73291015625,2338.800514746123,2274.6049361880373,2318.066353435474,1279203
2021-03-15,2234.74951171875,2303.595026026106,2223.4097463062612,2279.8715704876904,1524449
2021-03-16,2342.548828125,2353.366630450069,2254.0603449437626,2257.713617845292,4230564
2021-03-17,2299.22998046875,2334.3881904029895,2287.985200751319,2334.3881904029895,1623187
2021-03-18,2281.769775390625,2342.7865581536457,2267.9626759448665,2342.7865581536457,1851739
2021-03-19,2288.12744140625,2309.7157874060395,2235.0818839050935,2270.809317692133,3738079
2021-03-22,2301.839599609375,2313.6065735934826,2267.962548463027,2267.962548463027,1489853
2021-03-23,2287.226318359375,2309.668619305912,2275.7440708161494,2305.9203588845844,1745466
2021-03-24,2318.778076171875,2343.8774462144793,2286.9411519744513,2287.225879780526,4132092
2021-03-25,2279.53955078125,2342.9286759136294,2269.86042640154,2325.800293167151,2272545
2021-03-26,2377.232666015625,2385.583369307743,2286.0873285434345,2301.1753546941486,3084607
2021-03-30,2446.41064453125,2451.5348191294834,2392.748132639841,2409.449540849744,2332884
2021-03-31,2407.8359375,2451.0601231799683,2401.762825080654,2446.4104182033802,1616044
2021-04-01,2421.453125,2433.599580661807,2402.711594983835,2402.711594983835,1219588
2021-04-05,2382.45166015625,2427.3839777463622,2357.637018260687,2427.3839777463622,1268939
2021-04-06,2478.24755859375,2486.218548292558,2376.616165724699,2397.0183408347334,3372846
2021-04-07,2494.37890625,2531.8144698199235,2467.3341690564225,2471.9838733076826,1937977
2021-04-08,2515.302978515625,2522.657249657302,2493.8096206874384,2495.707497111097,897483
2021-04-09,2496.467041015625,2519.4313025989727,2476.871325212993,2500.4525357244042,1185017
2021-04-12,2469.326904296875,2476.7286684916076,2424.537068197723,2446.552387804998,1427691
2021-04-13,2439.435302734375,2491.911629772374,2433.362191127445,2467.23923739839,1200230
2021-04-15,2455.567138671875,2461.118519370477,2407.4560220899293,2457.749742693306,1209829
2021-04-16,2527.6865234375,2555.964926861839,2449.873594533594,2455.4724686666586,2760777
2021-04-19,2440.57373046875,2514.6858864329797,2435.7817785529387,2514.6858864329797,1552036
2021-04-20,2423.25634765625,2471.699697215395,2399.6753684410496,2467.239733263223,1489287
2021-04-22,2383.021240234375,2426.435166263533,2360.9584253670982,2425.154006924067,1690758
2021-04-23,2389.37939453125,2434.026992522342,2368.739984360739,2398.0623198834924,1614593
2021-04-26,2427.2890625,2443.5159992814843,2400.8137779348176,2400.8137779348176,1103980
2021-04-27,2442.899169921875,2448.1655916399877,2404.609420536016,2415.0477408303714,866331
2021-04-28,2481.046630859375,2486.4555327304183,2443.516075481663,2455.852273144289,1065561
2021-04-29,2480.002685546875,2507.0949196011356,2438.771363881498,2495.707660314529,1295346
2021-04-30,2406.886962890625,2472.7434185865864,2395.167714126698,2462.494838818476,1384907
2021-05-03,2450.30078125,2462.5897167849807,2377.6597443915034,2381.8349799734997,1034774
2021-05-04,2455.045654296875,2484.273000558921,2440.2423556760614,2471.9842957880583,1058140
2021-05-05,2436.54150390625,2483.371704959564,2416.092067449107,2483.371704959564,1220186
2021-05-06,2418.890869140625,2450.016087201445,2398.915674487729,2448.1182108766916,1518119
2021-05-07,2421.358154296875,2457.7500282732967,2411.726523882851,2424.5371900533873,1416102
2021-05-10,2426.387939453125,2456.8014608049234,2412.343605122912,2456.8014608049234,1526814
2021-05-11,2425.723388671875,2431.179783580379,2392.5580433454957,2403.66057447662,1168363
2021-05-12,2425.675537109375,2456.753260040992,2400.8134050989497,2445.413496023713,2085630
2021-05-14,2632.828857421875,2690.476849163947,2468.710053192278,2486.217915460556,10543708
2021-05-17,2640.657470703125,2679.9909082100125,2607.2548962604346,2639.945767135421,2134352
2021-05-18,2677.7138671875,2699.729187159162,2646.5886477985596,2654.180153421503,1328605
2021-05-19,2672.06787109375,2703.5250814958085,2655.745947810503,2661.9140464520347,1219067
2021-05-20,2651.4287109375,2699.729579818804,2636.625180149929,2670.3124912513586,1211975
2021-05-21,2687.867431640625,2708.2696027898833,2652.282249403547,2663.669507719412,1328308
2021-05-24,2675.246826171875,2703.525234028001,2664.8085048049716,2700.6784191097545,813091
2021-05-25,2765.58544921875,2773.414189515408,2678.6153542292604,2692.0427373410535,2730112
2021-05-26,2791.396728515625,2797.3748538933696,2761.789671052664,2789.736086649725,1250531
2021-05-27,2798.751220703125,2813.602012178597,2754.056134855087,2799.3679379179966,2415085
2021-05-28,2790.54248046875,2812.4630452604943,2781.4800744470767,2807.1014054987645,711383
2021-05-31,2825.463623046875,2837.277857856226,2786.1776723936564,2787.9805623884868,2093635
2021-06-01,2781.337646484375,2830.3029464412493,2766.249622955171,2813.601542758844,1194073
2021-06-02,2755.431884765625,2783.94752483593,2730.23752849146,2769.808437916397,2067842
2021-06-03,2785.465576171875,2791.775921938879,2755.763766969336,2770.519800926961,1404434
2021-06-04,2775.549560546875,2837.3255369816843,2759.5125958336916,2802.214819634419,1509084
2021-06-07,2783.3310546875,2790.827574680093,2755.669363897103,2780.389253251504,802415
2021-06-08,2776.830810546875,2793.911700624566,2759.038216715947,2778.4914526377615,762931
2021-06-09,2793.247314453125,2813.601994180702,2770.520289030623,2781.148351409009,1340352
2021-06-10,2813.798095703125,2822.094681221297,2785.2365150934074,2808.4576416939813,1344559
2021-06-11,2819.1865234375,2833.8249296771446,2802.3549405783074,2822.762658562368,878445
2021-06-14,2813.13037109375,2832.298545286312,2781.2790260362053,2818.089463894692,746823
2021-06-15,2901.151123046875,2908.5895297199204,2823.668205246959,2832.298656809234,2262031
2021-06-16,2878.740966796875,2901.1514129538255,2866.1530180729737,2888.563464229924,859505
2021-06-17,2918.41162109375,2931.428656348855,2861.3841549442127,2878.0250527238336,1533864
2021-06-18,2905.919189453125,2935.1005403337062,2876.2135250987126,2919.603957377129,2293860
2021-06-21,2926.279541015625,2936.387942047696,2880.9818349373663,2883.9856949487857,720491
2021-06-22,2871.20703125,2949.452903871602,2864.9129411443027,2941.966768883861,1199238
2021-06-23,2848.84423828125,2889.5167154209653,2845.17264701599,2889.5167154209653,1009007
2021-06-24,2902.15234375,2908.3032485098884,2837.4957855924686,2848.8441920692935,985596
2021-06-25,2864.626708984375,2911.9271414666514,2846.603084092993,2889.707379036615,786964
2021-06-28,2844.64794921875,2897.9563317463662,2838.2586357294463,2883.7947465588727,891695
2021-06-29,2862.337890625,2883.651744158451,2835.2069983292513,2850.4174429712225,1242734
2021-06-30,2853.946044921875,2889.516709727993,2847.222865419147,2859.9539975162543,924522
2021-07-01,2881.506103515625,2886.5601871338768,2858.0465690793676,2868.536563160073,848235
2021-07-02,2865.67578125,2897.908720129143,2860.669192946651,2892.329857176909,805542
2021-07-05,2875.021240234375,2908.589173641332,2867.6782911799214,2879.980099802237,863343
2021-07-06,2863.29150390625,2889.0396706357983,2857.0928711750626,2863.768321808649,762630
2021-07-07,2899.1484375,2926.708420405951,2871.6359501294946,2922.893877010179,1234865
2021-07-08,2887.895263671875,2917.1718353968345,2878.835723810394,2908.5891134228,907391
2021-07-09,2871.016357421875,2898.2424763351187,2867.583175024965,2881.8877136433134,547082
2021-07-12,2860.3349609375,2901.770620322163,2852.372242158058,2894.1890298910716,765566
2021-07-13,2855.043212890625,2881.0297937191626,2846.9373069441085,2879.980700997569,703484
2021-07-14,2862.767333984375,2868.2984689435666,2845.8402962240066,2863.768698275299,470744
2021-07-15,2845.267822265625,2871.397349655416,2833.3473749488885,2870.443713870077,635535
2021-07-16,2850.703857421875,2866.6295304713517,2827.5304583657876,2855.1858996111864,1062548
2021-07-19,2843.694091796875,2860.6211264406184,2827.5300123210395,2850.703407721508,837836
2021-07-20,3012.583740234375,3032.08554914425,2841.4060846056936,2857.0933496575476,6755922
2021-07-22,2962.708251953125,3018.2575416211926,2946.734851061449,2984.8802860266455,1982572
2021-07-23,2940.774169921875,2984.4984610855217,2935.338492848161,2961.9925648244325,815329
2021-07-26,2919.270263671875,2974.3904670150555,2909.7339043675624,2937.1509373674608,1136884
2021-07-27,2888.229248046875,2938.628998012954,2881.2201639410296,2936.6262695134196,904289
2021-07-28,2864.817626953125,2892.377610628833,2845.6494527254986,2889.850568687054,996594
2021-07-29,2858.47607421875,2899.0056026957145,2851.6576702034904,2864.817893073208,762683
2021-07-30,2821.2841796875,2869.1566569643915,2815.0378177615025,2868.536886736392,1067423
2021-08-02,2836.161376953125,2848.320236744473,2823.3825140286513,2847.1759200342535,832285
2021-08-03,2886.655517578125,2922.8936773627197,2855.3762173050695,2879.980067091489,2433031
2021-08-04,2878.6455078125,2911.736627977701,2872.351417553893,2899.6254982461605,659295
2021-08-05,2849.845458984375,2899.0531650458975,2841.8827388323543,2893.33134958857,693694
2021-08-06,2828.913330078125,2861.8614988635522,2824.1451503066096,2856.1396831377338,744159
2021-08-09,2853.8037109375,2875.2127944680333,2835.207807291687,2855.8062070219557,825462
2021-08-10,2839.116943359375,2868.822840466636,2823.2867275760204,2859.0003444202202,724335
2021-08-11,2834.77783203125,2862.2900847785754,2815.6573879479956,2848.8914554142257,987941
2021-08-12,2837.5439453125,2846.8418964019966,2820.8553151518654,2836.1134912987313,438552
2021-08-13,2850.13134765625,2862.814750710991,2835.254768457895,2842.692941646449,572250
2021-08-16,2833.6337890625,2845.7926475123672,2822.762432282895,2841.8351514199417,461742
2021-08-17,2875.498046875,2902.8673475096775,2835.254663063128,2836.112842146446,2036757
2021-08-18,2862.385986328125,2906.682328930145,2853.8032629159297,2906.682328930145,1375320
2021-08-20,2968.62109375,2979.2065463148974,2862.338409757061,2862.338409757061,3931334
2021-08-23,2934.7666015625,3017.1608787386067,2909.542979880978,3012.583380091947,1578949
2021-08-24,2904.7275390625,2949.405478966772,2893.8561817482496,2949.405478966772,763704
2021-08-25,2897.19384765625,2927.6624707797496,2872.923858428538,2885.7024874851863,797870
2021-08-26,2898.71923828125,2941.4899010522226,2885.8928821322093,2921.940365318207,1319516
2021-08-27,2896.001708984375,2916.1710162642494,2880.4573963843422,2899.482387084734,634375
2021-08-30,2964.61572265625,2969.8607203159554,2906.730067776119,2914.9789255124188,1051747
2021-08-31,3052.92236328125,3061.1712206382654,2959.1799083092897,2964.615586342432,2283290
2021-09-01,3149.620849609375,3178.468334493391,3065.9393025491304,3080.2915688655944,2423168
2021-09-02,3148.52490234375,3165.118076625074,3115.1951358583115,3159.348531909689,847517
2021-09-03,3184.0,3189.8647684126436,3134.124789435295,3148.5247865104043,832039
2021-09-06,3161.82763671875,3192.4869385694965,3152.624910352588,3187.051260362934,664394
2021-09-07,3181.567626953125,3237.212372320732,3169.7426354584063,3178.945128347169,1285818
2021-09-08,3181.901611328125,3205.6947802763943,3144.137536865116,3189.9120596948173,702598
2021-09-09,3191.19970703125,3203.2631084911336,3151.7667679557003,3151.7667679557003,591745
2021-09-13,3210.940185546875,3217.5679092758787,3175.9417904186544,3191.4383756367138,610920
2021-09-14,3206.600341796875,3231.4903290282396,3201.212392715362,3227.961690350536,569412
2021-09-15,3196.87353515625,3227.0560169506184,3191.771490184546,3205.980804169582,587855
2021-09-16,3187.146728515625,3214.706713709934,3180.3758202974277,3194.680359219305,516746
2021-09-17,3149.9072265625,3225.1967371835317,3132.7417797058165,3196.5876590890593,1545695
2021-09-20,3119.867431640625,3161.3028630246154,3113.621070218814,3146.9505968258186,689288
2021-09-21,3155.771728515625,3180.375580167831,3119.3428853760042,3119.8674316611223,922057
2021-09-22,3163.687255859375,3175.5599768416005,3135.793404394752,3174.1772512819684,825945
2021-09-23,3166.69091796875,3185.1438655277825,3161.302968330718,3185.1438655277825,694716
2021-09-24,3288.708740234375,3342.4937099420295,3166.8817583670157,3175.6074334114,2775975
2021-09-27,3271.591064453125,3309.1167320502745,3259.1937971572593,3301.1062832337643,902449
2021-09-28,3223.0029296875,3270.6847206194134,3194.6799924381926,3266.107222125701,961271
2021-09-29,3168.97998046875,3224.9106356357806,3156.5349847952566,3208.9849618839994,973387
2021-09-30,3094.215087890625,3192.487328498625,3070.7080526040236,3175.512560401337,2077896
2021-10-01,3030.51171875,3102.129629967198,3023.0255843479576,3097.409179167876,1512332
2021-10-04,3053.16064453125,3080.7206275945086,3030.654745239235,3054.3049609922627,921241
2021-10-05,3103.8466796875,3108.8532685402106,3043.672156729267,3059.7887443479044,909337
2021-10-06,3063.31689453125,3127.9257262238307,3052.2546250539044,3110.760280165285,786378
2021-10-07,3138.27294921875,3164.1640720505084,3070.7077492473286,3070.7077492473286,1177283
2021-10-08,3153.578369140625,3174.653815021297,3112.7629401128875,3153.673825856242,882436
2021-10-11,3152.76806640625,3189.2923685504097,3144.8528417398234,3172.1744176025513,460197
2021-10-12,3169.17041015625,3180.3756316470603,3127.925658711352,3127.925658711352,564524
2021-10-13,3169.408935546875,3203.1675535116015,3138.7971298168777,3188.004835725351,770144
2021-10-14,3144.900634765625,3197.493563481771,3137.4622279042114,3187.0512965519374,648597
2021-10-18,3091.2109375,3131.6927370862536,3082.1513959586614,3101.700932968919,1576121
2021-10-19,3036.13818359375,3117.5310977571094,3028.8429623588468,3109.7110974112256,1042069
2021-10-20,3022.644775390625,3070.660208562533,2991.2222827603796,3042.0988567693485,1205540
2021-10-21,2862.81494140625,3047.2957577384127,2785.0458880226506,3045.913032262346,5103543
2021-10-22,2844.1240234375,2863.7212905608503,2777.1310918425556,2837.067209892673,2855592
2021-10-25,2782.75732421875,2813.2259450937318,2724.776214108158,2813.2259450937318,2161537
2021-10-26,2832.108154296875,2883.795177380106,2763.637044989268,2782.7574927792093,1988263
2021-10-27,2951.169189453125,2999.184849246029,2888.7537675330677,2888.7537675330677,4609951
2021-10-28,2975.32470703125,3005.2088026415636,2923.4810866032117,2962.626326495678,1791065
2021-10-29,2959.858154296875,3002.4404051759584,2943.818103992014,2983.631637949569,1118903
2021-11-01,2980.575927734375,3000.1007631603707,2951.7897148368747,2986.4954052559915,750393
2021-11-02,2962.960693359375,2997.7617210225767,2940.666907816512,2978.8573871388044,881916
2021-11-03,3027.21630859375,3038.9121441235134,2954.9886501729193,2961.7675542082466,879227
2021-11-04,3016.33203125,3045.6909645287647,3002.7266719256945,3035.188581892459,263595
2021-11-08,2996.043212890625,3037.097979670197,2955.131567175294,3021.8217873801236,787824
2021-11-09,3002.86962890625,3012.274127900613,2978.8574577020327,2997.9526978155072,668840
2021-11-10,2967.686767578125,2994.754130387201,2941.144337391452,2990.314580331124,872975
2021-11-11,2924.9130859375,2966.1109687585085,2913.933324067651,2950.214276333238,958143
2021-11-12,2981.6259765625,2986.495355707015,2936.656828934976,2949.2596399549134,682344
2021-11-15,3025.354248046875,3036.1431050709243,2984.585958003682,2984.585958003682,696377
2021-11-16,3009.123046875,3063.830950605386,2978.9527105597094,3021.821426820208,1400107
2021-11-17,3084.11962890625,3093.3329880070587,3021.869199616595,3026.5952244045548,1616452
2021-11-18,3080.873779296875,3112.524045601868,3068.6049946516573,3102.8333047719802,1609821
2021-11-22,3113.71728515625,3158.686664444809,3069.6073314460955,3094.3833564404467,2146970
2021-11-23,3041.441650390625,3139.543430236338,3028.074984523569,3113.7170756382598,1482618
2021-11-24,3014.18359375,3063.7356476498285,3007.500259839246,3041.919476098866,1056213
2021-11-25,3002.01025390625,3029.793919821408,2972.1739430421103,3013.7060877649924,728825
2021-11-26,3000.91259765625,3024.0655766362797,2951.1694031864504,2960.717023384401,1029110
2021-11-29,3002.058349609375,3035.092976562536,2932.9334375809044,2989.359967770922,876651
2021-11-30,3001.437744140625,3044.7362980618013,2975.1817867255418,2975.1817867255418,2340489
2021-12-01,2996.186279296875,3054.9997117792304,2982.77205966382,3013.1333048095184,1741820
2021-12-02,3036.716064453125,3049.509781820912,3009.6484689245362,3017.0478743124863,939320
2021-12-03,2969.7392578125,3043.255927889577,2965.4906137584503,3040.916807733633,1216263
2021-12-06,2900.853271484375,2974.0834662327316,2891.2578672935056,2974.0834662327316,1107363
2021-12-07,2893.2626953125,2930.164147958229,2879.9913656025346,2902.4760540218367,2056459
2021-12-08,2967.87744140625,2981.7214893072924,2893.883392279988,2894.742584773308,1171484
2021-12-09,3034.902099609375,3039.055407789844,2970.2647550625175,3009.7918109270854,1287243
2021-12-10,3134.626708984375,3143.076445766298,3034.9018665512763,3039.9621516767597,2554394
2021-12-13,3131.47607421875,3189.8596742092195,3122.9785530080158,3136.4885744550857,1265832
2021-12-14,3148.327392578125,3155.4881068902814,3102.02144002618,3125.890487733368,863179
2021-12-15,3152.576171875,3164.033315266611,3118.7299073915174,3129.852790862402,811946
2021-12-16,3149.37744140625,3174.5830602855467,3122.6441103722664,3174.5830602855467,502930
2021-12-17,3096.96142578125,3144.3177138068713,3081.685233914429,3126.845522739957,1019403
2021-12-20,3092.9033203125,3126.845151708291,3037.0975351401753,3081.016581545849,948872
2021-12-21,3123.3603515625,3146.8951385318055,3093.4284735567508,3100.1118066786325,712026
2021-12-22,3131.715087890625,3137.013830781767,3094.383798563336,3127.513995020352,619865
2021-12-23,3120.06640625,3158.2568833085206,3102.9762610047815,3141.166738063302,1051596
2021-12-24,3136.202392578125,3150.7147289528493,3113.4790094288614,3131.6194881713172,651404
2021-12-27,3124.363037109375,3136.1544409027324,3080.2530798714834,3131.7148908958475,640701
2021-12-28,3215.8291015625,3222.3215293371404,3124.9358120060624,3127.7523130939517,1211648
2021-12-29,3215.113525390625,3232.824408625343,3194.8248311545685,3219.648645278685,598421
2021-12-30,3213.4423828125,3236.6431457864905,3198.7391414064,3211.1032625564644,691223
2021-12-31,3229.912109375,3250.9646584077163,3209.336941349392,3236.6432281944662,570671
2022-01-03,3267.57763671875,3285.2407351304523,3229.9601041506903,3229.9601041506903,696276
2022-01-04,3302.808349609375,3315.3633771133345,3260.5601296205587,3278.6528235389023,790886
2022-01-05,3367.2548828125,3379.8576953964316,3295.886418764228,3313.0243511371805,1024506
2022-01-06,3355.654052734375,3377.5182416276302,3295.98142982077,3333.2171465188594,1312743
2022-01-07,3414.515380859375,3419.9574776300005,3338.3731115011974,3355.654163811295,964364
2022-01-10,3392.74658203125,3427.5953931313315,3367.4453904106426,3418.0477736518574,657511
2022-01-11,3378.6640625,3402.771803249735,3336.941009287024,3389.97808555568,734344
2022-01-12,3383.48583984375,3420.3873002787614,3374.1291250226914,3395.9930829904965,594543
2022-01-13,3299.89599609375,3398.952548598553,3293.9287338946656,3398.952548598553,1153984
2022-01-14,3212.200927734375,3305.3857848674315,3194.6334015500943,3305.3857848674315,1558978
2022-01-17,3225.806640625,3245.2361411812312,3170.764702813436,3212.201281692422,1103159
2022-01-18,3221.08056640625,3242.801402267865,3199.407515264669,3226.1886364297675,558543
2022-01-19,3132.001220703125,3217.547990483844,3119.9235744521015,3217.547990483844,1495218
2022-01-20,3156.824951171875,3212.6785275988063,3076.243132437137,3133.5288518493744,3075678
2022-01-21,3126.70263671875,3174.536076239734,3095.099919180163,3150.76259409838,1441694
2022-01-24,3012.417236328125,3122.07174545831,2993.178875232967,3120.1622214549716,1575665
2022-01-25,3004.7314453125,3014.135710722476,2874.5495593584187,2959.762063941243,2699779
2022-01-27,2975.9453125,3000.8169087446904,2932.312736551744,2998.048192235994,1834684
2022-01-28,2970.12158203125,3026.595663395239,2962.6266067872007,2988.4051818382013,892060
2022-01-31,3009.648193359375,3048.9843369428245,2994.515124035653,2997.952360107364,944530
2022-02-01,3051.65771484375,3067.029474631762,2999.4800703845362,3049.509500574404,1008915
2022-02-02,3053.042236328125,3097.390882220039,3047.743260894317,3059.8211394014547,667265
2022-02-03,3058.102783203125,3094.9566908130187,3045.8817825954366,3067.5072824405274,899753
2022-02-04,3090.230224609375,3101.830722356214,3032.3717893163644,3043.7811481930207,705765
2022-02-07,3031.083251953125,3104.1225540417586,3000.912908856598,3087.700692217545,860393
2022-02-08,3070.848876953125,3077.675332070256,3022.9674224053756,3035.1884227241644,799206
2022-02-09,3082.305908203125,3111.5692694316904,3076.95914791684,3083.8811722198097,472725
2022-02-10,3092.2353515625,3101.0668998456194,3032.324037533771,3074.333564502123,728666
2022-02-11,3070.800537109375,3083.8329429211244,3038.5295404610533,3083.8329429211244,587840
2022-02-14,3001.24658203125,3038.72099077786,2978.857459603151,2997.952699728812,681236
2022-02-15,3116.91552734375,3122.071147927557,2991.1256576986566,2997.952111465605,676844
2022-02-16,3105.697509765625,3136.488582727182,3077.1977722511074,3131.6192035319987,624320
2022-02-17,3118.109619140625,3145.893053912408,3089.991691329003,3124.936074307677,636735
2022-02-18,3111.044189453125,3123.981261160605,3083.9290419162467,3089.7529502532384,423801
2022-02-21,3104.55126953125,3130.1389336745774,3059.200081755333,3088.654578001943,547472
2022-02-22,3081.160400390625,3090.3739944613653,2978.8577351913686,2978.8577351913686,1147209
2022-02-23,3090.755859375,3147.755110787344,3083.8816187944544,3090.4693841224316,935896
2022-02-24,2930.212158203125,3053.1377571234507,2913.456039653391,2988.404851422289,1823450
2022-02-25,2978.09375,2999.3372056856815,2943.5791950120824,2964.5361754625364,1239456
2022-02-28,3031.03515625,3046.1682275189364,2878.6074928599255,2950.2146444236055,1678348
2022-03-02,2891.926025390625,2970.455192073076,2855.788427145824,2966.4452386915036,3014206
2022-03-03,2741.98095703125,2912.978928365522,2732.5289062543834,2891.974163886977,4406840
2022-03-04,2614.281494140625,2734.247480082078,2541.62424532367,2734.247480082078,6979253
2022-03-07,2585.92529296875,2604.5431534136414,2481.760890542494,2530.0239269111294,3233760
2022-03-08,2600.1982421875,2613.1353114420463,2518.6616761598293,2568.3092907012665,2611102
2022-03-09,2744.892822265625,2759.2620362361945,2544.488382145627,2625.595363200531,4076068
2022-03-10,2781.031005859375,2902.4766946202985,2760.4080518959577,2864.2862117963473,3971987
2022-03-11,2799.36181640625,2806.9521266903025,2751.957982569486,2785.040388286846,1265493
2022-03-14,2828.76904296875,2837.8870671481154,2785.3273697765326,2816.5480421327975,1214217
2022-03-15,2852.01708984375,2894.8382569021637,2831.8239676688054,2862.3763503274035,1857685
2022-03-16,2904.385986328125,2912.024082281651,2874.5496740096655,2905.340748322316,1287234
2022-03-17,2994.70654296875,3020.19864141353,2937.325254286549,2972.6514478209556,2867519
2022-03-21,2907.96630859375,2976.279575070127,2893.0243768040737,2976.279575070127,1259015
2022-03-22,2913.121826171875,2924.1493732972117,2840.4167970259678,2887.200132506395,1515772
2022-03-23,2880.326171875,2940.571516803688,2869.059933172089,2921.5718454264866,948403
2022-03-24,2888.48974609375,2901.4743713966836,2817.0734910908222,2835.1661871035394,1243917
2022-03-25,2909.112060546875,2925.915965165954,2855.6931726919856,2888.4893409829438,1083275
2022-03-28,2890.494140625,2920.2351164775796,2860.132662717263,2909.1119994339856,680332
2022-03-29,2904.958984375,2948.0186111610283,2876.411460423094,2930.1646081962754,1120936
2022-03-30,2942.146728515625,2954.3677280735683,2917.6569446830863,2938.757276979795,849545
2022-03-31,2940.619384765625,2987.6892013380393,2927.396069981333,2974.083841868816,1464862
2022-04-01,2973.271728515625,2979.811940880987,2947.9705377327523,2969.309559801304,637392
2022-04-04,2976.94775390625,3000.8168026065887,2953.5560861799177,2983.5833028257084,873264
2022-04-05,2998.716552734375,3014.18365060032,2940.6669761954345,2969.309836353182,805874
2022-04-06,3011.3193359375,3021.82171789543,2972.1740940943046,2995.0883820025165,736379
2022-04-07,3012.27392578125,3063.783285911903,3003.20368733595,3011.3191638396397,1025244
2022-04-08,3061.205810546875,3074.333788681774,3008.6461132857303,3024.686162280702,678898
2022-04-11,3014.613037109375,3076.24296687947,3007.500107284398,3039.9620132042933,672652
2022-04-12,2987.116455078125,3019.0534349136424,2973.2724041454253,3011.9880552695645,794265
2022-04-13,2941.287109375,2980.6710371525164,2927.3955104176794,2976.183702909826,1121350
2022-04-18,2884.861083984375,2919.6621112550156,2876.6978225020803,2917.7525873104405,1032504
2022-04-19,2855.8837890625,2920.807599180967,2835.6428831153885,2892.9285979258,749782
2022-04-20,2943.531005859375,2949.7369583530776,2845.1905278822373,2855.9793842212935,838182
2022-04-21,3015.376953125,3030.796265504502,2946.44318639329,2950.023543734925,1069035
2022-04-22,3021.248779296875,3029.7463009538455,2972.412796239629,2980.2895827389393,681191
2022-04-25,2988.97802734375,3012.36969647605,2955.0839761520497,2992.224124923633,1096774
2022-04-26,2984.251953125,3006.2592653269776,2965.3000660058347,2988.405261343305,1703441
2022-04-27,3005.9248046875,3020.866735599515,2946.347520613168,2955.9429245942156,963536
2022-04-28,3100.781005859375,3120.162724235654,3026.596032994805,3045.691276105182,2001838
2022-04-29,3090.755859375,3129.7102001263843,3075.575235047286,3102.02209890501,1088970
2022-05-02,3055.238037109375,3066.2177988052367,3011.36677503949,3050.4642276763916,595522
2022-05-04,2960.573486328125,3050.1777494378275,2942.050965888993,3034.233272566857,1120002
2022-05-05,2937.373291015625,2985.4932060713604,2931.1195528422736,2964.2975347514816,724601
2022-05-06,2879.80078125,2914.3153330980376,2868.0093777260936,2883.3811386241196,923941
2022-05-09,2869.29833984375,2901.330649769452,2840.4167909608705,2865.0974805174387,998324
2022-05-10,2946.72998046875,2996.7594192311312,2898.6576174546285,2912.979048370906,2460016
2022-05-11,2915.5087890625,2968.8801229079377,2844.235901421119,2950.5962913710687,1883969
2022-05-12,2902.4287109375,2938.7574518527085,2852.828871389179,2904.3860196672968,1254245
2022-05-13,2925.390380859375,2975.2766887575153,2897.9887617048917,2935.3198111068564,1121729
2022-05-16,2864.190673828125,2950.119261126367,2850.155717855321,2950.119261126367,733044
2022-05-17,2912.02392578125,2918.325447842723,2817.502493436219,2863.235497261657,1179081
2022-05-18,2959.858154296875,2987.2597806405597,2889.110187659326,2892.929236155902,1379763
2022-05-19,2909.064208984375,2932.7423529140356,2864.7155612459865,2864.7633459646404,772390
2022-05-20,2969.261962890625,2983.631177259544,2931.119268539776,2940.6668883070065,778957
2022-05-23,3030.605712890625,3043.7814760624583,2988.4530607815054,3001.724160302517,813294
2022-05-24,2947.207275390625,3039.6280537264447,2931.119441892896,3031.1307648695347,691307
2022-05-25,2709.662109375,2901.5214702752846,2698.4436568328038,2901.5214702752846,3381427
2022-05-26,2711.66748046875,2730.619601360032,2595.5685491637587,2721.071980376256,3212196
2022-05-27,2706.607421875,2739.212454224442,2655.19338975189,2738.257692128163,1879534
2022-05-30,2715.3427734375,2753.5332484506853,2689.5642028035995,2749.714200949367,2525482
2022-05-31,2730.284912109375,2747.8048870984567,2683.835836564893,2715.342980857544,2408221
2022-06-01,2723.45849609375,2806.9045983184124,2703.9336605937515,2730.2849508822956,1770795
2022-06-02,2776.97314453125,2786.950361109542,2719.1622570880354,2740.3579275008724,1164197
2022-06-03,2756.302001953125,2787.3795480349254,2726.799952844637,2773.583285368932,1228489
2022-06-06,2689.993896484375,2742.0762052897353,2680.684967862657,2741.2170128092753,1193698
2022-06-07,2620.535400390625,2677.152837620019,2607.4552066834062,2673.3337893495195,1403598
2022-06-08,2582.822021484375,2649.464453270561,2577.85730588487,2646.504597940146,1743575
2022-06-09,2580.03759765625,2590.4084966910477,2529.095540917134,2573.507754972157,1857501
2022-06-10,2601.114990234375,2627.282183029534,2546.6200107435393,2559.1034421687527,1592920
2022-06-13,2555.022705078125,2576.3885813115135,2537.4978852462446,2563.857087913698,1674206
2022-06-14,2530.679931640625,2560.4002932783574,2482.2827144651424,2513.0111658627766,2296040
2022-06-15,2555.406494140625,2576.964608866053,2522.7096919251526,2544.6996441307256,928842
2022-06-16,2551.853515625,2617.1514675152994,2535.0969557410413,2587.863415564503,1280628
2022-06-17,2477.673095703125,2551.4214168918406,2458.2758100275164,2544.795689148406,2043251
2022-06-20,2554.974365234375,2567.1218454377713,2485.49940584278,2496.6863876114894,1595360
2022-06-21,2571.923583984375,2602.3158506040095,2535.097359998002,2568.658545205532,1042074
2022-06-22,2560.400146484375,2600.346990347362,2521.9895844395032,2581.1897694153754,1871760
2022-06-23,2648.60009765625,2657.9626715846475,2568.658120267627,2568.658120267627,1612872
2022-06-24,2651.19287109375,2674.143322112884,2617.6797501663773,2664.7326877152227,2215583
2022-06-27,2708.85693359375,2715.2906560988704,2655.130204729523,2669.438045872529,1295734
2022-06-28,2618.159912109375,2674.1433526800024,2596.8420972518693,2669.534038387699,1838358
2022-06-29,2590.6005859375,2610.958138363063,2571.587309502127,2598.9548368810706,1066354
2022-06-30,2588.103515625,2618.591897975024,2573.5075495453207,2606.9728441053026,1291447
2022-07-01,2662.9560546875,2669.5339569543394,2578.3088756915113,2597.418035780258,1477191
2022-07-04,2679.424560546875,2686.8185461125486,2635.7325505940084,2664.8764209648375,653147
2022-07-05,2656.666748046875,2700.550770449874,2650.3289112225084,2674.3355136792343,1073043
2022-07-06,2747.699462890625,2754.997563457026,2693.684609999563,2718.0754575687174,2085735
2022-07-07,2776.50732421875,2815.4941376357388,2762.487610036082,2786.1099645244653,1469087
2022-07-08,2765.368408203125,2773.2425263832183,2727.6299848308627,2765.560414121769,1274148
2022-07-11,2816.502197265625,2823.704176818593,2738.0486802231803,2759.798564697369,1081885
2022-07-12,2778.235595703125,2807.0915741062418,2770.745490052549,2803.970716288455,1115524
2022-07-13,2824.328369140625,2850.9756945672507,2809.7804636294354,2831.81847506735,2153712
2022-07-14,2822.35986328125,2837.4361957474302,2796.672801085964,2834.7954697273544,882479
2022-07-15,2859.810302734375,2866.388205289469,2823.608394734693,2832.7309032607395,1668006
2022-07-18,2897.933349609375,2904.7991447210984,2869.653381954625,2875.7511532738877,823390
2022-07-19,2899.13330078125,2902.878236818097,2859.8103001970267,2864.8997465738835,638171
2022-07-20,2886.985595703125,2923.715692937107,2880.7919399201865,2912.480651259308,867436
2022-07-21,2944.26611328125,2962.36695251634,2862.5475373098557,2862.5475373098557,1184060
2022-07-22,2945.513916015625,2969.8567039780896,2926.8848868240943,2944.2657602755767,1268141
2022-07-25,2981.57177734375,2993.335011807055,2930.38965724001,2947.5304640908957,985844
2022-07-26,2984.98046875,3024.6394165094903,2931.685819878961,2972.977169454721,2876310
2022-07-27,3059.449462890625,3066.123251454533,2972.9776343574176,2995.0156484218815,1976407
2022-07-28,3142.367919921875,3149.6660203301317,3055.560145332463,3070.9243698218784,1332572
2022-07-29,3201.280029296875,3221.0615609739707,3144.86452071909,3154.8511722915487,1836550
2022-08-01,3192.44580078125,3221.6857933591664,3182.7951004736087,3207.329893120167,1076122
2022-08-02,3261.20068359375,3269.4590482602152,3193.4542419200475,3198.6395740523612,1650536
2022-08-03,3302.971923828125,3310.990221882536,3237.2899609981146,3268.738606522086,1169005
2022-08-04,3322.993408203125,3338.789703336604,3275.36422237508,3317.711956463458,981434
2022-08-05,3335.861083984375,3353.1938964264195,3314.3993238095286,3336.917468181741,792478
2022-08-08,3321.025390625,3338.7902768005956,3299.9957002253577,3327.3151674831747,724644
2022-08-10,3276.084716796875,3312.7669906597243,3261.0566783535105,3304.268560133813,1089295
2022-08-11,3269.89111328125,3339.7503232842764,3255.2951465327724,3312.910989834237,1410533
2022-08-12,3291.641357421875,3298.3151459650344,3248.57341917374,3263.9376446265273,548472
2022-08-16,3361.884521484375,3369.9987060179437,3318.000500211219,3332.1163352044505,911189
2022-08-17,3383.682373046875,3404.760121975189,3365.341470426292,3378.1608547806704,817912
2022-08-18,3394.86962890625,3401.927429064047,3375.856353682949,3384.9308021369548,599877
2022-08-19,3344.16748046875,3397.89420502961,3326.354536165768,3380.129320815099,581829
2022-08-22,3216.644287109375,3347.0481832963033,3200.751871253156,3324.530039712452,2336567
2022-08-23,3223.222412109375,3249.4854932792246,3185.0519160259096,3200.560086696613,831446
2022-08-24,3244.58837890625,3250.4939092195896,3170.7919906183415,3206.8980137845756,1182154
2022-08-25,3228.8876953125,3269.8428610772626,3218.0366652403623,3240.8909952950744,615392
2022-08-26,3191.485595703125,3250.0136420289014,3174.2967287305933,3245.0683760007423,1384783
2022-08-29,3210.40283203125,3215.300272533534,3108.0866491221404,3117.977415869429,1031166
2022-08-30,3256.831787109375,3274.2604865975322,3198.639689377925,3198.639689377925,1426459
2022-09-01,3309.59814453125,3336.341357951905,3183.2753604873647,3183.2753604873647,1417762
2022-09-02,3294.7138671875,3350.3611194897585,3288.904223058877,3350.3611194897585,740821
2022-09-05,3288.712158203125,3312.9107638511914,3270.227076404825,3288.9522242005055,518438
2022-09-06,3260.336669921875,3298.075095759164,3249.533698848575,3284.1032062831346,540937
2022-09-07,3265.234130859375,3298.5071881959534,3251.4061871360022,3257.215831837169,682921
2022-09-08,3313.054931640625,3346.184041498708,3291.208924415367,3312.910985808333,1143090
2022-09-09,3305.084716796875,3345.271624224618,3297.0183585951427,3345.271624224618,702805
2022-09-12,3295.818359375,3316.4159771961367,3286.9839766441028,3305.0850484975267,641280
2022-09-13,3286.215576171875,3321.5533400045983,3278.965535726007,3295.626210724424,776044
2022-09-14,3302.300048828125,3311.4706175072884,3245.6925292662418,3245.6925292662418,816678
2022-09-15,3260.480224609375,3321.313041531087,3254.4307490856477,3303.3080919022595,590182
2022-09-16,3190.525634765625,3284.1033274267747,3178.04220106488,3276.805226256699,1598265
2022-09-19,3184.4755859375,3209.298504861112,3102.9012035678297,3188.700653889006,1013563
2022-09-20,3258.3681640625,3274.500648161279,3201.5205750644295,3203.057091431735,708184
2022-09-21,3222.694091796875,3288.8081285119597,3214.9639195945465,3269.6989684048476,605378
2022-09-22,3299.46728515625,3303.308341367142,3183.89941263525,3222.694221028939,829396
2022-09-23,3260.336669921875,3301.3398999077485,3248.285308636654,3298.507167714201,513370
2022-09-26,3301.435791015625,3330.1956517895255,3220.725552509247,3236.089776969637,1429914
2022-09-27,3332.74072265625,3360.9245696086223,3294.714402475231,3317.568736436468,1455383
2022-09-28,3428.766845703125,3440.5300806907653,3284.103155732958,3313.871342232292,1843428
2022-09-29,3250.301513671875,3421.8525771405307,3238.3940998493445,3421.8525771405307,2624894
2022-09-30,3209.63427734375,3276.3245635402413,3154.707224844648,3266.818043960579,2159720
2022-10-03,3171.65625,3219.2854438548984,3155.18781421215,3214.964255339657,934543
2022-10-04,3205.12158203125,3234.5057580211565,3180.4428409157904,3197.6795350652574,994382
2022-10-06,3196.6708984375,3232.968925689561,3180.1063439062327,3205.1212687964157,922770
2022-10-07,3210.834716796875,3226.103055188391,3156.627860430884,3186.155978678127,774544
2022-10-10,3147.697265625,3167.9108692872137,3130.6525799839424,3149.665853671434,734377
2022-10-11,3167.623046875,3226.487281366394,3143.9045711885638,3159.748928373845,1411316
2022-10-12,3119.129638671875,3206.8017932783837,3078.6065426712075,3202.48060505567,1812549
2022-10-13,3081.487548828125,3128.7324964563845,3066.9874668979837,3101.7492154553584,779890
2022-10-14,3058.921142578125,3117.0171178177975,3053.639690283609,3106.454213228766,845765
2022-10-17,3070.540283203125,3090.1295751742523,3044.1330230050853,3058.9209949402057,1067773
2022-10-18,3097.66748046875,3120.8577605134064,3084.367731313557,3090.129314871428,1015424
2022-10-19,3085.08837890625,3116.729033001925,3069.3401419952233,3113.176102844623,943543
2022-10-20,3016.093505859375,3113.0323571325616,2978.547319118266,3070.924681343968,2284352
2022-10-21,2969.5205078125,3038.995706854396,2950.555292484157,3015.2291711897633,1738731
2022-10-24,2997.6083984375,3033.474357119406,2992.1829999316456,3024.8319800335953,178709
2022-10-25,2962.318359375,3010.427680193103,2957.517039310896,3009.4674161802823,1016316
2022-10-27,2922.515625,2998.9046783439494,2912.480912397438,2998.9046783439494,2005709
2022-10-28,2932.0703125,2949.5473066914656,2919.2028673211516,2937.159759123686,715736
2022-10-31,2988.51904296875,2993.615833875331,2943.658173612827,2963.8046900108484,814364
2022-11-01,3038.236328125,3043.044577194501,2991.211746136398,2991.211746136398,939335
2022-11-02,3011.790771484375,3038.7650940471785,3002.366791714755,3036.889923981908,787012
2022-11-03,3020.830322265625,3027.9945657474896,2985.92239035997,2985.92239035997,563798
2022-11-04,3059.3447265625,3062.8546544689084,3006.0210566083083,3027.273611387166,609757
2022-11-07,2984.528076171875,3075.3558465092547,2978.6619188887526,3063.8160497118465,1669943
2022-11-09,2968.13232421875,3025.35049149269,2961.881600062773,3025.35049149269,1391333
2022-11-10,2928.367919921875,2967.6514098447083,2917.164793183384,2967.6514098447083,1375007
2022-11-11,2938.224609375,2979.190983432732,2931.10849499773,2972.1708931656667,810288
2022-11-14,2936.109130859375,2959.9099634779127,2924.4251796668427,2938.801797262686,811702
2022-11-15,2961.2080078125,2976.30586134909,2925.338426566698,2950.8221439578942,873840
2022-11-16,2964.81396484375,2974.3823317909882,2933.993046975204,2961.2077786994832,770953
2022-11-17,2953.803466796875,2977.7965811102035,2942.648235782799,2973.421027790985,706271
2022-11-18,2976.787109375,2995.3951278754917,2938.5615278541936,2976.30628445021,1258576
2022-11-21,2976.5947265625,2991.0676032689976,2948.610622966843,2985.922682835123,612194
2022-11-22,2984.816650390625,2999.866374965882,2954.476554026456,2984.9608039410477,764079
2022-11-23,2981.883544921875,2995.3466412104226,2971.497680829442,2991.6923252622632,488341
2022-11-24,2995.827392578125,3000.587511693523,2973.42090734921,2998.3756704019734,571872
2022-11-25,2988.95166015625,3000.1550209237853,2957.3134764073975,2995.8275969277415,898769
2022-11-28,3030.3505859375,3037.8515007962537,2977.9406755882137,2988.9515180546664,914689
2022-11-29,3014.820068359375,3047.4680301203202,3007.222894536592,3035.928233224945,877720
2022-11-30,3053.382080078125,3077.2310406015204,3013.137179299053,3019.483926720608,2547283
2022-12-01,3057.42138671875,3074.3944117841743,3040.0154314209326,3068.6245129819517,761717
2022-12-02,3022.89794921875,3052.5649387960807,3013.8104057676355,3051.4589006841575,932259
2022-12-05,3035.832275390625,3047.1797904185837,2993.135116554744,3009.9639886960153,926122
2022-12-06,3040.4482421875,3047.4683329520044,3005.15574013096,3005.15574013096,958365
2022-12-07,3102.7626953125,3110.6481757400466,3054.5839523900377,3058.045985152255,1832282
2022-12-08,3097.90673828125,3116.610780159248,3079.827674869609,3106.1288911250795,851312
2022-12-09,3103.19580078125,3118.00534869022,3083.0492842604326,3110.9371286907362,847879
2022-12-12,3044.919921875,3106.128837406906,3021.4073965683783,3103.243888022317,1323816
2022-12-13,3056.60400390625,3062.8547278406186,3022.1287633725,3062.8547278406186,886601
2022-12-14,3025.3017578125,3072.470721478066,3005.155244012193,3057.084326628724,1103870
2022-12-15,3010.54052734375,3039.9668661496994,2997.173456168305,3021.503239585187,799124
2022-12-16,2938.705810546875,2997.4627128491043,2933.3207120192833,2995.5394130654345,1192821
2022-12-19,2962.794677734375,2969.5743552613635,2924.376818118461,2944.5714623738004,655594
2022-12-20,2963.94873046875,2970.199453943749,2902.2589919304437,2957.121158001185,739257
2022-12-21,2951.92822265625,2993.0868811633136,2933.080027391856,2966.6896410373547,616324
2022-12-22,2970.103515625,2974.863635145594,2921.540201070336,2956.1114641789413,663202
2022-12-23,2940.628662109375,2968.4686100567724,2919.568626599361,2960.8714362025826,1230858
2022-12-26,2938.849853515625,2954.091861643241,2912.644897042805,2940.6287647397735,536884
2022-12-27,2993.23095703125,3009.001918236502,2939.09003184089,2942.64808878354,729041
2022-12-28,3003.9052734375,3023.234527299916,2985.922470090096,2990.6825893912073,972274
2022-12-29,2995.683349609375,3005.1556942688258,2973.950204495096,2982.076098536841,596265
2022-12-30,2969.478515625,3010.6853061320658,2953.515268778897,3010.6853061320658,836220
2023-01-02,2930.38720703125,2969.4781755422664,2905.1439010391027,2969.4781755422664,1015990
2023-01-03,2912.11572265625,2942.5999713857314,2908.9903611112545,2930.146654646609,860367
2023-01-04,2901.1533203125,2933.0319175710515,2886.4400312786356,2918.6071704354563,836382
2023-01-05,2889.13232421875,2929.762023398439,2880.525371718245,2922.982346165567,1113920
2023-01-06,2864.177978515625,2907.548483072211,2838.7905149757457,2894.566209375676,1045526
2023-01-09,2869.70703125,2901.9222981410403,2837.8284356853487,2878.5062674018286,808263
2023-01-10,2846.820068359375,2870.52464192682,2838.982481652939,2869.7071456888607,864325
2023-01-11,2827.635009765625,2860.81192823823,2822.4421946984185,2860.81192823823,890426
2023-01-12,2804.123046875,2827.1066209084265,2784.9381778608376,2826.2891245625005,1558620
2023-01-13,2797.5830078125,2812.825248798284,2761.6174045252897,2812.825248798284,1507864
2023-01-16,2804.21875,2817.2491508336598,2784.93762590378,2812.8254681521257,644073
2023-01-17,2828.115478515625,2831.914182612129,2799.5064002471713,2812.8253423605624,716489
2023-01-18,2832.298828125,2846.483161446397,2817.0086915404977,2834.8952354045505,893808
2023-01-19,2756.232421875,2859.5618785147017,2734.547407167356,2841.578839814053,2379947
2023-01-20,2680.886962890625,2738.778225332913,2674.3476982622296,2738.778225332913,3171005
2023-01-23,2677.66552734375,2692.6192275092203,2661.7022827901756,2692.6192275092203,1402260
2023-01-24,2702.812744140625,2718.679964210641,2677.6654635872474,2687.8109148905974,1061471
2023-01-25,2668.577880859375,2703.1972695840373,2660.9809422447875,2703.1010107042553,857953
2023-01-27,2618.23583984375,2666.510849576437,2582.8473135961704,2660.500538083602,1801498
2023-01-30,2660.115478515625,2669.5396929751982,2592.84812578688,2619.5339062191783,1171912
2023-01-31,2621.313232421875,2673.3383463540486,2613.8123169370942,2654.153479571399,1961805
2023-02-01,2638.5263671875,2671.462869447608,2601.070158288126,2644.3443948342533,1176872
2023-02-02,2601.8876953125,2635.882109756223,2590.6845690197974,2635.882109756223,1308570
2023-02-03,2654.5380859375,2657.903860328701,2596.454530354754,2601.887757960862,1278409
2023-02-06,2648.575439453125,2658.961302708585,2613.763768810826,2654.53762037345,1120284
2023-02-07,2652.278076171875,2668.0971672234677,2642.757603009122,2656.0765456374907,732250
2023-02-08,2659.5390625,2677.233326783133,2639.055872634783,2661.846928353345,811956
2023-02-09,2706.65966796875,2712.1891544147215,2660.067546527856,2675.2616605871262,946372
2023-02-10,2697.043212890625,2722.3825450985814,2685.8879809276787,2721.4690247136878,700072
2023-02-13,2683.724365234375,2720.507472632105,2673.386629168346,2706.5635495662987,467228
2023-02-14,2670.50146484375,2697.1872464964017,2658.961667372333,2697.1872464964017,524746
2023-02-15,2679.300537109375,2690.984723223754,2648.3835894802605,2670.501535216661,817717
2023-02-16,2698.341064453125,2725.6520581731907,2683.099056808293,2689.734346160864,788964
2023-02-17,2724.93115234375,2736.7113631941875,2678.675699909688,2695.456443104343,840526
2023-02-20,2717.189697265625,2742.625288062258,2704.2555541354754,2735.893739318767,646218
2023-02-21,2709.0634765625,2729.834969313845,2697.4274212264977,2728.200211771684,631934
2023-02-22,2688.724365234375,2706.0340594060945,2673.3860998544296,2702.187460701268,580270
2023-02-23,2602.17626953125,2697.956685001184,2596.5507589810636,2697.42773064746,1790570
2023-02-24,2633.477783203125,2656.0765518375138,2606.0707659231216,2608.0903242653862,1429040
2023-02-27,2644.440673828125,2652.8551095231387,2620.543817320955,2635.305000787824,561317
2023-02-28,2720.31494140625,2730.123722195108,2622.851642407265,2644.536891876205,1815923
2023-03-01,2731.950927734375,2743.875526578594,2708.0540701541177,2719.545738749499,816598
2023-03-02,2725.218994140625,2739.739998538895,2703.1973098956946,2722.430303918432,604523
2023-03-03,2720.363037109375,2742.6251353028442,2702.8608235289107,2728.248518242699,679295
2023-03-06,2754.694091796875,2773.3981341999115,2721.709455381172,2733.9704908218964,1050267
2023-03-08,2749.885498046875,2759.9346906443657,2718.5837527706,2759.9346906443657,580250
2023-03-09,2744.11572265625,2762.2908092293596,2728.0562186019392,2752.241616181735,774224
2023-03-10,2721.661376953125,2734.9321919285912,2699.351147237537,2734.9321919285912,489978
2023-03-13,2677.425048828125,2740.1726917775845,2665.8852524236268,2715.2179290084086,813217
2023-03-14,2640.305908203125,2680.06998842509,2634.968704608099,2676.223389045294,1060450
2023-03-15,2718.96826171875,2756.424705271233,2659.1536974695987,2665.8852453543727,2170346
2023-03-16,2782.29296875,2788.784104164866,2720.218434234503,2740.7016196102995,1755487
2023-03-17,2752.866455078125,2811.8156293992442,2745.5580581311065,2811.8156293992442,1848073
2023-03-20,2745.654296875,2803.209130568102,2722.478677862872,2803.209130568102,1074367
2023-03-21,2730.22021484375,2776.283149284106,2726.2773565017114,2748.5394568773695,691891
2023-03-22,2730.941162109375,2743.7309160823347,2706.899918133476,2716.660569276582,731807
2023-03-23,2690.50390625,2714.7374346944785,2661.6062822797176,2709.063794682569,1016581
2023-03-24,2691.1767578125,2707.668956699852,2666.5105362553586,2690.503649959953,784111
2023-03-27,2696.2255859375,2711.8523949509586,2679.637127138598,2691.176924563921,791560
2023-03-28,2677.66552734375,2702.8128084958967,2658.961487165355,2683.9643799922264,558581
2023-03-29,2664.250732421875,2686.6090899489673,2649.345160737147,2677.665699982574,1087648
2023-03-31,2655.739990234375,2668.578108559637,2642.1327399162533,2650.3548923954786,1967803
2023-04-03,2670.50146484375,2674.973042452812,2604.772607835025,2641.603841720187,1035295
2023-04-05,2700.793212890625,2703.726291464235,2646.7004166559454,2654.1532019149454,668643
2023-04-06,2702.092041015625,2716.6609429578875,2679.92596406531,2699.7839404097917,627554
2023-04-10,2669.87646484375,2702.2358860809027,2649.4414069863765,2702.2358860809027,1215461
2023-04-11,2648.191162109375,2683.0028365455582,2644.584975501115,2683.0028365455582,1246379
2023-04-12,2679.877685546875,2698.5817279369294,2645.4987038447844,2649.8742575624274,2235399
2023-04-13,2701.995361328125,2705.4092648661913,2675.309581000033,2679.829287829778,602597
2023-04-17,2734.066162109375,2736.4702861888995,2698.3888668581367,2716.660209862522,754555
2023-04-18,2745.12548828125,2748.8276989763904,2721.5650692515896,2738.7785059784774,717724
2023-04-19,2701.947509765625,2743.29845290511,2693.2445317539655,2727.575618880377,799624
2023-04-20,2734.7880859375,2741.663788620078,2705.2652470066528,2711.8526425494983,761101
2023-04-21,2771.57080078125,2776.282790581209,2737.9130599879204,2737.9130599879204,894930
2023-04-24,2780.225830078125,2786.861119785549,2742.6252289953018,2771.5709818800333,782967
2023-04-25,2786.861083984375,2790.4672706872534,2754.3091447686147,2780.1776649172634,636120
2023-04-26,2798.40087890625,2804.603473074043,2777.2927130466883,2785.851302236011,569221
2023-04-27,2788.736328125,2808.0174538303168,2782.8704051326426,2803.6900296720164,599461
2023-04-28,2791.04443359375,2807.9693294657254,2737.432456424454,2807.9693294657254,1080665
2023-05-02,2788.351318359375,2821.191560334341,2782.0524661313884,2799.314030571296,663800
2023-05-03,2817.34521484375,2848.7911145929224,2785.8993150945776,2806.0939597673378,1237193
2023-05-04,2868.457275390625,2871.6305319919757,2810.084943170986,2834.94368506683,1008540
2023-05-05,2897.40234375,2908.9902692989563,2837.876322729,2857.061186805686,1326561
2023-05-08,2903.653076171875,2919.2798834549303,2878.217489119007,2899.373782056066,941879
2023-05-09,2918.41455078125,2956.8805387056696,2895.2868285861414,2900.3836189416784,1025850
2023-05-10,2924.76171875,2939.763550110158,2903.124597429268,2926.252322952098,751851
2023-05-11,3019.340087890625,3035.111051369875,2915.241492615791,2935.0034438013527,3229605
2023-05-12,3011.021728515625,3057.8058965327527,2967.651229404851,3018.618667887825,1998170
2023-05-15,3011.886962890625,3046.506353268678,3001.356945272854,3014.002545347064,810281
2023-05-16,3017.753173828125,3044.2945660565547,3002.6071902684253,3011.887016443101,822404
2023-05-17,2973.85400390625,3027.225570082851,2957.602215504132,3015.733901438223,835371
2023-05-18,2989.8173828125,3005.1556502960543,2974.6232688890464,2986.547632598307,498067
2023-05-19,2966.1611328125,3007.9929055174916,2950.3901675888724,3004.1944351814527,633262
2023-05-22,2966.59326171875,2986.49959964682,2929.185179827078,2952.2647741527016,659425
2023-05-23,3000.9248046875,3007.992790663154,2966.6899739617766,2968.6132737828216,581204
2023-05-24,2982.556640625,3012.9927606993137,2979.1908665665806,2995.538911993189,439465
2023-05-25,3003.761474609375,3009.0024194038156,2967.651475321245,2982.5570481882182,500313
2023-05-26,3008.42529296875,3016.647446131259,2992.4139168979127,3003.232477696531,568249
2023-05-29,3017.080078125,3034.005209018278,2996.548995152517,3026.504293400171,535712
2023-05-30,3023.8115234375,3034.0051051821883,3007.6078652479664,3026.215647926551,506026
2023-05-31,3070.499755859375,3095.8874520571103,3016.16654085161,3031.0721131103774,2349066
2023-06-01,3116.41845703125,3125.2655882275367,3084.0109057566847,3111.273771472663,1104861
2023-06-02,3113.1005859375,3125.3134905431193,3095.550478379122,3115.16803894423,781973
2023-06-05,3077.0390625,3115.697338948614,3072.4712257793576,3115.697338948614,492565
2023-06-06,3089.54052734375,3114.6875767802444,3072.4712426622928,3084.7322781377056,577698
2023-06-07,3101.128173828125,3105.4074682781097,3083.289523934873,3093.627258790951,470038
2023-06-08,3089.059326171875,3122.4766540836104,3070.5475689833597,3096.512111533485,561161
2023-06-09,3078.943115234375,3135.428904484276,3067.3264713156836,3107.258684786185,1239045
2023-06-12,3092.689697265625,3100.0470002532447,3050.482459509538,3083.4447367462963,1029156
2023-06-13,3158.614013671875,3167.4716102214247,3102.7571278049513,3107.4522826438792,1598821
2023-06-14,3165.729248046875,3184.799859184139,3149.078771225031,3160.695415939049,741615
2023-06-15,3189.10791015625,3198.4495341441143,3168.778781761266,3171.344029617469,806994
2023-06-16,3210.888916015625,3215.8742978891664,3181.5568424902926,3186.5906743156725,984671
2023-06-19,3203.96728515625,3238.091178097593,3197.7233860565066,3212.8251183202333,516915
2023-06-20,3212.68017578125,3220.5699562450786,3172.4092785409434,3209.098423903668,866290
2023-06-21,3210.162841796875,3226.5228541415704,3194.5770833084857,3212.679639512322,742456
2023-06-22,3144.286865234375,3220.5695440063646,3138.865669981879,3218.778550126191,871640
2023-06-23,3192.350830078125,3198.594729548173,3149.127324325479,3160.6955194638426,1260659
2023-06-26,3202.467041015625,3209.437217355222,3166.8910643423965,3189.7372282527276,592801
2023-06-27,3219.74658203125,3237.655575346818,3168.7786496453305,3170.3758437018473,914141
2023-06-28,3241.2861328125,3248.0625094061497,3217.326801284953,3224.587204778149,713110
2023-06-30,3254.645263671875,3339.398419518564,3236.9298322004784,3245.8843296802106,1436363
2023-07-03,3251.402099609375,3271.9732419028664,3230.588943877137,3257.5008855340484,474224
2023-07-04,3240.75341796875,3278.797976747532,3224.5869679793414,3251.4020089767873,473663
2023-07-05,3266.600341796875,3291.3826112889574,3234.0254290187013,3244.2868928727444,632406
2023-07-06,3290.8017578125,3301.063221895064,3260.211401725198,3301.063221895064,693995
2023-07-07,3236.881103515625,3304.935325769698,3230.5403045239477,3276.861768520922,620761
2023-07-10,3236.34912109375,3264.3260190511573,3188.72091913328,3238.140115245566,548838
2023-07-11,3284.170654296875,3291.334157199478,3238.139653213883,3242.9314718001674,772158
2023-07-12,3297.9169921875,3305.322508567636,3254.8386018881406,3299.1270593307404,1025127
2023-07-13,3289.979248046875,3315.584223467886,3276.2329315273178,3315.584223467886,750126
2023-07-14,3320.182373046875,3329.136870299061,3278.798074935423,3289.979143096942,832843
2023-07-17,3349.85302734375,3362.0505988585414,3315.5840198936094,3320.1822751036807,817694
2023-07-18,3401.20849609375,3410.4534569338766,3345.2067268898095,3349.4660689728107,962485
2023-07-19,3402.369873046875,3417.229592013229,3371.2470408459126,3407.549054925373,620289
2023-07-20,3413.357421875,3422.0699053681583,3383.299306555357,3397.9170122859296,589848
2023-07-21,3405.322509765625,3424.9255975161254,3393.0282748397317,3422.989490083977,857975
2023-07-24,3430.491943359375,3454.015696181776,3386.735962189446,3393.9963651382586,680246
2023-07-25,3291.769775390625,3434.5576991096727,3242.9799624326124,3434.5576991096727,2555630
2023-07-26,3265.2451171875,3303.9672650343723,3257.5006876181255,3291.2374534662067,959076
2023-07-27,3261.760009765625,3304.9352988922155,3243.947916399477,3281.702010323553,874078
2023-07-28,3282.379638671875,3290.4145316632184,3257.0166789587815,3267.1812428253493,553750
2023-07-31,3269.45654296875,3279.7662212351265,3216.9878387862577,3217.036288743724,933890
2023-08-01,3236.1552734375,3276.861981360464,3231.363454588251,3264.2772824660224,698667
2023-08-02,3255.4677734375,3264.228706906695,3224.248040842965,3234.4610548979526,857218
2023-08-03,3229.76611328125,3271.9731135381217,3211.9537830835307,3262.341026322125,711067
2023-08-04,3232.960693359375,3265.5358446749133,3216.8426925510153,3231.5086126976757,519248
2023-08-07,3236.20361328125,3242.9799893784584,3210.066162620588,3210.114612575245,360358
2023-08-08,3241.09228515625,3252.6120298189503,3226.1841161525476,3236.203566631201,500258
2023-08-09,3224.587158203125,3249.7081066584915,3197.481652220031,3226.0876888382977,643222
2023-08-10,3134.461181640625,3213.9384900423283,3126.8136514568437,3204.257952421719,1253219
2023-08-11,3083.590087890625,3145.1581642023552,3078.4109058238882,3134.46112306324,919023
2023-08-14,3100.2890625,3107.35566586631,3051.5474612074386,3083.5901351605353,815534
2023-08-16,3092.011962890625,3106.3392048963406,3075.409700156993,3092.83466672959,597686
2023-08-17,3081.556884765625,3121.0050723268278,3060.9857440128503,3120.9081724220873,873392
2023-08-18,3062.486328125,3083.735059559415,3054.209421726559,3073.473595808879,592652
2023-08-21,3080.637451171875,3085.67128333055,3051.4504892283317,3058.9529056819197,353330
2023-08-22,3078.120361328125,3096.416718411817,3069.698341245746,3096.416718411817,377068
2023-08-23,3067.568603515625,3093.899616816025,3064.1319656216906,3084.219079842258,370811
2023-08-24,3122.554443359375,3129.6210470524898,3069.6017112306217,3083.251364397583,1167742
2023-08-25,3155.177490234375,3160.6953490885794,3113.4542809824998,3121.876300953784,1363431
2023-08-28,3155.564697265625,3167.4718054160917,3127.830052430126,3160.646979349499,707315
2023-08-29,3180.734130859375,3183.928755474254,3151.0633782218733,3156.823250714972,533163
2023-08-30,3189.44677734375,3197.336557543681,3171.7313457035075,3195.83602689966,599080
2023-08-31,3152.079833984375,3196.513405502563,3117.1329999146737,3194.625748003782,1601967
2023-09-01,3155.41943359375,3159.9207886887752,3114.3256019678183,3137.558890388555,650131
2023-09-04,3132.186279296875,3161.9054814060987,3113.35768160122,3155.4195687124884,696213
2023-09-05,3120.327392578125,3145.0612107248694,3117.132768249252,3141.334109617647,597022
2023-09-06,3122.263916015625,3126.8137215310257,3092.931839099575,3106.4845920721555,754106
2023-09-07,3142.6416015625,3149.8051052677097,3098.9822799041895,3122.2640214580165,923108
2023-09-08,3134.606689453125,3158.8080347240816,3128.749916629301,3146.7073620886035,395918
2023-09-11,3155.274169921875,3160.6953652379516,3138.4301298932432,3138.4301298932432,359345
2023-09-12,3152.80615234375,3175.022940062272,3139.3985125102154,3155.8554273152336,554905
2023-09-13,3173.0380859375,3179.717562079966,3122.2637155084185,3141.3343265554686,880907
2023-09-14,3136.736083984375,3188.962535205736,3120.2791706512267,3177.1523270231364,1102554
2023-09-15,3094.52880859375,3136.4940316087136,3083.2510773684426,3131.6537630414164,1568607
2023-09-18,3103.87060546875,3126.7165308359936,3088.0912829927347,3097.771819930016,673602
2023-09-20,3111.663818359375,3124.877658158019,3092.9318828422774,3103.870938021677,901084
2023-09-21,3140.559814453125,3157.0167276056013,3078.94329003932,3107.4524246734504,845739
2023-09-22,3170.23095703125,3178.701427448774,3118.246280938701,3131.6054701225894,896521
2023-09-25,3217.084716796875,3228.2657851977533,3166.6490204413353,3167.762424090462,1422084
2023-09-26,3187.607421875,3218.6818053146876,3156.1941250877376,3216.8425977339143,834560
2023-09-27,3196.31982421875,3203.2897637437795,3167.1813126714687,3182.9606355967203,516326
2023-09-28,3069.0693359375,3183.9288201516833,3054.209616168611,3176.9588803402457,2104381
2023-09-29,3060.06591796875,3092.931290833147,3033.880020491732,3092.931290833147,1550585
2023-10-03,3065.680908203125,3124.6837330611183,3060.9857532923543,3064.9548679390614,1219145
2023-10-04,3068.633544921875,3087.123466428834,3050.6763365968663,3063.8417260380957,892584
2023-10-05,3103.822265625,3128.846549032111,3072.8929962814063,3107.452467105263,1002610
2023-10-06,3093.657958984375,3114.2291024181286,3088.0916495846536,3112.0509813486724,814257
2023-10-09,3052.079833984375,3061.9539347193313,3032.6218595592095,3039.7371489803686,700012
2023-10-10,3050.821533203125,3063.793359512226,3039.7373645249463,3049.369452511453,847367
2023-10-11,3062.8251953125,3083.2512241755635,3051.3539000665496,3067.7623640227193,1025317
2023-10-12,3058.1787109375,3086.639396788513,3049.417777189421,3084.2192624018194,992531
2023-10-13,3048.20751953125,3070.6663179681927,3028.313968847415,3049.36913669603,854688
2023-10-16,3012.6318359375,3028.072246576183,2997.191425298817,3024.2000314271086,853011
2023-10-17,3014.083740234375,3036.784552949122,2993.0285715934306,3036.784552949122,792640
2023-10-18,2997.52978515625,3015.68079174701,2991.285886157275,3010.6469598540857,481985
2023-10-19,3002.709228515625,3011.518376010426,2977.8302939159094,2989.059575833664,568124
2023-10-20,3006.629638671875,3015.584135277716,2966.648974125656,2993.706027412357,711434
2023-10-23,2973.861328125,3009.5824194634333,2966.116897583008,2997.143069710117,374476
2023-10-25,2963.018798828125,3008.7108859932378,2954.4998790384043,2994.5772075006626,669290
2023-10-26,2865.7294921875,2957.4041327663795,2846.077954282539,2953.628817771685,1834111
2023-10-27,2860.743896484375,2879.620944290715,2837.3654933530197,2839.108037341854,1708185
2023-10-30,2872.312255859375,2896.3682487345804,2845.206751994645,2878.9917319181172,878885
2023-10-31,2899.998779296875,2916.5041441846943,2871.247628131044,2874.1517895890324,1152306
2023-11-01,2840.802001953125,2912.776651966831,2836.3973103974013,2902.176511334446,1029990
2023-11-02,2860.986083984375,2867.3753335517495,2840.269827360173,2866.4557297170727,900125
2023-11-03,2887.751220703125,2892.648236728921,2852.985816174991,2867.531970914157,715997
2023-11-06,2937.644287109375,2942.2505691345473,2893.5694885561225,2907.2912655716914,620959
2023-11-07,2941.57177734375,2947.0021993288515,2911.3641228335237,2937.6442685016677,757998
2023-11-08,3001.598876953125,3005.1868809212315,2954.0329060373683,2965.47592786452,783400
2023-11-09,2987.004150390625,3017.2601029650414,2981.040322029973,3006.2051207708255,849702
2023-11-10,2983.367919921875,2991.659275800386,2948.1178789351634,2977.113120488553,364232
2023-11-13,2992.240966796875,3004.2656928154647,2972.2641538022594,3004.2656928154647,405941
2023-11-15,3021.9150390625,3024.4850017228996,2985.5496530986666,2992.3378584785823,700017
2023-11-16,3035.588623046875,3045.8677637797387,3003.8780527490876,3024.6304723496687,675454
2023-11-17,3073.0205078125,3130.5748872056256,3050.4739683166335,3054.6924478270644,1430175
2023-11-20,3045.334716796875,3075.929941066523,3037.2372622168264,3073.0207099724457,406431
2023-11-21,3038.44921875,3061.3835608228896,3032.388321082343,3061.3835608228896,409069
2023-11-22,3038.206787109375,3061.4806341858593,3026.763764946007,3044.994992506683,489889
2023-11-23,3028.4609375,3075.4449708152783,3020.8968895466523,3052.75306370906,792460
2023-11-24,3041.26171875,3044.801425433811,3016.872758524857,3023.6609646674715,756329
2023-11-28,3053.092529296875,3064.3899481700873,3041.2614673091102,3046.1101855815314,647883
2023-11-29,3053.092529296875,3074.0873847149296,3046.9345623893714,3053.092529296875,620725
2023-11-30,3025.5029296875,3058.522746255366,3014.3025806336414,3053.092324207333,1793116
2023-12-01,3077.38427734375,3094.064056839185,3045.23737137303,3051.734606209418,960196
2023-12-04,3097.894775390625,3107.4951432918356,3070.693417332085,3093.4823942173853,1018189
2023-12-05,3128.63525390625,3149.3876720086314,3083.7846129165055,3100.270253928952,1005550
2023-12-06,3154.1396484375,3189.4867559220547,3135.1325788451045,3166.2129091169077,1229158
2023-12-07,3153.412109375,3200.105166400669,3148.611926174366,3184.637804196939,1071725
2023-12-08,3134.211181640625,3170.867535509335,3130.1383060449457,3156.5152834901714,895852
2023-12-11,3135.18115234375,3146.8180758909584,3089.118329969383,3132.271921456948,910426
2023-12-12,3127.1806640625,3158.503429592723,3112.8769460084113,3130.3323307523838,1019030
2023-12-13,3145.5087890625,3156.4669392870414,3093.7731091399105,3141.9693195614327,1052079
2023-12-14,3143.2783203125,3160.006396389378,3120.6347139359036,3156.5152249413813,923107
2023-12-15,3213.63330078125,3225.7067983027605,3143.9088289191463,3151.666777910927,1631687
2023-12-18,3231.234130859375,3234.8706692706105,3196.274827581937,3212.760468379538,911936
2023-12-19,3235.113037109375,3252.422817530438,3200.2991013992273,3235.015968052263,780448
2023-12-20,3197.389892578125,3258.2898356573664,3183.3286109210712,3235.113059213811,979762
2023-12-21,3203.0146484375,3219.548824540799,3172.8557638502643,3180.7590796668132,1585879
2023-12-22,3240.204345703125,3249.4169099249393,3187.5472207476787,3209.754254538738,930563
2023-12-26,3280.982177734375,3289.2732962982595,3243.9863165079832,3248.592598711836,600190
2023-12-27,3301.443359375,3306.7769488643426,3252.5198449553363,3278.751455158225,837182
2023-12-28,3294.46142578125,3316.474558021403,3270.9936781496267,3301.976938637179,779250
2023-12-29,3299.45556640625,3319.3838449572722,3281.5153096079625,3306.8257125492332,615676
2024-01-01,3293.346435546875,3308.5713631824997,3286.606527917364,3300.0375718903215,283951
2024-01-02,3288.740478515625,3296.0618542408347,3243.792762132522,3293.2496921381303,552394
2024-01-03,3271.52734375,3296.1587382961075,3263.1874534764347,3288.740293913211,379131
2024-01-04,3277.6845703125,3298.340154684879,3262.0233071314256,3269.975156662231,777127
2024-01-05,3254.0234375,3278.1214257825845,3246.701825399603,3277.685088479398,416956
2024-01-08,3198.602294921875,3274.339367136616,3195.1598944379634,3253.489879088804,545884
2024-01-09,3168.63720703125,3214.7000279444815,3163.54605314084,3209.851309953615,670704
2024-01-10,3187.401611328125,3193.3654393268394,3159.618317184531,3192.3956957983464,691087
2024-01-11,3188.7109375,3209.0755536066436,3171.740424077797,3187.4019256597185,537469
2024-01-12,3178.62548828125,3195.256495633534,3145.848108602877,3195.256495633534,673004
2024-01-15,3174.843505859375,3187.7411432060017,3160.0066180491363,3182.8924251624435,728116
2024-01-16,3197.1474609375,3219.5486319638285,3174.843358969076,3175.8616370618724,748215
2024-01-17,3144.199951171875,3204.372593295517,3096.4400753851837,3194.432720669861,2239241
2024-01-18,3068.123291015625,3159.3760189708214,2956.360344486807,3159.3760189708214,1979174
2024-01-19,3070.062744140625,3104.682541882013,3053.3346677305535,3081.6511323319146,936201
2024-01-23,2962.275634765625,3014.9327579467185,2930.1287301342622,2994.131805729143,2365225
2024-01-24,2908.697509765625,2962.566816246501,2886.0541378541334,2962.566816246501,2665932
2024-01-25,2859.968017578125,2924.7469428406125,2853.2768808785954,2918.977015287565,2001961
2024-01-29,2886.00537109375,2898.0300965445845,2851.0946029094966,2851.0946029094966,1862723
2024-01-30,2864.7197265625,2914.0795821882225,2861.7619611665878,2899.5334278678156,1273188
2024-01-31,2868.356201171875,2881.980909345077,2858.8526665437294,2876.2595168081757,1771244
2024-02-01,2840.718505859375,2882.902352407369,2831.602773978328,2871.4107960600127,3006472
2024-02-02,2847.45849609375,2872.7203670285357,2835.5791356751615,2860.7439375376493,1881911
2024-02-05,2829.08154296875,2875.289730101747,2823.893320086437,2860.743576323829,923435
2024-02-06,2842.269775390625,2857.834206526504,2814.825985914077,2842.3183099182843,1471312
2024-02-07,2890.951416015625,2912.091876607469,2847.216115995794,2867.532199718446,1134012
2024-02-08,2840.9609375,2908.9883561526253,2831.457402895202,2908.9883561526253,1633654
2024-02-09,2862.343505859375,2869.4712157808985,2822.487187293678,2841.3486523278243,1144765
2024-02-12,2864.4287109375,2875.2412574435702,2831.699864232898,2862.34362013218,614469
2024-02-13,2881.6904296875,2891.0483615482963,2856.5739261881245,2875.24149212852,717118
2024-02-14,2886.344970703125,2890.611984912315,2847.215955589355,2880.0416368349856,750339
2024-02-15,2925.280029296875,2932.98944336942,2877.6655250501603,2889.8358542704154,1068730
2024-02-16,2916.891845703125,2943.1719934599305,2909.2309655287613,2943.1719934599305,1179473
2024-02-19,2907.38818359375,2927.364758339173,2897.108807433223,2916.891480822631,560700
2024-02-20,2920.5283203125,2925.8136125202705,2882.175148995083,2907.3884834763026,729371
2024-02-21,2910.976318359375,2935.171373267814,2893.229963539943,2920.916190028986,927130
2024-02-22,2926.104248046875,2935.6077826909805,2843.3853082537803,2892.745162861561,2615821
2024-02-23,2895.60595703125,2914.0796206125187,2876.453520256842,2908.261158807635,1650523
2024-02-26,2781.6611328125,2841.3489019778503,2761.6360210888265,2831.6514654523285,3524491
2024-02-27,2773.030517578125,2783.1642914278555,2763.866487383944,2768.618136594609,1296180
2024-02-28,2709.80322265625,2772.8848567446894,2701.220896780246,2763.914728115999,2472196
2024-02-29,2736.51953125,2752.132498830731,2692.7356998337673,2700.736085004787,2284424
2024-03-01,2746.071533203125,2759.8418454432453,2729.8768618801028,2747.186643679733,978174
2024-03-04,2746.071533203125,2774.387999940657,2742.434994578772,2773.466790839918,971299
2024-03-05,2735.064697265625,2749.0776813942125,2720.1307408409607,2748.2533046500116,736381
2024-03-06,2741.756103515625,2753.10205618507,2693.705261207495,2742.3863421485585,1723066
2024-03-07,2783.697509765625,2806.4379496015104,2739.5256418881363,2739.5256418881363,1564364
2024-03-11,2789.80712890625,2808.911031561163,2766.775717097375,2807.9412879060524,866546
2024-03-12,2789.128173828125,2812.1595860902044,2778.7519638650274,2792.861781675298,663186
2024-03-13,2773.612060546875,2799.8922067866856,2749.223103728549,2791.5040193551395,955841
2024-03-14,2804.7412109375,2810.3657717374626,2755.0418464079653,2773.4669766725733,1381741
2024-03-15,2780.78857421875,2809.2989440914776,2763.769525055798,2807.4079912408897,1356226
2024-03-18,2760.375,2779.2849991217286,2732.0100013174074,2779.2849991217286,940424
2024-03-19,2729.92529296875,2754.071813817955,2716.251813557779,2754.071813817955,1199135
2024-03-20,2739.428466796875,2751.210993012205,2712.90612268788,2729.92516938527,818910
2024-03-21,2735.7919921875,2759.308273883638,2721.1004717262795,2758.9204711551192,1167680
2024-03-22,2755.5263671875,2768.7632722790845,2723.0399574388525,2735.7919907431437,1652689
2024-03-26,2729.489013671875,2758.0964528550826,2724.979800163174,2734.6772371744305,1372390
2024-03-27,2744.859130859375,2756.835558458302,2732.446366011707,2732.6888019003186,1156231
2024-03-28,2760.61767578125,2781.224727896944,2733.7072900772264,2749.271722673019,1864623
2024-04-01,2784.1337890625,2799.116279866047,2766.0481661861677,2774.387818834666,558086
2024-04-02,2787.237060546875,2804.8863470503106,2769.5877740434394,2787.091693705646,562473
2024-04-03,2782.533935546875,2797.273991139584,2758.920583827355,2758.920583827355,816676
2024-04-04,2830.0029296875,2854.197986306274,2764.981570867498,2783.1642642313786,1831347
2024-04-05,2796.207275390625,2839.1669663618586,2792.8617071546932,2835.530427680668,1155672
2024-04-08,2804.498291015625,2820.935396511587,2786.8490061061884,2820.0141875081044,570695
2024-04-09,2770.702880859375,2828.208724703413,2758.9205906132897,2805.4682842334787,1017670
2024-04-10,2809.10498046875,2811.383972798347,2771.527413197441,2796.0619754376025,740495
2024-04-12,2768.13330078125,2805.46843200566,2758.9207359336683,2802.5592010011605,1766311
2024-04-15,2758.33837890625,2767.163139656785,2727.2582884333397,2744.5680682464504,884519
2024-04-16,2744.374755859375,2755.4782742169423,2734.6773185595184,2742.0957633923726,911249
2024-04-18,2722.7490234375,2772.6908181967674,2715.379114224338,2768.6179424797824,1732434
2024-04-19,2723.5732421875,2736.713314387393,2682.4559744080425,2705.5844523310993,1337807
2024-04-22,2755.865966796875,2760.4722489343744,2728.907047146642,2760.4722489343744,676040
2024-04-23,2787.915771484375,2790.8735368051066,2757.9507890475124,2765.7087378212045,929062
2024-04-24,2780.982421875,2795.868081976507,2773.466908399442,2795.7224783730708,718441
2024-04-25,2774.872802734375,2783.0670888799937,2743.45320450303,2778.315439897226,1594152
2024-04-26,2758.09619140625,2791.1160086502914,2751.2111538332124,2783.1641584056088,625507
2024-04-29,2781.418701171875,2786.9947271826154,2753.1022338246194,2758.096318941406,566219
2024-04-30,2788.885498046875,2823.8933363758592,2768.6179517009195,2768.6179517009195,1290649
2024-05-02,2885.374755859375,2897.593618833078,2788.1096708417367,2788.1096708417367,2493406
2024-05-03,2841.106201171875,2906.321455725611,2821.2264581480595,2892.793580384555,1594445
2024-05-06,2843.43359375,2869.4713040356246,2823.117512739982,2860.7436116610656,768806
2024-05-07,2824.86328125,2878.15064801001,2816.1355883110195,2857.8345656861484,629534
2024-05-08,2757.27197265625,2817.105104284615,2735.646643437831,2812.2563863770683,1652877
2024-05-09,2628.102294921875,2767.5997734377193,2621.992862728712,2742.4349736995487,3547959
2024-05-10,2687.402099609375,2708.106221311954,2589.312623764945,2617.3381206479758,2478584
2024-05-13,2792.13427734375,2807.4077391369824,2670.770959764447,2687.4019679044427,2748823
2024-05-14,2779.430419921875,2800.619411486616,2756.0112075640454,2791.8917194148084,999330
2024-05-15,2728.567626953125,2787.2856515861504,2721.2460151352916,2779.4306334166413,1230520
2024-05-16,2728.906982421875,2751.744491196891,2702.2390338372884,2735.695187516133,1534319
2024-05-17,2724.882568359375,2752.3263608130333,2701.802859053989,2729.440552885526,1325150
2024-05-21,2765.514892578125,2780.2064136649424,2716.2518695146373,2729.8282801441287,921822
2024-05-22,2798.437744140625,2807.407872922848,2750.7749383398536,2765.5149945014996,933846
2024-05-23,2815.892822265625,2832.863334324049,2790.2431528195093,2797.7101307744565,1181894
2024-05-24,2787.770263671875,2822.1476250861106,2780.2547511774123,2822.1476250861106,755822
2024-05-27,2785.39453125,2810.6078643215383,2769.151326290451,2800.522389040641,817091
2024-05-28,2823.117431640625,2832.6209659706774,2777.345582519692,2788.8371385176015,1084544
2024-05-29,2812.402099609375,2833.30012371562,2793.928671509339,2808.3777579519647,1758297
2024-05-30,2796.44970703125,2822.778389095149,2788.012984654538,2788.255420566247,1344426
2024-05-31,2794.025146484375,2818.0748345428656,2769.199852967387,2796.4495054266863,2520363
2024-06-03,2779.721923828125,2860.744061461996,2773.515658531915,2860.744061461996,952701
2024-06-04,2771.187744140625,2809.347250057113,2691.765836847094,2792.8616086173574,2683847
2024-06-05,2872.13818359375,2935.7049256130604,2777.8306159886206,2777.8306159886206,2410576
2024-06-06,2816.911376953125,2872.138229981339,2795.0436104882974,2870.441178608851,1689408
2024-06-07,2839.118408203125,2854.0526023152343,2801.4440098317837,2816.9113735429746,1600180
2024-06-10,2848.67041015625,2862.586089011269,2826.8026442368628,2839.4093112609035,876867
2024-06-11,2841.865234375,2859.3917395137455,2834.5707908568284,2854.15331790938,855430
2024-06-12,2845.1455078125,2857.090801944555,2805.833439883359,2848.2786644471253,1701770
2024-06-13,2849.2578125,2867.861214024914,2844.3621805197595,2867.861214024914,726380
2024-06-14,2860.61572265625,2870.162204845333,2844.460137413186,2849.2577610493768,982815
2024-06-18,2857.58056640625,2866.8822677531266,2844.3623592291096,2860.6159540425224,741098
2024-06-19,2831.33984375,2859.049169468482,2822.478701768596,2857.0909166126817,1018294
2024-06-20,2854.64306640625,2863.4552041519732,2812.442622250583,2824.7797107124097,1129752
2024-06-21,2830.5078125,2866.8822647425595,2819.982203092219,2863.9448853729464,1722379
2024-06-24,2835.59912109375,2839.417618520189,2811.4635113745016,2822.821473482917,892125
2024-06-25,2798.783935546875,2834.5220507465415,2796.3851235684087,2815.9676524449383,1217792
2024-06-26,2803.581787109375,2813.862614727606,2784.6845990117185,2800.497395397181,960622
2024-06-27,2820.716064453125,2842.4036161302893,2785.6142913850063,2801.0355304322165,1628022
2024-06-28,2856.16064453125,2870.798536051804,2802.4554671595374,2805.1970688227893,1206712
2024-07-01,2866.686279296875,2877.65244700565,2827.717001344783,2828.9899134548477,1104110
2024-07-02,2864.5322265625,2874.7150452739984,2851.2160122063633,2866.6862567847948,1064295
2024-07-03,2864.4833984375,2887.3948614683854,2855.1326931458952,2868.5466775372956,925189
2024-07-04,2873.637939453125,2906.487677567196,2861.9864310580756,2878.6315796478766,968666
2024-07-05,2874.6171875,2885.387578219812,2852.2932961527476,2875.8410955363424,817429
2024-07-08,2837.655029296875,2874.6170502293767,2830.360585557512,2874.6170502293767,828260
2024-07-09,2844.362060546875,2852.390848846916,2829.675165225635,2848.229561839231,685431
2024-07-10,2933.903076171875,2951.576354432764,2833.9344201998174,2839.5153925336463,2299950
2024-07-11,2958.968994140625,2966.7530012359516,2910.942796262206,2936.4000827414584,1968980
2024-07-12,2936.546875,2988.2938013522385,2908.886553935714,2961.8573882996466,1879930
2024-07-15,2894.787353515625,2936.400227699428,2871.337322813896,2936.400227699428,2425341
2024-07-16,2912.36279296875,2952.9965430375937,2880.100622349507,2897.2353362339595,2085611
2024-07-18,2870.35791015625,2896.157746150954,2782.677097368681,2814.9882670425613,5384611
2024-07-19,2884.55517578125,2917.7964669159023,2856.356289634368,2863.9445187010115,2164746
2024-07-22,2873.050537109375,2911.2854694246976,2856.258376543479,2875.6941304827324,1616347
2024-07-23,2836.62744140625,2885.7795432499506,2825.759041781577,2873.050898917601,1906312
2024-07-24,2851.99951171875,2865.9030592090458,2825.954653075666,2840.4457720414903,1476148
2024-07-25,2840.837158203125,2847.98482852285,2825.02436292371,2831.682470057762,1239922
2024-07-26,2888.56982421875,2902.571380375934,2840.15206868345,2841.620758370332,1359780
2024-07-29,2893.024658203125,2903.2077159502537,2874.7150427628258,2891.4091952989465,854408
2024-07-30,2942.32373046875,2969.4944870930362,2908.005303572234,2911.4322458491706,2144591
2024-07-31,3020.06640625,3033.333616908847,2942.3238649463924,2942.3238649463924,3549501
2024-08-01,3034.655517578125,3063.63751572626,2998.8683996827003,3023.5423372686028,1675122
2024-08-02,3041.851806640625,3063.7353763457113,2996.1266535602276,3005.917917133954,1348780
2024-08-05,3028.82958984375,3079.3526090310406,2991.5250164488248,3005.8691229684673,2019141
2024-08-06,3037.005615234375,3069.561571293549,3021.6333770243677,3036.956611100563,885743
2024-08-07,3036.711669921875,3053.4058236448914,2996.175930651477,3037.005455664756,1907105
2024-08-08,2942.66650390625,3025.206910515943,2927.9796073224807,3015.709431867347,1280109
2024-08-09,2977.132080078125,2989.0283712297555,2904.0891488223583,2975.5653820873727,1665414
2024-08-12,2989.46875,3019.625891668633,2941.0019920111554,2956.961800531541,1736881
2024-08-13,2960.437744140625,2995.931076975215,2950.1079125688234,2991.1332140756795,502260
2024-08-14,2962.689697265625,2971.452830690008,2931.553430102686,2971.452830690008,454671
2024-08-16,2984.524169921875,2990.252155227997,2940.3167066632855,2990.252155227997,514229
2024-08-19,3012.086669921875,3023.395627942857,2974.928869891109,2990.203098698877,542858
2024-08-20,3038.42529296875,3041.509684856249,3013.751353091531,3031.3756300101954,668282
2024-08-21,3085.765869140625,3104.41827496269,3019.6748368105364,3036.270981564519,1186536
2024-08-22,3120.084228515625,3131.882510198292,3090.1718696981125,3100.893255785909,1540888
2024-08-23,3088.801025390625,3131.8338222301445,3083.0242752049576,3123.4132395089528,779284
2024-08-26,3105.152587890625,3111.125115472425,3075.925569386867,3089.1437757171943,472874
2024-08-27,3100.10986328125,3136.7780980098746,3084.248063904361,3088.164569382335,1003501
2024-08-28,3060.259521484375,3099.4245769505,3053.6994225027042,3087.136492989098,538366
2024-08-29,3050.81103515625,3078.3243430834277,3028.144115970009,3060.2595091315025,849866
2024-08-30,3061.532470703125,3100.648522515117,3045.768440069131,3064.714631498317,1567031
2024-09-02,3085.17822265625,3117.5383973598614,3074.065281657704,3082.289847640968,702358
2024-09-03,3088.9970703125,3108.2858129061433,3081.800395534344,3098.886103691147,577471
2024-09-04,3164.193603515625,3184.1189205458286,3089.633226870345,3089.633226870345,2379110
2024-09-05,3170.656005859375,3189.0146255180994,3149.8495702461546,3172.369477027523,1482119
2024-09-06,3205.3662109375,3217.311505816286,3158.025590515862,3170.4114444881543,2131256
2024-09-09,3212.268798828125,3244.8247502297972,3189.993674184876,3205.3659101957087,1272289
2024-09-10,3226.2705078125,3240.9083997547514,3202.6244617108327,3221.3258716595565,928920
2024-09-11,3297.1591796875,3312.3356390339472,3245.8040473208475,3245.8040473208475,2561892
2024-09-12,3312.62939453125,3322.175876936239,3270.575963438178,3299.6559697244697,1643536
2024-09-13,3287.95556640625,3299.3622937337923,3251.5808759906813,3285.5077503235552,1029400
2024-09-16,3266.169921875,3324.0361492011148,3261.0785123587843,3289.8647331560865,1019280
2024-09-17,3243.64990234375,3279.9753474232057,3232.8795122206266,3266.169808964826,586834
2024-09-18,3206.296142578125,3255.4484786711946,3183.6784663592844,3243.6499578437183,410510
2024-09-19,3225.095458984375,3250.6995177002595,3206.6388314663704,3225.2422323206792,963456
2024-09-20,3237.921875,3255.3993761794713,3197.8757024120955,3235.033500041011,1504277
2024-09-23,3209.037841796875,3255.4973426803335,3204.876554506199,3247.713335439624,522775
2024-09-24,3180.59423828125,3228.914223807304,3173.4468064909433,3209.0379092276316,1057933
2024-09-25,3177.0205078125,3184.1191744837815,3139.813703190611,3184.1191744837815,740636
2024-09-26,3208.646484375,3217.2628452220943,3159.739164427399,3182.1610652384893,951080
2024-09-27,3241.642822265625,3268.2750133045993,3208.6463094431497,3222.2560711777446,1315996
2024-09-30,3259.60986328125,3287.906521226102,3236.1595942661793,3241.6427978407737,1088162
2024-10-01,3208.940185546875,3259.4629672396313,3176.3352267596947,3247.7624539016833,968660
2024-10-03,3083.562744140625,3158.5636811251156,3061.238614956061,3125.6651783140173,1741363
2024-10-04,3008.365966796875,3090.857368815634,2990.7906951252285,3069.5613688879425,1551818
2024-10-07,2998.32958984375,3033.8719232633402,2974.58577645369,3010.813450492132,909812
2024-10-08,3023.59130859375,3034.3126947984106,2982.0762060642724,2994.168512647157,817718
2024-10-09,3014.583251953125,3081.0168312337073,3007.631359264989,3030.934614154712,1225598
2024-10-10,2995.24560546875,3030.3961469022447,2979.481575128766,3025.549519128867,1161933
2024-10-11,2973.802734375,3000.0433704107377,2962.8365662085157,2995.3435157552335,976017
2024-10-14,2975.712158203125,2991.231408592201,2954.220379688435,2973.607131880365,716011
2024-10-15,3003.07861328125,3032.15861893477,2984.034413970068,3010.813616059169,1242322
2024-10-16,3017.765625,3038.7678388325867,3002.0996023303546,3023.5423752416177,764001
2024-10-17,2992.063720703125,3020.6051617023636,2973.6070911150987,3018.5489004963515,674481
2024-10-18,2929.69287109375,3004.938828213083,2918.384152760825,2993.1893117782324,899318
2024-10-21,2985.55224609375,2993.1894800145687,2937.917841154578,2944.282162914504,806970
2024-10-22,2944.08642578125,2994.1196433373984,2932.72846348239,2990.252141716124,541838
2024-10-23,2927.2939453125,2963.3258421185824,2910.0124611803,2937.329990209812,624689
2024-10-24,2909.963623046875,2939.6312003908815,2889.4019689136367,2927.2941122931275,571259
2024-10-25,2896.255859375,2952.6046308847276,2890.381101039554,2913.3905711867183,1047769
2024-10-28,2939.1904296875,2958.625943649165,2901.2002807869694,2925.531426332607,504961
2024-10-29,2930.378173828125,2964.794366847942,2879.708388991804,2956.961356631699,613459
2024-10-30,2934.098876953125,2943.253803930463,2901.6899382407482,2943.253803930463,812725
2024-10-31,2874.372314453125,2933.9522513847237,2858.0699555454726,2931.700212860588,1031171
2024-11-01,2878.48486328125,2903.8441416051287,2868.8403725543376,2896.2559119507614,112249
2024-11-04,2854.447021484375,2900.3189463582526,2825.2690092067974,2900.3189463582526,1146008
2024-11-05,2827.03173828125,2857.8742202713024,2812.73639704265,2834.570963847689,935417
2024-11-06,2836.8232421875,2847.153074520172,2800.3017761097453,2830.1651342116147,1817087
2024-11-07,2783.509521484375,2844.3131261788453,2766.032020005644,2839.4664984128735,1112489
2024-11-08,2711.6416015625,2787.5729028364462,2704.7387125294986,2783.5096238329847,2060410
2024-11-11,2490.0166015625,2544.5048935644454,2453.6909141981723,2511.5083795982237,8854840
2024-11-12,2423.191162109375,2482.085521771461,2418.442303264501,2482.085521771461,3445898
2024-11-13,2418.931884765625,2445.857862029764,2399.9369273316497,2418.442321542641,1803766
2024-11-14,2431.31787109375,2449.529719598363,2414.7217247396984,2430.975320245732,1206967
2024-11-18,2431.856201171875,2467.398537436715,2419.2255661813806,2467.398537436715,945471
2024-11-19,2436.024658203125,2455.1503504239377,2424.8926681984503,2440.2421664298527,941508
2024-11-21,2381.540771484375,2418.6152360227406,2378.4513325454554,2407.5811834490764,1377572
2024-11-22,2424.745361328125,2446.077863815995,2376.44072925789,2383.355450368951,3805843
2024-11-25,2412.4853515625,2459.8091798845007,2403.0206816798122,2456.915853815773,1857124
2024-11-26,2456.915771484375,2469.666232573915,2410.425724524224,2412.6813837689556,1152258
2024-11-27,2444.06689453125,2469.322613059505,2432.395415536785,2469.175588150749,864653
2024-11-28,2410.866943359375,2457.896478934162,2406.2081212225285,2452.01165097183,1506133
2024-11-29,2432.00341796875,2443.674898059773,2407.9246148110415,2410.867028896604,1030854
2024-12-02,2431.4638671875,2438.280411759127,2414.103672404123,2432.0033576473265,914624
2024-12-03,2421.998779296875,2446.1266681971183,2416.212127948517,2446.1266681971183,1341985
2024-12-04,2412.240234375,2431.5131917036847,2406.1102045861603,2431.3168391870113,1005012
2024-12-05,2405.129150390625,2419.5469310678895,2377.3723304944847,2417.6834979870496,3190834
2024-12-06,2383.06103515625,2420.6259015352716,2380.4129104643857,2420.6259015352716,1735948
2024-12-09,2345.937744140625,2392.182588518261,2341.180745712624,2391.348808767617,2301281
2024-12-10,2343.044189453125,2358.4918630654356,2339.2682351315643,2353.833040864897,1657888
2024-12-11,2370.8994140625,2381.39397719139,2346.722432853778,2353.686242489719,1337700
2024-12-12,2343.681884765625,2368.643316127544,2335.0016675148786,2366.6817067560096,1089028
2024-12-13,2361.434326171875,2365.7009223732866,2308.814250110579,2343.681904879696,1150861
2024-12-16,2356.137939453125,2373.4981336387937,2340.3468890142485,2373.4981336387937,987775
2024-12-17,2310.775634765625,2353.832860871112,2305.3812094722416,2342.1613819271274,1258218
2024-12-18,2300.42822265625,2327.1551494176,2296.0636898466246,2311.560451235801,855682
2024-12-19,2247.857421875,2280.3710029744066,2221.866096464754,2280.3710029744066,2784409
2024-12-20,2238.53955078125,2273.505140179618,2232.3113455775715,2252.9082428785946,1719502
2024-12-23,2235.449951171875,2258.3518359488926,2222.5524655707823,2255.8507361549114,855647
2024-12-24,2240.157958984375,2250.9468108008496,2233.439350935133,2238.2945258159666,601558
2024-12-26,2218.972412109375,2243.541617232668,2213.1857602794494,2240.1578889777365,1267334
2024-12-27,2227.7998046875,2246.827560435928,2216.6678144909474,2226.6719750111083,821790
2024-12-30,2244.326171875,2254.6737085075883,2213.4799144646513,2236.4797349144405,1076940
2024-12-31,2237.55859375,2253.5455166218694,2229.368779837357,2236.2344118034202,685486
2025-01-01,2260.411376953125,2278.605351392144,2236.2346377260815,2236.2346377260815,1067328
2025-01-02,2298.2705078125,2302.880241800115,2249.9658785540914,2269.581971653953,1342922
2025-01-03,2291.11083984375,2303.8613017716807,2277.575686214012,2299.006366082288,1355319
2025-01-06,2223.63134765625,2295.0830680126287,2213.381986119443,2291.110760965597,1190987
2025-01-07,2248.593017578125,2271.543752455942,2228.388344378195,2228.388344378195,740798
2025-01-08,2289.54150390625,2293.121345211807,2229.0747516227793,2243.1493945831817,1439632
2025-01-09,2305.08740234375,2316.0723682570892,2276.742239291421,2296.946674580136,1362304
2025-01-10,2276.202392578125,2303.8119477071496,2271.5435704883926,2290.767437419308,1214334
2025-01-13,2209.409423828125,2257.71405119624,2203.279394974303,2247.7589801193344,1181928
2025-01-14,2196.953369140625,2242.462849427957,2194.0600432596334,2225.445792649132,1316807
2025-01-15,2186.900146484375,2210.488546922533,2177.386388981929,2205.829724693855,1308999
2025-01-16,2173.071044921875,2196.8555595078333,2165.420720174505,2196.0217797097066,1936087
2025-01-17,2217.599365234375,2225.4948907413877,2170.030338602855,2182.9278242686637,878848
2025-01-20,2236.77392578125,2243.001891172134,2207.791102642474,2228.6331999019817,555716
2025-01-21,2216.9619140625,2270.562793071887,2211.7145133378426,2236.774120348776,1410294
2025-01-22,2218.67822265625,2226.426483358484,2201.808191659471,2226.426483358484,835523
2025-01-23,2232.65478515625,2257.6162158801017,2203.0833809637184,2218.678318741337,1142465
2025-01-24,2218.972412109375,2252.467035601808,2211.7636413843934,2239.177084297799,543202
2025-01-27,2208.28173828125,2234.027861145955,2203.0834255834275,2212.0088439582323,1097939
2025-01-28,2198.76806640625,2223.5333855549316,2191.215917962656,2216.6186643968203,897501
2025-01-29,2180.475830078125,2203.6720044488325,2169.5890417951073,2198.7679810454188,1281088
2025-01-30,2206.66357421875,2215.883042717907,2172.4824342680818,2180.475896878825,1155718
2025-01-31,2256.63525390625,2260.7545853031547,2191.9512389334363,2211.714355687034,1292909
2025-02-01,2306.018798828125,2343.142351284642,2241.4329551285223,2267.6203918669285,1318619
2025-02-03,2248.24951171875,2319.0635612195833,2233.978755835528,2306.01881117763,1070382
2025-02-04,2309.157470703125,2372.174168024552,2220.296475663504,2260.41128914945,5373733
2025-02-05,2231.52685546875,2251.4863273419555,2194.305364161954,2225.445914083573,3474642
2025-02-06,2219.953369140625,2254.771937667948,2216.8639299685055,2243.296570015997,1285954
2025-02-07,2227.407470703125,2232.6057834969856,2200.141052188956,2222.503447209723,1336756
2025-02-10,2226.57373046875,2234.273143271832,2210.7338300854735,2227.456598385804,1181565
2025-02-11,2197.836181640625,2239.0788253452492,2183.271136899819,2235.2537830164815,1607942
2025-02-12,2185.47802734375,2204.7998316412377,2143.744740335438,2198.8170667681698,1181706
2025-02-13,2193.471435546875,2206.761386518349,2177.386334980078,2185.4779733870987,921923
2025-02-14,2188.469482421875,2207.349972098172,2160.712662695219,2193.471442507713,1380052
2025-02-17,2207.64453125,2216.6187991906704,2183.3205248547483,2188.4697499413637,923900
2025-02-18,2194.64892578125,2208.7233310497213,2176.1606594393365,2204.8491999637763,735853
2025-02-19,2196.119873046875,2206.614435319362,2183.3694121007593,2194.6486660146306,645234
2025-02-20,2205.87890625,2213.774432147032,2188.2244212672454,2196.119947164277,637442
2025-02-21,2214.2646484375,2222.3071985851752,2194.0599770955964,2205.8787208845265,755585
2025-02-24,2203.08349609375,2215.6378442975797,2197.9833594824595,2202.7892067893094,765042
2025-02-25,2182.045166015625,2213.774292529145,2175.130445275953,2203.083378069052,947702
2025-02-27,2171.158203125,2185.6250722817654,2155.8087055302076,2171.501580547716,1027196
2025-02-28,2137.908935546875,2168.902458264366,2134.0348050707535,2167.578276205342,1701193
2025-03-03,2124.815185546875,2151.2480635171437,2088.1331859068287,2137.909023945707,959068
2025-03-04,2091.173828125,2118.3911589596355,2083.9648176897913,2112.7024437231626,2180989
2025-03-05,2122.608154296875,2140.9003035438814,2083.9645492939253,2091.075382560136,1535212
2025-03-06,2224.170654296875,2231.3305761243014,2141.1947246770724,2147.8151560567817,1985096
2025-03-07,2226.4267578125,2234.224107597683,2204.849053551762,2224.170859021657,921429
2025-03-10,2234.86181640625,2248.985309133705,2218.433336716765,2226.426799709337,1072395
2025-03-11,2243.492431640625,2246.92524787127,2214.558694839471,2230.3497452821425,601228
2025-03-12,2208.085693359375,2251.8785279157673,2203.8681852119953,2243.4925997474033,749216
2025-03-13,2188.469482421875,2213.872227295552,2179.8383535361436,2211.959706102312,747470
2025-03-17,2176.9453125,2196.2671189096977,2153.8964000094884,2162.674554960761,838015
2025-03-18,2176.9453125,2176.9453125,2176.9453125,2176.9453125,0
2025-03-19,2236.921142578125,2244.031976370776,2224.3179463561214,2230.3497992399066,663292
2025-03-20,2243.29638671875,2262.7163670183427,2225.2005885014587,2246.0426876775055,1166849
2025-03-21,2256.242919921875,2270.072361261491,2234.1259666391193,2247.6608792387738,1624115
2025-03-24,2277.9189453125,2285.520181836148,2257.910624954544,2258.204674804942,1100353
2025-03-25,2286.0107421875,2299.496807919594,2263.6974334307624,2280.3711146995333,1828005
2025-03-26,2278.556396484375,2296.0147684448502,2259.7740818204,2295.0830518488438,1934287
2025-03-27,2293.2197265625,2304.98938379246,2246.5333237686095,2270.5630406131113,1497861
2025-03-28,2295.720458984375,2318.6223448473825,2280.3709609856874,2298.957162432758,1281871
2025-04-01,2271.543701171875,2316.3664283861817,2261.4904529261876,2297.044623551179,970583
2025-04-02,2262.373046875,2283.705548924632,2248.151378841912,2283.3133228295655,792693
2025-04-03,2304.302490234375,2309.6969161401757,2245.846673182262,2250.946809784164,608846
2025-04-04,2310.824951171875,2318.5732124861197,2258.597101126369,2304.302456272972,1163188
2025-04-07,2296.406982421875,2308.8140650270016,2147.962108075248,2147.962108075248,1745817
2025-04-08,2348.242431640625,2373.5472393560162,2310.7757421168485,2310.7757421168485,1876867
2025-04-09,2364.8671875,2382.8159616352013,2345.0058920656825,2353.9313107339253,1186937
2025-04-11,2347.654296875,2401.0099783908627,2334.560457951328,2392.673138188117,968152
2025-04-15,2369.329833984375,2378.451365462363,2339.2191779908185,2368.5451423440904,1141122
2025-04-16,2412.681396484375,2421.1164127236184,2357.560219989948,2358.9334902486225,1166695
2025-04-17,2420.52783203125,2428.864672011156,2384.336234253132,2412.6813944031032,885840
2025-04-21,2398.0673828125,2423.4701276094634,2394.144164190312,2418.566104331728,541913
2025-04-22,2385.317138671875,2402.9716240732296,2367.1722508982607,2398.067600350631,543647
2025-04-23,2406.011962890625,2409.4447791373664,2379.0398352376574,2390.2209123739117,744684
2025-04-24,2417.094970703125,2443.1844711141525,2389.1420371717104,2402.9714790163284,1203452
2025-04-25,2384.9248046875,2421.3125153908227,2367.3682568820964,2416.9970704918337,702217
2025-04-28,2405.129150390625,2412.5833616225136,2358.835218117182,2373.4491118364936,554920
2025-04-29,2404.050537109375,2424.549259908607,2394.7328922998554,2412.7796033071086,1235066
2025-04-30,2379.137939453125,2414.937311402688,2355.402513339064,2402.9715418199903,1479669
2025-05-02,2363.739501953125,2397.9694927349624,2351.9698446819893,2378.451573542045,744673
2025-05-05,2390.122802734375,2427.4915564148305,2376.5878898620194,2376.5878898620194,1229588
2025-05-06,2371.5859375,2402.873513929306,2345.2023849282214,2395.1252520161293,702802
2025-05-07,2289.29638671875,2359.521860813671,2273.9957373452403,2342.1616652061393,1711738
2025-05-08,2258.401123046875,2304.008544122107,2249.4757040009754,2277.4286394986984,2292261
2025-05-09,2255.45849609375,2287.040358313372,2201.9064657768918,2203.4758490175027,1503010
2025-05-12,2311.16796875,2332.8438471773284,2276.4475801129197,2285.2748219143054,940135
2025-05-13,2279.978759765625,2312.73754180249,2270.661114877108,2308.8143229020616,1220489
2025-05-14,2238.490478515625,2274.4859609248783,2233.3903422767617,2274.4859609248783,1549845
2025-05-15,2285.1767578125,2290.6693598735023,2224.4650431141526,2241.1387228905814,1675015
2025-05-16,2308.421875,2309.7949057015176,2270.562720466672,2289.0998322084342,785113
2025-05-19,2286.64794921875,2333.2361718049738,2281.9402782892416,2308.4220048119373,552961
2025-05-20,2251.53515625,2302.634932707437,2247.415585328712,2302.438819676483,1095824
2025-05-21,2268.0126953125,2271.739801067979,2246.042765786948,2251.92759399425,469330
2025-05-22,2255.06591796875,2265.658655678356,2239.2751073744516,2264.8739640972276,916504
2025-05-23,2271.05322265625,2284.294085755304,2250.946726839168,2257.6162465132484,458035
2025-05-26,2282.528564453125,2293.1213027072104,2258.5970264512307,2271.5436001154403,1258062
2025-05-27,2282.921142578125,2306.4604556573113,2256.929817719857,2268.69947425945,2485428
2025-05-28,2258.989013671875,2288.2170374374055,2256.1447762308662,2282.920788597514,774808
2025-05-29,2250.26025390625,2264.678034995227,2242.609929413853,2258.989319887841,1414643
2025-05-30,2215.73583984375,2259.7738720370758,2211.7144450710093,2252.4178372973715,3610431
2025-06-02,2223.189697265625,2228.6822987043906,2214.5585690565263,2215.7357261178645,702789
2025-06-03,2212.401123046875,2243.3946474767345,2203.5738807103767,2228.976866217975,792587
2025-06-04,2205.82958984375,2217.5992452808887,2197.8849766419803,2206.319992153631,768079
2025-06-05,2200.435546875,2217.599630703978,2190.137096577613,2207.8897590624456,996614
2025-06-06,2202.1025390625,2209.360637101461,2196.0215981598762,2205.92782084708,822087
2025-06-09,2204.750732421875,2212.499233024373,2193.0792525749403,2197.002471273643,1041851
2025-06-10,2196.386474609375,2217.272486211869,2192.724063924676,2217.272486211869,1809051
2025-06-11,2186.388916015625,2203.315269404601,2184.8050534192694,2186.5868384242935,1430888
2025-06-12,2196.88134765625,2240.0390684418803,2185.6961934513174,2201.434771637093,3417373
2025-06-13,2191.734130859375,2194.604851740266,2152.733989669046,2152.9319120868795,1786807
2025-06-16,2222.02392578125,2227.1711173642298,2186.8841148183924,2191.7343019196833,1301826
2025-06-17,2241.82080078125,2257.856383051544,2204.404281041556,2208.3636960052586,1540986
2025-06-18,2258.25244140625,2260.826158041413,2232.120396840362,2234.1001045094,1131156
2025-06-19,2244.988525390625,2261.816040792583,2241.029110001929,2246.9682330849732,524926
2025-06-20,2262.5087890625,2266.666126702171,2240.0391560683156,2243.9985712801026,1945026
2025-06-23,2241.128173828125,2249.7398538958046,2231.0314713382227,2238.257452696542,596186
2025-06-24,2252.21435546875,2286.2652288580507,2245.8791462744125,2281.612964421652,1044179
2025-06-25,2256.767578125,2271.021617818927,2252.313236032559,2253.006327022203,807368
2025-06-26,2266.5673828125,2269.3390219114503,2257.064689234252,2263.7957437135497,921519
2025-06-27,2334.76806640625,2340.5092666724286,2253.9961428230686,2259.836183469298,1555059
2025-06-30,2317.3466796875,2345.854273974067,2302.4988736367836,2338.034526119427,785414
2025-07-01,2345.458740234375,2375.6492832084828,2326.3545122491983,2356.3471327824136,1232160
2025-07-02,2394.852294921875,2405.344842339883,2303.389896347699,2316.257996327295,1936030
2025-07-03,2406.2353515625,2439.3954517375932,2400.395311182141,2404.25564408936,1547480
2025-07-04,2399.603515625,2418.2128152580945,2387.527347688303,2406.2354877025405,602309
2025-07-07,2418.014892578125,2440.088680482908,2396.4360315695767,2398.7127436249625,869054
2025-07-08,2459.390869140625,2462.7562754239448,2412.570735668228,2415.7382195225628,1136367
2025-07-09,2473.545654296875,2509.2794744445164,2467.6065312804385,2494.926593821461,2328636
2025-07-10,2426.32958984375,2486.512749306158,2420.2916266528655,2481.8604847719294,932859
2025-07-11,2414.451416015625,2459.5888473703967,2410.7890051739755,2422.6672511448596,1050411
2025-07-14,2377.23291015625,2423.7560373356596,2366.7403635312317,2406.4335963646026,891618
2025-07-15,2369.215087890625,2390.4969447486355,2362.088188810415,2385.448593665743,610228
2025-07-16,2386.04248046875,2397.8216435077948,2346.9432570800277,2356.8417946467926,1200909
2025-07-17,2374.560302734375,2389.507192526197,2369.7101155375785,2379.707736082246,526163
2025-07-18,2358.2275390625,2380.5983310634733,2348.230160923921,2376.2430711148772,599552
2025-07-21,2351.298583984375,2383.567914037501,2336.8468637229585,2358.22756047867,390931
2025-07-22,2341.2021484375,2356.643964310425,2337.341815301031,2351.298608817401,411317
2025-07-23,2351.298583984375,2360.5042725166427,2328.7301110194885,2339.0244937170323,368999
2025-07-24,2328.2353515625,2355.8521774818505,2317.2478770945427,2351.298753078445,506960
2025-07-25,2312.496337890625,2326.651295187884,2302.2019553090836,2316.25783056356,383636
2025-07-28,2335.658935546875,2342.3897475154404,2296.460631549846,2312.496213489174,650364
2025-07-29,2377.1337890625,2393.7633804542284,2301.409976918723,2335.065004538179,1742815
2025-07-30,2391.288818359375,2419.004724295606,2342.4889785032356,2384.5577642993003,1685818
2025-07-31,2371.788818359375,2392.674588818769,2349.418025516724,2377.0348502382585,1274735
2025-08-01,2406.33447265625,2446.9184765142945,2353.872223766583,2353.872223766583,2225293
2025-08-04,2424.94384765625,2441.969284403293,2414.8473873951507,2418.4107160183803,1165898
2025-08-05,2412.075927734375,2438.70289982959,2384.6570242206344,2436.9211145537915,659094
2025-08-06,2465.923828125,2480.1778683627604,2415.243360050098,2415.243360050098,2019109
2025-08-07,2481.068603515625,2484.5330918907716,2441.8702955199838,2458.8959745801,1502806
2025-08-08,2450.482177734375,2486.215755117334,2443.454119049418,2481.0685636610756,1178226
2025-08-11,2463.84521484375,2478.791862374858,2427.121541831701,2438.9007055038905,721135
2025-08-12,2453.15478515625,2477.406203891745,2448.898365372008,2463.8452548090927,608984
2025-08-13,2474.83251953125,2478.9898573216647,2436.2282198165494,2454.639597884359,350844
2025-08-14,2503.043212890625,2509.1802580128915,2472.357745615771,2479.583726564812,1088550
2025-08-18,2561.147705078125,2568.6706908574174,2510.863323805654,2524.127268472607,1755615
2025-08-19,2553.228759765625,2568.670575497609,2535.2134691873252,2561.1475900561763,698587
2025-08-20,2544.023193359375,2553.1297994329543,2537.3909799718176,2551.8429412384953,308028
2025-08-21,2540.558837890625,2549.863366865174,2533.3328568800803,2548.7744310291314,781082
2025-08-22,2479.088623046875,2543.2311919519207,2475.7232170896536,2536.797142820435,523774
2025-08-25,2467.6064453125,2496.9062145049056,2450.878012731079,2490.4721647945858,766497
2025-08-26,2456.22314453125,2497.6981641187676,2442.9592001585233,2455.9263817194274,7106393
2025-08-28,2463.74609375,2502.350391723584,2439.989602689333,2439.989602689333,1485769
2025-08-29,2493.0458984375,2505.913997946369,2464.7359828525773,2465.725836660952,1798653
2025-09-01,2544.122314453125,2551.6453003711945,2489.581512369503,2492.451991866285,1314833
2025-09-02,2514.228759765625,2545.805000673645,2505.320075183778,2542.93452119602,1024054
2025-09-03,2527.987548828125,2539.074104831537,2501.6575824788406,2504.330139433277,925847
2025-09-04,2542.53857421875,2556.792372311873,2527.0967582315957,2527.9875299885935,933071
2025-09-05,2553.7236328125,2575.5994976942957,2538.9749083727397,2538.9749083727397,1153436
2025-09-08,2505.1220703125,2563.3255226646506,2500.7665685510233,2553.7237473782398,742880
2025-09-09,2511.55615234375,2525.711110339231,2499.1829795616045,2514.2287093319874,702450
2025-09-10,2517.4951171875,2529.0763578516126,2499.4798270807123,2511.5559946250305,520584
2025-09-11,2529.96728515625,2533.5308555782876,2509.9722862990047,2515.21855988452,423961
2025-09-12,2520.46484375,2542.241627907083,2511.4570772741577,2534.0257928242045,547539
2025-09-15,2477.2080078125,2517.6929281557755,2472.6545840507674,2509.3782536017916,583051
2025-09-16,2455.728271484375,2484.4340325696035,2449.3933036344274,2469.685307160192,760790
2025-09-17,2468.29931640625,2471.5656403296753,2455.629140541995,2456.816916665378,359627
2025-09-18,2453.550537109375,2480.7715162918726,2444.246008163312,2472.555681514996,400796
2025-09-19,2456.520263671875,2484.0382491741548,2443.454241118311,2449.8882911759447,3731525
2025-09-22,2457.509765625,2477.603844337264,2448.9971686889035,2468.794242954483,872806
2025-09-23,2422.0732421875,2458.598993546187,2403.36510144872,2447.0177520572506,1332111
2025-09-24,2432.268798828125,2449.8882454513505,2418.4108451164807,2421.182484191517,637749
2025-09-25,2379.6083984375,2437.7127648253804,2363.770738547733,2433.5554274370193,1518215
2025-09-26,2319.029541015625,2375.64913028812,2315.26804822663,2373.174495777403,1089446
2025-09-29,2318.83154296875,2339.7173125599843,2305.5673574257466,2319.1283057695373,950369
2025-09-30,2326.156494140625,2364.562870972334,2316.257955867686,2328.136201795213,778874
2025-10-01,2312.1005859375,2333.0854384512804,2297.648623594792,2329.52186805722,648279
2025-10-03,2333.87744140625,2338.727628575792,2312.3976613270074,2318.4356247764845,659872
2025-10-06,2330.907958984375,2335.2632193797976,2310.418032053584,2331.1058814271587,362107
2025-10-07,2328.927978515625,2347.339113482409,2322.1969246043586,2331.1056084583392,498524
2025-10-08,2304.87451171875,2345.3594343916707,2296.4607546435473,2336.0549055856777,701799
2025-10-09,2312.6943359375,2317.2477601110313,2300.2223229785895,2304.8745875346162,587567
2025-10-10,2316.455810546875,2333.8773340631014,2312.8924818709593,2315.168952276326,1117236
2025-10-13,2318.732421875,2342.5879940440077,2313.288226220651,2316.455709905024,667732
2025-10-14,2294.580322265625,2331.105832918551,2284.5827016458666,2318.6335776566284,353345
2025-10-15,2351.001708984375,2359.811310584155,2301.4099400621476,2306.3592087504535,753640
2025-10-16,2385.25048828125,2396.237961365467,2342.8847002435737,2352.882319596366,715890
2025-10-17,2482.355224609375,2518.1878811898305,2396.435872783247,2396.435872783247,3719960
2025-10-20,2490.47216796875,2511.35817987428,2475.327356452451,2482.355415118091,714986
2025-10-21,2479.18798828125,2493.6397091369963,2458.796902808329,2487.502663750938,107942
2025-10-23,2477.010009765625,2520.1677313672517,2471.466973579269,2493.342597184148,811738
2025-10-24,2476.218505859375,2481.266615533017,2461.07369351137,2469.6853737363804,327596
2025-10-27,2493.243896484375,2504.3302111417024,2474.23875111988,2476.2184587966717,550089
2025-10-28,2483.840087890625,2502.944313788174,2466.715569512749,2489.4822059889902,1103957
2025-10-29,2512.94189453125,2524.9192226571176,2487.0077722636356,2494.4316760614374,615292
2025-10-30,2497.89599609375,2512.941725110214,2487.799535942144,2509.774241369409,736486
2025-10-31,2485.32470703125,2504.329849652434,2479.8805117059187,2497.7967185966363,609128
2025-11-03,2486.710693359375,2489.7793368360453,2469.6852561586425,2470.873032398037,425210
2025-11-04,2461.469482421875,2495.421517284876,2454.540505578958,2484.533125103149,527087
2025-11-06,2576.490478515625,2604.305468247461,2534.124927247066,2534.124927247066,4448622
2025-11-07,2587.280029296875,2592.3281389100152,2558.772190218216,2576.490477384487,791663
2025-11-10,2623.50830078125,2639.742047393502,2584.607241463536,2587.2797982746247,1706880
2025-11-11,2630.239501953125,2637.8613279758315,2606.6809328855093,2623.5084476961592,776404
2025-11-12,2741.697265625,2809.8980998107063,2615.292976226382,2633.0112636282392,2859196
2025-11-13,2850.184814453125,2867.705419302586,2811.18467304877,2829.892812411752,5933630
2025-11-14,2876.910888671875,2880.3753768526763,2832.9614781294044,2836.030121469235,2494076
2025-11-17,2858.5986328125,2897.2029302084065,2850.7788846207886,2876.9109277310713,1230683
2025-11-18,2881.00439453125,2890.918380747806,2837.48209185684,2861.1764220981377,1819066
2025-11-19,2868.81005859375,2890.9182956137456,2862.365967742759,2888.935498428825,1387906
2025-11-20,2835.201904296875,2881.10371014527,2827.964645752369,2872.4783482680073,1062883
2025-11-21,2851.857421875,2870.693996016735,2829.550952496629,2844.3226954020324,857340
2025-11-24,2854.434814453125,2871.5860587238258,2839.8613033711026,2851.2623873259877,5404326
2025-11-25,2851.064208984375,2883.4828955546254,2844.322649938532,2874.9567705789004,972417
2025-11-26,2849.27978515625,2871.288787280634,2833.020943741294,2855.228177192067,570376
2025-11-27,2854.3359375,2889.4313527396475,2846.701974295966,2855.2280994648086,1158685
2025-11-28,2849.676025390625,2865.0427036171095,2831.236156743247,2855.227954340334,748446
2025-12-01,2842.934814453125,2862.663550417217,2823.5033044461416,2852.947795413725,499153
2025-12-02,2928.988037109375,2936.522763568836,2836.589732524731,2842.339893028985,2102147
2025-12-03,2928.095947265625,2943.66085784583,2907.3758120528328,2943.462626521632,1252456
2025-12-04,2931.763916015625,2960.0187763517797,2908.763516711522,2924.6258944441,1466098
2025-12-05,2942.966796875,2947.923789963892,2915.703334886096,2929.5829155349925,944978
2025-12-08,2903.112548828125,2948.91511542508,2889.728667820144,2944.453821755753,983544
2025-12-09,2771.95068359375,2888.4400274143027,2764.515193562651,2884.9701320664567,1839391
2025-12-10,2780.37744140625,2799.709714577019,2772.644483729807,2785.830133839031,845073
2025-12-11,2755.4931640625,2787.416392522806,2739.4325551970373,2775.9160719797633,777422
2025-12-12,2741.01904296875,2772.9420311726108,2722.3806998927384,2770.9592338675175,977696
2025-12-15,2756.286376953125,2777.8989151364117,2734.9713067620355,2749.2475920214038,1029674
2025-12-16,2766.894287109375,2783.847300176722,2752.2217812965405,2768.9763210091114,916244
2025-12-17,2761.739013671875,2782.360152826057,2748.156901348238,2775.916061967917,636499
2025-12-18,2735.962646484375,2769.7694352946414,2731.6005894949667,2756.088086314156,417994
2025-12-19,2775.81689453125,2788.2093772598632,2735.9627184841656,2742.6050408185665,3895542
2025-12-22,2783.450927734375,2798.817606705464,2756.3856963642547,2761.8383889023835,463953
2025-12-23,2783.649169921875,2794.752786362001,2759.1616717450024,2773.9334147715076,431068
2025-12-24,2761.540771484375,2800.403547790722,2758.070876420582,2783.6490084418188,512144
2025-12-26,2722.87646484375,2770.3643646289715,2719.406569476208,2761.045313886708,532078
2025-12-29,2751.527587890625,2769.769467423096,2711.475181117445,2722.8762650599865,815529
2025-12-30,2734.574951171875,2768.3814999924343,2717.423706078166,2746.4717350000174,4833527
2025-12-31,2745.678466796875,2772.74369741969,2731.2039501881377,2731.3031868660014,1274705
