Price,Close,High,Low,Open,Volume
Ticker,BAJAJFINSV.NS,BAJAJFINSV.NS,BAJAJFINSV.NS,BAJAJFINSV.NS,BAJAJFINSV.NS
Date,,,,,
2020-01-01,934.41748046875,939.7977697117311,931.7772017646955,938.5573246094601,636680
2020-01-02,947.086181640625,949.6118907407154,934.4176217759841,934.4226083684819,1578910
2020-01-03,931.1695556640625,946.9865400460351,928.9925432383035,943.0409900810731,1824790
2020-01-06,900.9653930664062,930.4871160243796,898.9029505191218,930.4871160243796,2442890
2020-01-07,906.240966796875,923.1140748419389,903.1921521014407,909.1652383089793,2426760
2020-01-08,911.207763671875,913.3349710415318,892.8849553559132,893.8215225571735,2697180
2020-01-09,936.0914916992188,946.5182128729598,917.534557525197,946.5182128729598,2141970
2020-01-10,933.7999267578125,940.0370595838868,930.4173749932095,934.0889058848893,1393930
2020-01-13,942.069580078125,943.3398840721685,933.0775378365995,936.5448006315816,1507130
2020-01-14,951.9930419921875,954.478918827283,937.0927407570791,941.147812901456,1628990
2020-01-15,955.41064453125,958.3847821322264,946.6876346193915,950.4986684042401,1372300
2020-01-16,958.6986083984375,960.477058351857,953.0094537226892,955.495330870779,1357820
2020-01-17,967.9496459960938,970.4704292820123,956.5912830563732,957.8865808463487,2841290
2020-01-20,953.7766723632812,972.8666255766186,951.509962003301,968.9460084274452,1841980
2020-01-21,949.9456787109375,958.9825396547993,947.3452315619471,954.892560854638,1745070
2020-01-22,951.2608642578125,956.4916781225452,946.0300503930799,955.4953326245009,1395250
2020-01-23,949.9356689453125,956.0930765744523,944.9489550661709,951.2608254310126,1812800
2020-01-24,959.8543701171875,961.4734315952624,944.5455308559727,948.4412151012762,1239780
2020-01-27,952.2672119140625,961.3638514529459,950.015461290035,955.495361696008,1131280
2020-01-28,959.6101684570312,967.4514020411508,949.5171844955887,952.2671075825107,1904690
2020-01-29,985.80908203125,989.2714189478736,961.3737464235056,961.3737464235056,5019130
2020-01-30,960.4421997070312,991.3637549962476,956.825460740921,988.7732810668269,4128250
2020-01-31,940.689697265625,967.2522427327581,937.5611576600368,967.2522427327581,3295410
2020-02-03,905.29443359375,920.1250457117968,885.2529541038781,892.2273724254619,5025510
2020-02-04,950.00537109375,958.97247974451,912.7819213339429,914.6450823775219,4636970
2020-02-05,955.6348876953125,964.8610572401981,942.3137525250906,950.5136569612238,3245400
2020-02-06,958.4544677734375,967.351886754665,952.5063142269142,956.4916962948092,2713430
2020-02-07,958.8131713867188,963.8297441661421,952.6108842308852,957.4880148590568,1426260
2020-02-10,959.1818237304688,962.2654838590379,949.6168704559904,956.9898514709777,1435280
2020-02-11,969.603515625,977.4148907446464,960.8257146044155,960.8257146044155,1955790
2020-02-12,973.6138305664062,980.4985508999832,964.9855056873766,970.2411914728376,1885280
2020-02-13,968.1687622070312,975.9203589235623,965.359121579602,972.2338686314667,1366300
2020-02-14,965.5086059570312,975.9204287167878,961.7772968806577,969.9423556465472,1392370
2020-02-17,949.4027099609375,974.949023672654,947.9779431656818,966.4352074248674,1754010
2020-02-18,949.467529296875,952.9995573382099,938.1589705162307,949.2184429027477,2663840
2020-02-19,972.2986450195312,974.4258522899981,954.4989432452129,954.4989432452129,2211320
2020-02-20,967.4215698242188,979.1635357042647,965.8324279269432,972.2339356607757,1670200
2020-02-24,943.230224609375,964.4623425484907,941.377036769216,964.4623425484907,1993290
2020-02-25,949.01904296875,951.5099065985893,931.6925809646842,946.5281793389108,2220180
2020-02-26,935.26953125,946.0200772823845,932.5793862426486,942.0446684748123,1755170
2020-02-27,937.36181640625,946.0001146995357,923.2934230788397,935.0702339622632,2075830
2020-02-28,901.7674560546875,925.2613010267002,879.2799298127843,923.6621250751839,5378520
2020-03-02,888.1921997070312,926.6013062050457,877.5810959079066,926.6013062050457,3090310
2020-03-03,893.5903930664062,908.843021465308,865.313203473992,897.2141510675033,5507290
2020-03-04,877.2461547851562,903.8535423011435,856.6650996817345,897.2141841110633,4402510
2020-03-05,885.2413330078125,894.2234534630556,873.3931117401879,884.2544071591196,3198530
2020-03-06,857.656982421875,859.8302271727758,837.3998734204425,854.3472518110943,4086990
2020-03-09,818.1695556640625,842.3843452945756,813.474113325886,841.2877746273567,3705070
2020-03-11,822.8450927734375,837.1107953666105,810.2890475194681,815.4679742909932,3723450
2020-03-12,741.5025634765625,795.724215235391,737.7093490576171,787.5545753452939,6191940
2020-03-13,771.8035888671875,785.9496682234648,650.4055012990493,677.8951590733662,5956730
2020-03-16,747.2398681640625,754.3079491049027,717.7713683100706,742.6939852652813,5622460
2020-03-17,699.5777587890625,749.8666154559307,693.526540948364,747.7780688110305,4476050
2020-03-18,629.0667114257812,717.7712563905941,623.8030263393964,712.7867337767705,6444600
2020-03-19,576.7591552734375,618.6640750157264,542.5803071762383,584.6845591653855,8166380
2020-03-20,621.3756713867188,637.2165015365481,568.2356741118907,570.7478934050749,6574680
2020-03-23,460.6746520996094,587.2167158960682,443.52288989448994,562.2542443969878,6879880
2020-03-24,448.3827819824219,506.42756119850776,414.737250111458,488.4832775339937,15587800
2020-03-25,481.5348815917969,490.4771180711157,438.64306246298594,443.62259662936276,7972700
2020-03-26,513.1316528320312,553.760501262961,481.0263562696324,495.95999687665045,10191230
2020-03-27,487.54620361328125,564.2480526370505,466.0529410032175,546.0047090408236,12917940
2020-03-30,464.67218017578125,476.48051643770094,454.09004753020497,468.5451643011994,7509110
2020-03-31,457.6988525390625,486.4445892578353,441.62875464191296,479.51113088659173,11561100
2020-04-01,448.7965087890625,465.3251745725076,444.61947585336213,454.5885223971595,7577660
2020-04-03,449.6787414550781,463.161869690892,441.628724876404,454.5884842971563,7223110
2020-04-07,471.0274353027344,480.38838391270315,431.56497601906347,460.56991599317735,11307140
2020-04-08,459.4235534667969,493.4678441014989,452.37542968484934,456.083916518052,11130550
2020-04-09,480.532958984375,483.2993633101382,464.75696111414936,469.0436389501864,8642210
2020-04-13,447.749755859375,482.9005920908725,445.5515641342042,482.9005920908725,8916950
2020-04-15,458.4864196777344,464.98123763044305,446.6132816857175,453.69131076134187,9830710
2020-04-16,468.50531005859375,474.52662278211665,449.48438234669175,455.5854340576204,7473540
2020-04-17,498.4223937988281,512.0101779337765,484.00217241870547,486.09068877145637,13522230
2020-04-20,486.7137756347656,507.42446351789147,470.5838658052338,507.0057501814702,9031520
2020-04-21,458.0826416015625,473.4299765813161,456.08384306099595,473.4299765813161,6709420
2020-04-22,476.09674072265625,480.0743804599666,447.1117264433953,457.0807727409069,7921490
2020-04-23,471.4960021972656,484.29625391182947,469.04861473282057,478.51421926495715,6918170
2020-04-24,437.6212463378906,466.05295809092246,435.1489116720591,466.05295809092246,10218670
2020-04-27,460.3207092285156,465.5544584942432,427.47268976294146,441.64867470532243,11338730
2020-04-28,484.6751403808594,489.48022854099764,456.69700635026226,467.6480207660534,15204120
2020-04-29,498.3177185058594,505.4306427101654,480.7472745654912,485.00407676680214,15234930
2020-04-30,508.85498046875,515.8981136718584,503.5215349480995,509.21884090048474,10643520
2020-05-04,474.7608337402344,492.4608792650362,470.53895748538247,490.6764419876886,8107070
2020-05-05,461.4870910644531,490.47706346175414,459.5730208452615,487.48634966015806,8158860
2020-05-06,467.83740234375,477.49741105552323,452.79411448432035,463.26161354708626,12628290
2020-05-07,465.8934326171875,478.1154938111486,462.56377461448653,466.35200025458266,6454310
2020-05-08,458.67584228515625,476.36092130046,456.3181420655655,475.32413193076263,4885760
2020-05-11,454.38916015625,470.30972978484255,452.604722608366,467.27916133435457,5852300
2020-05-12,465.375,470.1202450790553,444.17082026466,451.398378417832,10188930
2020-05-13,480.1491394042969,503.4368159301702,476.330977802972,493.26837698372134,6987500
2020-05-14,477.5422058105469,492.2565270068746,470.5389572872397,475.5234801398588,7928120
2020-05-15,470.86297607421875,481.86878092342397,468.64485726067295,477.71669518044155,3951110
2020-05-18,445.1628112792969,472.43810857165596,443.7222767230365,470.9975740153956,6469410
2020-05-19,452.1411437988281,458.07769774689586,441.9527768126472,450.6009126911794,5741510
2020-05-20,468.7494812011719,472.5177791081192,450.7453878209666,453.39216813152353,5828770
2020-05-21,452.5149841308594,472.8019699585947,450.1024614276232,471.03745963355914,10925960
2020-05-22,430.2191467285156,456.42777653384616,407.4349121288951,449.5142457374036,27250160
2020-05-26,408.456787109375,438.63807102542114,403.92584183045216,434.6504521979173,15756010
2020-05-27,424.4869689941406,426.37113334934963,397.2964012751096,408.73089860671473,24986770
2020-05-28,427.2683410644531,431.16125242724735,419.88127410619745,423.6844677030754,12472560
2020-05-29,439.1264953613281,441.5240496956252,418.8494595477158,422.68754832348344,13944250
2020-06-01,474.84564208984375,483.0352103440619,446.2892882041376,448.6071037427215,21106170
2020-06-02,516.8651123046875,522.1786309989176,472.796987115789,477.9110822924319,26933530
2020-06-03,526.9688110351562,551.2683640919427,520.0951942228415,532.7459178173318,24123590
2020-06-04,512.090087890625,531.943426532917,505.23137749628984,527.2630116986073,19944190
2020-06-05,522.0191650390625,526.864107030419,508.0475317793326,514.6021920161758,15138920
2020-06-08,542.4108276367188,547.799126687765,534.3409133842439,534.3409133842439,13966100
2020-06-09,529.4360961914062,550.6851195395759,523.3798887580514,548.2975136230975,11634230
2020-06-10,520.6832275390625,532.7458089452663,514.4027411248068,529.4360785806683,11622530
2020-06-11,514.203369140625,526.8640694499156,511.41204849159266,518.3903805372869,10573320
2020-06-12,526.9588012695312,532.247434153169,488.48329426707465,488.48329426707465,16552510
2020-06-15,508.78021240234375,526.4652901092949,506.08858826081524,526.4652901092949,10234910
2020-06-16,511.2426452636719,525.3687675749954,496.52832241744545,523.3749582103844,11691030
2020-06-17,502.1358947753906,511.41208523825213,499.2398879852643,502.0411876167552,10498590
2020-06-18,541.074951171875,548.1978538797513,500.6006190654753,502.1358606399455,18061720
2020-06-19,588.1536865234375,595.1819117949756,542.6948665056141,543.3129424164453,35955630
2020-06-22,616.4409790039062,633.034477009865,594.155194169889,595.0524327277665,25140100
2020-06-23,630.0088500976562,636.2245357523816,607.1946783092981,625.5576442313032,19812860
2020-06-24,602.7334594726562,643.5018907518064,596.1887786301542,643.5018907518064,18864900
2020-06-25,600.251220703125,610.6040850063437,590.1924870746235,594.7532770734014,19002920
2020-06-26,592.789306640625,611.4563184013889,585.1829207081856,607.0151528209652,10672470
2020-06-29,587.1968383789062,591.8922206743825,573.3498171977077,581.3948455997083,10102710
2020-06-30,582.705810546875,602.494346039152,579.7798974591468,597.1459616439661,9766720
2020-07-01,615.0253295898438,617.562434729467,578.4688553832872,579.9990771535917,17242340
2020-07-02,616.9642944335938,624.7600953371401,609.3728760002911,618.075833274442,15292260
2020-07-03,613.0364990234375,621.8989952583681,610.9031086394513,620.074642857391,8330750
2020-07-06,626.5545043945312,630.1433364057954,614.1928637402226,619.7755656809077,12201780
2020-07-07,656.9203491210938,660.9178858944043,625.5626944542563,630.3428354982303,20073540
2020-07-08,638.5572509765625,665.9322732142329,635.0182518136068,657.957036409272,14003560
2020-07-09,654.8865966796875,661.745305654995,635.5267250873063,641.0595338188199,13227850
2020-07-10,646.373046875,662.4431450906133,642.1062657335375,649.4833845395553,12206400
2020-07-13,644.1449584960938,657.1993953564,638.0189601036798,655.3651249199904,8107250
2020-07-14,622.4124145507812,644.0004143013948,619.1774637769813,644.0004143013948,11287050
2020-07-15,614.9356079101562,641.9916141989061,608.4108841371298,630.0437267993274,9813900
2020-07-16,624.5507202148438,626.0560558169333,604.6226080461306,618.0808194370998,8304120
2020-07-17,634.1908569335938,636.3092793868683,626.0561414853622,628.0449614620319,5700380
2020-07-20,659.9657592773438,661.4461478839075,636.0250826675705,638.0188917041459,12218330
2020-07-21,636.4588012695312,668.9230027880179,631.8829822724555,666.8095698525709,18624970
2020-07-22,632.775146484375,657.85729753606,625.1587815748272,657.85729753606,21580510
2020-07-23,636.1597290039062,643.4969322838867,629.3608323052702,635.0232431526177,9248500
2020-07-24,625.0891723632812,633.5329258190682,620.5731649447206,628.8424722502917,8746470
2020-07-27,615.4091186523438,629.5502071348932,611.6807054037897,625.9563857347921,6562030
2020-07-28,632.316650390625,636.757816374142,615.4888966334881,615.5885627505041,8378220
2020-07-29,630.9010620117188,640.5112374380086,627.3072402203119,630.4524427501035,7645410
2020-07-30,615.847900390625,640.1125284161685,614.0933382601977,635.7510700478433,6100800
2020-07-31,618.6690063476562,628.5483034245443,610.1055696999542,620.0746149564894,7497100
2020-08-03,608.4258422851562,620.3737294878795,604.1241964393668,620.3737294878795,5095980
2020-08-04,614.2926635742188,620.872209990794,605.3105428534942,614.1032492549963,6165030
2020-08-05,622.2728881835938,632.5360045859113,616.9245044365583,620.5731487072179,6954490
2020-08-06,627.6212768554688,635.0282712102668,622.2679036754449,626.0511398398233,6261130
2020-08-07,644.7131958007812,647.9880006934837,623.0653852821958,626.5545514397762,8257710
2020-08-10,638.2980346679688,654.9662484981433,634.729099564629,648.9798321810828,6052400
2020-08-11,642.04150390625,647.5892811011394,637.1217815520074,643.0035437323947,4306670
2020-08-12,633.752197265625,638.0189783897978,629.5552676149927,638.0189783897978,3854220
2020-08-13,633.0344848632812,641.2091155772192,630.4524749164565,638.0190083661417,3905850
2020-08-14,622.7363891601562,638.0189539535182,617.0839570269184,637.0220493379659,4217200
2020-08-17,624.969482421875,629.9540057920096,618.1805640256009,628.0499446369605,4359390
2020-08-18,632.341552734375,635.5266701711328,622.2678514175922,627.0529812355177,4571440
2020-08-19,627.9552001953125,640.5111840047502,626.3551269905752,635.5266611720284,4928450
2020-08-20,626.9981689453125,629.4455867674369,621.176219327573,623.5638253077377,3149380
2020-08-21,626.2953491210938,634.6294571463577,624.0672818971095,632.6456266867264,3032040
2020-08-24,638.063720703125,643.4868835917949,627.4716104398025,629.4305545455451,5861090
2020-08-25,648.2471923828125,650.1811897330581,638.1186076127453,642.0015704852725,7483450
2020-08-26,654.4080810546875,667.9261054718812,650.0566020581668,651.4771789938424,10013470
2020-08-27,651.053466796875,658.4504816985865,646.7418423453275,658.4504816985865,4618820
2020-08-28,652.5289306640625,662.9416072707885,649.4833941908552,655.9632745626749,4901660
2020-08-31,617.118896484375,664.9354589194982,611.6010555428967,658.4057450678717,11799190
2020-09-01,633.991455078125,637.6949214983565,612.7524104208052,623.0653590374036,8073470
2020-09-02,634.5347900390625,639.5143238268828,623.563849655051,634.7291937445793,4439950
2020-09-03,633.5877075195312,643.5019312522226,628.0499096652211,637.0220512318672,3942650
2020-09-04,625.7769775390625,640.3068754428915,618.180568732832,623.0654260112534,5443800
2020-09-07,624.4260864257812,632.959586635183,619.2770965135535,630.4424392440606,4985730
2020-09-08,621.4952392578125,631.0406129900595,619.2821402478284,627.9502330627226,3917540
2020-09-09,600.814453125,620.0746571734792,596.3084248914674,618.9581288964278,9297500
2020-09-10,611.0277099609375,617.2833103590872,602.4144400342643,606.0183010981881,5316080
2020-09-11,610.9430541992188,615.5487486767202,606.1180090652401,610.9579615253872,4654850
2020-09-14,609.3230590820312,617.4827206280498,607.2145547864213,613.8938276355827,4161420
2020-09-15,609.6619873046875,613.9935694456036,600.8792601843985,611.10252175785,4929870
2020-09-16,612.6925048828125,622.0634317187784,608.2263920994874,612.2588538500229,4032700
2020-09-17,598.8406372070312,610.4695080792579,597.1558659096663,609.9960027075907,5192360
2020-09-18,587.022216796875,604.1241431579716,584.4302893660398,602.1353234949761,8563830
2020-09-21,569.456787109375,589.1606204848742,561.3569375001774,587.7749085332526,4921220
2020-09-22,566.4710693359375,573.8182512139332,552.7835889399219,569.4567936817201,6452290
2020-09-23,562.9171752929688,573.9180528246195,553.7805655446577,569.7310408798774,4600880
2020-09-24,540.8905639648438,558.2666047356945,538.3285117094197,556.272795433067,4987220
2020-09-25,578.53369140625,588.786828938508,541.3341920325723,548.2975563957024,9783460
2020-09-28,596.7420654296875,602.1303638688416,580.1984631981222,584.3505488522783,6722010
2020-09-29,585.8508911132812,603.0774312743184,581.4495793451416,601.3079013255932,6344350
2020-09-30,583.4234008789062,591.0647129495219,580.1984293668763,586.6783087326576,3755980
2020-10-01,603.4862670898438,608.5904147301858,587.6803611670867,588.8716696887741,6807520
2020-10-05,586.2944946289062,615.0402584944636,583.966761506028,607.1148553562822,7379100
2020-10-06,597.6842041015625,599.9372183917417,587.1768507816917,593.8561242416637,6060920
2020-10-07,588.6972045898438,591.9620311536447,580.1985672177892,590.1676147644866,5812230
2020-10-08,585.3773803710938,601.4524664000048,583.4134467479895,593.1582131598196,5889720
2020-10-09,589.6890258789062,599.5384481514465,585.1829976358576,586.6783545293054,6593340
2020-10-12,589.44482421875,598.1427929950606,587.2765079171578,594.9028528663374,4014350
2020-10-13,584.9487915039062,589.6192875145454,580.6969784235972,588.1737635535147,3656370
2020-10-14,608.1168212890625,612.5979027892038,583.6926575488908,585.1830251216641,10295350
2020-10-15,588.0790405273438,614.8907485174545,586.1898868290842,610.6040708829505,7819790
2020-10-16,593.387451171875,596.1488961314355,584.7841603951232,592.1313417556673,4762450
2020-10-19,596.2586059570312,601.9260062716469,590.6759644395153,598.1427702865287,3796850
2020-10-20,593.3427124023438,600.6350726056711,589.2952818158129,595.3514899453575,3111220
2020-10-21,588.5874633789062,599.1397214762732,571.7348211561252,594.9028765240698,6055610
2020-10-22,585.52197265625,606.1179948537765,582.7854135595072,582.9897960387948,12299030
2020-10-23,581.3499145507812,594.3545176479706,580.5822785599978,591.6478949642344,6468960
2020-10-26,568.330322265625,585.4472187657275,562.7526700038413,585.4472187657275,7831170
2020-10-27,564.970703125,578.8526475714077,561.4566511165958,568.2355898437323,15507570
2020-10-28,562.4884033203125,572.5222496780567,558.7649795671467,566.0423703432014,6587900
2020-10-29,560.6541748046875,567.0393170458424,558.9843109440993,562.2541871963952,9808110
2020-10-30,555.624755859375,566.2418142143861,549.3990914845225,563.2511004069157,5263380
2020-11-02,568.3801879882812,570.7278788312835,554.2789530658404,558.4061526791735,4913990
2020-11-03,572.5822143554688,579.2016766921912,567.906728507357,573.4196411423087,5755360
2020-11-04,579.385986328125,582.0926090371954,569.8256446264128,572.5821003952751,5909610
2020-11-05,603.6406860351562,606.1777911319249,582.7156688209988,583.6876264394314,8486730
2020-11-06,626.6990356445312,633.0343441375105,600.6349485714175,600.6349485714175,15593390
2020-11-09,626.39013671875,641.9069608115576,623.8131161640314,633.0344846410866,9681560
2020-11-10,666.6949462890625,671.2906620771694,629.1514834662205,643.003492912232,21704380
2020-11-11,692.330322265625,695.6151668985801,656.5763467078866,666.929211239581,25424690
2020-11-12,700.4451293945312,703.8146719266946,682.9444758381849,692.2456131146139,12809160
2020-11-13,723.8624267578125,727.740400481281,691.4431286487962,691.8518327863137,16545740
2020-11-14,731.2843627929688,742.0958250601253,722.7558510521015,732.7248972735098,3164850
2020-11-17,734.255126953125,738.4670855344781,722.8555249108113,733.8214758717025,11725440
2020-11-18,776.583740234375,782.0717052517368,729.77406491815,734.9181270342309,14756370
2020-11-19,779.9183959960938,817.4518188554779,772.6010892302685,776.5837183644733,33870400
2020-11-20,851.6156616210938,856.2063874467386,781.8721997732004,781.8721997732004,41104120
2020-11-23,874.7190551757812,895.484596690333,859.4315000083388,868.3039759959294,36075870
2020-11-24,883.2275390625,888.04260531639,866.8185282916774,879.2598782261614,17898620
2020-11-25,869.0765991210938,898.1114478384155,861.5998140436718,891.2327812286943,19861530
2020-11-26,877.9440307617188,881.46313350139,864.416026902291,871.2946935583502,12622340
2020-11-27,873.1688232421875,890.679455322504,865.3132099706085,881.757146806211,14193500
2020-12-01,871.9476928710938,880.1521989240339,868.5681713997767,877.2761191842654,6942830
2020-12-02,877.4954223632812,885.2015370392952,863.4839341616495,872.2916090560193,8849690
2020-12-03,908.5838623046875,916.2749471870872,878.3825937668591,880.3664241770248,14370480
2020-12-04,902.4429321289062,920.5915980598222,894.2234582747814,913.0649802290966,10624430
2020-12-07,902.3931274414062,910.0742949383931,892.7879412384551,903.5944146022124,7074050
2020-12-08,894.1636352539062,905.1893979537225,887.3447808582135,902.7968025193178,5831470
2020-12-09,898.2758178710938,904.6908963385545,892.3292553448595,898.5898452441678,4518180
2020-12-10,900.0902709960938,904.5913101256706,891.133097255793,898.2758972187551,4667260
2020-12-11,896.720703125,911.0711647294269,892.3293090283162,903.893439231792,5514560
2020-12-14,890.584716796875,903.8734724013844,886.7616265256625,903.8734724013844,4448840
2020-12-15,926.8171997070312,930.9992216716034,884.2543518720273,889.7373269963747,11245270
2020-12-16,922.9044189453125,942.0748755127304,918.3485574838779,934.0597841907886,7611700
2020-12-17,926.5330810546875,937.080348799941,917.9497470189784,922.9043945399527,5507380
2020-12-18,918.7073974609375,928.6166315833952,909.6754442510447,922.1267729251776,4803330
2020-12-21,881.9365844726562,921.6383232208874,854.3123963331714,916.0556816750774,7132850
2020-12-22,891.1182250976562,893.6054976172373,859.4515306520938,882.2607165302007,7832960
2020-12-23,898.5350341796875,911.1707875822196,885.2512684606247,887.2450776238244,5754540
2020-12-24,896.4714965820312,909.5708382960422,893.6352712105942,905.548293956358,4983970
2020-12-28,896.720703125,908.6785692814719,893.7249998473281,903.6591812470855,3449940
2020-12-29,894.8265991210938,902.806825892445,886.9909429980547,901.21180275488,4066010
2020-12-30,893.39599609375,899.3026437968491,889.3385869895959,897.2141578245476,4910740
2020-12-31,887.8782348632812,900.2049518494995,881.2637623864424,892.1300480484796,4760500
2021-01-01,884.2992553710938,893.0969509487361,881.2636977929031,890.2358395125142,2881010
2021-01-04,887.1204833984375,903.6940224196472,881.4381149933486,891.2327148849031,6133060
2021-01-05,879.3546142578125,889.2389014426365,870.9905700772472,887.2500816372651,4862140
2021-01-06,875.915283203125,887.2450942499199,860.9267884640153,887.2450942499199,5991930
2021-01-07,896.0178833007812,904.0928474379225,878.4723858766206,879.2698974238587,6016480
2021-01-08,914.3209838867188,923.6320994980351,892.0302119331203,900.8029601260796,8242610
2021-01-11,895.8284912109375,923.3331178379543,892.7281322892765,917.2519628411422,5424440
2021-01-12,893.1268920898438,904.1825304831524,889.4881658121926,897.6129629737383,5770450
2021-01-13,876.6430053710938,900.204855368545,868.3188762850807,897.6926363013748,5140780
2021-01-14,872.02734375,890.2308317542752,864.8147534639746,878.6717519501888,5684370
2021-01-15,860.9368286132812,879.8879961508616,858.3349220241784,872.7700821943945,5196510
2021-01-18,832.8739624023438,860.9367911724293,824.8089771895909,860.9367911724293,6344360
2021-01-19,889.652587890625,895.0209288438376,837.3998557039316,837.3998557039316,13797180
2021-01-20,891.0582275390625,899.706362398971,881.0642350199079,891.0332805866555,7864960
2021-01-21,902.4778442382812,935.9788045462894,892.2794685930302,896.7157063244146,16453770
2021-01-22,904.2921142578125,918.4980044297862,893.7449076797635,904.1924481389559,8398220
2021-01-25,917.0426025390625,931.5973856056576,905.189392042373,911.5696059282999,7811220
2021-01-27,909.78515625,925.6209966677275,901.4062041390188,913.663130019244,6166310
2021-01-28,892.758056640625,918.6725883302256,879.0306600436909,899.2080005648714,8447360
2021-01-29,869.5750732421875,908.1153822476861,864.8696514088862,901.3962542918613,7273520
2021-02-01,969.1707153320312,980.8444902063285,861.1261889569709,872.2915327453571,15653650
2021-02-02,944.6968383789062,995.90782972014,928.6167601444548,979.7280853507374,13943900
2021-02-03,950.6531372070312,960.9461887822131,940.614301157999,953.2002210127162,6235450
2021-02-04,967.0523681640625,972.9789738256447,944.1185709881067,948.0563566682256,6047270
2021-02-05,969.2105712890625,990.9231829136212,952.6420215289697,974.9727091443879,9225610
2021-02-08,999.0030517578125,1007.8705375306179,970.7906641128973,971.9819723959965,9858550
2021-02-09,991.0877075195312,1003.6836077371667,985.1412052478295,1003.5839416088432,5126070
2021-02-10,1019.6290283203125,1032.2548032365871,987.0352249619252,987.0352249619252,14306670
2021-02-11,1018.5025634765625,1038.5653303279876,1007.37214500615,1007.37214500615,7155380
2021-02-12,1024.6983642578125,1029.917145536928,1013.6526436153471,1021.8272739764046,3802850
2021-02-15,1050.50830078125,1054.6255221210558,1024.818046810165,1029.8225279492356,5364060
2021-02-16,1042.822021484375,1049.9398128103444,1032.8927695154946,1046.7497669594475,3586040
2021-02-17,1015.4121704101562,1046.6302414406862,1008.0898742373809,1038.774628061353,5822590
2021-02-18,1016.738037109375,1027.80864322835,1010.3628127176845,1027.80864322835,4347410
2021-02-19,1021.8721313476562,1039.537251857996,1010.8612761038869,1011.8581807154293,6233430
2021-02-22,996.9644775390625,1021.7475737713261,992.9320152032794,1019.8334730039085,4269080
2021-02-23,997.7669677734375,1016.3442957544293,989.8415635970822,1001.9888443841919,3426100
2021-02-24,1016.8029174804688,1021.8272951539478,998.4050246073615,999.8953922335703,2699760
2021-02-25,1023.267578125,1034.5825414673423,1010.0237287162156,1030.7992451095224,3548020
2021-02-26,961.873291015625,1008.3389965946183,957.0283495988743,991.920008178,8465050
2021-03-01,974.379638671875,981.8115191811319,958.3942382065891,976.8669109570628,3224370
2021-03-02,984.6426391601562,993.4153870572472,974.8829046447735,981.9509846978309,2970010
2021-03-03,1036.34228515625,1041.2619464605891,985.9785805221077,989.5674738695468,5041220
2021-03-04,1009.8593139648438,1024.8178715194574,1004.6555014498919,1011.8581124438224,4121170
2021-03-05,992.7275390625,1012.9547109166689,986.9405153256098,1004.8798082247816,3551260
2021-03-08,980.864501953125,1001.4555982699528,977.4950199585829,993.9140115857062,2640070
2021-03-09,993.8291625976562,1008.8625015349579,982.9679279714752,996.9046353022064,3062110
2021-03-10,996.0523071289062,1006.3452988715505,989.9861204830098,999.3969027290912,2446320
2021-03-12,990.3349609375,1018.4476825151644,980.9541155278108,1005.0293856894691,4543480
2021-03-15,965.9058227539062,993.8141604898365,951.4457175302294,993.8141604898365,5459130
2021-03-16,958.3544311523438,975.5360693919537,955.5331737588641,969.4898398335894,3705870
2021-03-17,949.5616455078125,963.1943042493052,945.0705852505068,960.0191654143645,2934490
2021-03-18,940.0960693359375,970.4866935122151,934.2990662623619,957.0284805051119,4011350
2021-03-19,941.142822265625,946.0475762704748,918.3086912886367,932.1058788777364,4881260
2021-03-22,937.6736450195312,946.5560392744778,928.3226739076146,942.0749574398569,2930290
2021-03-23,937.6087036132812,947.7172696880212,935.3257532113488,939.4828890685137,2964830
2021-03-24,917.3566284179688,934.961937149118,915.0836566892445,934.0996243924127,3354390
2021-03-25,902.9513549804688,922.1367796526794,893.2315348706162,919.6445180860504,3820080
2021-03-26,943.8145141601562,947.7572891971491,911.1708753586862,911.1708753586862,6786360
2021-03-30,947.2936401367188,961.5144990413427,941.0829438697954,951.7448460051917,3565110
2021-03-31,963.8671264648438,968.5525900572725,942.0748074273434,948.2904927441535,4241400
2021-04-01,975.9197998046875,979.5584651968111,963.7575511482335,969.9882050863524,3100650
2021-04-05,945.22998046875,973.3676478919785,912.1676629823424,972.9788405144986,6121660
2021-04-06,949.0033569335938,959.5206884139765,944.5721086346435,952.1435699515749,3441250
2021-04-07,951.0071411132812,962.8503727160613,943.7048026953424,949.0033531171512,3000030
2021-04-08,962.491455078125,970.5016177906186,954.5411650553377,956.0315325976848,3536340
2021-04-09,959.9244384765625,968.492804177118,953.140449232011,958.124972156237,3286990
2021-04-12,913.4786376953125,943.0517906432391,900.7880616537778,939.079140429631,5668360
2021-04-13,977.6344604492188,981.7018484347429,916.1603574655871,917.1522727189271,8309150
2021-04-15,970.9551391601562,980.3560030354369,956.7293519653192,972.15143684337,5875040
2021-04-16,979.4337768554688,984.9416988520129,973.4772964868325,973.4772964868325,4001320
2021-04-19,944.0587158203125,962.4117643267516,936.3526624196444,947.6076939068261,6974350
2021-04-20,978.9005126953125,991.4714651924448,957.0284231735186,957.0284231735186,7987320
2021-04-22,982.3348388671875,988.1218627089091,958.0253107117028,966.9974520190965,5822100
2021-04-23,988.595458984375,1011.1005943364198,970.9851596919367,970.9851596919367,6280250
2021-04-26,997.0791015625,1009.3659636097614,987.1548986808785,996.1071438619609,4195960
2021-04-27,1006.0113525390625,1010.1634383730053,993.3855165964716,996.9046191081133,3428470
2021-04-28,1045.6832275390625,1058.308941932555,1011.9728341810755,1016.8427230361109,11138810
2021-04-29,1114.1953125,1126.5020691734119,1048.7435192658666,1050.737328237855,16964980
2021-04-30,1100.7470703125,1119.0252749488134,1083.5055635809588,1096.5949242260085,8353550
2021-05-03,1100.7520751953125,1107.645586996952,1078.0675086440071,1086.7255608647997,3969310
2021-05-04,1095.2442626953125,1118.4123156303308,1083.8346215155714,1116.5331407428807,5221010
2021-05-05,1108.0047607421875,1115.9999564120585,1088.141506355358,1107.6608578051546,3077500
2021-05-06,1099.38134765625,1115.9449062752788,1095.5980512496158,1106.5640008071643,2288400
2021-05-07,1128.341552734375,1135.7635762537375,1097.5820781836594,1101.5796757014666,3434430
2021-05-10,1129.6922607421875,1151.3251638974398,1124.508405422542,1135.4743561846412,4320370
2021-05-11,1115.84033203125,1127.5638179094587,1110.467001753659,1115.935008759955,1986640
2021-05-12,1105.36279296875,1128.9943708468193,1101.8187438493624,1115.536159803612,2269530
2021-05-14,1093.7540283203125,1112.9194970561934,1083.4360888970493,1107.660800365693,3136030
2021-05-17,1121.4530029296875,1133.9790515793663,1090.8778931758388,1093.6044128198373,3180210
2021-05-18,1136.15234375,1155.3128218947727,1125.5153273374472,1131.0530645140495,4039590
2021-05-19,1118.0435791015625,1139.8608479989407,1113.5475292098693,1135.4744430201586,2275670
2021-05-20,1119.3145751953125,1126.4972291600618,1109.6245698202704,1122.5146000781046,1778970
2021-05-21,1123.028076171875,1137.9666780120651,1117.8292524044748,1126.173339604197,2775210
2021-05-24,1113.223388671875,1132.9819826378744,1106.0655607010308,1123.057841988589,2142290
2021-05-25,1134.063720703125,1136.9697366568603,1116.6627941017614,1121.0192624906965,3941510
2021-05-26,1186.95458984375,1194.291793605375,1134.9909339658866,1136.4713227964337,10152650
2021-05-27,1185.199951171875,1193.110325929214,1169.5734228179545,1187.3133840659061,4079730
2021-05-28,1167.6943359375,1198.7728880056238,1164.3846659454223,1188.8088305992433,2633150
2021-05-31,1176.9754638671875,1181.8353737141526,1158.2037943598855,1167.694223777836,2411520
2021-06-01,1179.3282470703125,1191.061834519368,1159.1060017441685,1179.3382258524202,3024210
2021-06-02,1178.7000732421875,1182.3288204814983,1166.5328967698713,1167.275585807113,1834210
2021-06-03,1178.3262939453125,1188.6991157338502,1174.408526932241,1186.2168329627552,1838160
2021-06-04,1211.80224609375,1215.2266717065472,1174.8520365924248,1181.8303685874582,4107690
2021-06-07,1179.193603515625,1197.1628337621362,1164.848131324935,1184.3226972941443,5147270
2021-06-08,1169.6783447265625,1186.3166262231375,1163.3878174810097,1186.3166262231375,2896090
2021-06-09,1152.30712890625,1180.1357608580888,1139.5118968004947,1170.3660467144928,3082860
2021-06-10,1195.59765625,1217.0211253295313,1146.4751601290277,1151.5244232707514,6299980
2021-06-11,1187.064208984375,1204.2608141533697,1181.621148550733,1196.285576973546,3529940
2021-06-14,1188.9234619140625,1197.7809697067587,1163.5522865552293,1181.43170866149,2887850
2021-06-15,1176.2178955078125,1204.749301989455,1172.8583316736494,1191.2014017433746,3148410
2021-06-16,1181.9451904296875,1194.790317597074,1173.8553182899911,1177.3444848411716,2475390
2021-06-17,1178.19677734375,1190.0250417995221,1170.3611210540867,1171.3630151389893,2201700
2021-06-18,1196.2208251953125,1206.2546119642705,1168.456933673406,1182.3289006525827,4895670
2021-06-21,1211.8770751953125,1216.1986175258705,1174.0396063900234,1176.3473820364727,2948530
2021-06-22,1209.409912109375,1222.8032632832283,1204.360526595635,1216.1240505652488,2749230
2021-06-23,1224.423095703125,1236.1616713970186,1204.260725038386,1218.7158413571415,3785550
2021-06-24,1229.50732421875,1235.762924958369,1212.7344529038646,1224.4231350678785,2785730
2021-06-25,1244.7950439453125,1248.1246715351017,1228.2364716520842,1231.675744154647,2187170
2021-06-28,1233.9586181640625,1248.0846788565616,1228.1865014276168,1246.1307847276955,1655170
2021-06-29,1226.182861328125,1245.1340303241004,1223.3067813945806,1235.065316707212,1571780
2021-06-30,1207.1568603515625,1233.1261535963092,1202.7654661405236,1230.7784626048065,2315460
2021-07-01,1177.9873046875,1216.0242272647458,1176.4470433377044,1216.0242272647458,3215210
2021-07-02,1171.407958984375,1193.1952923265794,1161.493673324567,1193.1952923265794,3554370
2021-07-05,1188.619384765625,1190.5034273745864,1176.247764577351,1176.247764577351,1558690
2021-07-06,1205.33740234375,1224.4331396760042,1183.455394462806,1185.3196012471954,3205220
2021-07-07,1233.5848388671875,1236.0621323845,1196.2856114648023,1196.2856114648023,4048000
2021-07-08,1229.870361328125,1241.4472159400138,1220.507142418134,1228.484313283612,2066300
2021-07-09,1281.806640625,1287.5152789593446,1230.9771313364438,1231.5753947837093,7919220
2021-07-12,1287.2061767578125,1290.8457850263585,1270.2596805880592,1285.216874796913,4091580
2021-07-13,1287.256103515625,1296.1706555462067,1276.8459536205792,1286.5581497307435,2741810
2021-07-14,1295.4127197265625,1299.5808448933221,1281.4826148778545,1282.5794514832241,2401510
2021-07-15,1292.1968994140625,1307.258774514477,1288.512375741123,1293.896990003423,1779910
2021-07-16,1270.9327392578125,1298.7830897025335,1268.943437206187,1292.1969576943739,2527820
2021-07-19,1268.4798583984375,1278.3416506375272,1260.7120491989936,1264.3816014105962,1881970
2021-07-20,1256.1199951171875,1273.4553915953015,1250.0773524220012,1268.8685434055728,1451370
2021-07-22,1302.731689453125,1306.2616262338217,1226.4949144686736,1227.4970513485175,5248770
2021-07-23,1316.3529052734375,1320.6157304926453,1290.8110098864374,1300.67779302424,2898700
2021-07-26,1348.6455078125,1353.6711646613107,1311.7361189030264,1316.133568645736,4211700
2021-07-27,1376.8447265625,1380.5441004882787,1346.4615854402462,1349.2536438473767,4134150
2021-07-28,1393.068359375,1396.1045921344491,1371.5748160607443,1380.8333540811898,3194930
2021-07-29,1455.739013671875,1488.2409706826566,1390.0320335510442,1392.01634510753,7105140
2021-07-30,1418.1614990234375,1457.2147760483178,1412.0589680309104,1456.3322917619746,3545430
2021-08-02,1408.484130859375,1435.8856919084046,1404.2362778525296,1433.397816740575,2647090
2021-08-03,1425.420654296875,1427.748951986479,1411.9591790726652,1420.933495888805,2024300
2021-08-04,1414.6715087890625,1444.366557739641,1411.570398097411,1424.9172123745857,2831940
2021-08-05,1395.496337890625,1420.823879566161,1392.175884359639,1416.7256226676398,2915270
2021-08-06,1396.5682373046875,1406.843884131863,1393.5120421289957,1402.9849325763844,1374730
2021-08-09,1420.2255859375,1441.873593820386,1396.762703568908,1396.762703568908,3188650
2021-08-10,1399.6446533203125,1429.284807507822,1396.4039273243934,1422.9279988235194,2063630
2021-08-11,1416.5660400390625,1419.2832394929926,1381.3219315819713,1405.8766604016823,2118500
2021-08-12,1429.9776611328125,1433.8964999790176,1408.9678403827204,1416.9450114535355,1609340
2021-08-13,1427.664306640625,1438.971912326104,1422.429288229685,1429.9078859595993,1538430
2021-08-16,1450.7781982421875,1456.531630457757,1426.8167421446192,1427.5546207087502,2432620
2021-08-17,1469.51953125,1475.7766491575453,1431.907198837447,1448.3551235819828,2420690
2021-08-18,1496.352783203125,1519.4517182863435,1469.4647648698037,1469.5195397569685,3917340
2021-08-20,1493.58056640625,1510.5769690768825,1475.7815291205184,1481.395467713632,2750520
2021-08-23,1522.8319091796875,1537.5997053731435,1502.2010091729187,1510.477372747956,3266880
2021-08-24,1641.472412109375,1653.7472200931313,1521.6452942343308,1532.369607844684,12743930
2021-08-25,1585.9014892578125,1675.1062905065621,1580.4770711750907,1649.7787471666798,9745980
2021-08-26,1591.325927734375,1607.8187673748016,1563.3559238256612,1595.4840718490102,6068820
2021-08-27,1614.9383544921875,1620.557162028302,1573.5018855544158,1603.4112845918382,4414750
2021-08-30,1651.3143310546875,1654.7644185804804,1621.3600148308894,1642.7986620134627,3360380
2021-08-31,1709.9813232421875,1715.0916982150666,1638.1368810322413,1645.2914546830582,6521270
2021-09-01,1673.8397216796875,1721.4235145631335,1669.2379011790465,1711.7462534071672,4618430
2021-09-02,1665.558349609375,1685.177251806618,1656.2600090241376,1681.6872397466634,2768790
2021-09-03,1668.65966796875,1681.173781683041,1651.2743628535873,1672.8925493742152,2485550
2021-09-06,1669.9208984375,1692.0526292407603,1662.741493600693,1678.6958347686757,1769580
2021-09-07,1673.331298828125,1689.6346179963793,1658.3491499407614,1670.1205166584791,1881930
2021-09-08,1651.3492431640625,1684.075657513543,1648.1833762478914,1671.2174346846505,1909320
2021-09-09,1670.27001953125,1677.8931010268316,1643.7010359214726,1654.6646550216772,1808160
2021-09-13,1688.986328125,1694.5504824990483,1653.2686004592322,1669.22294159756,2166140
2021-09-14,1678.3218994140625,1699.1373288386558,1674.786971890674,1695.1487435596919,1592270
2021-09-15,1678.0877685546875,1693.3540170876888,1675.4053813651728,1680.3163762169295,1231990
2021-09-16,1668.52490234375,1690.2028525166245,1657.7556739385543,1684.1800500945674,1542090
2021-09-17,1679.2144775390625,1744.9064863611168,1670.225188256684,1679.1945151358138,6549510
2021-09-20,1697.038330078125,1728.4534292833375,1665.2443104081665,1672.7179170946229,3252040
2021-09-21,1753.7061767578125,1760.4618675722152,1676.606875118262,1705.1202455669713,3846940
2021-09-22,1756.4483642578125,1772.9262322398686,1745.5047072755285,1753.8857516642656,2569820
2021-09-23,1845.104736328125,1869.649485029839,1763.1591922745897,1773.6741447983072,7125510
2021-09-24,1847.3133544921875,1875.9315285577616,1826.5128956655242,1854.6872714288365,3731750
2021-09-27,1797.9644775390625,1869.410035357419,1787.888333500907,1851.7007070642173,4071680
2021-09-28,1750.0267333984375,1813.4102810777788,1738.0360245040054,1813.3105907897386,3220580
2021-09-29,1738.4000244140625,1759.7539525299746,1725.8409953022497,1744.8864663138804,3097120
2021-09-30,1773.5992431640625,1780.8983005196128,1736.2510506097685,1745.0060243336961,3430000
2021-10-01,1712.8780517578125,1768.5436969346842,1700.1344924486502,1768.5436969346842,4326770
2021-10-04,1775.53857421875,1788.4815132389058,1725.1627255289707,1731.0409222257447,4013250
2021-10-05,1779.6571044921875,1789.8778554775047,1747.499131879848,1770.3338096450984,2681630
2021-10-06,1756.6329345703125,1809.3770120770719,1750.7846807604144,1792.270936630204,3004210
2021-10-07,1742.0396728515625,1782.8977212866544,1737.5275611532413,1774.920550274186,2241000
2021-10-08,1749.9368896484375,1768.9874722802842,1741.0174694009513,1756.9718104722085,1522380
2021-10-11,1766.340087890625,1799.3505985142028,1755.6755394541651,1761.5237930914623,2340900
2021-10-12,1817.06494140625,1842.2279154032408,1758.0687375757436,1766.3401105205617,4545920
2021-10-13,1813.6346435546875,1852.1893457501703,1809.680992397881,1830.2621074665765,3183880
2021-10-14,1843.6138916015625,1848.7092947382453,1816.3120202332593,1829.7635144793312,1968050
2021-10-18,1862.4649658203125,1904.5494826898962,1849.985664943591,1879.6208245395048,2939480
2021-10-19,1902.2113037109375,1926.9853762691562,1854.742169842446,1894.5781189709685,3878460
2021-10-20,1855.0113525390625,1900.8602466344107,1835.1732269944443,1900.8602466344107,2247980
2021-10-21,1852.657958984375,1873.5682100630615,1829.4345036964098,1873.4385761710976,1925330
2021-10-22,1860.4906005859375,1919.5616636772525,1849.7065209938582,1854.6922528563755,5053300
2021-10-25,1803.5535888671875,1889.2932061369377,1794.8634922078993,1864.6637391270954,3018040
2021-10-26,1830.097412109375,1839.7348697684292,1792.375412501995,1814.8062129964994,2967490
2021-10-27,1796.0599365234375,1854.5924996365397,1771.929043816412,1854.5924996365397,3253010
2021-10-28,1793.636962890625,1831.9622196306486,1775.1198869714588,1796.0599603614514,3425500
2021-10-29,1777.029296875,1812.2136367308105,1709.0637737314141,1793.636797043643,3205360
2021-11-01,1751.5572509765625,1792.8690764117218,1712.1999150919632,1784.8919058826373,3849290
2021-11-02,1749.2537841796875,1784.3832269695115,1734.2915998815906,1759.9631251296892,2719290
2021-11-03,1745.9482421875,1770.4082696843418,1739.9305520188566,1752.9532191589642,1838020
2021-11-04,1754.3792724609375,1769.934730821227,1745.0060726406464,1759.9632675489947,315060
2021-11-08,1826.7470703125,1834.046249399648,1746.5017460890824,1760.052930236651,3161990
2021-11-09,1812.064208984375,1842.2278861458976,1802.8406052242399,1826.7721176829687,1980870
2021-11-10,1827.38525390625,1832.2563233116953,1795.112623696261,1809.0726718738738,1784330
2021-11-11,1782.0350341796875,1829.7634313305614,1775.9175319889537,1819.791968489523,2155580
2021-11-12,1822.165283203125,1829.6638431535673,1787.3898046043078,1808.3248871385022,2078020
2021-11-15,1807.876220703125,1829.26496101062,1794.8634122753426,1822.2849366295493,1704610
2021-11-16,1815.778564453125,1845.8175984802397,1806.704556942025,1817.7978101719552,2189550
2021-11-17,1820.3304443359375,1836.7434330220135,1806.0212979551875,1813.310495630039,1461000
2021-11-18,1787.010986328125,1841.9287754419568,1776.0373853626897,1820.390437615918,2745560
2021-11-22,1702.502685546875,1808.823411132312,1678.2022347766715,1808.823411132312,3707000
2021-11-23,1731.853759765625,1738.808831008453,1670.9429939917723,1683.182989423352,2513150
2021-11-24,1735.902099609375,1759.6640524633826,1709.1487078119455,1738.225406702193,2740240
2021-11-25,1731.9285888671875,1747.1998271524953,1717.609581548769,1729.9492679222058,1616200
2021-11-26,1663.494384765625,1718.8010728458376,1656.2600831458594,1715.091717646525,3424860
2021-11-29,1684.22021484375,1704.9209840966957,1622.7211611887171,1662.243068970043,3042180
2021-11-30,1718.8160400390625,1745.0061033917466,1683.183030014439,1683.183030014439,4586420
2021-12-01,1733.3345947265625,1749.6628665510207,1715.1914483426558,1739.4221538457539,2383490
2021-12-02,1770.7474365234375,1783.8948699416999,1722.4157808031864,1735.034697427925,2138810
2021-12-03,1743.8792724609375,1783.8698059809647,1740.020321087633,1769.934710561919,2034590
2021-12-06,1684.524169921875,1754.872893540285,1680.291288538787,1743.7097719977112,2036900
2021-12-07,1706.017578125,1720.077316191215,1688.3381942288781,1709.1087072184016,2300780
2021-12-08,1757.1363525390625,1762.381351826307,1711.70131798463,1711.70131798463,2842990
2021-12-09,1754.6385498046875,1772.1184325074648,1743.7097432278351,1757.5053455110751,2103820
2021-12-10,1766.055908203125,1771.2859360906177,1725.1279912687696,1752.9833337847792,2333140
2021-12-13,1727.456298828125,1778.5051508189463,1720.077391759662,1769.9347074628408,2199130
2021-12-14,1707.46337890625,1721.0744497390174,1681.6871723550712,1715.091572161709,2420260
2021-12-15,1661.315673828125,1716.5825625598648,1657.2573414773624,1712.000703996912,2532210
2021-12-16,1665.568359375,1690.163012307482,1652.7700253095288,1682.1858417479186,3253500
2021-12-17,1615.7960205078125,1680.1916914868461,1608.6963429770556,1660.2487633979815,3054350
2021-12-20,1578.1038818359375,1589.4514131045214,1540.5912379212582,1589.4514131045214,3371600
2021-12-21,1578.6771240234375,1610.391418488237,1563.2263455923317,1610.391418488237,3368050
2021-12-22,1590.0394287109375,1613.876239390332,1578.4825375811047,1588.5536905137628,2612920
2021-12-23,1612.3756103515625,1617.3264077239944,1598.0765662748606,1605.4055673466157,1811180
2021-12-24,1587.511962890625,1620.3628974288297,1575.4913095000313,1620.3628974288297,2087360
2021-12-27,1596.7406005859375,1609.3893396943492,1551.6645185320754,1556.5805039660495,2351140
2021-12-28,1605.4903564453125,1620.2631430490062,1597.5930351842599,1612.6199772564044,1457220
2021-12-29,1620.2681884765625,1628.3400593123608,1592.043906272945,1605.4356358848472,1724280
2021-12-30,1612.141357421875,1623.5338031979866,1592.891393512279,1615.3770924697026,2831460
2021-12-31,1635.938232421875,1645.291470011181,1612.3856406109574,1615.132783661582,2300860
2022-01-03,1693.2840576171875,1699.1373015511879,1635.9681075544604,1635.9681075544604,2710610
2022-01-04,1708.6552734375,1714.0946632347775,1680.4010473956118,1705.020655330518,2300430
2022-01-05,1793.7066650390625,1799.8491204964246,1705.1202194176653,1705.1202194176653,6082100
2022-01-06,1793.5174560546875,1802.8407508588152,1765.0488767038287,1765.0488767038287,3511360
2022-01-07,1770.622802734375,1809.1177411037556,1752.9833416423469,1802.3420876100922,3229140
2022-01-10,1774.8009033203125,1794.8634836127046,1768.0052874466544,1774.9205560170078,1697970
2022-01-11,1774.87060546875,1788.386977865206,1757.0815485819576,1764.949047927661,1648180
2022-01-12,1788.4119873046875,1813.8092765486404,1769.9348355546106,1784.8920313480298,2233940
2022-01-13,1817.2991943359375,1822.2749448065404,1784.8919384698645,1794.6340776318875,2480130
2022-01-14,1815.7735595703125,1828.113245650367,1794.8634298261102,1799.2508981100784,1553280
2022-01-17,1831.8177490234375,1838.2393131500182,1816.900356719153,1823.780690941895,1352730
2022-01-18,1810.174560546875,1850.5789494060675,1804.8398520136104,1832.4409160485752,2056670
2022-01-19,1802.5712890625,1856.7861293559033,1782.433972782895,1818.7948790877717,3481740
2022-01-20,1720.969970703125,1820.988670168304,1703.1260167604387,1802.3420815541529,5444730
2022-01-21,1628.8585205078125,1704.6216804904216,1617.3713751128773,1695.148790192288,5582910
2022-01-24,1566.2327880859375,1638.7054426661828,1539.9929387536915,1634.1733684163382,4736430
2022-01-25,1548.4635009765625,1563.7696721193358,1520.6780294602572,1550.6123804357505,4090640
2022-01-27,1531.6019287109375,1552.5969001333979,1496.9161564228111,1534.2094568604475,3497270
2022-01-28,1515.537841796875,1574.2598062371608,1510.6767532344868,1555.6480302570073,3509310
2022-01-31,1564.4776611328125,1569.6079984262255,1528.5953654037637,1554.5511133342188,3129920
2022-02-01,1585.8465576171875,1596.9248386100078,1545.576793803461,1578.3779414287587,3571870
2022-02-02,1665.8326416015625,1670.2201098165183,1587.9555372434659,1598.4355549538627,5257450
2022-02-03,1630.1448974609375,1666.9295195263542,1621.7289188961863,1665.83268287593,2891370
2022-02-04,1615.950439453125,1642.2353250374713,1609.8928239082536,1630.1349440280342,2945050
2022-02-07,1566.651611328125,1631.7353760170074,1560.534108455941,1611.3885746100962,3566640
2022-02-08,1594.352294921875,1607.3799535561247,1567.5140619646256,1576.488379113278,4103730
2022-02-09,1621.1405029296875,1636.8056319854547,1607.399798023635,1613.3826756837725,2510230
2022-02-10,1634.6817626953125,1650.2771456145836,1598.7247299962542,1629.8256650269443,2997700
2022-02-11,1606.7120361328125,1615.3771799865635,1586.4599341719893,1595.4342518385813,2446960
2022-02-14,1562.9422607421875,1584.2612556053532,1540.6908755701245,1575.989882412075,2961150
2022-02-15,1632.8521728515625,1638.0622384147725,1560.4344160018454,1584.4656197480283,3592130
2022-02-16,1622.601318359375,1654.2557226334843,1614.3898332245549,1638.1119825397866,2738740
2022-02-17,1613.50244140625,1637.1447423318575,1603.5110155383313,1631.9296864149296,2144330
2022-02-18,1605.0615234375,1624.2515987139604,1598.0116310784754,1601.516614856888,1743270
2022-02-21,1596.6556396484375,1619.1811416087533,1573.4969400182279,1599.2233645324077,2275920
2022-02-22,1614.324951171875,1622.35701811671,1523.140961999554,1525.6338277311409,3223740
2022-02-23,1608.7559814453125,1634.3228278432234,1598.9291238809274,1634.3228278432234,2418300
2022-02-24,1520.169677734375,1585.0539416424683,1515.6625564462688,1555.5484131948547,3615630
2022-02-25,1572.7142333984375,1601.915699956929,1552.5569528994326,1574.2947932216243,3203370
2022-02-28,1596.6856689453125,1603.895017965928,1532.1154487283038,1565.5198532401153,3732570
2022-03-02,1600.7191162109375,1611.104312881999,1558.7391566626263,1566.0183738513276,2817150
2022-03-03,1565.9287109375,1630.1299915913444,1560.2150815452796,1625.3486307870025,3400140
2022-03-04,1528.9442138671875,1562.7574768307004,1516.8588063490954,1554.5509827794172,3380590
2022-03-07,1433.21826171875,1495.1211817244136,1376.0519083447136,1495.1211817244136,3715210
2022-03-08,1440.9461669921875,1448.3550176452754,1391.123785613651,1435.8906887498772,4625690
2022-03-09,1497.235107421875,1515.6174358670203,1435.8906485712882,1445.9717828931641,3913410
2022-03-10,1542.3311767578125,1580.4770164948363,1526.1375292413895,1560.434398548034,4764050
2022-03-11,1552.457275390625,1570.5056011290467,1523.639719698529,1535.6054766595123,3296320
2022-03-14,1563.375732421875,1569.0096331101315,1536.7519760874345,1543.1437176676664,2852010
2022-03-15,1566.4071044921875,1590.448286237392,1548.9720167258688,1570.405670736409,2965110
2022-03-16,1607.883544921875,1619.365699944063,1580.5816725256143,1585.522610675964,2983170
2022-03-17,1632.4083251953125,1654.1661270146053,1620.8614141240757,1635.2203461051267,4020680
2022-03-21,1613.4625244140625,1639.7024939459363,1610.3913574717333,1635.31502565549,2016350
2022-03-22,1644.7530517578125,1654.2658673056462,1590.5481883977614,1620.3628899166215,2652790
2022-03-23,1636.0528564453125,1668.1011538493588,1629.755935846788,1655.2628949502716,2290790
2022-03-24,1633.196044921875,1646.487961601709,1622.357069248204,1630.3342398406967,1839240
2022-03-25,1628.6689453125,1645.291418187672,1619.380585823637,1645.291418187672,1477480
2022-03-28,1647.1810302734375,1651.2742964179695,1605.5102468493983,1635.3199553897764,1751870
2022-03-29,1645.4609375,1657.2571342930228,1637.6282511441248,1648.8810811110488,1981380
2022-03-30,1708.001953125,1720.0624084999863,1648.3825364532704,1655.2628703188677,4547640
2022-03-31,1701.176513671875,1725.0631096154593,1693.3538083915469,1705.1201834927372,2986920
2022-04-01,1709.0289306640625,1715.0915359946518,1696.2654100795069,1698.140049883077,2101410
2022-04-04,1714.727783203125,1743.0118298461375,1690.6865991726957,1714.9920415940342,3243940
2022-04-05,1677.0855712890625,1725.063260260813,1671.0727493247068,1717.0860891150983,3855370
2022-04-06,1667.228759765625,1685.0876856464624,1660.3484253480353,1677.0855615430257,2465520
2022-04-07,1650.666015625,1665.2343083507023,1643.29708991734,1660.2485768885745,2167900
2022-04-08,1670.12060546875,1679.1946137759942,1647.0166785127394,1665.234563542702,2133830
2022-04-11,1653.0543212890625,1679.7379677623778,1650.2822251802424,1662.7415641458479,1696860
2022-04-12,1627.1484375,1645.4908421845973,1617.5807258554864,1645.4908421845973,2476470
2022-04-13,1604.41357421875,1645.2915866807666,1600.4199979531095,1635.719005429928,2483900
2022-04-18,1578.2083740234375,1599.422686178584,1560.9677970412372,1599.422686178584,2818890
2022-04-19,1567.56884765625,1603.4112171078814,1554.700645708666,1595.3343565899759,2596960
2022-04-20,1546.5040283203125,1575.486024549033,1527.9570113973282,1567.6135357288367,2517070
2022-04-21,1579.055908203125,1597.5280678119807,1554.8153448707926,1555.647923082833,2364890
2022-04-22,1541.0098876953125,1570.3558353100602,1538.5967498154237,1565.5246906718364,2148760
2022-04-25,1522.158935546875,1535.605440004171,1515.6625122119092,1530.6197080561055,1642190
2022-04-26,1539.0306396484375,1558.8637734927215,1525.6389105710318,1550.562578793434,2206380
2022-04-27,1478.4090576171875,1529.7321502971288,1470.9254694996484,1529.7321502971288,3411920
2022-04-28,1496.901123046875,1520.6481036954203,1461.881228225411,1495.7194462577904,3475000
2022-04-29,1486.85986328125,1523.6396159739813,1480.7623231160749,1523.6396159739813,2211070
2022-05-02,1491.4765625,1497.987956942583,1455.8385640760955,1457.114940531865,1907980
2022-05-04,1428.1578369140625,1501.5777258743346,1422.9278092953768,1491.4666475071838,3164040
2022-05-05,1409.8900146484375,1466.901776616235,1400.990435966065,1445.762325488303,2969280
2022-05-06,1360.157470703125,1385.564739166415,1347.144662689325,1376.0619056338035,3516160
2022-05-09,1374.4515380859375,1397.166560436664,1332.4717024177369,1350.13611536939,4034090
2022-05-10,1359.1204833984375,1393.9308972543943,1352.3298581927572,1378.0562832254054,2563120
2022-05-11,1329.176025390625,1379.1180577438345,1311.4517259652152,1368.5832657495046,2918480
2022-05-12,1281.4027099609375,1323.1134165431267,1271.3615005300983,1323.1134165431267,3256960
2022-05-13,1257.232177734375,1319.6984397003698,1253.9117237093972,1309.1536641520054,3487640
2022-05-16,1261.91357421875,1274.223315869903,1241.4471224144731,1266.375779491069,4340040
2022-05-17,1293.50830078125,1298.3544178966151,1259.3959598537426,1266.8545957857527,4286060
2022-05-18,1272.5731201171875,1311.2125419428394,1257.4065627851683,1304.2674515600704,3740540
2022-05-19,1237.8424072265625,1251.612933642896,1213.9059066277384,1244.6279192931484,2864010
2022-05-20,1252.58544921875,1266.2762499476062,1239.6175552924888,1260.2933714897597,3233300
2022-05-23,1253.7021484375,1275.7490391913984,1246.4329127393755,1261.390107692248,2788860
2022-05-24,1232.20361328125,1258.578206708379,1225.2685043850918,1255.4072278254685,2554750
2022-05-25,1237.0648193359375,1255.2179478790702,1229.7807328760746,1240.9487241312538,2175990
2022-05-26,1244.21435546875,1254.9087261084744,1202.7828744638653,1241.4472499046888,3792040
2022-05-27,1272.19921875,1285.3216993515207,1256.8581117705642,1261.390185942338,3295340
2022-05-30,1288.7169189453125,1295.293069712607,1280.0366823274378,1288.711928344834,2803920
2022-05-31,1289.7091064453125,1307.4532477453465,1273.714840126958,1288.7169507013177,4199190
2022-06-01,1256.0655517578125,1298.7782816885697,1249.6239028148948,1292.2021299569305,2812330
2022-06-02,1289.9083251953125,1299.2815240029627,1241.4520338721848,1250.8202420798593,3661460
2022-06-03,1265.538330078125,1318.2275105634253,1261.5945382545224,1306.2617540378874,3171800
2022-06-06,1248.0682373046875,1265.2789925633358,1224.7000548177693,1265.2789925633358,3097470
2022-06-07,1230.348876953125,1241.4421293300122,1219.744216516205,1240.4499736492273,1765480
2022-06-08,1242.9427490234375,1260.8913807782885,1221.5041055384766,1237.5581351525923,2368430
2022-06-09,1243.5411376953125,1248.222807780689,1222.0028017638188,1229.0327319315384,1742390
2022-06-10,1221.8533935546875,1234.5620203511478,1214.090574261496,1226.490148949992,2906700
2022-06-13,1135.355712890625,1196.5755278075942,1131.7610200513495,1196.5755278075942,4877320
2022-06-14,1130.4149169921875,1154.461090058825,1123.2902872683887,1135.251052158528,3669480
2022-06-15,1177.599853515625,1183.6126750037677,1136.7467982344526,1136.7467982344526,4962890
2022-06-16,1143.9163818359375,1203.535807255903,1137.8487846159817,1199.0686106186781,3940410
2022-06-17,1172.130615234375,1183.054310169029,1131.761158049272,1132.7632950448815,4193620
2022-06-20,1167.6234130859375,1181.6183958480258,1149.9140846053442,1181.6183958480258,2428580
2022-06-21,1171.6370849609375,1189.3364342582947,1164.6570598859234,1181.0003046324866,3079180
2022-06-22,1140.291748046875,1166.6612297199306,1131.7611074633514,1166.6612297199306,2848330
2022-06-23,1151.9881591796875,1155.5928331972189,1128.25602933576,1150.4575055776595,2535530
2022-06-24,1154.9896240234375,1165.2601579393508,1139.7382274572853,1162.6725924892344,3662910
2022-06-27,1156.2061767578125,1174.6384126243177,1151.7040463336903,1174.6384126243177,2463700
2022-06-28,1133.201904296875,1151.7040079563837,1125.7782034482748,1151.4597119750897,3490570
2022-06-29,1107.8046875,1121.6850090839223,1100.8995217748648,1116.8039580240074,3902730
2022-06-30,1090.4481201171875,1116.8071298093503,1088.1787707589174,1112.1189026809432,3481840
2022-07-01,1129.4305419921875,1131.4704844800472,1070.044020730533,1089.2759550955734,4089830
2022-07-04,1135.9891357421875,1141.4455833260342,1118.7223789920097,1128.1787115746688,3004250
2022-07-05,1149.59521484375,1171.8695921482845,1138.1288931891313,1145.111432177975,4223480
2022-07-06,1199.849609375,1203.9892820467178,1150.123978624578,1150.6227314340422,4782940
2022-07-07,1193.7496337890625,1216.956611989429,1182.0439223012077,1213.764643352825,2729250
2022-07-08,1197.31591796875,1209.7048586881901,1185.0365664796084,1201.9941604443839,1690110
2022-07-11,1190.8370361328125,1201.650084024377,1181.001645968792,1186.5328581089952,1613680
2022-07-12,1183.5152587890625,1196.0090389494303,1171.1711287999055,1185.0364789590687,2272440
2022-07-13,1174.083984375,1208.9767085093488,1169.0764871064,1186.1338074029982,2672490
2022-07-14,1169.699951171875,1192.6974953142467,1160.3683061894546,1183.3557437691984,2405440
2022-07-15,1181.071533203125,1184.1188444695479,1165.0864824110604,1176.7572486398456,1711040
2022-07-18,1221.9442138671875,1225.595118021004,1189.0315254018622,1191.0215439652422,2834830
2022-07-19,1241.3756103515625,1243.8893436641106,1206.2884278670329,1216.9566954853367,4230630
2022-07-20,1238.9766845703125,1260.6475905335244,1234.1138449070686,1260.6475905335244,2721470
2022-07-21,1268.472900390625,1272.5526637891423,1235.016526972431,1236.9068193765074,2713300
2022-07-22,1272.24365234375,1283.2909783637158,1262.6127063721083,1279.3657353068234,3024220
2022-07-25,1258.80712890625,1276.3034160021043,1253.864532520276,1266.8321052511938,1747020
2022-07-26,1327.9791259765625,1351.5052543197128,1275.809539419091,1296.757154999858,13270240
2022-07-27,1327.385498046875,1335.5551313208837,1297.709709745932,1331.6648355602038,5339660
2022-07-28,1460.552490234375,1518.5275047634527,1347.3306240945742,1347.3306240945742,16276260
2022-07-29,1501.00634765625,1516.308047541739,1477.5200374217934,1496.258211856029,10442350
2022-08-01,1503.5501708984375,1521.1959858871367,1489.375534025908,1516.2034656661006,4320160
2022-08-02,1518.617431640625,1525.185966639148,1482.4279015210363,1496.2583060554102,4248930
2022-08-03,1520.5875244140625,1529.9740858848438,1507.764609845263,1517.205965933319,3096500
2022-08-04,1514.7420654296875,1536.8516921720507,1501.7445394611714,1531.0712256942127,3113610
2022-08-05,1504.8218994140625,1521.29571849328,1498.5924820080734,1513.8144267279215,2078470
2022-08-08,1549.1910400390625,1555.0115682556109,1500.3232484231016,1502.7422483090863,4870730
2022-08-10,1560.417724609375,1563.4901194291388,1538.7519347282494,1549.1260161113903,4425480
2022-08-11,1569.7694091796875,1589.0263069853654,1566.2033756214341,1589.0263069853654,2536510
2022-08-12,1572.6123046875,1584.8765565083108,1564.0885766125539,1573.0661258405596,2052510
2022-08-16,1587.604736328125,1593.016252265845,1577.0561645787732,1577.5549173189943,1522190
2022-08-17,1679.829345703125,1709.8742088053652,1589.0263838242613,1593.7146113288409,9435810
2022-08-18,1676.3975830078125,1694.6619655136972,1657.9187709331868,1683.789132190822,3616590
2022-08-19,1624.6971435546875,1690.4726008390999,1608.47769362837,1683.7893623843029,5126830
2022-08-22,1583.2109375,1625.8093684426442,1577.639786167762,1624.7370986760347,3722010
2022-08-23,1626.3228759765625,1647.9288774635477,1563.260612561492,1576.0485784661955,7064070
2022-08-24,1629.3106689453125,1638.5425880008638,1613.9889977786745,1625.4353500081086,2649190
2022-08-25,1620.577392578125,1655.3604050772078,1615.958937164855,1637.4602221557548,3693150
2022-08-26,1624.53759765625,1646.5376372662563,1621.5800276433126,1638.2034974512997,2071780
2022-08-29,1604.6273193359375,1614.9614620724467,1567.1809225659363,1568.677180869277,3079400
2022-08-30,1691.9837646484375,1695.7593570761187,1632.9165103138862,1634.911521322211,7661440
2022-09-01,1736.2979736328125,1764.2829220127696,1676.2580547709601,1676.8067314977015,10171920
2022-09-02,1728.602294921875,1780.0485932003119,1720.6970150017025,1765.0860104611668,6944080
2022-09-05,1733.2755126953125,1748.5174259191147,1716.2132006451102,1737.6545764407197,3700530
2022-09-06,1692.662109375,1744.2380872483072,1688.906486567873,1738.1533280713481,5077980
2022-09-07,1701.3055419921875,1710.123456533127,1676.8367028107557,1690.7718254462443,3207730
2022-09-08,1733.9488525390625,1744.637089694538,1699.9487953516716,1723.689474552408,4301170
2022-09-09,1716.2730712890625,1754.1135026237919,1711.1260303431388,1750.6222332128261,3957300
2022-09-12,1709.530029296875,1737.6546443172335,1700.9663614665799,1733.6646221718438,4250820
2022-09-13,1780.2979736328125,1839.4001755870045,1745.6346568748686,1750.6221844659397,10413183
2022-09-14,1800.846435546875,1808.9262053196128,1747.629544268348,1764.5871368782578,3784309
2022-09-15,1767.7791748046875,1819.4000837408655,1765.5847114402934,1810.4724583413179,3051984
2022-09-16,1730.5723876953125,1781.0461437243696,1707.7294864498015,1767.7792713207414,3277213
2022-09-19,1761.5447998046875,1774.8615957238733,1732.6670641091912,1734.2132463499818,2309647
2022-09-20,1795.1109619140625,1808.4276366421775,1775.5598775037015,1780.5474052494983,2832208
2022-09-21,1797.5050048828125,1815.4601048205986,1773.6147956163616,1795.509993778614,2080898
2022-09-22,1767.928955078125,1783.5399414467477,1728.6771356416184,1782.342983480962,4480817
2022-09-23,1717.604736328125,1773.764222641537,1710.1234451150392,1767.5797372783757,2759913
2022-09-26,1672.617431640625,1740.746990770072,1657.3555473194983,1695.75951275543,4915173
2022-09-27,1675.360595703125,1711.4702500727894,1660.8468403737108,1684.2882222048113,2624336
2022-09-28,1648.07861328125,1674.7120844009416,1641.1459984475598,1665.8342606943777,2114266
2022-09-29,1631.8193359375,1680.796833559269,1623.9390178246233,1667.7793375663277,2418856
2022-09-30,1674.163330078125,1694.7618429879083,1616.9564140573275,1621.6945651781,2788387
2022-10-03,1642.4925537109375,1681.794295284873,1633.9140306504282,1681.794295284873,1464138
2022-10-04,1696.9066162109375,1700.7469882829291,1665.884217493368,1677.8043602884968,1806381
2022-10-06,1706.283203125,1719.8492545369963,1690.6722165861934,1713.714570922382,1661891
2022-10-07,1694.7618408203125,1705.584751118652,1680.2980111017166,1703.7393903008203,1150275
2022-10-10,1680.1983642578125,1689.724469152545,1652.8666879731684,1671.1210881519796,1229639
2022-10-11,1668.4776611328125,1702.7918759652864,1660.8467194201519,1680.1983511947865,1402150
2022-10-12,1690.4227294921875,1697.3553440500875,1663.2407044633978,1676.8566789685956,1538819
2022-10-13,1677.5548095703125,1690.322928181495,1662.2929273058369,1688.7268220307446,1065166
2022-10-14,1684.088623046875,1704.73693866493,1680.8965323140544,1704.73693866493,1239168
2022-10-17,1714.96142578125,1720.6970827236623,1669.824299408354,1679.7993549603752,1551410
2022-10-18,1721.9439697265625,1731.9190253078893,1707.7295155231716,1725.68461556956,1661431
2022-10-19,1694.5623779296875,1726.682006054653,1688.1783184299347,1720.6969731047234,1804532
2022-10-20,1721.395263671875,1725.6845862051841,1672.3180397531742,1682.7918479353443,1438398
2022-10-21,1680.2481689453125,1736.058677326484,1670.9215164395346,1727.1808536102653,2734130
2022-10-24,1697.5550537109375,1719.899081408227,1688.7769558542748,1708.5774173686289,499690
2022-10-25,1654.4127197265625,1696.6570513576698,1650.871526657924,1695.7592720957527,1870289
2022-10-27,1626.8817138671875,1672.368066758769,1616.9565818275662,1667.4802649528256,2177395
2022-10-28,1649.2757568359375,1656.3580221287323,1630.9216297383182,1635.0613022648238,2115388
2022-10-31,1683.2906494140625,1685.6347631504534,1658.0039075671389,1660.8467740885417,2217631
2022-11-01,1704.786865234375,1710.4226740347588,1686.781841812079,1687.7793473365095,2002317
2022-11-02,1706.133544921875,1718.203337920724,1695.0113335046676,1700.7469905107891,2036615
2022-11-03,1719.20068359375,1728.178232855336,1689.7742721252175,1693.664567825066,2205874
2022-11-04,1796.2081298828125,1800.4974522982125,1716.7569131261791,1718.6022739734335,6981242
2022-11-07,1773.61474609375,1813.3653168818319,1761.1459270406622,1808.6769678583842,2464569
2022-11-09,1748.327880859375,1793.514929742185,1741.1958137850065,1793.2156293790626,1762741
2022-11-10,1696.1085205078125,1752.5175074985427,1689.7743846822664,1740.6471672199261,2030748
2022-11-11,1714.96142578125,1743.639710493311,1703.0910853211817,1735.659666051694,1671510
2022-11-14,1714.0634765625,1730.6719667638556,1703.8889696140711,1719.699406744027,1459293
2022-11-15,1704.2381591796875,1725.4850751909728,1692.0686406972536,1719.1010155912497,1401141
2022-11-16,1681.4451904296875,1710.223200093853,1670.8217323751553,1709.4251469780365,2040699
2022-11-17,1660.4476318359375,1695.709426926657,1656.0585832804256,1681.395247347154,1875515
2022-11-18,1650.2730712890625,1670.4725570243454,1637.1059260465806,1663.8391213062644,1581747
2022-11-21,1631.769287109375,1653.5647571202796,1620.9463771902194,1650.2730621522371,1943750
2022-11-22,1639.250732421875,1655.759498093319,1627.9290687053044,1630.9715093598847,1508906
2022-11-23,1632.118408203125,1651.8690652988903,1625.983846949351,1647.4800168591862,1837952
2022-11-24,1629.9239501953125,1643.3403501610387,1615.9588735106527,1634.911477582691,1660403
2022-11-25,1629.6246337890625,1642.8415812353892,1620.447632193029,1629.9239341356783,1140578
2022-11-28,1648.7269287109375,1657.7544021232106,1624.7867968940525,1625.9339525634396,2005182
2022-11-29,1627.928955078125,1648.7269201326715,1625.9838680844462,1644.886548360189,1346735
2022-11-30,1622.4427490234375,1640.5474987960745,1619.2507800249514,1630.123492919314,2900845
2022-12-01,1634.712158203125,1638.4028800637614,1620.1484796343505,1630.722135968571,2111362
2022-12-02,1638.552490234375,1648.8766481609864,1621.1958695847811,1628.128484341686,1682841
2022-12-05,1630.12353515625,1650.8716994814363,1627.3305926516616,1645.884171688441,1383542
2022-12-06,1631.1708984375,1642.791862076274,1623.9389834314325,1625.933994467589,1177485
2022-12-07,1602.692138671875,1637.904133736856,1589.0263611710182,1631.3206213770695,2376490
2022-12-08,1614.5623779296875,1617.7544685891385,1596.2082523767208,1605.98385498294,1161239
2022-12-09,1594.6123046875,1622.8915619109064,1578.053737359144,1617.9539582784648,1766412
2022-12-12,1588.12841796875,1599.9488333125396,1566.1832978562684,1582.1933091901046,1365732
2022-12-13,1607.4302978515625,1612.8667762532848,1587.2807340967706,1596.1086340149388,1279634
2022-12-14,1619.00146484375,1623.8393425073245,1609.2757855317511,1615.7096477549007,1137059
2022-12-15,1600.8966064453125,1627.6296808716954,1596.008805126451,1615.9589151905316,1041690
2022-12-16,1583.1409912109375,1605.9838920409554,1577.2058820553714,1595.0113312878807,1533418
2022-12-19,1615.011474609375,1622.941595345578,1586.1835386978294,1591.0713404432447,1508476
2022-12-20,1611.6197509765625,1614.462617237629,1589.0761515116387,1610.9214240820058,866377
2022-12-21,1577.854248046875,1625.1858352987697,1571.56991469278,1614.4626511775718,1397725
2022-12-22,1540.4478759765625,1590.2233057158792,1526.183497845925,1582.1435350804459,2100618
2022-12-23,1493.315673828125,1539.4503037081445,1488.2782222916585,1520.497699000677,1673592
2022-12-26,1531.171142578125,1541.0962748937188,1479.4504999979506,1493.1662024151813,1329547
2022-12-27,1533.8642578125,1547.5301571055254,1514.2134468983406,1541.1460971396154,1102198
2022-12-28,1518.901611328125,1530.8716776054046,1509.2258564603153,1530.8716776054046,1411078
2022-12-29,1507.928955078125,1518.2033100217816,1499.3006302623257,1511.2207718022335,3417120
2022-12-30,1543.9888916015625,1569.076179731099,1522.043770206722,1524.1884314234708,2638505
2023-01-02,1548.62744140625,1556.1087333937198,1524.7372310325911,1546.1336774104266,1061404
2023-01-03,1559.10107421875,1566.083612618962,1540.1983939702131,1545.1359974183263,1306648
2023-01-04,1543.9888916015625,1563.4402492015347,1536.5575241991792,1558.1036190336788,1036103
2023-01-05,1465.1859130859375,1544.1384968892162,1451.071186064183,1544.1384968892162,5979381
2023-01-06,1426.781982421875,1469.8742935298674,1419.4503412737286,1469.8742935298674,5207616
2023-01-09,1410.4727783203125,1447.2807556579291,1405.1361482434786,1443.390459851126,4513767
2023-01-10,1409.774658203125,1425.435446806004,1387.530235484361,1425.435446806004,2903001
2023-01-11,1396.2083740234375,1419.300650277859,1393.5650819095881,1414.4627730447949,2327598
2023-01-12,1384.3382568359375,1411.420435220028,1375.5601592525827,1401.495303661986,3168742
2023-01-13,1387.6798095703125,1396.358058769599,1370.9216683566044,1391.2708050401618,3754686
2023-01-16,1380.447998046875,1414.9117428146244,1375.7596487561823,1394.662452577647,3480545
2023-01-17,1369.475341796875,1388.1286461652087,1350.5725392847282,1385.5351561871348,3681802
2023-01-18,1363.889404296875,1376.5576762341527,1361.5950927968252,1376.3582238279814,2589016
2023-01-19,1351.7696533203125,1362.5426400644224,1344.7371905755278,1361.5950585102457,1910318
2023-01-20,1329.8743896484375,1358.2534964396962,1323.241074958587,1356.607587880648,2091612
2023-01-23,1329.4254150390625,1341.6448570456116,1316.2583915424086,1326.682274996776,1832743
2023-01-24,1329.37548828125,1345.6348761133295,1326.2334434702038,1332.9166813983961,1311451
2023-01-25,1311.0714111328125,1331.5701991393532,1306.7322862910398,1331.5701991393532,1549899
2023-01-27,1310.921630859375,1332.8169488332287,1298.8020368957257,1311.8194101292981,1829556
2023-01-30,1340.4976806640625,1356.6074181072465,1314.5625388473063,1317.505252997535,4411750
2023-01-31,1339.1011962890625,1353.764600050943,1320.4978163139735,1351.021459953556,2213909
2023-02-01,1265.13623046875,1356.607432939291,1243.739665176512,1344.6373673545324,4761664
2023-02-02,1268.727294921875,1285.4355123776702,1248.9766369245212,1265.8345045614408,2419664
2023-02-03,1334.11376953125,1337.4555105874751,1278.1039294553686,1301.7447626453604,3271913
2023-02-06,1339.6998291015625,1345.6349382027302,1318.8020155266229,1334.1137008112755,1546926
2023-02-07,1347.031494140625,1358.9516365361665,1333.7646218648592,1341.7945901000562,1604424
2023-02-08,1365.4852294921875,1373.5649992522758,1341.8442773606087,1353.5649663520496,1516979
2023-02-09,1396.757080078125,1406.3830325318072,1353.2658645159813,1366.5825386231254,2593600
2023-02-10,1398.2535400390625,1415.1114098187732,1390.5228712783685,1402.4929390368625,2069492
2023-02-13,1385.0863037109375,1411.4702753458857,1378.3032176389947,1400.4977149015008,1467695
2023-02-14,1395.1112060546875,1401.4952657822314,1370.2234918561958,1386.5326828735244,1390992
2023-02-15,1417.255859375,1420.3979042790813,1384.5875543360085,1394.5126853285547,1518171
2023-02-16,1424.63720703125,1431.4202926644818,1409.5250971729024,1425.4352600819125,2153424
2023-02-17,1410.522705078125,1423.6398050285766,1406.482759085068,1416.5077380955083,994199
2023-02-20,1401.09619140625,1422.2433809217357,1397.3057435915455,1414.4627893683935,993735
2023-02-21,1390.822021484375,1405.8843307674088,1386.5326989611199,1405.8843307674088,1117177
2023-02-22,1357.5550537109375,1388.5276480141274,1352.6174502206584,1386.4329108293364,1402505
2023-02-23,1343.590087890625,1362.5426938487838,1337.654978415318,1358.6025955269672,1095460
2023-02-24,1355.6099853515625,1382.5426340671565,1346.9815383543307,1350.3231574529186,1342454
2023-02-27,1354.0140380859375,1363.839443256326,1341.6449450939904,1354.5625930709123,972575
2023-02-28,1331.5701904296875,1368.4778959842845,1326.6823888544293,1360.7970301472171,1597380
2023-03-01,1340.547607421875,1356.6074209193032,1331.5700583128503,1332.3679896186152,1134472
2023-03-02,1340.1986083984375,1382.4927456111798,1333.864350847315,1371.5701087243904,3267851
2023-03-03,1351.968994140625,1361.0462694283642,1342.7420686814687,1353.614902494608,1199487
2023-03-06,1377.355712890625,1395.9590939955265,1353.864408469105,1353.864408469105,2466703
2023-03-08,1377.355712890625,1380.348229542242,1354.5128114301183,1371.5701319911727,1557533
2023-03-09,1349.17626953125,1375.5103203791207,1346.632581504302,1374.562738750317,1545024
2023-03-10,1325.53515625,1338.6523778977635,1317.7546864275157,1336.6573669023867,1389890
2023-03-13,1292.4677734375,1337.8542717839875,1288.6773257559564,1322.6922375262075,1668502
2023-03-14,1277.355712890625,1299.0514574503911,1265.8344756939432,1296.7571461009663,2060607
2023-03-15,1279.400634765625,1306.433011677173,1274.8121334428597,1286.7822004235438,1376141
2023-03-16,1290.373046875,1300.7471280778616,1267.3806189358668,1282.29327695099,1539281
2023-03-17,1298.5028076171875,1313.0165616055012,1289.7746343376405,1301.6947765673835,1332869
2023-03-20,1242.29345703125,1304.6873571643205,1227.9293525186486,1301.7447644490953,3970911
2023-03-21,1264.936767578125,1268.328310811949,1245.4854092919804,1255.8594913977538,2333183
2023-03-22,1291.32080078125,1311.6698156796983,1267.3806686505495,1267.8294974216767,2884348
2023-03-23,1286.7822265625,1307.2310914032219,1275.1114597255869,1288.7273137800453,1947186
2023-03-24,1237.55517578125,1286.7820459777013,1233.1162034158758,1278.1037971646383,2676573
2023-03-27,1236.009033203125,1248.4778518775286,1223.5901385097418,1241.894339970605,1553877
2023-03-28,1220.098876953125,1244.7372141023543,1211.9691827731313,1242.193648136266,1510246
2023-03-29,1242.941650390625,1248.876758804825,1222.3929417708164,1226.2334349673176,1657420
2023-03-31,1263.3406982421875,1266.8319674438042,1246.8818577202799,1249.1761690448077,1830686
2023-04-03,1279.7496337890625,1283.3407510052737,1262.3432115031067,1269.8245027605333,1381342
2023-04-05,1276.10888671875,1320.6973356745489,1272.318316958374,1292.7671805394377,3366621
2023-04-06,1300.6973876953125,1308.1786797486982,1268.1787292564268,1276.1089718925084,1819711
2023-04-10,1301.794677734375,1313.9641968408853,1292.4181011319772,1307.7297871007027,1297282
2023-04-11,1319.899169921875,1321.6947284479745,1303.939082634956,1309.6747390036926,1281834
2023-04-12,1318.2535400390625,1325.6849078591092,1312.2685065950034,1317.7048632670303,1105734
2023-04-13,1337.9541015625,1342.6423284458492,1314.7121759967529,1317.6049661392838,1330391
2023-04-17,1337.8045654296875,1349.575057619951,1327.2310311686672,1341.6449373656387,1073923
2023-04-18,1331.869384765625,1345.3357099243065,1325.6848989546313,1336.6574601950383,1236391
2023-04-19,1328.0289306640625,1335.6099481542408,1318.752202520513,1331.6698501130388,590360
2023-04-20,1328.7769775390625,1338.0039028956446,1321.7446372186619,1330.6223382572186,467602
2023-04-21,1314.612548828125,1334.6623854218835,1303.2908855321552,1333.1661271422627,825513
2023-04-24,1316.4578857421875,1319.6000524254025,1304.5875459199356,1311.8194608065662,1051329
2023-04-25,1342.4429931640625,1348.627478753798,1318.802039005119,1321.694829399987,2725305
2023-04-26,1331.37060546875,1346.1337362772642,1325.3357699661951,1342.4430144580426,889092
2023-04-27,1356.6075439453125,1370.572621603573,1336.807083190156,1349.1262523426728,3982526
2023-04-28,1351.2708740234375,1365.5351298683065,1315.5103255639324,1365.5351298683065,3376186
2023-05-02,1345.6849365234375,1367.4804088522385,1342.542769628023,1356.6075737973172,1387425
2023-05-03,1343.6400146484375,1347.5801129783847,1326.6824198087766,1341.6450034908303,903123
2023-05-04,1371.0213623046875,1374.8618558266069,1336.6573471241247,1338.9516584411826,2213569
2023-05-05,1355.859375,1390.5226917417694,1352.0190031098293,1368.0788175924222,2572062
2023-05-08,1401.295654296875,1407.2806867808893,1359.6996054734968,1364.3879539787865,2912772
2023-05-09,1405.18603515625,1443.0912464764585,1399.0015493840158,1407.4304226686309,3772745
2023-05-10,1410.921630859375,1417.3056905260655,1391.5201972456787,1415.4603296714108,1297980
2023-05-11,1416.8568115234375,1424.1884524657576,1409.5251705811174,1417.4552904597033,915163
2023-05-12,1419.899169921875,1424.4378687000371,1403.49025298386,1416.4578246176839,1300969
2023-05-15,1417.804443359375,1426.432890441431,1412.4678131923542,1420.447857334684,1003664
2023-05-16,1424.7869873046875,1434.4129399404821,1417.4553460747045,1426.333169569362,1678746
2023-05-17,1411.869384765625,1426.8319680680038,1401.4953026561461,1426.8319680680038,804968
2023-05-18,1411.9190673828125,1426.432820663013,1408.5276462008726,1418.8018794720397,739262
2023-05-19,1411.570068359375,1419.1510861266388,1393.5651663828505,1418.5526071545046,754504
2023-05-22,1409.475341796875,1415.1610747241248,1401.4952973988743,1407.4803306973747,591903
2023-05-23,1433.6646728515625,1444.1884037972866,1411.9689298461553,1412.068656035549,1991556
2023-05-24,1422.8917236328125,1443.3905111113127,1417.6050173495978,1433.6648321318135,1047736
2023-05-25,1423.78955078125,1426.0838622982462,1412.467886916544,1417.555140969648,688673
2023-05-26,1435.5601806640625,1442.6923699184686,1427.4304858290632,1427.4304858290632,1023550
2023-05-29,1445.93408203125,1464.83676171064,1440.8966307735918,1445.3354813451817,1659680
2023-05-30,1462.1934814453125,1463.5400895803496,1435.9092346399052,1449.824388311646,1506999
2023-05-31,1447.430419921875,1461.3455730889925,1443.6398502751156,1461.3455730889925,1704213
2023-06-01,1446.53271484375,1455.3606147127996,1440.3980312853205,1451.8693452463879,939379
2023-06-02,1453.6148681640625,1463.2408204484525,1444.786968974076,1456.3580082480914,1129346
2023-06-05,1455.2608642578125,1465.8343986838595,1452.5675262262614,1465.3356459112554,829929
2023-06-06,1471.4202880859375,1475.2108575618804,1459.4502224976593,1462.8417654341656,1472972
2023-06-07,1477.2059326171875,1479.5001222283802,1468.3281092340103,1479.3006698329057,837622
2023-06-08,1463.7396240234375,1481.295696817745,1459.3505753834079,1479.3006857782598,722068
2023-06-09,1462.841796875,1472.3180990027276,1457.904193420033,1467.3305715670815,499104
2023-06-12,1462.3431396484375,1469.325678514426,1458.3031934553612,1469.325678514426,465964
2023-06-13,1482.49267578125,1488.2782565842158,1466.333134838336,1466.333134838336,1205104
2023-06-14,1476.7071533203125,1488.1784664675174,1465.3355663690522,1486.2831816813396,763762
2023-06-15,1471.0213623046875,1478.3032014093174,1465.9341084343766,1476.258266358263,853566
2023-06-16,1504.8367919921875,1511.2208516261464,1471.0213307610543,1475.3106531716637,2090874
2023-06-19,1538.1036376953125,1549.4254231268094,1512.8668202810754,1519.1510322012102,3446484
2023-06-20,1517.255859375,1539.3505098051623,1498.4029802033647,1539.3505098051623,1943763
2023-06-21,1515.460205078125,1531.1709164356898,1509.475172180005,1522.0936408933692,799052
2023-06-22,1503.8892822265625,1523.3904428694743,1501.096217951606,1519.200968222855,966522
2023-06-23,1498.2032470703125,1515.9089686323055,1480.2481491482915,1503.739450969256,1237464
2023-06-26,1503.78955078125,1507.0812460590282,1483.4902152887832,1500.6971861426803,647496
2023-06-27,1519.151123046875,1523.5401720927175,1499.2509347943565,1508.2284853021072,763062
2023-06-28,1515.0611572265625,1531.1708949039573,1512.018838605617,1526.1833675589933,1158136
2023-06-30,1524.99169921875,1533.5747433169429,1516.0094182678542,1518.0054807013867,934639
2023-07-03,1537.0677490234375,1541.4591104473593,1523.5943285047974,1524.9915964801328,1068533
2023-07-04,1626.2919921875,1631.7312140031693,1562.0187525426584,1562.0187525426584,7337423
2023-07-05,1610.52294921875,1638.7672817965677,1604.385154610235,1627.7889382522544,2006206
2023-07-06,1616.7108154296875,1620.8027191107064,1603.8361881840551,1611.8703883254336,937466
2023-07-07,1611.720703125,1623.4475704080628,1602.2394061727364,1608.6766590556992,1456642
2023-07-10,1594.654296875,1618.806603134284,1576.6397850193496,1608.7763408625265,1731894
2023-07-11,1589.2650146484375,1628.787028473337,1584.7738739449264,1594.8539653801424,1500679
2023-07-12,1590.063232421875,1601.9398278685453,1578.136808514029,1592.5084819188244,1281286
2023-07-13,1611.920166015625,1621.800699257095,1591.8597632708102,1591.8597632708102,1136620
2023-07-14,1611.02197265625,1631.7810711000984,1601.0916105885829,1619.9544253177553,1088010
2023-07-17,1607.0797119140625,1618.7566280194533,1599.8439858396164,1616.8105159452143,823296
2023-07-18,1615.1138916015625,1621.8006517104702,1598.845934793953,1615.1637200620905,2077115
2023-07-19,1640.863037109375,1646.551887927944,1610.822322985979,1615.1139057878834,1920501
2023-07-20,1632.5794677734375,1654.9852192355286,1621.800682199749,1647.6497143620363,1159938
2023-07-21,1629.6351318359375,1641.7612346217832,1617.1099140558042,1629.7848608737822,1149031
2023-07-24,1654.2366943359375,1656.7317723062783,1618.8065871570984,1626.790836662189,1455663
2023-07-25,1645.603759765625,1661.6222096470938,1631.831001968739,1661.6222096470938,1378736
2023-07-26,1623.247802734375,1661.6221756195578,1614.8644380862029,1646.1526919602206,2225230
2023-07-27,1611.371337890625,1659.4264431599017,1598.8459974804925,1638.2682302523274,3402069
2023-07-28,1581.729736328125,1626.79086975513,1565.3121716813005,1621.8007137129364,3285744
2023-07-31,1595.1533203125,1599.644460725509,1562.7173062185461,1562.7173062185461,1323373
2023-08-01,1569.2542724609375,1596.7999081530868,1566.559637056805,1595.153254200548,1641917
2023-08-02,1523.99365234375,1569.2543431930708,1520.9995587242142,1568.9050566367878,2170178
2023-08-03,1490.709228515625,1519.9016392017809,1474.890459398694,1519.9016392017809,2785017
2023-08-04,1483.3739013671875,1504.3823861632752,1467.8544666374282,1498.99299302635,2703607
2023-08-07,1505.4302978515625,1509.2726936346776,1482.0763432286303,1495.050748926928,1228780
2023-08-08,1512.7657470703125,1517.3068376292338,1489.96075918458,1506.5280522531002,1409271
2023-08-09,1513.6141357421875,1526.738270753986,1502.0369978655,1521.9976224218522,1065831
2023-08-10,1516.40869140625,1526.7382903809576,1502.1367959329923,1509.5722017738096,900666
2023-08-11,1501.0389404296875,1518.8039447066592,1494.701466609694,1515.9594582930563,792201
2023-08-14,1479.132080078125,1495.0006775288966,1464.1616131774185,1493.0545655637934,1549409
2023-08-16,1466.9560546875,1479.0821574699999,1460.119565707564,1479.0821574699999,834135
2023-08-17,1473.9423828125,1477.086205521329,1462.5149740761017,1470.0999869817012,1048714
2023-08-18,1457.2752685546875,1475.3895590454135,1453.1334147441942,1467.1058514244266,1053734
2023-08-21,1475.3896484375,1481.5773934673764,1448.143346528234,1452.1354715358927,1498685
2023-08-22,1464.9102783203125,1491.0586476392893,1461.4669975018703,1482.0763666294142,1557523
2023-08-23,1467.2056884765625,1471.098034643856,1455.179485239778,1471.098034643856,961649
2023-08-24,1465.7086181640625,1489.062572963944,1462.115730155615,1477.0861983824643,847606
2023-08-25,1500.9390869140625,1506.5280370478806,1462.7643950180166,1465.708538210035,3624097
2023-08-28,1496.947021484375,1511.0192370406198,1484.0723946363287,1510.5202214405404,1066459
2023-08-29,1500.489990234375,1511.0192683461914,1494.302245397183,1506.877414413724,1377001
2023-08-30,1498.5439453125,1515.8597634048251,1496.0488671484766,1507.0272110701799,700372
2023-08-31,1485.96875,1504.8315649593767,1477.2858050415637,1498.09485403317,1542837
2023-09-01,1511.518310546875,1515.7099930161335,1484.4217380584957,1491.0586701598093,904596
2023-09-04,1507.126953125,1522.9457239336484,1503.0849996957159,1518.005518021195,685689
2023-09-05,1507.47607421875,1516.8077627645837,1503.0348844144544,1509.0230712049502,1298151
2023-09-06,1515.2108154296875,1519.4524477394539,1501.2383795857515,1507.975089724792,712220
2023-09-07,1516.558349609375,1521.7980133779947,1507.1268817278715,1521.7980133779947,647590
2023-09-08,1537.966064453125,1555.7310683747764,1522.047515697753,1526.9877213583914,2168354
2023-09-11,1546.64892578125,1548.9444463086747,1536.9680717238139,1546.449368270162,841557
2023-09-12,1539.4132080078125,1555.830894690275,1524.6424190358816,1555.830894690275,1444688
2023-09-13,1549.742919921875,1561.9688023098684,1518.0054785418668,1538.964134064141,1193072
2023-09-14,1547.8466796875,1560.5216277461325,1538.165703528951,1553.884695611815,920905
2023-09-15,1535.07177734375,1564.513697992887,1528.285238224311,1545.00226096577,3116428
2023-09-18,1556.8787841796875,1562.2681772419396,1529.8821122344011,1535.0718259506525,1403635
2023-09-20,1550.291748046875,1565.1124870763344,1542.0579906049552,1551.8387451467433,1076887
2023-09-21,1523.195068359375,1549.1938281385596,1511.0191372535219,1527.4866509686362,1772341
2023-09-22,1540.6607666015625,1547.9464433389558,1521.8978525075659,1524.9917249657797,1321743
2023-09-25,1574.29443359375,1587.8676334990214,1543.6548027657682,1546.6488963550185,2962182
2023-09-26,1564.613525390625,1579.8834520865637,1547.9464524234115,1579.8834520865637,2472382
2023-09-27,1562.6673583984375,1566.908991017434,1551.14004925482,1564.613470515161,964400
2023-09-28,1536.6685791015625,1571.849178654159,1532.0278315181824,1561.9188170159853,831496
2023-09-29,1537.217529296875,1549.8924765863544,1529.033722329964,1544.9522709635205,1109857
2023-10-03,1557.9765625,1561.120263132411,1523.99355339275,1527.2371546033107,1083086
2023-10-04,1529.53271484375,1552.7867679539818,1518.1551351655796,1551.9384658274025,1614123
2023-10-05,1539.5130615234375,1552.9365323026739,1529.2832418215721,1536.9680332558598,1153064
2023-10-06,1631.4317626953125,1637.469778495186,1547.9963768362882,1556.279962887433,7384628
2023-10-09,1618.3575439453125,1624.7947964646698,1603.4369043810177,1613.9661822915741,1712235
2023-10-10,1629.884765625,1640.7133800266247,1613.8164873035587,1626.7908932002479,1453653
2023-10-11,1633.327880859375,1647.6994315470797,1630.2838372063707,1638.1683074333569,952433
2023-10-12,1631.5814208984375,1639.7152775469806,1619.6548752060116,1633.7770407612384,1052767
2023-10-13,1643.3084716796875,1645.7535996117592,1616.8106921595208,1627.7890363655424,1212989
2023-10-16,1639.116455078125,1646.152623504505,1627.1900314203342,1640.7632308619561,859548
2023-10-17,1654.3863525390625,1673.4487230502166,1642.3102000457118,1646.651611162209,1689224
2023-10-18,1624.994384765625,1661.7219824183358,1618.8565902224807,1661.7219824183358,1230439
2023-10-19,1631.531494140625,1639.7153011981748,1594.2550534164527,1621.8006900006212,1429935
2023-10-20,1631.8309326171875,1636.521630439895,1611.8203586890872,1624.595206548769,1191783
2023-10-23,1609.97412109375,1648.4481523436834,1602.3391577326393,1623.7968294182524,1093182
2023-10-25,1608.2774658203125,1626.7909948929619,1595.7022959926596,1609.7246842818622,1490405
2023-10-26,1556.9288330078125,1605.2335724491818,1548.9445825821315,1586.8697721041167,1780025
2023-10-27,1563.3160400390625,1590.1131524330403,1548.2956222851876,1572.4978780181243,2003579
2023-10-30,1558.0264892578125,1568.0068013045989,1524.991680748946,1565.8111813862981,850025
2023-10-31,1566.4599609375,1578.3364350738095,1549.3437010298992,1549.3437010298992,1592788
2023-11-01,1569.7532958984375,1576.8892431050665,1561.9187756072336,1571.7993085217986,770557
2023-11-02,1572.4979248046875,1589.4644551016547,1563.0166284622646,1584.5740778853565,1020303
2023-11-03,1533.125732421875,1590.5125294229574,1524.891974591285,1581.1310112863484,2519096
2023-11-06,1561.320068359375,1562.9168939488818,1536.9680821719526,1543.9543007272796,917415
2023-11-07,1566.70947265625,1604.6346593737437,1546.9484055819833,1598.8460295111854,2532282
2023-11-08,1572.3980712890625,1576.8392611589366,1556.1301148693472,1572.8970868623055,831310
2023-11-09,1579.1348876953125,1585.8715983870131,1565.9109741153075,1571.8991613968192,1108425
2023-11-10,1592.8577880859375,1595.6523241654486,1569.5537840360146,1577.887320152799,672720
2023-11-13,1582.0789794921875,1594.8038770507658,1565.6114650046156,1591.4604969601937,853825
2023-11-15,1583.925537109375,1611.8204616927442,1576.8394178014119,1596.8499930082914,1684967
2023-11-16,1617.459228515625,1624.7947331969256,1536.0199099891945,1557.9765955729367,3213352
2023-11-17,1612.71875,1617.459398522038,1578.4862287825497,1589.9137598968246,1783393
2023-11-20,1590.6622314453125,1613.3674420468485,1583.0272681297881,1608.726572437021,1256179
2023-11-21,1607.2294921875,1613.2675079372007,1590.4625190520042,1590.6621983928924,1714833
2023-11-22,1620.702880859375,1622.798722001499,1599.3449889344417,1606.8302228920131,807316
2023-11-23,1620.752685546875,1633.6273121310408,1617.0100686229882,1620.7028570858765,695592
2023-11-24,1614.06591796875,1625.7428339857058,1608.8262542993507,1621.2516936976494,625345
2023-11-28,1651.142822265625,1653.7376789891716,1614.315447051892,1614.315447051892,1564478
2023-11-29,1650.24462890625,1661.7219879824047,1645.7534883981896,1656.7318318623375,746796
2023-11-30,1670.2052001953125,1676.5926241915743,1641.3122459122733,1649.745560754617,1577522
2023-12-01,1682.6307373046875,1685.3753232423494,1666.6622373037462,1676.6925000988322,1101136
2023-12-04,1692.910400390625,1711.3240270527128,1682.5808019745762,1696.653017340641,1419178
2023-12-05,1689.367431640625,1710.026751411809,1669.9557727497402,1692.9604415695164,1778602
2023-12-06,1697.0023193359375,1706.6333447409688,1689.5670356595551,1697.651063979174,737176
2023-12-07,1700.6951904296875,1720.605865019702,1686.672802716529,1697.0024017281155,941890
2023-12-08,1706.7830810546875,1711.174442700706,1689.1678060086017,1701.6431960086652,1376050
2023-12-11,1699.447509765625,1713.6195035205255,1694.9064192508633,1696.802702822851,1003371
2023-12-12,1703.389892578125,1716.3642992595462,1697.152197058211,1701.4437803079081,1390539
2023-12-13,1681.2335205078125,1706.1343504204472,1664.915612789733,1704.6373036081447,1168629
2023-12-14,1727.5421142578125,1730.4863794935425,1694.6570338581075,1696.6530963243713,2130836
2023-12-15,1729.73779296875,1737.5723134970399,1715.3661193699238,1735.526300811763,1486079
2023-12-18,1721.2044677734375,1735.127075178127,1715.1664525161827,1729.238667126859,696124
2023-12-19,1706.3839111328125,1723.1508846824884,1693.4594553178435,1721.6038875298152,1214352
2023-12-20,1677.5906982421875,1737.5723500615436,1668.7081960384266,1712.3221115210742,1540009
2023-12-21,1663.568359375,1678.488999612763,1656.981377512068,1659.7259634407885,988034
2023-12-22,1668.7581787109375,1686.672790684737,1660.324741659523,1665.7141347058143,1279614
2023-12-26,1642.060791015625,1680.6845499335302,1633.8270335708794,1671.7022690847168,1296291
2023-12-27,1666.1630859375,1670.7541267777308,1650.5439956105456,1653.7376466185547,1181177
2023-12-28,1677.8900146484375,1695.455461336486,1663.9175777656596,1670.7541889901465,1360425
2023-12-29,1682.4810791015625,1689.367397054322,1671.3030563416087,1679.1375770511852,738203
2024-01-01,1673.0994873046875,1688.3692911948672,1667.7100945899274,1682.481004722236,692280
2024-01-02,1682.8802490234375,1686.5230874606052,1660.1750380318967,1672.6006002219628,1099965
2024-01-03,1674.34716796875,1704.637392348524,1672.7003920234931,1676.6925170641218,804258
2024-01-04,1698.59912109375,1720.555807092849,1686.6726972035035,1691.0141084782388,2268009
2024-01-05,1706.1343994140625,1713.71941244821,1694.3077536232554,1699.5972460806283,835592
2024-01-08,1693.0101318359375,1720.2564312027098,1686.8722158434255,1712.5715181820938,684254
2024-01-09,1679.1375732421875,1711.623538105572,1671.0037162831063,1707.082447333707,1235008
2024-01-10,1668.5584716796875,1681.682606595674,1655.3845083006643,1681.682606595674,607010
2024-01-11,1665.9635009765625,1699.2977658293732,1656.8814418566287,1675.6943047114862,861924
2024-01-12,1648.647705078125,1671.6522503229048,1638.7671721831327,1666.9615525815332,1314964
2024-01-15,1629.1861572265625,1660.8736478650842,1626.8408082697074,1651.7416380079865,1089891
2024-01-16,1620.3038330078125,1643.058995624983,1616.8107234201764,1630.783161770721,1063676
2024-01-17,1583.027099609375,1618.8064912175794,1574.9430718305714,1611.7703230262293,1488186
2024-01-18,1578.0369873046875,1602.189292557529,1555.9305728244767,1582.8774140472226,1133236
2024-01-19,1597.348876953125,1603.1873348927693,1577.8872692676605,1587.8176306110738,1139473
2024-01-23,1579.3843994140625,1612.0699217400092,1571.8991652936168,1594.3049173621582,3028946
2024-01-24,1617.6588134765625,1619.654875836241,1575.2424883333915,1591.5602737577688,1393463
2024-01-25,1626.9405517578125,1631.7809786127782,1610.52286575574,1618.5570654833475,1744604
2024-01-29,1633.7271728515625,1638.3680424360225,1615.3135453941693,1626.7909045366055,940220
2024-01-30,1587.4185791015625,1625.7928301355064,1581.879457191392,1625.7928301355064,4851835
2024-01-31,1624.09619140625,1628.7868892302527,1581.8794236703127,1590.8617043094503,1486444
2024-02-01,1619.05615234375,1628.7869567730004,1609.8243635262559,1628.7869567730004,1352416
2024-02-02,1648.24853515625,1660.7239252194975,1623.4973125387746,1631.7810202727635,1514648
2024-02-05,1611.720703125,1656.6321097409855,1605.383229001853,1646.7515759194712,2578535
2024-02-06,1593.90576171875,1623.5971896398269,1575.4920131537415,1623.5971896398269,2376798
2024-02-07,1593.057373046875,1620.5531816899113,1586.2708338982181,1605.832221301966,1477982
2024-02-08,1567.4580078125,1604.7842786077913,1561.918885715827,1604.7842786077913,1486674
2024-02-09,1567.8570556640625,1584.1749631518378,1559.6232983126079,1583.1269816660244,1049368
2024-02-12,1554.1842041015625,1576.1908424629946,1548.445524266222,1575.6418765293574,803753
2024-02-13,1564.9129638671875,1583.3265912725342,1549.1440217492873,1556.9287140515385,1833289
2024-02-14,1576.58984375,1579.8833954541963,1551.9385217506476,1556.9286777691384,763689
2024-02-15,1566.3101806640625,1586.8695989001694,1561.4697537378158,1586.8196486084637,803588
2024-02-16,1572.79736328125,1581.879422666843,1563.96481169103,1579.9831390560103,850341
2024-02-19,1616.9603271484375,1621.800754264399,1568.9050988945448,1572.8972238281187,1162373
2024-02-20,1599.6943359375,1615.8125647012268,1594.3548932119888,1614.7645831755726,1232581
2024-02-21,1583.8255615234375,1615.4132733178872,1577.4880877797755,1600.8420421876613,674394
2024-02-22,1589.41455078125,1595.8518029429326,1562.7670460769016,1595.8518029429326,1149519
2024-02-23,1613.3673095703125,1617.708720721095,1592.8577206383736,1592.8577206383736,1199419
2024-02-26,1611.121826171875,1626.1920730313896,1606.8302432498363,1612.818430491761,742382
2024-02-27,1597.44873046875,1620.253719252806,1591.8597800583657,1611.1218311446696,931236
2024-02-28,1581.3804931640625,1606.5308315748482,1576.889352602852,1599.8440710268173,790763
2024-02-29,1590.6622314453125,1600.4428644525988,1565.2622634106583,1581.8295575495183,1352363
2024-03-01,1610.2236328125,1617.1100727594323,1592.0593910807374,1594.8039770006753,740120
2024-03-04,1616.1119384765625,1621.8006674704677,1600.143439596853,1612.8183868506312,589948
2024-03-05,1547.447509765625,1633.3779791699076,1538.1159416025625,1626.790997044804,2343463
2024-03-06,1551.5391845703125,1554.9325148094472,1527.7861165563163,1554.9325148094472,1239370
2024-03-07,1579.683837890625,1586.520327269724,1554.0843131506595,1554.0843131506595,1380840
2024-03-11,1595.65234375,1612.9681608391966,1579.8834019348924,1594.3548544478776,1285565
2024-03-12,1590.41259765625,1608.8262237557071,1562.0684884548566,1586.9693170694577,1587096
2024-03-13,1570.0528564453125,1595.8019891240415,1558.9247838463534,1589.1651788975178,1279653
2024-03-14,1560.621337890625,1576.8892951740968,1547.0481379437301,1562.517621535628,1289823
2024-03-15,1568.3560791015625,1586.4703697313143,1544.4532806149898,1544.4532806149898,1929597
2024-03-18,1573.9451904296875,1576.0410316339423,1557.9267405536289,1567.857102499732,645594
2024-03-19,1578.3863525390625,1586.8696177914064,1548.0461795058595,1570.9510687851769,1385006
2024-03-20,1581.5799560546875,1590.3626791364752,1563.0166005449764,1579.3843361992294,723724
2024-03-21,1599.44482421875,1606.281313775632,1588.865717550803,1592.8578424692723,1166497
2024-03-22,1584.4244384765625,1606.8301895932477,1580.2825847398765,1589.8636596410208,1570412
2024-03-26,1590.761962890625,1615.81252178391,1585.8715856174385,1585.8715856174385,1616192
2024-03-27,1579.5341796875,1606.73053120711,1575.0928675340122,1586.8696849974342,1205575
2024-03-28,1640.613525390625,1665.7140338496818,1584.8735085400208,1584.8735085400208,5210310
2024-04-01,1642.7593994140625,1670.704273766185,1637.1204986162982,1655.783755656599,767676
2024-04-02,1653.2886962890625,1659.6261702853167,1622.4993351281528,1647.6497954275192,1605925
2024-04-03,1637.1204833984375,1651.59193605341,1631.781040750358,1650.74363388446,1055536
2024-04-04,1652.5401611328125,1659.2269216489678,1626.7909066392888,1646.75153126063,1328509
2024-04-05,1674.6463623046875,1678.1894217099286,1648.6975517400379,1655.2347046719694,2364243
2024-04-08,1685.824462890625,1698.6491397264408,1681.5328799043286,1686.6727650632695,1345380
2024-04-09,1707.0325927734375,1711.623511938004,1683.928146074284,1691.6129375999726,1284145
2024-04-10,1700.744873046875,1718.6096551522578,1692.6608450280075,1713.6194993591328,1031729
2024-04-12,1695.3056640625,1702.8407262659057,1686.2236048201958,1696.6529817702635,1312132
2024-04-15,1653.5880126953125,1688.6688346607932,1650.9432055799948,1668.7082101376159,828843
2024-04-16,1615.3133544921875,1645.4538453373784,1608.1774076766296,1636.7710233964704,1528544
2024-04-18,1590.761962890625,1626.890643799508,1586.1710437110958,1621.8007090172043,1325537
2024-04-19,1615.8125,1625.5433041229155,1565.6114823056857,1583.8755018529957,1242066
2024-04-22,1626.241943359375,1644.7554714575936,1614.315518860836,1623.7968155713013,703167
2024-04-23,1617.9083251953125,1648.747513093135,1612.8183905317833,1625.3935590622607,1297705
2024-04-24,1627.14013671875,1645.603713852536,1614.8644261007614,1621.8006941838944,578310
2024-04-25,1652.2906494140625,1668.7082143942614,1612.4691790227482,1626.7909027886637,1569437
2024-04-26,1594.2052001953125,1645.8034891569664,1575.3423851170676,1645.8034891569664,5325417
2024-04-29,1592.508544921875,1599.844050042975,1584.2248370411876,1599.844050042975,1132800
2024-04-30,1611.8203125,1630.7329541221122,1588.1670228999465,1592.8577205882352,1748360
2024-05-02,1612.26953125,1631.78109088524,1607.8283409272917,1611.8204659202831,1304846
2024-05-03,1624.09619140625,1721.603789168006,1614.8144526804833,1646.9510080129614,5227529
2024-05-06,1608.177490234375,1634.6752663456684,1603.886029331193,1634.6752663456684,725360
2024-05-07,1611.97021484375,1621.8007983941725,1589.8637980565643,1617.8086733519715,1348125
2024-05-08,1599.8939208984375,1616.8105005518503,1595.602338121772,1597.8479082614272,802342
2024-05-09,1561.51953125,1609.9240425930755,1556.5293754414354,1603.5366187921177,1364729
2024-05-10,1569.6036376953125,1581.0311681657138,1552.93656519418,1556.9286900404375,768117
2024-05-13,1577.438232421875,1583.8754848096203,1553.235976274028,1570.9010794520116,466042
2024-05-14,1573.3463134765625,1586.7699068712368,1565.9609796992543,1572.2485034688534,652248
2024-05-15,1565.9609375,1586.5203563057448,1563.5156879082836,1576.8893306481314,581805
2024-05-16,1592.8577880859375,1597.8479440636504,1557.3777303524073,1571.9490832713127,1212568
2024-05-17,1581.6300048828125,1594.8539187901779,1576.9393067948354,1591.8598250753028,699522
2024-05-21,1579.434326171875,1592.1592239870204,1568.9050482673506,1584.3745318857627,903561
2024-05-22,1580.8314208984375,1586.8695582009411,1571.8990906707436,1579.434274726267,578669
2024-05-23,1605.2833251953125,1610.0739239567465,1578.1369237604868,1583.9753822428681,1547483
2024-05-24,1598.5465087890625,1616.8105283037446,1593.9057612181,1605.832185210324,566278
2024-05-27,1592.6583251953125,1609.6746849922315,1587.1691532937282,1601.840164007786,1365230
2024-05-28,1596.500732421875,1601.8401753069004,1586.3207404527727,1599.7941624880646,1306333
2024-05-29,1566.80908203125,1599.1951431923997,1562.018483915993,1591.011336727971,1665575
2024-05-30,1521.099365234375,1572.0987364517252,1514.013367904838,1563.665421334809,2285079
2024-05-31,1525.590576171875,1548.994482570021,1515.909721577155,1526.9878443169864,2794001
2024-06-03,1572.6976318359375,1579.8834078268462,1553.3856304291537,1576.889314192304,1826290
2024-06-04,1474.3916015625,1566.1105751775906,1416.2562817544874,1552.9366115239063,4388491
2024-06-05,1514.7119140625,1524.9916842261214,1470.0001890889375,1487.0664983618592,1456768
2024-06-06,1523.4447021484375,1538.4651206932317,1507.8256110695438,1518.5044963572832,2891789
2024-06-07,1564.613525390625,1576.8893583681431,1527.5367623081722,1535.9201272557616,2787254
2024-06-10,1562.7174072265625,1585.8716838982418,1556.2800324538407,1582.927540391408,1154334
2024-06-11,1565.1624755859375,1574.2944857014074,1554.9326554840686,1569.903123925828,1184425
2024-06-12,1575.9910888671875,1590.6122707335744,1558.9247792224899,1564.9129665946634,1799090
2024-06-13,1586.969482421875,1592.4088258877653,1577.8874223203738,1583.8256595863586,1095701
2024-06-14,1588.6162109375,1592.857843666562,1572.2484743934758,1586.9694350413968,681385
2024-06-18,1594.803955078125,1601.7403452238832,1581.8794993829833,1595.851936601508,1282756
2024-06-19,1591.760009765625,1596.8499445980347,1579.3843983289937,1596.8499445980347,1269273
2024-06-20,1582.87744140625,1591.859721969085,1570.0028149001912,1589.3646440349642,1649421
2024-06-21,1576.78564453125,1608.6928100086732,1568.3968689881494,1583.8761122032506,3345305
2024-06-24,1585.52392578125,1587.720930892528,1558.9095896987467,1567.9475191704994,822750
2024-06-25,1601.202880859375,1608.5929956756343,1568.896226109838,1585.5239539697102,3093861
2024-06-26,1598.1070556640625,1614.335294785788,1591.6157600153724,1604.84801653001,1310438
2024-06-27,1600.9532470703125,1612.5376890034836,1592.9141000564855,1598.107087917506,2620064
2024-06-28,1586.023193359375,1619.8278374727374,1580.9799074947673,1600.9531237398073,2058302
2024-07-01,1578.0838623046875,1588.8194666863956,1575.8868571474482,1586.0731492864236,2444681
2024-07-02,1577.634521484375,1582.8774910920934,1559.0094717346353,1578.0838701165842,2572175
2024-07-03,1592.0152587890625,1595.36074834005,1571.4927290382882,1580.8801656477615,892102
2024-07-04,1583.576416015625,1607.8439227427384,1578.6830755153571,1607.8439227427384,1450706
2024-07-05,1577.4847412109375,1588.5698528754494,1567.9974626131109,1584.8748562895616,1070592
2024-07-08,1567.997314453125,1577.4845921544993,1559.9081862680575,1577.4845921544993,1000005
2024-07-09,1579.4820556640625,1581.779024497682,1564.9016308998432,1575.5872537711998,1233946
2024-07-10,1580.4307861328125,1586.8720998900824,1568.646539271458,1581.7789539067944,1355610
2024-07-11,1585.7236328125,1593.8627432574958,1573.889525923442,1581.8788128570634,1848978
2024-07-12,1595.111083984375,1602.7008822596229,1583.0273117677093,1602.7008822596229,1003699
2024-07-15,1600.0543212890625,1602.8506203552215,1585.8733863701507,1594.8613337740117,1753186
2024-07-16,1607.3946533203125,1612.837306303304,1596.2595602297908,1602.8506975955438,980434
2024-07-18,1649.038818359375,1651.7851358464231,1590.9168024871315,1603.849412436128,2999670
2024-07-19,1638.053466796875,1657.7770186756973,1632.8104973100994,1649.7877318387061,1865129
2024-07-22,1628.9656982421875,1649.5880695353828,1620.87656959761,1622.8239095263036,784867
2024-07-23,1616.68212890625,1645.7431359117727,1597.3080836002864,1632.8105263769075,2718846
2024-07-24,1577.1351318359375,1609.7414326488038,1559.9082323430328,1598.4565163921645,3675430
2024-07-25,1569.8448486328125,1580.530592696559,1555.9135787666685,1563.5033767207476,1694503
2024-07-26,1584.325439453125,1590.6170515022932,1566.948838377976,1575.8868041253295,2768936
2024-07-29,1614.9844970703125,1622.8239607454673,1580.380872541355,1586.0233310016242,2217892
2024-07-30,1640.4503173828125,1667.6638263374218,1593.0637855269172,1611.8386588161381,3703774
2024-07-31,1649.438232421875,1654.0320479926672,1635.4569803935597,1648.689236777501,1324150
2024-08-01,1632.61083984375,1656.7783841469288,1627.8172189026486,1652.7837406649592,747329
2024-08-02,1621.2760009765625,1626.8186177740756,1600.8534341877491,1617.830669609578,1105569
2024-08-05,1565.6005859375,1602.8506848847874,1559.908267781955,1587.8707719419388,2058076
2024-08-06,1562.00537109375,1595.8599974229514,1555.014745322811,1573.0406219663253,1897942
2024-08-07,1569.295654296875,1582.6777338143431,1561.55603285622,1581.9785980885026,1443063
2024-08-08,1537.9876708984375,1574.338827842456,1530.497714620383,1560.357576123421,1683534
2024-08-09,1558.110595703125,1560.4575462054563,1543.43033009998,1557.8110705948645,1014828
2024-08-12,1556.912353515625,1568.7464608784246,1546.0269252514327,1554.9150317022631,1125254
2024-08-13,1541.283203125,1566.8988783862974,1534.9917128950879,1551.9189655910175,1817066
2024-08-14,1527.102294921875,1544.3790548421182,1524.7554662569305,1542.9310453422372,1173504
2024-08-16,1547.824462890625,1550.370974892787,1521.2101270786666,1536.939035335019,1841887
2024-08-19,1549.0228271484375,1561.8057348497223,1542.98100212237,1561.8057348497223,940893
2024-08-20,1599.95458984375,1622.7241069320196,1549.4223731167049,1552.8677044295396,3149863
2024-08-21,1618.779296875,1626.6188822707104,1597.8074184960294,1597.857400302527,1966030
2024-08-22,1623.52294921875,1627.8172397796802,1611.8886474537771,1622.6242519492566,1325535
2024-08-23,1637.7039794921875,1642.7471437243294,1621.0262698761312,1625.7200490931816,1114056
2024-08-26,1683.94189453125,1685.7395328432278,1636.5554854542888,1646.7917592763522,2446507
2024-08-27,1716.697998046875,1726.6846065288232,1649.787721217823,1683.9418734633487,4205533
2024-08-28,1711.205322265625,1732.6765299859114,1697.773382942879,1725.6859042165158,1444329
2024-08-29,1753.2989501953125,1769.627030753458,1709.2580309783584,1713.7020230095566,5508206
2024-08-30,1780.662353515625,1791.0983110817426,1747.706544056078,1767.5797982955999,3865499
2024-09-02,1838.0853271484375,1859.5065542116063,1785.4059658516264,1793.9944250181734,5442576
2024-09-03,1863.1016845703125,1868.4444958144218,1809.523504804479,1847.5225994643067,4429269
2024-09-04,1869.393310546875,1877.1827922038212,1830.595360053769,1837.7356877625916,2634954
2024-09-05,1862.4525146484375,1872.1894579945106,1847.5225836138627,1865.4984790219976,1441842
2024-09-06,1854.6629638671875,1895.4582339305312,1833.541263169892,1861.5037660940516,2970645
2024-09-09,1857.95849609375,1871.240733921815,1836.587251814858,1857.5091474820952,1576721
2024-09-10,1822.0567626953125,1872.2894533673814,1812.819149620535,1872.2894533673814,2155688
2024-09-11,1830.6951904296875,1851.3175616887793,1811.8204756856571,1826.550723455459,1492450
2024-09-12,1852.3660888671875,1857.5092167249725,1814.3671159379687,1848.2216218786098,2040386
2024-09-13,1891.9130859375,1904.346487238603,1844.0273447301283,1872.2894968537462,3078216
2024-09-16,1855.1124267578125,1918.4275509465804,1835.5886796931716,1899.4529942219656,3180768
2024-09-17,1846.2242431640625,1874.3365701460361,1836.0879331799028,1856.510498562189,1920113
2024-09-18,1885.67138671875,1894.4596510477604,1840.7316480275801,1846.2242827565008,2960854
2024-09-19,1887.8685302734375,1899.4529719671575,1873.4877893850617,1887.4690415446516,1821882
2024-09-20,1914.233154296875,1921.922794031954,1881.826536769119,1889.566158309128,4225587
2024-09-23,1917.37890625,1931.410140365445,1912.0360949276696,1927.2656733354115,1118846
2024-09-24,1902.0994873046875,1921.0240623953584,1895.8078749389683,1917.4289075750248,1461016
2024-09-25,1925.91748046875,1936.2037361533585,1893.5109841232631,1902.448950113025,901659
2024-09-26,1980.144775390625,1985.5874282418292,1927.565257436048,1937.402042393637,2541200
2024-09-27,2008.00732421875,2027.1816857008694,1963.6668799625668,1974.2026787958596,3718693
2024-09-30,1970.7574462890625,2016.246377182602,1965.6643000756571,2008.0074247498776,1859917
2024-10-01,1972.6048583984375,2004.4121823223418,1966.4132098458626,1970.3578714694936,1326900
2024-10-03,1910.8377685546875,1967.4119322730583,1893.960375156631,1958.3740024688393,1702709
2024-10-04,1882.0263671875,1932.408758670195,1862.7521638809208,1910.7378668318247,2423416
2024-10-07,1876.783447265625,1899.0535118252444,1866.2975079880853,1882.0264169043949,1423722
2024-10-08,1835.6884765625,1891.4136791748383,1830.6451904777193,1870.6914664159456,1423384
2024-10-09,1864.4498291015625,1878.680746244264,1833.0919758704874,1846.5239155687564,1411255
2024-10-10,1873.1881103515625,1885.3218640783693,1857.5091837461198,1872.2894131107075,1209065
2024-10-11,1873.8873291015625,1881.2774441112251,1852.6158032600874,1873.437858554382,516757
2024-10-14,1864.699462890625,1882.5755162236828,1860.055787531999,1882.5755162236828,809881
2024-10-15,1851.46728515625,1893.2113586002436,1839.5333364323612,1871.0909957813194,2072690
2024-10-16,1859.5565185546875,1868.4944845631096,1844.776288941317,1852.5159106705335,850008
2024-10-17,1813.368408203125,1866.9464649259046,1806.67730740826,1865.4984554657153,1115879
2024-10-18,1817.462890625,1830.8449702883422,1790.5988895954897,1812.5694281181338,990257
2024-10-21,1756.0452880859375,1821.457574694587,1751.6011740959002,1819.5600946711354,1663903
2024-10-22,1720.293212890625,1768.5784422083739,1713.851898957204,1756.1951447830945,3142294
2024-10-23,1737.3702392578125,1777.1169900169962,1725.2366074049744,1725.2366074049744,2585058
2024-10-24,1739.7669677734375,1761.637663831626,1716.348420608252,1737.71978626286,1502718
2024-10-25,1705.1136474609375,1749.5540575739988,1695.826052315019,1739.7671319773717,875973
2024-10-28,1728.1326904296875,1735.5228054060028,1699.6708550302342,1708.4591196356112,653158
2024-10-29,1764.3341064453125,1773.122370845018,1700.7194579268182,1722.8398205307817,1561586
2024-10-30,1750.1031494140625,1775.069670544149,1737.86955406032,1764.3340664582117,826677
2024-10-31,1748.405517578125,1752.6498262742307,1722.7399819902944,1742.8629009887081,869480
2024-11-01,1752.35009765625,1769.7768021646955,1743.9614442670807,1759.6403704281374,134827
2024-11-04,1710.2066650390625,1755.6457326357208,1691.7814215565597,1752.3501031461947,1294236
2024-11-05,1733.32568359375,1741.964124102901,1683.74214929973,1711.8044940733578,1646381
2024-11-06,1746.358154296875,1757.3434234875056,1729.780408808746,1729.780408808746,926170
2024-11-07,1727.3836669921875,1754.6471576466463,1702.7667739451024,1742.6632271447909,855044
2024-11-08,1737.4202880859375,1741.1652664335863,1714.7007527768671,1736.6712924164076,869560
2024-11-11,1715.150146484375,1749.6039481880784,1710.7561359664846,1725.2367192912295,696798
2024-11-12,1689.4844970703125,1730.6292754270062,1686.4885145130725,1722.689970413057,903492
2024-11-13,1662.2210693359375,1693.6788873659823,1655.2304431070386,1687.7369038341571,668302
2024-11-14,1637.6041259765625,1671.308929980689,1631.362495605428,1662.7703308702398,744472
2024-11-18,1613.8359375,1639.75113785739,1607.8439723855197,1631.8118328434405,1618700
2024-11-19,1594.2122802734375,1623.772618104479,1578.4335114257854,1620.7766354478158,2569730
2024-11-21,1567.1485595703125,1593.8627376608054,1563.1539161175285,1593.8627376608054,984265
2024-11-22,1598.706298828125,1603.8494269134828,1559.958328532482,1567.8476522228282,2082813
2024-11-25,1602.7508544921875,1636.605482363342,1597.8573918482832,1615.8332875065764,2191916
2024-11-26,1592.2650146484375,1612.737563758118,1579.8815947080407,1612.737563758118,2483861
2024-11-27,1597.9073486328125,1606.4458257926906,1586.872097430424,1593.8127416048433,1335825
2024-11-28,1572.94091796875,1607.8940498834259,1565.5508028397057,1602.8507635158544,3458405
2024-11-29,1577.8341064453125,1585.8233929680914,1572.8408023685759,1579.7815681793427,1998058
2024-12-02,1594.511962890625,1601.65241276308,1564.9016425916782,1585.873521656404,1423549
2024-12-03,1604.9478759765625,1607.7441752034922,1592.9140855158455,1594.9612671758784,1045367
2024-12-04,1625.919677734375,1630.0641445724596,1603.9491394096121,1616.8318885359547,2271608
2024-12-05,1641.8983154296875,1651.8849241506355,1603.3000483418548,1634.5581824011597,1706032
2024-12-06,1633.01025390625,1647.7405021721304,1622.873943303004,1637.8038749860216,1049225
2024-12-09,1634.8577880859375,1645.3437269777817,1617.031594444329,1639.8011105150701,859106
2024-12-10,1661.1724853515625,1670.7596051479707,1634.9076561851246,1642.5474360831588,1673974
2024-12-11,1684.2415771484375,1688.0863971619817,1646.7917940810992,1664.8675316602319,2131913
2024-12-12,1677.05126953125,1688.2362226577554,1672.3574902371918,1682.7435878014303,1137744
2024-12-13,1677.4505615234375,1681.3453631746252,1632.81047080901,1664.867459340773,1389802
2024-12-16,1671.40869140625,1681.694824619723,1658.1764356549998,1672.7568591202928,797240
2024-12-17,1640.9495849609375,1671.408740605691,1630.8631348501085,1670.7595866777954,1045630
2024-12-18,1628.5662841796875,1645.1940127656208,1620.4271733558435,1639.801219453041,952592
2024-12-19,1587.42138671875,1621.975027395592,1580.9300912598376,1614.63489460419,1681562
2024-12-20,1567.5479736328125,1601.4524595606686,1562.9041764587719,1587.4213482451894,1806341
2024-12-23,1561.306396484375,1592.6143897347254,1558.4602374446781,1580.8801247531403,1017438
2024-12-24,1562.4549560546875,1570.7437683604035,1549.5722060946748,1561.0068246091034,810638
2024-12-26,1557.2120361328125,1572.7911222516493,1552.368433099254,1552.368433099254,760870
2024-12-27,1577.1851806640625,1583.8761598147914,1559.0094794565064,1565.8502821209956,1174865
2024-12-30,1574.5885009765625,1585.7235937473472,1558.360262292435,1577.8841305182293,1307371
2024-12-31,1566.0,1573.839463018284,1557.9108717779054,1567.8474981268307,1041557
2025-01-01,1574.2889404296875,1581.928720081145,1562.9041827046565,1562.9041827046565,464064
2025-01-02,1698.3726806640625,1715.5995811555667,1574.28906408033,1579.182526862185,8022190
2025-01-03,1698.822021484375,1717.6967367521488,1689.7342317352534,1697.7235188829377,1563600
2025-01-06,1682.3441162109375,1730.6293460131355,1672.7569960181136,1712.7034317439193,1837772
2025-01-07,1680.49658203125,1701.3686186333605,1671.9579828145722,1689.7341950954537,1242573
2025-01-08,1694.7274169921875,1706.7113468707416,1666.315565334518,1678.7488438207822,1437122
2025-01-09,1688.0364990234375,1698.2227910242682,1672.7569391153481,1694.7274780171615,1036731
2025-01-10,1698.9718017578125,1715.8990547084002,1677.750258311903,1679.7475800479885,1467079
2025-01-13,1671.9080810546875,1697.723439563147,1664.368142898597,1687.3373423750395,1177882
2025-01-14,1711.205322265625,1727.6832258649147,1681.7448279517434,1686.7381320727404,2084348
2025-01-15,1669.411376953125,1728.1325597724233,1647.7903459117636,1718.7951055269575,2098490
2025-01-16,1695.0770263671875,1703.6654855846268,1676.951306948798,1677.7502844184023,1105433
2025-01-17,1678.3992919921875,1696.1255211297782,1668.7122091221916,1683.841944570291,905680
2025-01-20,1732.8763427734375,1735.6726420527173,1672.157833272664,1684.0419223493313,1674215
2025-01-21,1714.70068359375,1748.6551525758045,1708.7087184792697,1742.6631874613242,2008953
2025-01-22,1740.965576171875,1744.5107491829338,1708.2094502571717,1717.6967287005762,1369310
2025-01-23,1743.8116455078125,1763.6350387477025,1728.1325972174234,1740.216490874746,1888122
2025-01-24,1726.385009765625,1752.5499978940807,1722.690013282482,1748.6551960913773,747930
2025-01-27,1709.307861328125,1730.3297206740492,1699.720741690557,1712.553509042869,1017680
2025-01-28,1766.5810546875,1785.6555743706938,1712.7033508110212,1730.629264233158,2439528
2025-01-29,1788.00244140625,1802.532883883073,1764.8834179441585,1774.5703795953739,1880079
2025-01-30,1742.8629150390625,1853.514589053485,1738.668588115365,1822.5561018440787,5190089
2025-01-31,1733.7750244140625,1751.351430456518,1695.9257549723027,1711.3051559745156,1917476
2025-02-01,1751.651123046875,1777.616305030466,1614.8345872102605,1744.6604971282159,2887325
2025-02-03,1792.4464111328125,1802.582843191964,1731.0287685531416,1732.6765833451843,2918355
2025-02-04,1810.82177734375,1816.464235499828,1770.425994922946,1797.5895211464222,2285643
2025-02-05,1794.3438720703125,1824.1040139944212,1777.616302927595,1808.5747891021767,1286850
2025-02-06,1785.6055908203125,1810.5221301397721,1777.0669918330157,1805.5788077198686,1119866
2025-02-07,1795.9417724609375,1819.5601266976298,1781.9605201152915,1798.588248179161,1748940
2025-02-10,1789.999755859375,1804.5301982770882,1772.4233490456909,1802.4830166513161,908769
2025-02-11,1742.5133056640625,1792.8958171270995,1739.6671467112585,1789.9996763706097,1944713
2025-02-12,1786.3045654296875,1798.4383188111324,1724.9369066159013,1746.657779517274,1888823
2025-02-13,1846.7735595703125,1851.017868143071,1794.244023733539,1801.5341747261728,4070038
2025-02-14,1838.8343505859375,1865.0990589211917,1822.5561292713505,1851.017964714766,1823774
2025-02-17,1892.3125,1896.207301722629,1827.9987164449976,1838.8342842660297,3022597
2025-02-18,1891.1640625,1911.2372437432678,1878.2814346543569,1889.4663877642186,2116513
2025-02-19,1872.838623046875,1896.6566602226362,1865.5484718988616,1888.5176717233476,768994
2025-02-20,1878.730712890625,1884.9723431660093,1858.5578126033201,1865.348633198833,1012144
2025-02-21,1876.833251953125,1890.764644013274,1863.9006426540152,1869.6928024642505,852037
2025-02-24,1855.312255859375,1887.3692461447092,1850.5186348100262,1865.4985482056823,1076484
2025-02-25,1872.5889892578125,1893.461026003887,1855.312229200513,1855.312229200513,1761019
2025-02-27,1922.971435546875,1936.2036917203786,1878.481046215868,1879.6295305670121,2878330
2025-02-28,1869.7928466796875,1917.4289227156657,1860.055902931522,1908.4909564480374,1797567
2025-03-03,1836.0880126953125,1882.176114857355,1816.2644966693535,1882.176114857355,1046987
2025-03-04,1787.902587890625,1831.044688315356,1782.8593017807414,1827.2997100872772,1443339
2025-03-05,1799.38720703125,1806.3778331317492,1730.6792903093192,1784.6069773703136,2143253
2025-03-06,1842.9786376953125,1850.51857596075,1781.7108182368581,1816.364423267547,2176883
2025-03-07,1842.8289794921875,1863.0518624094755,1834.0407149431708,1842.6791559780977,1332323
2025-03-10,1837.885498046875,1886.2207082817645,1832.542686801873,1842.2796302331092,1703046
2025-03-11,1802.982421875,1834.390258567658,1785.855362976617,1827.5494557512702,2298735
2025-03-12,1817.013427734375,1821.9068902617962,1797.5895230398203,1811.5707748856855,1196955
2025-03-13,1805.029541015625,1837.536001102209,1800.7353724180255,1825.552070660238,1333932
2025-03-17,1869.0936279296875,1878.3812226245107,1794.743376193088,1817.5627523007704,6994837
2025-03-18,1869.0936279296875,1869.0936279296875,1869.0936279296875,1869.0936279296875,0
2025-03-19,1839.782958984375,1861.9033212902943,1837.5359720620165,1852.5158848777396,2411880
2025-03-20,1849.3699951171875,1852.5158010475036,1811.670549570264,1839.7828757303307,2306910
2025-03-21,1844.7762451171875,1877.4823877765937,1822.5560413256826,1875.4850660874695,3537391
2025-03-24,1891.613525390625,1896.157359238885,1843.0286493216386,1852.8654345830862,1864839
2025-03-25,1942.4454345703125,1951.7828896148192,1892.362565995606,1902.4490167159852,3512725
2025-03-26,1940.7974853515625,1975.3511257584876,1932.408709981129,1948.3872832936345,2779682
2025-03-27,2003.0640869140625,2008.8063870510466,1930.0120181813215,1937.402133173766,4506778
2025-03-28,2004.661865234375,2019.2922713044732,1991.5294504634642,1993.0774235686954,1907116
2025-04-01,1934.505859375,1999.3189712871035,1929.9120439622018,1995.3243279878286,2125921
2025-04-02,1928.3641357421875,1960.8705954454645,1918.3775271583042,1943.6936774439228,1057344
2025-04-03,1917.878173828125,1947.3886506038587,1902.3989307079405,1912.4355209776356,1598430
2025-04-04,1909.7391357421875,1927.365401697963,1894.4595764263038,1909.439488733312,2120708
2025-04-07,1850.1690673828125,1891.4636695785684,1821.0580789210767,1832.5426788155612,2594074
2025-04-08,1900.6513671875,1931.4101715257261,1871.190870775913,1887.469092132173,3182018
2025-04-09,1893.161376953125,1915.731210312952,1875.4851281818806,1896.4570066120295,1394829
2025-04-11,1943.6937255859375,1963.3672962207313,1903.9969554817799,1906.892974517361,1880510
2025-04-15,1965.364501953125,1981.3430751397357,1958.1741927818857,1981.3430751397357,1250872
2025-04-16,1966.5628662109375,1973.0541616341188,1946.9891382393275,1958.3738961321214,1033717
2025-04-17,2032.5745849609375,2036.9685954093554,1952.3820656745822,1958.8733615451115,2104540
2025-04-21,2100.68310546875,2115.8627016801634,2032.9738508344747,2034.3720004108307,2642028
2025-04-22,2074.218505859375,2107.174312644815,2067.2278801776147,2101.1823477747353,1447675
2025-04-23,2097.98681640625,2114.9640512929313,2054.644788113215,2091.1958736888396,1483177
2025-04-24,2102.18115234375,2132.1409787429484,2082.607301570797,2118.9587038900395,1465968
2025-04-25,2042.7607421875,2122.154278733042,2020.390715056193,2102.181061992025,1960343
2025-04-28,2046.9552001953125,2091.9949043598153,2037.2682382175078,2037.2682382175078,6311008
2025-04-29,2064.132080078125,2079.211956926169,2026.0832467511207,2058.240078398095,2119823
2025-04-30,1948.986572265625,2017.2950016534785,1923.920208260112,2015.4973632853057,4684518
2025-05-02,1964.0662841796875,1983.9396598731803,1914.6325711168665,1952.3820007639404,1949238
2025-05-05,2023.486572265625,2033.8726695216826,1956.4764533881823,1962.2687351002653,2072898
2025-05-06,2033.0738525390625,2042.2614838012496,2005.4108732329535,2026.183068139,1698230
2025-05-07,2027.581298828125,2042.7608959310178,2007.0087865110643,2008.6067414960842,1078158
2025-05-08,2003.313720703125,2047.254799322735,1990.231287586383,2029.2789035238036,1697652
2025-05-09,1967.36181640625,1996.3229802010628,1960.3711906626743,1967.36181640625,1207361
2025-05-12,2047.654052734375,2054.8446057066353,2009.1058912777364,2022.1883236698784,1057561
2025-05-13,2015.497314453125,2058.639415175535,2007.9075162398844,2044.1589545005588,2217985
2025-05-14,2017.6944580078125,2039.2655085454353,2007.3083605172992,2026.1830754527862,1670853
2025-05-15,2039.1656494140625,2047.6541448796547,1994.0261050659412,2012.4014894064665,2640223
2025-05-16,2030.8765869140625,2068.226525370198,2019.2921459674267,2051.249291699849,1568556
2025-05-19,2035.570556640625,2050.250823074768,2032.2749269153205,2036.1697287979036,1379603
2025-05-20,2002.414794921875,2044.2587078518468,1992.3283449752976,2044.2587078518468,2170575
2025-05-21,2034.5718994140625,2044.2588613769492,1995.5241607162154,2008.8063994429572,1291354
2025-05-22,1998.3203125,2039.0657229568885,1989.3323650674663,2034.5717492406218,1178160
2025-05-23,2033.7728271484375,2045.956440792384,2000.5173719805725,2003.2138294277966,1085026
2025-05-26,2049.851318359375,2067.2279192858714,2037.4677777720638,2041.2627376909766,714431
2025-05-27,2027.181640625,2055.243985531009,2011.8022394811553,2047.2546989011507,1175928
2025-05-28,2019.6917724609375,2042.1616420870205,2015.2976402415788,2042.1616420870205,415312
2025-05-29,2008.2071533203125,2030.177692301195,1997.4215672396872,2028.679701007044,874950
2025-05-30,2014.698486328125,2028.9792637866935,2008.2071905996359,2008.2071905996359,2144136
2025-06-02,2026.282958984375,2032.9739382281393,1992.4283302118915,2014.6985169664254,1339043
2025-06-03,1989.232666015625,2042.0618518721951,1977.348576954579,2036.3694116126112,1522876
2025-06-04,1953.4805908203125,2005.1114332532763,1941.4966598441763,1997.3218293560478,1169875
2025-06-05,1941.396728515625,1963.267425918852,1926.516657192444,1958.3739632814509,1808602
2025-06-06,1987.3350830078125,2015.9966005176007,1918.427484652265,1965.3645444016959,6970191
2025-06-09,2014.698486328125,2054.94444670065,1988.333814680277,1998.3204234933373,4221378
2025-06-10,1995.4241943359375,2025.5838247620911,1985.437585964398,2019.3920544276323,3306765
2025-06-11,2010.2044677734375,2026.282883224456,1980.2446419988028,2001.316361745594,2245988
2025-06-12,2026.083251953125,2056.941775769615,2009.505383739083,2013.300343864264,3783347
2025-06-13,2008.3070068359375,2014.1991303422851,1977.3485199080837,1997.3217372808926,1418715
2025-06-16,2025.48388671875,2037.2681335086445,1995.3243778187607,2002.3150037670746,1645983
2025-06-17,2000.6173095703125,2031.1763068934877,1993.5267200807139,2027.2815052360504,1220096
2025-06-18,1978.7467041015625,2015.2976681514838,1973.154227520767,1999.3190939738704,1401356
2025-06-19,1964.965087890625,1993.526764165375,1954.7787958599215,1979.3458286862633,745887
2025-06-20,1983.5401611328125,1996.223227261348,1962.3685995593373,1972.1555247982487,1931248
2025-06-23,1994.9249267578125,2005.710512901559,1948.0877076385445,1973.6535234004853,1125629
2025-06-24,2006.5093994140625,2029.6784050674783,1996.5227905738436,2016.2963248402157,1717823
2025-06-25,2009.10595703125,2025.2842141209583,2001.316353598817,2025.2842141209583,998245
2025-06-26,2050.85009765625,2055.244108039117,2009.1060237642425,2015.297672508716,1828277
2025-06-27,2042.25732421875,2063.239420015518,2003.290574881895,2058.243682921049,6315182
2025-06-30,2054.2470703125,2062.2402495744163,2026.2709428957928,2038.2607117886673,1363779
2025-07-01,2052.049072265625,2066.7364909273433,2040.8585476967646,2053.348012731215,1002015
2025-07-02,2006.1881103515625,2055.7457975293755,1994.89769582408,2052.2487815919017,1204931
2025-07-03,1979.01123046875,2012.6825714381127,1975.913897884317,2006.288003607074,1133593
2025-07-04,1992.6995849609375,2031.1667595908293,1983.307575073639,1991.3007542175128,1509178
2025-07-07,2004.689453125,2015.180501271772,1991.3008530015857,1995.0976620697709,861699
2025-07-08,2016.5792236328125,2018.8771894473477,1996.9958372390417,1998.2947776309954,986803
2025-07-09,2024.67236328125,2035.8627656374442,2010.284615990259,2011.2837634137134,1161769
2025-07-10,2037.6612548828125,2047.2530456375007,2020.076284838178,2032.2658344688514,1230564
2025-07-11,2015.4801025390625,2038.9600666259903,1998.4945966038383,2035.2632700030535,1145529
2025-07-14,2001.8917236328125,2013.2820284849822,1987.3041958593697,2008.2862914415953,605261
2025-07-15,2034.763671875,2044.2555721366314,2002.3912718526099,2008.286265882028,888117
2025-07-16,2034.26416015625,2041.9575465530565,2016.3793968303908,2038.360640211254,633132
2025-07-17,2024.772216796875,2045.7543123077235,2018.5775516706428,2035.8627286022192,458912
2025-07-18,2027.86962890625,2037.161748926332,2005.5887140742786,2028.1694219260878,995783
2025-07-21,2052.148681640625,2054.2469886864906,2015.879705360578,2025.1718246698258,999643
2025-07-22,2037.861083984375,2047.2530942664,2013.4818621777058,2046.154056481174,1214275
2025-07-23,2058.7431640625,2061.4408131857226,2031.965965653646,2045.9540288892078,878101
2025-07-24,2030.5673828125,2058.8433040356126,2023.2735577437672,2058.7432917190285,658995
2025-07-25,1984.10693359375,1998.2947777291333,1931.2520123295676,1997.2956303402689,4102292
2025-07-28,1976.11376953125,2021.2751830653463,1969.4194087951385,1988.3033189817295,1469727
2025-07-29,1970.918212890625,1982.808091802619,1942.142839840127,1976.1138527508294,847965
2025-07-30,1958.129150390625,1987.4040964358041,1943.441610227731,1971.0180544559114,932988
2025-07-31,1946.339111328125,1966.621852085851,1939.4449699594347,1951.43473861238,985553
2025-08-01,1914.666259765625,1976.213716766895,1909.5705103239322,1943.3417420833935,836974
2025-08-04,1931.951416015625,1942.742256877221,1921.3604778166434,1921.3604778166434,982532
2025-08-05,1937.74658203125,1941.0436954247784,1914.366507391158,1928.4544619928029,1101680
2025-08-06,1922.359619140625,1945.0402165882738,1910.5696309020204,1937.7465136662868,875588
2025-08-07,1912.3681640625,1931.252074715299,1888.9880900145697,1918.0632555765044,905353
2025-08-08,1917.563720703125,1928.0547688375773,1904.774706633251,1913.3673502358401,507893
2025-08-11,1921.16064453125,1938.146150110437,1901.477367827393,1916.3646882871035,1489228
2025-08-12,1906.373291015625,1932.6509171363505,1902.376701306997,1923.3587972772946,899579
2025-08-13,1912.767822265625,1918.3630233571694,1891.2861529936567,1912.3681389091782,710014
2025-08-14,1923.4586181640625,1937.446681639104,1910.8693854297721,1912.7677898660604,765742
2025-08-18,1991.8004150390625,2015.2803798012485,1948.3375015431009,1948.3375015431009,1473915
2025-08-19,1970.5184326171875,1995.8968007015678,1963.1248395085058,1992.2998944929216,1389770
2025-08-20,1956.8302001953125,1974.8148535542687,1947.5380805066907,1971.118056928089,1461680
2025-08-21,1978.3118896484375,1996.296543190696,1972.8165788438585,1982.3084793244948,2346236
2025-08-22,1964.223876953125,1975.6141815840151,1961.8258988256375,1973.3160938022074,709444
2025-08-25,1962.125732421875,1966.1223220616253,1951.3348916080547,1957.4296664154265,869509
2025-08-26,1922.5594482421875,1961.7261009269332,1915.9650995555119,1958.3289752500882,1179819
2025-08-28,1915.965087890625,1938.0462217063225,1908.9710558787417,1918.3630661165184,985012
2025-08-29,1911.8685302734375,1929.4534999396692,1908.3715144093364,1921.4603208217245,735268
2025-09-01,1941.843017578125,1944.3408861368825,1911.3690211612827,1917.2640153531981,590079
2025-09-02,1954.232421875,1957.0299614121407,1936.9471230877728,1943.3416908338922,907972
2025-09-03,1964.4237060546875,1970.3187001898823,1948.3374570843157,1948.3374570843157,934230
2025-09-04,2000.492919921875,2032.0660760360624,1969.3195691360493,1983.307633046706,2459026
2025-09-05,2012.6826171875,2022.074627468489,2000.3930549521513,2012.1830434700669,1077230
2025-09-08,2006.687744140625,2024.6723980718402,2004.3896562406958,2012.6826287843635,338055
2025-09-09,2023.5733642578125,2037.2616354347572,2010.28465448491,2010.28465448491,1240640
2025-09-10,2036.462158203125,2045.2547040073346,2024.8720728912008,2033.3648256924037,927634
2025-09-11,2036.0626220703125,2047.0532434787538,2026.6706121098516,2036.2624027639717,720797
2025-09-12,2079.725341796875,2087.218947400275,2032.5656326526407,2034.3640248177144,1546838
2025-09-15,2078.2265625,2095.212068058894,2066.2367938701923,2076.228267728365,1014957
2025-09-16,2078.5263671875,2103.1052466573055,2075.828718017121,2083.222311140748,928203
2025-09-17,2055.246337890625,2088.218204273897,2053.1480306386948,2086.2199093415775,1199866
2025-09-18,2067.435791015625,2073.2308948334617,2043.2564722575562,2064.23856806069,904666
2025-09-19,2065.53759765625,2075.4290599602987,2051.949094595601,2067.2360995557096,1973991
2025-09-22,2067.735595703125,2080.224938513605,2060.541783030784,2065.537520154976,633360
2025-09-23,2082.622802734375,2090.216420765213,2066.2368824772757,2066.2368824772757,1177350
2025-09-24,2067.435791015625,2087.019178004873,2061.1411134881896,2082.323233921143,602541
2025-09-25,2033.864501953125,2072.23178799488,2030.667278935579,2067.4358315023205,952122
2025-09-26,2001.4920654296875,2045.7543449768539,1994.3981431321727,2038.260739317598,754739
2025-09-29,2022.9737548828125,2029.2684324849927,1993.1992346169366,2006.1881512207303,2005041
2025-09-30,2004.689453125,2034.6638764014915,1999.2940325419834,2023.2735711631767,924425
2025-10-01,2005.288818359375,2012.2828501124968,1977.812265043539,2007.1872227998979,683568
2025-10-03,1999.194091796875,2015.2803408231878,1966.3221173723518,2014.7807671145058,789048
2025-10-06,2031.4664306640625,2040.4587572010757,1993.398939383954,1994.3980867769556,821515
2025-10-07,2030.8670654296875,2054.6467013603365,2027.270159033128,2036.9618404302796,641471
2025-10-08,2011.8831787109375,2036.4621803389275,2003.290535470744,2029.767941550532,369526
2025-10-09,2012.88232421875,2024.172738606016,2003.2905335883322,2011.8831768204516,437357
2025-10-10,2002.5911865234375,2024.272636359351,1999.493732004391,2012.8823315838251,772401
2025-10-13,2018.677490234375,2023.2735440151864,1994.8977326342688,2002.3913383528436,1013809
2025-10-14,2017.6783447265625,2035.0635344034588,2004.8892088348543,2023.1736555920836,668246
2025-10-15,2082.3232421875,2087.019186289872,2018.3776851388145,2022.7739581939802,1497249
2025-10-16,2088.41796875,2098.2096626287644,2076.228418544082,2076.7279922732796,1424932
2025-10-17,2081.92333984375,2102.206080375309,2075.2291012069945,2088.2180171028494,609393
2025-10-20,2137.9755859375,2147.6672666165487,2086.219703510283,2086.219703510283,1844869
2025-10-21,2167.250732421875,2182.137931174205,2132.180560955015,2148.166919425156,367784
2025-10-23,2174.744384765625,2193.128599829014,2157.2593048125464,2168.149914181759,1291839
2025-10-24,2157.658935546875,2182.1380482678283,2142.7717359956973,2174.7444546516363,517200
2025-10-27,2168.349609375,2176.642581469364,2148.066868642751,2157.658781126046,433573
2025-10-28,2138.375244140625,2186.833893662616,2121.2899697408093,2170.1481806549405,1200996
2025-10-29,2135.177978515625,2148.1668946226455,2122.38884310068,2148.1668946226455,343434
2025-10-30,2112.797119140625,2144.1702488811857,2099.5084103773756,2138.1753646811453,488305
2025-10-31,2086.51953125,2127.0847686897914,2083.621857476286,2113.1967176221406,586237
2025-11-03,2079.825439453125,2098.2096550481724,2068.235231404627,2084.221590681185,546962
2025-11-04,2071.432373046875,2097.0106444568964,2059.742397071914,2085.2206561673947,610128
2025-11-06,2061.44091796875,2078.6262048880467,2055.4460334202176,2077.22749606638,1175380
2025-11-07,2100.307861328125,2110.199323082083,2041.058371320623,2058.2436579304413,839091
2025-11-10,2116.493896484375,2124.9866490243517,2094.512654616201,2112.8968684238716,985115
2025-11-11,1987.703857421875,2097.210387818986,1950.735403706152,2083.2223242508744,4943745
2025-11-12,2033.7645263671875,2037.2615422562983,1993.2990567931904,2007.7866940480783,2396251
2025-11-13,2054.44677734375,2070.6329159822694,2030.5672527279833,2043.2563755648023,1839900
2025-11-14,2064.038818359375,2070.2334836649266,2042.457136207637,2048.2522401124997,1433249
2025-11-17,2077.8271484375,2079.325869622486,2053.248023430737,2064.0388647491327,817576
2025-11-18,2048.451904296875,2073.7303817308216,2045.2546814757848,2071.232513287397,734236
2025-11-19,2048.451904296875,2057.644011382183,2033.2649129473484,2057.644011382183,704802
2025-11-20,2093.8134765625,2103.2053649422187,2041.158333201067,2062.939674252078,1576354
2025-11-21,2050.650146484375,2098.209663087349,2043.3564432162455,2098.209663087349,1019782
2025-11-24,2029.068603515625,2062.2402486512337,2024.0728664791636,2062.2402486512337,1422874
2025-11-25,2028.468994140625,2049.7508824573856,2024.6723072163747,2037.261540010046,688300
2025-11-26,2083.322265625,2086.7192690885972,2029.1684053326917,2033.2648851306178,928388
2025-11-27,2101.40673828125,2116.19416841455,2073.830416723714,2083.322316912542,1125896
2025-11-28,2092.214599609375,2111.1983997013417,2084.720994309914,2108.2009575815573,590610
2025-12-01,2080.025146484375,2104.104452932325,2073.2308952459894,2100.70744927937,533604
2025-12-02,2064.138427734375,2079.7252240801918,2057.743982221069,2068.3350417807214,682583
2025-12-03,2044.255615234375,2070.633009470861,2033.2649936470934,2064.1385512601946,785536
2025-12-04,2047.452880859375,2060.1420045335967,2032.265888590524,2044.2556578447452,758590
2025-12-05,2094.712646484375,2108.201137172445,2044.0559191312307,2048.252289669911,1742156
2025-12-08,2057.4443359375,2103.1053246324955,2036.76203295448,2098.2095998059394,904146
2025-12-09,2067.735595703125,2080.025157815133,2037.2615992455528,2048.2522209187755,1176704
2025-12-10,2064.038818359375,2096.411097654503,2058.243714454512,2068.235188796524,937777
2025-12-11,2064.038818359375,2080.924312424384,2048.2522401124997,2078.2266631385364,624077
2025-12-12,2081.323974609375,2091.2154359546657,2067.435679869692,2074.0301500548608,554885
2025-12-15,2068.734619140625,2079.0258857861604,2059.2427191735464,2078.126506798223,483403
2025-12-16,2033.4647216796875,2066.037024204128,2027.2700566410583,2064.338522425669,506106
2025-12-17,2019.4766845703125,2042.2572941724288,2009.8848938832978,2033.4647482290277,398342
2025-12-18,2024.572509765625,2036.2624860462242,2010.884116635521,2018.2778320968464,438810
2025-12-19,2042.0574951171875,2053.2478971570486,2016.1795531879955,2017.2785909294796,1104767
2025-12-22,2048.052490234375,2052.1488484167608,2035.463134800984,2042.357276593974,1038998
2025-12-23,2045.854248046875,2055.7458319718467,2040.2590468464207,2047.2530788385484,677615
2025-12-24,2033.96435546875,2062.739849970503,2022.5741724461172,2046.7534912398044,1344198
2025-12-26,2015.8797607421875,2033.9643042072628,2003.6902113037347,2033.9643042072628,1755050
2025-12-29,2010.384521484375,2024.6723785339045,1995.4972003695048,2018.2778105823759,1415166
2025-12-30,2024.67236328125,2046.054142536422,1978.7115818023476,2010.284615990259,5450560
2025-12-31,2038.160888671875,2044.5554566855865,2008.6860391713017,2028.469085317366,1377422
