Price,Close,High,Low,Open,Volume
Ticker,BAJAJ-AUTO.NS,BAJAJ-AUTO.NS,BAJAJ-AUTO.NS,BAJAJ-AUTO.NS,BAJAJ-AUTO.NS
Date,,,,,
2020-01-01,2599.727783203125,2635.75135716561,2593.125509744863,2626.87955220607,320021
2020-01-02,2575.7119140625,2618.2140491391483,2568.325660982181,2603.730271548959,452413
2020-01-03,2535.314208984375,2581.6951378382637,2529.4959154397116,2579.425606429631,424311
2020-01-06,2506.92431640625,2534.942874473122,2499.001709461424,2533.622339239624,355754
2020-01-07,2507.171875,2535.272839840228,2500.693515489945,2513.402810460095,225535
2020-01-08,2524.75048828125,2536.428178189402,2475.8524033157637,2475.8524033157637,393614
2020-01-09,2546.5791015625,2566.6335454461805,2530.362349626741,2538.573886106897,333029
2020-01-10,2559.37109375,2572.4106232505924,2546.620494287942,2556.730224841301,455081
2020-01-13,2553.470458984375,2574.8452378281736,2542.0401929378777,2563.3325642580908,154993
2020-01-14,2559.701416015625,2573.235995564915,2536.9234927410357,2551.035932387199,278534
2020-01-15,2577.816162109375,2589.7414769243323,2551.778408747621,2559.205965564804,553613
2020-01-16,2568.36669921875,2599.6448856616084,2559.6186072633263,2582.9741873268213,287553
2020-01-17,2573.318603515625,2589.7416776009654,2556.730311411023,2568.284289577503,272072
2020-01-20,2561.434326171875,2595.2296711591052,2544.4746969226003,2583.1393391912297,365554
2020-01-21,2555.9462890625,2574.061235659532,2546.414216937315,2555.079700417413,215722
2020-01-22,2538.90380859375,2566.633433680392,2533.7046801897004,2562.5070133690087,269339
2020-01-23,2529.660888671875,2550.0866709999386,2518.024503267118,2535.272861083329,256329
2020-01-24,2537.04736328125,2552.5627466633646,2528.6708091779055,2531.971946004509,209961
2020-01-27,2544.02099609375,2577.3210905857677,2512.2062518803323,2533.45731869864,308445
2020-01-28,2526.11181640625,2566.3033100078537,2515.465732973047,2549.9626458548546,239986
2020-01-29,2551.65478515625,2557.5554860157968,2525.369405359257,2541.0498036278277,243945
2020-01-30,2595.93115234375,2628.529874492082,2509.771572373702,2565.395640457971,2400831
2020-01-31,2624.445068359375,2673.8795114931218,2599.6452377780943,2599.6452377780943,1141144
2020-02-03,2710.645751953125,2735.94063019513,2570.8426995343825,2593.868046396308,921166
2020-02-04,2610.208740234375,2734.16637880747,2600.4703470034224,2698.679160489112,1546450
2020-02-05,2609.1357421875,2658.157538261365,2599.6449748191126,2628.5299189837697,646723
2020-02-06,2599.47998046875,2649.9873286847555,2592.5474729188622,2616.1506795174946,514236
2020-02-07,2587.141845703125,2631.8308974695856,2563.82757074122,2611.859063286018,454698
2020-02-10,2561.10400390625,2600.3463003402144,2551.5306284395933,2589.7413198226404,386072
2020-02-11,2595.889892578125,2599.64497561776,2558.380769655573,2579.0128726366665,274244
2020-02-12,2596.59130859375,2628.2408317730806,2588.792414432761,2611.7764548809105,345354
2020-02-13,2588.421142578125,2617.9663556176997,2575.2165961010314,2598.819803522992,268031
2020-02-14,2596.674072265625,2645.035805973686,2588.751465001684,2595.51875500382,381580
2020-02-17,2538.244140625,2607.4440992088507,2533.622468557251,2601.749718880194,269986
2020-02-18,2543.938720703125,2550.582299265142,2503.499792133959,2529.2486206401004,337054
2020-02-19,2550.87060546875,2568.242876488795,2535.6028492514138,2551.7784985947437,220584
2020-02-20,2529.908447265625,2558.422053654049,2523.429886387332,2550.9531921376765,256115
2020-02-24,2459.75927734375,2545.7125363689083,2451.1350987351916,2539.399193553672,499562
2020-02-25,2432.442138671875,2481.629148854219,2418.9075607887316,2469.24988805182,527499
2020-02-26,2431.782470703125,2454.395176876422,2409.829830692385,2423.8596618984707,445577
2020-02-27,2423.529541015625,2451.052646816843,2404.4653963556325,2430.2968308198397,416726
2020-02-28,2385.071044921875,2405.7031473865973,2352.4310185256095,2385.071044921875,925702
2020-03-02,2304.358154296875,2430.0489592371187,2287.6874562762077,2409.8294993962936,1281846
2020-03-03,2321.6484375,2354.2019628099174,2287.801394628099,2328.331611570248,1459848
2020-03-04,2338.24853515625,2383.9528214786847,2288.2325237090577,2345.5784678683385,954038
2020-03-05,2331.478759765625,2370.586186118122,2325.054332215497,2345.535024074466,384427
2020-03-06,2358.55712890625,2378.347907860247,2259.344277952809,2276.591180837945,658891
2020-03-09,2219.115478515625,2319.707933500322,2206.3958904044243,2306.7727591499483,706890
2020-03-11,2234.810302734375,2267.967427003457,2209.9315644262974,2224.850175539513,641982
2020-03-12,2016.9383544921875,2186.0442695791103,1999.820934953798,2173.065937035675,799317
2020-03-13,2032.633544921875,2097.6111163084697,1759.1838529741322,1939.4139634013839,883265
2020-03-16,2017.4996337890625,2060.142559265317,1974.7703895845857,1996.329018291841,963321
2020-03-17,1957.9112548828125,2046.0860352643126,1940.3195002719158,2022.3715466531512,658935
2020-03-18,1870.4263916015625,1991.9307235138874,1860.2075186650452,1974.770141432724,593949
2020-03-19,1868.356689453125,2050.1388400444384,1752.5867723829178,1827.9557435414745,1010352
2020-03-20,1933.6363525390625,1982.4449561705862,1857.4480829683669,1888.44934548641,718313
2020-03-23,1669.1116943359375,2060.141942691063,1638.4552913825949,1769.5317146932025,797154
2020-03-24,1670.4915771484375,1774.6196268508643,1542.4333492981825,1724.6899373771712,1210613
2020-03-25,1678.770263671875,1715.2043428500626,1609.6532853136353,1653.115497860015,606235
2020-03-26,1816.8316650390625,1840.1579290879586,1667.7752461337402,1723.137753562617,989242
2020-03-27,1770.7823486328125,1868.7016682814306,1730.8558371544405,1853.1794578388528,938567
2020-03-30,1713.220703125,1742.626750700937,1677.304119477652,1738.487452754358,462909
2020-03-31,1743.96337890625,1766.4274028572245,1664.5845853074238,1756.8985538262164,762791
2020-04-01,1768.755859375,1807.3026375841057,1716.0664972803038,1724.6899470153808,869738
2020-04-03,1753.794189453125,1773.2401118165667,1688.083540847423,1768.755959806401,692217
2020-04-07,1966.1898193359375,1986.4549274541312,1780.7424793221178,1780.7424793221178,1069857
2020-04-08,1933.11865234375,2055.356050273156,1870.038202810839,1879.9120104839872,840875
2020-04-09,2100.62939453125,2177.3781044229872,1974.6838571471624,1974.770175866043,1788927
2020-04-13,2067.51513671875,2095.6274552212617,2002.149348674922,2095.6274552212617,654478
2020-04-15,2013.70458984375,2141.7198574563117,2000.6833082978142,2078.251189207398,986750
2020-04-16,2012.3253173828125,2039.4460268809437,1952.7803500515422,2009.2639503731918,944544
2020-04-17,2051.64794921875,2091.229709624321,2023.9668020280342,2052.3810266559317,690554
2020-04-20,2050.915283203125,2082.5633045653976,2027.9768205626438,2078.2515792971467,427667
2020-04-21,2003.443115234375,2030.3482383898431,1979.0818678415542,2021.336774823792,702627
2020-04-22,2052.122314453125,2080.0624182293986,1980.0304001763088,2003.4429822572538,712519
2020-04-23,2096.058837890625,2110.1151038182256,2042.0330066205688,2052.122401244225,1179211
2020-04-24,2108.7353515625,2131.716760744693,2053.243368662263,2078.251372732488,669287
2020-04-27,2160.821044921875,2200.575234760677,2115.547931140213,2129.9922102991245,1128257
2020-04-28,2124.559326171875,2195.8752152892134,2096.6625918498958,2165.2190190846018,646907
2020-04-29,2155.12939453125,2173.1093717609833,2112.745222545401,2133.441502276458,525256
2020-04-30,2262.189697265625,2288.663646853892,2164.615233477011,2177.5074597487082,1118513
2020-05-04,2105.9755859375,2203.2481361182267,2082.9078590671047,2198.9795708227275,574557
2020-05-05,2089.289306640625,2146.2901793240744,2070.317718470018,2134.303669193289,663761
2020-05-06,2131.587646484375,2151.5508497142337,2036.2553613172,2091.1866976180427,778602
2020-05-07,2075.2763671875,2143.574047939842,2069.6279654251716,2129.9921144167392,422145
2020-05-08,2086.055908203125,2112.745446326557,2070.533696760726,2109.339225366724,455821
2020-05-11,2213.035888671875,2263.6123358075433,2093.7735399058083,2095.498229806884,1627625
2020-05-12,2266.9755859375,2290.3018482016023,2150.9038724824177,2182.595049114162,1335103
2020-05-13,2324.882080078125,2392.1449889231153,2303.625360406515,2392.1449889231153,1257856
2020-05-14,2330.616455078125,2354.2016732709703,2243.3903490895345,2243.3903490895345,893108
2020-05-15,2296.9423828125,2336.955109327077,2285.2144057995406,2332.6433840331156,645362
2020-05-18,2136.41650390625,2288.103110455451,2122.230971255864,2285.2141705924582,1172714
2020-05-19,2163.88232421875,2203.2914481314774,2144.5656701342427,2171.3846835205713,641584
2020-05-20,2205.662841796875,2225.238030462854,2136.4164987630875,2152.413040025413,947430
2020-05-21,2276.892822265625,2349.200327920735,2260.4219477036904,2271.848019542345,3481384
2020-05-22,2202.21337890625,2271.847732443863,2192.7707439697556,2261.9307656861847,1328364
2020-05-26,2211.785888671875,2240.3293848355943,2184.837604604843,2224.8503325741844,686475
2020-05-27,2225.324462890625,2246.408756327973,2190.6150761565746,2215.3643358950335,563888
2020-05-28,2242.09716796875,2258.9128967285155,2112.745408278245,2231.7490271935094,1087116
2020-05-29,2337.38623046875,2363.6877541836725,2234.5515844686033,2244.6841386866467,2057601
2020-06-01,2378.606201171875,2405.94249493959,2350.27808435679,2354.2017961236843,1008549
2020-06-02,2411.202880859375,2426.854358020457,2350.924840485608,2379.985824181634,1283507
2020-06-03,2400.2509765625,2480.535379867002,2388.781956547668,2436.12461259318,750002
2020-06-04,2429.441650390625,2443.1960121613765,2376.6230148110967,2395.5946063661927,709462
2020-06-05,2394.12841796875,2451.560467505909,2381.796842607432,2450.784441234729,723898
2020-06-08,2415.471435546875,2426.6387608720606,2367.136957567095,2414.5659312159805,727119
2020-06-09,2406.93408203125,2427.156240031632,2385.24619022003,2418.963962805641,619517
2020-06-10,2343.163818359375,2417.972247954337,2331.220466294543,2406.115004070409,687626
2020-06-11,2344.328125,2378.347594349836,2331.263471466584,2343.16387499533,661173
2020-06-12,2399.172607421875,2413.7463615077254,2250.9356139463653,2250.9356139463653,895700
2020-06-15,2352.95166015625,2392.1452011029564,2335.1872676722373,2392.1452011029564,517425
2020-06-16,2344.24169921875,2403.3123311158947,2330.78924367611,2383.521555674562,611383
2020-06-17,2319.233642578125,2360.9281061830166,2306.0828817566025,2344.241646763315,600388
2020-06-18,2309.66162109375,2325.8735373061877,2281.8939459977705,2319.23352347023,579578
2020-06-19,2306.21240234375,2336.9549169455413,2289.5259426163884,2319.708017189486,929078
2020-06-22,2462.6416015625,2478.3362376133678,2293.4495637509303,2319.7079254847677,1872829
2020-06-23,2468.16064453125,2509.5102554901264,2453.3283527160947,2492.1770368680804,1089848
2020-06-24,2429.441650390625,2569.7019919243457,2419.4383633572797,2500.6282780824617,1616696
2020-06-25,2432.20068359375,2492.17681478993,2391.0237137300064,2405.76989605165,1341923
2020-06-26,2472.8603515625,2500.8002424719193,2436.124374132128,2460.8736309768033,1227656
2020-06-29,2465.87548828125,2474.93011063724,2427.5011363915783,2436.124586254426,680236
2020-06-30,2437.030029296875,2512.398894988994,2427.5010753314264,2502.869941023545,751691
2020-07-01,2450.827880859375,2476.655073942296,2439.2293816204824,2447.3785005335503,525799
2020-07-02,2482.9931640625,2503.775552276741,2446.559087752352,2464.495695355205,754915
2020-07-03,2528.740478515625,2552.5412855264835,2490.1075896479338,2499.9382387639444,1394992
2020-07-06,2498.300048828125,2540.468639589595,2487.0032439159513,2537.062418584823,1126381
2020-07-07,2455.2255859375,2564.6141380077356,2437.4614045094368,2501.6629503565705,2168021
2020-07-08,2459.7958984375,2499.9380994014277,2424.5692322910086,2485.278234727463,1348810
2020-07-09,2485.278076171875,2496.4885602073487,2449.2320161665134,2481.8286964686527,700469
2020-07-10,2496.22998046875,2513.7356257323395,2463.202125509386,2479.2418264083967,688336
2020-07-13,2500.800537109375,2509.4239872373387,2480.79417491919,2499.851873381919,481601
2020-07-14,2500.369384765625,2509.337688757646,2455.096271228741,2499.075867236,612986
2020-07-15,2537.0625,2548.229827186729,2500.8008456316456,2513.736022419396,905297
2020-07-16,2537.277587890625,2543.917601897365,2499.85169074943,2538.743532198591,525135
2020-07-17,2582.72314453125,2587.0348693134392,2522.358997580603,2543.9176214915487,687105
2020-07-20,2589.23388671875,2604.281764076678,2564.6138961470333,2587.897209931825,766788
2020-07-21,2590.7431640625,2636.1887041303835,2578.4115882727665,2599.970213592773,834544
2020-07-22,2574.444580078125,2613.0345173485225,2506.448805755265,2596.520695445069,2050770
2020-07-23,2614.716552734375,2630.1524451663927,2534.992583141823,2556.8531147273293,1057181
2020-07-24,2574.53125,2612.9056062636073,2568.063661865684,2612.9056062636073,543609
2020-07-27,2604.712890625,2617.2168922519036,2530.1632126871473,2578.411369961513,621957
2020-07-28,2689.955810546875,2699.1397000733673,2602.557065438154,2605.1441002944543,1263659
2020-07-29,2672.666015625,2715.5245218627283,2656.755791796992,2696.596090404832,582910
2020-07-30,2629.246826171875,2699.096773311239,2620.9684402383928,2681.893032141012,570166
2020-07-31,2591.303466796875,2654.211490040531,2579.7912878060806,2646.4074365149777,561196
2020-08-03,2515.848388671875,2647.3128423653507,2509.4239605016787,2578.411560790385,1246016
2020-08-04,2561.12158203125,2586.1727472818347,2519.815339270707,2534.4320454355825,706322
2020-08-05,2594.7958984375,2617.6048797650687,2562.8891359774843,2575.1343918959933,678314
2020-08-06,2579.9638671875,2651.7109305847616,2566.6836275890532,2608.4212527840195,853222
2020-08-07,2588.5009765625,2603.4195873545937,2565.4764068830464,2579.9638451697815,515510
2020-08-10,2581.6884765625,2608.59359817918,2562.026968657965,2588.5009177790776,442147
2020-08-11,2593.45947265625,2638.775745290727,2583.37007808977,2604.9718628172222,696792
2020-08-12,2606.86865234375,2617.2167912217274,2571.943683630577,2593.4591469410198,489280
2020-08-13,2602.51416015625,2621.528910313074,2587.035108861586,2621.528910313074,462333
2020-08-14,2576.299072265625,2611.3964747297236,2566.338944537491,2606.0068180081644,542458
2020-08-17,2686.72216796875,2695.6904717612306,2580.1362416857332,2599.107831698128,1577193
2020-08-18,2677.40869140625,2713.799606849305,2667.2329787050844,2693.9656726397293,825757
2020-08-19,2638.603271484375,2724.1478533250897,2629.0743171335444,2681.8929483510697,953142
2020-08-20,2618.898681640625,2643.087501699245,2608.895605670416,2637.9134315490996,563069
2020-08-21,2632.86865234375,2651.710975521406,2619.80420931188,2640.5004900964377,395723
2020-08-24,2620.968505859375,2669.8202686153254,2610.1028740411616,2641.2765633130634,562548
2020-08-25,2595.140869140625,2633.946392800135,2579.8774052745725,2633.946392800135,652358
2020-08-26,2657.919677734375,2706.038570132132,2648.5202015862355,2656.065720225068,2026040
2020-08-27,2624.115966796875,2663.568252528376,2608.766182919239,2657.9198503879943,711504
2020-08-28,2599.2373046875,2640.8886136136653,2588.759896315863,2624.9783892023606,679405
2020-08-31,2558.577392578125,2612.04277793028,2540.55446785827,2608.593398230141,2787032
2020-09-01,2551.16162109375,2590.4846412732018,2526.6711048370444,2541.330971315621,755670
2020-09-02,2484.02783203125,2560.905801478382,2455.1392756921923,2543.917647767773,1946352
2020-09-03,2497.696044921875,2521.2381061990504,2488.770900237752,2508.6048358026296,785527
2020-09-04,2486.313232421875,2523.307961779298,2449.059967973478,2483.5537703393015,1499317
2020-09-07,2499.248291015625,2506.70770174723,2440.4795622063416,2499.377769088497,807657
2020-09-08,2502.309814453125,2516.322921883077,2471.696564375384,2500.7575512157296,798195
2020-09-09,2509.553466796875,2519.5135946428495,2459.4081842795968,2479.2421212495933,677328
2020-09-10,2513.47705078125,2521.798806753216,2476.2237870887993,2515.5468052012766,686071
2020-09-11,2514.89990234375,2536.9758078251257,2504.163538763558,2512.873307398599,683992
2020-09-14,2550.557861328125,2576.6869579278596,2496.488869879904,2519.7721857647944,1185683
2020-09-15,2533.009033203125,2552.541062185188,2518.9527683553506,2550.2988810928673,632573
2020-09-16,2619.760986328125,2629.2899408146122,2533.05215329034,2537.450197063626,1865973
2020-09-17,2603.591796875,2612.862004966234,2574.315228312162,2599.969990239065,687069
2020-09-18,2630.971435546875,2647.3991499029626,2583.5856199053014,2606.9552536178235,937014
2020-09-21,2575.5654296875,2626.6593641984337,2552.627182033023,2626.6593641984337,779499
2020-09-22,2574.8330078125,2595.1842243251003,2537.105412518878,2573.41001218421,690800
2020-09-23,2575.134521484375,2628.0826292539377,2548.22940037894,2580.998509419346,949248
2020-09-24,2528.266357421875,2588.6734582750046,2511.8386425131575,2556.766692202827,736921
2020-09-25,2550.299072265625,2585.7415367222216,2523.2646822687902,2548.186369078012,559314
2020-09-28,2558.017333984375,2606.2654976270674,2546.375675760663,2567.1149058731744,902239
2020-09-29,2498.64453125,2596.520684588007,2492.1769440250214,2580.739729652372,1189292
2020-09-30,2484.502197265625,2534.4318872168815,2474.9300838082513,2498.687730029545,1095715
2020-10-01,2574.444580078125,2685.299067684469,2535.2942027925947,2535.2942027925947,4741959
2020-10-05,2545.9013671875,2604.282085744687,2526.7141895690165,2601.177559309884,904969
2020-10-06,2563.104736328125,2580.998393752234,2544.7799064359647,2574.0996342634207,678723
2020-10-07,2653.7802734375,2671.501504323587,2547.8413223099074,2565.4762344873434,2126243
2020-10-08,2651.32275390625,2682.5827588834773,2631.014487876426,2647.3990422093175,1009344
2020-10-09,2638.603271484375,2671.2429033942385,2610.835804608137,2656.0225983669757,698666
2020-10-12,2606.6533203125,2651.4089411108557,2596.607085385479,2631.014566296729,632718
2020-10-13,2616.742919921875,2631.101091461934,2583.758221443537,2608.5938012280367,456767
2020-10-14,2633.73095703125,2651.7109349007874,2604.281958829391,2619.7610098223654,822555
2020-10-15,2610.663330078125,2699.140016757754,2603.8077290112633,2638.7327036689912,1076100
2020-10-16,2625.625,2666.370802200509,2612.0430659331637,2612.90541095328,548742
2020-10-19,2569.7880859375,2649.0806661469023,2561.3370628770567,2647.3991355127937,598192
2020-10-20,2590.65673828125,2603.0314729168913,2549.9540974659258,2569.7880319406354,899774
2020-10-21,2602.557373046875,2620.7958867261154,2580.1795610016234,2612.9055136951724,982019
2020-10-22,2592.381591796875,2621.0545640965533,2567.201158981743,2595.486118123906,1701072
2020-10-23,2657.962890625,2669.3889619367956,2584.577246514731,2612.9053641313167,1217651
2020-10-26,2496.617919921875,2685.126611877151,2487.8652028151205,2671.501519439622,2140237
2020-10-27,2541.632568359375,2563.1048742100334,2460.313394403748,2509.4238990499443,1812330
2020-10-28,2538.786865234375,2558.5776410794115,2492.349502297663,2541.330740903615,1197897
2020-10-29,2522.6611328125,2530.1203331532333,2487.8654264304973,2517.141998267416,714820
2020-10-30,2489.503662109375,2555.3006268127683,2483.639884616634,2535.2942651941157,722940
2020-11-02,2452.250244140625,2530.8531111124553,2433.9254143123185,2516.322514776402,926407
2020-11-03,2513.6064453125,2526.627728688502,2462.1674389678788,2462.1674389678788,951287
2020-11-04,2523.307861328125,2541.9775469020146,2485.6232153168935,2505.1122970911215,710858
2020-11-05,2543.314208984375,2561.1647087874153,2524.083872936284,2544.780153411334,507235
2020-11-06,2567.546142578125,2587.035225490204,2548.2296971078513,2552.541422483668,889565
2020-11-09,2588.71630859375,2606.0063664673685,2569.787879574043,2578.4113288343588,550477
2020-11-10,2584.87939453125,2606.4380216749632,2558.5778694159194,2599.9704335318493,664054
2020-11-11,2606.955078125,2621.528623430037,2575.4363283912185,2602.298289118584,782511
2020-11-12,2602.082763671875,2622.3047109255767,2583.801092582816,2608.593510242142,646257
2020-11-13,2622.175537109375,2628.4275383077775,2583.24074489408,2595.6584285782187,557563
2020-11-14,2623.167236328125,2643.087490535427,2612.9054147870615,2635.0244803721257,59697
2020-11-17,2625.9697265625,2629.203520231255,2583.973568224289,2616.354664267445,501135
2020-11-18,2619.7177734375,2635.1538751523963,2590.3980436372663,2635.1538751523963,455293
2020-11-19,2616.5703125,2635.7574887225014,2595.65844627997,2615.492381251545,888406
2020-11-20,2637.525634765625,2660.3346204419745,2606.006879408638,2615.4926754620774,820220
2020-11-23,2654.082275390625,2660.334276526709,2613.42279359485,2645.674411793823,493600
2020-11-24,2669.5615234375,2692.24124031042,2632.739431988377,2653.43571314387,858928
2020-11-25,2631.22998046875,2725.0099920626794,2622.3909448932304,2673.269296010856,1219151
2020-11-26,2698.4501953125,2716.3870151701585,2632.739542004601,2632.739542004601,1264680
2020-11-27,2736.695068359375,2801.7589577271424,2704.0552252817374,2711.9887573243514,2548347
2020-12-01,2797.1455078125,2801.7159787995397,2725.872771844627,2738.0319215698796,1400851
2020-12-02,2878.636962890625,2887.1311456058634,2778.044499871353,2797.14535797433,1707284
2020-12-03,2840.908935546875,2907.137065535294,2829.353598176712,2904.9812032995605,965142
2020-12-04,2855.569580078125,2884.1564474658167,2835.5632151631494,2844.27298519201,739106
2020-12-07,2862.597412109375,2875.9206003702175,2817.9710579656994,2855.5691739773065,481597
2020-12-08,2868.331787109375,2918.8221270335725,2846.2127229193497,2862.9852904206987,823352
2020-12-09,2851.38720703125,2892.0035345582132,2845.738804570031,2875.920882800319,397850
2020-12-10,2837.847900390625,2862.9420115626303,2821.635773581162,2851.0847687613978,469288
2020-12-11,2869.582275390625,2877.774552948733,2833.2776769531843,2841.944286371346,611154
2020-12-14,2836.252685546875,2875.532542134154,2815.5564056888256,2869.5822353548974,425416
2020-12-15,2821.291015625,2886.4412243426636,2812.9694703506793,2831.9410608925905,746643
2020-12-16,2848.756591796875,2853.0251572668167,2804.345826100632,2836.252589804729,616704
2020-12-17,2820.256103515625,2871.6087892865826,2809.519950599305,2851.8611734174783,678073
2020-12-18,2886.742919921875,2900.066107479343,2820.644052258282,2824.9557770686883,1362381
2020-12-21,2792.488525390625,2893.1672979805594,2758.210313737949,2891.011435612467,797760
2020-12-22,2815.815185546875,2832.8033400303216,2735.358354513297,2798.309539847304,825331
2020-12-23,2854.059814453125,2862.0796644118795,2812.1068178059454,2829.353716412544,816586
2020-12-24,2910.19873046875,2952.2812077326726,2859.5791220891756,2861.260652698811,1567636
2020-12-28,2944.6494140625,2950.944574636415,2909.552014851918,2921.624844789063,536954
2020-12-29,2959.18017578125,2983.627531441526,2949.263207782166,2960.4305339874863,682613
2020-12-30,2973.4951171875,2994.7952091891193,2936.500597297209,2964.0524806243734,639180
2020-12-31,2969.959716796875,2987.9826453739574,2955.127423018588,2987.9826453739574,410959
2021-01-01,3002.038330078125,3013.0332280913376,2971.6406708651257,2971.6406708651257,421643
2021-01-04,3037.567138671875,3042.353195584544,2988.025459949106,3009.584085201264,647829
2021-01-05,3011.868896484375,3022.5189404451057,2996.6485928806683,3018.422802080737,561562
2021-01-06,2986.0419921875,3041.490817846076,2962.9311040591847,3011.8691828549786,591620
2021-01-07,2964.69921875,3024.5460934822017,2956.334513600244,3018.2077729456296,531361
2021-01-08,3043.344970703125,3056.668370247432,2964.7854624078145,2991.4749997890062,675643
2021-01-11,3119.40380859375,3134.236100670742,3036.31678260143,3044.940232708222,788461
2021-01-12,3125.353759765625,3141.350301077294,3068.309724172559,3114.746874520324,863270
2021-01-13,3105.218017578125,3132.8993762138725,3084.608056349304,3125.3538574850336,515154
2021-01-14,3083.788818359375,3155.0183876303863,3057.0129645323113,3104.441938594167,743848
2021-01-15,3087.4541015625,3124.276194008432,3053.5638981462484,3094.0941165062804,684649
2021-01-18,3073.18212890625,3120.0075065722845,3022.5193579281395,3063.049574710628,602004
2021-01-19,3139.79833984375,3159.6322760745675,3070.8970542813818,3074.9068745668364,586410
2021-01-20,3142.34228515625,3184.467926165639,3129.7521734165207,3138.936064226214,549040
2021-01-21,3193.5224609375,3282.9476003804407,3152.043579881905,3166.5310188066665,1533886
2021-01-22,3526.56005859375,3561.485032887196,3225.2136249758823,3233.750756700897,8537143
2021-01-25,3595.0732421875,3630.4723348883404,3501.120588989706,3578.7316365288866,2368224
2021-01-27,3575.58447265625,3653.4540620348757,3542.599774582537,3564.416935862043,2062088
2021-01-28,3566.486328125,3613.2255961487194,3515.43575611311,3518.367644937178,1262871
2021-01-29,3454.3818359375,3626.4628324001105,3440.7567420702294,3594.2541606387763,1406268
2021-02-01,3548.291015625,3570.9705199037467,3427.8644142736493,3504.569957229854,745011
2021-02-02,3623.099609375,3683.2048039100246,3550.4899911326193,3583.733222829282,1167922
2021-02-03,3653.1953125,3672.856610006165,3587.441506474328,3626.160712628853,681937
2021-02-04,3642.114013671875,3761.0313018949496,3621.8489066939446,3653.19523084978,1163598
2021-02-05,3648.797119140625,3684.6273838719944,3588.2173855820715,3673.5895367891435,729191
2021-02-08,3654.14404296875,3672.296237061691,3617.5373287481025,3648.9699728918754,616236
2021-02-09,3582.957275390625,3654.618231486144,3574.420143820214,3646.3396349975696,721336
2021-02-10,3580.068359375,3634.7843202380886,3535.7009599923117,3587.3553433429297,989105
2021-02-11,3606.24072265625,3623.9187963884838,3558.423941713363,3583.0437247527043,546983
2021-02-12,3566.7021484375,3618.22726622685,3550.2746433264115,3603.740037517871,360063
2021-02-15,3554.844482421875,3617.2352248815932,3545.6605927537917,3580.628933740694,287922
2021-02-16,3563.942626953125,3602.5325658058787,3556.3107894694244,3561.4848594832015,318280
2021-02-17,3592.270751953125,3626.1607421869967,3545.1003118027925,3550.274381827316,554383
2021-02-18,3548.93798828125,3621.8490914453705,3537.4255980272033,3621.8490914453705,440460
2021-02-19,3450.32861328125,3541.3923281635853,3429.7184417624326,3540.7885182456534,762200
2021-02-22,3424.846435546875,3483.8739105634686,3386.299654930252,3458.0035597424526,762310
2021-02-23,3373.708984375,3448.258662173539,3354.6942363815556,3407.9871956674547,802871
2021-02-24,3390.611083984375,3406.262560650954,3324.641695151515,3386.4286267534926,399843
2021-02-25,3401.778564453125,3432.133066046141,3371.8120759995813,3394.18988642151,632973
2021-02-26,3275.789794921875,3400.3125348905355,3253.6707306581975,3372.2000046595404,732210
2021-03-01,3289.027099609375,3327.617039652963,3234.6562034300987,3275.790019202271,724589
2021-03-02,3401.1318359375,3416.7401541017407,3260.9576142217293,3295.8825866866187,735847
2021-03-03,3364.09423828125,3436.444901171582,3331.7563000644536,3436.444901171582,615104
2021-03-04,3345.079345703125,3386.946236700549,3312.2670770198665,3341.5868064181154,611769
2021-03-05,3322.486083984375,3374.5716388138244,3295.6670697340405,3321.839325221426,719936
2021-03-08,3275.833251953125,3318.303745578315,3251.040831816593,3318.303745578315,818275
2021-03-09,3275.833251953125,3302.5227890890656,3256.214902105956,3278.8083002628173,526071
2021-03-10,3335.162353515625,3345.0361613825976,3278.6355982409477,3294.1578078065286,545219
2021-03-12,3230.689208984375,3344.173894677794,3220.6861333502748,3344.173894677794,1119478
2021-03-15,3160.1923828125,3255.3522336437804,3122.5942687651805,3255.3522336437804,1024257
2021-03-16,3151.396484375,3182.0528896872106,3134.6239170766967,3167.5222929558877,858553
2021-03-17,3078.22705078125,3171.705172298466,3066.326646690403,3147.5595103016317,773240
2021-03-18,3160.06298828125,3184.5966593732546,3074.2596679554254,3102.7170505760505,1285600
2021-03-19,3147.602294921875,3167.3930698456684,3078.7439649619223,3150.965356086228,1132705
2021-03-22,3160.278564453125,3177.7410491874657,3134.020203588913,3147.731403685468,502724
2021-03-23,3172.0068359375,3199.2568117976152,3140.0137520125745,3160.968777757824,581531
2021-03-24,3107.503173828125,3188.951611912108,3096.6375432896857,3157.0448488940583,507559
2021-03-25,3019.58740234375,3117.3772432720143,3015.620531043495,3117.3772432720143,808505
2021-03-26,3104.485107421875,3121.0420890382043,3032.953632975212,3032.953632975212,691000
2021-03-30,3161.96044921875,3168.902368750692,3088.35942793072,3108.1070447158804,749230
2021-03-31,3165.323486328125,3176.5339707795747,3114.833146942023,3147.5590959839915,694645
2021-04-01,3227.80078125,3246.1256141287477,3182.2257597358234,3194.126163900244,861229
2021-04-05,3103.1484375,3225.1702532305126,3083.7888346374307,3190.7196130867846,723573
2021-04-06,3117.80810546875,3138.9355563286545,3106.38203510574,3138.8923969753155,501882
2021-04-07,3173.60205078125,3185.028122117255,3101.208229593026,3108.7537483998217,346982
2021-04-08,3147.38671875,3189.7708898813053,3143.247420780556,3189.7708898813053,414020
2021-04-09,3148.680419921875,3185.502510242733,3126.000703743884,3138.9358790697206,484807
2021-04-12,3053.563720703125,3103.579731943108,3001.003833756764,3086.764004026217,724230
2021-04-13,3106.5546875,3124.879518657724,3031.315086628875,3077.7092895019427,412122
2021-04-15,3102.286376953125,3152.3455501736826,3040.7150234140563,3106.554942925909,614450
2021-04-16,3134.322021484375,3154.0266880138443,3078.5283447354245,3087.1949536813568,526787
2021-04-19,3031.61669921875,3071.672578297329,2972.5029133607222,3039.9382434109293,601819
2021-04-20,3105.218017578125,3125.397016841602,3065.7227851156463,3091.808721292489,676558
2021-04-22,3174.636474609375,3185.5021047132127,3081.158370368248,3099.9575315552656,1005711
2021-04-23,3166.9619140625,3198.95499678145,3138.935702433628,3173.4295013614706,631762
2021-04-26,3224.1787109375,3232.931428537847,3169.980243079521,3175.3267400117575,480016
2021-04-27,3264.40673828125,3275.1860499252907,3214.1319866667586,3224.178431439063,518487
2021-04-28,3354.306396484375,3409.712061623297,3282.9473491653744,3285.577543469319,1252958
2021-04-29,3308.343505859375,3409.9709505564847,3283.0338058731463,3400.2264097356137,1335444
2021-04-30,3306.014892578125,3420.361915104079,3276.910751039289,3281.222475711709,1340273
2021-05-03,3321.62353515625,3369.0093488407565,3263.9756900758807,3289.846039006469,796444
2021-05-04,3303.083251953125,3352.7973569444393,3289.88933135846,3343.3115619530845,408324
2021-05-05,3314.681640625,3322.270318474172,3263.199687978698,3313.3018044584446,371452
2021-05-06,3398.674072265625,3423.509650375035,3321.752940363888,3321.752940363888,938078
2021-05-07,3334.47265625,3421.612663938656,3323.4345977212492,3410.1434328934183,486456
2021-05-10,3336.11083984375,3366.465551722823,3315.2852926828805,3363.145439319348,306598
2021-05-11,3345.295166015625,3358.5751954588804,3286.612543757359,3328.6518645860037,453808
2021-05-12,3341.80224609375,3363.145283469615,3317.6134282944167,3333.825555357316,499840
2021-05-14,3318.99365234375,3358.1008738266914,3288.9840026616453,3346.1575212697703,481619
2021-05-17,3332.446044921875,3384.186746647399,3305.5409221312934,3315.7166355773375,427552
2021-05-18,3507.32958984375,3516.6429580777667,3335.0330143815086,3362.0244553572115,1371585
2021-05-19,3532.121826171875,3545.962505001636,3490.6000002160317,3514.055741216359,788882
2021-05-20,3510.779052734375,3560.6226376986547,3502.9318392619907,3532.1220922797957,465579
2021-05-21,3557.6474609375,3563.209754949802,3496.8955046627893,3520.264929252476,378016
2021-05-24,3572.091796875,3608.7848320571234,3541.996038298382,3557.173395666611,500267
2021-05-25,3578.818359375,3610.638808245989,3570.970935024275,3592.1413380669187,297915
2021-05-26,3592.787841796875,3604.6021368443926,3571.8330265094437,3578.8181052942205,261524
2021-05-27,3661.60302734375,3685.662367570058,3581.103040928067,3595.9784915224946,878610
2021-05-28,3621.417724609375,3670.1402157250864,3611.198852436332,3656.5153335389505,285520
2021-05-31,3615.64013671875,3646.598660691803,3593.3918029816273,3613.225739019203,321021
2021-06-01,3655.4375,3748.613708665798,3626.0744001594794,3626.0744001594794,1248169
2021-06-02,3703.81494140625,3713.171469419284,3621.849212767878,3645.908555467881,351583
2021-06-03,3685.10205078125,3708.08346057352,3658.067451105319,3703.167925699027,323999
2021-06-04,3665.009521484375,3704.1603247846597,3656.3431218981577,3677.384257537204,374317
2021-06-07,3664.75048828125,3695.06182936656,3656.3426249338195,3672.3389554911555,159646
2021-06-08,3682.127197265625,3686.52524141614,3651.1690929019737,3664.966614273356,150816
2021-06-09,3642.976318359375,3684.3688768352304,3622.711211605571,3680.488324478119,262617
2021-06-10,3604.515869140625,3650.737646480582,3592.529357561853,3646.8570938860003,332571
2021-06-11,3598.134521484375,3636.3796065432502,3589.079898961766,3608.9138340112904,188155
2021-06-14,3575.71337890625,3617.968281973031,3559.0269197062994,3598.5655203607334,200657
2021-06-15,3568.47021484375,3597.530991033791,3562.4337993597323,3583.0437622989207,138010
2021-06-16,3544.62646484375,3585.6737533619903,3537.3394805684156,3568.4702218389734,216236
2021-06-17,3495.8603515625,3552.8614409325896,3485.641689514839,3552.8614409325896,357704
2021-06-18,3593.47802734375,3616.1145841835596,3475.2504405498753,3496.8090661115993,701993
2021-06-21,3606.88720703125,3618.3995969212006,3541.1767710904996,3581.318762157709,374649
2021-06-22,3640.47607421875,3648.2371799393413,3583.3023427702337,3607.4480050120733,591793
2021-06-23,3620.641845703125,3673.287840173271,3614.303525661862,3647.7193948224694,418053
2021-06-24,3645.046142578125,3653.0662040401417,3584.5527226136405,3613.2256950144115,314542
2021-06-25,3618.529052734375,3664.1040722784037,3602.8775744832124,3639.0960661367058,175051
2021-06-28,3607.57763671875,3626.376590740859,3592.529546882211,3618.529166422666,158954
2021-06-29,3556.87109375,3612.233809211106,3550.2742389476,3608.9136968656076,332405
2021-06-30,3564.80517578125,3590.8047948736876,3552.68897516608,3561.4850631191957,331122
2021-07-01,3625.7724609375,3664.9662091776972,3570.9706052246693,3570.9706052246693,755502
2021-07-02,3600.592529296875,3647.2884300670894,3596.8412440737275,3647.2884300670894,375525
2021-07-05,3623.142578125,3664.8799926100014,3610.50930787699,3614.6054466955297,375703
2021-07-06,3617.88232421875,3664.1041029289545,3597.7035343421035,3624.8674033094517,515181
2021-07-07,3611.71630859375,3642.545141168746,3595.9785129435772,3621.8488619575596,392794
2021-07-08,3637.6337890625,3674.301734537086,3595.924967636039,3629.9610631289243,625491
2021-07-09,3565.01123046875,3639.99793567074,3559.747530519259,3637.3660856959946,656635
2021-07-12,3529.547607421875,3595.4342502247846,3521.295059825205,3584.7282425318076,512870
2021-07-13,3538.425048828125,3586.245088570764,3528.1204722712255,3555.286924783563,614101
2021-07-14,3527.495849609375,3571.4350901729576,3515.139245086592,3541.012097398143,527932
2021-07-15,3515.139404296875,3541.8597732108406,3506.4854244532166,3527.6297473578284,310788
2021-07-16,3507.957275390625,3533.517999979939,3501.756756035153,3531.1982778056395,323569
2021-07-19,3464.152099609375,3514.2472094397476,3457.1484987507038,3499.0803644129705,408067
2021-07-20,3484.27001953125,3508.403188096684,3463.304088382984,3468.6570920804133,467908
2021-07-22,3437.698974609375,3580.8471734076043,3373.8199270302357,3497.2957934275787,1707977
2021-07-23,3427.617431640625,3501.7566207235673,3412.5845434606094,3455.3639215445546,709478
2021-07-26,3422.66650390625,3453.847711080803,3417.001153771011,3436.628836638625,408134
2021-07-27,3409.328125,3442.8737035100057,3400.941839279643,3434.844197593553,391373
2021-07-28,3406.74072265625,3427.215917952885,3373.2844500100255,3420.569315350023,235770
2021-07-29,3357.894775390625,3415.038136220509,3345.627474650241,3415.038136220509,355185
2021-07-30,3416.64404296875,3441.981507635897,3348.4376773594245,3368.8237876705925,511767
2021-08-02,3427.30517578125,3461.6089633110005,3402.0121468746474,3456.2559597594886,351187
2021-08-03,3415.39501953125,3424.1383031594983,3395.27660214446,3417.000964330609,408981
2021-08-04,3418.78515625,3448.0929397177847,3404.5104791884132,3421.4616581990476,363955
2021-08-05,3406.96435546875,3441.981926912848,3402.3697803540394,3427.7072481076107,333818
2021-08-06,3432.926025390625,3454.7841241957994,3387.782272977491,3419.6772538870823,504011
2021-08-09,3439.438720703125,3478.4710405460655,3423.2906230681024,3442.1152226352124,396098
2021-08-10,3388.40673828125,3445.3270553289212,3376.9425192162157,3441.0892606729203,253258
2021-08-11,3325.241455078125,3395.811979666334,3296.7367517771836,3390.2359337227113,497724
2021-08-12,3362.890869140625,3369.7158617985397,3333.1370028274678,3342.7724531436793,316454
2021-08-13,3413.209228515625,3443.765960156914,3354.5492254378228,3372.392572381641,581862
2021-08-16,3344.244384765625,3416.1085024662866,3340.274283947186,3413.4320006362004,294567
2021-08-17,3396.882568359375,3407.6332286010256,3338.0888265114563,3344.7354297749034,319770
2021-08-18,3419.72216796875,3440.2420173997084,3367.9318087768843,3399.1576666066035,493285
2021-08-20,3346.9658203125,3412.540120670482,3324.0371629338606,3372.3925898390644,301943
2021-08-23,3272.693115234375,3379.4408591555516,3253.8682956799876,3379.4408591555516,455643
2021-08-24,3314.1787109375,3320.6469243177535,3259.7118498760915,3292.0975687083587,276602
2021-08-25,3291.78515625,3354.504564145333,3283.1758284993534,3329.0777948213567,398715
2021-08-26,3293.34619140625,3318.5499169219156,3274.253898849297,3291.784898675191,283891
2021-08-27,3300.5283203125,3345.538117660457,3282.283542336682,3307.6210068832597,274822
2021-08-30,3319.21923828125,3351.5158697898933,3305.479948562737,3316.9888199623815,561903
2021-08-31,3325.8662109375,3335.81378996801,3306.015486993454,3330.4161338271065,693952
2021-09-01,3353.03271484375,3399.157724923553,3327.8736382378847,3349.1963515388497,585605
2021-09-02,3319.710205078125,3380.4222395089146,3316.186187451738,3380.4222395089146,474397
2021-09-03,3352.31884765625,3398.711550271852,3323.3234085214985,3324.2155758794906,740269
2021-09-06,3373.373779296875,3416.108504753481,3363.470635393216,3376.362408987239,779715
2021-09-07,3364.094970703125,3390.8153359973185,3356.466897232834,3387.3806228094304,450262
2021-09-08,3323.6357421875,3363.2478856132047,3317.0782250042826,3363.2478856132047,396710
2021-09-09,3301.5546875,3326.8475019880425,3296.5584630554404,3323.2341805428073,479537
2021-09-13,3300.61767578125,3318.8624540423616,3283.175760988143,3300.1269401888967,342427
2021-09-14,3346.564453125,3360.7944790980077,3292.0975916834745,3316.5428904689006,741880
2021-09-15,3371.589599609375,3391.6633642705065,3352.809433996881,3356.8688388578785,510406
2021-09-16,3402.280029296875,3420.569459112159,3372.437076405037,3388.451436021904,558125
2021-09-17,3410.041748046875,3461.073673109438,3399.558782463856,3425.9223692588994,1304667
2021-09-20,3368.86865234375,3402.1909730363664,3332.245138119629,3402.1909730363664,399648
2021-09-21,3326.71337890625,3384.748903713497,3297.45024872055,3369.715798002575,354217
2021-09-22,3352.006103515625,3363.4705398288133,3320.6911636609534,3329.568184254942,245919
2021-09-23,3389.52197265625,3408.079096114179,3352.0062940170583,3352.0062940170583,228970
2021-09-24,3398.979248046875,3434.041468820145,3378.682440628635,3390.2359643653895,363519
2021-09-27,3491.40771484375,3501.5785535975556,3410.577481435015,3417.893210340124,962801
2021-09-28,3487.21435546875,3519.421682803496,3457.5051401895284,3505.325395603445,478682
2021-09-29,3478.78369140625,3511.4815390859494,3434.8444474999196,3479.4528169479704,379896
2021-09-30,3419.36474609375,3476.240408655617,3400.941579385693,3472.5380016694553,576711
2021-10-01,3437.164306640625,3462.2787325137433,3392.6003695368754,3408.0795614771628,407091
2021-10-04,3413.3876953125,3465.713442092518,3409.1945522491064,3440.5988000147827,237249
2021-10-05,3447.334716796875,3456.1670866318923,3408.079352526931,3412.049453759554,287612
2021-10-06,3363.515380859375,3465.177801371249,3354.549055910375,3458.040462954418,383507
2021-10-07,3415.70703125,3451.4828079431477,3376.8531032364326,3403.6181212277384,343916
2021-10-08,3404.109375,3460.315921338153,3395.6784366121387,3429.0900622614017,215542
2021-10-11,3436.7177734375,3461.5198503424467,3417.313134493215,3430.3832984265255,239321
2021-10-12,3549.7109375,3563.762573633365,3441.981727144204,3443.766061891298,1353877
2021-10-13,3539.807861328125,3613.2779330934127,3529.949585910264,3564.164074662208,648769
2021-10-14,3538.24609375,3576.743242191102,3527.807780239745,3541.9040666876544,272066
2021-10-18,3493.6826171875,3541.6366112413903,3444.6580658989856,3444.6580658989856,463126
2021-10-19,3489.757080078125,3528.5217060801688,3472.5382074565205,3506.3959132604755,275481
2021-10-20,3433.6396484375,3488.2848964603777,3415.2164805155016,3482.798154600938,321450
2021-10-21,3393.804443359375,3457.282060267578,3363.02467119957,3452.6874857520456,373336
2021-10-22,3449.564697265625,3488.373972923469,3401.878400968438,3425.431529414387,408499
2021-10-25,3357.894775390625,3465.8470219060064,3332.24496475164,3438.4128766138742,306195
2021-10-26,3382.875244140625,3400.763241457029,3356.556309690266,3372.258540759241,170050
2021-10-27,3369.27001953125,3403.618462733144,3354.5492581590097,3385.7751156152767,251226
2021-10-28,3301.643310546875,3443.765597552775,3291.071259284401,3439.2601093609983,706705
2021-10-29,3307.4873046875,3349.9545563430215,3269.7932353306865,3318.862438043698,316325
2021-11-01,3324.34912109375,3345.627398473757,3284.6032418513087,3320.468324000091,228051
2021-11-02,3338.356201171875,3381.313968287068,3325.1520819544953,3332.2447682195775,250053
2021-11-03,3299.591552734375,3358.0731645410215,3291.249918921355,3324.3938479704184,261709
2021-11-04,3353.96923828125,3358.9205925623924,3317.5241168212224,3317.5241168212224,65679
2021-11-08,3369.98388671875,3390.2360426739683,3339.91788958737,3382.206536257109,261609
2021-11-09,3385.284423828125,3430.383527815187,3365.255309991908,3372.3926489314454,521920
2021-11-10,3364.987548828125,3391.663483268986,3340.274556807764,3381.3142548882015,373526
2021-11-11,3345.58251953125,3374.0427853583337,3324.2151575590688,3367.485268976571,446382
2021-11-12,3243.07275390625,3374.1766937232546,3225.8092297039793,3374.1766937232546,745428
2021-11-15,3212.828125,3277.733294857447,3194.0035260116993,3257.3027511964156,551238
2021-11-16,3219.564208984375,3258.0167081379086,3196.7248559626905,3223.311268217731,473529
2021-11-17,3197.34912109375,3251.057547441984,3190.7469525755823,3220.723860116784,348752
2021-11-18,3165.00830078125,3207.252293777835,3144.889883636546,3203.326844594899,384426
2021-11-22,3072.802490234375,3185.0371771837035,3056.5650893645293,3185.0371771837035,422572
2021-11-23,3064.461181640625,3076.639179129991,3012.001696658933,3069.0557564759083,713102
2021-11-24,3039.703369140625,3086.0067660149607,3020.5662058371504,3086.0067660149607,287005
2021-11-25,3025.963623046875,3045.7696924653387,3012.893459939416,3035.1529892992594,264226
2021-11-26,2975.021240234375,3018.64813517158,2961.9955102023487,3006.603876319854,341506
2021-11-29,2942.54638671875,2992.641715412397,2896.153683312454,2962.887846390524,403739
2021-11-30,2890.889892578125,2964.6274365424647,2875.5000058714886,2940.5835701491583,682518
2021-12-01,2899.142333984375,2938.9775173629832,2879.2916112806533,2926.3087850879597,551434
2021-12-02,2969.489501953125,2977.4745733990726,2887.4994156512603,2908.420694905343,502905
2021-12-03,2933.3125,2982.6491800551626,2926.844286731956,2975.3781033002515,315536
2021-12-06,2899.32080078125,2944.1522094247634,2893.030977498257,2942.189484848005,251407
2021-12-07,2932.063232421875,2959.3189874914747,2909.357617790081,2930.7249814477304,286908
2021-12-08,2972.74609375,2978.0097936911393,2941.475586340845,2946.6948521684367,334037
2021-12-09,2980.731201171875,2988.7607075503684,2949.505343033289,2988.7607075503684,237723
2021-12-10,2984.076904296875,3001.4295166241623,2961.9957611975856,2962.1741511143146,220039
2021-12-13,2949.0146484375,3008.789863420036,2939.6915427978606,3003.927594719392,214515
2021-12-14,2936.70263671875,2948.613158235527,2915.602965541211,2944.1523213849437,181626
2021-12-15,2939.245361328125,2970.7835645634045,2921.8480978447747,2934.9182625155217,295667
2021-12-16,2902.35400390625,2968.909772507145,2879.336261508085,2968.909772507145,324140
2021-12-17,2836.33349609375,2910.0712518245714,2809.524043817405,2897.8039518326655,3170631
2021-12-20,2770.357666015625,2829.1516177338203,2700.6348834377513,2810.23749802219,595625
2021-12-21,2793.197509765625,2819.293404069455,2758.5813739296527,2776.424720462186,326850
2021-12-22,2797.702880859375,2831.3375440981067,2788.9149459353703,2794.267949670371,294578
2021-12-23,2831.828369140625,2846.8612577494764,2799.6210418584133,2810.3270496666673,224147
2021-12-24,2812.156005859375,2850.4745481630607,2796.9445096999048,2838.251899610164,123753
2021-12-27,2813.985107421875,2831.8728884213638,2785.346448547796,2805.8662974640674,94069
2021-12-28,2833.56787109375,2843.827794588848,2810.326870396348,2820.3191001504583,214640
2021-12-29,2910.696044921875,2916.4951328274665,2812.156202458184,2844.8987013776637,563709
2021-12-30,2855.6494140625,2925.5505981010633,2843.3374605668428,2924.5246927323847,594987
2021-12-31,2898.874755859375,2912.658697824877,2870.102358882699,2881.7005344081804,248103
2022-01-03,2923.721435546875,2937.550028174664,2900.8818664036553,2907.3054271582255,266680
2022-01-04,2934.471923828125,2958.4267024376873,2917.9668291372027,2929.8773494587954,244503
2022-01-05,2996.388671875,3002.1431076715717,2927.2010508976005,2934.472127613644,312215
2022-01-06,3049.60595703125,3059.2414065991397,2973.593353221036,2984.1209700116137,410181
2022-01-07,3026.677490234375,3066.8250177393265,3012.848897427114,3066.8250177393265,263996
2022-01-10,3064.683837890625,3079.092251994823,3037.338780719297,3046.5727989737697,318473
2022-01-11,3066.15625,3074.3641463513027,3044.9672746781116,3044.9672746781116,225782
2022-01-12,3069.144775390625,3079.7614789949366,3046.082163863981,3074.4977791200486,198452
2022-01-13,3078.869384765625,3099.656926637679,3060.1338712680654,3074.3192443619323,291271
2022-01-14,3062.6318359375,3088.8614664463203,3055.6728876960965,3078.8692366245923,127752
2022-01-17,3113.44091796875,3146.6741507775,3063.747241600134,3077.9772668506876,646271
2022-01-18,3034.21630859375,3120.087410460897,3026.7668423930645,3112.727030300856,656590
2022-01-19,3066.20068359375,3088.950950214091,3018.246690227345,3034.216398101791,694189
2022-01-20,2951.95849609375,3076.1927901870044,2939.691195958869,3032.3872894887345,874508
2022-01-21,3051.03369140625,3099.3444622344314,2917.386990013422,2951.9584719287186,1609260
2022-01-24,3017.577392578125,3081.7241319888544,2988.7603462735874,3052.1042222692367,788137
2022-01-25,3095.017822265625,3113.6640326419756,2969.8020483257815,2996.7901104998273,571406
2022-01-27,3123.567138671875,3155.417468917305,3028.1943200251494,3073.516464133135,664333
2022-01-28,3120.08740234375,3178.167580035778,3109.2923088256753,3127.046350767086,575466
2022-01-31,3180.26416015625,3198.999673935421,3110.987454665174,3140.428976318157,470500
2022-02-01,3153.32080078125,3204.9774202835083,3132.890255889119,3191.282564534475,487464
2022-02-02,3153.811279296875,3198.419642511824,3141.722369302769,3158.2721156183698,212256
2022-02-03,3230.627197265625,3257.2582613072927,3141.3211606425175,3167.1940131442593,760774
2022-02-04,3180.888916015625,3230.627245270989,3167.1940602070413,3230.627245270989,296588
2022-02-07,3101.173583984375,3185.037311514447,3094.036245471177,3185.037311514447,286849
2022-02-08,3085.6943359375,3134.1390637477743,3074.3192028959793,3101.2628295281047,397493
2022-02-09,3179.283203125,3185.037639330677,3079.7618854256293,3079.7618854256293,352729
2022-02-10,3184.457763671875,3195.342162277438,3163.3132222571826,3179.104759326749,239918
2022-02-11,3182.04833984375,3189.4980237522104,3129.722816034337,3149.3504961805047,339577
2022-02-14,3111.835205078125,3156.4882265203937,3088.1036831874417,3091.3600070359425,282645
2022-02-15,3202.1669921875,3212.6946104248973,3099.1663157354865,3113.6640350966095,357052
2022-02-16,3200.115234375,3247.4894115427355,3186.019163378544,3210.910547291842,244587
2022-02-17,3209.3935546875,3265.3324022784286,3202.969993524564,3202.969993524564,513917
2022-02-18,3240.485595703125,3249.719615022525,3179.327697309458,3209.1260000647967,277299
2022-02-21,3193.512939453125,3245.660076030241,3182.673193581395,3233.3481233838647,344326
2022-02-22,3212.4267578125,3225.184793782296,3135.968063663837,3140.42890016976,432562
2022-02-23,3194.226806640625,3247.39985000993,3185.037439373132,3225.274273982247,209392
2022-02-24,3103.7607421875,3175.4911240119986,3064.594684725312,3109.649133510939,628362
2022-02-25,3130.07958984375,3176.1155084971156,3113.7531029138518,3113.7531029138518,327777
2022-02-28,3149.662841796875,3177.007681783397,3076.237431143097,3120.5334494373656,387040
2022-03-02,3008.656005859375,3121.0690922542276,2973.59378534955,3121.0690922542276,982580
2022-03-03,2941.565185546875,3037.6515697841896,2925.4168686794337,3032.476955364866,536758
2022-03-04,2892.49560546875,2931.6170097357203,2811.2190797010944,2900.4358070797393,509620
2022-03-07,2885.84912109375,2925.4168314196722,2788.023055256626,2841.5530979175533,335205
2022-03-08,2959.408447265625,2992.7307675888414,2833.2558514346683,2880.8084154507724,557492
2022-03-09,2978.946533203125,2997.682045990566,2937.9068385258734,2961.995354966869,508262
2022-03-10,3053.308837890625,3069.0555035666425,3020.343081994785,3032.4766443671565,350154
2022-03-11,3053.888427734375,3073.9621904057226,3021.279671920955,3033.368581448108,156038
2022-03-14,3080.252197265625,3091.314984451919,3004.81940990599,3035.1530975356827,245299
2022-03-15,3081.59033203125,3117.232370089772,3056.8773427802844,3069.9475058611633,229544
2022-03-16,3184.85888671875,3204.843347211024,3105.6343865274425,3113.708544194888,262987
2022-03-17,3256.8125,3269.6598414782984,3190.07833372391,3193.9593491090263,429272
2022-03-21,3202.033203125,3317.0781369030924,3194.182087048762,3256.8121901267314,432309
2022-03-22,3262.164794921875,3267.1163665662248,3180.1300624318155,3193.958654371132,213667
2022-03-23,3213.140625,3286.164607768156,3202.8807007496875,3269.748598279083,281347
2022-03-24,3197.4384765625,3245.615513432715,3184.769743763191,3203.1484782875464,385957
2022-03-25,3260.29150390625,3264.5737324899596,3204.664788286755,3204.664788286755,492945
2022-03-28,3290.08984375,3334.0290817147993,3251.994344955557,3260.2915441137957,688267
2022-03-29,3291.294677734375,3332.2450722190597,3266.090949945837,3299.05649016303,376929
2022-03-30,3277.912109375,3327.4718308356996,3270.0163412942447,3327.4718308356996,343930
2022-03-31,3259.087158203125,3314.5352689647166,3244.0096179065463,3283.175675386669,511249
2022-04-01,3336.616943359375,3342.0592519043807,3243.9208328682134,3243.9208328682134,391985
2022-04-04,3357.80517578125,3365.254859427695,3315.6502733136044,3345.62717997186,419517
2022-04-05,3398.889892578125,3408.034607869472,3359.010055797255,3359.010055797255,339228
2022-04-06,3391.842041015625,3399.1577700812854,3338.1336074764145,3391.1282635377866,240470
2022-04-07,3392.2431640625,3407.7223540605883,3364.40758747446,3391.8863842632027,224527
2022-04-08,3399.4697265625,3422.353730465579,3360.794187347194,3401.209409218207,229962
2022-04-11,3378.771484375,3412.5401056177457,3361.8203047653956,3408.079268878376,135225
2022-04-12,3311.769775390625,3369.448306053642,3279.6517515639525,3362.132577522647,266145
2022-04-13,3298.6103515625,3343.3971084923205,3273.4512761234946,3311.769819834751,198206
2022-04-18,3314.044921875,3352.987939534941,3252.1730290932596,3292.097517962863,373718
2022-04-19,3262.789306640625,3367.5745223308236,3228.173392277096,3336.7054489660195,211918
2022-04-20,3319.531494140625,3332.200226286106,3258.462685785474,3270.6853342792533,174080
2022-04-21,3303.115478515625,3336.2594044600314,3283.264757363269,3305.4796345833447,216475
2022-04-22,3249.7197265625,3296.3354728117492,3232.188724428935,3274.254329851579,228316
2022-04-25,3285.807373046875,3323.1000081502843,3211.802142248748,3213.5864767722196,444222
2022-04-26,3472.404296875,3483.913167459978,3305.4350626550313,3305.4350626550313,1107122
2022-04-27,3484.493408203125,3496.4039297412064,3431.2757116061953,3452.687728527295,541564
2022-04-28,3420.926513671875,3568.669518879194,3394.6968798338335,3568.669518879194,1628318
2022-04-29,3327.382568359375,3425.922402225103,3311.145167203352,3394.696546996489,594650
2022-05-02,3232.723388671875,3318.862180494609,3217.1551136730004,3318.862180494609,376660
2022-05-04,3119.81982421875,3285.8522501305915,3109.559900005744,3234.1065454041254,575428
2022-05-05,3143.908203125,3207.3413841060496,3131.863944798037,3157.2016263374003,323081
2022-05-06,3122.362548828125,3171.6547927949096,3086.8988981913885,3112.1472766729785,436366
2022-05-09,3183.922119140625,3198.1521443134015,3104.74226959282,3113.6639427813047,502719
2022-05-10,3205.6015625,3253.4662480579395,3158.2720466003807,3180.531575795346,507087
2022-05-11,3223.266845703125,3236.738441782758,3155.8635599324466,3211.8024083143973,437746
2022-05-12,3198.419921875,3259.9794684884937,3157.5586140382575,3198.419921875,777332
2022-05-13,3249.36279296875,3333.137220018552,3227.9061246356964,3227.9061246356964,633218
2022-05-16,3315.16015625,3323.3234004300357,3256.410848743525,3256.410848743525,401803
2022-05-17,3339.29296875,3378.6376346152265,3323.4125647346877,3323.4125647346877,402398
2022-05-18,3382.384521484375,3416.5545715995904,3333.315321474458,3339.3821024930844,507061
2022-05-19,3299.7255859375,3370.6082381180177,3283.220490012359,3293.792542389346,261026
2022-05-20,3379.3515625,3433.9521612516646,3332.245082430493,3354.549266382504,396832
2022-05-23,3377.879150390625,3456.702218812528,3363.4707355589703,3422.353777613849,339483
2022-05-24,3375.336669921875,3427.7068481144356,3364.4076202369706,3405.759444886791,369304
2022-05-25,3382.919921875,3407.186828227776,3338.712989770986,3403.216727411052,225253
2022-05-26,3441.401611328125,3452.6874405131334,3349.2406859551893,3391.2172008555503,419826
2022-05-27,3419.72216796875,3470.5310559316767,3410.8004943031156,3457.1485454332255,422591
2022-05-30,3440.821533203125,3482.2626601333795,3428.643536857772,3443.7657288139303,271827
2022-05-31,3447.423583984375,3531.1980022687303,3425.0300987139103,3458.0402872141485,1154256
2022-06-01,3318.95166015625,3483.0211395153938,3307.5318751523596,3459.111012310372,784215
2022-06-02,3290.9375,3345.538095596209,3270.997691387833,3318.95168411332,346754
2022-06-03,3276.66259765625,3331.263189495855,3256.4104447544664,3317.9699846690028,409815
2022-06-06,3405.402587890625,3452.464413018011,3256.8567322752756,3265.33232163471,1136609
2022-06-07,3420.658935546875,3438.1006330480363,3359.010084323741,3359.010084323741,561644
2022-06-08,3385.0166015625,3434.844234268448,3361.731164844735,3420.1234732644402,346603
2022-06-09,3460.40478515625,3474.9918083710213,3371.8571761752937,3385.016644512514,627869
2022-06-10,3462.501220703125,3542.7962760659907,3434.844034967027,3529.6814605862446,1412838
2022-06-13,3462.724365234375,3475.036317651399,3385.2841993134266,3412.539954144022,519745
2022-06-14,3284.737060546875,3493.504215342276,3214.4342315230015,3466.0700700005727,1733394
2022-06-15,3299.32421875,3339.070100598684,3251.950044555448,3301.0192496173277,753821
2022-06-16,3263.7265625,3333.851003470926,3241.2439887995097,3333.851003470926,438590
2022-06-17,3237.630859375,3313.4650887663443,3225.7205552121204,3274.254374896858,727356
2022-06-20,3226.032470703125,3246.4185816817658,3189.3198715466633,3229.868833853186,268242
2022-06-21,3252.172607421875,3278.7145826144683,3226.1213677704854,3239.4592243464313,424763
2022-06-22,3243.60791015625,3320.2005588780053,3224.4263134839734,3251.949761416184,585483
2022-06-23,3376.6748046875,3386.667034778363,3270.016161544098,3283.2649329338924,1186420
2022-06-24,3402.146240234375,3427.1269244849796,3374.132056493343,3390.94949712348,558798
2022-06-27,3444.83642578125,3531.599697987744,3405.4026736471715,3452.687541790556,1819576
2022-06-28,3469.638671875,3485.8760733695162,3375.113588853862,3425.8778217152108,799053
2022-06-29,3450.501953125,3479.4527406994985,3440.2420283767833,3461.609393311296,524392
2022-06-30,3431.108642578125,3488.2691004363032,3417.5936908889694,3471.2828658812664,715926
2022-07-01,3355.20361328125,3405.2825238101614,3333.4502383467034,3395.331511872018,756589
2022-07-04,3406.254150390625,3420.5094615595926,3339.836938544568,3373.531433668479,536505
2022-07-05,3409.031494140625,3424.9993967335045,3390.749402766169,3424.9993967335045,294980
2022-07-06,3492.6201171875,3496.5542382052313,3401.9963468526403,3408.337314655691,333226
2022-07-07,3513.4013671875,3550.983882959708,3503.681774418308,3504.885197769683,534547
2022-07-08,3540.708740234375,3545.3371176725896,3510.8093767845085,3545.3371176725896,326804
2022-07-11,3562.508544921875,3571.256133330957,3512.938575943748,3536.080463795815,372417
2022-07-12,3561.8603515625,3575.884244156735,3547.234634332006,3566.6274897064195,244636
2022-07-13,3573.801513671875,3590.648761757558,3561.999151618047,3571.255906170069,308508
2022-07-14,3576.069580078125,3597.1286979014462,3555.5196289835976,3572.089130191641,377688
2022-07-15,3622.4921875,3627.7221635025635,3574.0329862932886,3575.8843372315396,281730
2022-07-18,3687.9375,3693.4452239946777,3633.3689747843405,3637.904694310547,513318
2022-07-19,3704.55322265625,3736.0261885658733,3671.2289058107667,3681.4576649303917,512451
2022-07-20,3704.599853515625,3753.6143283377046,3701.7764979093663,3719.3643332332667,377717
2022-07-21,3755.51171875,3768.0546665941747,3696.638668334789,3707.006188421842,371547
2022-07-22,3753.1513671875,3786.9385234095603,3744.588868692868,3762.870960073298,280291
2022-07-25,3722.280029296875,3771.155741984004,3701.128479247971,3753.1513983071686,372987
2022-07-26,3633.83203125,3730.4724683191225,3625.871131118115,3715.6616595119003,882407
2022-07-27,3595.184814453125,3665.6749120739237,3559.3609924709554,3640.681674037056,514997
2022-07-28,3571.487548828125,3622.8162108364136,3561.0736993045543,3595.3236932931864,423758
2022-07-29,3623.510498046875,3658.501077940326,3589.769670504797,3609.2088564461587,412805
2022-08-01,3677.986572265625,3691.8253760283565,3624.019644493453,3628.6016930978362,459482
2022-08-02,3699.18408203125,3707.330070956692,3648.410920651463,3677.98620523201,398168
2022-08-03,3705.895751953125,3711.95897203163,3668.4985499645754,3701.776540936281,312355
2022-08-04,3713.5322265625,3735.1005101472297,3680.4856575824992,3712.884298934458,310996
2022-08-05,3714.828369140625,3738.1090171270143,3696.268530517892,3725.843816984147,287542
2022-08-08,3723.66845703125,3739.6363593949045,3702.7019973691454,3714.735778860595,238574
2022-08-10,3734.9619140625,3763.796615740328,3715.6614893216124,3715.6614893216124,218912
2022-08-11,3733.712158203125,3756.6226270057846,3723.390966696087,3749.078462020281,277432
2022-08-12,3737.877685546875,3758.2425466370264,3715.4300545725036,3733.712145778435,217139
2022-08-16,3787.0771484375,3795.2694668309728,3737.8775870886507,3737.8775870886507,302627
2022-08-17,3765.55517578125,3814.199693204918,3758.2424299239747,3790.733729506781,313179
2022-08-18,3758.843994140625,3775.830229355652,3740.1917238812243,3775.830229355652,451908
2022-08-19,3771.711181640625,3784.5779807878616,3748.985802748422,3750.837153762125,223883
2022-08-22,3741.21044921875,3770.646751352893,3710.8482455257554,3730.4725222801876,388178
2022-08-23,3762.36181640625,3770.137626359555,3717.559211703635,3725.8439623961744,172256
2022-08-24,3763.565185546875,3780.412434543769,3749.402305117262,3749.402305117262,245586
2022-08-25,3760.973388671875,3791.2429336198306,3750.0042691238796,3770.276473044482,374693
2022-08-26,3753.058837890625,3817.810023035927,3741.071384786218,3772.1278445087205,453561
2022-08-29,3730.5185546875,3748.985735519021,3689.279666397792,3725.7975192892195,608621
2022-08-30,3781.24560546875,3822.0679848650257,3713.393547036784,3749.2171432036225,740581
2022-09-01,3773.330810546875,3824.659468077938,3711.9584841755996,3711.9584841755996,510034
2022-09-02,3731.30517578125,3797.8611519287624,3726.213960676934,3776.755931928681,556543
2022-09-05,3662.57373046875,3754.400917199047,3651.1417740971056,3748.985625342225,799837
2022-09-06,3637.349365234375,3693.4453931829753,3628.1852678147047,3667.5264781430947,508096
2022-09-07,3559.823974609375,3644.847361555664,3527.934498130764,3624.0196623467746,724097
2022-09-08,3560.703369140625,3591.5745106054696,3554.59382061345,3577.6430495209947,493973
2022-09-09,3562.5546875,3591.620806723427,3549.9654107691604,3578.5225892824687,485613
2022-09-12,3582.64208984375,3600.6927628847475,3540.708942657201,3554.594075765661,369281
2022-09-13,3579.1240234375,3600.8773958804795,3568.4787560717864,3577.7355103028417,507487
2022-09-14,3564.081787109375,3627.675643286762,3528.3045225117735,3531.451728542891,576311
2022-09-15,3487.9453125,3595.8791670799255,3472.5329056970636,3577.7358367336788,351737
2022-09-16,3415.325927734375,3517.566736765849,3402.875638036135,3517.566736765849,579176
2022-09-19,3432.63623046875,3454.4822630332874,3388.9907203094513,3424.9994074656174,454942
2022-09-20,3488.500732421875,3524.879598282873,3448.141190770829,3449.8074518472467,268923
2022-09-21,3453.3251953125,3524.46322363355,3447.2156464648037,3493.360661668462,197924
2022-09-22,3451.7509765625,3480.5395724667983,3424.9990473742428,3443.512555738428,149651
2022-09-23,3423.981201171875,3489.796823168628,3409.2630503262753,3452.769801172144,158122
2022-09-26,3308.826904296875,3412.7339738191367,3300.958662952205,3396.210576597336,517637
2022-09-27,3278.650146484375,3327.7572797057965,3249.213844733483,3323.175230923441,344198
2022-09-28,3282.352783203125,3308.2716981360986,3244.492744288318,3263.0062549547283,181128
2022-09-29,3218.2958984375,3298.968652174662,3207.5118694857206,3298.1817376180984,350931
2022-09-30,3265.5517578125,3289.804410807729,3203.9943368233335,3227.367643289145,276996
2022-10-03,3254.0732421875,3295.31190216476,3216.7221478568395,3265.551527223587,442640
2022-10-04,3313.548095703125,3332.339127474929,3276.15067006972,3286.6108483729618,317554
2022-10-06,3327.479248046875,3348.3069461857785,3304.6614380393607,3330.117513542465,353529
2022-10-07,3335.7177734375,3396.2105277797073,3313.9180716498577,3313.964400620804,591544
2022-10-10,3348.121826171875,3355.4809009157575,3266.755043239163,3292.9517040838828,240975
2022-10-11,3266.477294921875,3364.8766419841936,3258.007454820816,3364.8766419841936,258827
2022-10-12,3355.11083984375,3381.4925915158556,3254.536287463703,3282.81549310921,496229
2022-10-13,3336.875,3377.6047209307712,3323.174957760652,3348.029434681175,336605
2022-10-14,3305.124267578125,3390.7492486034653,3288.1380322956434,3387.9258932193075,499983
2022-10-17,3359.276123046875,3401.6721027830836,3312.066676291463,3313.918027144616,921084
2022-10-18,3342.891845703125,3392.4618119601887,3334.3756766400456,3376.0771754643347,496519
2022-10-19,3384.130615234375,3440.6892484784244,3354.4163434976394,3359.6463192854394,456361
2022-10-20,3417.455078125,3428.6092867549373,3319.472239118339,3359.600361185542,310251
2022-10-21,3395.933349609375,3443.8370584258687,3371.0788711587584,3424.073795405024,207556
2022-10-24,3424.814208984375,3443.512808606303,3406.4857891589236,3438.884431175381,29986
2022-10-25,3382.510986328125,3449.992640905169,3373.16157323811,3424.0737265114626,351456
2022-10-27,3353.074462890625,3416.2981457586025,3338.1246677276818,3416.2981457586025,333703
2022-10-28,3397.877197265625,3442.5873715438324,3361.12792311795,3369.875511869228,500485
2022-10-31,3398.941650390625,3430.877454908714,3387.139287851331,3414.9095526496694,314769
2022-11-01,3455.26904296875,3465.91431167878,3390.749503029569,3412.5492071956314,514106
2022-11-02,3459.06396484375,3467.580133533839,3419.074831780956,3467.580133533839,317571
2022-11-03,3493.03662109375,3530.5264801514677,3453.741739947069,3474.9859482141082,637882
2022-11-04,3490.815185546875,3526.731216384549,3483.224465178801,3498.5444408555713,230932
2022-11-07,3489.65771484375,3534.8304963865694,3479.1512080001526,3508.309984919669,272013
2022-11-09,3461.609619140625,3512.0126013917557,3441.522507394391,3508.3098996506997,249436
2022-11-10,3447.771240234375,3489.79681976135,3440.7360156639093,3461.610044493048,291055
2022-11-11,3450.593994140625,3502.7095670741255,3432.867399705301,3465.034621530772,268871
2022-11-14,3449.06689453125,3487.9452653230674,3434.6725953843284,3467.858152279627,200313
2022-11-15,3484.38134765625,3507.3844742604697,3449.113246655379,3449.113246655379,296104
2022-11-16,3468.922607421875,3516.178386897861,3461.702293322572,3477.7628536462457,329588
2022-11-17,3419.583984375,3487.343610313551,3405.0045955635887,3470.3573748559106,185433
2022-11-18,3362.932861328125,3431.340418384919,3351.8710839771315,3419.5841583935266,327528
2022-11-21,3350.482421875,3374.8277323579637,3338.355982609325,3346.3168821876297,226673
2022-11-22,3350.112060546875,3372.2356130674425,3318.5464377839094,3365.7558850159817,322261
2022-11-23,3339.698486328125,3382.557081737225,3327.803465601065,3352.9817943281705,340707
2022-11-24,3351.083984375,3359.8779013978706,3330.9968717428105,3348.353286919528,397640
2022-11-25,3369.68994140625,3381.2145551648837,3333.3571812386253,3362.284538059983,224797
2022-11-28,3403.430908203125,3434.2559461261108,3360.386999444401,3360.386999444401,185431
2022-11-29,3388.065185546875,3422.2225230910026,3380.5671231615747,3406.8101155151176,134922
2022-11-30,3471.930908203125,3492.480858249156,3398.154619121548,3401.8109919954272,1267676
2022-12-01,3432.03466796875,3465.7754956666245,3327.2019147294877,3465.7754956666245,514227
2022-12-02,3387.370849609375,3436.431652822569,3370.199523285756,3431.4791983266323,349992
2022-12-05,3387.87939453125,3399.080157561729,3367.607193139861,3399.080157561729,163476
2022-12-06,3420.18603515625,3424.8144128626986,3371.402979329283,3380.567076790049,251515
2022-12-07,3364.506103515625,3432.913653232325,3359.7852944304664,3420.18561609909,167024
2022-12-08,3365.895263671875,3386.6305328390554,3349.094341824413,3364.8771561024955,141912
2022-12-09,3348.121826171875,3396.5810271371333,3333.3573477118875,3378.715445473032,166035
2022-12-12,3329.423583984375,3355.203738833332,3307.9479561039475,3348.1221851734963,171844
2022-12-13,3366.450439453125,3371.3102359217105,3324.3785323669404,3346.0855780609563,126272
2022-12-14,3380.61328125,3395.3314314163995,3370.3845216964974,3378.7156012612513,132320
2022-12-15,3350.29736328125,3384.2696087389027,3341.688535981247,3364.8304233495383,161541
2022-12-16,3285.77783203125,3358.2580425948117,3275.9655813725717,3345.159824720297,228381
2022-12-19,3359.970703125,3366.080251926643,3286.148080747641,3302.2086413430975,238078
2022-12-20,3345.021240234375,3363.9049309567686,3315.214306885589,3363.9049309567686,152284
2022-12-21,3342.66064453125,3385.334150570122,3325.5819763206655,3346.317017650291,149348
2022-12-22,3333.218505859375,3376.771354611263,3315.3529246290514,3359.4149400730566,158182
2022-12-23,3278.5576171875,3332.431887503134,3270.4116273746035,3313.9183770170052,122024
2022-12-26,3288.184326171875,3309.104681980877,3262.126652352176,3278.7424816720986,140091
2022-12-27,3324.05419921875,3332.431607208089,3286.1478348857545,3290.776212117988,115917
2022-12-28,3320.25927734375,3337.0138683965192,3286.148044567634,3313.918309732994,229748
2022-12-29,3303.550537109375,3332.431565477854,3276.8910393865563,3312.9923813458995,748244
2022-12-30,3347.2890625,3372.3286309130026,3302.486231022861,3313.918414274575,287867
2023-01-02,3308.31787109375,3350.94527259188,3258.794232396605,3348.1682461228816,471328
2023-01-03,3334.00537109375,3350.945277779868,3297.7189370416518,3297.7189370416518,218996
2023-01-04,3288.7861328125,3334.792157756628,3280.130976904683,3321.3235346787083,250071
2023-01-05,3352.009521484375,3362.516028102315,3293.8772847814394,3302.809962358998,294998
2023-01-06,3371.54150390625,3376.8641378955317,3330.5803640756917,3349.093873603628,173591
2023-01-09,3351.6396484375,3396.3034924027306,3337.985934479217,3388.4352504606695,200031
2023-01-10,3308.54931640625,3365.7561073237885,3298.459543886253,3360.757550037642,247609
2023-01-11,3275.0859375,3323.128400997637,3268.60620961427,3318.5463529060085,308958
2023-01-12,3304.93896484375,3313.91797113078,3258.4237754444985,3275.0859328412453,182941
2023-01-13,3337.338134765625,3348.955408218603,3290.915369930618,3313.9184979470533,180876
2023-01-16,3316.833984375,3351.824562492357,3295.4046875491854,3341.6421322780197,226147
2023-01-17,3338.865234375,3344.1878685555544,3302.9489794011297,3323.1750796852352,106465
2023-01-18,3341.595703125,3368.3015301481455,3312.9924222329682,3355.5734927618078,306275
2023-01-19,3310.169189453125,3359.229989921969,3306.512816503973,3332.385400986186,226186
2023-01-20,3307.207275390625,3320.027971978301,3287.3052513416715,3316.7417786223805,191361
2023-01-23,3354.2314453125,3357.424980533364,3305.5871534283547,3317.15809697858,173482
2023-01-24,3412.502685546875,3421.3892606271584,3343.0306949931246,3356.499318538714,212778
2023-01-25,3441.106201171875,3462.026559012036,3400.6542248123665,3414.817105934599,375571
2023-01-27,3644.153076171875,3698.073674809587,3545.3372151491158,3563.8507254109913,2375899
2023-01-30,3555.658447265625,3655.4463139139666,3535.016063884257,3647.16156317631,654472
2023-01-31,3534.46044921875,3589.7695598953214,3518.4925469732125,3589.7695598953214,359118
2023-02-01,3528.027099609375,3597.5451944813035,3480.632558922768,3544.8280196376213,328212
2023-02-02,3508.9580078125,3572.274346439538,3462.0263060287025,3516.64115951953,309024
2023-02-03,3566.211181640625,3571.256067900947,3489.0560385574163,3503.6817566109603,242350
2023-02-06,3563.017822265625,3582.086602850709,3521.362422838735,3560.657304432433,205412
2023-02-07,3591.11181640625,3605.5061158031285,3534.414191350296,3585.1412545585413,246673
2023-02-08,3591.898681640625,3609.070007334945,3550.428374113305,3609.070007334945,309039
2023-02-09,3559.91650390625,3601.3404819468933,3547.4198848325364,3591.528231387314,249061
2023-02-10,3546.864501953125,3562.8787335855604,3517.6596202072224,3559.2223604948454,170034
2023-02-13,3594.860595703125,3621.797841588426,3539.7829066483196,3564.6373827794473,372862
2023-02-14,3588.0107421875,3616.5676945417244,3575.467794501016,3605.4595890177507,251160
2023-02-15,3615.1328125,3621.149702925779,3563.8504829613544,3579.216785831337,214072
2023-02-16,3616.24365234375,3638.7837130129255,3602.728700940178,3619.390858344321,166844
2023-02-17,3604.8583984375,3628.648215262027,3584.215788136369,3600.877948308491,167844
2023-02-20,3613.652099609375,3642.486801335687,3603.978835732964,3605.4597809513393,169828
2023-02-21,3551.90966796875,3635.1278077507313,3540.431155795199,3635.1278077507313,177954
2023-02-22,3555.241943359375,3601.109210818137,3531.4057985926975,3551.9096470666655,477992
2023-02-23,3547.095703125,3584.909636046393,3531.6369681491924,3561.5363306922727,299446
2023-02-24,3563.804443359375,3586.9000025161536,3548.623455142755,3548.623455142755,263732
2023-02-27,3369.320068359375,3517.5205807208417,3356.5457012251677,3517.5205807208417,822866
2023-02-28,3389.0830078125,3464.8033069545604,3356.129096461168,3375.938461251211,723245
2023-03-01,3454.296875,3469.75583658255,3366.5891217349667,3397.229071057214,432887
2023-03-02,3439.115966796875,3478.086996486214,3406.485904801157,3453.7416851740973,276614
2023-03-03,3454.620849609375,3469.43165711038,3422.638716962895,3443.5590729560595,281411
2023-03-06,3446.33642578125,3493.4995501853064,3441.8004799574537,3445.0866733819876,186747
2023-03-08,3527.934326171875,3534.0438747066905,3435.228017721006,3447.0303800307715,478922
2023-03-09,3530.0634765625,3553.436782654857,3518.492532952422,3527.9343777392473,295897
2023-03-10,3537.839111328125,3559.592485629013,3515.715557224369,3545.3371732936635,530973
2023-03-13,3497.618408203125,3552.742427227394,3488.2228926510525,3538.8109663093314,247745
2023-03-14,3473.96728515625,3512.4291450730057,3458.2308026002474,3497.618337961474,278919
2023-03-15,3452.769775390625,3505.9961191131347,3444.0221867082746,3494.33251687333,317890
2023-03-16,3517.751953125,3527.7492936194826,3462.9056803233852,3462.9056803233852,377544
2023-03-17,3530.896240234375,3543.4391874048647,3510.2075301440614,3534.0436722670124,396793
2023-03-20,3522.1953125,3549.9192488014933,3503.7744602649504,3508.3101798620237,331370
2023-03-21,3615.41064453125,3630.4991999185886,3514.5583470909996,3523.583682939854,803886
2023-03-22,3632.304443359375,3652.252796189317,3599.581949037407,3630.268002396516,311063
2023-03-23,3575.838134765625,3621.6127431343007,3566.6740376950693,3612.4486460637454,256313
2023-03-24,3543.393310546875,3594.305465266687,3528.6751598531496,3559.3151106370747,281359
2023-03-27,3524.55615234375,3558.5747304156257,3517.567256411613,3549.919573215658,198811
2023-03-28,3509.791259765625,3548.854720038542,3489.3800701198084,3537.0060286300527,144400
2023-03-29,3590.97265625,3604.5800395516244,3517.7053120935634,3527.2861429664777,429300
2023-03-31,3596.017822265625,3617.401016259563,3573.1073541271153,3587.5940849965,248433
2023-04-03,3696.91650390625,3698.0735982736696,3599.211410322324,3614.577713919656,497915
2023-04-05,3724.131103515625,3727.648715431466,3665.721118103965,3697.147754493616,584697
2023-04-06,3733.804931640625,3762.871053067053,3721.261982931401,3728.621058242088,321813
2023-04-10,3759.723876953125,3769.3508122051558,3730.565097340045,3735.1471460802422,218632
2023-04-11,3866.916748046875,3872.6095619808625,3768.0084563475075,3776.756044634242,685931
2023-04-12,3967.445068359375,3987.2083300614936,3860.529551468216,3866.916621819563,992142
2023-04-13,3969.620361328125,3985.912339461113,3943.4234751966264,3952.6341266155205,371608
2023-04-17,3938.14794921875,3990.587379829171,3907.3226815625894,3990.587379829171,718984
2023-04-18,3896.399658203125,3949.0244015841613,3864.7413748210247,3938.055056342732,235015
2023-04-19,3948.74658203125,3977.535182046189,3869.369903585838,3873.1191607589017,406755
2023-04-20,3993.688232421875,4008.637801530797,3936.018376876101,3948.006055542974,409146
2023-04-21,3988.087890625,4014.6549603678764,3964.7145824051963,4001.695502345015,237639
2023-04-24,4010.118896484375,4031.2706719125135,3964.390617495547,3988.0875485412644,279716
2023-04-25,4019.7919921875,4049.8303431861004,3995.3081462209766,4017.4317004406116,367525
2023-04-26,3979.478759765625,4038.3979117633244,3962.8166016647224,4022.0598304679324,964051
2023-04-27,4080.562255859375,4093.845335530805,3974.8499501661163,3980.404002262296,667011
2023-04-28,4102.54736328125,4109.7213477946725,4063.7612015457553,4070.5189033136594,457064
2023-05-02,4163.6884765625,4171.556718459073,4095.2345912663236,4109.953193582499,522701
2023-05-03,4117.265625,4156.236651694573,4105.370605114808,4151.191539715301,351550
2023-05-04,4126.3837890625,4137.769416728646,4107.453544603844,4116.293564686992,191019
2023-05-05,4131.38232421875,4169.519882791833,4098.335528794495,4131.38232421875,180033
2023-05-08,4211.12890625,4219.228566178491,4133.326067961448,4142.397506285377,365732
2023-05-09,4192.24560546875,4236.8167906817025,4183.729210018116,4232.975327730055,329083
2023-05-10,4217.33154296875,4236.353994004235,4192.708483874037,4216.451970433583,229527
2023-05-11,4209.87939453125,4252.553124247444,4198.030929269259,4252.553124247444,293197
2023-05-12,4201.54833984375,4284.813029948219,4181.276137258359,4207.195050661776,620213
2023-05-15,4225.2919921875,4265.975611877284,4204.464293095119,4229.411429026215,534604
2023-05-16,4201.03955078125,4253.478978144268,4193.310069857134,4242.833709755006,321308
2023-05-17,4192.70849609375,4258.107381015036,4173.870908912347,4211.8236051344375,346510
2023-05-18,4182.8037109375,4232.605326451569,4177.805153392596,4202.520871239636,194233
2023-05-19,4149.98876953125,4211.962475856833,4132.261721314892,4197.012906255711,398571
2023-05-22,4187.0615234375,4227.235747993839,4160.865088721792,4160.865088721792,368479
2023-05-23,4163.78125,4214.970926727392,4157.30152119957,4197.892484154551,239196
2023-05-24,4181.83154296875,4213.860004240427,4158.180263803017,4170.676882496506,395343
2023-05-25,4298.8369140625,4305.686822192511,4169.7978430004805,4170.769621455084,1016606
2023-05-26,4272.8720703125,4317.859538707938,4263.013264494861,4269.539548063579,484972
2023-05-29,4275.232421875,4316.563743761663,4265.605486791243,4313.60185326897,301343
2023-05-30,4250.60888671875,4290.829664665305,4245.795645710582,4272.084737339664,229574
2023-05-31,4227.69873046875,4284.905747035581,4214.2764358424365,4248.665189952546,719613
2023-06-01,4298.46630859375,4322.718732489101,4227.790902544276,4246.072991399768,698733
2023-06-02,4322.0712890625,4357.154297854799,4301.845190292269,4326.792324206415,606833
2023-06-05,4359.97705078125,4366.364572360424,4321.978258029964,4339.5660898788765,234925
2023-06-06,4374.9736328125,4392.283944670872,4359.977509598832,4366.873972556037,353149
2023-06-07,4425.42333984375,4432.041829559722,4384.878931969533,4384.878931969533,239491
2023-06-08,4443.84423828125,4470.920248116141,4421.766786017874,4444.029554187238,295499
2023-06-09,4390.8486328125,4463.421494284415,4383.073049795857,4443.843549834847,208197
2023-06-12,4415.14794921875,4433.985535576869,4381.546110193982,4396.912413512766,137778
2023-06-13,4402.466796875,4438.614246175586,4393.672879181847,4415.472357509395,247078
2023-06-14,4378.63037109375,4414.037458485169,4361.782896427852,4397.976898381522,191238
2023-06-15,4370.623046875,4410.519751967881,4352.989109110964,4389.460634002486,178304
2023-06-16,4296.939453125,4364.3284469270875,4276.620695647308,4346.046356290933,658995
2023-06-19,4255.65380859375,4309.01890397757,4245.748901208613,4299.762150155921,193043
2023-06-20,4315.4990234375,4322.904427167123,4229.457308057959,4244.2220125398835,453523
2023-06-21,4304.52978515625,4354.053423822132,4292.357242872819,4330.309937925178,274821
2023-06-22,4269.30859375,4321.979445838218,4259.588999793842,4317.3971707485825,180102
2023-06-23,4279.02734375,4309.019137358543,4263.10554551845,4270.2334271431455,348409
2023-06-26,4264.494140625,4311.750143546111,4258.61601111893,4281.017537807113,298624
2023-06-27,4274.81591796875,4330.911948338204,4267.364410369214,4289.4879662635785,444793
2023-06-28,4365.76318359375,4387.701873758539,4276.713471611463,4285.877568671315,769406
2023-06-30,4475.71142578125,4517.162661238301,4421.763238614472,4422.7172328407105,587936
2023-07-03,4398.53271484375,4472.32425014649,4376.97235545729,4469.653253047603,457367
2023-07-04,4412.6044921875,4459.731710503304,4399.773550232702,4399.773550232702,286373
2023-07-05,4665.0791015625,4674.5715300781185,4419.855081398352,4434.117480863029,891033
2023-07-06,4691.45703125,4710.822925398031,4609.699549518689,4665.031208018706,888595
2023-07-07,4611.60791015625,4687.116457060787,4598.776501985735,4651.198669004302,405959
2023-07-10,4672.61572265625,4723.224924788172,4622.149060662505,4625.9175237927375,659388
2023-07-11,4691.4091796875,4726.5164434572325,4679.341247004993,4711.300050628779,400593
2023-07-12,4654.01318359375,4719.886296667442,4643.089763694885,4702.237403996731,295827
2023-07-13,4642.564453125,4760.430229699724,4626.728058996988,4694.604641353175,501038
2023-07-14,4636.0302734375,4680.581522759837,4626.8718360212615,4669.754061323336,419873
2023-07-17,4610.796875,4680.676948640995,4599.301431465227,4659.260058803964,250127
2023-07-18,4636.98388671875,4765.296095136061,4607.791573647681,4622.625995803152,270028
2023-07-19,4601.73388671875,4683.300388284977,4596.534897980739,4656.445545552689,247325
2023-07-20,4644.71142578125,4664.077320371337,4562.047461429567,4605.883678206753,450566
2023-07-21,4638.98779296875,4654.91921665364,4612.800465793604,4619.335419241613,367833
2023-07-24,4658.11474609375,4692.697032622018,4627.968439018725,4638.319368287914,288534
2023-07-25,4625.8701171875,4684.015781104557,4557.564042925088,4659.784422872622,743269
2023-07-26,4646.380859375,4677.910178790662,4618.238032766592,4665.031258139357,387130
2023-07-27,4627.8251953125,4682.202856852969,4602.353367527105,4673.6169102939475,321326
2023-07-28,4667.41650390625,4674.571460222918,4607.4578768090805,4631.641722322912,255158
2023-07-31,4704.52685546875,4711.204814798844,4642.183241987877,4670.278557210763,325463
2023-08-01,4697.41943359375,4749.602631357425,4673.760100430484,4714.400342241614,391794
2023-08-02,4609.79541015625,4710.775788144911,4599.444480050355,4687.354951333143,249850
2023-08-03,4604.26171875,4687.593199810735,4584.89582408884,4614.469642346591,418377
2023-08-04,4495.22021484375,4640.418303696025,4483.77228560391,4607.791519035508,451353
2023-08-07,4455.248046875,4525.318635717142,4450.3825836843325,4525.318635717142,436583
2023-08-08,4436.2158203125,4481.864533726914,4423.766382934686,4455.248190004288,487053
2023-08-09,4451.86083984375,4474.041201965332,4403.7321185155415,4436.549421351302,282034
2023-08-10,4423.28955078125,4491.786147238402,4415.8481166150505,4455.15286353684,330123
2023-08-11,4387.46630859375,4436.0724935326525,4370.819391307399,4423.289065962086,274197
2023-08-14,4404.30517578125,4420.52307705721,4332.087629066605,4365.477425811227,154258
2023-08-16,4388.9453125,4402.682734260317,4349.974560681144,4366.4309587669495,188763
2023-08-17,4443.5615234375,4453.6739540873605,4365.524526363517,4365.524526363517,311184
2023-08-18,4403.20751953125,4435.643320681531,4383.8891379638035,4435.643320681531,243546
2023-08-21,4398.7236328125,4416.945012638376,4381.5037604290565,4391.23468623018,118491
2023-08-22,4415.466796875,4423.241756678793,4389.947451246158,4405.497836671239,96290
2023-08-23,4446.328125,4451.670585271787,4406.498870219385,4426.532746875503,263771
2023-08-24,4417.1357421875,4509.625657624175,4363.998549667542,4473.278388812626,433867
2023-08-25,4373.15673828125,4433.115364338499,4359.514808134396,4411.26899126067,293384
2023-08-28,4388.80224609375,4407.452644007115,4375.016845328275,4375.4938423676695,283469
2023-08-29,4449.95361328125,4456.107062411193,4393.190956416881,4402.683385362375,320941
2023-08-30,4459.9228515625,4503.615599267929,4447.139422541838,4473.231256879714,370694
2023-08-31,4401.5380859375,4486.682065043574,4390.47212629309,4459.922715080079,479472
2023-09-01,4453.67431640625,4482.81865228126,4406.499117873407,4409.742604922247,456071
2023-09-04,4423.81396484375,4473.660160142776,4409.742550859814,4467.5546906284935,328037
2023-09-05,4485.298828125,4517.162138430058,4422.096717951612,4425.5787033108845,353620
2023-09-06,4468.31787109375,4493.312705591977,4452.004942842083,4485.203754849401,224928
2023-09-07,4500.18115234375,4507.6221199926385,4440.842533029784,4463.738391417049,319934
2023-09-08,4540.5830078125,4564.480842536828,4486.348809007672,4500.1817252108885,209769
2023-09-11,4585.27734375,4588.711815819301,4543.874091215661,4559.137997463708,151600
2023-09-12,4598.82421875,4626.7285471890755,4543.492558939184,4621.100074958016,305478
2023-09-13,4587.08984375,4620.193626783441,4579.410377238739,4598.25176153132,207142
2023-09-14,4621.62451171875,4634.503432331446,4567.294360288588,4593.434171815716,249498
2023-09-15,4894.46728515625,4912.1161780079,4667.893660709391,4669.706156541469,1689829
2023-09-18,4938.49365234375,5032.223576231995,4859.884628678828,4888.265954232776,804973
2023-09-20,4944.50390625,5021.2049387160905,4928.429012503699,4937.873460928929,622924
2023-09-21,4851.25146484375,4946.984409620578,4839.708041925269,4930.241997831867,640829
2023-09-22,4770.97216796875,4850.249173509035,4766.345669082065,4818.624361193694,498375
2023-09-25,4775.17041015625,4827.3536129188005,4763.149990184926,4769.970955487778,539731
2023-09-26,4835.98779296875,4868.185098603595,4770.114211134958,4780.46514181366,450923
2023-09-27,4801.40478515625,4834.4126083157935,4787.142387054375,4832.171094837897,257406
2023-09-28,4776.267578125,4892.893372084282,4751.034244556915,4815.571860688676,580065
2023-09-29,4830.740234375,4848.675137587944,4774.645100366054,4797.636451929124,248079
2023-10-03,4785.6640625,4839.612244480805,4767.204182833317,4831.9802914045495,464531
2023-10-04,4692.31591796875,4788.287826684518,4677.481028817849,4780.7033865440035,256544
2023-10-05,4780.51220703125,4807.462541813855,4698.516689191995,4707.96113812931,657876
2023-10-06,4783.8994140625,4884.450309696266,4767.586020059979,4884.450309696266,279352
2023-10-09,4776.9345703125,4835.5101819291,4728.99636578688,4728.99636578688,244083
2023-10-10,4805.7451171875,4831.0259599875935,4772.069312916607,4776.934310009107,307502
2023-10-11,4831.408203125,4860.600519230293,4817.670779610005,4822.440750678927,575680
2023-10-12,4871.666015625,4914.023257470585,4818.719346863669,4851.059651376029,472168
2023-10-13,4819.9599609375,4887.741524935114,4808.130526614876,4855.782720839559,387366
2023-10-16,4843.14208984375,4864.797476673896,4800.498366753287,4803.360349086407,158560
2023-10-17,4904.72265625,4913.070105458303,4836.7505698395335,4849.152494377583,318565
2023-10-18,4901.001953125,4959.577100932366,4889.840035212365,4913.0698859921495,360985
2023-10-19,5230.36865234375,5242.198087165852,5003.6995390691345,5056.169219650412,2838352
2023-10-20,5236.76025390625,5256.508120468034,5186.7710502435175,5199.268467613572,763919
2023-10-23,5156.7197265625,5240.671209179121,5146.845794250352,5202.177453247671,451167
2023-10-25,5101.29296875,5174.416996395595,5086.98305583579,5137.258736201372,620266
2023-10-26,5017.38916015625,5101.4361368323525,4995.113303882436,5088.461723399038,746266
2023-10-27,5126.3349609375,5174.178139117656,5022.779084654926,5022.779084654926,843465
2023-10-30,5064.65966796875,5149.422145011505,5032.3193580539455,5140.120701648277,360967
2023-10-31,5069.572265625,5119.275452426429,5049.109371247253,5094.328599358974,400987
2023-11-01,5098.478515625,5198.790903141451,5060.938754227984,5060.938754227984,619765
2023-11-02,5073.72265625,5144.747710712866,5041.859343157778,5136.209276302381,304362
2023-11-03,5121.947265625,5129.674245869132,5072.005576879269,5110.546848787834,448715
2023-11-06,5158.103515625,5177.803402241569,5129.722188823215,5132.488678776534,394137
2023-11-07,5169.69384765625,5194.497693391452,5156.623942614966,5158.10291290886,202689
2023-11-08,5149.279296875,5185.197086107333,5133.68139820893,5184.004593331907,202145
2023-11-09,5169.5986328125,5204.037913635427,5134.539348976367,5172.365122591183,232773
2023-11-10,5143.984375,5177.374172877699,5102.962623321685,5161.061244282874,149325
2023-11-13,5175.60888671875,5189.53682768011,5147.322589496755,5184.95784240753,93497
2023-11-15,5281.9794921875,5299.43739846031,5209.857442710131,5270.817574526231,640468
2023-11-16,5295.52587890625,5326.435195297079,5244.058175512289,5266.047553698491,324712
2023-11-17,5372.41796875,5413.869200223421,5227.267854340852,5301.249913148661,531539
2023-11-20,5390.2099609375,5414.8232895321225,5348.091212320055,5351.954702305933,679425
2023-11-21,5424.36328125,5444.778663113786,5380.527063263977,5381.004060344054,746193
2023-11-22,5486.94482421875,5499.680739185195,5400.846852854204,5418.686729646748,497403
2023-11-23,5652.65380859375,5671.495192960609,5517.04363402312,5533.166041912788,1118718
2023-11-24,5657.4716796875,5685.805494063771,5628.565841438968,5666.7256098555035,297211
2023-11-28,5722.19970703125,5761.790462798958,5640.013207197434,5695.153880710785,380535
2023-11-29,5790.69677734375,5815.9296422502575,5698.492873273268,5733.5046436973635,406974
2023-11-30,5810.3486328125,5846.93440004713,5753.53846996251,5814.594092923479,501833
2023-12-01,5767.89599609375,5809.8242242360275,5727.112747229039,5771.664459216415,439023
2023-12-04,5916.3857421875,5931.649648679876,5807.391909890377,5810.348919119308,359158
2023-12-05,5857.61962890625,5909.0873342944105,5829.953798294934,5909.0873342944105,565826
2023-12-06,5790.69677734375,5815.54813776691,5712.373767167358,5808.917692326174,699201
2023-12-07,5813.2587890625,5871.309425688878,5784.161967770502,5790.696920797933,427407
2023-12-08,5796.1826171875,5838.444372972058,5769.804305495504,5833.674402079107,233266
2023-12-11,5855.99755859375,5862.294013105735,5741.422768770536,5805.054364483059,175955
2023-12-12,5966.47021484375,6010.115445857251,5867.016327780197,5880.419758846438,810900
2023-12-13,6025.52294921875,6037.829381417915,5937.993980069581,5971.90828805597,373989
2023-12-14,6043.41015625,6067.403016840205,5995.090443941332,6034.013220363883,419212
2023-12-15,5986.50390625,6107.565663236029,5968.330039325751,6075.940852282442,553522
2023-12-18,6168.240234375,6188.3216251412005,5974.054443372981,5986.504346667072,851061
2023-12-19,6123.6884765625,6172.580676971259,6101.651118434279,6172.34217843268,377109
2023-12-20,6071.64794921875,6168.5258639565445,6057.862548116927,6137.998052690443,385863
2023-12-21,5958.98193359375,6053.093370933417,5945.292023271403,6041.836425380664,397717
2023-12-22,6078.9462890625,6100.792662195219,5976.057925591305,5998.715286924713,237213
2023-12-26,6167.142578125,6177.112003128843,6076.99013267393,6086.33955465562,302139
2023-12-27,6400.96728515625,6430.159601725825,6167.763675378265,6172.342661350261,1017894
2023-12-28,6394.90869140625,6428.632477202901,6359.324896538975,6400.966647319969,406228
2023-12-29,6484.53662109375,6519.54839210485,6359.3248911266965,6420.3330022642895,345626
2024-01-01,6392.810546875,6482.867505065815,6374.63667810168,6458.540653269894,253274
2024-01-02,6358.41845703125,6426.867536582185,6259.108039702602,6402.254674095031,361379
2024-01-03,6665.080078125,6735.055641657125,6300.177318533958,6338.38459762298,1256275
2024-01-04,6603.69091796875,6705.5777789388285,6570.158114699593,6701.809315487823,619987
2024-01-05,6657.44775390625,6758.094130353496,6602.116096712503,6630.25892235415,659306
2024-01-08,6662.5517578125,6725.5153681229785,6641.229896612056,6696.0370437320125,312733
2024-01-09,6767.53857421875,7058.602263911411,6750.366680618209,7003.270606754111,2125908
2024-01-10,6729.236328125,6811.47081131314,6697.039025119617,6797.208412247474,721432
2024-01-11,6963.060546875,6987.911909054856,6749.508855505854,6763.818768273711,1031594
2024-01-12,6966.01806640625,7022.303723651873,6918.365870258601,7021.397242843809,434753
2024-01-15,6966.01806640625,6966.01806640625,6966.01806640625,6966.01806640625,0
2024-01-16,6958.38623046875,7017.724390636554,6910.734033515843,7001.363483154717,272181
2024-01-17,6836.2744140625,6878.297669111997,6755.232426488495,6784.806244483289,619338
2024-01-18,6757.712890625,6858.502276970773,6745.835477417849,6819.150019235259,557084
2024-01-19,6808.2265625,6849.67779341246,6778.128234289071,6810.373049273702,327976
2024-01-23,6769.44677734375,6878.29759950918,6617.427721284036,6749.508393415735,953921
2024-01-24,6881.01708984375,6904.055956379933,6704.862155738272,6749.604390107487,467134
2024-01-25,7247.97021484375,7274.348058691179,6878.297499048824,7021.396614840408,2065788
2024-01-29,7201.5107421875,7288.515193653378,7135.876132006188,7244.6314634298105,457853
2024-01-30,7218.30126953125,7307.595215458041,7196.59790254017,7226.4102198356095,266287
2024-01-31,7314.79736328125,7332.398740965343,7169.361240474006,7218.300952066824,336874
2024-02-01,7303.541015625,7407.764880818747,7285.033621513816,7326.675374718348,394564
2024-02-02,7382.197265625,7438.768928927448,7312.937201414366,7321.904652711531,197720
2024-02-05,7305.92578125,7477.40623163745,7282.314425772452,7441.1544535305065,252401
2024-02-06,7365.21630859375,7391.26062825934,7317.70758646942,7321.905067546607,131992
2024-02-07,7347.56787109375,7419.975938057901,7312.938067794477,7388.685114474659,159783
2024-02-08,7400.37158203125,7425.366416648452,7315.3706047968535,7373.421245611465,282537
2024-02-09,7426.70166015625,7432.091634091481,7316.181341614475,7420.929715896337,173555
2024-02-12,7469.7265625,7511.940802967136,7408.765964629091,7417.304398462983,219911
2024-02-13,7553.1533203125,7570.086716767043,7452.554914950496,7469.774323327989,258767
2024-02-14,7711.4208984375,7762.507565800401,7517.474069741832,7535.599958996286,513900
2024-02-15,7749.341796875,7781.587077815935,7675.168753597665,7747.004790757371,394525
2024-02-16,7942.048828125,8066.450038189497,7762.745906761876,7809.253121668037,938756
2024-02-19,8118.2041015625,8252.04929278203,7976.440013690531,8013.550758308562,1044959
2024-02-20,7913.572265625,8113.72004706694,7859.671597469882,8113.72004706694,547082
2024-02-21,7853.51806640625,7991.465243013113,7827.521726728814,7918.151167806113,439817
2024-02-22,8107.4716796875,8156.649891242808,7841.831825265015,7879.991590838082,548486
2024-02-23,8048.8017578125,8138.524728289587,8014.552992502828,8106.565921772449,340749
2024-02-26,8059.3427734375,8154.69467735505,7989.701198809074,8069.645724178828,345968
2024-02-27,8074.1298828125,8099.41072902205,7997.810347085555,8070.790903124446,392445
2024-02-28,7811.92431640625,8096.215046681448,7700.497982972624,8080.33067099653,537728
2024-02-29,7545.4736328125,7768.851267187786,7527.013753068291,7629.47263038383,1042536
2024-03-01,7670.16064453125,7721.628816358924,7579.7696968724895,7589.023626653724,399007
2024-03-04,7829.71630859375,7846.602192039171,7676.457235538267,7697.540600245114,410053
2024-03-05,7967.5205078125,8002.102795166432,7784.639646016588,7784.639646016588,615117
2024-03-06,8209.8828125,8281.766831933397,7979.2072093458955,7984.6451624224355,959543
2024-03-07,8470.5615234375,8560.045987875625,8108.997742627533,8240.601421204474,1243547
2024-03-11,8261.0166015625,8609.796460020303,8232.968803321355,8608.317955542503,631957
2024-03-12,8135.37646484375,8299.701964565189,8085.339283100855,8239.600330414532,324864
2024-03-13,7999.14599609375,8220.758652892511,7915.242023486485,8135.376175665847,430048
2024-03-14,7997.857421875,8013.550811875238,7824.7074846898395,7947.248218848413,392634
2024-03-15,7966.51904296875,8044.17360690333,7736.892467381746,7999.0498704550755,676870
2024-03-18,8129.7470703125,8153.931380725745,7912.61837685236,7959.173104525239,367524
2024-03-19,8242.7001953125,8288.205901237243,8054.142884534893,8108.9500331447125,673456
2024-03-20,8238.3115234375,8379.884628198091,8168.09792652915,8242.509470358778,790885
2024-03-21,8348.0205078125,8366.528366248116,8190.039455443567,8212.172305179545,720691
2024-03-22,8533.7158203125,8633.646703426748,8282.576870624423,8299.796277998757,851210
2024-03-26,8548.3125,8605.027641235132,8443.850135619152,8533.716575139531,534067
2024-03-27,8740.970703125,8860.5059742716,8516.019086800194,8546.83290906378,1034030
2024-03-28,8727.2822265625,8818.340225695289,8566.915245994436,8740.97167038547,847202
2024-04-01,8626.1591796875,8787.812754408695,8598.444902382778,8771.785837894202,419820
2024-04-02,8849.3447265625,8927.429706406832,8719.029498850688,8729.046437385392,803845
2024-04-03,8662.6953125,8823.443307231557,8648.146903481269,8823.443307231557,453210
2024-04-04,8725.3740234375,8759.335842740573,8574.546988377666,8718.552592567441,617929
2024-04-05,8595.0107421875,8709.967043251221,8586.42479439021,8709.967043251221,356305
2024-04-08,8615.0439453125,8671.806595746706,8539.487424289908,8632.692836623975,376197
2024-04-09,8565.818359375,8712.542471832692,8525.273608410445,8671.806735713088,237944
2024-04-10,8591.2421875,8633.456430388202,8491.835806620453,8619.146517544743,319824
2024-04-12,8647.8134765625,8699.472632311063,8519.167738407477,8537.341140593,480474
2024-04-15,8583.1328125,8755.47222697746,8533.477603715368,8642.327962708574,386707
2024-04-16,8508.8173828125,8614.042752308715,8379.979726226928,8536.339741668044,487529
2024-04-18,8606.267578125,8709.012938454793,8538.247978877247,8555.32484748898,819240
2024-04-19,8399.44140625,8671.806733240104,8299.796531992664,8657.54433451907,1385007
2024-04-22,8391.09375,8475.283730779069,8342.678548588807,8475.283730779069,323734
2024-04-23,8391.1416015625,8453.819203868057,8357.942791298094,8438.078300311794,295346
2024-04-24,8296.982421875,8460.974394301262,8280.669494028069,8414.133652651462,319824
2024-04-25,8333.0439453125,8366.528767612144,8243.845491518687,8296.887194061896,524667
2024-04-26,8561.4296875,8581.130039750657,8332.709585402898,8344.873011061869,521344
2024-04-29,8357.083984375,8576.216632295982,8327.415138241106,8561.42972261071,299443
2024-04-30,8494.0302734375,8553.511435245682,8390.378437763304,8394.576384621489,360403
2024-05-02,8691.5068359375,8725.65963884681,8420.047065847906,8532.523344394534,638239
2024-05-03,8686.689453125,8832.650569728428,8647.337191295645,8748.127053944097,396042
2024-05-06,8636.0791015625,8763.15130197908,8405.212529417717,8700.426189919082,458431
2024-05-07,8278.666015625,8657.449197802114,8244.941764220895,8638.560300395604,588285
2024-05-08,8346.876953125,8381.172298185302,8197.480907310457,8253.003554261419,451581
2024-05-09,8439.8427734375,8593.054792911424,8382.126127361378,8395.148520163097,645689
2024-05-10,8568.5849609375,8631.692050228636,8496.749383654858,8538.248131556838,482797
2024-05-13,8578.6005859375,8609.79637797747,8462.404295938963,8607.793363108545,435605
2024-05-14,8648.1953125,8670.852673154353,8474.091383261286,8540.39397549192,408162
2024-05-15,8493.5537109375,8705.196948477464,8468.939915627272,8651.77327405393,274392
2024-05-16,8463.6923828125,8543.541877190508,8309.28880674412,8538.247396137758,680474
2024-05-17,8376.736328125,8546.212824001932,8362.23543122195,8481.961692886243,323961
2024-05-21,8414.896484375,8452.38826858474,8371.298764879355,8371.298764879355,417798
2024-05-22,8400.443359375,8442.848587477514,8334.093249740516,8442.848587477514,302838
2024-05-23,8551.0791015625,8571.637489291636,8348.593842007447,8442.84827826722,731514
2024-05-24,8536.53125,8608.843825415746,8462.023742574313,8566.868079813099,455920
2024-05-27,8584.70703125,8652.202114904117,8473.089719765452,8587.855025503357,301747
2024-05-28,8576.1689453125,8607.173755315298,8506.002861617766,8584.707379317177,259094
2024-05-29,8652.91796875,8718.98206396651,8493.171461209953,8538.247685021941,339934
2024-05-30,8555.896484375,8708.91751779651,8516.877751213602,8650.81890174639,305109
2024-05-31,8666.7978515625,8705.673110920343,8512.489306749463,8576.406911092421,560005
2024-06-03,8905.96484375,9009.520722054425,8702.859117249638,8757.666267308305,438422
2024-06-04,8821.345703125,8941.643996830993,8402.780755738502,8802.504318028969,738601
2024-06-05,9160.490234375,9233.709284648456,8753.85023204197,8815.859851166068,489543
2024-06-06,9255.126953125,9291.903242155828,9019.060908761929,9153.860099038291,570095
2024-06-07,9278.1181640625,9291.998593433145,9172.654290913622,9199.9381525519,246783
2024-06-10,9285.271484375,9467.436832241307,9236.093278047583,9329.10769674403,201452
2024-06-11,9361.2578125,9444.541308621789,9253.83752105942,9291.902257169315,457442
2024-06-12,9448.5966796875,9486.517947629805,9345.040799721724,9400.658473043453,277175
2024-06-13,9466.865234375,9482.701163462862,9373.230342687473,9448.357376552936,277783
2024-06-14,9580.6884765625,9612.66658200037,9437.676430717838,9450.131249098113,320933
2024-06-18,9538.8046875,9654.791065730256,9528.994674700876,9542.459140329238,206100
2024-06-19,9315.2939453125,9567.464333004411,9300.09852233139,9559.289479080955,279789
2024-06-20,9263.5517578125,9363.4776969956,9199.114676440673,9321.256606802195,324597
2024-06-21,9234.9404296875,9356.794032347367,9204.981617764943,9304.907564084102,334018
2024-06-24,9372.470703125,9385.646832951685,9146.748355870273,9213.541913849054,283754
2024-06-25,9290.43359375,9449.16984177483,9276.055279788116,9381.847512113329,282048
2024-06-26,9112.2216796875,9290.769546457917,9080.339373144334,9290.385410966956,431217
2024-06-27,9057.208984375,9198.77840113175,9007.390652801767,9198.77840113175,637626
2024-06-28,9138.1884765625,9159.394821020782,9023.355449788225,9102.940055130224,237516
2024-07-01,9167.7626953125,9323.132823733216,9141.41043683457,9141.41043683457,289355
2024-07-02,9041.62890625,9167.762469652844,9022.249317966822,9155.836424677569,287884
2024-07-03,9061.9697265625,9189.449165722717,9025.614920873204,9111.595520274677,318120
2024-07-04,9098.94921875,9135.640264618478,9059.998441750628,9117.271261518707,234656
2024-07-05,9267.20703125,9290.481510245352,9130.158002760356,9157.760345813276,608628
2024-07-08,9164.876953125,9296.395923046008,9107.748776248178,9271.245850373012,316215
2024-07-09,9169.396484375,9199.114857873434,9118.52060503625,9199.114857873434,262913
2024-07-10,9177.4287109375,9280.86447902562,9090.390551833685,9184.68971758494,239607
2024-07-11,9104.6708984375,9203.44255293711,9024.07664707758,9177.42747132265,294900
2024-07-12,9070.0009765625,9188.872601590625,9051.968209464385,9136.5540968406,171581
2024-07-15,9303.3193359375,9365.977558096454,9044.225135981274,9069.999779844753,504086
2024-07-16,9346.5986328125,9530.870021119212,9265.139369255512,9343.377154303986,1041123
2024-07-18,9257.974609375,9372.230032395513,8936.077511134214,9372.230032395513,1055384
2024-07-19,9027.009765625,9304.906888391442,8982.721481920007,9266.436989111271,380782
2024-07-22,9049.755859375,9074.087883877311,8908.85984718761,8992.33934438292,247040
2024-07-23,9023.595703125,9144.295011490807,8410.096611852363,9074.087445668465,431989
2024-07-24,8905.974609375,9014.171205822435,8896.16459678912,9001.956824426612,283213
2024-07-25,8923.333984375,8953.821568794838,8820.186562196872,8905.782092023012,262328
2024-07-26,9129.7734375,9141.410206846605,8913.909018104061,8962.525167554288,250956
2024-07-29,9192.046875,9253.021106332177,9145.257480867032,9183.919920336373,302363
2024-07-30,9198.4892578125,9284.71029623151,9148.14215224302,9185.314068525318,301885
2024-07-31,9294.5205078125,9309.715930684497,9213.589078868814,9232.77612960446,315292
2024-08-01,9358.2841796875,9467.442522464802,9292.404475015737,9467.442522464802,308658
2024-08-02,9248.3564453125,9357.803122355474,9215.224056282586,9343.184372596406,230615
2024-08-05,9122.22265625,9155.835918181687,9010.90038655152,9036.771769187812,310757
2024-08-06,9066.779296875,9252.011500718174,9040.427038123787,9151.268444096528,246541
2024-08-07,9336.8369140625,9352.99408360985,9134.196535638515,9203.92322675026,270583
2024-08-08,9272.4970703125,9403.679820365027,9242.539195701438,9362.613009462162,365016
2024-08-09,9392.37890625,9401.08253395162,9246.241174568886,9387.618067918338,161640
2024-08-12,9339.3857421875,9377.952382144162,9247.202615972992,9368.382806260313,307698
2024-08-13,9301.6376953125,9415.364348802634,9280.86432287349,9328.951702784752,161706
2024-08-14,9376.654296875,9410.700538583817,9301.63798190213,9332.798980727373,282934
2024-08-16,9509.904296875,9545.344317980032,9323.132737088927,9413.584905228066,240190
2024-08-19,9396.8994140625,9563.617982186366,9385.983015452259,9547.220373708677,148301
2024-08-20,9405.6025390625,9498.84415025534,9381.895086684512,9398.389432562899,132844
2024-08-21,9475.13671875,9491.486426851781,9362.612257108329,9405.024947736789,134985
2024-08-22,9534.95703125,9628.05399925001,9464.652727106251,9521.300029225362,388874
2024-08-23,10008.3779296875,10044.82759812699,9550.15312393108,9588.623025739464,1229549
2024-08-26,10033.4794921875,10114.84390068997,9944.133705847375,9978.22690607177,309223
2024-08-27,10099.8876953125,10164.181082553416,9954.087142416362,10003.13626746595,262396
2024-08-28,10249.103515625,10305.125312118786,10061.129763410963,10098.349582570905,338792
2024-08-29,10394.421875,10434.959905985577,10151.629480902891,10177.259487101988,693506
2024-08-30,10474.9208984375,10503.580786377057,10295.50708839556,10420.534264620821,498560
2024-09-02,10700.4990234375,10727.42795479488,10494.733886805921,10508.053714669706,787108
2024-09-03,10621.203125,10693.382086836224,10593.648683517767,10681.119806244771,217394
2024-09-04,10544.3115234375,10607.93055866669,10491.607946930038,10590.76374103498,324246
2024-09-05,10440.4912109375,10594.46662162347,10411.446246404534,10544.60038566831,297298
2024-09-06,10415.8212890625,10496.46438096464,10383.266511666974,10440.490488274054,216847
2024-09-09,10432.6513671875,10485.355879339355,10367.637614600437,10415.820786644317,193055
2024-09-10,10567.44140625,10613.557388082776,10367.686256739726,10380.526149769112,466892
2024-09-11,10983.8779296875,11061.346504163577,10566.33487045311,10644.381056962005,1283385
2024-09-12,11275.0478515625,11328.665279610832,11005.613889014558,11041.583624500037,1409151
2024-09-13,11288.1748046875,11438.97662163168,11241.28961506191,11275.046575909726,417878
2024-09-16,11241.2412109375,11302.264278712339,11194.788993723028,11285.145360756696,172602
2024-09-17,11493.1708984375,11514.858116602367,11197.721880214958,11233.210738453132,444755
2024-09-18,11314.623046875,11592.904308972473,11290.91559543196,11387.57121871483,446416
2024-09-19,11414.01953125,11579.680541045906,11359.392460128134,11359.392460128134,500633
2024-09-20,11484.900390625,11555.396295037226,11414.259848404125,11468.839019418969,772831
2024-09-23,11866.955078125,11906.434627072156,11540.970559359117,11540.970559359117,735579
2024-09-24,11967.650390625,12000.205169821016,11762.701422237176,11762.701422237176,503848
2024-09-25,11923.025390625,11955.196035569024,11839.112912830971,11916.052720550424,262012
2024-09-26,12138.8408203125,12191.59229548836,11917.061281255921,11983.373959829998,641805
2024-09-27,12181.87890625,12285.362561538223,12071.469541915876,12138.840705637127,480852
2024-09-30,11873.6875,12167.213043741096,11811.847319609487,12073.393817709944,479000
2024-10-01,11692.3974609375,12021.843882862144,11648.781647806543,11939.374033825708,670828
2024-10-03,11354.82421875,11559.098828895116,11252.446007193665,11283.2219278971,670365
2024-10-04,11324.0,11491.247324663063,11193.779014423671,11215.129996501613,650553
2024-10-07,11172.6689453125,11364.970551601193,11084.140273098395,11324.000482543344,341323
2024-10-08,11434.3115234375,11480.234965345046,11119.916837546201,11141.844492123579,359432
2024-10-09,11366.0283203125,11530.198814582633,11350.54456047373,11487.11271227743,193883
2024-10-10,11379.396484375,11570.736338423749,11351.601605785143,11369.298135567873,251378
2024-10-11,11422.6279296875,11474.273961768053,11257.831920904833,11435.17854756912,200855
2024-10-14,11444.1220703125,11531.448557236961,11407.864000988042,11472.493622136182,177045
2024-10-15,11080.7734375,11492.882226977825,11028.358200565248,11492.882226977825,476945
2024-10-16,11172.5732421875,11233.211236577883,10945.793360715026,11096.547287199066,504602
2024-10-17,9732.35546875,10855.579757621565,9685.758616726356,10792.922474468895,3668914
2024-10-18,9678.9794921875,9760.871732956597,9464.653486071564,9665.129951715431,1543331
2024-10-21,10098.830078125,10415.581255818915,9503.412549768094,9678.065527943609,2110278
2024-10-22,9971.7353515625,10208.90287321759,9925.235230790822,10098.830672569673,1191148
2024-10-23,10181.78125,10324.456128615175,9946.826502721955,9971.398965688242,1323887
2024-10-24,9908.4033203125,10188.223934850714,9819.441679241992,10102.19543572555,653421
2024-10-25,9815.69140625,9971.591249405876,9545.344542546267,9905.999877906957,644769
2024-10-28,9628.294921875,9899.026850506072,9603.049049311712,9815.691051676438,340768
2024-10-29,9474.0302734375,9688.596710750882,9271.246182564757,9688.596710750882,1100706
2024-10-30,9560.396484375,9673.016750635068,9396.27388369214,9444.36126283079,604822
2024-10-31,9460.037109375,9647.193743579823,9429.934599311324,9559.770516792918,361801
2024-11-01,9498.169921875,9569.387132745236,9462.440628405318,9526.108497471514,53757
2024-11-04,9161.173828125,9517.934255660892,9006.765452863563,9517.934255660892,1125992
2024-11-05,9497.1123046875,9624.495954000638,9136.794152919503,9165.454041724925,1019901
2024-11-06,9637.19140625,9669.409949447383,9472.059162677617,9505.336191712902,514045
2024-11-07,9479.609375,9694.222777498748,9415.460625501884,9685.374512187525,473407
2024-11-08,9531.3037109375,9608.868090704236,9403.24664338679,9479.609777870222,273163
2024-11-11,9539.91015625,9649.117341595416,9425.125962178956,9473.261239073052,359768
2024-11-12,9308.4658203125,9616.513360170211,9292.404449041362,9521.30035660417,316606
2024-11-13,9090.58203125,9338.568249081878,9055.910282420356,9308.46574009556,494123
2024-11-14,9120.2041015625,9152.903518206742,9040.426954584713,9050.044430068314,275791
2024-11-18,9152.4697265625,9235.660882065853,9074.904418031974,9097.217147002499,292519
2024-11-19,9180.5537109375,9327.60434676838,9137.034634607833,9194.306512963902,365397
2024-11-21,9141.4111328125,9188.536766216794,9054.228335331893,9111.116082766883,282212
2024-11-22,9118.9541015625,9235.565992874976,9082.83972942375,9179.880433629512,619823
2024-11-25,9060.576171875,9267.736039832012,9032.733391223206,9194.306986807267,1090141
2024-11-26,8787.919921875,9121.213331681762,8771.233039149818,9102.940129098259,750430
2024-11-27,8838.796875,8902.849830097273,8754.788595969065,8824.034424696933,461513
2024-11-28,8668.7119140625,8917.708741129274,8648.274777747658,8814.512473218909,687966
2024-11-29,8688.0908203125,8743.150865582691,8648.995408119252,8712.566543220202,423101
2024-12-02,8781.0908203125,8824.033221426907,8710.499118065005,8731.512925040503,298320
2024-12-03,8811.337890625,8872.168418846855,8756.710821501856,8756.710821501856,398985
2024-12-04,8654.9111328125,8886.547662376981,8608.602611032074,8811.338813583505,456462
2024-12-05,8551.810546875,8698.188698677517,8411.92419045184,8698.188698677517,1803653
2024-12-06,8751.806640625,8798.98016868116,8588.501160220176,8611.39150258155,746013
2024-12-09,8730.21484375,8820.18613259656,8681.117822773394,8748.055071649582,304202
2024-12-10,8668.5185546875,8746.997714218476,8636.49255077593,8727.954362351531,393944
2024-12-11,8722.9052734375,8759.981391294314,8668.855814768336,8699.054123042988,254311
2024-12-12,8620.3837890625,8747.09402967935,8601.870148592865,8747.09402967935,599056
2024-12-13,8676.3095703125,8704.77692160806,8563.159597366895,8621.249524045561,243931
2024-12-16,8654.140625,8731.465503114177,8626.875457847631,8717.279726859635,228470
2024-12-17,8554.744140625,8646.110154493395,8512.812324679602,8645.917617149204,456493
2024-12-18,8614.1318359375,8661.738336719469,8463.377916794596,8487.421604058216,303382
2024-12-19,8639.0419921875,8658.613179116774,8427.360793239399,8485.498620387349,516640
2024-12-20,8451.115234375,8719.923645198387,8424.330943719737,8607.63963101724,316335
2024-12-23,8433.03515625,8535.461266239283,8386.342502401361,8511.417578448372,514460
2024-12-24,8442.267578125,8515.312489660655,8397.017545428867,8410.482010625981,297827
2024-12-26,8538.8759765625,8558.25556618081,8461.07022086026,8472.996266657163,240675
2024-12-27,8586.7705078125,8828.025445517966,8555.946686514822,8555.946686514822,713799
2024-12-30,8444.046875,8619.61368546738,8403.316306664417,8586.48129772614,1065253
2024-12-31,8462.03125,8501.60753564521,8405.817859510724,8434.52564694799,294554
2025-01-01,8406.2021484375,8431.640558335157,8223.903092771066,8419.185740035256,558535
2025-01-02,8732.1865234375,8758.922916393762,8345.611923668694,8406.154117308824,734590
2025-01-03,8622.740234375,8761.47231906582,8602.831872162104,8751.902743060386,337802
2025-01-06,8486.3154296875,8746.036097329677,8458.569389578272,8660.488468078134,238306
2025-01-07,8473.2841796875,8547.964251990978,8400.960576702753,8530.700695774332,270785
2025-01-08,8311.662109375,8493.144045608107,8282.569248278805,8440.295834056526,415288
2025-01-09,8497.8564453125,8557.629429337825,8359.605239371018,8386.390471315617,612457
2025-01-10,8428.755859375,8516.274889863718,8311.518452740978,8494.587669600422,350859
2025-01-13,8267.4228515625,8415.195746790609,8223.903772425294,8371.532029829958,341577
2025-01-14,8281.80078125,8365.280281664425,8198.897953689266,8290.26397194152,355464
2025-01-15,8249.87109375,8462.41731801192,8233.809720636387,8294.015685240909,347402
2025-01-16,8253.669921875,8309.40338258406,8222.653562082343,8291.225977441525,290855
2025-01-17,8253.140625,8335.080763144826,8204.956510250056,8238.184699551623,183057
2025-01-20,8217.5556640625,8280.260849311002,8138.980705955213,8271.028449050491,294136
2025-01-21,8144.60693359375,8279.492025939106,8090.31609717564,8254.150353968975,343149
2025-01-22,8137.20166015625,8208.467719564876,8073.870957512255,8156.388712274212,344305
2025-01-23,8078.63134765625,8176.970032540217,8055.261070532475,8116.332038651124,347894
2025-01-24,8080.1220703125,8165.188829256496,8040.209546844313,8092.528989434647,232317
2025-01-27,8063.86767578125,8096.904265778444,7973.222974322567,8057.5684175264905,324406
2025-01-28,8077.14111328125,8164.275066854947,8041.507614686967,8104.1179445971065,651069
2025-01-29,8295.888671875,8470.109594050404,8098.057977402075,8098.057977402075,802600
2025-01-30,8413.1748046875,8486.748490291704,8273.433077257037,8328.685660365822,322587
2025-01-31,8509.349609375,8617.16207102819,8409.568303122463,8463.378265275387,315913
2025-02-01,8805.375,8826.918519596209,8469.436787438719,8547.915946647874,418755
2025-02-03,8585.087890625,8799.99058067976,8546.617986447165,8799.99058067976,667412
2025-02-04,8570.517578125,8713.096653832754,8538.009759245911,8607.640658242153,440468
2025-02-05,8586.2900390625,8624.952480440144,8554.744905610514,8588.40607162472,329075
2025-02-06,8507.9541015625,8618.844332908286,8473.956705195535,8580.710671178591,580590
2025-02-07,8645.5341796875,8680.733765874002,8512.475836802932,8550.46486668904,244178
2025-02-10,8540.8466796875,8722.857396330031,8507.473853180425,8645.533459890637,192650
2025-02-11,8426.8310546875,8537.864984284523,8398.507404787251,8492.229880494251,282926
2025-02-12,8378.359375,8482.036509707417,8316.23086047944,8397.979400220476,411042
2025-02-13,8358.884765625,8441.306724147533,8320.511599275249,8381.678371962766,206920
2025-02-14,8181.10498046875,8389.034974549677,8097.818023957322,8367.203118800697,369356
2025-02-17,8210.5830078125,8224.912481973137,8061.993019741063,8169.083227694399,224417
2025-02-18,8123.49609375,8222.941161372491,8069.494534910061,8184.567060270135,206278
2025-02-19,8155.138671875,8201.49509345468,8083.536376112088,8117.197541689731,200819
2025-02-20,8300.0732421875,8309.498179596201,8136.287835123106,8136.335734655526,188845
2025-02-21,8180.6728515625,8284.493691128615,8126.767087304016,8222.941845733649,222132
2025-02-24,8123.833984375,8163.746509316683,8022.513312354486,8127.248000474469,275998
2025-02-25,8095.89501953125,8144.173994834296,8045.066098349522,8126.766739985127,237383
2025-02-27,7917.44189453125,8092.0958093183,7870.364634749559,8040.305141358684,350992
2025-02-28,7600.5947265625,7919.750749468386,7584.629623085851,7919.750749468386,580155
2025-03-03,7419.68994140625,7692.345376627083,7385.836708812771,7631.419043945565,497052
2025-03-04,7052.783203125,7386.22127045414,7037.154805254573,7359.388607415728,1078953
2025-03-05,7136.455078125,7158.575271529206,7021.718784526242,7051.725495594133,749464
2025-03-06,7176.80029296875,7213.106261149871,7094.7634189332475,7194.833058621624,917093
2025-03-07,7284.9970703125,7332.363135953332,7166.077082680084,7176.800473671006,942308
2025-03-10,7100.966796875,7283.3142270492635,7070.768017597542,7283.3142270492635,495241
2025-03-11,7213.05859375,7228.446554269009,7047.685917705964,7074.1339748480095,412703
2025-03-12,7227.58056640625,7279.46703333974,7145.639958851199,7213.058554428232,529286
2025-03-13,7217.626953125,7256.625628040656,7131.358010923623,7256.625628040656,454776
2025-03-17,7199.68994140625,7319.860483660037,7148.669422552234,7213.106507351238,286383
2025-03-18,7199.68994140625,7199.68994140625,7199.68994140625,7199.68994140625,0
2025-03-19,7426.47021484375,7470.518063617791,7327.794824924504,7380.450501882815,409356
2025-03-20,7617.04052734375,7647.768549130601,7426.614514160156,7439.069332661713,606109
2025-03-21,7759.23486328125,7839.204076062172,7634.351853242734,7664.166026516925,703280
2025-03-24,7814.7275390625,7899.746397316564,7761.302651034551,7807.273995624393,453508
2025-03-25,7699.7509765625,7855.5061819724315,7647.81660824694,7847.860101017987,824076
2025-03-26,7671.95654296875,7739.6155776311,7607.423187871581,7707.781639523518,391366
2025-03-27,7669.26318359375,7731.584705648789,7551.882084741105,7598.767277091212,651971
2025-03-28,7577.46435546875,7717.927389468078,7511.969257047258,7665.512150917481,392400
2025-04-01,7687.2958984375,7740.144112994652,7339.09539342224,7339.09539342224,283618
2025-04-02,7764.1396484375,7774.574233103637,7641.083868280709,7657.433575739585,237191
2025-04-03,7609.5390625,7636.32335576649,7540.100702374065,7636.32335576649,470005
2025-04-04,7391.1259765625,7588.043781727159,7359.532476538503,7578.57047471311,461228
2025-04-07,7027.29638671875,7076.105071937851,6818.164676344881,7020.756691614444,469629
2025-04-08,7211.23095703125,7241.814810576148,7064.756994478252,7102.024711666562,259199
2025-04-09,7282.640625,7339.383729203167,7175.117439113958,7237.583128955199,261256
2025-04-11,7471.67236328125,7482.347854743358,7344.240816052216,7424.210028939817,290737
2025-04-15,7689.65234375,7732.450108654868,7529.040506915999,7693.980207616784,387999
2025-04-16,7656.95263671875,7693.499041315285,7563.663130248648,7693.0181675705935,294161
2025-04-17,7711.29150390625,7746.876161631934,7563.663261719968,7688.209563759861,274331
2025-04-21,7932.01318359375,7958.461242102247,7645.89327791092,7703.59813283855,285132
2025-04-22,7829.5869140625,7873.346428199565,7766.111574874671,7872.865554417839,394636
2025-04-23,7945.4775390625,7977.215208830588,7743.029675844845,7800.734529968642,598686
2025-04-24,7887.7724609375,8009.433524926842,7856.5156658414235,7944.034692110437,322100
2025-04-25,7726.6796875,7943.553756398587,7660.319107659634,7910.373466478404,508224
2025-04-28,7786.30810546875,7823.335385861604,7666.089662634808,7726.679757823114,282481
2025-04-29,7769.4775390625,7856.996565621229,7713.215307703318,7825.258896649382,228383
2025-04-30,7722.8330078125,7768.516017510021,7672.341260252082,7751.685434989882,447067
2025-05-02,7521.3466796875,7776.6906530213055,7504.516097641015,7693.980364107154,379515
2025-05-05,7617.521484375,7659.8383766561055,7549.718281970046,7568.47235923099,250175
2025-05-06,7641.56494140625,7736.297072389639,7607.422904351323,7626.657854804803,270568
2025-05-07,7548.75634765625,7672.821778774565,7512.690815354414,7612.712558271505,459640
2025-05-08,7429.01904296875,7568.472439464376,7376.6038008376345,7550.199235785639,461725
2025-05-09,7388.62548828125,7447.292088318368,7320.822286599007,7328.516266931744,248982
2025-05-12,7731.96923828125,7740.624966018613,7480.472260134531,7501.630705714752,296774
2025-05-13,7754.5703125,7798.8106987551155,7645.8928419167805,7731.9692456088,407395
2025-05-14,7792.5595703125,7894.023937442148,7724.756367633447,7780.537725865859,225717
2025-05-15,8007.51025390625,8045.980156639405,7768.035109392359,7823.816468355434,497959
2025-05-16,8158.02392578125,8170.045770646828,7963.270038958886,8030.592370206123,483122
2025-05-19,8512.427734375,8522.526083850871,8167.1603570571115,8174.854337610157,858221
2025-05-20,8237.3681640625,8511.466229066331,8200.34088159707,8511.466229066331,449936
2025-05-21,8355.181640625,8429.717073965827,8208.996016524281,8278.722712230216,572628
2025-05-22,8399.421875,8439.81527040276,8186.875675380717,8328.73343304517,916615
2025-05-23,8406.6357421875,8499.925259061107,8380.668557078352,8429.717684506742,321989
2025-05-26,8615.8154296875,8635.050380694225,8434.526016449112,8448.471355928988,440577
2025-05-27,8620.1435546875,8660.056079235032,8560.034330971337,8602.832098257244,401273
2025-05-28,8510.50390625,8662.460016227116,8439.334588918946,8646.110308191604,312080
2025-05-29,8535.0283203125,8598.022782533522,8465.301625487704,8566.285114544306,330341
2025-05-30,8277.76171875,8525.892603313438,8256.603271229087,8450.876289375654,1434828
2025-06-02,8187.83740234375,8291.706133118769,8093.1052728869045,8291.706133118769,457251
2025-06-03,8235.4443359375,8271.0289955696,8165.23676423092,8187.356958056281,566074
2025-06-04,8235.92578125,8309.980348326108,8200.821992960677,8223.423062133255,431009
2025-06-05,8230.154296875,8284.493031058282,8183.990416506902,8284.493031058282,381642
2025-06-06,8306.61328125,8352.777161937738,8214.285519874522,8278.72260333449,435024
2025-06-09,8310.4599609375,8372.011799555716,8270.547440583501,8347.968112595476,443544
2025-06-10,8296.0341796875,8332.58058576542,8246.023308212454,8314.30738272646,350288
2025-06-11,8385.4765625,8434.525685643423,8280.646083624843,8305.170645196553,462124
2025-06-12,8239.291015625,8421.061297164993,8213.323832547858,8398.460230412666,368162
2025-06-13,8139.75048828125,8160.908934638216,8030.592140030535,8136.3843718153685,250910
2025-06-16,8203.2255859375,8266.22004937368,8127.72840456742,8161.870442002297,203598
2025-06-17,8169.564453125,8226.78843157705,8131.575425413135,8165.236589208459,286217
2025-06-18,8144.078125,8326.329282851619,8117.630067791982,8179.662783788971,561114
2025-06-19,8171.0068359375,8227.749938964844,8128.209071789757,8155.618875794491,332303
2025-06-20,8254.8271484375,8286.383052003383,8135.506388079008,8199.604317197205,567646
2025-06-23,8171.5,8212.917124238218,8140.4371568213355,8160.159596934774,271619
2025-06-24,8260.744140625,8307.584936456406,8215.8755888286,8246.938432379953,214129
2025-06-25,8273.0703125,8319.91110633083,8254.82705595536,8290.327447069254,276176
2025-06-26,8315.966796875,8347.522700764483,8244.966013123665,8253.841111092583,371685
2025-06-27,8318.92578125,8388.94044820931,8297.231095713312,8350.481687485182,504248
2025-06-30,8259.7578125,8378.092451647564,8243.979860613657,8352.45327983226,303799
2025-07-01,8282.4384765625,8292.299696322665,8184.812400936868,8253.840939258022,363782
2025-07-02,8240.5283203125,8292.792785217252,8199.111197180431,8234.118527446823,267604
2025-07-03,8266.16796875,8347.029975721369,8234.119002572324,8261.730419586938,175619
2025-07-04,8315.966796875,8332.730870816287,8248.417440111578,8265.674575051138,183720
2025-07-07,8346.0439453125,8366.259447277278,8287.369683512288,8315.967222877096,123117
2025-07-08,8223.7646484375,8356.398061137883,8175.937730103162,8345.55071883525,253579
2025-07-09,8244.9658203125,8259.757649914782,8195.166660651481,8234.11847860416,157280
2025-07-10,8170.02099609375,8277.508297068309,8153.256921629828,8277.508297068309,229552
2025-07-11,7955.04638671875,8184.812818862728,7933.844763151817,8170.514049480377,539579
2025-07-14,7975.26171875,8007.310683925812,7923.983374468702,7977.727023763524,248351
2025-07-15,8195.66015625,8210.451986636686,7977.727188552822,8015.199825532427,366546
2025-07-16,8187.27783203125,8229.188016657727,8070.9154370683245,8195.659868956545,275493
2025-07-17,8214.396484375,8239.049535048394,8147.833247556835,8163.611199987808,249880
2025-07-18,8231.6533203125,8248.910455155923,8189.74313569276,8189.74313569276,268313
2025-07-21,8321.390625,8332.731028174438,8190.729457990164,8190.729457990164,253964
2025-07-22,8179.88232421875,8352.453681269779,8162.132127493502,8352.453681269779,302466
2025-07-23,8280.466796875,8288.35577322072,8175.44479927262,8198.125606266562,194644
2025-07-24,8173.47216796875,8317.93904045562,8161.145643012533,8292.792929544936,298692
2025-07-25,7963.42822265625,8165.090171951428,7932.858440611504,8160.1595619442105,554118
2025-07-28,7977.23388671875,8044.783243445399,7962.935117776612,7963.428178774617,232171
2025-07-29,8014.70654296875,8032.949799941364,7944.198820074593,7977.233907025002,209998
2025-07-30,7931.87255859375,8019.637419377594,7913.629301015086,7978.22029406387,222804
2025-07-31,7896.865234375,7981.671729149756,7820.440776874492,7879.115037794237,297025
2025-08-01,7932.8583984375,7978.713071260838,7841.149052790824,7896.86494557617,329818
2025-08-04,8073.8740234375,8091.131158754771,7932.858574844942,7932.858574844942,221221
2025-08-05,8116.27734375,8122.194075912384,8017.172080030071,8062.533693275013,194083
2025-08-06,8064.9990234375,8154.243067164479,8007.310884674757,8154.243067164479,515934
2025-08-07,8114.7978515625,8134.52029135242,7749.439654454236,7958.004455232638,456168
2025-08-08,8109.8671875,8162.13165259454,8071.4084301662815,8114.79779741458,282679
2025-08-11,8160.15966796875,8184.812718325151,8019.637280937264,8120.714787398509,180274
2025-08-12,8082.7490234375,8206.014274206693,8066.478010335967,8160.65266192363,184529
2025-08-13,8134.02734375,8194.180785947825,8075.353084557041,8100.499195639738,367519
2025-08-14,8099.51318359375,8165.090297699671,8084.228292335979,8135.5066372007595,364270
2025-08-18,8469.30859375,8509.73959477972,8283.424601210922,8283.424601210922,995976
2025-08-19,8673.4365234375,8733.09690768717,8466.843953184512,8489.524760419923,1052384
2025-08-20,8704.9921875,8749.367678685217,8641.88037781436,8672.45016063084,490202
2025-08-21,8563.9765625,8745.916072636594,8510.232913164258,8712.38792442714,510564
2025-08-22,8559.0458984375,8594.0532294352,8461.912881443883,8563.976508437176,369875
2025-08-25,8629.060546875,8642.373193853207,8513.68427306386,8628.567485875807,360880
2025-08-26,8570.8798828125,8702.527177796734,8526.011329091281,8608.84558211507,778390
2025-08-28,8568.9072265625,8675.90146490556,8540.802749209714,8675.90146490556,394657
2025-08-29,8511.7119140625,8608.844929591105,8452.544594958781,8593.066977830113,344340
2025-09-01,8842.5556640625,8912.077262625722,8544.746830500899,8544.746830500899,658701
2025-09-02,8905.1748046875,8983.07844341961,8802.125054719078,8845.514423126835,548186
2025-09-03,8989.48828125,9002.80092844141,8867.209151491883,8926.376472342585,322758
2025-09-04,8945.1123046875,9223.691758559644,8920.95231665257,9220.240331697512,652617
2025-09-05,8958.42578125,9044.711460798613,8927.362936612499,8990.474747939485,231190
2025-09-08,9302.58203125,9358.297925113957,8947.085044737505,8975.682583180951,713087
2025-09-09,9252.783203125,9297.651756438672,9108.316322675484,9260.179118506376,505482
2025-09-10,9115.7119140625,9308.991829159455,9052.60010505125,9294.199998922442,454231
2025-09-11,8987.0234375,9115.219305923218,8949.057738005431,9115.219305923218,472941
2025-09-12,8874.60546875,9077.25355184663,8854.883027572712,8988.502566548836,481492
2025-09-15,8899.7509765625,8965.328089021381,8839.597535058863,8901.230159550294,325549
2025-09-16,8946.591796875,8972.72402973443,8894.820392153486,8906.653856089832,219134
2025-09-17,8957.9326171875,9009.210963300859,8944.126908618518,8950.53670188269,172732
2025-09-18,8949.0576171875,8988.50249924673,8899.751514613465,8973.217607448778,183574
2025-09-19,8846.9931640625,8937.716384381705,8826.284602902682,8924.403737921823,467648
2025-09-22,8928.841796875,9067.391940169598,8835.160205323493,8846.993669519472,525239
2025-09-23,8859.8134765625,9096.975827401531,8825.79226615108,8953.002009428565,451186
2025-09-24,8716.33203125,8874.111545335305,8681.81776254384,8865.236447668005,240914
2025-09-25,8719.7841796875,8786.347417700383,8636.45686691582,8698.582555727842,441002
2025-09-26,8581.2333984375,8756.763109414502,8547.705251396948,8707.457010825457,335841
2025-09-29,8596.5185546875,8706.47115793931,8555.101430592647,8623.636909749606,394174
2025-09-30,8558.0595703125,8647.303609157148,8520.093874229418,8599.969754300319,285609
2025-10-01,8506.78125,8723.728085332985,8467.336370848549,8598.983655016518,551282
2025-10-03,8559.0458984375,8577.782216436268,8373.654962449684,8506.781432440936,915075
2025-10-06,8669.984375,8681.324777674306,8530.941176993289,8577.288909662193,300715
2025-10-07,8780.4306640625,8791.278006527087,8663.575202057626,8677.873971670037,490577
2025-10-08,8669.984375,8779.443913856347,8629.06031317533,8779.443913856347,408647
2025-10-09,8687.7353515625,8695.131267015022,8580.741108016015,8653.22107945073,217161
2025-10-10,8822.3408203125,8830.722857642479,8659.630683907028,8693.651894246354,228686
2025-10-13,8940.1826171875,8957.932814309646,8793.250429898624,8822.834091768867,374531
2025-10-14,8976.17578125,8993.432916781105,8907.147239125585,8973.710476174128,297332
2025-10-15,8873.1259765625,9052.600185023755,8831.215790520722,8980.120216222094,300055
2025-10-16,9024.4951171875,9049.64122716819,8896.792323363998,8904.681299044214,334619
2025-10-17,9023.509765625,9066.899135570631,8964.342442971867,9023.016704602891,466036
2025-10-20,8997.8701171875,9108.315780306028,8974.203189376387,9066.89865663658,303686
2025-10-21,8991.4609375,9037.808674291236,8954.974421302642,9032.385002964602,27642
2025-10-23,8921.4462890625,9029.919715811353,8891.862627221904,9009.211152522936,249420
2025-10-24,8950.5361328125,8972.72387731625,8886.931265235085,8944.126339955861,332130
2025-10-27,8969.2724609375,8988.501839530021,8929.334520783801,8973.216948853915,310061
2025-10-28,8931.7998046875,9003.293648004072,8893.834108581459,8973.709988700663,459991
2025-10-29,8908.6259765625,8963.848807499793,8835.652949966792,8963.848807499793,226605
2025-10-30,8799.1669921875,8939.19632233326,8780.92373438682,8908.62653899158,250532
2025-10-31,8769.08984375,8925.39018001476,8679.845803169806,8815.437577531979,261013
2025-11-03,8798.673828125,8833.188099235605,8732.110590983119,8776.486082411038,206987
2025-11-04,8629.5537109375,8796.208330655068,8592.0810745513,8796.208330655068,517334
2025-11-06,8599.4765625,8698.088758618342,8581.726367198698,8633.497770160828,326774
2025-11-07,8600.462890625,8628.074306200017,8485.579679393239,8598.983707647767,290120
2025-11-10,8650.2626953125,8715.346751159585,8564.963137270488,8672.94350265315,992874
2025-11-11,8771.5556640625,8820.86176672727,8604.901037055579,8696.61038801205,380748
2025-11-12,8744.9296875,8810.99985992473,8677.873393098782,8810.99985992473,439922
2025-11-13,8744.4365234375,8772.047938453712,8719.29041333345,8764.652023717226,276001
2025-11-14,8720.27734375,8744.437334129043,8659.630837288321,8744.437334129043,550371
2025-11-17,8821.3544921875,8899.751192442254,8727.179839680215,8727.179839680215,457995
2025-11-18,8797.1943359375,8874.111851709624,8776.485773998851,8850.937984778278,276172
2025-11-19,8761.201171875,8850.445215552718,8740.492609253652,8825.792164813018,326292
2025-11-20,8854.8828125,8880.028924390279,8766.6248903753,8800.153039562338,189991
2025-11-21,8768.5966796875,8833.187669624469,8739.013020174385,8825.791754746191,320271
2025-11-24,8882.494140625,8923.418204664515,8734.575836867714,8781.41663305752,466198
2025-11-25,8922.431640625,9018.08547231605,8876.083907743769,8899.750835172483,482151
2025-11-26,9036.822265625,9052.600218074804,8902.709669801668,8928.3488425326,354143
2025-11-27,8897.2861328125,9126.066446784514,8871.153898673454,9066.406063184053,602295
2025-11-28,8947.578125,8979.627090565935,8798.180639361879,8905.667939259933,432445
2025-12-01,8969.765625,9061.968031105705,8929.827684387368,9002.307650684366,449503
2025-12-02,8959.4111328125,9015.12702395816,8863.264241012464,8973.709901336608,319833
2025-12-03,8875.5908203125,8978.640566518006,8825.79166066295,8959.411188039467,412081
2025-12-04,8958.9189453125,8968.780165945756,8863.265105169923,8880.029180246458,275604
2025-12-05,8982.5849609375,9003.293522160433,8919.966216287206,8928.348252972679,279893
2025-12-08,8900.7373046875,8997.870323135508,8832.20182466581,8988.502163995852,299426
2025-12-09,8836.6396484375,8909.119618771185,8756.763762763641,8865.237187752831,373015
2025-12-10,8866.22265625,8876.576936963005,8780.430044627961,8836.638997069987,307300
2025-12-11,8927.85546875,8957.932189553763,8836.639184345142,8866.222844152124,136142
2025-12-12,8889.8896484375,8963.355735937066,8835.652939545202,8939.195747430498,356060
2025-12-15,8815.9306640625,8917.00816887977,8760.707832162332,8914.542863884228,507849
2025-12-16,8882.9873046875,8902.709745417269,8767.611026418357,8815.931006206289,278902
2025-12-17,8771.5556640625,8883.973578138175,8736.055270143866,8882.98745608488,256364
2025-12-18,8708.443359375,8767.61067922128,8613.77564762095,8767.61067922128,338487
2025-12-19,8877.0703125,8885.945410568485,8704.498961168352,8707.950388194984,215196
2025-12-22,9036.822265625,9057.530828215367,8872.63294794423,8884.95947329564,377385
2025-12-23,8972.724609375,9056.54498433894,8953.988290265414,9056.54498433894,215559
2025-12-24,9042.7392578125,9066.899248195969,8944.12705216569,8973.710713859733,167717
2025-12-26,8938.703125,9058.023890417287,8926.376599646974,9055.06552433256,105815
2025-12-29,8960.890625,9000.33550504842,8929.827781961869,8943.633489978816,263943
2025-12-30,9153.1845703125,9169.948644617101,8900.244272716598,8960.89077681854,464922
2025-12-31,9213.337890625,9267.574600887696,9167.483217402902,9190.657084515145,319864
