Price,Close,High,Low,Open,Volume
Ticker,BAJAJHLDNG.NS,BAJAJHLDNG.NS,BAJAJHLDNG.NS,BAJAJHLDNG.NS,BAJAJHLDNG.NS
Date,,,,,
2020-01-01,3034.007080078125,3097.2624909706456,3017.2049403935216,3063.478333612779,12825
2020-01-02,3121.612060546875,3130.7768441064322,3038.364965782745,3041.464790012145,25577
2020-01-03,3115.63720703125,3136.7072822559326,3095.375705348521,3136.7072822559326,17829
2020-01-06,3099.912841796875,3112.222418170734,3084.638130542049,3108.8529965704047,17488
2020-01-07,3051.93212890625,3127.5870502913135,3037.016954326581,3099.912823834953,31735
2020-01-08,3072.77783203125,3095.375331977984,2965.091029180652,2965.091029180652,39466
2020-01-09,3071.475341796875,3098.9699147236142,3051.3487475794127,3098.924945221548,74890
2020-01-10,3042.767578125,3086.3904033905806,3032.4796539863783,3080.0558464629066,20996
2020-01-13,3051.303466796875,3072.867766700015,3019.001986439643,3054.9424862782103,86638
2020-01-14,3063.793212890625,3074.5303943637723,3045.957650407618,3056.515173237202,16111
2020-01-15,3064.061767578125,3078.30327590816,3030.682121902575,3063.0285661327835,46709
2020-01-16,3051.303466796875,3073.766279195979,3038.320005102873,3072.912736197494,7275
2020-01-17,3042.722900390625,3072.868041195734,3033.3334878417345,3069.8581556834256,45682
2020-01-20,3033.153564453125,3059.4350550138165,3021.7424996037275,3057.188773769313,21918
2020-01-21,3028.21142578125,3039.667458917875,3020.7986984575514,3039.667458917875,44703
2020-01-22,3012.89208984375,3045.9124244238765,2998.605828750364,3032.4797063381116,25284
2020-01-23,3006.781494140625,3030.5920702582375,2994.7864864692,3012.891421696306,41158
2020-01-24,3000.088134765625,3018.911926931962,2990.24946720025,3006.647319597006,13340
2020-01-27,2967.427734375,3030.4583041149663,2956.1063881219297,2992.0468913209806,20718
2020-01-28,2933.239013671875,3017.3846212050958,2929.1507379410255,2972.27933776347,21040
2020-01-29,3070.486572265625,3080.100611398187,2929.150523091625,2946.222259269153,119568
2020-01-30,3049.416748046875,3129.339391368331,3015.8572182925086,3086.3904498241523,48165
2020-01-31,3103.7314453125,3144.7934183595476,3010.0165575727096,3049.4164142880804,80743
2020-02-03,3235.363525390625,3257.466799028468,3145.691943122178,3167.840186253136,106272
2020-02-04,3349.968994140625,3387.3919500878837,3234.6448329751674,3251.7165695936474,581865
2020-02-05,3473.19970703125,3549.124005374062,3351.630934569432,3382.8542406926595,252064
2020-02-06,3399.926513671875,3513.09412527105,3379.3506640587216,3479.0405874317917,50109
2020-02-07,3399.072509765625,3454.7802802138062,3388.2903606466225,3401.7680470453756,19035
2020-02-10,3378.406982421875,3408.057894767599,3369.4218574686256,3401.813276797771,37538
2020-02-11,3441.16796875,3477.198186108633,3369.466631901312,3369.466631901312,49094
2020-02-12,3420.142578125,3474.5475493609574,3391.884406216089,3441.1679004994435,30355
2020-02-13,3508.60107421875,3527.5597740969224,3370.320100009566,3427.8248951043706,155572
2020-02-14,3375.30712890625,3539.9145727492,3347.8575285395063,3509.6347457920942,114918
2020-02-17,3340.893798828125,3387.3918164679703,3306.5256988334568,3383.7977667953255,32564
2020-02-18,3324.046630859375,3350.5527467156667,3306.7952366154136,3340.893738395154,17582
2020-02-19,3382.00048828125,3419.288750838017,3293.5419912210623,3340.6239506558263,65449
2020-02-20,3306.79541015625,3387.3919329644505,3288.5555635676096,3378.4068084738283,42410
2020-02-24,3320.093505859375,3360.4366278981415,3288.7352891307373,3316.9487122236415,22169
2020-02-25,3272.607177734375,3369.4219003374033,3257.107836992823,3336.5812243427667,34366
2020-02-26,3129.518798828125,3277.773350021533,3113.3455750615713,3277.773350021533,53905
2020-02-27,3105.4833984375,3166.0430448128564,3068.6893605261557,3131.315629238246,27827
2020-02-28,3042.947265625,3081.8978701845003,3010.735724168373,3062.9391687187626,21849
2020-03-02,3049.46142578125,3108.8531886036917,3032.5695666055676,3108.8531886036917,14706
2020-03-03,3062.554443359375,3125.836614648004,3045.915517183019,3101.1966551445325,17842
2020-03-04,3022.00341796875,3096.832985171379,3015.957135841242,3077.6481706052564,21675
2020-03-05,3039.64208984375,3089.513143206688,2999.044901423713,3031.095208186023,51392
2020-03-06,2870.207275390625,3036.777904266755,2838.3387697600615,2932.3076308372138,52501
2020-03-09,2621.123779296875,2862.251116091372,2590.482825404269,2862.251116091372,90244
2020-03-11,2763.736083984375,2802.9239177622,2636.853435285117,2660.2205613332785,121794
2020-03-12,2646.40087890625,2736.0961924179683,2582.2092503005833,2596.7569080487556,226971
2020-03-13,2686.270263671875,2795.8778105259817,2250.2496651173365,2455.0081135727305,53783
2020-03-16,2492.150390625,2658.493738880184,2386.725365997172,2627.67097437403,77837
2020-03-17,2415.91162109375,2526.519201529437,2409.183195655368,2502.1973342722486,362881
2020-03-18,2308.576416015625,2527.609449030444,2270.024998624458,2445.8243987542633,171989
2020-03-19,2091.771240234375,2245.4761453036203,1945.7490498509114,2127.7765567541237,407407
2020-03-20,2074.314453125,2199.6517294347314,2010.1230343450131,2092.6810520933,93449
2020-03-23,1659.478515625,1999.3025763023675,1659.478515625,1909.3799612069026,119719
2020-03-24,1387.437255859375,1759.7663455769577,1327.6100841054802,1729.8073093716757,436901
2020-03-25,1449.7650146484375,1526.140217677894,1377.0267260489547,1386.573626427637,152056
2020-03-26,1594.741455078125,1594.741455078125,1459.3118998009375,1482.042614751108,63137
2020-03-27,1727.5341796875,1754.174619591236,1636.611328125,1732.080322265625,79150
2020-03-30,1674.071533203125,1726.6249868893087,1609.3345059473809,1645.7036473247229,52133
2020-03-31,1635.29296875,1732.080298515202,1618.2903291470686,1702.9849864141593,43449
2020-04-01,1595.287109375,1653.8868491618541,1568.8739737376466,1653.8868491618541,30051
2020-04-03,1749.9010009765625,1754.810856659476,1545.6883193373624,1618.4265931885325,47262
2020-04-07,1799.2723388671875,1837.2780243763762,1756.7659055940123,1800.2724680403592,26401
2020-04-08,1840.9605712890625,1885.603783454317,1750.2650202402497,1843.8700583553532,25453
2020-04-09,1896.105224609375,1919.29055379885,1846.6432777970165,1868.2374569440765,29635
2020-04-13,1923.8367919921875,1954.841577430739,1860.2817988015313,1900.2878589908114,35584
2020-04-15,1898.924072265625,1959.342272831174,1736.6267551004757,1959.342272831174,34275
2020-04-16,1882.1939697265625,1900.2875277298497,1850.279961210643,1877.556815675665,17477
2020-04-17,1918.56298828125,1954.7956078277957,1882.1028396488707,1954.7956078277957,50515
2020-04-20,1922.7452392578125,1952.1133607625472,1891.7859680645195,1952.1133607625472,15436
2020-04-21,1796.2264404296875,1914.8352560285018,1750.2648945179799,1892.1045431126838,42784
2020-04-22,1775.22314453125,1805.7278051726628,1737.0810532640344,1805.7278051726628,21968
2020-04-23,1756.811279296875,1823.0031590953631,1750.310384254541,1800.2724463884383,29297
2020-04-24,1710.895263671875,1749.6284874606342,1704.848982798712,1736.6264752136344,22447
2020-04-27,1725.2156982421875,1759.3117694687965,1704.8035613304503,1754.7202318041689,20249
2020-04-28,1762.3121337890625,1767.5401976452663,1677.526576468887,1741.1725712400644,48507
2020-04-29,1821.04833984375,1895.6959799887616,1763.857843085824,1767.4947572072845,76668
2020-04-30,1852.82568359375,1888.4673925870532,1842.369556961708,1852.098256475603,44807
2020-05-04,1720.805908203125,1818.4570753472337,1708.5768287673395,1818.4570753472337,52291
2020-05-05,1719.1239013671875,1800.1816497621012,1716.9872364472274,1800.1816497621012,23984
2020-05-06,1725.806640625,1754.8110527624028,1707.031049391005,1731.1711111189713,19646
2020-05-07,1725.5338134765625,1744.9912137027027,1717.9416670538728,1722.987929396046,8007
2020-05-08,1706.5762939453125,1762.948457816037,1702.9848859655979,1734.8078816990715,20724
2020-05-11,1731.6712646484375,1762.3122221282888,1712.7592665725083,1722.9425818504317,20122
2020-05-12,1746.0823974609375,1750.7194405170076,1704.8034022172887,1718.4418294350269,20852
2020-05-13,1755.3111572265625,1836.6416036455364,1745.7187519799159,1804.909506216273,44225
2020-05-14,1729.898193359375,1790.2254846283681,1709.3496506085326,1752.9926204113037,29744
2020-05-15,1750.4921875,1756.6294799376703,1715.4868898925463,1738.4449097519803,13893
2020-05-18,1688.7557373046875,1759.3118552727694,1682.391137031977,1759.2664604361426,79811
2020-05-19,1717.168701171875,1734.3076339858414,1691.1647916276027,1704.803217366535,123108
2020-05-20,1730.8983154296875,1744.5367434369282,1695.7112155669308,1702.0758153036431,19525
2020-05-21,1735.9898681640625,1841.1875520507467,1710.2586594604713,1777.5415625971405,77297
2020-05-22,1812.5924072265625,1825.958020944866,1709.3494731115886,1750.2647530530894,194719
2020-05-26,1811.274169921875,1827.549383143855,1788.4525555442601,1818.4570976555772,15860
2020-05-27,1821.821044921875,1846.0975117177761,1772.9955203721631,1811.1831161955636,15851
2020-05-28,1812.7744140625,1836.596157578017,1796.6356073667712,1818.502598299726,29663
2020-05-29,1819.00244140625,1826.549082047255,1787.6340594236722,1802.9545368316953,41290
2020-06-01,1878.4661865234375,1950.2952420584577,1828.0949025958532,1828.0949025958532,46027
2020-06-02,1989.5740966796875,2004.8491824658338,1829.3680522091872,1894.8325153101123,77370
2020-06-03,2070.904541015625,2154.8718954377273,2009.349805951161,2045.764457694045,90820
2020-06-04,2038.1260986328125,2136.686350431091,2000.3021152971914,2099.089674154026,36981
2020-06-05,2218.563232421875,2267.434268407365,2029.8983028034718,2073.0411543612477,103625
2020-06-08,2273.207763671875,2348.628452569651,2260.3422679538553,2308.531383079179,116655
2020-06-09,2276.162353515625,2317.577752727836,2273.9802940844315,2295.80177631475,105811
2020-06-10,2244.839599609375,2301.4390721946156,2219.244906822511,2270.343502736477,62721
2020-06-11,2197.286865234375,2258.9325991107658,2183.9667571104515,2257.614262241986,33512
2020-06-12,2136.14111328125,2163.508976901723,2013.940905163823,2046.6731275502325,81026
2020-06-15,2108.091796875,2168.509986699704,2073.0409935745597,2168.509986699704,39449
2020-06-16,2107.046142578125,2163.963938319039,2076.4961966366905,2163.0547097735266,93404
2020-06-17,2135.823486328125,2158.372399994574,2077.587350126677,2113.0472655117715,56419
2020-06-18,2184.966796875,2200.332667621515,2136.5048800889067,2153.9620204939542,51687
2020-06-19,2297.847900390625,2336.6719158806145,2193.6502176192434,2243.3851979139454,102066
2020-06-22,2490.4677734375,2523.1089864888836,2336.217031400065,2344.58188886926,73903
2020-06-23,2653.992431640625,2713.956005598772,2509.561620544177,2545.8397481636657,158949
2020-06-24,2581.072509765625,2732.231754062775,2559.478332008889,2727.6856113771464,88119
2020-06-25,2439.1875,2627.670631566791,2409.4557694297564,2564.024630110156,115607
2020-06-26,2459.508544921875,2568.57045673308,2439.9146267763613,2447.006653318307,69325
2020-06-29,2384.58837890625,2518.563306397636,2368.54058237034,2475.8295607656187,64120
2020-06-30,2312.16796875,2413.819754752783,2296.029163620109,2400.363129178136,59150
2020-07-01,2336.853515625,2363.584966428414,2303.9849944914827,2352.1741044788737,56481
2020-07-02,2351.5830078125,2399.4537952309347,2337.4444615159214,2373.0861711075177,50667
2020-07-03,2315.35009765625,2380.314421796574,2305.803199550854,2357.583712021822,64130
2020-07-06,2413.50146484375,2427.5945061115135,2332.1710226976425,2332.1710226976425,98296
2020-07-07,2593.9384765625,2625.8524928120187,2425.8221782626265,2440.3698375025824,182357
2020-07-08,2545.70361328125,2634.898799754318,2511.5620372516387,2622.6697203027575,103002
2020-07-09,2520.517333984375,2581.2993392354865,2495.968168024756,2563.114771857991,82881
2020-07-10,2484.693603515625,2568.5699130661937,2461.5992937970495,2516.7439006609643,88996
2020-07-13,2476.056640625,2514.016932462361,2437.823535827613,2514.016932462361,128517
2020-07-14,2397.863037109375,2469.4647867244526,2373.086558671142,2469.4647867244526,58959
2020-07-15,2369.677001953125,2441.233247266056,2363.994323291367,2432.1409614072427,82215
2020-07-16,2355.174560546875,2391.270886567968,2320.4420772367525,2391.270886567968,120716
2020-07-17,2399.27294921875,2407.637809599367,2363.0400935414787,2366.2679001066285,24481
2020-07-20,2469.510009765625,2495.8321293569106,2402.9998145514655,2418.547710050777,63512
2020-07-21,2455.280517578125,2534.01979334658,2411.2739475978224,2507.6521672227727,57334
2020-07-22,2418.683837890625,2519.835497324651,2383.996863245085,2459.4628203958637,78711
2020-07-23,2429.504150390625,2445.824758191555,2410.546646651455,2423.0940448254623,31608
2020-07-24,2432.09521484375,2441.23300562329,2410.364742584008,2423.09394152636,24151
2020-07-27,2438.59619140625,2450.688974101321,2424.0940421276246,2445.5517002075303,29928
2020-07-28,2474.238037109375,2495.7412021816135,2437.050680529507,2444.6426052599254,61778
2020-07-29,2452.96240234375,2500.3785837862433,2423.9578775840496,2481.2847836918754,145859
2020-07-30,2409.13720703125,2472.1922923189845,2388.8160832372864,2472.1922923189845,48288
2020-07-31,2415.001953125,2433.095511823921,2366.312721637084,2416.729398515688,73788
2020-08-03,2365.312744140625,2409.4558379449413,2349.446749150841,2409.4558379449413,24981
2020-08-04,2358.35693359375,2409.1827180790106,2314.077549928938,2363.9941059119246,60024
2020-08-05,2395.4990234375,2422.184971430361,2359.4026926961205,2359.448198521692,32782
2020-08-06,2418.912109375,2454.008428376329,2409.5472307111413,2445.8253695192016,29485
2020-08-07,2455.871826171875,2470.5102726796217,2418.911552324284,2430.2769092307462,26300
2020-08-10,2462.19091796875,2512.152982488032,2454.917089555253,2484.921631760928,33606
2020-08-11,2478.239013671875,2502.1972777063097,2468.41952170646,2471.283503199764,17508
2020-08-12,2439.55078125,2490.376559443522,2432.3222379680547,2490.376559443522,17703
2020-08-13,2442.96044921875,2485.4668775083674,2428.139981697254,2454.3258043764017,16766
2020-08-14,2362.948974609375,2461.645567349255,2320.624336398948,2443.006379955116,55479
2020-08-17,2375.5869140625,2425.1398704557278,2363.9942499521576,2381.2240867241526,30566
2020-08-18,2390.4072265625,2404.909376706642,2385.8155782526383,2399.4540057197837,11573
2020-08-19,2393.771484375,2413.047085394989,2387.7252032604442,2400.36339141582,11869
2020-08-20,2377.45068359375,2391.2254063300716,2365.4034061846287,2381.2693988293986,9683
2020-08-21,2408.2734375,2448.552303675659,2386.7702726780567,2400.0903811564867,172465
2020-08-24,2425.2763671875,2456.917568015941,2409.4558777631028,2436.7327367566477,64087
2020-08-25,2425.912841796875,2442.960877522239,2386.7705073755124,2429.231437292893,82904
2020-08-26,2507.87939453125,2545.703387179704,2429.4584400208464,2441.278409976038,199877
2020-08-27,2592.80126953125,2607.621737941572,2509.470569309605,2545.8397079952515,125650
2020-08-28,2529.610107421875,2618.5782093329003,2514.0169266685657,2618.5782093329003,53007
2020-08-31,2435.641357421875,2559.6145305769046,2418.6388288173557,2536.7475225259095,45523
2020-09-01,2408.5009765625,2480.102726463584,2393.998825264175,2419.639026547113,37017
2020-09-02,2410.728515625,2427.458454319781,2400.3633988309903,2408.5009500485257,17923
2020-09-03,2408.22802734375,2433.004504479157,2404.909432042231,2410.8194174139794,14692
2020-09-04,2355.356201171875,2407.455033572869,2350.3554449061176,2398.5445507397826,29477
2020-09-07,2259.478759765625,2391.2714116103475,2247.6132811790035,2354.9022646657036,67357
2020-09-08,2233.0654296875,2295.8022027528245,2215.744580553972,2268.525344898336,69747
2020-09-09,2214.01708984375,2226.473476947232,2168.6011668385477,2219.4269554785888,55969
2020-09-10,2247.65869140625,2277.6177305316855,2220.7909408477612,2220.7909408477612,21649
2020-09-11,2237.748046875,2267.252694727659,2230.610735020847,2254.8870960542095,10273
2020-09-14,2246.33984375,2271.5254268179924,2233.928742515946,2243.0665326162807,17060
2020-09-15,2272.480712890625,2288.5740155835574,2237.2481027384547,2246.3856730780712,20256
2020-09-16,2289.619140625,2302.1665381911585,2273.0712264920603,2282.1180055775762,15916
2020-09-17,2260.97802734375,2300.347658141855,2251.5676473845488,2300.347658141855,10281
2020-09-18,2352.629150390625,2382.224587576977,2255.2961782461666,2270.298451089237,78724
2020-09-21,2287.982666015625,2377.6326910751677,2263.979120756087,2371.268091137299,20393
2020-09-22,2186.0126953125,2281.8000098301145,2175.3292600749323,2254.9322623473713,55015
2020-09-23,2268.2978515625,2307.6219850749076,2183.0576777639294,2271.6164468705433,25531
2020-09-24,2206.78857421875,2236.7021029830603,2186.740041460723,2204.924611403675,19180
2020-09-25,2219.426513671875,2272.1617606169666,2173.464973878123,2236.6563473726724,32098
2020-09-28,2266.343017578125,2291.2557893530557,2241.2937283422516,2243.0666794976146,16278
2020-09-29,2213.471435546875,2281.254469459832,2191.513654495182,2273.071412375281,29069
2020-09-30,2194.832275390625,2224.382204093814,2183.05780973405,2213.471461188021,15996
2020-10-01,2227.155517578125,2263.0700482759553,2203.6518688232563,2216.699388387617,38863
2020-10-05,2207.379638671875,2253.932096592909,2202.560682903295,2246.703773929854,18383
2020-10-06,2238.248046875,2249.4316032840225,2217.608601620748,2217.608601620748,21171
2020-10-07,2206.69775390625,2247.6130398254018,2200.5149551936515,2247.6130398254018,10798
2020-10-08,2182.6484375,2229.42819765937,2176.692946654377,2210.3799057009014,27881
2020-10-09,2180.966796875,2209.425699040465,2153.9627493937705,2184.012801754018,38741
2020-10-12,2180.966796875,2204.3339296252984,2159.4181214901664,2204.3339296252984,55773
2020-10-13,2182.421142578125,2200.0145802980915,2173.1015507536167,2180.966288233188,126903
2020-10-14,2186.694580078125,2200.3330078125,2169.873852539062,2183.96689453125,106144
2020-10-15,2160.872802734375,2200.3332356058636,2128.867778087304,2197.560043950184,85192
2020-10-16,2140.36962890625,2180.0573684799247,2132.141065685396,2160.872778219536,70672
2020-10-19,2149.09814453125,2172.0561672467147,2141.2334057393937,2172.0561672467147,10034
2020-10-20,2136.687255859375,2160.690802622704,2128.5041982837433,2149.4164565325796,54248
2020-10-21,2135.732666015625,2163.87324929897,2120.002965437093,2147.2798258693483,85551
2020-10-22,2092.8623046875,2136.687076064472,2082.1333634841026,2134.86861897846,57494
2020-10-23,2056.356689453125,2120.32100761271,2043.9458083676554,2093.9988851259654,105479
2020-10-26,2088.40673828125,2096.1806859256685,2047.718765138527,2063.948581764951,33730
2020-10-27,2059.584716796875,2103.04589115264,2011.8047063049341,2103.04589115264,155124
2020-10-28,2072.586669921875,2097.999565830537,2040.5363605931861,2068.495141071404,28429
2020-10-29,2063.13037109375,2073.8590892533857,2026.0793116411903,2051.9468167280997,21346
2020-10-30,2097.3173828125,2115.320151905492,2074.8594827630914,2074.8594827630914,36813
2020-11-02,2104.864013671875,2119.957295823097,2091.2255859375,2114.86552734375,22179
2020-11-03,2091.862060546875,2132.504531946553,2090.452711911953,2120.3209582851346,19282
2020-11-04,2094.362060546875,2111.4555984299195,2091.2252670422286,2109.409834581726,13198
2020-11-05,2154.008056640625,2161.2363796060217,2096.7721607352487,2116.138552308294,35250
2020-11-06,2206.60693359375,2226.7009756571597,2156.0539535734815,2173.056485022708,63881
2020-11-09,2223.8818359375,2240.2934542903963,2192.5589594016883,2223.0636191026797,27786
2020-11-10,2294.211181640625,2307.622304172756,2225.291605859236,2225.291605859236,64546
2020-11-11,2409.364501953125,2483.10302174592,2309.440379067974,2317.6234355292386,219229
2020-11-12,2435.00537109375,2481.0122082522757,2419.457472165089,2427.6405301318255,114187
2020-11-13,2446.96142578125,2468.5556046432303,2392.4532165866203,2436.732604215049,83069
2020-11-14,2461.37255859375,2484.3758620362446,2454.0077189595286,2472.1922889407033,20783
2020-11-17,2466.69189453125,2524.0188070041304,2412.183679748544,2468.5558577147744,126745
2020-11-18,2501.2421875,2514.0168927796694,2446.0065541414597,2466.691503259267,109959
2020-11-19,2617.53271484375,2726.7764369556053,2501.287755273381,2518.5630978216163,371158
2020-11-20,2735.686767578125,2751.4164650952434,2594.028922241034,2629.4888339015315,210940
2020-11-23,2952.173828125,2981.3601507808453,2752.598179117255,2818.608254779085,467403
2020-11-24,2812.1533203125,3044.8705805889313,2795.878215589227,2995.908526948456,398332
2020-11-25,2663.2666015625,2862.978776993355,2621.3057946133113,2841.202798572425,277210
2020-11-26,2732.77734375,2795.877714598189,2673.1318637133904,2682.2241489641165,187516
2020-11-27,2785.649658203125,2808.6076847619593,2733.141696469553,2742.233984215626,120914
2020-12-01,2813.42578125,2832.7013809807963,2782.2391994226405,2832.7013809807963,79083
2020-12-02,2822.745849609375,2858.796676788175,2791.331955357548,2813.4262559473505,105288
2020-12-03,2857.38671875,2864.069636694128,2823.3816632839494,2832.24664073086,55733
2020-12-04,2853.20458984375,2886.8005391236115,2837.7021992456034,2877.026332573823,43515
2020-12-07,2829.6552734375,2908.621854271698,2823.063367078178,2867.7065734207363,69105
2020-12-08,2795.786865234375,2849.431351327434,2747.688762258045,2840.930197312331,465231
2020-12-09,2791.285888671875,2820.199398326695,2779.37512893852,2820.199398326695,35053
2020-12-10,2772.010498046875,2790.3768700709743,2758.372070012204,2782.2393190728785,28149
2020-12-11,2784.28466796875,2836.7926080700468,2750.6432171679194,2754.189119136171,40231
2020-12-14,2781.6484375,2831.3376886845826,2773.1470618137373,2809.5162036080155,46828
2020-12-15,2835.74755859375,2856.2959906840483,2750.643677322794,2750.643677322794,92851
2020-12-16,2863.115234375,2883.0727569042465,2823.1546834925052,2859.523825952956,58222
2020-12-17,2839.8837890625,2875.8893211414656,2823.1540759229374,2862.205389839707,37227
2020-12-18,2802.1513671875,2844.976120496897,2776.6021782321104,2821.3361783003743,37569
2020-12-21,2791.831787109375,2824.3822138111223,2737.7781938494036,2737.7781938494036,117274
2020-12-22,2742.14208984375,2899.529628856696,2591.4829747848103,2792.240667989625,85287
2020-12-23,2789.87646484375,2807.242816891502,2736.777612580865,2754.962181435223,34336
2020-12-24,2794.1044921875,2828.5641611514084,2775.0106950141308,2800.4690912452897,25067
2020-12-28,2811.470703125,2841.9298566360567,2800.42366609119,2827.700519981689,39148
2020-12-29,2787.9677734375,2861.3424789791684,2735.7779172457717,2861.3424789791684,37495
2020-12-30,2823.154052734375,2841.338619901746,2771.146235031609,2806.287822290722,24651
2020-12-31,2797.287109375,2841.339187745887,2788.5129207754662,2835.8838165054153,33283
2021-01-01,2836.0205078125,2852.1140328017345,2792.423037626837,2811.0622252998855,38786
2021-01-04,2857.341796875,2866.3430709387517,2837.111461164171,2854.932207973347,37409
2021-01-05,2828.473876953125,2857.023566179581,2773.1472278933,2857.023566179581,30128
2021-01-06,2826.564208984375,2852.249915105423,2788.6039176373392,2788.6039176373392,31359
2021-01-07,2844.112548828125,2854.977786134205,2832.1560596251625,2845.8399943654595,17953
2021-01-08,2847.0673828125,2864.0699121809507,2840.4299700486636,2864.0699121809507,44992
2021-01-11,2855.295654296875,2864.0696200553625,2840.4296803342704,2850.431193293194,28259
2021-01-12,2898.302001953125,2945.90020046545,2856.022878705704,2864.0696393414096,121286
2021-01-13,2911.031494140625,2945.8549919516063,2892.3015192252637,2909.5313558271273,86799
2021-01-14,2918.759765625,2961.7663178519947,2892.2558437767657,2927.7157550962547,47498
2021-01-15,2910.486083984375,2936.7627001937294,2896.120228549729,2930.443606189711,33029
2021-01-18,2892.61962890625,2916.714185553952,2836.838590383214,2916.714185553952,38525
2021-01-19,2942.0361328125,2954.9926389988796,2863.251571706114,2887.8915309850745,75122
2021-01-20,2952.446533203125,2976.5865925766425,2912.667789125163,2953.128454530176,53395
2021-01-21,2951.53759765625,2982.269566240876,2909.53128413744,2966.7671754716566,182612
2021-01-22,2985.406494140625,3000.0906686865374,2927.7614917804217,2982.2696999801697,219062
2021-01-25,3000.72705078125,3027.7310945256886,2967.767515593095,3027.7310945256886,92348
2021-01-27,2937.1259765625,2998.862494571672,2916.8046335438257,2991.361360461093,104247
2021-01-28,2937.08056640625,2944.8997975157085,2897.438119084354,2909.5309012887537,63416
2021-01-29,2951.90087890625,2974.404280789861,2933.170685920382,2950.446024740124,38051
2021-02-01,3001.272216796875,3054.825907741367,2900.4843724407865,2952.2648902561637,65297
2021-02-02,3052.6435546875,3135.9289707393373,3016.6837465382932,3017.7292704795186,56087
2021-02-03,3080.96630859375,3092.240653313598,3023.1847924503913,3055.9170187746663,45568
2021-02-04,3109.10693359375,3118.653833082779,3062.3271704934323,3079.5570066038986,137076
2021-02-05,3143.839111328125,3209.485359856194,3104.8333003077882,3109.5612437678897,54438
2021-02-08,3199.211669921875,3244.3547787094894,3164.1608648675733,3177.7537873158176,51521
2021-02-09,3210.804443359375,3237.7629820365987,3183.5275858864466,3228.6706962122894,37267
2021-02-10,3202.621337890625,3235.944476143067,3182.890900365278,3205.0307048059317,28033
2021-02-11,3231.07958984375,3245.9455637806363,3173.2072878415747,3201.347863949579,18298
2021-02-12,3222.851806640625,3264.1306965742483,3206.9403060305835,3228.2161666258685,38824
2021-02-15,3237.990234375,3271.8589984972796,3220.078476000217,3222.3060415935415,27831
2021-02-16,3290.452392578125,3310.409913495783,3228.033945662577,3237.7626460892197,29612
2021-02-17,3273.222900390625,3292.7713149346246,3257.811520297213,3289.5890148925782,26436
2021-02-18,3258.765869140625,3281.360063578112,3229.761347572757,3273.2680189347543,52328
2021-02-19,3283.224365234375,3314.9563535255134,3191.4377855177536,3258.7662055009423,32639
2021-02-22,3274.177490234375,3296.453589545143,3248.1734651042407,3284.1334983875486,32256
2021-02-23,3320.048095703125,3339.6875214434053,3248.1735334473246,3274.1320533005487,38894
2021-02-24,3302.22705078125,3338.687204083929,3243.309218881115,3319.593404714168,7281
2021-02-25,3380.693359375,3416.1077650024426,3310.500963673264,3310.500963673264,51595
2021-02-26,3300.681640625,3386.876556857186,3215.577976303567,3273.2229811237235,65117
2021-03-01,3267.8583984375,3358.0538255968595,3237.7628448424252,3358.0538255968595,76867
2021-03-02,3349.73388671875,3360.053718360921,3268.6762596421354,3271.4039449770244,23336
2021-03-03,3331.822509765625,3386.7400472763843,3318.6842016372602,3367.7825432505238,104592
2021-03-04,3309.182861328125,3342.86982398794,3283.451648595679,3291.4073985230484,24759
2021-03-05,3265.358154296875,3331.413521937544,3234.6716896774997,3309.592035985988,38966
2021-03-08,3262.857666015625,3286.7701993166656,3236.9446523192314,3265.358044530189,19338
2021-03-09,3287.634033203125,3295.953385370212,3262.857556030342,3263.221158646535,18152
2021-03-10,3269.99462890625,3316.6835988097614,3255.083371052884,3316.6835988097614,59027
2021-03-12,3290.04345703125,3316.1837774373985,3264.130443759068,3316.1837774373985,39406
2021-03-15,3173.434814453125,3291.4072139016725,3158.4780498245505,3291.4072139016725,35658
2021-03-16,3184.891357421875,3262.3120806898733,3164.7518115843536,3182.3454730521667,26082
2021-03-17,3160.29638671875,3208.667297329323,3129.5189139613076,3200.8478436304144,19722
2021-03-18,3216.623291015625,3308.682681366931,3119.835956617511,3160.2511211214924,51932
2021-03-19,3117.74462890625,3279.5873072221766,3055.007860345582,3216.8505386615084,87375
2021-03-22,3117.108154296875,3141.384511188574,3060.599469048216,3116.6535400405523,20010
2021-03-23,3136.611328125,3167.7524073302416,3093.4684759285565,3127.700843547719,20261
2021-03-24,3116.4716796875,3137.1566279582653,3095.150093886251,3136.6110020691694,13357
2021-03-25,2958.902587890625,3114.3806737885425,2910.4406605803183,3100.469432233329,48418
2021-03-26,2987.316162109375,3000.4544713835953,2917.396347452073,2959.539183137455,38892
2021-03-30,2906.985107421875,3061.5994471595363,2855.8865137807124,3000.4538349176537,145669
2021-03-31,2994.135009765625,3008.5461485600927,2906.985367693176,2906.985367693176,57510
2021-04-01,3035.64111328125,3073.1922942908445,2979.86007864217,3009.5463000303835,24520
2021-04-05,2992.27099609375,3072.2831041631057,2977.72334008114,3072.2831041631057,61876
2021-04-06,3020.91162109375,3045.915404263074,2947.718728543548,2947.718728543548,48446
2021-04-07,3050.870849609375,3077.7385972694988,3020.9118137157784,3024.094113594787,28261
2021-04-08,3080.466552734375,3090.377055862472,3050.4620083895597,3050.4620083895597,52635
2021-04-09,3099.96923828125,3107.106771197231,3047.6885966076848,3082.2847873632477,39804
2021-04-12,2982.223876953125,3061.235964214955,2932.3981123816134,3023.1846639386513,38914
2021-04-13,3028.640380859375,3105.879303846818,2955.0838779936103,2967.7675722086083,25103
2021-04-15,3037.82373046875,3055.008062025791,2973.1774889358144,3014.138281306224,13012
2021-04-16,3071.601318359375,3091.3770391243615,2983.6334570254685,2983.6334570254685,35668
2021-04-19,3031.913330078125,3045.915359656045,2936.8079437877686,2991.361651721907,20006
2021-04-20,3071.100830078125,3090.194627148307,2984.4513161208542,2984.4513161208542,21140
2021-04-22,3080.875244140625,3087.3308552357676,3009.5463132275736,3056.8261948855293,14684
2021-04-23,3101.01513671875,3127.882664133058,3027.8222347782953,3027.8222347782953,19975
2021-04-26,3112.24365234375,3118.653757670161,3085.9670374630978,3109.561472662376,16429
2021-04-27,3084.694091796875,3127.7006457772973,3068.646296991126,3127.56435028928,17091
2021-04-28,3144.021484375,3182.3000971930924,3100.924137564869,3100.924137564869,30801
2021-04-29,3192.11962890625,3330.5041694375413,3146.4764002184284,3194.119887314792,145361
2021-04-30,3110.652587890625,3317.7748904517766,3100.4692727981796,3273.2226926901603,80888
2021-05-03,3117.880859375,3153.2044758154716,3038.050773701312,3118.6537924011154,32657
2021-05-04,3143.975830078125,3168.6612948458396,3097.059551095736,3125.9275557187934,20952
2021-05-05,3120.745361328125,3181.390864419124,3100.6513205203614,3143.248769128746,16385
2021-05-06,3129.70068359375,3144.702953321787,3107.1519951619616,3120.74491636811,14830
2021-05-07,3204.758056640625,3235.080919759253,3136.8387234590487,3138.6116748633362,35605
2021-05-10,3204.5302734375,3229.852375409176,3166.2518875993787,3214.122678301904,22421
2021-05-11,3194.66552734375,3234.125957687018,3161.024070938234,3195.938358524,35979
2021-05-12,3226.48828125,3227.7611123334423,3159.568976157384,3209.531036866454,90657
2021-05-14,3186.118408203125,3227.7611171527356,3123.199841526661,3227.7611171527356,44997
2021-05-17,3233.9892578125,3245.9455229778478,3174.116476390943,3191.3918167093125,20657
2021-05-18,3273.177001953125,3291.4070772603923,3239.8993729785334,3259.584080657046,52314
2021-05-19,3316.546875,3343.232817255652,3247.8093413439874,3272.2674964423277,63361
2021-05-20,3293.998779296875,3332.322674331234,3273.2228178969826,3323.2303887259645,13371
2021-05-21,3262.53955078125,3328.4586248233713,3240.49075704992,3295.9537021060496,19259
2021-05-24,3233.625732421875,3307.0914413897394,3223.215110241701,3262.311936684689,46638
2021-05-25,3236.9443359375,3260.629559785839,3218.6687550618326,3233.6255188638684,130069
2021-05-26,3244.718017578125,3271.403961363299,3226.806261518554,3253.9468195284867,34837
2021-05-27,3265.13037109375,3294.6802956780866,3247.0365917758872,3262.311674110788,12229
2021-05-28,3194.25634765625,3289.9073733717905,3184.1185376204444,3265.0398825228485,39430
2021-05-31,3228.170166015625,3236.8533422707274,3205.030345928178,3225.9426006675676,133830
2021-06-01,3187.6640625,3259.4023232832274,3143.202878295418,3249.5826112316527,77518
2021-06-02,3185.709228515625,3215.5319665099228,3173.2073371443544,3192.3466406941116,40415
2021-06-03,3208.34912109375,3214.9410278489313,3183.2090413641126,3207.758211348926,19084
2021-06-04,3207.167236328125,3222.9422176058206,3198.165740995798,3209.6221088807183,69042
2021-06-07,3169.57080078125,3223.169780684249,3163.7063208900163,3218.669143650495,80677
2021-06-08,3174.389404296875,3202.1208726545005,3165.0243066523126,3182.2996475964073,23714
2021-06-09,3166.343017578125,3191.392309302049,3141.384737503869,3191.392309302049,28033
2021-06-10,3200.938720703125,3219.5779037096336,3176.889672878452,3176.889672878452,33024
2021-06-11,3205.757568359375,3244.899895756776,3184.6635136697096,3210.485511689536,66008
2021-06-14,3180.935546875,3205.3029123102915,3162.250858920905,3205.0300993952765,28252
2021-06-15,3213.3955078125,3225.94290624059,3173.253155986955,3180.9360928643473,94902
2021-06-16,3222.715087890625,3250.4920644738722,3201.575524114676,3223.215207988777,24015
2021-06-17,3203.62109375,3232.7164055667336,3183.2089584494956,3222.714892129731,19861
2021-06-18,3201.0302734375,3219.123833647079,3152.0227190850296,3214.077570559797,72089
2021-06-21,3189.255615234375,3195.938534247203,3137.747903751663,3137.747903751663,13843
2021-06-22,3223.260498046875,3267.7671881698493,3191.4375009444975,3191.4375009444975,70824
2021-06-23,3273.586181640625,3359.55378016092,3224.80616171991,3224.80616171991,116052
2021-06-24,3287.90673828125,3328.6857276149003,3273.2227859638465,3328.6857276149003,27149
2021-06-25,3324.5029296875,3355.053095446007,3283.405846735411,3294.6804130894457,21621
2021-06-28,3336.68701171875,3350.5982530736487,3302.7727420568312,3345.961098628806,12730
2021-06-29,3256.447265625,3333.0952699124796,3231.2161756251094,3331.4131084539777,44642
2021-06-30,3286.178955078125,3298.680846378484,3265.0393934247895,3271.3584868134144,12985
2021-07-01,3289.361328125,3317.6837064387037,3260.4933239323477,3260.4933239323477,13824
2021-07-02,3343.233154296875,3390.5130357283238,3282.3148455294313,3282.3148455294313,70307
2021-07-05,3410.288818359375,3436.383632081672,3342.323987546241,3364.1454716869125,41327
2021-07-06,3511.577392578125,3534.0808019909928,3387.4676800586726,3434.15666070309,73242
2021-07-07,3441.975830078125,3498.666099328319,3414.2443581557795,3479.663310638959,26557
2021-07-08,3468.165771484375,3479.009065956825,3455.20864930938,3455.20864930938,13057
2021-07-09,3459.8486328125,3488.289727846802,3449.694319899077,3488.289727846802,27232
2021-07-12,3519.85595703125,3556.291776578333,3460.9979048511723,3470.830501327226,40082
2021-07-13,3579.724609375,3618.779492162431,3528.7235271467075,3537.9129113319855,53330
2021-07-14,3582.52734375,3606.8332195569756,3535.1560243657796,3588.4084597692,71148
2021-07-15,3574.302978515625,3601.2736866105547,3556.291695691423,3601.2736866105547,12851
2021-07-16,3658.569580078125,3692.708052675216,3556.8431417523407,3574.3029717498175,106907
2021-07-19,3598.195068359375,3730.8896754505995,3583.813548670251,3652.779916235501,42148
2021-07-20,3506.898681640625,3619.7903542276217,3478.8710603395994,3619.7903542276217,27070
2021-07-22,3552.9833984375,3629.025552287773,3507.6339222619886,3512.1826225467385,32070
2021-07-23,3526.471923828125,3671.939910077184,3450.659509653967,3625.21180505522,89977
2021-07-26,3567.226806640625,3573.7513588769793,3516.087975547195,3561.621417134218,18202
2021-07-27,3586.89208984375,3600.3544468689433,3552.0641919296404,3567.318658209196,23628
2021-07-28,3578.345703125,3608.486923922743,3529.090521015261,3590.2459091166684,48520
2021-07-29,3672.3994140625,3686.7807096929873,3561.575357824675,3583.951596687637,27374
2021-07-30,3696.93505859375,3706.905405309721,3642.9014375049346,3675.753484270603,21622
2021-08-02,3668.493896484375,3749.2684881432706,3645.014976645696,3698.7268786217314,34942
2021-08-03,3673.961669921875,3693.075633277445,3657.3747871353057,3669.320986188763,31031
2021-08-04,3634.21728515625,3692.0184153044183,3611.4275701236033,3684.896643378602,33234
2021-08-05,3632.70068359375,3670.2394011598985,3574.7158141444597,3634.4008091105156,13009
2021-08-06,3676.396728515625,3690.3645470083643,3633.574334658278,3671.9857794257628,54754
2021-08-09,3677.177978515625,3689.5376550554233,3620.617275446667,3684.942963081506,54151
2021-08-10,3675.845703125,3694.13248813964,3657.3749509442205,3694.13248813964,93155
2021-08-11,3676.120849609375,3694.086139046025,3600.446411837865,3675.7993558001326,45823
2021-08-12,3709.38671875,3749.2685543181124,3638.214762423786,3674.834546254444,29005
2021-08-13,3857.244384765625,3887.10988625577,3687.240760898647,3717.060270593378,91001
2021-08-16,3771.32275390625,3891.703670271191,3752.943988049007,3882.51428734257,70865
2021-08-17,3815.47802734375,3836.5220757914904,3743.5713214585276,3775.0447374989135,37269
2021-08-18,3835.418701171875,3850.3056810015723,3778.352543425153,3827.377991106525,48805
2021-08-20,3813.685791015625,3827.377881451702,3755.4249702869106,3790.7123343442463,48299
2021-08-23,3787.404541015625,3829.5837230049233,3750.18753654853,3808.080654608456,71845
2021-08-24,3785.199462890625,3845.711649623246,3722.6196646434523,3786.026417756362,89292
2021-08-25,3829.262451171875,3918.6292192286323,3795.2159596340243,3795.2159596340243,149684
2021-08-26,3806.4267578125,3856.64665081248,3746.9712648230757,3856.64665081248,36317
2021-08-27,3854.90087890625,3859.54133841633,3795.215649442724,3831.7892188361297,21280
2021-08-30,3895.655517578125,3950.5163214808053,3868.7765684263886,3889.866384933298,39517
2021-08-31,4003.584228515625,4040.571493150446,3874.79512226637,3896.298187618351,47450
2021-09-01,3985.665283203125,4039.285424652206,3937.650755323163,4001.9764386073225,20847
2021-09-02,3937.742919921875,4032.6233071278375,3906.452799037115,4006.663298037586,18049
2021-09-03,4000.55224609375,4039.468925349383,3923.9124305288015,3946.8401213073416,24930
2021-09-06,3904.799072265625,4038.6885792339535,3897.3555813405474,4038.6885792339535,43258
2021-09-07,3928.5078125,3949.597630327315,3888.258486115042,3903.65070582374,30716
2021-09-08,3971.973388671875,4011.16602076123,3895.3797851103905,3928.461566724916,30546
2021-09-09,3937.053955078125,3987.5955687636533,3923.17789503529,3937.651175317964,10653
2021-09-13,3934.342529296875,3960.48650461754,3906.728611588703,3947.7591188355973,10999
2021-09-14,3935.07763671875,3978.9569390827555,3913.620338388119,3978.9569390827555,10442
2021-09-15,3954.7431640625,3995.543936972282,3926.3938262875618,3995.543936972282,42277
2021-09-16,3969.124267578125,3993.062430905283,3950.4699994963394,3958.786211663266,21353
2021-09-17,4042.2724609375,4524.760911098538,3937.6512294306317,3995.4985839149176,845305
2021-09-20,4119.50830078125,4410.903717348662,4047.9230989418447,4089.2753212919883,413440
2021-09-21,4302.33154296875,4355.721950090324,4054.218191970375,4178.274867469562,343062
2021-09-22,4336.65380859375,4409.984905517085,4271.225222096981,4347.037631912601,144092
2021-09-23,4550.5830078125,4577.461956313816,4324.983628083508,4374.146833034632,233872
2021-09-24,4494.20556640625,4606.132522042093,4456.850813758835,4590.096869015543,71950
2021-09-27,4588.3515625,4686.585990882535,4520.028400520288,4575.394440902774,181379
2021-09-28,4490.83984375,4636.030070130622,4473.153199682504,4632.240238164936,105439
2021-09-29,4410.033203125,4507.216765695795,4351.498709707768,4493.741248175635,79366
2021-09-30,4499.91796875,4531.080133709856,4421.684475842995,4448.82285675293,62195
2021-10-01,4433.28759765625,4585.403148943619,4407.646602650225,4477.083596022862,74284
2021-10-04,4599.861328125,4631.304505262329,4456.964007226623,4480.546047377183,85737
2021-10-05,4526.11962890625,4632.239943497241,4492.804842167728,4632.239943497241,44484
2021-10-06,4461.876953125,4574.220294565295,4445.079050569794,4560.604498353445,72861
2021-10-07,4436.65673828125,4527.429930353235,4417.004810100717,4503.098971653528,22876
2021-10-08,4413.8232421875,4485.272130921124,4398.288769189853,4485.272130921124,21606
2021-10-11,4398.99072265625,4473.153359420704,4372.179968071308,4406.804795330423,29110
2021-10-12,4442.92724609375,4481.716138638728,4382.380402620924,4398.289107904835,36062
2021-10-13,4428.32763671875,4486.253936374749,4407.646232858797,4482.5107123978,22211
2021-10-14,4441.0087890625,4499.356399482215,4413.917472591163,4450.179964371515,27294
2021-10-18,4466.8828125,4488.687367513728,4413.729211910573,4477.785318475137,29219
2021-10-19,4497.1103515625,4599.955361222548,4442.786527666225,4499.309587512711,60765
2021-10-20,4476.708984375,4574.220161592745,4385.795514244569,4501.227286673712,21788
2021-10-21,4429.310546875,4514.515966365907,4400.67478885324,4477.832184504014,20080
2021-10-22,4442.646484375,4491.636032779044,4390.2413345576915,4431.042578302781,48576
2021-10-25,4431.462890625,4477.644553105291,4355.802880976554,4443.300745632291,39884
2021-10-26,4422.15185546875,4471.281677162139,4401.189889600221,4431.556524275422,10372
2021-10-27,4476.2890625,4632.241087733013,4422.246249809782,4445.033224123638,33423
2021-10-28,4465.52734375,4477.833105096632,4426.363759061038,4463.7960107232875,16493
2021-10-29,4519.66259765625,4763.252726204011,4427.298359070958,4538.6592774242545,165706
2021-11-01,4457.94677734375,4569.027155861396,4430.1065429431255,4543.339092942305,53708
2021-11-02,4554.5224609375,4563.9271310780205,4456.637034731478,4476.897148877845,22436
2021-11-03,4609.59375,4660.314626094787,4508.526685819631,4575.1562664613275,37958
2021-11-04,4639.4931640625,4650.95678995323,4615.255874995138,4627.561635074189,6691
2021-11-08,4699.05615234375,4742.430851787958,4598.59728695626,4632.333367384655,48440
2021-11-09,4696.5302734375,4763.253065828603,4660.31439446492,4679.12418852869,28775
2021-11-10,4747.3447265625,4763.253431540139,4649.552981258778,4649.552981258778,28976
2021-11-11,4596.3056640625,4828.759824701508,4559.575271985071,4703.361798246081,48312
2021-11-12,4664.3388671875,4671.591365559831,4576.18619339161,4655.6360519153595,27712
2021-11-15,4580.1162109375,4730.500453632783,4528.974492277144,4710.520899399748,31587
2021-11-16,4583.1103515625,4651.89209956451,4557.28201194586,4585.449866800664,14196
2021-11-17,4613.244140625,4664.011628446446,4583.110997336972,4583.110997336972,13178
2021-11-18,4576.232421875,4648.570512520133,4496.5486183911435,4613.243829826217,11522
2021-11-22,4559.34130859375,4614.460200333511,4538.659900956709,4585.450209213995,69813
2021-11-23,4655.02685546875,4701.1619103571875,4482.136689987019,4559.340688104707,24505
2021-11-24,4595.69677734375,4689.979234282396,4585.449518604092,4689.979234282396,18142
2021-11-25,4618.71728515625,4654.6992099134095,4515.63834196938,4515.63834196938,13121
2021-11-26,4713.375,4771.675540141784,4576.372614627866,4650.956547265085,111567
2021-11-29,4623.20947265625,4758.293166255177,4576.091547037178,4713.374476222911,152223
2021-11-30,4714.4033203125,4753.894516591075,4647.586862785513,4647.586862785513,26991
2021-12-01,4853.51171875,4880.1351280706895,4660.314367082947,4736.11466100538,74613
2021-12-02,5003.75537109375,5048.580393279538,4854.962196602652,4884.907992726646,178403
2021-12-03,5075.53173828125,5118.8593780299825,5003.755227481959,5003.755227481959,89750
2021-12-06,4916.02294921875,5171.825614854178,4832.268310860576,5129.152769174886,120745
2021-12-07,5046.990234375,5062.711595927814,4887.669227127918,4954.158075571507,60742
2021-12-08,5150.16259765625,5192.78838549965,5059.950518219392,5059.950518219392,74031
2021-12-09,5116.84765625,5207.527179159928,5084.936575724023,5192.7882325636265,32267
2021-12-10,5220.06689453125,5296.662717979812,5053.353123160952,5053.353123160952,47629
2021-12-13,5161.53271484375,5297.037268430785,5124.47469831884,5297.037268430785,40832
2021-12-14,5135.6103515625,5200.929893371073,5092.329318200662,5155.355952224082,23287
2021-12-15,5126.486328125,5201.210539990593,5095.46444588859,5161.906682005778,47380
2021-12-16,4807.7041015625,5185.208211551397,4780.144427636325,5183.430271251521,129861
2021-12-17,4713.09423828125,4865.022465722441,4684.786100827419,4832.503200382916,119799
2021-12-20,4671.40380859375,4708.882660420343,4576.091865168117,4646.137043694049,117829
2021-12-21,4735.27197265625,4753.894420435613,4652.265798721674,4708.039927010152,214270
2021-12-22,4851.49951171875,4884.907973160401,4738.922217640665,4738.922217640665,25735
2021-12-23,4758.0126953125,4941.898603696284,4730.546693436305,4886.779712875945,63676
2021-12-24,4699.29052734375,4810.043268702053,4684.785533050972,4795.912505455323,58359
2021-12-27,4756.8896484375,4799.234873555781,4643.189209722116,4710.660462538127,38067
2021-12-28,4764.32861328125,4810.042827651192,4743.460322309435,4802.556379670413,30905
2021-12-29,4709.49072265625,4796.567752886254,4697.746539083168,4764.329050535649,22220
2021-12-30,4827.77734375,4851.125433143868,4716.837249967066,4729.517697523072,29684
2021-12-31,5083.34619140625,5231.156972353216,4809.8568130215945,4818.466413353615,49641
2022-01-03,5006.4228515625,5090.411457359994,4906.104244927225,5083.299238907924,39246
2022-01-04,4953.4560546875,5072.069487820573,4864.741811734212,5029.022403606597,34151
2022-01-05,5019.43017578125,5058.032178997465,4941.103019207892,4950.320801060174,35681
2022-01-06,4908.86474609375,5011.241845728409,4884.9080176848365,5011.241845728409,29361
2022-01-07,4841.58056640625,4955.093672097215,4809.903436151981,4912.982394430666,41061
2022-01-10,4873.865234375,4912.045938299298,4842.796290855185,4889.025018167054,26925
2022-01-11,4886.59228515625,4918.924661230764,4848.037346617841,4866.238501752539,23559
2022-01-12,4978.53515625,4997.204671082328,4912.982120446109,4920.468569391551,20239
2022-01-13,5009.37060546875,5025.279310922321,4956.263603439916,5015.921248890809,11714
2022-01-14,5082.50341796875,5099.207648929088,4969.177203203691,5011.241871905902,19882
2022-01-17,5143.23681640625,5163.777942609704,5086.106038072444,5127.702801048047,24577
2022-01-18,5117.12841796875,5228.3490726794935,5092.001930912654,5163.778446938508,34526
2022-01-19,5088.0244140625,5193.7238966803825,5042.123307263766,5146.465688251129,20601
2022-01-20,5139.58740234375,5164.620215624033,5100.143266450171,5114.835605056593,17758
2022-01-21,5006.703125,5100.1434594003695,4912.982231532465,4912.982231532465,56300
2022-01-24,4752.21142578125,5070.5724341348905,4679.031195114995,5035.807323742514,44253
2022-01-25,4817.109375,4898.94581596106,4772.611969704184,4772.611969704184,65173
2022-01-27,4783.93505859375,4869.2337039801305,4772.611711968225,4817.951706006575,272837
2022-01-28,4790.62548828125,4838.866111077921,4753.661146475886,4792.263148994146,33312
2022-01-31,4829.08740234375,4838.585743467055,4800.68559404042,4838.117840387714,16286
2022-02-01,4889.072265625,4936.891590843898,4833.532083296599,4866.191624156026,25069
2022-02-02,4922.10693359375,4931.60527566352,4899.5073039969475,4912.982822637424,9074
2022-02-03,4898.1025390625,4950.414005884823,4842.936589624948,4941.009337854312,15893
2022-02-04,4832.876953125,4950.367683668813,4799.281605371661,4950.367683668813,10385
2022-02-07,4774.7158203125,4930.199884649622,4762.129047742577,4908.25550968881,21856
2022-02-08,4841.0654296875,4864.834814196937,4757.685011434004,4799.8433520978815,15655
2022-02-09,4878.77880859375,4910.689433106794,4805.411240085926,4856.78736382939,10440
2022-02-10,4880.556640625,4920.889976621433,4826.888067141796,4884.908047785997,18628
2022-02-11,4859.92138671875,4905.49532422241,4806.908065264167,4836.152004387011,15389
2022-02-14,4817.29638671875,4863.80613783295,4726.757136480289,4726.757136480289,21650
2022-02-15,4845.93212890625,4860.483732546853,4772.6116217224635,4856.83417975286,13425
2022-02-16,4973.9970703125,5001.88391102684,4845.93190629206,4845.93190629206,72640
2022-02-17,5017.044921875,5021.536609343501,4945.923643024813,5011.196132495873,16225
2022-02-18,5019.0087890625,5034.636934067417,4856.833770968382,4965.480953070424,18341
2022-02-21,5009.27685546875,5031.829876000879,4876.67339270877,4927.01958287979,21214
2022-02-22,4864.97509765625,4927.674103041648,4820.524310256154,4866.191462747318,20940
2022-02-23,4892.06689453125,4941.009829996764,4849.347435469097,4912.046447081684,25473
2022-02-24,4776.681640625,4819.40109486499,4721.655971438208,4819.40109486499,26601
2022-02-25,4869.46728515625,4903.577601983727,4791.374079426622,4793.199084187626,16728
2022-02-28,4868.4375,4889.493136976436,4810.0432915059955,4826.887801087145,14750
2022-03-02,4774.20263671875,4903.296826857227,4755.4394483906035,4824.174596028374,80782
2022-03-03,4759.744140625,4828.7598457852055,4726.008510911162,4828.7598457852055,57717
2022-03-04,4615.06884765625,4817.436951245956,4590.129702231254,4772.611922809254,19523
2022-03-07,4535.66552734375,4687.874778704478,4446.997885593787,4557.376415011274,43534
2022-03-08,4615.39697265625,4668.737935235611,4473.154405777956,4492.806339359825,110628
2022-03-09,4671.31005859375,4772.611068027872,4578.477911515522,4639.726602996507,103423
2022-03-10,4682.02490234375,4912.981647293324,4662.04535225745,4912.981647293324,27643
2022-03-11,4600.9375,4726.569474435833,4565.891834179669,4606.037826243354,88030
2022-03-14,4678.375,4693.862864279529,4604.1657630570535,4604.1657630570535,64027
2022-03-15,4639.8671875,4684.645603321787,4562.054997242052,4673.369321949398,19392
2022-03-16,4743.27392578125,4764.14267785802,4679.498825693518,4725.82123182727,19443
2022-03-17,4687.17236328125,4772.611280488697,4666.958859411862,4737.0506474183885,56609
2022-03-21,4686.890625,4717.912502155193,4673.368502617745,4710.847349711223,15955
2022-03-22,4690.8212890625,4713.327240789762,4665.975365377726,4710.566887226916,37330
2022-03-23,4722.26513671875,4772.611324385672,4661.110113949352,4713.655537437378,19796
2022-03-24,4732.98046875,4757.779334793249,4691.430761936566,4717.399385812044,321942
2022-03-25,4678.2353515625,4807.048980252,4656.711809522784,4759.5102093041405,118798
2022-03-28,4701.396484375,4734.851554655759,4660.314685263711,4714.591442642284,15346
2022-03-29,4723.5751953125,4791.327468915311,4688.388792825334,4711.783946482147,39505
2022-03-30,4659.4248046875,4830.770979203981,4574.126176920115,4772.610726153942,82933
2022-03-31,4689.37158203125,4908.257022722112,4662.280266089132,4711.784323803937,218364
2022-04-01,5052.2763671875,5128.21693349233,4707.104229099711,4707.104229099711,329467
2022-04-04,5454.29931640625,5781.92467067691,5006.562699333298,5076.748157735166,331277
2022-04-05,5749.03173828125,6174.44932971209,5568.982716143778,5624.616577707664,793218
2022-04-06,5820.29345703125,5894.643444805073,5633.600114081796,5801.718068908645,346252
2022-04-07,5842.19140625,5935.631288286228,5747.72158908619,5801.998347823897,165158
2022-04-08,5816.0810546875,5904.936019563148,5769.244145896483,5783.281236275793,71401
2022-04-11,5755.58154296875,5872.183070301815,5709.352814647231,5801.997615278287,58525
2022-04-12,5332.97216796875,5759.933744972098,5260.447187765442,5759.887137436936,284685
2022-04-13,5162.8896484375,5515.641994392738,5115.116922523024,5409.4279858478485,175474
2022-04-18,4870.3095703125,5144.968682930457,4842.7969601292325,5137.950136611429,148805
2022-04-19,4858.0498046875,5031.82917238145,4780.565245882582,4940.120178724507,208772
2022-04-20,4919.6259765625,4955.233213264577,4794.274575945497,4889.586511582504,108941
2022-04-21,5000.76025390625,5066.781645776149,4881.95994843634,4927.018918957444,103502
2022-04-22,4954.43896484375,5034.637745157444,4893.798901171163,4982.232593906735,38889
2022-04-25,4994.537109375,5085.263687625462,4835.122459253187,4903.623644078674,111511
2022-04-26,5120.451171875,5145.9984993809585,5013.535309253746,5039.269980781838,46172
2022-04-27,5023.54638671875,5090.7375249824245,4971.047583965015,5035.571584007271,32665
2022-04-28,5164.33984375,5212.440187848392,5039.971299416483,5086.106359238063,71126
2022-04-29,4837.60302734375,5254.410972976058,4789.4556207149235,5186.237407190721,107854
2022-05-02,4983.5419921875,5025.279037968374,4833.438776742393,4838.1178075040025,135333
2022-05-04,4925.98876953125,5100.142345410453,4862.868933381597,5006.5617519166835,58554
2022-05-05,4758.24658203125,5015.920893183115,4719.691643357543,4951.116318210553,162684
2022-05-06,4697.98095703125,4728.675216842259,4586.38607049652,4706.169261074679,47197
2022-05-09,4685.2529296875,4772.51683753311,4637.058921601184,4674.350881381491,40070
2022-05-10,4682.16650390625,4766.85697335831,4674.352429978312,4696.811780993223,21680
2022-05-11,4782.34326171875,4921.404135485437,4454.436905288207,4682.165404428016,74429
2022-05-12,4546.4267578125,4726.663110599296,4489.108632107837,4681.838088170232,78105
2022-05-13,4622.88134765625,4660.734880737062,4557.281259817391,4611.651676366397,32276
2022-05-16,4592.37548828125,4710.053123921981,4566.734488483243,4632.240925818043,23795
2022-05-17,4633.08251953125,4677.1590800401955,4586.3858846092435,4632.240385393951,22783
2022-05-18,4587.41552734375,4725.821168801119,4552.97758605072,4633.082685764651,54962
2022-05-19,4501.4609375,4559.293567144178,4475.024417260018,4538.659227041214,31247
2022-05-20,4606.78564453125,4630.368138764403,4536.787537738445,4579.834614210386,26994
2022-05-23,4606.8798828125,4660.314503953989,4538.659707666033,4613.383918157913,24898
2022-05-24,4614.88134765625,4677.814310240944,4562.054908555875,4609.079166844066,19749
2022-05-25,4581.3798828125,4655.495922308257,4562.055574688587,4618.29762300695,15410
2022-05-26,4589.380859375,4632.240599725084,4552.697074275259,4614.272938260597,31101
2022-05-27,4688.9970703125,4735.179195952839,4603.27713419212,4627.935718032673,22598
2022-05-30,4713.982421875,4750.993366215003,4669.671916609646,4730.499306304962,16026
2022-05-31,4785.33837890625,4866.191938184145,4738.828630876276,4761.381650284794,51982
2022-06-01,4726.896484375,4842.796151286328,4695.874606213487,4820.336806816595,13959
2022-06-02,4703.455078125,4730.172159207313,4679.124119796439,4725.820752278171,6514
2022-06-03,4672.90087890625,4772.610830241882,4652.032129937579,4764.282247827396,8014
2022-06-06,4697.4189453125,4771.675249894384,4641.598203466591,4674.445088592146,19018
2022-06-07,4660.173828125,4688.3882890159,4615.489089442263,4679.030228558782,84372
2022-06-08,4621.525390625,4674.585783382687,4588.25766396583,4660.221067246869,25144
2022-06-09,4629.43310546875,4646.277616464998,4590.784493568668,4621.525360587537,6669
2022-06-10,4680.85546875,4710.847871250217,4624.519759187677,4667.800790980549,34808
2022-06-13,4611.55908203125,4659.332260635878,4491.86956561804,4659.332260635878,13298
2022-06-14,4597.0537109375,4688.201132038265,4577.26150366852,4633.175917130149,210550
2022-06-15,4647.21337890625,4743.741692680866,4597.147749471798,4622.835811274022,25626
2022-06-16,4469.08154296875,4689.463841690568,4446.107689931795,4622.8813404916355,32071
2022-06-17,4184.64453125,4477.317903789676,4159.658324344877,4469.082535532279,90589
2022-06-20,4207.19677734375,4253.238619097382,4018.3979013475127,4184.6442164418995,42222
2022-06-21,4301.01123046875,4415.975095556726,4207.290345575053,4207.384017567736,49258
2022-06-22,4198.96142578125,4325.622856366122,4178.9352692274515,4300.964277443865,30000
2022-06-23,4200.0849609375,4280.376938486922,4156.850537988393,4225.164380688337,30775
2022-06-24,4359.6396484375,4371.149879604042,4234.5222019285575,4234.5222019285575,32210
2022-06-27,4452.61181640625,4480.592782994888,4389.398300177147,4389.866203204561,17701
2022-06-28,4346.5390625,4461.22192485429,4313.17720728245,4454.437330181219,12779
2022-06-29,4242.47705078125,4631.304494169275,4169.016270261491,4339.33298433278,60047
2022-06-30,4314.6513671875,4575.118654298125,4236.548765725809,4347.397816301386,243411
2022-07-01,4299.68896484375,4380.332433169487,4244.8291312626325,4267.318823504504,59937
2022-07-04,4311.02978515625,4385.038988639082,4286.751825802971,4324.768411220755,23205
2022-07-05,4427.806640625,4469.727798611193,4314.510435795482,4328.390116854327,38128
2022-07-06,4501.57958984375,4516.776569114529,4424.088549935825,4446.201935222114,23909
2022-07-07,4567.07373046875,4573.237065771309,4505.48540553766,4552.535169588805,15189
2022-07-08,4550.18212890625,4597.278753214866,4525.2457569869,4575.1185008256,9693
2022-07-11,4615.20556640625,4640.0477500345705,4528.963440435655,4550.182700322889,20528
2022-07-12,4650.916015625,4703.094387445119,4499.180527434619,4608.994859885192,25105
2022-07-13,4517.1064453125,4672.558578222334,4497.957100907252,4637.224391897686,18786
2022-07-14,4466.24560546875,4545.242341098977,4443.896968110207,4545.242341098977,53742
2022-07-15,4472.97412109375,4521.341185765441,4447.143617310864,4474.808786176198,9648
2022-07-18,4484.17236328125,4507.13255833815,4442.7685671401405,4488.5478998429935,29427
2022-07-19,4488.50048828125,4529.951145364177,4461.258491934267,4506.426264052564,34259
2022-07-20,4522.14111328125,4569.849297370836,4494.287561638758,4518.706112999512,114277
2022-07-21,4522.98876953125,4577.942811281322,4493.253221761215,4545.948966351504,96239
2022-07-22,4541.0078125,4586.316641741896,4518.659175387245,4558.180975755064,13216
2022-07-25,4570.46044921875,4599.5844337895605,4540.301737527543,4556.251789595683,16772
2022-07-26,4593.892578125,4756.731644808473,4566.650578092092,4582.6474995484205,155554
2022-07-27,4603.49072265625,4631.579528268093,4540.44402854939,4590.17572915314,15073
2022-07-28,4881.41259765625,4935.5198216302715,4620.286429781627,4620.286429781627,244613
2022-07-29,4897.7861328125,5146.961953135774,4829.376053149517,4987.039625043447,181921
2022-08-01,4946.01123046875,4959.985099392964,4799.074939651701,4897.8794237033535,68298
2022-08-02,4991.32080078125,5021.5741649176425,4879.060253943449,4985.392714636913,60851
2022-08-03,4969.25439453125,5004.212272915266,4933.1202721944055,4991.979335805846,26182
2022-08-04,5029.525390625,5053.144463156914,4973.159867371376,4973.159867371376,47523
2022-08-05,4947.470703125,5072.81098950905,4828.29329211264,5025.855420388809,91652
2022-08-08,5004.58984375,5084.8570270568025,4982.570643282832,4982.570643282832,40684
2022-08-10,5046.60400390625,5053.755659150732,4978.381853523942,5053.755659150732,29517
2022-08-11,5016.2578125,5081.374874307052,4995.320666027161,5046.558046464577,23126
2022-08-12,5001.2490234375,5033.38392143255,4988.592452709127,5033.38392143255,12330
2022-08-16,5021.38525390625,5044.628017365756,4999.553983139338,5033.382941793307,13589
2022-08-17,5111.15673828125,5127.48309770057,5011.975931203461,5024.914615841631,53154
2022-08-18,5204.64501953125,5363.673225696642,5132.988319120621,5135.763979581528,305032
2022-08-19,5176.1796875,5264.351127338448,5065.706935634127,5204.644794175794,76121
2022-08-22,5081.27978515625,5145.737955044201,5039.029193430325,5128.658984405906,39260
2022-08-23,5061.0966796875,5119.014760329172,4965.585650611505,5048.440108302574,50845
2022-08-24,5085.9853515625,5123.719354589545,5043.734754931123,5043.734754931123,28656
2022-08-25,5087.7734375,5151.808446282892,5071.964899523405,5128.424620111791,29322
2022-08-26,5093.84228515625,5150.066748563277,5082.315093913805,5147.196896980834,15064
2022-08-29,5074.5986328125,5116.990741436356,4988.215458908154,5053.144126454779,32418
2022-08-30,5142.8212890625,5211.7965183538345,5092.336984488226,5137.834197896637,27211
2022-09-01,5395.14892578125,5456.8309752100695,5095.488830964395,5128.42366182012,109981
2022-09-02,5316.576171875,5495.412131156439,5284.29975987454,5446.480379303675,58881
2022-09-05,5338.03076171875,5398.254457236797,5251.694448222175,5289.334257920955,47972
2022-09-06,5476.54541015625,5495.41218085891,5338.0307275629075,5377.787776302854,75888
2022-09-07,5436.22412109375,5495.553691860836,5414.440171465957,5420.133009328233,37033
2022-09-08,5997.19775390625,6295.257988252903,5426.719404821299,5486.002103365385,351890
2022-09-09,6267.64013671875,6426.056784427488,6141.076271217871,6163.519100600388,556651
2022-09-12,6240.4453125,6392.510238336844,6168.223926329777,6267.639983606837,184014
2022-09-13,6230.04736328125,6304.950216737149,6173.869763718994,6240.68042569492,140551
2022-09-14,6722.79931640625,6869.265131039067,6195.0889194245065,6229.38837910666,527635
2022-09-15,6691.04052734375,6943.086182289481,6418.575092872649,6812.80521371695,428038
2022-09-16,6364.70361328125,6671.6564536535625,6281.143417226732,6671.6564536535625,267398
2022-09-19,6475.03515625,6549.32691473909,6368.891076247535,6427.938527957288,135196
2022-09-20,6553.7490234375,6624.51158215475,6431.560712836468,6549.326162499423,107295
2022-09-21,6531.54248046875,6568.14710525007,6464.637623648708,6568.14710525007,73566
2022-09-22,6599.23681640625,6683.473536180276,6520.2112892127825,6540.051357292287,113935
2022-09-23,6548.1787109375,6664.3506775548485,6511.414638457877,6632.797797732853,78763
2022-09-26,6464.37255859375,6539.095422859422,6363.164211014688,6501.758034484574,82758
2022-09-27,6349.7783203125,6453.520369364435,6224.522943116153,6405.617265322395,106340
2022-09-28,6345.95361328125,6441.807440271072,6262.7687459683875,6349.778204881842,89861
2022-09-29,6026.07470703125,6440.755784072001,5870.748289084618,6384.0083110634605,149105
2022-09-30,6110.501953125,6306.751301930524,5910.093267743205,6063.507379050378,149659
2022-10-03,6221.892578125,6333.475209663758,6129.720026444251,6151.376680067185,111747
2022-10-04,6250.3857421875,6321.09305821281,6197.845701094464,6296.233215599963,67349
2022-10-06,6317.26953125,6361.1090083089775,6182.070303945944,6281.653019968168,109654
2022-10-07,6489.806640625,6520.92906989275,6293.413476666952,6348.822437549539,223486
2022-10-10,6422.7802734375,6471.209071832045,6382.287315969105,6407.147161694228,77722
2022-10-11,6377.36328125,6447.353028693258,6332.0419633319125,6422.780307333664,75812
2022-10-12,6370.478515625,6463.129150896992,6320.997863329639,6367.562451367784,89427
2022-10-13,6360.15234375,6396.629291853646,6317.269018128107,6390.892404596378,87441
2022-10-14,6306.65576171875,6456.4843225310315,6272.330145909919,6396.629371362403,80964
2022-10-17,6321.71533203125,6391.848875671413,6283.373706882647,6306.656002219459,83643
2022-10-18,6425.8876953125,6453.998350308916,6334.479862340232,6334.479862340232,87337
2022-10-19,6438.7001953125,6549.613355790113,6406.191165517337,6438.7001953125,112558
2022-10-20,6183.83935546875,6438.700409306278,6165.289711415009,6438.700409306278,126057
2022-10-21,6151.09130859375,6261.765436143599,6024.688360186575,6214.961806254997,114485
2022-10-24,6186.99365234375,6214.243865857145,6151.042400089108,6151.090487602675,3020
2022-10-25,6212.52392578125,6286.673015436193,6138.613406253957,6216.874212375076,128602
2022-10-27,6291.5009765625,6315.357054074588,6214.961521799367,6289.541060060959,107344
2022-10-28,6307.0869140625,6372.72638048163,6221.368339767883,6310.57676086703,111374
2022-10-31,6368.51953125,6406.191669484783,6309.477391609599,6371.961757461165,77196
2022-11-01,6419.09912109375,6468.34073943535,6356.519052395473,6372.72594653904,69437
2022-11-02,6414.36572265625,6440.612168910505,6358.3834506019675,6419.098841446062,55937
2022-11-03,6444.9150390625,6504.196209958112,6392.6616487355905,6413.935939903774,193275
2022-11-04,6427.32177734375,6480.674642464658,6377.506379268302,6444.436731074717,51396
2022-11-07,6467.384765625,6500.849944039677,6419.864025528512,6459.496544998683,91178
2022-11-09,6572.751953125,6588.71934262307,6485.551079592924,6540.051508833201,196458
2022-11-10,6501.7587890625,6627.06179790207,6318.321701614583,6593.692326026038,134949
2022-11-11,6405.76025390625,6767.853637790348,6373.92071669126,6597.420280542988,167671
2022-11-14,6369.37890625,6470.491541442665,6280.026702871124,6437.217782992138,91262
2022-11-15,6355.70703125,6453.998856720251,6316.839242417558,6394.239608046914,96193
2022-11-16,6374.4951171875,6511.128567226678,6272.330614340763,6396.629849076174,164884
2022-11-17,6359.96142578125,6448.2141617923135,6315.35721723471,6395.6736451298975,88323
2022-11-18,6290.16259765625,6400.45435670773,6273.000022130437,6390.8928772384925,89165
2022-11-21,6256.02880859375,6348.822786213871,6207.599538393353,6305.22234358532,90589
2022-11-22,6297.3330078125,6310.575748780344,6226.721396401199,6239.820808566747,75194
2022-11-23,6190.57958984375,6382.239623496041,6157.783903561556,6324.91837003883,84510
2022-11-24,6235.27978515625,6261.812890624999,6108.15972914481,6234.276016561835,115427
2022-11-25,6092.3828125,6291.452985820241,6073.0689056437,6259.900106104122,109908
2022-11-28,6114.85205078125,6231.741123387367,6042.42385241795,6101.41836047271,327886
2022-11-29,5759.93115234375,6158.357736363431,5727.9478155948445,6139.234776721427,255091
2022-11-30,6018.904296875,6333.52462298882,5742.625133706349,5799.037868120047,4050056
2022-12-01,6038.02685546875,6070.583507345308,5914.014276076164,5996.003965122449,252224
2022-12-02,6094.91748046875,6114.566134073756,6012.3059241769015,6047.396740654103,93573
2022-12-05,5982.76123046875,6101.180250983191,5930.029762826792,6101.180250983191,114361
2022-12-06,5913.91845703125,5977.454675673746,5871.704618002403,5975.9247455650575,99310
2022-12-07,5943.03369140625,5985.868935701748,5912.866941431823,5947.240649295588,63133
2022-12-08,5904.595703125,5993.517458650859,5872.660456342221,5937.678514146074,72988
2022-12-09,5937.4873046875,6014.696251019651,5843.9762226885905,5954.076564858386,74044
2022-12-12,5938.15673828125,5971.143841971888,5908.99422632286,5929.073332917162,59836
2022-12-13,5979.41455078125,6033.29358128749,5929.121075097486,5929.121075097486,34601
2022-12-14,5973.53369140625,6011.349152116825,5904.2129722982945,5991.174805982039,31561
2022-12-15,5891.59228515625,5994.187240897717,5851.816903704744,5947.287903561327,42805
2022-12-16,5831.068359375,5895.608346955194,5784.695183113676,5889.871459170288,41137
2022-12-19,5847.80029296875,5895.607685815126,5823.37090197188,5831.067705472518,55702
2022-12-20,5902.875,5926.204916299898,5823.03664722313,5849.713081304095,92025
2022-12-21,5858.74951171875,5952.021566548076,5822.941580767515,5902.30186832149,18031
2022-12-22,5874.76416015625,5928.06940600071,5804.009214999478,5877.441187549679,32874
2022-12-23,5544.65380859375,5861.043041471909,5456.114423558005,5831.545786675087,44001
2022-12-26,5532.654296875,5620.333248931957,5450.043208975923,5545.418965133002,32888
2022-12-27,5608.4287109375,5641.2724839424045,5530.455038182505,5587.9672397085415,74705
2022-12-28,5597.52880859375,5617.368877394761,5577.210665845726,5593.465180044145,79283
2022-12-29,5594.89990234375,5617.321759211877,5542.646508635104,5593.465680374423,41964
2022-12-30,5489.818359375,5661.351183118477,5407.589647713424,5641.272079108092,112738
2023-01-02,5361.26513671875,5524.479786210723,5325.7443320788025,5493.11785185366,141578
2023-01-03,5412.27587890625,5459.0795113340555,5365.902699836034,5368.723523248791,52179
2023-01-04,5467.39697265625,5495.938080592644,5373.503529828121,5411.797066136807,36403
2023-01-05,5438.1865234375,5477.053839583009,5346.826317619358,5476.241020548891,39152
2023-01-06,5431.15869140625,5454.440984355034,5403.287075637947,5445.261871846942,20655
2023-01-09,5582.755859375,5603.026380468348,5446.074804839793,5458.361398041084,36557
2023-01-10,5602.54931640625,5621.146582120392,5539.013093806522,5579.171310597897,21937
2023-01-11,5522.1845703125,5603.026688429491,5478.823169716791,5598.245948934244,47499
2023-01-12,5609.43310546875,5640.316496077154,5535.474971584409,5554.549842182861,50702
2023-01-13,5686.78564453125,5734.975407869098,5575.012042476615,5634.866530690659,19097
2023-01-16,5561.86474609375,5688.076269629913,5459.604540844653,5667.041015707219,30910
2023-01-17,5443.9716796875,5607.903432388684,5407.972802760065,5568.988024093595,45506
2023-01-18,5394.2998046875,5484.081999298606,5355.480106498048,5472.560136959703,34560
2023-01-19,5403.3349609375,5445.26213855639,5368.72268804477,5372.547279538049,35073
2023-01-20,5336.40478515625,5429.96395100871,5316.325679156746,5429.96395100871,34072
2023-01-23,5533.5146484375,5562.916196859379,5325.743893003858,5354.4283304886185,25617
2023-01-24,5632.5712890625,5653.080847239495,5498.232515830515,5533.514278202326,28854
2023-01-25,5490.8232421875,5637.448631985163,5459.605103228507,5598.246563818373,9566
2023-01-27,5646.0537109375,5684.29962938585,5473.94707791993,5473.94707791993,30246
2023-01-30,5735.45361328125,5782.448192757766,5635.105696815525,5641.2730379860595,47849
2023-01-31,5625.9267578125,5722.210573529077,5574.533806955553,5690.227705628867,39727
2023-02-01,5815.4833984375,5832.50264563942,5626.930831079997,5710.307121221052,103912
2023-02-02,5768.44091796875,5854.685654824278,5664.220785355026,5832.502834345993,52374
2023-02-03,5760.0263671875,5797.316135295656,5698.641485246437,5797.316135295656,18149
2023-02-06,5661.39990234375,5793.683070902856,5652.985986730506,5756.010933251748,24477
2023-02-07,5811.89697265625,5832.501771675777,5636.5871743911675,5689.749087192056,59468
2023-02-08,5823.0361328125,5842.063381713006,5800.375241949227,5840.963905055891,16688
2023-02-09,5795.4990234375,5899.43248590934,5760.791041751017,5804.439099589803,11981
2023-02-10,5845.26708984375,5851.625380257299,5760.791326151998,5819.068729717727,21183
2023-02-13,5766.5283203125,5880.309927030654,5693.86107568578,5852.581636317826,15021
2023-02-14,5765.09375,5784.694781905631,5700.553766896094,5727.421616199094,12346
2023-02-15,5747.16552734375,5781.204483217821,5725.413164369567,5754.336636016557,17161
2023-02-16,5734.01904296875,5760.886892738671,5724.075198032268,5747.166076792465,7038
2023-02-17,5749.79541015625,5784.694808588229,5701.557561740303,5734.018969769191,21922
2023-02-20,5785.79443359375,5831.450497096175,5691.85289979033,5761.747406609749,21694
2023-02-21,5812.7578125,5874.572680683175,5749.364926791095,5874.572680683175,27263
2023-02-22,5770.83056640625,5800.279734549729,5736.170205536028,5785.794187449508,9943
2023-02-23,5756.2490234375,5827.7210743493315,5727.038893725507,5760.838346313645,11772
2023-02-24,5835.6572265625,5851.625083062937,5748.886805600415,5813.331546840527,21928
2023-02-27,5819.9765625,5847.3224858296235,5746.4488823213205,5832.502193371058,17275
2023-02-28,5979.892578125,6248.426821909422,5731.294112371909,5782.782772594978,178171
2023-03-01,6027.26904296875,6117.3859726606515,5966.887936210455,6100.22293299028,31397
2023-03-02,5959.76513671875,6052.415768136795,5944.371063271162,6023.635625059837,10564
2023-03-03,5882.84326171875,6019.907156048663,5846.748678627766,5975.87673216478,13976
2023-03-06,6035.20556640625,6114.565842390363,5885.090345568832,5899.1459064967885,49983
2023-03-08,6077.03759765625,6099.315659113038,5980.419029852016,6023.732347124159,19369
2023-03-09,5979.98876953125,6103.618522088925,5928.97817915866,6028.035207660354,13013
2023-03-10,5800.1845703125,5933.471494028284,5779.627390488781,5933.471494028284,28529
2023-03-13,5745.15771484375,5904.117295717352,5665.223660802068,5817.1078409233805,28975
2023-03-14,5859.8955078125,5985.438002358942,5663.93328339165,5773.890287648122,111690
2023-03-15,5776.18505859375,5925.009382931357,5746.592094922451,5861.186511860124,17665
2023-03-16,5845.26708984375,5875.863823858167,5737.891396290439,5779.866664261755,24489
2023-03-17,5723.2626953125,5896.134061054096,5651.982051097355,5863.099335531262,40044
2023-03-20,5673.54296875,5908.946783710205,5626.930755608806,5689.080373130399,46701
2023-03-21,5764.37646484375,5805.729860175203,5583.903554582211,5758.639577630139,42622
2023-03-22,5772.02587890625,5827.434836877248,5739.899215849861,5763.659584718081,13575
2023-03-23,5767.91455078125,5878.3972532020425,5746.448843810064,5746.448843810064,44559
2023-03-24,5769.634765625,5793.490839583509,5715.755744622578,5760.790398622965,13838
2023-03-27,5777.3798828125,5818.016165227644,5756.966033448964,5794.160090332779,16474
2023-03-28,5796.02587890625,5849.713496026354,5737.0794477573545,5753.6206215002585,27052
2023-03-29,5609.4814453125,5872.087407924535,5564.7815249872165,5775.229799400512,89796
2023-03-31,5660.4912109375,5717.764376113718,5584.047000465736,5637.543661601927,31478
2023-04-03,5564.30322265625,5690.275720222186,5516.973897195045,5674.642607226324,41060
2023-04-05,5630.0380859375,5660.3481622659565,5548.14410856695,5614.883047773272,24463
2023-04-06,5674.259765625,5691.948501940454,5614.500521316033,5652.889766486294,13631
2023-04-10,5652.7939453125,5708.394318601292,5625.065656507476,5665.176247233413,13211
2023-04-11,5765.66796875,5801.905883448471,5653.702948060451,5653.702948060451,41425
2023-04-12,5774.51171875,5793.299930978384,5731.293648377972,5765.714971618642,51074
2023-04-13,5688.55419921875,5813.379118376386,5660.586873690377,5774.559421021307,28349
2023-04-17,5829.9208984375,5851.625644356212,5691.948931511852,5691.948931511852,28375
2023-04-18,6071.20458984375,6359.339860949826,5829.920567149422,5842.063832567048,428643
2023-04-19,6038.6005859375,6109.7859944831725,5990.315109768267,6071.205327576102,37648
2023-04-20,6120.5419921875,6167.154204195957,6033.293492787054,6071.491789683168,52034
2023-04-21,6084.16064453125,6183.360991447118,6052.416346770531,6133.641299498924,16891
2023-04-24,6202.43505859375,6214.960688123623,6084.159856081192,6085.928356012578,32240
2023-04-25,6210.51611328125,6228.348180417827,6133.641906116917,6212.093664134883,23027
2023-04-26,6250.912109375,6286.6719446291945,6205.447000209138,6241.732996888119,26571
2023-04-27,6358.62255859375,6388.024106456876,6226.004658395198,6229.207847227275,32817
2023-04-28,6547.65380859375,6640.447784186675,6309.429163618224,6375.594791210475,57756
2023-05-02,6588.86279296875,6731.28120927919,6515.000367767498,6578.297545431936,58293
2023-05-03,6640.63916015625,6692.079734908537,6530.873091555345,6588.863373366859,48549
2023-05-04,6553.10302734375,6633.2761229386,6520.9287435590995,6630.885753164568,23007
2023-05-05,6515.57470703125,6691.266898504371,6488.085452583075,6583.078847849987,21428
2023-05-08,6541.43798828125,6595.986037152896,6505.677684686763,6516.147690540985,24006
2023-05-09,6612.14501953125,6622.51931750278,6541.438163247096,6541.485783893921,17850
2023-05-10,6598.80712890625,6627.156820843489,6549.613132571633,6549.613132571633,16745
2023-05-11,6617.45263671875,6641.356336535867,6561.0875258023325,6598.473005690132,21872
2023-05-12,6588.09814453125,6618.694877686796,6541.055480556959,6597.420586664581,23330
2023-05-15,6406.81201171875,6585.898784536249,6363.259663803775,6520.92835123925,29542
2023-05-16,6341.84228515625,6438.699879488537,6320.663235936201,6407.099378529445,25344
2023-05-17,6168.9228515625,6371.721912211102,6129.864116919589,6341.8422906772175,34563
2023-05-18,6051.22119140625,6224.475382480626,6010.6325251681565,6214.961523861841,20865
2023-05-19,6022.2978515625,6089.706281908639,6003.700587222905,6089.706281908639,20910
2023-05-22,6165.81591796875,6191.058131106308,6020.433338413341,6042.855195149323,19346
2023-05-23,6350.16064453125,6387.068047280071,6186.276985913482,6190.10157755856,39458
2023-05-24,6630.35986328125,6660.526142193422,6321.619338865189,6354.272162512035,111285
2023-05-25,6618.74267578125,6637.578976882767,6517.200045020412,6597.420763539483,36611
2023-05-26,6784.15625,6817.2390618933305,6597.420745219898,6616.543703901694,67649
2023-05-29,6897.69873046875,6908.168736963069,6692.0793065750195,6783.821886445375,62748
2023-05-30,6767.61572265625,6971.561909692508,6707.378397066063,6932.073182997713,74519
2023-05-31,6946.3193359375,7160.544570034559,6627.061620195295,6759.966188830001,181345
2023-06-01,6686.43798828125,6976.294131460775,6621.324222767294,6946.318801352841,73859
2023-06-02,6683.3779296875,6774.307685859515,6628.351806298051,6726.50029216961,48818
2023-06-05,6616.400390625,6744.810871727213,6597.420760714918,6683.4740749851135,26562
2023-06-06,6666.263671875,6740.843213815082,6620.703314307224,6657.419303119285,23430
2023-06-07,6685.578125,6712.158852225548,6639.156860223883,6702.597372379073,20319
2023-06-08,6538.330078125,6712.1099409189865,6511.223194598732,6712.1099409189865,17536
2023-06-09,6456.8193359375,6573.51700378061,6438.747766606368,6573.421295614007,20969
2023-06-12,6474.60302734375,6534.314649541171,6453.998227158751,6500.8494735484965,14062
2023-06-13,6630.7421875,6664.254983787203,6474.602959316113,6508.498588248764,22553
2023-06-14,6685.09912109375,6721.719397064125,6652.302969660886,6689.210370108196,20170
2023-06-15,6681.41845703125,6715.93549094158,6599.094026255952,6685.099719963675,12764
2023-06-16,6588.43310546875,6714.931291504339,6549.613405632347,6714.931291504339,34756
2023-06-19,6683.6171875,6705.512881159651,6606.982026256674,6623.140832483975,21007
2023-06-20,6694.326171875,6714.548606522249,6603.778779283625,6693.035278840262,14894
2023-06-21,6697.43408203125,6719.807850881477,6663.825574671084,6695.043712135518,24527
2023-06-22,6582.7919921875,6720.763954919856,6551.525767408002,6720.763954919856,7235
2023-06-23,6532.689453125,6606.026187649856,6488.372369130415,6587.859376596832,7487
2023-06-26,6655.7451171875,6683.47340455978,6522.458201606287,6549.6127069005,14789
2023-06-27,6654.9326171875,6694.947499601351,6621.3717330059135,6688.2544643975225,6752
2023-06-28,6682.375,6773.352388238381,6637.9141182872545,6693.035956757293,45092
2023-06-30,6709.86669921875,6739.514812324132,6643.242871646345,6689.223500029766,16134
2023-07-03,6690.6123046875,6782.142300761024,6610.672883835004,6772.467117207879,13660
2023-07-04,6838.99560546875,6940.200786327482,6702.202961500563,6715.0873032651,92127
2023-07-05,6870.0322265625,6909.499116727041,6716.1409160322,6875.109066803391,31695
2023-07-06,6852.837890625,6895.992907968051,6739.9939493475595,6820.46005107371,40825
2023-07-07,6849.77294921875,6883.779457256722,6801.3974941224815,6839.618799749721,25182
2023-07-10,6874.77490234375,6894.7955413817435,6749.669178379238,6834.876752449098,29197
2023-07-11,6875.25390625,6918.1689739358835,6782.14294315509,6894.843289898528,34555
2023-07-12,7089.87744140625,7160.524759265221,6859.208148631525,6887.514785166146,61507
2023-07-13,7096.7265625,7121.728622156952,7036.041620177725,7089.925167826704,16884
2023-07-14,7217.7607421875,7270.6863576366995,7012.045340961877,7134.085490096916,56494
2023-07-17,7141.6533203125,7255.742844564967,7118.567588038798,7234.956050092651,17496
2023-07-18,7049.212890625,7173.217077409579,7026.414350856244,7170.39099769839,16061
2023-07-19,7142.94677734375,7165.314530555813,7050.410669938745,7078.14292329905,31590
2023-07-20,7154.77734375,7184.47316617017,7078.047076787475,7184.47316617017,15638
2023-07-21,7104.39013671875,7170.104211415961,7089.733998572633,7117.41807492593,8933
2023-07-24,7115.59765625,7140.264345879863,7042.794999478368,7115.693542767259,14960
2023-07-25,7188.40087890625,7227.963191302243,7097.54114669539,7104.965102411136,17851
2023-07-26,7114.017578125,7318.583289117169,7088.680149144902,7232.369611627569,20428
2023-07-27,7232.8486328125,7279.308226043598,7136.959770554715,7171.445241819035,22799
2023-07-28,7219.62939453125,7279.308231361614,7176.85745664336,7279.308231361614,13331
2023-07-31,7226.14306640625,7251.8635737319,7113.107355948778,7197.45288330889,23607
2023-08-01,7119.142578125,7226.143525046704,7050.411114226001,7226.143525046704,48841
2023-08-02,7141.126953125,7183.515345448791,6946.140535531219,7046.579097727462,46840
2023-08-03,7131.1640625,7195.967913218583,7069.521192698768,7141.126437841618,42321
2023-08-04,7083.45947265625,7183.515425344284,7059.942483636135,7086.764517495268,11767
2023-08-07,7148.35888671875,7174.893727519648,7035.131872490022,7111.6703649006495,16998
2023-08-08,7146.3955078125,7174.750322318909,7088.680239645119,7148.359076729178,16999
2023-08-09,7139.6416015625,7232.369006497183,7090.35593295901,7146.059449706265,31575
2023-08-10,7136.62451171875,7184.233808488984,7112.724444547737,7151.903678679791,20804
2023-08-11,6954.23486328125,7145.390032333306,6917.450453121293,7136.6246006178635,14144
2023-08-14,6992.98291015625,7021.624915513453,6855.6635899182675,6945.613097948439,25277
2023-08-16,7073.1611328125,7117.417672054703,6944.990326029151,6992.9826975540855,25828
2023-08-17,6846.32421875,7110.473358713664,6801.301518556737,7110.42564931976,44949
2023-08-18,6651.09765625,6912.372980986699,6609.7149062629705,6849.6285858620295,44951
2023-08-21,6707.232421875,6742.771709600442,6644.344426534411,6651.098112001404,16144
2023-08-22,6774.67138671875,6794.596139663264,6692.1453594283075,6742.580738096345,14491
2023-08-23,6774.4794921875,6797.469807206236,6721.841062996857,6780.227070942184,11456
2023-08-24,6851.3056640625,6885.599363613661,6774.958472336897,6801.157945767149,17327
2023-08-25,6919.22216796875,6933.8783054067035,6797.277435486903,6851.305045213816,24383
2023-08-28,7015.4462890625,7054.913182170638,6928.801823132463,6935.411444911969,15894
2023-08-29,7059.89501953125,7088.680623345249,6989.103632087861,7015.446701971914,12812
2023-08-30,7105.9228515625,7112.628359780475,7042.028750447001,7087.7221863994255,7628
2023-08-31,7124.794921875,7178.726184497397,7098.260078346106,7098.691333867587,56012
2023-09-01,7031.97021484375,7153.819060822174,6999.40060476502,7133.1758627061545,16812
2023-09-04,6922.623046875,7066.647880677659,6899.824505549872,7031.252188743851,47769
2023-09-05,6874.8701171875,6973.7286555542,6840.480532337747,6973.7286555542,85742
2023-09-06,6888.47314453125,6911.463459573491,6860.789067049051,6897.09451267209,11332
2023-09-07,6891.01123046875,6935.698559615296,6834.349779485556,6897.094177909595,145744
2023-09-08,6841.34228515625,6928.2266978299385,6828.123042119848,6924.826234420602,13932
2023-09-11,6882.9169921875,6896.95056940661,6832.865163001667,6841.342467055233,31984
2023-09-12,6832.91259765625,6908.589044482949,6745.9327673865255,6908.589044482949,154364
2023-09-13,6794.787109375,6838.660102373022,6723.708538808831,6802.306483300203,90976
2023-09-14,6825.296875,6846.0841367473995,6799.097871692423,6799.097871692423,13303
2023-09-15,6804.27099609375,6862.561115745662,6688.3133175883195,6831.907363316234,71560
2023-09-18,6925.736328125,6949.205607413923,6851.496771190652,6892.2569634155125,42353
2023-09-20,6926.50244140625,6967.932900766883,6884.018165831974,6948.774306842891,75653
2023-09-21,7037.5263671875,7074.789738649966,6932.824371232352,6937.039636067475,45166
2023-09-22,7023.58837890625,7106.880554710903,7002.513925178841,7038.867544954268,21167
2023-09-25,6973.9677734375,7087.674217146179,6947.864188831728,7032.54508167474,142385
2023-09-26,7042.22021484375,7136.576290632651,6997.963675449148,7012.04542918537,87105
2023-09-27,6996.62353515625,7093.662106793294,6889.431281594734,7088.680684621945,39279
2023-09-28,6865.08203125,7138.668285471775,6827.492017046074,7076.471782909862,52319
2023-09-29,6913.56494140625,6945.076347321526,6809.061332591486,6867.319086069932,33287
2023-10-03,6821.89892578125,6905.297412131999,6754.547961585456,6905.297412131999,33983
2023-10-04,6632.29541015625,6821.947961301086,6614.497437620677,6821.8995223983,31137
2023-10-05,6489.08349609375,6677.666594470329,6468.610936057149,6647.030412770464,42162
2023-10-06,6656.0263671875,6685.88420046969,6517.385210858036,6564.895699155345,41262
2023-10-09,6638.22802734375,6691.0392518632625,6613.52466255304,6652.427748803351,15307
2023-10-10,6634.337890625,6703.0019346142335,6599.860314477006,6663.077831271829,17024
2023-10-11,6695.70751953125,6903.304306196849,6634.921446472828,6634.921446472828,70547
2023-10-12,6597.4287109375,6787.421278797973,6575.594163788736,6726.684120228974,29503
2023-10-13,6651.30859375,6662.1042938864575,6584.346569479504,6601.998747800547,15812
2023-10-16,6662.39697265625,6675.186267874049,6605.112270482644,6651.309687540586,25560
2023-10-17,6652.96240234375,6691.330760688181,6603.944609191364,6688.315676559053,25456
2023-10-18,6676.79052734375,6686.467859875607,6635.602265239863,6681.604974159333,30829
2023-10-19,6672.99755859375,6700.083926959389,6570.731167155993,6634.921258487002,16188
2023-10-20,6861.92041015625,6924.7489861039085,6640.756471505265,6672.997307550817,101039
2023-10-23,6904.3740234375,6968.515680121693,6816.5504917031285,6885.846617621994,53413
2023-10-25,6667.9892578125,6933.40547970372,6613.865431816812,6904.422869210552,28693
2023-10-26,6484.80419921875,6646.544070683204,6467.638306811244,6584.347569490545,21099
2023-10-27,6544.4716796875,6651.455166797862,6487.235419105218,6581.381172697051,13991
2023-10-30,6607.98095703125,6632.976380562578,6446.144208941219,6603.799065105558,19034
2023-10-31,6736.5068359375,6759.313483969655,6618.921884779689,6624.757347372488,19889
2023-11-01,6556.14208984375,6734.7073365346805,6526.9647774723935,6695.706900686737,28739
2023-11-02,6661.47216796875,6696.1933605354,6590.668744759351,6590.668744759351,56156
2023-11-03,6732.470703125,6793.3541284857565,6663.271932979978,6671.927774749414,17745
2023-11-06,6808.380859375,6841.107986995908,6723.717729648124,6833.667866435264,31959
2023-11-07,6871.4033203125,6902.963638620981,6808.040014300497,6808.040014300497,28285
2023-11-08,6935.009765625,6939.5810681592175,6881.955872365316,6889.736489518923,14575
2023-11-09,6879.81640625,6973.378522830797,6856.669258850366,6924.749662838951,17729
2023-11-10,6942.83935546875,6953.92664002846,6822.6771633486505,6822.6771633486505,14493
2023-11-13,6930.779296875,6953.9264424893345,6858.662323156384,6938.365208492155,23008
2023-11-15,6986.2646484375,6992.8295440456095,6915.169165466256,6967.250955558631,21269
2023-11-16,6942.64453125,6997.692492114782,6843.052727521836,6897.079197459314,21153
2023-11-17,7146.30224609375,7172.7565347274585,6913.710513915368,6929.6122454146625,62674
2023-11-20,7072.58154296875,7155.9316006689705,7044.960444902397,7146.302706279181,12074
2023-11-21,7144.5517578125,7153.304952179545,7035.671555701504,7119.264751863259,11430
2023-11-22,7174.99267578125,7265.150760720141,7129.378905876244,7157.194705239561,27197
2023-11-23,7220.0234375,7235.973606924127,7128.941687278172,7217.397289379732,15089
2023-11-24,7234.85595703125,7283.435902953384,7196.098660858897,7220.024154817695,14344
2023-11-28,7119.94580078125,7274.877152317306,7099.8132636251785,7216.619875447443,19597
2023-11-29,7108.9072265625,7240.691436694682,7045.883939291498,7124.127964710226,17133
2023-11-30,7154.375,7197.071042693959,7012.281380786952,7169.109449115925,57191
2023-12-01,7131.81103515625,7235.9257061429935,7061.444981926128,7203.830659531906,30157
2023-12-04,7634.6826171875,7755.573773762498,7155.298933128367,7193.813085408675,157847
2023-12-05,7497.8408203125,7680.442190616183,7420.423579788728,7680.442190616183,65891
2023-12-06,7662.93505859375,7731.9880334839845,7508.295297924071,7566.649924591874,43794
2023-12-07,7858.81201171875,8144.214480696012,7586.101484114211,7654.18188204857,151760
2023-12-08,7765.298828125,7858.8120227261525,7702.810748504869,7858.8120227261525,27621
2023-12-11,7603.70556640625,7818.547765417402,7556.924510174551,7765.299166069647,64180
2023-12-12,7623.06005859375,7683.8461333146115,7542.919792660008,7683.8461333146115,26619
2023-12-13,8007.32470703125,8137.213147726021,7608.714334386351,7634.584982049813,53366
2023-12-14,8097.287109375,8121.018369313209,7936.3260824552,8007.323732229914,41327
2023-12-15,7751.24560546875,8140.4711922142615,7667.555527075171,8097.239945567941,75533
2023-12-18,7678.1083984375,7819.375242999284,7654.328694886958,7819.375242999284,39141
2023-12-19,7612.70166015625,7722.262378392871,7586.101580788967,7722.262378392871,54892
2023-12-20,7653.84228515625,7697.219324490851,7597.77330295638,7644.457009886987,27757
2023-12-21,7530.61669921875,7590.964923548778,7449.9412318236555,7563.732762388065,29668
2023-12-22,7622.6708984375,7657.294740558123,7532.610157802385,7532.610157802385,17659
2023-12-26,7674.9951171875,7736.851118024486,7620.1418616872215,7660.990101405264,19122
2023-12-27,7704.1240234375,7761.165577724116,7615.376359406507,7682.338390478265,11177
2023-12-28,7501.73095703125,7963.899824365134,7466.280328753207,7750.419132689334,87310
2023-12-29,7464.140625,7605.407454800336,7411.037818096818,7537.375493797162,52509
2024-01-01,7550.74853515625,7585.129232567011,7488.844094212845,7498.569865763771,17080
2024-01-02,7603.36474609375,7633.70934205938,7543.356548099933,7595.827273447244,30786
2024-01-03,7881.181640625,7995.118959612001,7499.737164508354,7615.230701925103,86219
2024-01-04,7984.8095703125,8019.870784890999,7749.542789372995,7858.4229859227835,46150
2024-01-05,7844.9052734375,8048.076561380387,7800.069368250236,8025.707285137275,26527
2024-01-08,7825.16162109375,7905.39924189114,7798.1241642845725,7848.698179817473,11458
2024-01-09,7788.73828125,8084.985374865707,7746.576966997521,8052.8903290514045,38473
2024-01-10,7811.69189453125,7913.472006960141,7770.892089660957,7866.204658470316,21386
2024-01-11,7820.638671875,7886.579687724152,7785.723247091756,7812.420679874211,19415
2024-01-12,7830.75390625,7895.33341341029,7804.9321710797385,7856.47876361148,9367
2024-01-15,7997.3076171875,8023.761907007087,7860.1742318677425,7868.149554871192,33759
2024-01-16,7953.10498046875,7983.886956653624,7917.5085567521,7975.133761062214,14829
2024-01-17,7876.65966796875,7926.504249908357,7837.172938322252,7926.4558110044145,21311
2024-01-18,7779.98486328125,7916.583034559635,7673.633460457511,7916.583034559635,33821
2024-01-19,8240.451171875,8266.905459301232,7784.020922766754,7784.020922766754,135675
2024-01-23,7899.466796875,8169.648555577986,7787.960439950479,8169.648555577986,38548
2024-01-24,7966.3310546875,8005.185702069061,7781.589833744916,7974.986421516026,21964
2024-01-25,7969.97802734375,7999.350046737431,7907.052096838026,7998.571225204599,14926
2024-01-29,8020.40625,8150.196866184686,7953.2984237748515,7967.400793054049,32525
2024-01-30,8025.36669921875,8099.5257076409525,7977.2241298167955,8028.624452790576,34625
2024-01-31,8136.8720703125,8163.374797813585,7985.831027941689,8025.366669246168,35250
2024-02-01,8113.142578125,8225.08584018976,8025.026509009778,8225.08584018976,21348
2024-02-02,8229.4130859375,8252.317087780346,8044.234017337059,8113.141678033733,16462
2024-02-05,8101.908203125,8286.35785140883,8080.074604527928,8236.56170816688,18949
2024-02-06,8220.66015625,8246.968178952364,8056.391491010659,8114.016688793892,19163
2024-02-07,8375.6875,8479.899513456545,8220.221434537758,8290.246983909117,48763
2024-02-08,8436.1826171875,8485.638735012408,8339.849040674146,8461.421184124207,38780
2024-02-09,8397.2802734375,8543.215297376257,8276.632257571227,8446.103840518559,27292
2024-02-12,8383.2255859375,8462.296867716112,8286.017260041697,8397.231076749822,11036
2024-02-13,8521.52734375,8548.95421275082,8336.494517927948,8383.226665846612,16594
2024-02-14,8524.056640625,8635.465177411297,8413.765997834367,8461.56855076708,16425
2024-02-15,8528.6259765625,8582.993419609295,8442.796042366406,8524.055623745666,17982
2024-02-16,8543.84765625,8680.251610123367,8383.810266100514,8583.869588404606,38842
2024-02-19,8632.8388671875,8728.783993389525,8517.248440243402,8636.486031896915,14418
2024-02-20,8575.6982421875,8654.330717718969,8502.949667923302,8616.060190251099,18070
2024-02-21,8566.265625,8654.867981438489,8510.050850481313,8651.07455028929,11657
2024-02-22,8445.763671875,8602.931770178157,8378.947427132323,8602.931770178157,38170
2024-02-23,8515.69140625,8558.679509195857,8324.336838814286,8510.050648348153,12322
2024-02-26,8560.8193359375,8625.787303822408,8490.599071188366,8524.639273650175,17937
2024-02-27,8464.3388671875,8889.355078259652,8394.459579444761,8560.867148535122,70693
2024-02-28,8466.5751953125,8578.907849787196,8433.362257386992,8469.347609902696,16018
2024-02-29,8898.6923828125,9092.576226513549,8365.136886006154,8413.765748266393,80740
2024-03-01,8699.0703125,9033.296840031033,8667.12153207758,8903.263081220963,35724
2024-03-04,8612.75390625,8923.395430636556,8596.512627526408,8923.395430636556,45298
2024-03-05,8486.8544921875,8617.471413703835,8446.832562482248,8587.856249478209,41517
2024-03-06,8477.0791015625,8516.809446998766,8412.743694595985,8516.809446998766,41202
2024-03-07,8427.52734375,8546.95962884118,8373.889333553023,8546.95962884118,38774
2024-03-11,8379.87109375,8507.813429446544,8324.093223643393,8428.596829650169,67923
2024-03-12,8358.4736328125,8424.900456949703,8291.219548293773,8380.648200123032,23669
2024-03-13,8139.49853515625,8345.92804454649,8050.8971327113795,8276.631919486163,36711
2024-03-14,8005.283203125,8072.391032187766,7859.007682291071,7999.447739728237,68591
2024-03-15,8017.68310546875,8072.293693887798,7918.771816579603,7925.23983472169,46749
2024-03-18,7985.150390625,8017.683287902831,7926.601528153297,8017.683287902831,19087
2024-03-19,7979.60595703125,8089.8965837093565,7965.504063508893,8037.960584949326,23350
2024-03-20,7907.1982421875,7970.026822812488,7866.204209147003,7966.42809730039,14503
2024-03-21,7977.7109375,7994.293189194302,7897.327050112662,7898.299627335581,16304
2024-03-22,8164.83447265625,8215.992606001048,7977.711179167363,7989.722128321297,49514
2024-03-26,8182.48583984375,8203.68783064699,7986.8031375546025,7986.8031375546025,29115
2024-03-27,7874.2763671875,8276.437027782962,7746.82031876179,8197.026671563839,108749
2024-03-28,8045.88916015625,8115.233734288964,7843.933571219671,7843.933571219671,74053
2024-04-01,8176.99072265625,8231.989769826912,8033.487155970655,8045.839075573716,23249
2024-04-02,8189.58544921875,8215.358742301618,8140.518744695089,8169.599179822272,14963
2024-04-03,8128.9462890625,8246.821882758466,8076.377732967129,8246.821882758466,21126
2024-04-04,7901.80078125,8217.30472864019,7892.463945190572,8128.94647030047,61071
2024-04-05,7970.80419921875,7983.885551395497,7902.189073588551,7953.978805055454,20381
2024-04-08,8012.18798828125,8029.597500371629,7965.407404075054,8013.98782600145,23206
2024-04-09,7947.90087890625,8043.213444512321,7929.908200705104,7999.447470509534,16546
2024-04-10,7925.43408203125,8022.011280877915,7881.960167047905,8022.011280877915,16089
2024-04-12,7951.35302734375,8044.380412807984,7883.807828373224,7963.413364066279,43228
2024-04-15,7735.294921875,7941.092339453148,7676.5513576612,7941.092339453148,40510
2024-04-16,7686.1806640625,7727.126261319102,7632.78626794617,7727.126261319102,42416
2024-04-18,7703.005859375,7736.36506620914,7644.456524030907,7702.811153985341,28100
2024-04-19,7620.8232421875,7707.674194893988,7527.261126988267,7707.625755991196,31951
2024-04-22,7736.99658203125,7813.879086322915,7629.867309999106,7629.867309999106,36625
2024-04-23,7879.1884765625,8096.705274638046,7749.00892200344,7825.842521606611,109168
2024-04-24,8004.31005859375,8054.446221434418,7880.063325910232,7897.326570568803,34767
2024-04-25,7975.66796875,8096.2191056882975,7928.401095550305,8023.762102460023,30933
2024-04-26,7923.24609375,8022.303178327892,7858.423917183653,7975.716349697949,32513
2024-04-29,7962.82958984375,8114.211127613084,7918.868912896013,8081.726671029601,60799
2024-04-30,7893.58251953125,8067.528050535815,7829.246631321677,8023.762075578116,72113
2024-05-02,7888.0869140625,8023.76142543809,7794.5248029997065,7964.142636560701,37195
2024-05-03,8012.5283203125,8096.6562428313955,7907.05213963725,7907.05213963725,46486
2024-05-06,7961.7119140625,8091.842557543427,7920.42582067239,8091.842557543427,54469
2024-05-07,8052.5009765625,8082.116140825611,7961.71127924969,7961.71127924969,33098
2024-05-08,8121.01953125,8163.423516793622,7961.71157758747,7961.71157758747,32647
2024-05-09,8153.64990234375,8203.68919235319,8092.085951710329,8142.999991384733,38823
2024-05-10,8200.3330078125,8237.242502090885,8043.213352888791,8171.496664028603,16630
2024-05-13,8175.2412109375,8201.84081878517,8109.981657441344,8200.333514005684,11773
2024-05-14,8204.80859375,8262.044389507673,8146.940242817015,8175.290302018017,17962
2024-05-15,8198.728515625,8261.021892269833,8156.031998728485,8212.636178945631,12212
2024-05-16,8107.69482421875,8235.783426704393,8072.3904631136575,8235.783426704393,21728
2024-05-17,7995.216796875,8155.011034038868,7976.105275800059,8107.69477537117,29430
2024-05-21,7923.48828125,8072.341491344173,7806.876381934727,8051.868933345022,60118
2024-05-22,7901.16845703125,7950.818331394981,7853.657967497825,7950.818331394981,15810
2024-05-23,7941.287109375,7956.6536383386765,7873.01200371001,7907.052203849584,12988
2024-05-24,7811.69189453125,7973.528176191137,7795.206520479671,7973.528176191137,59111
2024-05-27,7769.23828125,7812.955816484045,7747.161063675258,7781.590201685351,26182
2024-05-28,7637.25927734375,7780.665490440242,7610.513406229081,7780.568612640041,53389
2024-05-29,7580.16845703125,7644.455897406243,7542.335303356923,7644.455897406243,53870
2024-05-30,7767.24462890625,7839.410046781324,7552.061924364631,7552.061924364631,60364
2024-05-31,7735.294921875,7800.020215406231,7598.745186545922,7794.233191473059,114833
2024-06-03,7794.525390625,7906.080187233684,7770.940393141864,7906.080187233684,28468
2024-06-04,7715.89208984375,7858.423075848369,7449.89224934319,7794.524569544967,40557
2024-06-05,7828.1767578125,7875.930394699829,7683.3601034982275,7715.8930017410485,26432
2024-06-06,7907.34423828125,7921.641313112228,7831.240072197636,7906.080077874684,17926
2024-06-07,8147.86279296875,8184.237562046389,7939.537030869583,7957.578623799091,45046
2024-06-10,8192.40625,8257.179504361571,8052.938315207752,8218.276420713224,20223
2024-06-11,8152.53125,8386.338231806567,8120.533081192948,8198.825543380628,35518
2024-06-12,8121.74755859375,8217.206373123418,8091.84081519624,8217.206373123418,12780
2024-06-13,8027.1171875,8232.865696673018,8000.906042962857,8208.551267562938,27651
2024-06-14,8075.162109375,8111.293731750136,8033.779140064579,8037.961032008161,37519
2024-06-18,8056.439453125,8146.305958946082,8046.470537642765,8111.293182618233,18624
2024-06-19,7974.84130859375,8143.97191066121,7961.322105852019,8119.85218650593,24661
2024-06-20,8019.5791015625,8050.798446240882,7940.994587749994,7975.2290163858315,19663
2024-06-21,8001.052734375,8082.116665420242,7975.133171654149,8023.762032456919,59500
2024-06-24,8485.541015625,8746.240133406936,8047.5897104327805,8082.067760711312,464475
2024-06-25,8375.396484375,8610.225424906845,8289.3718463407,8490.598436624505,74272
2024-06-26,8270.40625,8407.929031892056,8212.44103473644,8374.861410482647,112962
2024-06-27,8218.1806640625,8490.599164561158,8201.305879358539,8269.9210125475,72022
2024-06-28,8322.8466796875,8480.55298520098,8237.777899742825,8237.777899742825,74446
2024-07-01,8537.4931640625,8616.516749394319,8285.601260657257,8285.6498202434,111072
2024-07-02,8674.041015625,8740.877091185312,8499.564533453202,8512.239536485597,71695
2024-07-03,9064.3330078125,9115.276767691834,8600.03772734375,8634.162733961486,131187
2024-07-04,9655.3310546875,9730.50319853815,9048.051533778062,9067.502980601683,499552
2024-07-05,9425.912109375,9652.453990514225,9311.252459942409,9633.002544945655,136490
2024-07-08,9657.5234375,9686.626812085016,9393.395507230001,9520.876781078026,91945
2024-07-09,9601.802734375,9632.027742982395,9478.952699390105,9613.502737706895,74520
2024-07-10,9523.607421875,9593.954072030307,9447.752591497872,9593.954072030307,46700
2024-07-11,9529.5546875,9546.519119427103,9420.45178595658,9511.565743659916,26061
2024-07-12,9655.767578125,9724.651721176251,9450.676672685122,9547.201689769185,38090
2024-07-15,9661.033203125,9672.0019553425,9508.201922227829,9672.0019553425,23059
2024-07-16,9551.98046875,9662.25261776634,9491.627571539388,9661.033867436148,42229
2024-07-18,9536.1845703125,9603.751893202463,9224.672008903548,9506.300433562019,38458
2024-07-19,9471.4931640625,9676.389844567888,9360.050827489955,9438.00228680711,37654
2024-07-22,9729.52734375,9823.127366297349,9481.341224394027,9505.861909011763,77031
2024-07-23,9494.6982421875,9740.446843463365,9250.996760399674,9701.25164638193,31007
2024-07-24,9263.9658203125,9623.30200867306,9241.637931450552,9550.128422876487,32368
2024-07-25,9174.6064453125,9329.43725894478,9095.778049741348,9263.965606133284,23383
2024-07-26,9243.6357421875,9325.292006421621,9143.210724681656,9174.604968435473,17040
2024-07-29,9401.4404296875,9482.365454905448,9243.977880618842,9243.977880618842,29885
2024-07-30,9433.2744140625,9477.002796104793,9364.974882192584,9477.002796104793,11511
2024-07-31,9379.015625,9480.951718534463,9258.94395413387,9433.274773938016,46366
2024-08-01,9177.142578125,9603.753806798239,9126.00361742452,9379.016217715296,51150
2024-08-02,9198.7373046875,9319.296470743804,9114.302660896406,9177.14161967176,33863
2024-08-05,8893.3662109375,9150.375854066577,8851.879195346486,9143.550853429553,26071
2024-08-06,8960.205078125,9133.462838894478,8889.273799328072,8912.86899933702,27023
2024-08-07,9114.107421875,9208.146389258334,8921.25255702822,9120.54299500864,19537
2024-08-08,9166.318359375,9282.002521662553,9084.662087191256,9114.107285620386,20264
2024-08-09,9217.7490234375,9289.801919182299,9130.876886349939,9130.876886349939,9605
2024-08-12,9139.701171875,9241.24783175839,9088.367978492035,9216.677634306061,13984
2024-08-13,8920.1796875,9211.801865704061,8892.976801131112,9026.112887666022,38083
2024-08-14,9155.8369140625,9223.502311882292,8922.22723636732,8949.575802792584,56696
2024-08-16,9345.865234375,9360.002738511294,9157.202679176882,9165.002681458975,20441
2024-08-19,9367.4619140625,9424.304240521456,9291.849879878364,9340.50277519319,11623
2024-08-20,9532.08984375,9552.711479679821,9356.005181313683,9367.802303354983,21525
2024-08-21,9502.83984375,9555.002356615194,9432.980695660788,9505.325903933466,18400
2024-08-22,9633.8798828125,9652.502005822866,9496.453413825124,9496.501973405526,29193
2024-08-23,9627.298828125,9673.318076909354,9579.42574590973,9642.752200792593,29951
2024-08-26,9664.1044921875,9676.876613457664,9516.098705791255,9608.626602078113,69355
2024-08-27,9686.2373046875,9747.077702415112,9556.757459218397,9664.105560270138,35085
2024-08-28,9723.1416015625,10148.777777625448,9618.474751627102,9735.377664481708,189405
2024-08-29,9808.1123046875,9958.652726766159,9689.796403150947,9701.252656287768,62522
2024-08-30,9806.2607421875,10030.803121636534,9702.228019382304,9955.240598121096,112815
2024-09-02,10365.4716796875,10479.937092899276,9847.55134287328,9944.954251262523,301690
2024-09-03,10631.3056640625,10704.62492153823,10304.290197592713,10335.002705633036,201716
2024-09-04,10791.0107421875,10905.378084101532,10337.001482931782,10359.377929689654,139699
2024-09-05,10623.3095703125,10850.386539206593,10579.823991328303,10683.076890459135,47122
2024-09-06,10426.068359375,10624.9684161967,10325.448140200162,10578.753022134526,71606
2024-09-09,10098.1748046875,10492.318659507611,10003.59977953586,10383.75276149456,72041
2024-09-10,10085.2568359375,10261.878527510404,10008.525071279782,10222.48813311062,109379
2024-09-11,10056.787109375,10253.39534631534,10015.154406614967,10158.430889478808,116090
2024-09-12,10133.95703125,10219.318109534126,10006.378634140208,10188.703674111548,81548
2024-09-13,10112.01953125,10222.877246035883,10072.044522467218,10173.103675529977,84443
2024-09-16,10140.0029296875,10251.396711871808,10114.750041531966,10251.396711871808,51928
2024-09-17,10110.6552734375,10217.95385839887,10042.69756692635,10217.95385839887,32624
2024-09-18,10523.177734375,10622.043140923868,10130.155513110267,10169.252642410012,203890
2024-09-19,10497.7314453125,10586.01753485992,10381.462655834004,10578.753591963798,37124
2024-09-20,10884.3173828125,11066.252035416377,10448.150481299235,10542.042808139167,116438
2024-09-23,10808.2177734375,10995.07693721954,10676.25188104584,10885.097108271912,40331
2024-09-24,10571.001953125,10998.003530632821,10520.253377263132,10920.003505592871,67183
2024-09-25,10482.03515625,10564.135070806504,10397.336482307763,10564.135070806504,38803
2024-09-26,10608.51953125,10658.643113006035,10387.52728678367,10572.717383377705,55743
2024-09-27,10341.8681640625,10688.65838944183,10158.001861159915,10608.520234165517,95510
2024-09-30,10294.0498046875,10354.177605456178,10091.007481427798,10338.48351283707,62295
2024-10-01,10402.9267578125,10434.65786568605,10180.070468489777,10313.322730045329,28112
2024-10-03,10317.982421875,10544.468172570765,10194.538961355453,10338.483212920546,46736
2024-10-04,10170.115234375,10368.743599789954,10000.128780390758,10211.950184370817,29133
2024-10-07,10137.40234375,10298.266783457306,9979.922134139195,10298.266783457306,28090
2024-10-08,10135.1953125,10187.230843389432,9965.748167235248,9965.748167235248,23825
2024-10-09,10273.1572265625,10388.704791792252,10117.785326611443,10224.701332486446,16202
2024-10-10,10541.57421875,10595.376102346918,10234.803765757768,10273.156777621265,29630
2024-10-11,10643.6357421875,10688.658556079516,10523.870574302755,10622.939539537594,19967
2024-10-14,10466.2431640625,10671.982908085565,10407.09624448659,10671.982908085565,31733
2024-10-15,10502.6337890625,10611.610222112764,10286.93867303624,10515.042314502505,32315
2024-10-16,10304.2998046875,10526.95973516803,10200.669370186164,10502.633126229757,33502
2024-10-17,10203.8564453125,10348.291124755173,10023.767136478014,10279.629477481916,36005
2024-10-18,10044.6123046875,10130.634786052016,9813.56506185815,10108.957703146143,31707
2024-10-21,10107.2900390625,10372.765816076288,9971.585560810809,10045.543399882841,57230
2024-10-22,10099.8837890625,10288.506964336559,9907.925236106172,10169.232249161101,39686
2024-10-23,10021.51171875,10183.847492776784,9944.708942918633,10142.16005835903,22608
2024-10-24,9923.865234375,10148.68330776251,9880.216038299473,10023.424636659627,19752
2024-10-25,9962.2666015625,10102.974138375796,9818.61642246475,9906.895690998399,23577
2024-10-28,10028.376953125,10172.861449308342,9946.278003279593,10112.88021020091,18055
2024-10-29,10157.265625,10188.457442004326,10004.983884985877,10145.004615337028,24098
2024-10-30,10027.837890625,10199.197947702758,9941.226312749322,10127.642506049,29790
2024-10-31,10053.537109375,10139.805761733749,9871.63258520162,10030.486412065833,41264
2024-11-01,10135.0,10152.11656201376,10055.009360116237,10103.072520651374,2117
2024-11-04,10454.47265625,10494.443548351628,9916.753616816186,10134.99959209502,110638
2024-11-05,10397.6787109375,10510.137070305942,10181.639729161028,10446.330970104145,39999
2024-11-06,10387.7236328125,10531.128591733075,10339.267740034134,10397.336072697664,23227
2024-11-07,10298.1201171875,10519.946695703826,10201.16043219765,10519.946695703826,39553
2024-11-08,10287.7724609375,10414.992899174573,10191.400917111554,10298.120562360366,29146
2024-11-11,10643.978515625,10689.441954844231,10191.448610727037,10348.291824474425,57715
2024-11-12,10587.7744140625,10680.516498126324,10420.877169980486,10642.556221224422,39197
2024-11-13,10327.3505859375,10544.958599155318,10268.88951796891,10451.284486675031,21623
2024-11-14,10642.654296875,10941.234793081356,10053.047236029479,10328.674738549167,106278
2024-11-18,10480.4658203125,10794.690592216863,10402.583503920934,10652.365175469125,39537
2024-11-19,10353.4912109375,10593.41523617167,10318.91516175475,10554.277707982706,18870
2024-11-21,10221.7099609375,10453.589607245509,10154.813698821476,10423.427522655544,33961
2024-11-22,10258.345703125,10412.049919420497,10201.553278299381,10322.789764670872,21513
2024-11-25,10389.0478515625,10456.140481477169,10103.072245738353,10298.218672587473,99760
2024-11-26,10275.9521484375,10475.806604969574,10216.314789305836,10470.902201128296,35282
2024-11-27,10026.4150390625,10328.673811097437,9959.862666465657,10275.95147326776,39102
2024-11-28,10129.0166015625,10197.089153492965,9983.69872971049,10122.689728903657,27443
2024-11-29,10268.10546875,10349.273355219952,9926.562581475804,10180.464152135082,56323
2024-12-02,10204.3974609375,10251.823624331653,10004.984577553378,10104.053542487974,44838
2024-12-03,10478.75,10501.310259290462,10054.07744929974,10201.160722643452,61089
2024-12-04,10404.349609375,10509.107481683835,10279.630239109416,10478.74903095476,38886
2024-12-05,10537.552734375,10583.702980724733,10280.610837903238,10446.379679770009,30835
2024-12-06,10471.736328125,10560.16311897015,10398.317780438654,10495.424983557552,22898
2024-12-09,10909.3564453125,11029.465492917445,10471.736085705998,10495.424740590159,127070
2024-12-10,10983.6572265625,11052.90702314701,10716.122006670565,10867.226491991847,74434
2024-12-11,10954.2314453125,11325.15189930203,10820.14484970707,11132.99696933553,84627
2024-12-12,11057.9111328125,11231.134303423582,10907.34592611185,10984.639143575982,54988
2024-12-13,10918.9189453125,11073.260143313013,10858.34956090546,11061.097797130444,35484
2024-12-16,10812.7392578125,11081.648106295792,10593.51240389849,10983.854101137082,31261
2024-12-17,11054.5263671875,11123.188021642081,10757.123123743097,10814.210576596468,71749
2024-12-18,10970.21875,11137.900499516829,10838.731881960453,11065.364179190059,52623
2024-12-19,11114.8515625,11303.671129704804,10642.409908983958,10814.211576275206,117845
2024-12-20,10541.2802734375,11114.899148452034,10447.75367643053,11114.850295992464,65090
2024-12-23,10902.6376953125,11005.482664866384,10541.280822518076,10541.280822518076,87126
2024-12-24,10837.359375,10995.673921486443,10711.267337978186,10902.49024418571,29202
2024-12-26,10987.875,11043.736350219804,10707.39195831556,10837.358657525447,42464
2024-12-27,11084.8369140625,11180.080062584891,10881.892280603333,10881.892280603333,57315
2024-12-30,12389.30859375,12984.899586738426,10997.586301378236,11083.952661289031,685958
2024-12-31,11659.4853515625,12249.239957962649,11427.310664624685,12249.239957962649,187495
2025-01-01,11616.6689453125,11815.29730604702,11487.094975614591,11672.481445633475,60912
2025-01-02,11691.0693359375,11803.232671620055,11609.312346989802,11636.434084111395,39204
2025-01-03,11386.0146484375,11767.332031791497,11304.650400398232,11708.773260698801,57648
2025-01-06,10815.142578125,11481.209477145227,10742.55740073852,11481.209477145227,60656
2025-01-07,10889.0517578125,11106.513221240017,10833.828360734433,10923.284880651236,46066
2025-01-08,11055.310546875,11540.013151826506,10925.834288093385,10986.796409759603,220364
2025-01-09,10955.3603515625,11206.46584556029,10905.090208721145,11034.909404199754,32000
2025-01-10,10620.830078125,11078.509646679868,10475.807231028062,10986.061628746873,42116
2025-01-13,10117.5888671875,10639.270884209587,10049.221285316054,10620.829559252123,45192
2025-01-14,10417.5419921875,10512.344502396856,10117.834062493308,10298.267272916522,26276
2025-01-15,10641.7236328125,10760.262697881908,10397.336791025364,10397.336791025364,36677
2025-01-16,10728.2353515625,10887.727131247793,10555.306272336506,10886.795102986238,23836
2025-01-17,10595.572265625,10789.640109553939,10573.895182776063,10727.893470688477,15135
2025-01-20,10654.1298828125,10846.530016847495,10593.51164663502,10636.621545330838,21529
2025-01-21,10590.5693359375,10811.80679497706,10461.632371254758,10701.408859412626,20940
2025-01-22,11070.6142578125,11205.043789752915,10682.577210082338,10691.749020971181,376194
2025-01-23,10984.197265625,11147.71028648235,10870.807828357685,10985.913807024152,42202
2025-01-24,11074.2421875,11093.762099018239,10889.150742665066,10946.67882815191,28427
2025-01-27,10979.1943359375,11091.750399267488,10889.885337396418,11070.219875749412,33246
2025-01-28,10818.4287109375,11111.614373210787,10776.05446764345,10936.82121830497,80284
2025-01-29,11208.376953125,11278.16700250421,10818.427997734623,10818.427997734623,49369
2025-01-30,10991.7998046875,11640.603643182416,10893.760570839471,11379.39526090948,101370
2025-01-31,11338.6884765625,11623.38914134763,10979.096984651995,11034.909487795736,81560
2025-02-01,11529.2734375,11618.778814492673,11293.910887462622,11340.895463035082,25068
2025-02-03,11971.650390625,12182.000473745238,11457.766546620545,11476.305577248055,100514
2025-02-04,11511.4697265625,12132.367282295758,11338.98221844625,11971.650343956442,54181
2025-02-05,11164.287109375,11628.341413939655,11108.670978684928,11546.731943100329,101219
2025-02-06,11205.9736328125,11487.927018193528,11142.80453381289,11262.37427195812,74724
2025-02-07,11055.654296875,11259.088386899797,10985.864249313227,11221.275626084225,167122
2025-02-10,11302.884765625,11476.304283215324,11023.676688945632,11047.266678393979,84954
2025-02-11,11293.46875,11406.074631697222,11124.021592486035,11280.12915433057,87425
2025-02-12,11650.0185546875,11765.272044613212,11034.908609908609,11260.5600383934,88894
2025-02-13,11910.4931640625,12139.724251001944,11412.646325355852,11417.011436690129,102223
2025-02-14,11844.33203125,12015.789803562553,11624.46721670825,11868.854051257269,120567
2025-02-17,11783.958984375,11862.772373353293,11380.227873103675,11802.545909187646,94605
2025-02-18,11764.83203125,12010.885600972479,11623.339973435359,11782.340370672227,33973
2025-02-19,11507.791015625,12236.487730227316,11413.528755825655,11761.741432717896,78087
2025-02-20,12216.1826171875,12345.95294547785,11505.730899915889,11515.539707162192,118067
2025-02-21,11974.4453125,12328.690797208956,11893.179721231489,12202.157173783069,45778
2025-02-24,11772.3837890625,12362.923838143235,11644.329992823636,12170.621391925471,151381
2025-02-25,11419.4638671875,11865.961027903548,11340.061369695979,11822.557049686618,69293
2025-02-27,11837.908203125,12210.985855981138,11534.17806092716,11534.17806092716,250322
2025-02-28,11353.0576171875,11770.569924369738,10987.82702439915,11627.508838903866,182651
2025-03-03,11129.8095703125,11609.803221855942,11087.533989648557,11373.068016425925,60270
2025-03-04,10994.83984375,11226.131333058142,10870.758428855464,11126.866009564243,69989
2025-03-05,11338.9814453125,11373.312271487755,11010.386394777925,11010.386394777925,40281
2025-03-06,11144.7197265625,11863.754265388769,11082.9730834748,11452.86288084554,139333
2025-03-07,11549.822265625,11680.279408614839,11216.420507263585,11231.232381691247,138683
2025-03-10,11414.7060546875,11785.28262341949,11315.489580198535,11611.764429519455,83095
2025-03-11,11166.88671875,11481.210173910486,11099.205941133612,11365.662603123403,78819
2025-03-12,11239.2255859375,11360.609577451738,11068.061896893183,11235.007990335882,63518
2025-03-13,11103.767578125,11368.360187135528,11069.485600875096,11323.239668082759,40038
2025-03-17,11345.4560546875,11498.278057406877,11095.037365299768,11224.072049518893,85256
2025-03-18,11345.4560546875,11345.4560546875,11345.4560546875,11345.4560546875,0
2025-03-19,11643.103515625,11672.481086071159,11307.103001654226,11476.256080904179,67825
2025-03-20,11769.294921875,11819.466401233893,11577.287500783083,11643.10422084627,51283
2025-03-21,12038.888671875,12153.112426167329,11721.524898522968,11775.473339478513,161147
2025-03-24,12197.7431640625,12310.054015438413,12102.107286253318,12162.921895731977,41834
2025-03-25,12282.099609375,12550.370522856936,12212.947509190442,12329.672330778561,46286
2025-03-26,12358.166015625,12555.27420338851,12221.872437284155,12281.706165909678,63984
2025-03-27,12224.275390625,12438.548985393818,11970.0309046682,12358.165615095171,116843
2025-03-28,12234.5751953125,12653.313596248494,12196.958799406426,12322.364027805494,51564
2025-04-01,11683.7138671875,12292.399311816322,11580.37749070509,12260.030242450703,57842
2025-04-02,11294.939453125,11825.007789449688,11186.944866548356,11759.779220083143,209700
2025-04-03,11279.982421875,11475.963184835551,11182.090703216018,11280.081084696292,61864
2025-04-04,11286.8974609375,11417.354605028859,10986.993161644768,11286.357210193935,63954
2025-04-07,10573.501953125,10745.891748256683,10201.159996412494,10201.159996412494,82134
2025-04-08,10605.0380859375,11034.860247988445,10422.446740198811,11034.860247988445,184342
2025-04-09,10880.2236328125,11019.214630257566,10337.257271196984,10570.461675535931,148878
2025-04-11,11066.4453125,11166.347644344869,10875.320103321994,11083.953652591093,44334
2025-04-15,11599.8955078125,11662.671874504535,11122.2065925153,11122.2065925153,74599
2025-04-16,11363.50390625,11598.915294899114,11301.708416729607,11598.915294899114,62520
2025-04-17,11726.4306640625,11787.245277293105,11283.072515994223,11444.917857656315,76485
2025-04-21,11973.6123046875,12013.828418760751,11754.875879362251,11799.996397590778,35641
2025-04-22,12088.375,12198.23364978903,11973.61194620253,12015.789820675105,32407
2025-04-23,12184.5009765625,12295.340504042097,11921.624929088763,12108.973156952508,53425
2025-04-24,12142.3232421875,12438.54923937149,11947.127965897385,12319.862664340819,56181
2025-04-25,11964.783203125,12344.384047493699,11641.092560640063,12239.429808869794,57428
2025-04-28,12117.8017578125,12173.711965048644,11877.485954779955,11877.485954779955,28811
2025-04-29,12080.52734375,12290.435824714803,11994.209837558867,12245.315310114891,31643
2025-04-30,11744.0849609375,12295.339930289114,11614.608704790859,12123.685802821974,68305
2025-05-02,11723.4873046875,11965.764861937987,11546.928760942206,11767.626940623824,47621
2025-05-05,11673.4619140625,11938.299719019804,11548.890057656658,11784.301439840927,56022
2025-05-06,11631.2841796875,11824.517691527477,11501.80791794701,11686.213502850132,31438
2025-05-07,11679.34765625,11770.569570420761,11476.305331160242,11487.095019933127,37189
2025-05-08,11328.1923828125,11739.181438869166,11192.830832130352,11680.328590746492,55182
2025-05-09,11023.138671875,11226.181001922885,10937.802040405599,10985.86520065848,33839
2025-05-12,11862.771484375,11956.936033945036,11286.994498983226,11475.323598123296,52048
2025-05-13,11693.080078125,11888.275358348712,11652.863965114084,11771.550542536543,31479
2025-05-14,11790.1875,11857.868276830284,11582.240765391016,11741.143458818637,30116
2025-05-15,12388.5234375,12500.343839073634,11835.306713925178,11835.306713925178,143084
2025-05-16,12860.328125,13222.273138967279,12388.52446180688,12388.52446180688,173590
2025-05-19,13705.84765625,14124.683765118441,12795.590258053478,12898.5827438408,268741
2025-05-20,12684.75,13732.330652644603,12555.27373956078,13732.330652644603,196316
2025-05-21,12890.7353515625,13059.446847565296,12466.99484997408,12839.729550445376,113427
2025-05-22,12945.6640625,13137.916688371344,12787.742262677111,12890.734740822474,87848
2025-05-23,13485.1494140625,13580.2948529019,12936.837039719983,12947.626728660533,114272
2025-05-26,13710.751953125,13875.539929096169,13576.37128224375,13586.180090337271,83908
2025-05-27,13539.0966796875,13771.565412070744,13394.907212766246,13711.731687702062,52486
2025-05-28,13356.654296875,13705.847873263889,13296.820566089264,13659.746474133895,39327
2025-05-29,13072.197265625,13624.43310719076,13012.3635421161,13523.40239372491,56660
2025-05-30,13157.53515625,13749.987164180147,13009.422154267464,13222.27328956687,299062
2025-06-02,13161.4580078125,13289.953387080903,12931.931910493367,13219.329972521171,68285
2025-06-03,12906.4296875,13336.055481931146,12850.519481375399,13286.030560661764,47907
2025-06-04,13157.53515625,13198.732150178917,12870.137079555408,12971.16780276204,54760
2025-06-05,13224.2353515625,13279.16467804874,13017.269496408986,13202.655973300049,39215
2025-06-06,13978.5322265625,14458.182935901428,13232.081940658769,13339.978828240124,503230
2025-06-09,13978.5322265625,14111.9320148449,13820.610418375245,14048.174763092284,86582
2025-06-10,14107.0283203125,14181.575264572251,13955.97267010195,14053.079873808732,66433
2025-06-11,14086.4287109375,14352.247399097381,13998.149441806912,14221.790256937735,51861
2025-06-12,13820.609375,14246.31160841022,13767.641816004258,14212.961663857346,167890
2025-06-13,13814.7255859375,13878.48283977774,13612.664135305355,13767.643306178554,37393
2025-06-16,13710.751953125,13928.507492801187,13389.02304765748,13790.203298682529,67774
2025-06-17,13525.365234375,13838.266206872326,13459.646221342646,13811.782425501078,36462
2025-06-18,13422.373046875,13593.046308359671,13320.36144230945,13575.390453723327,45817
2025-06-19,13207.5595703125,13524.384059076772,13149.687604872586,13493.976755201564,35924
2025-06-20,13353.7109375,13461.607823288527,13241.89052859189,13272.297832768656,74560
2025-06-23,13201.6748046875,13325.26578658739,13108.491127858217,13291.915839090594,32073
2025-06-24,13510.6513671875,13547.924835457656,13182.05631796376,13287.991438310517,70253
2025-06-25,13458.666015625,13651.89954124836,13332.132387171125,13574.409954830871,41533
2025-06-26,13604.81640625,13673.478060787671,13419.429938998288,13579.31350599315,42047
2025-06-27,13891.8125,14153.254563463988,13511.443783606906,13695.239519951889,96693
2025-06-30,14132.615234375,14202.39864640926,13711.949032252982,13760.109415206203,98360
2025-07-01,14095.2666015625,14379.314579238504,13977.322804603606,14225.004778217284,87116
2025-07-02,14169.9638671875,14288.890525155848,14020.568396020648,14200.432680386002,35886
2025-07-03,13940.9560546875,14275.130128192417,13874.121239986516,14196.500934426555,32741
2025-07-04,13983.2197265625,14158.169688699854,13931.127883903626,14048.088813647137,28212
2025-07-07,14043.173828125,14103.128587609577,13863.309549671272,14046.12242285375,21147
2025-07-08,13644.130859375,14100.180183589811,13612.679181842945,14086.420074669537,35627
2025-07-09,13624.4736328125,13732.588774899456,13466.23237939432,13711.948611410127,33064
2025-07-10,13637.2509765625,13677.548438907657,13504.564210304054,13624.47373240428,22679
2025-07-11,13516.359375,13858.396392342931,13475.07904532068,13710.966643488218,21532
2025-07-14,13905.5732421875,14053.985848885995,13424.95228407118,13568.45056604456,57795
2025-07-15,13921.298828125,14104.111704574538,13767.971899489905,13976.339264045291,39811
2025-07-16,13853.4814453125,13976.339563841344,13809.252522642115,13921.299126740421,30787
2025-07-17,13858.396484375,13918.351249307403,13781.733014461437,13918.351249307403,14426
2025-07-18,13610.7138671875,13903.607623139398,13563.536349450282,13858.395835307898,24707
2025-07-21,13794.5087890625,13858.395007180708,13527.169537860149,13701.136624120501,61972
2025-07-22,13828.91015625,13865.276160214553,13709.983494636195,13858.396105410447,22959
2025-07-23,13733.572265625,13929.162395222034,13700.154856548119,13929.162395222034,21611
2025-07-24,13922.2822265625,13960.613960190169,13662.805875852122,13792.544051207311,108160
2025-07-25,13614.6455078125,13907.539267654265,13440.678408846083,13907.539267654265,83665
2025-07-28,13565.501953125,13906.556088593365,13279.488254504555,13661.82271760886,50923
2025-07-29,13821.046875,13875.104447047006,13329.614401845398,13567.467718852226,47610
2025-07-30,13818.09765625,13877.069550365868,13664.77073154874,13857.412252327245,17412
2025-07-31,13723.7431640625,13820.063928230526,13606.782236144185,13606.782236144185,27343
2025-08-01,13610.7138671875,13793.526748419223,13544.861915345968,13735.537716200557,21385
2025-08-04,13660.83984375,14005.825438768077,13407.260688437567,13479.992694224855,48902
2025-08-05,13623.490234375,13747.33121046123,13563.53547611103,13724.725318001047,22438
2025-08-06,13373.84375,13734.55519677372,13299.146011703535,13661.823188432425,49939
2025-08-07,13543.87890625,14197.484092944938,13411.192139026216,13760.10919357765,293772
2025-08-08,13482.94140625,14127.700814509222,13432.815293717653,13670.668612008401,94466
2025-08-11,13806.3037109375,13857.412687442715,13283.419566691842,13591.056290655923,45715
2025-08-12,13568.451171875,13867.242128503032,13519.3079224296,13663.789075799075,25155
2025-08-13,13678.53125,13780.749202863404,13576.313297136596,13694.25708890206,22910
2025-08-14,13893.7783203125,13956.681674337684,13661.822202344634,13730.62274580968,26389
2025-08-18,14274.1474609375,14510.03504550164,13892.795865892142,13893.778730827826,94360
2025-08-19,13548.79296875,14385.211018543707,13465.249450262967,14385.211018543707,131464
2025-08-20,13408.2431640625,13636.267824234212,13175.30417931812,13615.627661029013,111820
2025-08-21,13465.25,13543.879197080292,13335.511824817519,13543.879197080292,36999
2025-08-22,13312.9052734375,13612.679072507151,13191.030023979674,13465.249335259783,33115
2025-08-25,13037.703125,13396.448819732379,12973.816905390126,13396.448819732379,61206
2025-08-26,12774.2958984375,13121.247229679206,12619.986099556629,13071.121116666947,92529
2025-08-28,12743.826171875,12973.816556281814,12678.95708909359,12826.386822687702,38487
2025-08-29,12551.185546875,12816.559086237276,12532.51111262358,12806.730436631266,38945
2025-09-01,12329.0576171875,12626.86568941389,12267.137126922607,12551.185090201243,89792
2025-09-02,12403.755859375,12525.631115045562,12329.058122028526,12384.098560073297,44479
2025-09-03,12799.8505859375,12843.09664489329,12433.241949789555,12502.04249812831,53649
2025-09-04,12758.5703125,12973.817743240119,12629.815000048147,12973.817743240119,39931
2025-09-05,12704.5126953125,12854.8910368244,12615.071982387122,12854.8910368244,50777
2025-09-08,12552.16796875,12777.244036782555,12499.093262751057,12712.374951672735,61431
2025-09-09,12840.1474609375,12875.530598459985,12557.082360757617,12629.814365664948,55948
2025-09-10,12830.3193359375,13069.155523974334,12728.101378917621,12895.18842404627,47841
2025-09-11,12874.5478515625,13032.789106933258,12781.17568224435,12914.845314110333,25540
2025-09-12,12984.6279296875,13016.079605847519,12882.40998216744,12962.022037447487,66532
2025-09-15,12971.8515625,13052.446488104259,12886.342312163775,13051.463623157864,51240
2025-09-16,13293.2490234375,13366.963897874308,12932.537571193392,13047.53277531481,53962
2025-09-17,13428.8837890625,13642.165482850582,13318.802914849297,13357.134647834251,63527
2025-09-18,13236.2421875,13468.198314050085,13214.619158753805,13429.866581272741,25665
2025-09-19,12979.71484375,13288.334445517188,12926.640135165833,13238.208331854365,95999
2025-09-22,13116.021484375,13254.303207984647,12980.702940556988,13046.880622570177,29040
2025-09-23,13102.193359375,13181.211487437571,13013.297965304608,13164.420135224274,28684
2025-09-24,13040.9541015625,13126.886314456231,12990.580045728244,13052.806820582326,14576
2025-09-25,12740.6845703125,13100.21702892121,12692.285970115174,13062.683420604917,31085
2025-09-26,12542.15234375,12825.629877429024,12390.042447629548,12738.709936788766,32351
2025-09-29,12309.048828125,12744.636256563705,12168.791651620928,12640.924964078298,125091
2025-09-30,12096.6875,12534.250377643504,11744.069108761329,12415.723187311178,103078
2025-10-01,11848.767578125,12150.024172933947,11793.454891864996,11951.49113832215,81652
2025-10-03,11673.9404296875,11891.240276927643,11635.419093131293,11891.240276927643,119815
2025-10-06,11657.1494140625,11838.891109723194,11637.39488192547,11682.830305840642,57423
2025-10-07,11940.626953125,11998.902822943379,11665.051229746567,11734.192092242947,102380
2025-10-08,11944.5771484375,12122.367927129202,11867.534477671095,12099.650216518596,38642
2025-10-09,11762.8359375,12016.681670637752,11738.142772797884,12001.865771816483,33143
2025-10-10,11925.810546875,11998.902312691527,11742.093405768594,11832.96424975671,31215
2025-10-13,12202.3740234375,12247.809445574308,11764.811153728675,11764.811153728675,44409
2025-10-14,12061.12890625,12210.275615351937,11946.5526264101,12151.0120223313,39400
2025-10-15,12067.0556640625,12149.036970448453,11976.184818429878,12074.957476726206,25443
2025-10-16,12347.5703125,12408.80936212603,12067.055956148508,12067.055956148508,46094
2025-10-17,12499.6796875,12525.360578205256,12173.729920856382,12366.336601145793,46744
2025-10-20,12450.29296875,12520.42155270726,12356.458947962119,12438.440250334688,24435
2025-10-21,12575.734375,12641.912053536365,12468.072181560243,12641.912053536365,7414
2025-10-23,12982.677734375,13024.16224935094,12527.335796186711,12578.697576633112,102501
2025-10-24,12982.677734375,13005.395444957063,12794.02196388918,12982.677734375,76553
2025-10-27,12794.0224609375,12995.518684363058,12742.660678495691,12978.727332410928,42072
2025-10-28,12630.0595703125,12913.537094100697,12570.795976489182,12794.022179890342,78709
2025-10-29,12464.12109375,12635.985510131051,12359.422081471886,12629.071424414573,22032
2025-10-30,12293.2451171875,12544.12767059949,12198.423364716828,12544.12767059949,23844
2025-10-31,12152.0,12380.164837844428,12122.368202877347,12380.164837844428,29810
2025-11-03,11978.16015625,12152.000033177517,11866.547053449947,12152.000033177517,42681
2025-11-04,11942.6015625,12310.035834375776,11858.64480682946,11957.417460559507,35113
2025-11-06,12977.7392578125,13087.376905853995,11867.53460557251,11990.012698880124,706323
2025-11-07,12425.6005859375,12840.445756533189,12356.459724171553,12840.445756533189,87011
2025-11-10,12459.1826171875,12995.518130199456,12415.722649282296,12439.428086321497,85196
2025-11-11,12006.8037109375,12478.936992759493,11902.104698650615,12459.182462139324,73726
2025-11-12,11850.7431640625,12346.581892880584,11787.52866477095,12345.594166329154,82679
2025-11-13,11833.9521484375,11984.086588514498,11817.160796586782,11852.718953447125,40621
2025-11-14,12415.72265625,12486.838967407517,11871.485330586218,11893.215314551015,174364
2025-11-17,11975.197265625,12804.887607354214,11941.614561316912,12419.674234408507,110495
2025-11-18,11726.2900390625,12039.399367093398,11682.830069241178,12009.767569487949,85666
2025-11-19,11588.99609375,11812.222303345798,11535.658857828881,11802.34503743448,61239
2025-11-20,11602.82421875,11664.063267150656,11523.806091781411,11535.6588108267,39186
2025-11-21,11498.125,11678.878962288463,11458.615937204708,11602.824016407525,54164
2025-11-24,11332.1865234375,11587.019969183762,11211.68388630167,11577.14270384476,161587
2025-11-25,11497.1376953125,11546.524025618824,11212.672432748066,11358.85597045479,41900
2025-11-26,11589.9833984375,11672.9524290723,11284.775892888054,11546.523430009747,65740
2025-11-27,11107.97265625,11628.50454224002,11083.279492777989,11595.909566456963,112924
2025-11-28,11357.8681640625,11472.444449568306,10963.765250986498,11189.954642200544,198137
2025-12-01,11192.91796875,11700.60944738903,11161.310717161577,11377.622845219841,131948
2025-12-02,10913.390625,11161.309988460494,10787.949353448275,11161.309988460494,359605
2025-12-03,11084.267578125,11181.064782068705,10850.176380832572,10979.568561614464,186376
2025-12-04,10981.5439453125,11239.340578675205,10944.010335857392,11110.936125276157,60360
2025-12-05,11043.7705078125,11127.72726419959,10845.237472120672,10984.50691506867,194196
2025-12-08,10833.384765625,11034.880981178201,10756.342094972306,10963.764669806482,62994
2025-12-09,10927.21875,10990.433248779716,10746.46479255175,10853.13925924252,60470
2025-12-10,10965.740234375,11027.967007457833,10842.274414766202,10926.231172100184,43035
2025-12-11,10849.1884765625,11036.856521950962,10833.384851687682,10952.899764803493,31891
2025-12-12,10766.2197265625,10952.90005026161,10746.465194954128,10899.562814919009,37619
2025-12-15,10926.2314453125,10961.789602248971,10697.078878388571,10771.15837200622,52244
2025-12-16,10932.1572265625,11015.126255025749,10810.666863455597,10896.59907150682,65436
2025-12-17,10936.1083984375,11003.273804063741,10852.151641404698,10939.07157809748,26971
2025-12-18,10806.716796875,10969.691686874487,10667.447345420895,10969.691686874487,29991
2025-12-19,11011.17578125,11131.67842255898,10827.458639582212,10884.746780532383,72371
2025-12-22,11116.8623046875,11197.855881674117,10965.740142749057,11021.052829471624,36705
2025-12-23,11140.568359375,11171.187884079372,11048.70978526188,11116.862920894195,25921
2025-12-24,11086.2431640625,11163.285837511972,11060.562272912675,11102.04678938547,16358
2025-12-26,11018.08984375,11156.37156299025,11012.163484353989,11061.549812654079,14887
2025-12-29,11111.923828125,11190.941953125,10983.519375,10983.519375,21182
2025-12-30,10847.212890625,11279.837116275497,10779.059759186908,11098.095432440585,81987
2025-12-31,11188.966796875,11358.855770132637,10884.747007553187,10884.747007553187,135869
