Price,Close,High,Low,Open,Volume
Ticker,BAJFINANCE.NS,BAJFINANCE.NS,BAJFINANCE.NS,BAJFINANCE.NS,BAJFINANCE.NS
Date,,,,,
2020-01-01,411.005615234375,413.01630845870875,410.00513009484246,411.6369841712036,4070420
2020-01-02,412.4383239746094,417.2659141362445,411.364976116288,411.8506490514902,8638440
2020-01-03,407.32904052734375,411.34556523969337,405.34262515346364,409.90796266120526,11768500
2020-01-06,388.2178649902344,408.3538483977625,386.9648203626587,404.46846443652186,28667350
2020-01-07,389.281494140625,397.4747952838457,388.1692839983894,393.88080322454584,21490420
2020-01-08,393.3902587890625,394.40046690413135,383.68166050229087,383.68166050229087,16305760
2020-01-09,400.6025085449219,402.9142869987882,396.3091464157756,398.824928861583,14193880
2020-01-10,402.6083068847656,406.595692631796,400.0002454126757,401.1755953407106,11066240
2020-01-13,404.5170593261719,406.2411925721347,402.72006327191895,404.857006716518,6451520
2020-01-14,407.285400390625,408.19846807930173,403.1523477112817,405.0513162589189,7034340
2020-01-15,408.6695251464844,409.90798528715106,405.05611707623757,406.98908600446924,6169760
2020-01-16,409.9322814941406,410.87448828095586,406.79968477838554,406.99396583173734,5787280
2020-01-17,411.04931640625,412.04496973372466,408.1595858782181,409.616604824033,6711290
2020-01-20,403.3611145019531,413.1085743246897,400.69477470584303,410.7821818846274,8486390
2020-01-21,402.001220703125,406.615113966369,399.9079713662625,403.10370784235306,8979220
2020-01-22,402.3509216308594,406.6539770860904,400.5199250245939,406.6054216457157,7979010
2020-01-23,400.7579040527344,404.45389796778494,396.7948255698228,400.4859283690358,11545220
2020-01-24,407.4311218261719,408.5141632108325,399.3203761949819,400.194581731303,8648920
2020-01-27,404.50244140625,408.7423569197647,403.4970948080003,405.4397866748112,7821550
2020-01-28,409.2280578613281,412.72490938925785,403.1231743384949,403.1231743384949,10527640
2020-01-29,429.23785400390625,431.66621935767705,409.43212159297985,412.32671412307036,45814130
2020-01-30,423.924560546875,435.6487147905963,422.03528531598494,433.6088821037535,35777740
2020-01-31,424.07989501953125,429.34460274237875,420.96188303872174,424.4781503882832,17369270
2020-02-03,423.44366455078125,425.14838131599754,412.8414159523682,412.8414159523682,10941810
2020-02-04,438.9755554199219,441.96245640562915,425.1727362353299,426.2218065781594,19583230
2020-02-05,439.8448791503906,440.986198781684,434.93473249913376,438.5626953850807,12856310
2020-02-06,453.2640075683594,454.38104943468113,439.53402366380186,439.84486146891953,18464770
2020-02-07,452.09356689453125,455.2601643769567,449.3543640284993,453.03091223819723,9503260
2020-02-10,458.6452941894531,459.83519899012236,450.7045523495966,452.6472443855863,11608790
2020-02-11,461.3262023925781,464.7890531958848,460.02946380442694,460.12660433142133,11674290
2020-02-12,463.20574951171875,464.51707250420577,458.6695804168814,463.332029231139,8829640
2020-02-13,465.79443359375,466.3043843435089,459.9323566002858,462.9435352965164,6810390
2020-02-14,464.473388671875,467.7031261667266,463.1377878442961,466.246107082095,7311180
2020-02-17,463.9779968261719,466.051800385264,461.39421290099926,464.47336313037846,7164840
2020-02-18,462.1663818359375,463.52142838047166,456.68800620280155,463.27373042531485,7286110
2020-02-19,473.8274230957031,474.6967967275437,464.31310573267746,464.7890557815329,11720490
2020-02-20,474.0605163574219,478.23243034100045,471.4670097967398,472.8414725266108,16346430
2020-02-24,466.6297607421875,473.62832541847615,461.5059164138218,470.1314738168328,12633890
2020-02-25,468.76666259765625,471.0930252911305,464.6918595475363,471.0930252911305,9593090
2020-02-26,467.2173767089844,469.91285564598826,463.06487892569464,467.7030496577463,8513460
2020-02-27,462.34130859375,467.7031281767104,457.707968913107,467.7031281767104,11748700
2020-02-28,433.7885437011719,450.7045425363119,418.8200983326075,450.7045425363119,49414100
2020-03-02,423.57977294921875,448.562796448274,418.22764631930914,446.8192171124336,22382160
2020-03-03,433.6416320800781,435.6715350683796,420.5908126083729,428.3745684795578,20235030
2020-03-04,417.31475830078125,437.7988312876118,411.3369712500844,434.8002221796197,24729910
2020-03-05,421.627685546875,425.21532026089153,416.0247360282891,419.6123707423057,18332950
2020-03-06,411.4197082519531,412.60260269678645,392.98499966354785,401.6011762972688,33122380
2020-03-09,392.0406188964844,401.84456241363216,384.09137111328664,396.2464855296143,35456270
2020-03-11,392.41546630859375,401.0073094590162,387.97107756014435,390.79444959762714,27936830
2020-03-12,363.56829833984375,376.7700209156632,353.2240263912706,375.80131502581,52726190
2020-03-13,384.8118591308594,393.66655871796235,319.4360544662398,334.9110774201658,48499170
2020-03-16,357.5224304199219,373.21651371181395,350.4883186383306,373.21651371181395,31404670
2020-03-17,335.38323974609375,363.60243344001776,331.2114812180079,360.4285574126391,25585480
2020-03-18,298.0464782714844,343.67322741159984,293.9136420894155,339.77891321996697,54435800
2020-03-19,267.3544006347656,297.2384023950809,241.9050719041983,272.60200346283017,83247130
2020-03-20,287.39068603515625,296.35733714380353,255.2382568413477,272.58740592239616,61101890
2020-03-23,220.6274871826172,262.8661831535405,216.62120648763982,258.6554444463005,48442350
2020-03-24,240.88279724121094,250.07823869897143,204.9042010121377,240.668608776933,62572210
2020-03-25,251.7284698486328,262.8662109409579,233.65885416974035,238.52674696494327,62263550
2020-03-26,271.9886169433594,285.8913165382267,249.72775436338767,256.7618648686273,50961240
2020-03-27,247.51287841796875,295.96788854019485,243.3946451810813,287.69247060403814,71706090
2020-03-30,218.2860565185547,235.0608110280439,216.71859443522933,232.6901496000013,76983550
2020-03-31,215.72555541992188,227.81740026679122,204.45151305994085,224.41960548743458,110431110
2020-04-01,216.07115173339844,222.64767955032684,207.63022754163873,212.2401225405872,64083010
2020-04-03,214.91748046875,228.1776165257494,212.53707361099808,220.8855221660329,61726720
2020-04-07,219.38134765625,222.5600812966357,202.65038638064735,218.56840296176313,111614780
2020-04-08,227.12612915039062,231.12753751037098,208.74983436240302,212.62954540590664,91093390
2020-04-09,248.442626953125,249.8348370763445,230.45577309293722,232.7826251119094,71932460
2020-04-13,222.6866455078125,245.34182536694843,220.60806039092543,245.34182536694843,81831990
2020-04-15,212.4786376953125,230.5433947187038,211.11076107377403,228.30416116894864,93336280
2020-04-16,216.13442993164062,219.0551654712574,206.59335753110003,208.83259108259873,72467400
2020-04-17,224.716552734375,231.3125419773224,217.61429844678761,229.2777662161694,101915460
2020-04-20,224.7262725830078,228.352858732946,220.51554819890097,226.35701967436856,54031770
2020-04-21,204.42715454101562,215.16085172199945,202.99112028975966,215.16085172199945,73839850
2020-04-22,209.14901733398438,211.26655373540774,196.89166646832743,200.55231661359608,90627230
2020-04-23,211.5050811767578,216.04683372876357,205.61980023969204,210.2929805565186,71440060
2020-04-24,192.40345764160156,205.7658289532701,191.79984370476268,205.7658289532701,104944510
2020-04-27,199.00433349609375,202.9911390706072,186.50358777767244,194.71572093103808,144952470
2020-04-28,216.9230194091797,218.4807509241511,198.12322128031659,202.60168824413788,147563440
2020-04-29,223.5774383544922,231.22489329744852,214.19214222708615,214.19214222708615,150601540
2020-04-30,225.6852569580078,235.5038038525051,223.06147030863107,230.25621569812085,88833050
2020-05-04,202.4702606201172,214.4014705651428,197.49527360996748,214.18728209459783,73127450
2020-05-05,194.94448852539062,207.85900653384186,194.42362047059893,207.37221729137386,115212090
2020-05-06,205.0599822998047,207.5572136599648,190.07660899447382,195.68928874663854,131496960
2020-05-07,200.61074829101562,211.2519710156257,199.42299596555168,204.3493017220805,77702040
2020-05-08,197.06689453125,207.37222996035797,196.17607669958747,207.37222996035797,69663750
2020-05-11,196.18093872070312,203.74077511440876,194.25811525737453,201.53074777870867,76549900
2020-05-12,201.50155639648438,202.50434112804305,192.4862242500608,193.71292789155964,103365270
2020-05-13,210.39520263671875,218.07673732220832,208.8326131177222,216.13445273722297,94411850
2020-05-14,205.6197967529297,219.92654136916735,204.13995312564217,210.19561318854159,143075310
2020-05-15,203.13230895996094,208.01480499193778,200.16776393769436,206.39378832131393,80267260
2020-05-18,188.73794555664062,203.81381057747782,187.5112418844847,203.4779247763583,108205710
2020-05-19,191.30332946777344,195.06134359972373,187.14128673806354,190.8214127964008,94135140
2020-05-20,198.8826446533203,200.55720111320142,188.38746803594407,191.79499329757613,163185080
2020-05-21,193.76161193847656,202.2658213757763,192.23308644674069,200.45982242512582,98795420
2020-05-22,184.52235412597656,195.39722549721924,181.59674562754404,192.2817768933643,161950940
2020-05-26,178.06748962402344,188.26572966171872,177.34217844454457,186.73234659940044,98692950
2020-05-27,188.52862548828125,189.45839480107077,173.5890612112462,178.16487749827255,173352460
2020-05-28,189.6239013671875,193.0606325150459,187.60858660584512,190.23724576164088,90517750
2020-05-29,190.20318603515625,192.76856026438517,184.1037167806119,186.34293564665353,103618470
2020-06-01,210.37571716308594,216.75751711365953,194.4284965448616,194.4284965448616,189159830
2020-06-02,228.4210205078125,231.22493180305796,210.3757513308516,210.80411346261954,234424700
2020-06-03,234.8174285888672,243.08797417160773,233.46415490789596,235.31394833461724,187051760
2020-06-04,225.19358825683594,238.88211568832818,221.66436587392235,235.02186529508296,163153500
2020-06-05,232.71934509277344,234.53505952496462,221.48911329925994,228.20679914498578,158500390
2020-06-08,244.10049438476562,248.03861794160528,241.01423722620828,243.8814332629361,149925030
2020-06-09,237.9036407470703,246.8021475640295,235.14841183379838,246.8021475640295,123730770
2020-06-10,237.12965393066406,240.47389376051387,233.75620793374716,237.55315820876675,89614430
2020-06-11,227.71029663085938,239.40297019032428,225.87996412134703,234.63244102460723,100427670
2020-06-12,238.54135131835938,240.47390536256304,214.0899203299246,214.18728412859866,168024570
2020-06-15,228.92724609375,236.57470099147613,226.9411525058605,235.6059951454027,120703460
2020-06-16,230.25132751464844,239.0524710869765,222.46269909977661,238.7214579446956,129143510
2020-06-17,233.26943969726562,236.09281170947725,227.04340035879378,228.49889561944835,96502790
2020-06-18,245.9210968017578,247.45448018266137,231.03021334361114,231.22492609972682,127382680
2020-06-19,262.7298583984375,264.2827171681982,249.2360757463836,249.43080331506266,186038260
2020-06-22,276.5255126953125,278.7939376301364,265.59221494889596,266.7605210863325,139393260
2020-06-23,294.55621337890625,302.70993470292234,275.81482406698865,282.3329403635769,161869530
2020-06-24,285.6917724609375,304.2433051021433,283.4087295110006,304.2433051021433,201088070
2020-06-25,292.5944519042969,296.55205134143307,277.56726839565493,280.20078546979374,159821300
2020-06-26,282.67852783203125,297.798200984715,279.6166043865061,296.2112632511294,125724990
2020-06-29,278.2439270019531,281.79748317884486,269.6812895898539,275.91218708938857,116139990
2020-06-30,275.6201477050781,285.90600948757543,274.1597795925941,283.3114138219078,97030570
2020-07-01,287.58538818359375,289.0262654526381,273.1861528076375,275.62009923373677,127048960
2020-07-02,288.5929870605469,293.631273486578,284.77170343738567,290.1263850404818,116197340
2020-07-03,285.404541015625,291.0464416874904,284.3822954404466,290.12640284307446,85435970
2020-07-06,302.6661071777344,305.1827994336134,287.69246418641325,289.152832024923,114375830
2020-07-07,326.33868408203125,332.92980047009405,304.27251692070615,306.6772572373351,228764010
2020-07-08,312.328857421875,331.87345856120015,309.6077220319248,326.3386669199858,191261830
2020-07-09,324.2016296386719,329.0597766833128,311.06806562127207,314.9526341985296,187577860
2020-07-10,322.6585693359375,330.52994422460733,318.55978191971826,318.8470006879496,161504130
2020-07-13,314.9136962890625,328.8748085466318,313.1223153973582,327.12237911445055,131364670
2020-07-14,310.6640625,313.47284625001976,303.9852978983331,313.47284625001976,124044220
2020-07-15,306.6042175292969,321.0569925072142,303.9755732320002,314.465876321847,109802620
2020-07-16,312.012451171875,313.0054905547204,302.03327145745544,309.5979657741869,99999250
2020-07-17,321.40753173828125,323.52018081819494,312.03196437320315,312.5187537091988,84256260
2020-07-20,335.0570373535156,336.2691378413335,322.8873060119579,325.6571380537468,105554950
2020-07-21,320.5458679199219,342.6509857414097,313.36085340034685,340.75249566676246,259600480
2020-07-22,316.705078125,325.1752230653984,310.92201938579854,323.2280660410547,170696590
2020-07-23,321.0667724609375,323.22811829582395,313.1077787217429,316.7051293252283,87180350
2020-07-24,316.5931701660156,320.3073750837818,313.4923245500843,315.92627116926195,66376830
2020-07-27,308.7363586425781,319.33377088204435,306.89143794893215,317.67867542894436,70898670
2020-07-28,315.40045166015625,317.3865599248497,307.7676005328356,309.1111434850913,82116970
2020-07-29,319.74749755859375,324.1042671599998,315.4004732495032,315.9262139431677,80700220
2020-07-30,313.3267822265625,323.61751497736225,312.0368084311212,320.833094491986,65082780
2020-07-31,316.53961181640625,318.6522607190404,309.7196890375883,315.05003776170537,72353970
2020-08-03,309.0625305175781,315.8288837870572,308.52704447457313,315.8288837870572,44639200
2020-08-04,315.01104736328125,317.38658120688365,305.9811129966558,311.7398379656198,66791450
2020-08-05,317.595947265625,324.201681794875,316.2134822578393,316.99720591946345,69853800
2020-08-06,325.6814880371094,328.95272743693283,316.8998201531882,320.50207269688343,81729060
2020-08-07,337.2768249511719,338.94650867335463,322.25451438703476,324.49373326715335,101512670
2020-08-10,335.1982727050781,346.28731802348693,332.30187029350265,340.168372673364,71292450
2020-08-11,336.60504150390625,340.2218822854856,331.47429319368143,337.08211520150525,55718180
2020-08-12,332.7934875488281,335.88458744735476,327.3171084056647,333.4506411615044,56625270
2020-08-13,332.9298095703125,338.0265091011862,331.1140949497218,335.8846242504468,46633590
2020-08-14,324.3087463378906,335.767785233178,321.8845451826731,333.4506634602946,55313350
2020-08-17,329.5368957519531,330.9680574846962,322.488166473004,326.14883152247165,46705720
2020-08-18,332.95416259765625,334.71149469209104,327.76500131662215,330.9193867258898,47062980
2020-08-19,331.98541259765625,337.3449672642711,331.1140704922622,335.592537760389,41988490
2020-08-20,330.4130859375,332.42840062330333,326.4457415471812,328.8748152233207,36774590
2020-08-21,329.9750061035156,334.91105701050725,329.0695850859054,333.9374783564069,26273800
2020-08-24,339.978515625,342.21289167489385,331.11897377739086,331.3087990314734,62055750
2020-08-25,354.6649475097656,356.3297585543503,341.7260799250737,343.1864477880013,98540590
2020-08-26,354.9229431152344,360.9056026901961,353.5063993103305,356.81656064279997,66650850
2020-08-27,353.65240478515625,357.14754817969146,350.1378005158671,356.03281144703453,46110620
2020-08-28,357.3812255859375,359.0557819953024,352.1482405205797,355.35619513592616,42513280
2020-08-31,339.5647277832031,365.07734078600487,337.34496986260086,361.68443377765146,85297660
2020-09-01,354.7574462890625,357.6927703067922,340.7719695507902,342.40760417298804,60651820
2020-09-02,357.171875,358.27689613017816,347.9034181657289,354.64543754671865,42810110
2020-09-03,352.40625,357.9605028868481,350.9750882574899,357.1086216046697,32213660
2020-09-04,350.1767578125,355.3367424269547,342.7727112766817,344.7928691262399,49146490
2020-09-07,341.2539367675781,353.31168821488717,338.57172281729515,351.16983299908287,46651680
2020-09-08,340.7524719238281,348.04456531539563,338.3185256958008,342.69962890625004,44487030
2020-09-09,333.2413330078125,340.1147951001809,330.28164593702,338.5132691033237,45632470
2020-09-10,340.6259460449219,343.03555906473684,332.7691594734391,336.51744309189996,47622820
2020-09-11,345.0751953125,346.3700417548494,336.5369218362109,339.77892544443097,46083840
2020-09-14,334.97918701171875,348.059212773573,332.9638722332885,346.30191057859975,45315090
2020-09-15,342.0570983886719,343.10857990461875,336.3714029860392,338.3185601668556,38936370
2020-09-16,342.845703125,347.31442539982663,338.9660066079503,342.500101732089,39077180
2020-09-17,338.0216064453125,342.4075824974112,336.4882083688404,339.66208389918444,27811560
2020-09-18,338.2991027832031,341.12247478227914,333.8400961547993,339.91524682531474,37690870
2020-09-21,324.21624755859375,337.5396665070751,322.6682316496363,337.13075047784434,36274190
2020-09-22,321.57293701171875,326.5187319739478,313.2050293874132,324.10424682054617,42249680
2020-09-23,315.8143310546875,325.5647061293431,311.56463989351477,324.20170191340134,42443280
2020-09-24,294.8872375488281,311.03403037273654,292.7453527360912,310.66893839633326,59637770
2020-09-25,305.6014099121094,308.34690838900985,294.8774582774322,299.86217540041713,62325930
2020-09-28,324.7030944824219,326.14884450186753,307.9185785199212,309.40328000413245,55886950
2020-09-29,320.7698059082031,328.29070631812937,316.8511580986896,326.9276725485072,46434460
2020-09-30,319.19744873046875,325.55007253004413,317.38660689120564,320.6870524328592,36035360
2020-10-01,335.18359375,336.8581499032874,322.7461347644638,323.7148405862516,53821060
2020-10-05,329.3518981933594,342.60228808575164,328.1203070579979,337.34496982297026,42071900
2020-10-06,338.2503967285156,338.8053436462248,330.15996115800226,334.9012840581004,47587570
2020-10-07,324.3135986328125,331.0166962392602,319.8497494453266,331.0166962392602,65710800
2020-10-08,323.8559875488281,329.8483616228867,321.47561085776056,326.53820088885357,44618100
2020-10-09,323.0236511230469,332.8129767883693,321.7677264133546,323.7051383144124,56840990
2020-10-12,323.9290771484375,329.01115869427895,321.7677314401771,326.14883519654865,32046520
2020-10-13,318.6133117675781,325.1752213983738,315.7947829740846,323.2231917376751,37776570
2020-10-14,328.2955627441406,329.2983475259208,314.72874716457227,318.1654784760383,53044470
2020-10-15,312.9811706542969,328.0959717177359,311.64250014654647,327.9207347092418,52680190
2020-10-16,314.5973205566406,318.30665252946,308.6341518185734,315.0841098413808,50762360
2020-10-19,318.0876159667969,320.76495723957004,311.21415311250564,316.90959412593014,42066370
2020-10-20,317.595947265625,320.2587002521447,314.15434326440305,316.8998421148102,32520900
2020-10-21,314.74334716796875,320.79413433058295,301.9407950936891,318.36018793960733,75364600
2020-10-22,322.6877746582031,325.66205022839034,306.6772670312196,307.65084565671555,70857690
2020-10-23,322.9263000488281,326.8108692976263,321.5730114838136,324.3380009550831,32047770
2020-10-26,320.68707275390625,324.2016772761856,315.11332926689073,324.2016772761856,35462450
2020-10-27,336.2010498046875,337.34499280197883,319.13906067101817,323.8122558872398,60209460
2020-10-28,328.173828125,339.7691516401184,325.9443547492663,335.7823464890906,46491050
2020-10-29,329.0744323730469,334.13218022202864,324.5667587981417,327.8817926714316,37803490
2020-10-30,322.1571350097656,330.14049097346714,316.69050098021063,327.6043081644491,42876230
2020-11-02,332.94439697265625,335.6314535165393,318.8128903233787,323.7684014844676,42885510
2020-11-03,339.8568115234375,342.6996741661802,332.55984452191115,333.93746658806765,44460450
2020-11-04,346.7351379394531,347.56268568726256,337.05292139499176,337.7344085845765,43711430
2020-11-05,363.8165588378906,365.0919443198138,349.28591133846544,351.46184506520746,63321410
2020-11-06,368.0857238769531,372.6177308596985,360.6232359375607,363.54397160105964,57440500
2020-11-09,376.2881164550781,377.6219143391638,368.601724358343,370.93343433217274,41498980
2020-11-10,409.73541259765625,413.18185928299096,378.02107935081926,379.59339920622983,114214480
2020-11-11,415.6012268066406,431.2514845713842,402.4725042742738,409.97394383217545,138966540
2020-11-12,418.4732666015625,421.0727344746263,408.9078749110627,414.74447372529664,55900380
2020-11-13,426.0428771972656,429.3481658734117,413.77090815464845,414.7444867620711,60884590
2020-11-14,425.921142578125,431.78207458557847,422.5330786248953,428.3745497579584,7894790
2020-11-17,436.94207763671875,438.4949367413599,423.0199151002042,428.2480275940158,58515230
2020-11-18,453.0791015625,455.44001757762396,434.6054432922366,435.67638560132957,75130190
2020-11-19,441.66876220703125,465.8573217196723,439.3321797017862,450.6597752871494,83510050
2020-11-20,459.125,463.6326731243339,439.59501803286463,445.1152210973774,87364100
2020-11-23,468.43243408203125,474.06458947903644,460.84827867749374,464.2995979498566,73250390
2020-11-24,468.35455322265625,473.35388843176077,464.3969541609251,470.72521454257287,42973850
2020-11-25,456.583984375,469.75162768548665,455.14795014086013,469.45956601909734,47633210
2020-11-26,469.3865661621094,472.5750300237068,451.7404546522556,453.200822501347,62732080
2020-11-27,477.9102783203125,482.8949961069697,465.8719881769834,473.06184609076496,123647070
2020-12-01,473.2662658691406,482.155042994611,469.77599500401834,482.0382183196503,40174270
2020-12-02,469.6445617675781,475.49574853444824,465.85732702109124,473.54859147270906,36549700
2020-12-03,473.8844909667969,476.0799153712367,468.9728037747385,473.6459689736333,28768440
2020-12-04,474.6536560058594,482.70026784926597,468.77810546956545,474.13278787887515,36793780
2020-12-07,470.1849060058594,479.4825693934004,468.7780778523188,474.1327599461667,31151240
2020-12-08,466.553466796875,473.6459904869904,464.8837830576319,472.1856225820973,29710760
2020-12-09,471.6160888671875,472.4630975008258,466.4609770741231,469.2648882139335,19659920
2020-12-10,466.8114318847656,473.1591530360273,465.85731425460716,472.185574531838,19259630
2020-12-11,471.5868835449219,475.98257551019753,467.8045211452283,467.8045211452283,26700190
2020-12-14,476.92205810546875,478.484662411025,471.9908802568355,472.91579178559346,17863480
2020-12-15,498.7156066894531,501.3929476721686,474.0207965510278,476.0750330072705,59367960
2020-12-16,501.06195068359375,508.69483327520294,498.47225767828496,506.16355261068986,32691840
2020-12-17,514.70166015625,516.3032155898743,496.6807447337708,500.4046641717377,37331520
2020-12-18,511.3722229003906,514.5314810943498,502.8534090967192,511.1288282202857,32550430
2020-12-21,490.8637390136719,509.63917674058035,477.5597787203381,508.9868956970208,35515700
2020-12-22,487.8992004394531,498.95903922307025,469.88312344989924,493.6043568509202,54735210
2020-12-23,495.44439697265625,502.95064947792764,483.90261269676864,486.78926949954985,34314570
2020-12-24,504.7907409667969,508.10580450545115,497.109221534122,500.3171759807058,26255590
2020-12-28,506.6600036621094,510.6224756211562,503.82691613468154,504.7907494231619,19326060
2020-12-29,506.30950927734375,510.83667327018077,503.0967119707426,508.69478859160716,19695290
2020-12-30,519.3212890625,520.6697046235113,503.7294765013255,506.3094235492906,38647000
2020-12-31,515.529296875,523.055039526694,513.2705876657465,519.4041202186901,28692120
2021-01-01,514.0640869140625,519.696212620461,511.1287333553886,516.9896951797363,14471870
2021-01-04,507.8380126953125,518.3332174538884,505.8908556942423,518.3332174538884,23336590
2021-01-05,498.3748474121094,508.6168829307228,492.87413461739663,508.0132689912644,39534000
2021-01-06,489.7392272949219,503.1795020457536,485.84491301161177,499.4458068345228,36079230
2021-01-07,494.6752624511719,499.5967245547609,488.86299737498626,493.1175308438654,30357500
2021-01-08,494.7726135253906,500.29765971706206,490.87829946288855,499.4457785158897,29984510
2021-01-11,485.255859375,497.591112230986,482.72457900542076,497.30389349615433,29241640
2021-01-12,490.8978271484375,496.4277467391115,482.0187946312961,485.25592580957004,33359080
2021-01-13,477.3358154296875,493.9937294549328,469.87332784009885,493.21487853234555,32693730
2021-01-14,474.8482666015625,483.55693288594216,470.6278123794962,477.33578209856745,26808110
2021-01-15,475.4568176269531,479.68217477948724,471.4456786601797,474.81428191471167,25449160
2021-01-18,459.5144348144531,475.10630877891924,456.2188917902056,474.1327302773231,37034130
2021-01-19,482.8122253417969,486.2976235529154,462.64454880950217,463.9199343605722,47674650
2021-01-20,485.031982421875,489.963160251861,477.1508627156112,483.6738213026105,33147070
2021-01-21,498.3067321777344,508.69482912976036,485.81573155167547,486.107793253274,70618090
2021-01-22,484.1168212890625,500.1273281591791,481.4930198866835,499.9326005587806,30847960
2021-01-25,477.9005432128906,502.65864094659776,476.0799559062739,491.5598503707899,36730600
2021-01-27,471.6988220214844,481.493020159622,468.38866079165587,479.1272313408669,28004930
2021-01-28,468.3156433105469,477.92973205098946,459.8309093191431,465.326749857499,34773290
2021-01-29,460.9456481933594,481.9214124400959,458.27317965999333,475.7586729054836,42607950
2021-02-01,492.4944152832031,494.57788757494257,454.32040987831317,464.8837427500691,42907450
2021-02-02,503.6516418457031,519.6913240264562,496.0285054752821,496.52504002290766,43479930
2021-02-03,510.6517028808594,513.0759040012698,500.41938265019485,508.0716959133631,26507830
2021-02-04,535.9403686523438,539.654573161575,506.84983710587255,507.62387482985054,53258880
2021-02-05,539.2213134765625,547.8326464063871,532.5474517211131,537.9994676772218,44379870
2021-02-08,535.2442626953125,551.5322117335995,533.0634563965897,539.557208253013,28008090
2021-02-09,525.7616577148438,539.2651875737369,524.0384046502886,539.1191270208859,22639040
2021-02-10,533.1218872070312,535.6969619817111,525.2456108447493,529.1106890412251,26380120
2021-02-11,541.9961547851562,544.0357736688102,531.1602189411456,532.5475567245236,20289470
2021-02-12,543.008544921875,546.9563986755105,538.5885198491493,542.2832336808967,16252680
2021-02-15,562.7138061523438,564.5782471795346,545.2040095014565,545.7248479003388,31688260
2021-02-16,560.8056030273438,566.8368697989456,553.9954258846789,563.8382906759227,21268100
2021-02-17,555.4411010742188,564.5781439634814,552.018958700239,557.8604291626754,23463950
2021-02-18,541.6358642578125,556.3757988948158,537.6295384598524,554.8424601592503,23175130
2021-02-19,535.2686767578125,547.3410762270605,528.1664368853758,541.3097491396662,27444560
2021-02-22,523.4786376953125,539.2360058784398,519.3798501581481,533.5211039169272,20005630
2021-02-23,524.1455078125,535.920971917051,520.8645526737587,527.6796028956583,21902450
2021-02-24,541.592041015625,543.1498024953318,524.0773707649821,530.0162361308539,19087950
2021-02-25,538.384033203125,547.1462396274369,536.5731914701709,545.3012893706685,15845950
2021-02-26,512.579345703125,530.9897488006901,508.30532173712044,528.653136582699,37133260
2021-03-01,512.7643432617188,522.801935729023,505.77405640780495,517.456999000478,20318810
2021-03-02,517.5835571289062,526.7059831742598,512.3019055037603,515.9966193758922,22086340
2021-03-03,539.6448364257812,542.6094259130846,519.9006942093486,522.2421197368734,22524130
2021-03-04,534.0953979492188,542.0057224099306,525.8296674593639,528.6530685743448,22346980
2021-03-05,530.1038208007812,537.3910426132396,525.9369351479035,529.6267767778315,20757600
2021-03-08,518.007080078125,534.8792131994959,517.0675506196856,532.4501394405885,17210420
2021-03-09,527.1976928710938,530.1135560703326,519.404191301235,522.9090505475668,18114960
2021-03-10,539.8541870117188,541.407016300293,529.626739431217,529.626739431217,21912500
2021-03-12,541.100341796875,552.0190516540722,537.5127071273115,545.2040016336515,25080130
2021-03-15,529.5343017578125,543.8069380173321,520.9180954161645,542.385491856334,20870080
2021-03-16,531.1795654296875,536.1497243812094,527.6795790325302,534.3436957467645,15613050
2021-03-17,521.818603515625,531.6128011884653,520.3241866121937,531.5738794392208,11347580
2021-03-18,522.9917602539062,539.8492742328665,516.483390406737,527.9716047367476,23390580
2021-03-19,530.9168090820312,533.4237860841888,505.29221092352094,517.5544059567576,32203100
2021-03-22,524.695556640625,535.1761440561645,519.5988871619558,530.2595842334337,19384610
2021-03-23,523.6683959960938,530.1134807604453,520.864485228353,526.7059560907271,18490380
2021-03-24,513.1051635742188,523.2011690105069,512.1023490826718,523.2011690105069,17376430
2021-03-25,498.6864013671875,515.9966573771015,496.83176503613777,514.0495001794521,23432710
2021-03-26,504.61065673828125,510.93404508666646,499.93261862556466,503.34014377685867,23474600
2021-03-30,505.63287353515625,512.1023220754411,501.39295792557436,509.6537577379532,18452800
2021-03-31,501.3783264160156,508.0911694143875,498.75939778607403,504.80046921996217,18459750
2021-04-01,513.2852172851562,514.8769682247569,502.5563631526754,507.23440073508687,21482340
2021-04-05,483.1383972167969,512.0050274895406,479.05910036263975,512.0050274895406,37396800
2021-04-06,486.11749267578125,492.57719571981346,482.17451151996244,491.65715687970277,20709060
2021-04-07,494.2955627441406,497.40128072973914,480.9478089958183,484.84212323869946,24027820
2021-04-08,489.661376953125,497.9854622379945,488.2496760749839,496.5250943135429,14078790
2021-04-09,474.356689453125,487.7628554425894,471.69880930525864,486.7892768888118,29026460
2021-04-12,439.18133544921875,461.4762806169408,428.37460647986063,461.4762806169408,45000460
2021-04-13,460.3809814453125,464.87403718617867,439.47824767080687,441.52764132418014,31750190
2021-04-15,453.716796875,462.44979739531556,444.5456741358065,458.3705010161278,28971850
2021-04-16,449.4623107910156,456.60837432057474,446.8725880877266,453.7850022553011,21426480
2021-04-19,436.1242370605469,438.49977108921667,424.674973565513,433.2424528841108,34265070
2021-04-20,449.1750793457031,457.4845762262451,443.48451126477585,444.24390138105286,33945970
2021-04-22,456.4817810058594,458.9449336083786,438.6701776418766,442.9782509451357,25635390
2021-04-23,454.4469909667969,463.4039254440172,448.8683752211494,449.9003660994964,27295250
2021-04-26,461.14031982421875,470.14104823646056,456.60831312863115,456.60831312863115,29039890
2021-04-27,473.65087890625,476.0653349075335,462.1139661311665,462.15779024272746,26449970
2021-04-28,514.1370849609375,516.970172188039,478.5138222795125,478.5138222795125,85764540
2021-04-29,533.9931640625,537.9020958165793,518.9173159642294,520.8644728721628,72584860
2021-04-30,530.7852783203125,537.8680858573422,518.6934496804259,520.8645107755559,41248880
2021-05-03,540.4480590820312,543.2568427677437,515.1447615223699,517.5835805971988,40335910
2021-05-04,546.7373657226562,559.8027727383746,541.3096536242051,546.1775461927681,48383470
2021-05-05,536.9432373046875,554.939824183695,530.8340075764626,553.2847286130283,43786930
2021-05-06,538.2720947265625,547.1413807466877,532.873618493179,542.0885058713087,22231110
2021-05-07,534.8646850585938,546.4843447724816,531.3792565824116,544.2305076456704,18510330
2021-05-10,535.2247924804688,542.7700260261233,530.113505239864,542.7700260261233,19973390
2021-05-11,528.1371459960938,531.3889246129104,524.7588568320629,526.8277113232839,16172480
2021-05-12,521.682373046875,529.626748122808,518.8589713926532,527.0078193627263,15393360
2021-05-14,518.951416015625,526.2192060339542,512.7838339346123,526.2192060339542,15257620
2021-05-17,528.662841796875,534.4945671844181,517.4618170149197,520.8644689319922,24115830
2021-05-18,553.844482421875,555.4265475221791,535.5655218785843,535.5655218785843,31478830
2021-05-19,548.2415771484375,557.1692762830456,544.7172273659306,552.5009835286447,22509060
2021-05-20,544.1087036132812,550.8507230819819,539.8492975237118,547.9299874777057,14888270
2021-05-21,548.2951049804688,554.4530013842981,543.8702069720816,551.0454763538414,18569660
2021-05-24,545.486328125,553.7714914536435,544.2304331329548,548.5142027083766,12150600
2021-05-25,547.0197143554688,550.9286465799256,543.4515702844164,549.0983141124159,13155460
2021-05-26,561.8668212890625,564.1693252403605,543.8507439953122,549.098347070029,29167460
2021-05-27,553.206787109375,562.9377595955651,550.1692267215547,562.7235414102274,21525900
2021-05-28,546.2506103515625,559.8076801114977,544.4348958184563,557.2763995878278,15263750
2021-05-31,547.9251708984375,551.5030604952848,541.3097207161219,547.151192522411,17958110
2021-06-01,563.1956176757812,566.4279051166299,547.6767754965466,549.4876764940623,28534510
2021-06-02,565.5177612304688,569.0567291821742,559.0824205219961,560.4405817736615,20131950
2021-06-03,574.5574340820312,575.8717414219313,562.7430482732357,568.5699019279931,22303780
2021-06-04,583.5094604492188,585.1207616184172,574.4113965971151,575.8717645545654,24453670
2021-06-07,557.836181640625,568.9447468841192,553.2311738194301,564.6755951613732,28358050
2021-06-08,560.3333740234375,566.3306511332476,556.9015453081128,559.9049970870225,17890070
2021-06-09,552.4572143554688,564.1888251509798,547.8618922483139,564.1888251509798,15381120
2021-06-10,592.5589599609375,595.343380808463,552.7006452205065,556.4002324317852,52961200
2021-06-11,595.830078125,606.5394422743055,588.5477295186785,594.4037593901157,37027210
2021-06-14,603.0491333007812,608.3892567833608,581.7715932064838,590.9329411726976,26336010
2021-06-15,599.8363647460938,607.4935508651271,598.7508341235382,605.4685501778354,15236610
2021-06-16,592.0914916992188,599.8120217214207,590.2612187345015,597.777216451111,14816580
2021-06-17,589.0393676757812,595.3432648221025,576.3584836871377,576.3584836871377,18718570
2021-06-18,592.6221313476562,598.5560639211976,580.7444614852258,592.8995750807412,27096150
2021-06-21,595.4407348632812,597.2905582421714,582.8913500394956,584.1472452246176,12719620
2021-06-22,585.7827758789062,602.547830584338,584.1471709310022,598.7508502042773,15406110
2021-06-23,585.6658935546875,595.3432664441887,584.2444475198854,589.1123401318575,12382150
2021-06-24,588.3919067382812,594.6617548548702,585.218031219594,586.7757925227166,10824210
2021-06-25,591.5269165039062,594.5644770543946,587.0874003591522,589.6965839385449,9619940
2021-06-28,587.7543334960938,595.6062479251693,585.60757586894,593.8829946468053,8284810
2021-06-29,589.2487182617188,597.5484998197597,584.3516486712458,588.0414902727362,13100790
2021-06-30,585.6903076171875,596.3168967192685,584.147164133161,589.015057167604,12257940
2021-07-01,580.9489135742188,588.0414067129208,578.3056218335678,588.0414067129208,11206010
2021-07-02,583.9281005859375,587.0678676513838,580.73960705481,584.1471319914267,8112980
2021-07-05,591.22509765625,593.4886203717281,584.736158232481,586.9705639120832,8631790
2021-07-06,603.852294921875,617.5213745397173,589.3070303429618,589.5017579195932,34913930
2021-07-07,603.4823608398438,611.9914275081275,599.7632838016034,605.5658331122771,19479250
2021-07-08,596.578369140625,606.6321813522115,592.9312515819763,602.6437844867871,11305600
2021-07-09,598.36767578125,601.766065028797,591.0442772983755,593.184742332344,14475440
2021-07-12,599.6744384765625,604.4868098006273,595.1935854046162,602.1561829215508,9787400
2021-07-13,600.1376953125,607.0320260274386,598.7432353105982,603.1314186312784,10021270
2021-07-14,598.1483764648438,602.838854238796,596.792901179349,599.718356577287,7765740
2021-07-15,597.7387084960938,602.3706790673431,595.0375787618857,598.1483150631083,8709900
2021-07-16,597.3243408203125,603.6189623350565,594.5695250901153,597.28047565464,9631210
2021-07-19,586.5927124023438,597.0853538633353,578.7525144255096,593.6723230284755,12905320
2021-07-20,579.4205322265625,587.816574394176,572.2190271288596,587.0413454287756,14018370
2021-07-22,604.1600952148438,608.8847360795342,577.4019305907536,578.2649493551684,34885910
2021-07-23,602.7315673828125,607.0319603838809,598.7431705633782,603.5214379143777,9537390
2021-07-26,600.932373046875,604.4283134253341,597.7680104447476,599.7183139046,7335020
2021-07-27,607.660888671875,616.9784554639294,602.1561386098272,602.6437144305638,20685280
2021-07-28,610.6400756835938,612.7854215705597,600.4009816725928,610.2402301108752,11491530
2021-07-29,624.10693359375,627.0226280488015,610.8400119637839,613.3656218785723,14846640
2021-07-30,607.334228515625,625.7402168718957,605.7837111228878,625.7402168718957,14068850
2021-08-02,604.6428833007812,612.7805563123251,601.6686821081694,611.4202004567621,10124350
2021-08-03,617.4563598632812,618.4412726870855,605.1791727270582,606.0568331391815,10917100
2021-08-04,620.1135864257812,631.6496479725905,615.808312995959,618.5387259163032,16320910
2021-08-05,609.2991943359375,619.7576728797175,607.7145727675745,619.611435830684,8665670
2021-08-06,606.9637451171875,614.2969059091666,605.6667765208463,612.8829238549571,7297890
2021-08-09,603.9260864257812,611.4152444506622,598.3579487095021,607.0319422556167,8811790
2021-08-10,601.6783447265625,609.3186200110152,598.9430514194486,607.0319179012319,7310090
2021-08-11,601.4541015625,604.5891809865445,590.6494039271596,602.2634346302025,7919290
2021-08-12,604.5453491210938,609.9476684770376,599.8402299473254,602.7412826432106,7946020
2021-08-13,600.3571166992188,607.4074452459824,597.86555144609,605.5692745594976,6679320
2021-08-16,621.8689575195312,623.6095772977156,595.2180421091531,599.6208667790595,14233350
2021-08-17,625.0819702148438,627.6904889812527,614.8331168253683,625.06732865561,16027760
2021-08-18,638.1491088867188,647.5008415056614,624.687144467219,627.4127367964887,21537300
2021-08-20,649.5582275390625,656.5403464280658,629.5237542877749,631.1132561806206,21647320
2021-08-23,658.4419555664062,665.0047675108761,653.0591582195971,657.2522989650726,17383400
2021-08-24,680.6656494140625,687.3844589290233,656.0771730463186,660.6652784719674,26229900
2021-08-25,677.238037109375,687.8720959399785,674.9025295282028,683.0938283652673,15096670
2021-08-26,675.9703369140625,681.9480220129708,668.4665369175985,672.8547198732939,12345880
2021-08-27,679.3492431640625,684.9807687521321,670.1243450057196,677.7305173252292,9359060
2021-08-30,698.7449951171875,701.81674702748,680.6559415261813,682.2112800442934,15043820
2021-08-31,733.7529296875,740.998299884811,695.2831821115608,698.2086372957609,29464380
2021-09-01,733.2750854492188,748.3801755880825,729.7401605767765,733.8016459345787,22277890
2021-09-02,731.212646484375,739.7891491088681,726.0053693908907,731.3638235768135,11833780
2021-09-03,733.645751953125,736.7272055392928,727.6339028458369,731.3638704890398,8802470
2021-09-06,731.9830322265625,742.5780463058459,729.9108347893991,736.2395600274637,8970710
2021-09-07,727.199951171875,737.8242493476858,722.3144310072665,734.1820715669606,8360130
2021-09-08,727.7752685546875,732.7290561599249,722.6898259389036,727.1706792250627,8592560
2021-09-09,724.6012573242188,727.4633258030369,719.662110512924,724.5378700692446,7004360
2021-09-13,726.0540771484375,730.8762095155511,716.9315519114903,724.6011106177968,8025650
2021-09-14,723.3236083984375,734.2891838122116,722.3923219184533,729.4134256195674,7192580
2021-09-15,722.9920654296875,729.4134607049459,719.6619438506017,726.0004298059255,6572830
2021-09-16,722.733642578125,726.0003766778594,714.8348787930095,726.0003766778594,5771290
2021-09-17,724.4207153320312,748.9116412844843,717.7116667293823,726.0492020410773,34749690
2021-09-20,725.7518310546875,739.2625399078105,713.8842505685609,717.7117093977141,10838060
2021-09-21,761.9689331054688,765.2113244647735,721.7097611813042,729.5256164692454,19931330
2021-09-22,759.9991455078125,769.8823181651729,757.7904124765051,765.4941352243961,15005410
2021-09-23,770.2772216796875,780.0238580271258,761.0717873761631,766.8202660968645,21091470
2021-09-24,759.9747924804688,775.2310011656662,753.3681155542212,775.2310011656662,11293460
2021-09-27,760.1746826171875,766.4693040632035,754.7723631475391,765.3966609056462,6507740
2021-09-28,735.5863037109375,763.056314362806,724.0551213058353,762.0811625233647,15723010
2021-09-29,732.865478515625,744.6112234564243,727.0877166652297,734.1917300460124,9458790
2021-09-30,747.7560424804688,750.8667786585097,730.4763836236134,735.75192791928,14907070
2021-10-01,733.582275390625,744.9378765646072,728.9259021746698,743.0656019492955,9377400
2021-10-04,750.3842163085938,757.5954831623926,737.229427599229,739.9451992670402,10901980
2021-10-05,753.2267456054688,757.205381661749,744.4406182605155,749.2091249034024,7732430
2021-10-06,754.2944946289062,768.4780596869016,749.4040944839019,761.5934909459043,17646310
2021-10-07,755.5377807617188,768.907132288165,754.5723900805436,765.0943152458248,9405500
2021-10-08,754.0067749023438,763.4462958097362,752.0370089252814,755.7425735110475,7565710
2021-10-11,762.285888671875,770.798944322506,755.9376413167636,758.0732260097014,9086480
2021-10-12,766.0548095703125,772.8077231973836,755.7425684264634,761.5934786336361,10994490
2021-10-13,773.2271118164062,781.0965940068653,766.5960914613798,771.1402726740599,10524380
2021-10-14,766.7520751953125,777.0984808627802,761.8226900669705,777.0984808627802,11348490
2021-10-18,767.0104370117188,784.997117231375,760.6963535718374,784.997117231375,8550980
2021-10-19,754.69921875,771.8033597438922,748.0389153497755,769.3947633881172,12449890
2021-10-20,756.8494262695312,763.8899934589859,738.6774635669346,754.8649590931304,11028990
2021-10-21,754.5042114257812,763.5438879962691,749.4041863667086,763.5438879962691,6394610
2021-10-22,751.8615112304688,773.7829032300455,747.453806333749,756.3276633321224,15173760
2021-10-25,745.6643676757812,764.2995622572937,716.7852590446939,755.7425821168779,11697290
2021-10-26,766.0450439453125,769.8773829658484,746.0982993515572,750.3792295786312,16605750
2021-10-27,729.6232299804688,772.3153448205092,727.5607339285847,767.4444663426261,31122330
2021-10-28,729.827880859375,740.7251889297836,717.0680592768479,735.2643633541956,15723020
2021-10-29,721.6318359375,736.2103073661106,713.1333620260237,729.4135280599065,9483340
2021-11-01,722.9725952148438,731.3832784126761,704.0595094301349,724.5376946074657,10373140
2021-11-02,727.0097045898438,736.7271175770138,721.6366686584137,728.1165113046692,6871160
2021-11-03,732.9484252929688,735.1473972242981,726.5855363932045,729.998567477223,6687040
2021-11-04,733.8114013671875,738.0923315334131,732.8264886459086,737.3121625733863,940330
2021-11-08,748.2972412109375,752.1491021570151,729.9985060960871,735.644672277905,9003010
2021-11-09,738.9212036132812,756.1716396356181,736.2395364276177,750.8668119857823,8002470
2021-11-10,739.3064575195312,742.0904967762212,731.851403193895,735.7520102728764,4649890
2021-11-11,726.7514038085938,741.2079816839932,722.5874865607514,738.2094375023709,6344000
2021-11-12,739.0772094726562,741.1397053436252,726.7805606418502,731.3637856019969,4971280
2021-11-15,734.70361328125,743.7920337183922,730.3885791731525,739.0674525862279,4025180
2021-11-16,736.79541015625,745.9910839574485,731.436956085908,733.8016871607582,5980490
2021-11-17,741.861328125,750.0867306751439,733.4360028028684,734.0942183239796,6455740
2021-11-18,729.896240234375,750.6426185428733,725.5129376641376,743.0656700269795,7725390
2021-11-22,688.2913208007812,732.7777352828354,681.6358987406267,730.5836440224681,19352430
2021-11-23,693.752197265625,699.9639091060254,675.2047920708974,682.6062199872015,11875890
2021-11-24,699.8955688476562,713.7914797437921,689.0421263125601,698.2085755532138,10993800
2021-11-25,694.8736572265625,702.5968424941312,691.0705415583177,697.2335078186035,6154860
2021-11-26,663.7907104492188,687.2772030274492,660.6653323226337,684.6540423530575,16890820
2021-11-29,673.4154052734375,680.6558948297746,651.2355843502454,659.8851752723442,14918150
2021-11-30,682.3380737304688,702.0897783249292,667.9058389035893,673.8298980294818,21955390
2021-12-01,686.3800659179688,693.1086368827977,677.8279659197879,685.7461934652891,11367680
2021-12-02,700.2076416015625,703.0843509188765,684.7904961487013,691.3825309313223,8477040
2021-12-03,689.359130859375,705.4052693821413,687.9695515356719,698.208644790278,8164110
2021-12-06,677.901123046875,691.9579739704924,676.5700503974281,689.3591563991523,8582530
2021-12-07,692.6649169921875,699.183804053704,678.5105750705839,687.2869408118438,10796080
2021-12-08,717.8579711914062,720.2812089605455,694.3080330603838,694.3080330603838,14026910
2021-12-09,725.542236328125,728.2531274348116,715.4689013744864,721.6123459293655,10769500
2021-12-10,726.7318115234375,728.1457934059559,717.7116582103321,719.0768944110818,6791450
2021-12-13,703.9376831054688,729.1209894385431,702.0117821694969,728.4383712966721,12985990
2021-12-14,689.0324096679688,700.1588634689241,686.0191649726854,700.1588634689241,12764810
2021-12-15,667.7107543945312,689.6760712451377,666.1261328098393,689.6760712451377,18175280
2021-12-16,685.4195556640625,688.7935426682626,676.0629435592913,677.2428986178269,17683180
2021-12-17,672.9620361328125,685.044181968277,669.441752201028,682.6063023171444,16805110
2021-12-20,646.9302978515625,669.4270565983622,633.1270553307768,667.9789704869389,22263190
2021-12-21,641.4109497070312,658.2274370217557,637.74925009219,655.8041991862067,13755910
2021-12-22,660.2947387695312,662.2011770787484,645.9210117027538,647.0131768856746,12678980
2021-12-23,674.5855712890625,681.9722975850779,666.833103597738,667.0037432365259,13393990
2021-12-24,668.1738891601562,681.4310466118417,658.9684556625136,681.1336325156485,9807740
2021-12-27,671.95263671875,673.7127783089443,648.8708137737779,658.3248566666072,9123600
2021-12-28,673.503173828125,680.655933466804,669.124751916613,680.655933466804,8624640
2021-12-29,673.9907836914062,677.7256318130557,668.2764083322954,671.3822644864927,5323790
2021-12-30,670.0365600585938,677.2380658507512,668.651861124294,672.8450020922869,6589920
2021-12-31,680.3926391601562,682.5087613970892,670.4704816039776,671.0994735542478,7699070
2022-01-03,704.0206298828125,706.3951221854198,680.1683949223716,680.1683949223716,12697250
2022-01-04,716.0538940429688,719.1743914417455,705.5710130829704,706.9849949766311,9591730
2022-01-05,748.0194091796875,750.0038167712759,723.075011145512,728.4285846450528,25832620
2022-01-06,755.5719604492188,758.6046680825915,733.4116013996684,733.8016859039099,15359860
2022-01-07,746.9027709960938,759.1555537661369,739.6525209140846,757.1028786043889,11659510
2022-01-10,753.9190063476562,756.6201954870949,747.9169193218861,749.5015407666335,6390600
2022-01-11,747.9268188476562,756.7129464387999,738.2874333975055,754.6700319052786,10379120
2022-01-12,758.1316528320312,767.346847714415,750.0671297402107,753.4021316768286,14584040
2022-01-13,761.4326171875,765.4502375254741,758.0829733991553,763.3487569931464,6163740
2022-01-14,763.7583618164062,765.1138370985781,753.6460424438077,758.1805221069122,5696350
2022-01-17,765.7476196289062,771.3449807628034,760.7694893362863,762.519869940969,6797740
2022-01-18,755.1575317382812,774.7580579171911,752.4319397699194,770.3649945642455,11300240
2022-01-19,738.3654174804688,784.5096068424378,728.7309131346433,765.4941471364994,50003170
2022-01-20,734.313720703125,745.991139902681,721.7098358552939,742.0905326352159,29103830
2022-01-21,719.052490234375,731.2662891768099,712.4312315678916,721.8560513931121,13704500
2022-01-24,675.9507446289062,716.7364749904001,664.8291708203598,716.7364749904001,25025820
2022-01-25,679.0712890625,682.2161295986159,658.4419255517711,672.8546967555197,25259340
2022-01-27,666.7113037109375,673.0838945945355,654.1415826085916,665.4045740987304,17610280
2022-01-28,669.6610717773438,687.0529249266935,667.4913829083958,678.808000091319,14675220
2022-01-31,682.6305541992188,690.0075787754731,675.7898511240869,680.6460872709725,12512490
2022-02-01,684.0299682617188,693.8984992142758,671.4894715174946,690.0076532531492,13834490
2022-02-02,706.7363891601562,709.9105130424545,691.8702046753042,692.3577805771191,13398210
2022-02-03,693.3963012695312,710.5979929145575,692.3577622454216,707.2775725422132,8398560
2022-02-04,698.0526123046875,700.9780673761414,687.9695176369205,691.3825485536167,8232080
2022-02-07,675.8386840820312,698.6962439768228,671.0019098708136,698.6962439768228,11830120
2022-02-08,687.9696044921875,696.9410130809821,674.2881959785307,682.6062695174079,16405420
2022-02-09,694.0496826171875,698.0039161978942,689.4323529255387,695.1418479197444,6491660
2022-02-10,695.9657592773438,706.0098095817754,688.9446553446468,695.7707170394982,12442000
2022-02-11,683.7373657226562,690.4025492716851,674.9073738863989,686.5068228438766,12764610
2022-02-14,661.7330322265625,675.780120883964,657.6472037849862,664.078300608917,11697660
2022-02-15,696.4583129882812,701.6217251411888,661.7331119066866,663.1032287644314,13468200
2022-02-16,689.2957153320312,704.5422216613712,687.4819474572311,700.6464953872631,10540410
2022-02-17,690.646240234375,695.0880486304977,680.8508590767997,694.307939254143,9036160
2022-02-18,685.5413818359375,693.9179013115902,683.5813174654605,684.5564691308891,7625170
2022-02-21,683.2254638671875,690.4952369135704,673.9273584919141,682.6062329757359,8166640
2022-02-22,683.7129516601562,686.1313086709057,662.0304693235247,663.1031123154455,12587320
2022-02-23,686.9505615234375,694.0496355082037,685.2830305585983,688.4571543532542,7952280
2022-02-24,646.31103515625,672.8741564149009,642.863840764454,663.1031178964375,19300400
2022-02-25,679.6222534179688,681.6261830936646,659.1050823146927,663.1031806257562,14132810
2022-02-28,682.8305053710938,685.0441189365798,663.7467780757174,668.9541147195641,15808910
2022-03-02,666.1798095703125,676.3993806684834,659.3976126138778,674.6099558148603,16080090
2022-03-03,658.066650390625,677.1747232013902,655.789649289463,674.8051112391203,13339990
2022-03-04,637.5444946289062,653.156684977597,633.8486906133903,652.2205773110211,19965090
2022-03-07,597.2804565429688,621.1716748046874,594.8425771285076,619.2213712731186,28435880
2022-03-08,600.873779296875,606.2858587104046,576.597361450481,597.5728816461909,28857830
2022-03-09,631.1669311523438,636.2864775232202,596.9732347725958,606.4956053068747,22801310
2022-03-10,642.1276245117188,662.5180796065374,633.946087577646,662.5180796065374,20915610
2022-03-11,646.3305053710938,651.8888817112313,632.878304948465,638.7243343617899,12647710
2022-03-14,649.9824829101562,652.279005670529,633.8486144581016,643.697622967651,12668460
2022-03-15,650.0897827148438,658.2273950521841,644.0876954547668,651.1282621336869,14792700
2022-03-16,667.0623168945312,672.7962140592226,657.578989745961,661.1528995535991,16335960
2022-03-17,682.0601806640625,688.1548794434729,675.7899617020303,677.506238401279,16706780
2022-03-21,669.9682006835938,684.4345975396534,667.9789126477829,682.6061881072234,9620190
2022-03-22,681.2214965820312,683.5813470493079,659.8851724575827,669.9292231424744,12737960
2022-03-23,683.0742797851562,692.7478280125403,679.6807707361652,687.4819847474841,11767500
2022-03-24,682.3673095703125,686.0728742730936,671.0262900894967,679.5832704026856,7837160
2022-03-25,680.02197265625,689.1835413641523,676.7552384681754,688.3595667968729,7023730
2022-03-28,682.7427368164062,686.0192322981575,669.929228981996,681.631049575568,9369730
2022-03-29,686.4434204101562,688.4571110832304,681.094727535552,686.5068076523997,7159500
2022-03-30,707.1654052734375,709.369257707245,692.2602372615017,692.3577286271326,12722540
2022-03-31,707.955322265625,726.0005109837977,706.0732864445207,710.6857353864359,16330110
2022-04-01,722.4022216796875,726.3906188353111,704.0889013410718,705.0298895225706,8715130
2022-04-04,730.4520263671875,740.2279461789068,724.5377287978071,726.3905408753646,10497590
2022-04-05,720.4859008789062,729.4085623903679,714.7861679854899,725.0252604327582,10720820
2022-04-06,716.4391479492188,724.0502004902618,711.8608031756108,716.7365621014712,7670310
2022-04-07,710.9051513671875,717.3216070607565,708.9353257764564,712.8359327958591,7182660
2022-04-08,718.3552856445312,724.0501982403985,707.9601938350562,714.6204971722774,8819730
2022-04-11,715.4346923828125,720.0520811863629,711.3732067415247,716.2538460468616,5975080
2022-04-12,709.3741455078125,711.855890022115,704.0595566185492,711.855890022115,8055980
2022-04-13,714.6350708007812,719.6620067474355,710.1104118190075,713.1284779803021,6723170
2022-04-18,708.1015625,719.1743911992442,705.1906893910237,708.4964679956971,7582220
2022-04-19,707.9163208007812,725.8347345984566,697.3310078506896,711.8607930505067,11911100
2022-04-20,685.7754516601562,711.3439013600519,678.7056016430413,709.4180005076323,15581810
2022-04-21,696.0730590820312,700.841565360923,687.218664643929,692.2602419781085,8753430
2022-04-22,693.406005859375,702.7918409566901,689.5687863068246,690.407402483019,8079870
2022-04-25,683.1425170898438,689.9149528436736,677.7304370145143,682.6061955541871,6849530
2022-04-26,706.0634765625,708.2478069080503,692.0651925671144,695.3806727278468,10124190
2022-04-27,654.7266235351562,692.3577565177061,652.2644010276789,692.3577565177061,39843570
2022-04-28,656.0479736328125,663.5907580456194,641.6498439294895,658.0323812324921,24990940
2022-04-29,650.6017456054688,665.4045422144205,648.5734132747672,663.1031983399257,13375170
2022-05-02,646.150146484375,648.4612512959283,636.3352420561189,638.7243756703491,12387410
2022-05-04,618.2218017578125,650.2117070268549,613.3704456493213,646.5158438332238,16491150
2022-05-05,615.2671508789062,633.5999925555411,613.3704735125447,624.0971431606179,14860280
2022-05-06,585.120361328125,605.0865705644644,582.6531987127922,604.6916055177755,30648650
2022-05-09,588.6942138671875,598.2799717628109,568.7621106980375,581.2879057410337,19356480
2022-05-10,578.1138305664062,596.1151539179313,575.3395523110268,585.0910701468068,11779330
2022-05-11,566.2706298828125,584.7594688649682,559.4445676719399,580.8979060489681,18613390
2022-05-12,545.44140625,562.1505814973196,536.9088284341078,560.7122564729136,24940440
2022-05-13,537.8692626953125,560.6146859659484,536.3333870015564,555.8364192561585,21053150
2022-05-16,550.51220703125,557.0018711979618,535.1633263499311,543.6471593957807,14149550
2022-05-17,569.2252807617188,570.3662510999892,551.1557507749045,551.9358602284105,14017700
2022-05-18,567.0702514648438,580.8686126940283,564.6128500662915,574.3594868184744,16550940
2022-05-19,556.5191040039062,560.224668672795,547.1576116883293,551.0582186068518,10650250
2022-05-20,562.6235961914062,569.6788050826059,557.006712377943,569.4886433420047,10986100
2022-05-23,565.0029296875,575.9489839237577,562.7795551997091,568.0258762084044,9680210
2022-05-24,565.4710083007812,568.8060106603958,558.2743835384013,563.9302518522002,10840690
2022-05-25,568.2598876953125,573.1649292768876,565.7635017435578,569.3910969888549,8675980
2022-05-26,567.3237915039062,572.9454958887811,551.2922949799294,570.463751447248,12595460
2022-05-27,584.4572143554688,592.5997676917888,571.5413333749526,575.3395687262914,16258050
2022-05-30,595.934814453125,597.475571094688,589.0989902248713,593.6724549405336,8174840
2022-05-31,593.1019897460938,601.5906434766342,586.6952351534181,595.8177613736885,15489660
2022-06-01,586.0807495117188,597.7679270805512,582.8724626758221,590.9418659230246,8876200
2022-06-02,590.7322998046875,592.8922872036288,580.1372851492538,585.773691053741,7508090
2022-06-03,587.8409423828125,601.473543811755,586.4562436635731,597.2804034950074,10434650
2022-06-06,587.1388549804688,589.9668189115934,576.4121855457125,585.8906916686109,7376570
2022-06-07,573.252685546875,584.1110096560042,568.8693832526955,583.1407384396488,8969820
2022-06-08,580.6345825195312,590.356876134686,565.8073839256388,575.3395158128342,13341460
2022-06-09,575.1981201171875,578.4209895292585,570.9513532647971,575.82711204588,12376740
2022-06-10,552.6671752929688,569.0009647700878,551.1946868380367,568.0258131595135,21518910
2022-06-13,522.5106811523438,541.5992879341217,519.2682897865885,538.7762046648428,19327850
2022-06-14,524.2172241210938,532.5303572406501,515.2896811070467,521.4136627852337,18845410
2022-06-15,534.8659057617188,536.3237530066019,526.2065526279691,528.3372570257635,16599430
2022-06-16,515.260498046875,547.5428808536536,512.4276533661433,542.6720021457428,21796860
2022-06-17,528.4884033203125,533.8956033133353,509.0292327480567,509.0292327480567,19379390
2022-06-20,533.451904296875,537.3086463638255,521.9012596966658,529.3123896321979,11194560
2022-06-21,541.1263427734375,542.5744884388342,531.9453099504638,538.7713725896081,10023590
2022-06-22,530.4435424804688,539.4051890234362,527.0694961570272,539.4051890234362,8983460
2022-06-23,531.2772827148438,535.8458661079251,521.0235481717509,531.028614266632,11018570
2022-06-24,544.890380859375,547.7085238618437,531.9452190449559,537.308553059158,13049330
2022-06-27,550.1026000976562,558.2743765189274,544.8904425661295,555.8364971454822,10490080
2022-06-28,543.7689208984375,547.9377178721192,538.7712688570037,546.767524027004,7395000
2022-06-29,537.5816650390625,541.5992853360926,532.4328354243032,534.8707147073816,7559820
2022-06-30,528.5482177734375,541.7313701288626,526.2482910336289,539.539086316308,11982750
2022-07-01,549.4827270507812,551.3961071399928,522.14267544793,524.9760382649347,12218900
2022-07-04,551.038818359375,552.8640887029217,542.2989537185742,549.3358260755626,7898180
2022-07-05,554.0531616210938,563.2431908349475,550.6619914998655,553.945518701269,12284530
2022-07-06,579.06884765625,581.2366998133176,552.5656289699796,555.9029779590735,22229520
2022-07-07,573.588134765625,585.9393545338368,569.2133038835432,580.859886581899,13352470
2022-07-08,574.8114624023438,580.1747320813887,567.7452004832571,580.1747320813887,8032820
2022-07-11,573.66650390625,577.821091309723,568.9980737875409,572.540972118238,7613370
2022-07-12,574.8457641601562,583.2626411555851,566.0815266420386,572.5213458181329,9754460
2022-07-13,575.369384765625,585.1662056280949,574.1655401591437,580.3656415455632,8869340
2022-07-14,570.666748046875,580.0720643947394,567.1286884599099,579.8812102459211,6929200
2022-07-15,578.9220581054688,580.1992575589624,568.9049937232697,573.030250589591,5698590
2022-07-18,593.073974609375,593.8863142085918,580.5025727905386,584.2754508761719,9664320
2022-07-19,593.6759033203125,596.8273558434488,587.4220409133387,591.1361994805629,9785600
2022-07-20,594.5029907226562,601.8628519166055,591.3369027819243,601.8041321617709,8270920
2022-07-21,613.343017578125,614.933408999213,590.7447525789681,594.9532207429742,13254930
2022-07-22,612.4963989257812,619.0292250454162,608.5277681373959,613.7442085580432,9532950
2022-07-25,609.4380493164062,619.9101778522682,605.3274869326252,610.7103505997705,7240230
2022-07-26,613.1032104492188,624.7742242093346,608.0188444928352,616.5824901899174,15304060
2022-07-27,626.0123291015625,629.2469334165883,606.3061464076536,614.5272705920288,14449890
2022-07-28,692.5885009765625,695.8524949234042,638.3097051316591,638.3097051316591,64857820
2022-07-29,705.5562133789062,710.5378341192556,697.3253537327405,702.2188649870053,26067620
2022-08-01,710.6357421875,715.4314075274061,703.8827319110862,709.6619381421207,12270770
2022-08-02,718.553466796875,719.9334108000954,702.9235595082451,704.8076092836476,12491240
2022-08-03,714.0955810546875,721.9300990487923,706.4274257533987,716.9974004053563,12186210
2022-08-04,716.0821533203125,722.7716046390941,705.1549643093667,718.2646999366837,9494810
2022-08-05,714.9127807617188,721.103085971566,712.1088076793748,718.3627309406215,7580780
2022-08-08,718.5828247070312,724.0440006520189,710.9294247483369,714.4527293826987,9574820
2022-08-10,699.7134399414062,721.2057644206698,695.3679992456617,721.2057644206698,19065230
2022-08-11,716.307373046875,716.8994688512604,706.3637237541396,708.9720037382682,10270510
2022-08-12,715.3726806640625,718.6611061434601,711.7172418123595,714.6484505003529,10369410
2022-08-16,713.0923461914062,722.6738809833225,711.7221986632131,718.2697201532826,8044640
2022-08-17,736.6790771484375,747.5328529022196,714.0612201410228,714.4527249803182,23444140
2022-08-18,732.8767700195312,742.7176145889154,729.3681007297253,733.0480309769154,8353540
2022-08-19,714.619140625,737.81440029411,711.6145169796924,735.0055290829597,11004270
2022-08-22,695.093994140625,712.4757584294315,693.7874646591322,710.6357931272671,10608620
2022-08-23,705.4193115234375,709.5592033463018,689.9851563574384,693.4106145804896,10886030
2022-08-24,702.4049072265625,708.2281982826726,698.793493087164,701.2402490153404,9530960
2022-08-25,689.7062377929688,708.482639578025,687.5481824325043,705.9184442558753,13542960
2022-08-26,691.1694946289062,698.9403946501914,687.6070032924413,696.8361604401522,7591390
2022-08-29,681.6025390625,686.6085918071951,671.5219172433624,673.4450338256581,9967350
2022-08-30,715.064453125,717.8782225727117,685.0916916167665,685.0916916167665,17313810
2022-09-01,702.8355102539062,717.7656191030512,698.989217258493,707.4647531676422,14625790
2022-09-02,703.7211303710938,715.724927536439,702.0671212160241,706.3392066197265,9063700
2022-09-05,704.2937622070312,709.9506903174016,700.5551121579949,703.755487875431,7070250
2022-09-06,696.7725219726562,710.0486230128863,695.3680863551423,707.4795290977811,7919050
2022-09-07,701.3870849609375,705.4437657086096,691.9425830939139,692.7255330513543,7919940
2022-09-08,710.3079833984375,712.4415475274658,702.2189934785611,706.6231544132698,7722510
2022-09-09,702.7964477539062,716.801677008498,701.2402846210605,714.4527673040811,6496070
2022-09-12,713.1705932617188,716.4002989584937,703.4765181457437,706.3147787571437,8347160
2022-09-13,724.5773315429688,728.5460219689252,715.6662661439128,717.3887917636316,13827000
2022-09-14,732.4070434570312,739.8990392536133,711.7271160068148,711.7271160068148,14933880
2022-09-15,722.8989868164062,737.241839988075,721.2743073170037,733.0432280322508,7174200
2022-09-16,711.9178466796875,732.0840491236728,704.1127193703653,722.7716819720949,11870360
2022-09-19,733.6450805664062,736.4197233328863,703.7799629482911,712.0059851680684,16481170
2022-09-20,747.2783203125,755.0688119967011,740.3882777388262,740.8727305905164,16134500
2022-09-21,752.6857299804688,757.0262725409217,742.4484818296529,747.7286001567734,12392620
2022-09-22,755.5142822265625,761.2347694928469,743.8138774676304,750.6647947600953,12810390
2022-09-23,734.7266235351562,756.6838102379322,731.5800689284264,755.049334164855,14123310
2022-09-26,710.4889526367188,730.111921970512,697.7168994608259,727.8609186085373,18752050
2022-09-27,708.8594360351562,722.2774673403942,705.6493232502384,716.8995024726788,11428290
2022-09-28,704.910400390625,714.2080731482938,700.7607117911587,702.6104736551979,8690690
2022-09-29,695.3435668945312,716.1067646880623,693.7091506050015,715.6761332407021,9696320
2022-09-30,717.9515380859375,720.5206315748303,687.7145119842414,693.0190616240102,16186650
2022-10-03,701.9057006835938,724.0439416891074,699.2436591295722,718.0738816183772,8201980
2022-10-04,732.9208374023438,734.5161270406927,715.0742140618062,717.8781867879388,11914950
2022-10-06,724.6458740234375,743.7159345817878,719.0428270020395,738.9202692054272,15100600
2022-10-07,718.87158203125,724.9982683943597,711.7368035591758,722.8157215002357,9911960
2022-10-10,713.8068237304688,718.1717981368299,706.7209682857435,711.0272826736701,6531130
2022-10-11,704.9397583007812,719.590903827518,701.9840580844345,715.1378200759416,7322060
2022-10-12,707.2299194335938,710.3911090520953,699.282860770211,705.1550751363709,7407310
2022-10-13,699.93359375,707.2102428038496,696.3172816614149,706.6719684975307,6086550
2022-10-14,711.7612915039062,718.8568836158393,706.7209504544325,714.4527229946394,8390120
2022-10-17,719.855224609375,721.5287675205819,706.3295499678895,710.0437089338417,6174010
2022-10-18,723.3002319335938,727.175915112371,716.5080345901057,724.2398077835188,9069750
2022-10-19,722.3214111328125,728.1544982416956,719.3461776984492,725.9034949388042,6271770
2022-10-20,727.4107055664062,729.0353848756157,710.6357334004081,721.2987143332386,10260540
2022-10-21,703.9562377929688,733.0481446042896,700.0707579534932,733.0481446042896,23869600
2022-10-24,705.3018798828125,715.4314254183702,703.6869970941287,715.4314254183702,2278840
2022-10-25,695.1624755859375,708.8300802837163,693.8999710502121,708.8300802837163,9098990
2022-10-27,682.2631225585938,705.6443340381475,678.338516912892,703.2954247048099,16414580
2022-10-28,685.7621459960938,693.9000595207867,683.1343322221567,685.091737185544,8396690
2022-10-31,699.1947021484375,699.733036215717,689.5936347237107,694.2914536747905,8189860
2022-11-01,705.595458984375,708.1889843258992,700.7508704885564,704.3671827775339,7627420
2022-11-02,700.3790283203125,708.5805594642021,698.7984334531818,705.3508533915959,5859140
2022-11-03,696.99267578125,704.1763776898395,694.1055514858048,695.3680560787087,6323130
2022-11-04,705.8402099609375,707.1027146007792,696.9927016942594,696.9927016942594,9219250
2022-11-07,703.6919555664062,709.6228899879677,695.9552840732302,709.3733160859133,7224940
2022-11-09,699.1849975585938,708.0911652383268,696.3125084898497,708.0911652383268,6896340
2022-11-10,682.6547241210938,701.2402732358162,681.6222002519708,700.5551696052132,10081820
2022-11-11,690.1270751953125,700.5404226117472,684.6022814144364,699.6743212253087,12333420
2022-11-14,687.6167602539062,695.5638190941011,685.1944359328196,690.4647580013466,8550600
2022-11-15,687.61181640625,691.198739019046,683.2320875430663,688.5317990058749,7195210
2022-11-16,674.8202514648438,688.5024928823645,670.6656642578454,686.1682779333973,13362040
2022-11-17,674.8202514648438,680.1982167595392,668.649539558731,672.3685969982783,7339440
2022-11-18,664.6856689453125,678.0449190571196,660.624030640609,676.273470342145,13276890
2022-11-21,653.68505859375,660.3304857634139,646.9564799551143,660.3304857634139,10717480
2022-11-22,654.267333984375,658.4464115894287,651.8450698779579,653.7975760328864,9587690
2022-11-23,663.5651245117188,666.0069822172954,654.7519046339024,657.5411825756853,8936670
2022-11-24,662.713623046875,669.41771022723,659.3811128836599,666.8829046011837,7546110
2022-11-25,660.3793334960938,663.364363367738,653.2837422877252,662.5814135262771,8590580
2022-11-28,663.3106689453125,668.7278203087525,658.5247997600349,658.5688843784569,6040540
2022-11-29,659.0728149414062,666.3886507757769,657.7858189745936,663.0708355059365,6818600
2022-11-30,657.7809448242188,661.0351421719611,653.5774348445341,659.1560503356278,14828310
2022-12-01,660.4039306640625,662.5815195928475,656.4157064683546,661.0743394133837,9816160
2022-12-02,653.3572387695312,659.8362436024623,650.5434694895033,658.6862802785447,14386020
2022-12-05,651.8598022460938,655.6327404963107,649.0754226808698,653.2398060373021,10292500
2022-12-06,655.5886840820312,659.1560734836496,649.0754506023685,653.2251392653227,8409800
2022-12-07,648.409912109375,658.1724443382834,646.0414093688976,658.1724443382834,9610270
2022-12-08,644.1770629882812,653.7732332937711,642.0288039531645,653.7732332937711,11377840
2022-12-09,637.8643798828125,647.7052251764694,635.1778466200732,646.1882484297432,11312920
2022-12-12,636.792724609375,639.9735073302305,625.5865704611566,636.9492907059677,11000480
2022-12-13,647.9107666015625,650.6413247137243,636.8416451678178,636.8416451678178,9586360
2022-12-14,651.345947265625,654.6098810725446,648.5468134029156,651.6199528361291,6782830
2022-12-15,648.429443359375,657.1007917114908,646.3350656972053,649.0754203719731,8577060
2022-12-16,645.6401977539062,655.2706557892815,642.0287834575473,644.964890698969,8802330
2022-12-19,654.4583129882812,656.2199653778151,645.6499913053576,645.9533866628036,6595590
2022-12-20,650.1373291015625,655.6180986491173,644.4755617258741,651.8158300826607,6077160
2022-12-21,638.7696533203125,655.1335878609282,636.6458859225061,655.1335878609282,6223900
2022-12-22,635.2413940429688,643.4967453370848,627.0545590762816,643.0073941999464,8497060
2022-12-23,623.8837280273438,632.8290236344391,620.5022941050415,631.2631235012536,9943030
2022-12-26,629.6677856445312,633.2106837075164,616.5825387672904,623.8885787839744,5305350
2022-12-27,636.6165161132812,639.092661837426,629.3056379195481,632.8289426358828,7810350
2022-12-28,633.8174438476562,643.0074736754605,632.6381504707696,633.7098009206403,7559340
2022-12-29,637.223388671875,638.1629047700416,626.604431511221,630.2843621897212,5218800
2022-12-30,643.5164184570312,657.6782134525532,637.6246109185274,641.050069304122,15202660
2023-01-02,641.4170532226562,646.9222539464822,634.6639831073294,642.5180933674214,5793400
2023-01-03,646.5552978515625,651.8158234537607,639.0926917647233,642.5181502963871,7420810
2023-01-04,643.1052856445312,649.6626032892054,641.0500346184806,645.454195161661,6712530
2023-01-05,597.0133666992188,635.1778622902084,589.6730986450176,635.1778622902084,51023000
2023-01-06,585.3031005859375,600.9183124709199,581.5057308922096,599.9445084635712,29319220
2023-01-09,586.5706176757812,594.8552999449439,582.8172725101724,589.1788380371516,14005480
2023-01-10,577.840576171875,588.6895141594558,574.9876800809316,587.1236141588697,11203750
2023-01-11,577.0184326171875,582.230034421454,574.0627324936836,580.3704761182066,11088910
2023-01-12,577.27783203125,583.7861669486476,573.2259898842042,578.075476851971,14769490
2023-01-13,585.0486450195312,585.753281948959,574.6939587480992,579.391717483348,11084900
2023-01-16,588.2882690429688,594.287659973365,584.7306761576554,587.2214571123687,9083390
2023-01-17,585.74853515625,589.1739938313814,581.3492722937234,589.1739938313814,8170050
2023-01-18,587.0892944335938,592.0170943754554,585.7533752406853,587.608035368633,7962810
2023-01-19,588.4398803710938,590.1232794488881,583.3702094462393,585.5575948275483,5481420
2023-01-20,573.5587158203125,589.1543357080062,571.2881191520584,588.4448003833496,8330900
2023-01-23,573.813232421875,580.8599019835541,571.6600750925762,575.5748848784806,8560640
2023-01-24,573.03515625,579.4896699361568,571.8215748257971,576.6856971042962,6081450
2023-01-25,567.24609375,573.0350963641953,565.3963320619442,572.5457452129793,8278370
2023-01-27,563.8010864257812,573.6713214189587,555.9029510620045,569.1154331735135,16213520
2023-01-30,589.3549194335938,593.7003598550074,564.716101998729,564.716101998729,24481600
2023-01-31,576.1033935546875,592.1149504400433,574.8898121395254,592.1149504400433,19967880
2023-02-01,569.3307495117188,585.3031803545238,558.7314451929387,581.7407489043322,26348660
2023-02-02,559.5877685546875,569.5069265194561,552.4774815810504,569.5069265194561,20250440
2023-02-03,588.6160888671875,590.1575571201494,562.4651889725304,564.7112942924149,14868920
2023-02-06,597.4194946289062,599.3573659760539,582.8759914876763,587.2214324774193,10738200
2023-02-07,602.9344482421875,605.0337838257294,597.0084128857887,599.2545179756123,14721930
2023-02-08,621.6375122070312,624.1185563378255,603.1547668525471,603.370052715873,19032080
2023-02-09,631.7523803710938,634.9625528203388,620.0324433744993,623.912964823101,18381540
2023-02-10,629.8439331054688,638.8578039364504,628.3269562951095,631.6496701403319,12912820
2023-02-13,621.0355834960938,633.5287337175622,616.29379913628,629.7900834564427,7365570
2023-02-14,632.114501953125,633.4504211453709,617.5612023284212,621.8479235354482,10340900
2023-02-15,635.1729125976562,635.7650083908314,626.1052211920463,631.263001576017,6189790
2023-02-16,630.0201416015625,638.578890190565,628.3270053907927,636.6459766459667,5290480
2023-02-17,628.0039672851562,633.7881320590823,623.1887680879921,627.3482533873623,6160440
2023-02-20,623.1788940429688,630.6317025129678,620.7908580373489,628.8162288585465,4657320
2023-02-21,624.338623046875,627.1768834758045,621.6716833004848,625.8800910430135,4485090
2023-02-22,606.6632690429688,622.4546396231223,605.3273500108509,619.6163791647048,9347000
2023-02-23,607.025390625,612.9074008498355,599.2251621735334,608.165617004856,8097680
2023-02-24,610.34326171875,615.212282085304,606.7954656494287,612.0559908556637,6077610
2023-02-27,606.2571411132812,610.808070887797,600.433850582748,608.2634688462557,5950040
2023-02-28,598.1926879882812,611.3561868766797,596.029734278737,608.7528648955245,9778520
2023-03-01,602.3766479492188,607.182110309583,597.0182760643594,597.0182760643594,5448040
2023-03-02,595.3446044921875,607.7350092148797,594.0772017239115,603.3895685598275,5822980
2023-03-03,597.0133666992188,601.0211243838905,594.365959961799,599.1420324878862,7120370
2023-03-06,600.4193115234375,605.1317666280985,598.9708508840857,600.9233576664121,6084770
2023-03-08,586.9131469726562,599.846725485788,585.7533870168451,599.846725485788,13427950
2023-03-09,577.5616455078125,591.1362428622699,576.4655036111266,587.2214333068906,9408580
2023-03-10,574.9044189453125,576.2012115050406,565.7878041731888,574.0089278004931,7708610
2023-03-13,570.930908203125,582.0832409469738,568.723929555729,574.4004511522413,7933560
2023-03-14,560.9481201171875,572.5408196646595,559.4408804126416,571.5621174088224,13725650
2023-03-15,559.6954345703125,569.604796362705,557.9582139175446,567.6473915642076,6794730
2023-03-16,559.3381958007812,563.243208662889,554.4348874153372,560.7670630170454,8849630
2023-03-17,561.0264892578125,569.2867403939596,556.695742827576,561.7801092658659,10471510
2023-03-20,543.2581787109375,561.8192374297754,536.8868161329699,561.677366192923,17127560
2023-03-21,558.8488159179688,559.3283704925099,546.7177816631361,548.2494531685928,11301140
2023-03-22,570.9945068359375,573.2259768610928,561.2857962748907,562.7342566338682,12425340
2023-03-23,570.8819580078125,577.434377304952,564.9559225411585,568.5771331255447,10544190
2023-03-24,552.8934326171875,570.5589987103803,550.735377133492,568.0290912770071,12780420
2023-03-27,547.3931884765625,560.307174987966,546.5613152549636,557.6646663204469,11187430
2023-03-28,541.6578979492188,550.4613202996982,540.5079347015015,550.1334335267139,9481360
2023-03-29,550.5396728515625,552.5753307590757,543.6691631417632,544.3689616154563,11096120
2023-03-31,549.712646484375,557.2731581992663,546.7227178863561,557.2731581992663,12678280
2023-04-03,559.333251953125,561.1879118911356,551.2246701022668,553.45613997615,7453860
2023-04-05,563.85986328125,582.0392737523895,562.083515894735,570.7792969671284,24333290
2023-04-06,580.5857543945312,583.2087291466088,558.4034880916219,563.8303756628243,17405020
2023-04-10,570.4660034179688,584.2754785832907,568.7238846448959,581.8336211149848,9282570
2023-04-11,571.3419799804688,575.4769734551579,568.7385983154792,573.3238163693302,8116200
2023-04-12,573.2211303710938,575.1589420789222,566.2772055259481,571.2686237902651,10230690
2023-04-13,577.8699951171875,581.0556764802351,572.5800795202243,573.2211583199286,8330060
2023-04-17,583.4485473632812,587.0256734871151,577.434402144311,587.0256734871151,6728570
2023-04-18,578.9660034179688,586.6341571111042,574.5227166730655,584.7745989275295,6408890
2023-04-19,582.1077880859375,583.3066747229341,575.4770549279954,578.9661316385253,5549280
2023-04-20,578.6773681640625,583.8889104847533,576.0788847044545,583.3066112487933,4367310
2023-04-21,581.1436767578125,581.838576966703,570.3877469363714,578.706717338755,6431010
2023-04-24,580.737548828125,583.7666041469835,575.1834245382271,581.3492378410049,5448920
2023-04-25,594.586181640625,596.2940124986391,580.2432697254089,583.296816343106,14944750
2023-04-26,592.697265625,598.9462901581479,588.5231451865916,597.0084784744471,9740070
2023-04-27,606.8003540039062,612.1244971660269,593.6808203570546,594.5616763642871,28271360
2023-04-28,614.6349487304688,616.1910522085259,598.0850564844175,611.0920505621937,14896680
2023-05-02,611.605712890625,619.9736651603596,609.2225752317842,619.518542317329,9912540
2023-05-03,604.8626098632812,612.1783868350326,602.4843103258165,610.5194790022367,6682510
2023-05-04,625.415283203125,626.2716477458196,605.0484900114219,606.5018486417064,12451410
2023-05-05,625.3760986328125,631.0672551133457,619.6800438617731,624.4071928765726,11600400
2023-05-08,651.6151123046875,655.2510178067988,625.195047229904,625.8263293589118,22247350
2023-05-09,641.2702026367188,659.6306676863165,640.267068601575,650.8370416925395,21307700
2023-05-10,649.0264892578125,652.3051182461194,638.6032853047155,645.0577986495492,8353210
2023-05-11,652.1533813476562,653.7731623914714,648.3902995274698,651.7179113738617,5674940
2023-05-12,657.1399536132812,659.0239438199684,646.403557030685,650.8371076550015,9120780
2023-05-15,656.9344482421875,660.6241757166582,654.3409225046034,657.1399972682148,7390760
2023-05-16,664.0103759765625,670.3132211021674,655.7305331134559,657.687937689914,12651330
2023-05-17,656.224853515625,666.5403552444457,652.0115468773782,664.0495743774051,7407850
2023-05-18,664.480224609375,668.5173720990756,660.1494783402018,661.5832439363161,11067180
2023-05-19,663.97119140625,667.4749623332233,656.9049895395119,665.5175577516009,5928340
2023-05-22,664.8374633789062,667.2793212229357,661.7888147921876,663.9713021494325,4197920
2023-05-23,663.6140747070312,672.755181765282,661.3190461618857,666.5012588473884,7901960
2023-05-24,664.1424560546875,670.2691419868875,658.6421539285506,662.483608229552,5539360
2023-05-25,669.544921875,670.2153305685679,660.2423516309188,663.3644143921524,5302600
2023-05-26,675.7451171875,677.262094034891,669.5499139656154,670.0783917828576,6940730
2023-05-29,678.44140625,682.3415209334593,675.4808076293597,679.239051086395,6407280
2023-05-30,685.6593627929688,686.9267657096175,678.2456799639937,680.0024340939708,8819230
2023-05-31,684.0982055664062,687.6362047857059,677.9764179660775,685.5711572910886,21476270
2023-06-01,689.0553588867188,690.6995716219058,680.305757725554,687.4405358941551,5900260
2023-06-02,687.4307861328125,694.8786969851645,685.5810242790251,692.5053556361744,6642090
2023-06-05,689.3197021484375,694.0565884543388,686.368899987741,691.9426174906381,5771620
2023-06-06,696.2439575195312,698.0105080426257,687.5383812494981,687.5383812494981,6905860
2023-06-07,692.9163818359375,698.8913407081893,691.159627802165,696.8360896188638,5344830
2023-06-08,686.080078125,695.9551504375809,684.6169230309102,692.9211973376863,4553600
2023-06-09,688.7275390625,693.1659278624438,686.2709866472042,686.339502978795,4473610
2023-06-12,694.653564453125,695.857349190876,689.1629990417326,689.9998301449061,5132550
2023-06-13,701.4115600585938,704.6657576224432,694.8787332110203,694.8787332110203,8001340
2023-06-14,694.5704345703125,702.904100133321,693.1219740830942,702.904100133321,4015200
2023-06-15,697.4819946289062,698.9598447438638,690.572358386091,694.3893214679647,4370180
2023-06-16,704.9788818359375,706.4860619457912,697.9126198274987,701.729582875314,14148580
2023-06-19,722.8892211914062,724.1272941653982,704.8859699517261,705.8353424199137,11845900
2023-06-20,709.4418334960938,721.9055948034828,704.7636071335273,721.9055948034828,8638260
2023-06-21,705.2676391601562,713.0728268487238,702.4147430930348,712.0060149208626,5468040
2023-06-22,688.0277709960938,705.0718513859931,687.0490686191433,704.6755079856595,8271940
2023-06-23,684.0787353515625,690.4745291216444,680.7951482465402,687.1420188446704,8152260
2023-06-26,684.9644165039062,688.5171108525841,679.7087896050031,684.1129502287936,5635390
2023-06-27,686.9757080078125,688.0278250928081,680.589710337259,688.0278250928081,7097890
2023-06-28,693.9196166992188,697.3254820436025,689.0065113806262,690.4109469796125,7097820
2023-06-30,703.7875366210938,707.1685812995597,696.9664779960698,697.8314005874738,8879080
2023-07-03,720.7319946289062,722.8943009327068,703.7285104932944,703.7874797566218,12092270
2023-07-04,772.5730590820312,778.4260139001555,748.2177915081145,751.8887634262865,41622080
2023-07-05,770.4402465820312,786.2790436476844,764.6659376058942,774.4896295244681,19786660
2023-07-06,763.314453125,768.9904996112755,760.2430123833092,764.2727186407768,10459840
2023-07-07,749.171142578125,761.609279031973,747.5248621753906,758.7687959554335,10949150
2023-07-10,740.4137573242188,749.9180061726588,730.4917445693922,749.1710222320607,14515180
2023-07-11,731.6417846679688,754.8372812954801,725.4497121035798,743.7309635034012,16750430
2023-07-12,730.4573974609375,737.932036265287,727.1353224392099,734.1873382068287,11317550
2023-07-13,734.6493530273438,739.3965287777767,728.8897415964187,734.192296237057,7470520
2023-07-14,735.4110107421875,739.0033966131103,727.3073263229855,734.5903601725157,7266000
2023-07-17,738.2219848632812,741.2738091884404,731.4451987775332,739.1115029002253,5067440
2023-07-18,729.2828369140625,742.5514599576472,724.6732165830616,739.1114465759771,13097090
2023-07-19,745.4705810546875,746.8761251263186,730.2657496250837,731.4402757615952,9759430
2023-07-20,746.6401977539062,750.6257520962055,737.3423706275382,742.1583537720356,6494360
2023-07-21,745.1807250976562,752.645586572904,740.3991152993724,746.6402594780477,6733940
2023-07-24,745.1659545898438,751.377644018967,743.0773747259717,745.1708736945324,5843420
2023-07-25,747.6083984375,751.8297700528129,741.1804484691331,751.8297700528129,8508690
2023-07-26,730.5753173828125,760.1447117902325,720.5353659994872,750.4143640175579,22288660
2023-07-27,715.92578125,744.8022433034414,714.3139347417299,744.8022433034414,21471720
2023-07-28,725.5086669921875,726.7864343144927,708.6427982175974,719.3560073735216,10070500
2023-07-31,717.51806640625,724.3587407809026,715.6260109325536,721.9114264148621,7493150
2023-08-01,714.5105590820312,720.4372407577874,711.9846586544897,717.518171864894,7527650
2023-08-02,707.9990844726562,716.5057764986868,702.25428986051,716.5057764986868,8985360
2023-08-03,698.6520385742188,710.0482833687785,689.7767747202533,705.2027857123293,10818980
2023-08-04,702.6178588867188,708.1513712782062,695.0105241217602,701.664512483502,7313490
2023-08-07,700.0084228515625,705.9645585318285,695.0400073559689,703.9251098152594,7184090
2023-08-08,705.065185546875,708.1513836286309,696.3718083899386,701.2713563067706,8073620
2023-08-09,700.3228759765625,709.0359896267727,696.8484885396165,707.6599601530661,5115720
2023-08-10,702.1412353515625,705.1045759605032,697.045102956119,697.8362989416106,6161300
2023-08-11,693.9588623046875,703.6302413167834,691.0544911395605,702.1411924463758,6303960
2023-08-14,689.77685546875,693.7918648235229,682.1596816303296,691.9342428707088,6937850
2023-08-16,686.1845092773438,687.4130856672343,680.1398894434493,687.4130856672343,5987950
2023-08-17,680.4592895507812,689.9684582272515,678.4689719256485,689.9684582272515,7101180
2023-08-18,674.4490356445312,679.7269941590271,672.7683218201055,677.5351734429246,7455330
2023-08-21,692.7401733398438,694.194788583179,668.4438155557407,668.4438155557407,12308310
2023-08-22,694.8778686523438,703.0896538288353,692.9170655850274,693.0202468025451,12487800
2023-08-23,699.4481201171875,702.647337400764,688.2975311237628,697.831294611338,8032480
2023-08-24,701.5120849609375,706.2789365796197,699.8952594993744,702.7455802540757,9103600
2023-08-25,708.790283203125,715.3361115209885,697.9296204101663,699.3056499010353,13032760
2023-08-28,711.158935546875,713.6553810059013,701.5760403550764,710.1121861340539,7036260
2023-08-29,716.8349609375,718.5647459354085,711.1982074171783,712.5742368356637,14183050
2023-08-30,714.353271484375,720.5256679680635,713.3605721781892,720.0440156397239,4602680
2023-08-31,704.0233764648438,716.0142935851563,701.271377450939,715.5228630473491,14129800
2023-09-01,719.5133056640625,720.3782282446496,703.2371279943231,704.5688856090431,6760760
2023-09-04,714.5645141601562,724.3685282504132,713.3998263209447,724.3685282504132,5813630
2023-09-05,721.9212646484375,723.2333457303056,715.5228297457282,715.8176760568741,12213530
2023-09-06,726.1181640625,727.0223794922638,716.5745610302117,718.9924209716054,6051570
2023-09-07,723.7002563476562,726.1181161294404,717.8522210957714,725.3514557148218,5496220
2023-09-08,728.364013671875,732.2266508624086,724.3686806254426,726.3344029609256,6246420
2023-09-11,726.4964599609375,731.6417831035902,723.5823105675087,729.7743231295806,4068490
2023-09-12,730.3935546875,733.1160990588614,718.0291455802006,729.3811789865681,9635170
2023-09-13,734.7772216796875,737.9567632243945,725.4154448715692,730.1970549512928,5798460
2023-09-14,736.5855102539062,738.2956787915276,729.9757940404857,734.7770796121519,6503720
2023-09-15,736.379150390625,743.5491651694223,732.7769861244444,737.0475487161664,7874940
2023-09-18,741.9274291992188,743.0429861377711,733.7058057564102,736.0548581655213,7066180
2023-09-20,740.97900390625,751.5938917400225,735.4749457779039,736.0302646964345,8441900
2023-09-21,735.5928955078125,745.3674564502168,729.7743745307191,740.0944161907495,6757250
2023-09-22,734.3298950195312,744.7138243392303,732.585292672434,736.5511705751435,5263040
2023-09-25,768.5825805664062,771.5360828084068,738.128645457141,744.5172422553719,23475330
2023-09-26,773.5755615234375,776.4553373010369,764.1744928548624,768.5875295240287,12468200
2023-09-27,770.322265625,772.0373533549691,761.0047620846428,772.0373533549691,7441100
2023-09-28,760.6361694335938,769.4819186375499,758.5770443967978,767.0984326663341,7775050
2023-09-29,767.688232421875,771.3493659605126,759.2601866371162,760.6362161489837,5730050
2023-10-03,783.1043701171875,783.8808087410229,762.2087348542022,764.7445331288019,9445550
2023-10-04,771.9439697265625,790.5150874622753,768.5972992388295,788.7459496664459,11763840
2023-10-05,771.6343994140625,777.9197549651649,769.2755089251057,777.9197549651649,7950610
2023-10-06,802.8549194335938,805.1597597202094,771.0544703225321,771.5459008326166,21450340
2023-10-09,789.0114135742188,799.5574938354318,788.0580071260307,796.3189833524876,7478000
2023-10-10,794.5055541992188,799.5574744585731,788.3528343488326,791.6945859574439,9650240
2023-10-11,796.3091430664062,803.292351870987,795.6702593662415,800.0292458737603,7123720
2023-10-12,787.6943359375,798.771199333929,786.5836981351871,798.5746151231598,7640920
2023-10-13,791.3652954101562,794.4367361901758,781.9691461754835,786.2446277347174,6622820
2023-10-16,789.8272094726562,793.0706993136571,784.5836835419357,790.6430010378662,4382460
2023-10-17,795.429443359375,801.9163623447378,791.9452177008106,794.1517359799951,8382830
2023-10-18,773.172607421875,794.6038859544963,771.5459435486799,791.203165040366,15446420
2023-10-19,770.7155151367188,778.7208784240178,759.8499323152591,770.887503840434,10614530
2023-10-20,763.6043701171875,769.811139884514,759.0144259311589,767.6144598928263,7711530
2023-10-23,766.5235595703125,774.9761410555649,762.8329113315672,766.6316598942002,8822300
2023-10-25,756.2575073242188,772.2289989539518,754.4440975417849,766.5234979119886,7087740
2023-10-26,729.4598388671875,752.4784288702973,727.4351474149955,749.4414216865495,13246300
2023-10-27,737.8533935546875,741.9618053942811,728.9486751442469,738.1237043298709,9119440
2023-10-30,737.445556640625,739.7847707505482,722.6485906569407,737.7158674263693,7992760
2023-10-31,736.4234008789062,744.9791631485516,733.2634762000098,744.0061403048553,7494100
2023-11-01,734.3839721679688,741.9618526846792,732.9834071279228,739.1115315593637,4627780
2023-11-02,732.14306640625,748.448759136408,728.4180442766116,740.094439434951,8550300
2023-11-03,728.447509765625,740.8757472670019,724.6094084728142,739.8978052964578,11387550
2023-11-06,743.2444458007812,744.2174686272203,731.5041635385168,732.8211637315899,6340430
2023-11-07,736.7133178710938,750.905833671463,731.8383055223945,750.905833671463,15630070
2023-11-08,733.20947265625,740.6841122390227,727.9708061165646,739.7995732290068,9167170
2023-11-09,726.0099487304688,735.6714895653901,724.0442266474618,735.6714895653901,7717910
2023-11-10,731.7203369140625,732.6246122247511,722.0539373875191,724.368555842316,4962610
2023-11-13,723.4693603515625,732.231545776428,719.3560889000194,732.0153451214284,7322400
2023-11-15,710.0482788085938,734.806550278549,699.7134807956866,731.1896289270578,19234400
2023-11-16,723.6265258789062,725.4202592853391,681.2455623823744,682.5527843702537,45570430
2023-11-17,709.7239379882812,713.5571200669164,698.6225392602149,701.8119185583575,20800340
2023-11-20,694.7451782226562,711.4931696505621,692.9269091951338,702.8439440356434,19029400
2023-11-21,698.1409301757812,700.6668902043907,690.9512993906667,696.3570350189009,16662250
2023-11-22,700.6177978515625,705.4829121944503,694.4404823849223,696.4996075368289,10414040
2023-11-23,695.2415161132812,703.7285311111779,693.5067519150485,701.2713784187505,6061580
2023-11-24,690.047119140625,699.4825614486899,689.0838744962155,698.6176389050581,7264990
2023-11-28,700.5391235351562,701.2713502089182,690.941471107238,691.4427398345815,7281580
2023-11-29,700.7897338867188,704.5737247555516,699.2122611721935,701.1730640755618,6824300
2023-11-30,699.9837646484375,704.0822781433823,696.420893591343,700.9764638377694,12719340
2023-12-01,713.4932861328125,715.5081394349078,701.9594252646003,703.7285632862186,9004770
2023-12-04,728.0690307617188,729.2828496788335,718.9677284572324,721.4199618116762,11014260
2023-12-05,722.3831787109375,731.2486043744548,719.4591911500976,730.2657433470698,15222420
2023-12-06,729.9808349609375,733.1161644661463,723.8821646559907,726.3343984551665,7018000
2023-12-07,726.4522094726562,731.2485758986443,720.0439366271484,726.3342709530889,6688620
2023-12-08,718.2355346679688,727.1304149766302,714.9331360101247,726.3883501011073,11443880
2023-12-11,716.7760009765625,722.6682480467596,714.5448872440508,719.9457037997088,5900550
2023-12-12,718.9186401367188,722.7960341453627,715.522838440311,715.522838440311,6333120
2023-12-13,713.3604736328125,717.930801097968,708.34790672638,717.4737443558236,6829550
2023-12-14,734.6099853515625,738.2515023197068,717.4984009557617,724.2211369087137,17295670
2023-12-15,738.6250610351562,739.9863333035007,731.7401139948823,739.9814141987059,11739380
2023-12-18,745.7556762695312,747.9572754716156,739.7012184747203,741.86352483001,10827980
2023-12-19,750.1834716796875,751.0630915479164,740.5858188993592,751.0041222830682,7914080
2023-12-20,736.5511474609375,756.3115489154337,733.2290724404545,751.8886743603728,8745460
2023-12-21,724.0885009765625,734.8852151557384,718.0291242426829,729.9315570972,9130820
2023-12-22,717.0266723632812,731.2486433936659,711.8862681231952,729.1797400171289,11294850
2023-12-26,703.95458984375,721.8132193088195,702.2788548523249,719.9457592142014,12258440
2023-12-27,710.8837280273438,719.7884462270607,706.7655380658621,709.6157989529818,16052790
2023-12-28,713.4244384765625,716.5057175184645,707.6599679194711,715.0314259186323,18560640
2023-12-29,720.2160034179688,721.7148304706413,708.1661177899424,710.7706634831937,9128020
2024-01-01,717.3952026367188,721.1202243118456,714.8348088833394,721.1202243118456,3314890
2024-01-02,730.2706909179688,731.7499016209704,715.5277749325007,719.847468512748,11129900
2024-01-03,725.8231811523438,735.7550324740088,724.1916582671515,731.7351045385886,5534050
2024-01-04,757.3485717773438,760.1399238589512,743.0430348331807,743.0430348331807,29118790
2024-01-05,757.8988647460938,765.5504713696421,754.159085769076,760.2380787694465,10526010
2024-01-08,760.3412475585938,769.5801649779694,750.0507216569009,754.5424036371344,11212090
2024-01-09,759.3043212890625,767.6144276969866,756.6063726899448,764.0761521539359,12470830
2024-01-10,754.891357421875,760.2676387082789,752.8715851069942,758.3755831434762,5590720
2024-01-11,753.8297729492188,765.9730610982912,751.9918277235239,754.837229445084,6517410
2024-01-12,752.9747314453125,758.6655352114964,748.6452597952739,755.2304407050533,8086380
2024-01-15,734.9835205078125,756.6015456598244,732.624689855081,756.6015456598244,9972200
2024-01-16,732.885009765625,748.3995039014978,730.0592844530988,734.6885812568169,11947230
2024-01-17,723.272705078125,735.0031491757079,717.704758900756,717.812919206714,13802710
2024-01-18,714.1026000976562,722.5748575152852,711.0017046917606,717.0953951858676,16869960
2024-01-19,719.3658447265625,726.2164178204606,713.6800196312206,723.3857730398738,8308100
2024-01-23,694.9515380859375,722.8942692626915,692.189701061125,722.6878468555501,25332970
2024-01-24,693.43798828125,698.2245168155032,687.6882151214234,698.2245168155032,20636750
2024-01-25,696.4061889648438,700.3671478137676,691.5410147416874,693.4379893694312,11683490
2024-01-29,706.8392944335938,710.1122387539544,696.3669404140974,696.4062332627536,18603610
2024-01-30,670.0360717773438,686.8724880104904,668.8370099737674,686.8724880104904,41531470
2024-01-31,674.5277099609375,680.2381304443337,669.5249806504738,670.3112575177814,18105120
2024-02-01,662.7727661132812,676.2035419300623,661.7603903492395,674.8226532293942,19111370
2024-02-02,673.0927734375,679.1570095332058,663.7260785054747,663.9226627202323,13675080
2024-02-05,649.4943237304688,677.6827748080586,648.6883703746464,677.5845126869691,17712220
2024-02-06,648.5065307617188,658.4187070352854,642.2997602125877,653.4060791870774,24395330
2024-02-07,659.421142578125,662.2124944556805,651.1700645592856,652.7180227774293,15382370
2024-02-08,646.2950439453125,662.2026480141866,642.4667808690072,661.6473291083109,21932090
2024-02-09,654.044921875,656.3251667939016,645.9363179130393,646.7225947842619,12098740
2024-02-12,645.6561889648438,655.7501918311712,643.9214846853449,655.5143147613855,5447840
2024-02-13,649.0469970703125,652.521444312061,644.0786418956026,648.688262402236,9480140
2024-02-14,653.2586669921875,654.1923370643339,643.7740331945284,645.1353054431241,6361260
2024-02-15,650.5950317382812,656.2956137069351,647.2778757664134,653.2094156794338,8808590
2024-02-16,650.575439453125,654.5855297657507,648.8849470599018,653.607587714852,10294310
2024-02-19,659.7750854492188,669.0237828103051,651.1750500754157,653.494588075998,13158810
2024-02-20,664.7679443359375,667.5592963606844,656.6740972687588,659.6865690537347,11067090
2024-02-21,657.4160766601562,667.3626252745478,655.0817817632093,667.3626252745478,8549440
2024-02-22,656.0548706054688,659.1901999401261,644.8551490812519,657.637262592259,10223740
2024-02-23,658.3056030273438,660.3844046685416,651.892470269653,655.9615296677557,12803110
2024-02-26,652.939208984375,659.3032105793618,651.066829803496,657.5340726060406,8920560
2024-02-27,644.3883056640625,652.8163515548347,637.9849512302274,651.7351683564591,11503060
2024-02-28,638.73193359375,648.3688794101897,636.402557602886,645.936322201085,5353210
2024-02-29,638.4026489257812,642.6928879558288,625.7090195996204,638.7614436129006,16990980
2024-03-01,645.8822631835938,649.5433967085272,639.0661239978897,640.0145513455743,9190800
2024-03-04,648.9290771484375,652.614806017726,644.5062025052913,647.5088357587824,3971180
2024-03-05,621.5859375,652.2512167221228,616.4505120966908,648.9291413070297,17175580
2024-03-06,620.3081665039062,623.7138063622585,608.174775903946,622.3967461891045,21047920
2024-03-07,631.1000366210938,635.7735461669716,621.6989673650266,624.1168273789743,14694210
2024-03-11,632.3482666015625,643.9706112243075,629.4242787951517,643.7740270045051,12039710
2024-03-12,632.5742797851562,637.3854039194964,623.2666142466564,629.5225153591942,10946770
2024-03-13,634.5498657226562,640.3290938466544,628.200621347187,632.8888280477473,11321830
2024-03-14,628.7803955078125,635.9110567469681,618.9862193946095,634.5497846856646,12198650
2024-03-15,640.2700805664062,646.5259815011747,625.0996227810242,626.5788334485237,19705000
2024-03-18,639.3167724609375,644.2654517093061,634.5449410229793,640.2701189341543,6764250
2024-03-19,648.3197021484375,655.2930723102747,639.351095315609,639.8130112015571,14080870
2024-03-20,653.5534057617188,661.5636865728109,649.2779246026646,649.6710929813381,14908310
2024-03-21,660.0648803710938,665.5590397031053,654.3053293756749,659.2540080577402,18060920
2024-03-22,664.5025634765625,668.6403701649948,657.1703983395056,659.0083437309488,11252380
2024-03-26,679.1668090820312,682.5969844741531,662.9397638989435,663.8734938740813,18503210
2024-03-27,690.2388305664062,692.8188410569524,678.6656166560375,682.670787796321,15512750
2024-03-28,712.107421875,722.3340598431446,691.1577363233044,691.1577363233044,35745180
2024-04-01,712.667724609375,721.7591908572298,709.6307170458728,713.680100456601,11252380
2024-04-02,708.3872680664062,713.0656962922967,701.2713636175791,712.6676087697674,9676150
2024-04-03,718.3977661132812,719.7836339133266,706.2987478902805,707.3651738222953,9589430
2024-04-04,715.8570556640625,722.4028839726197,713.0657038396403,721.9114534393051,10405890
2024-04-05,705.2667236328125,713.4588924510552,703.3353751870386,711.0754063057691,12004940
2024-04-08,705.5517578125,710.3088320804891,702.0380772613624,709.1343058305621,5182100
2024-04-09,707.0309448242188,711.1343779091848,700.2394010344982,709.6257125194531,7102810
2024-04-10,710.6331787109375,712.9674738493475,703.728555411166,711.1884976381646,5679860
2024-04-12,710.5643310546875,713.9502945889966,703.364861826563,710.0188503676675,10925880
2024-04-15,695.4970703125,707.5420376223908,694.2389793379149,702.2591593281959,7584480
2024-04-16,683.506103515625,691.3739106725683,681.2209396774696,688.9806465210651,9632930
2024-04-18,677.505859375,687.5113787461974,674.8324458358733,680.9360352118061,13851330
2024-04-19,699.7479858398438,702.7457002557055,669.3333413063108,672.2819246640271,12183750
2024-04-22,716.721923828125,718.0782769098266,704.4459986079967,704.4459986079967,11652720
2024-04-23,713.5472412109375,721.4101291384206,711.2768347214397,718.3731222703118,10815670
2024-04-24,720.3536376953125,729.2289024224805,712.574313510096,715.8177432151531,8869290
2024-04-25,716.9873046875,723.8624129994909,700.2983430939023,720.4371566045547,11733540
2024-04-26,661.5833740234375,688.0026818038305,657.6814447513908,688.0026818038305,58147230
2024-04-29,670.9598999023438,672.2376672622329,659.7995318444197,667.3577357399369,16810300
2024-04-30,680.48876953125,685.545609026597,670.5029272702299,671.289204142982,17986750
2024-05-02,676.4738159179688,685.0492548604204,674.7341326068033,681.8942491920023,11395720
2024-05-03,681.2701416015625,727.3171565005983,678.8572009948793,720.3388672379123,68186010
2024-05-06,674.2279663085938,689.9635823284196,672.7684319529418,688.7841369948202,12299880
2024-05-07,675.4761962890625,682.4102740093062,667.1660890612795,677.1863649698947,12981260
2024-05-08,668.2914428710938,676.1641692328135,666.8712014997192,675.3729733110791,7259250
2024-05-09,649.1944580078125,671.5594652131753,647.2139786643316,668.3356522877903,13811150
2024-05-10,656.9590454101562,658.320317559075,648.8062298188113,652.5116351640613,8249080
2024-05-13,660.3598022460938,662.8710051605036,650.6540488735465,656.9443839156904,5122560
2024-05-14,656.1285400390625,662.6301561051438,654.3495639877649,659.4997461478056,7558400
2024-05-15,656.5510864257812,661.6570560406102,653.1159923520653,657.7305315129827,5950590
2024-05-16,663.151123046875,664.6204955248128,650.9537837617775,658.5512805195903,10598510
2024-05-17,661.2099609375,666.3798198757921,658.6201123637711,663.1363902724429,4801580
2024-05-21,662.7284545898438,666.8712404225939,659.0083518103895,659.0083518103895,7616240
2024-05-22,662.8955688476562,666.1291601186391,661.1951784319834,666.1291601186391,4160460
2024-05-23,670.96484375,673.6038233744957,661.4704320251172,664.3698842355865,7093170
2024-05-24,671.9722900390625,679.1570020899736,667.6575155271032,670.311252424547,7420430
2024-05-27,677.7318725585938,684.0271268200833,669.3284219895805,674.1444654679577,6554710
2024-05-28,675.5253295898438,682.5970222821547,673.9380185387291,679.5452578153254,7528670
2024-05-29,669.0040283203125,678.9604157674736,666.9056103357268,676.0118325548276,7213310
2024-05-30,650.30517578125,668.2423915203118,648.1035764339965,666.3700122607348,11555750
2024-05-31,658.2908935546875,665.5886251735003,652.8556429148168,655.0719994789935,28417330
2024-06-03,679.7024536132812,686.8920844600966,671.5840118927728,682.9753976459507,11482120
2024-06-04,639.79833984375,679.7417678387379,626.6427349217323,679.7417678387379,32993870
2024-06-05,671.9476318359375,674.4392180198302,642.3537020576771,649.0814166755172,12185170
2024-06-06,680.7099609375,689.2755618741886,670.5373125067086,673.2598569642232,14657160
2024-06-07,706.8147583007812,717.3903535213062,682.2038775302885,687.5113515594035,29840520
2024-06-10,696.7354736328125,712.5742700509335,695.398796985682,712.5742700509335,8723180
2024-06-11,701.5760498046875,704.6131168708044,693.0153083886406,696.1604757738193,12052130
2024-06-12,709.404541015625,715.227980596686,699.3056199781456,702.5490493660336,12685080
2024-06-13,716.9921875,719.94568963339,710.8198515531618,712.7904326877381,13454950
2024-06-14,721.5723876953125,724.3685986061649,712.2794196096036,717.100321897187,11874880
2024-06-18,720.8991088867188,730.2117538887596,717.4886096329486,723.8772068420091,9469040
2024-06-19,710.996826171875,722.2997288463706,705.4878489018611,720.8991037845706,5204000
2024-06-20,708.3578491210938,714.0387551180061,698.9125083031354,709.625718351442,9001580
2024-06-21,704.7177734375,717.6332076427301,698.8650989776071,715.0945667621459,14998180
2024-06-24,699.5416870117188,702.0210624177417,693.4864980824194,698.9638051600815,6356540
2024-06-25,698.8107299804688,705.2857197950198,691.2590169511345,701.4332946884508,15608110
2024-06-26,707.0835571289062,709.162846702125,694.9139132051131,698.3711963553873,9125520
2024-06-27,707.9280395507812,715.0648953054446,699.660199406663,706.2734948202619,11376060
2024-06-28,702.8705444335938,713.7807245759999,701.8580906168519,707.7551985024683,8295840
2024-07-01,718.7938232421875,721.4856011982937,698.8650681621814,698.8650681621814,7727450
2024-07-02,707.8145141601562,718.7148074805743,703.5077416304641,718.6209958774693,12810270
2024-07-03,717.020751953125,719.5742241333493,708.24912615328,710.2197726643374,8363930
2024-07-04,702.031005859375,723.5599854038808,701.3345933607582,721.1941966024156,18979770
2024-07-05,705.0881958007812,706.2636744905525,699.062669247305,704.6931138982285,9310790
2024-07-08,701.1617431640625,706.0414538864015,696.0992927404816,705.7747298882841,6777050
2024-07-09,698.1785888671875,705.5228438703084,695.6054016280691,702.3075656261149,9735030
2024-07-10,696.884521484375,704.2337196744497,693.5309377200107,698.1735868961733,8097140
2024-07-11,686.5473022460938,700.1393130682804,684.5420491224842,700.1393130682804,9718010
2024-07-12,691.88134765625,695.9016811398202,683.065288026329,691.1553326927788,10688330
2024-07-15,697.7537841796875,699.8528488286088,690.9874116627859,693.4371242895946,5333730
2024-07-16,697.29443359375,700.3467470727272,691.9702636643643,699.3589519428645,5582000
2024-07-18,702.3223266601562,703.1026630964072,688.606781843992,696.1091170922163,8646050
2024-07-19,684.7691650390625,702.3223029297721,682.5664013002427,702.3223029297721,9385980
2024-07-22,680.0228881835938,687.367142972546,676.5804364334842,684.7396343081177,5751930
2024-07-23,664.4996948242188,686.0088979689281,653.9203870988464,684.9371788205336,19322120
2024-07-24,652.6510620117188,657.3479722163322,646.1216906202877,654.9081472736418,31006260
2024-07-25,656.6615600585938,658.4642380166149,647.1490877221169,647.9936333019148,9509650
2024-07-26,670.6881713867188,672.5304599400265,658.5729099900292,659.3581902337322,11101840
2024-07-29,672.9304809570312,677.1335540112017,668.3174946329967,674.056581862241,7485650
2024-07-30,674.0319213867188,681.479935815656,670.0214752673813,672.930539379953,11794130
2024-07-31,672.38720703125,677.1335553521733,671.0092135447715,674.3627972729777,8896590
2024-08-01,668.9002685546875,676.04701215206,666.7617137993547,674.8122682376168,8395230
2024-08-02,664.292236328125,666.7617241955157,659.1655771038124,664.292236328125,6222180
2024-08-05,651.6187744140625,656.8837391595678,645.2870343733225,656.8837391595678,9440410
2024-08-06,645.8551025390625,661.5264638920981,643.2028748130365,654.513081730169,8918280
2024-08-07,655.6144409179688,657.8073170658528,650.0778084729936,651.9447556520154,4642840
2024-08-08,650.1864624023438,659.6545001493494,649.1147433035685,654.4191981724056,6903890
2024-08-09,653.7425537109375,661.8227103124623,651.0557197151685,661.8227103124623,6994900
2024-08-12,652.7498168945312,656.3898394011967,648.3936670614199,653.8314235822261,6748870
2024-08-13,638.614501953125,656.3849268793009,637.3451514354092,656.3849268793009,10723270
2024-08-14,637.9674682617188,641.074103275779,635.2460878226439,640.338200718303,7742760
2024-08-16,651.0458984375,651.9447654500414,634.6583512146235,642.5607120079574,7534190
2024-08-19,653.5598754882812,657.4764496259719,651.3126173310774,655.6984303547882,5287300
2024-08-20,664.015625,669.1225693206712,653.559851951242,656.6219927918777,9571590
2024-08-21,665.3145751953125,666.4949976261717,661.3288483205148,663.9909634660577,6331110
2024-08-22,666.1295166015625,668.2434126722802,664.1835891137271,666.7617199612553,7282600
2024-08-23,665.364013671875,667.9470883265949,662.3117001496897,667.2556196678566,6180450
2024-08-26,669.5621337890625,673.5775234049675,667.3593096513421,669.3299561128887,8983430
2024-08-27,677.9830322265625,678.946168625842,664.7861041240081,669.5621151500945,20359020
2024-08-28,681.5786743164062,683.2579381807396,676.8372695096431,679.2079417679081,8489860
2024-08-29,697.7339477539062,707.063679162494,679.7561262176957,680.4969724993601,26391590
2024-08-30,711.2273559570312,712.6991611183636,698.4748865110748,698.4748865110748,20443670
2024-09-02,734.9244995117188,735.9073508147565,714.0771031818463,718.5221811397878,22963780
2024-09-03,726.40478515625,736.8951645794576,711.8150318408045,736.8951645794576,18986560
2024-09-04,721.0410766601562,728.6964890180799,715.6823000676559,716.6404324170142,8867460
2024-09-05,715.647705078125,723.7229184446853,710.5210457914444,723.0660563684515,6734470
2024-09-06,722.7845458984375,730.4745045197369,716.6996940860888,716.6996940860888,18428270
2024-09-09,725.7775268554688,728.7902899393019,717.4158748553723,723.4611762184819,8789380
2024-09-10,715.346435546875,728.0000891351112,710.5210465437442,728.0000891351112,13089320
2024-09-11,725.5899047851562,734.1294136865873,711.8348685147892,716.1515287684227,11048900
2024-09-12,733.7638549804688,734.9195583724518,720.7545500341854,732.9439681617731,14467640
2024-09-13,750.5761108398438,756.6510750493478,726.2269968834776,733.7638786030753,22084380
2024-09-16,725.609619140625,758.6266592783863,723.2636057086117,758.6266592783863,26795550
2024-09-17,727.5604858398438,736.4012642493745,719.7223339498852,724.7946715532911,15677860
2024-09-18,753.7963256835938,757.8858119833055,728.8446111030438,729.7089318400728,29749930
2024-09-19,749.7710571289062,765.3436619716622,746.7731254084403,758.1327695118755,17206440
2024-09-20,748.99072265625,756.1571812350007,739.5868936111133,754.1815909509119,16450040
2024-09-23,750.2402954101562,754.275399965835,743.9776477033498,753.2678899217586,5734970
2024-09-24,746.2001953125,751.0650743680783,739.2560267590992,750.4279874937021,10695400
2024-09-25,753.0851440429688,754.6754797334848,740.6537206206248,745.2914259933434,12720380
2024-09-26,767.35888671875,768.4454373750795,749.4945879603603,754.6755692111102,16681650
2024-09-27,766.1339111328125,771.4680291766314,761.6888328597078,768.5046436612281,11781310
2024-09-30,760.8986206054688,772.8509785441532,758.2463929395738,765.1461278521774,9619520
2024-10-01,760.8986206054688,771.9273924557751,755.7620735742294,756.661000957069,7882880
2024-10-03,734.3120727539062,760.6022297904203,729.0915418687258,751.7120738578051,10406620
2024-10-04,712.3336791992188,733.9318109337596,706.767443772685,732.9440157642659,17681110
2024-10-07,718.0678100585938,723.4611932918863,710.2543769355849,712.3336664372425,9362270
2024-10-08,709.9234619140625,720.636071668489,707.2662904765282,717.6183646378148,9038050
2024-10-09,721.1348876953125,733.6156889632591,711.8150429404045,712.7929504847309,10543750
2024-10-10,723.036376953125,727.8074443425531,718.4233905480286,723.0660397465236,5594270
2024-10-11,721.2880249023438,724.0538392424954,713.7856894463122,723.5599416713886,3615870
2024-10-14,712.081787109375,722.4585801954336,711.2125225363897,720.3694030569201,4451810
2024-10-15,693.1259765625,716.7589633095673,689.382254673613,715.6476937732767,14855670
2024-10-16,687.1448974609375,697.3191755758832,683.5542523990803,692.4444088609181,11256980
2024-10-17,681.529296875,691.3380957829829,678.7140444363072,689.5748476231796,6897550
2024-10-18,681.5342407226562,685.3964933511593,673.7454660770677,680.8872059400413,7449290
2024-10-21,669.8140258789062,686.5917116835217,663.5266592359529,682.4726228748415,22099660
2024-10-22,659.6397094726562,674.9604220804397,656.2565231011339,671.7007101041571,17006190
2024-10-23,691.041748046875,701.2209698346917,652.0435545202597,652.5127933907359,26373910
2024-10-24,695.4967041015625,703.5916321887945,690.52806562626,692.6913393865416,8951250
2024-10-25,682.581298828125,697.3784512893944,680.9168663661874,695.4967328277893,10223240
2024-10-28,682.6998291015625,695.9017019918477,679.1091839877862,683.5542622829789,7149810
2024-10-29,693.6791381835938,697.383369964567,671.917982274992,682.477514750229,14097500
2024-10-30,687.0115356445312,693.4766381030124,684.7396188284117,691.3578584764198,5660440
2024-10-31,680.566162109375,688.572283065161,679.5783669263487,686.4188968009918,7301530
2024-11-01,683.9098510742188,685.9793133112603,681.7762400295964,684.542054454193,450110
2024-11-04,676.0173950195312,688.9871507960871,667.0481977379382,688.9871507960871,7162390
2024-11-05,684.5765991210938,692.9333679638733,663.0081301696454,676.1457938727494,12234300
2024-11-06,692.0690307617188,693.8371623695832,680.8180295727112,685.0359341414089,6962620
2024-11-07,682.023193359375,695.3041067750942,678.6152879339744,692.069053447962,4590470
2024-11-08,681.1785278320312,686.6707264246178,675.7505986222902,682.0231336334226,4248400
2024-11-11,669.6065673828125,681.9934966054809,666.9741150664933,677.62745901322,7623160
2024-11-12,655.7182006835938,675.3407421999111,653.4265086414368,673.577554339216,10572330
2024-11-13,648.5862426757812,662.0449509990211,644.6943275453784,655.4020530252933,8673470
2024-11-14,646.9218139648438,655.84163276405,645.0302080301566,649.2085620603577,5277030
2024-11-18,648.7789306640625,657.575275848004,647.4997527629816,655.2045432549749,5965350
2024-11-19,651.4805297851562,656.3700672870373,648.0923395443336,651.3866578999475,8040460
2024-11-21,638.6737670898438,653.3277296958628,637.2266206820782,653.3277296958628,11010800
2024-11-22,660.2373046875,664.0353477899366,637.7254164707083,639.1034098853582,9698550
2024-11-25,660.3805541992188,677.9238058776207,658.59264737221,670.7030256735958,11327510
2024-11-26,653.7178955078125,665.7541773873521,652.7794780269845,663.9959333145356,6632780
2024-11-27,662.3363647460938,665.1120664607204,653.1547662291734,656.8837167070218,6420100
2024-11-28,642.9954223632812,664.4157592788787,641.5729948360998,663.2057342515176,15768820
2024-11-29,649.5642700195312,652.8338697094714,643.0892194488209,643.9437129378866,7096430
2024-12-02,656.947998046875,658.3654817061558,641.1778216085368,651.4509155066913,9202490
2024-12-03,659.397705078125,664.0354106023556,654.987233438699,661.4424482999739,13136660
2024-12-04,665.77392578125,668.1841483396045,658.5482019051158,661.9955973046382,11304410
2024-12-05,676.67919921875,680.581002300163,660.3855222874306,667.7495523533025,13482430
2024-12-06,676.6693725585938,685.0359689356256,669.5917813882386,679.2030093595938,8332070
2024-12-09,678.4522705078125,684.04810805551,674.4565959117224,676.6495323888263,8409100
2024-12-10,685.1544799804688,687.3918505068708,676.05198126489,680.0771983445102,12045630
2024-12-11,702.826171875,707.7552602728915,680.8971063932851,687.4955710895426,19931040
2024-12-12,703.883056640625,706.1154832365356,698.8650405985965,703.492858279149,9667960
2024-12-13,709.5134887695312,712.9163898115789,689.5402406260429,701.2357610619541,12504360
2024-12-16,712.0422973632812,715.9539276534395,706.8760876232477,709.5135441379405,7960740
2024-12-17,706.5501098632812,716.8824080497986,702.3223178852251,711.2124738078229,10318560
2024-12-18,698.8107299804688,709.1183697061999,697.422848889461,706.1747595242988,7275140
2024-12-19,683.4110107421875,693.8717881614369,680.3784723235021,686.5176458569614,9076750
2024-12-20,676.4668579101562,693.8273705571869,672.1649688294386,682.8974142896967,27000190
2024-12-23,678.289306640625,689.1748289337928,677.2274147526948,681.2823550074224,5829280
2024-12-24,672.5106811523438,682.5664282438878,671.1080289625424,679.8006139646213,6014270
2024-12-26,673.2564697265625,677.4298799847502,671.705624156204,674.703555812157,3290960
2024-12-27,682.3442993164062,689.1551066813996,674.7036571096293,676.3285996158594,5554180
2024-12-30,680.41796875,690.9626693369464,678.1213330948016,681.5786159292252,4908760
2024-12-31,673.9725952148438,679.3067129543762,670.9104544730343,678.6103005167183,6153980
2025-01-01,685.0656127929688,686.3151278617189,672.2933681968553,673.9726320429301,4187210
2025-01-02,729.9015502929688,733.9317712478415,688.5919513036531,689.4809910242172,31716510
2025-01-03,731.6845092773438,740.8463330454305,726.9431048038988,729.9558678335711,15059280
2025-01-06,725.9652099609375,750.7144096573271,722.7449881973278,740.846345975372,19059760
2025-01-07,726.4196166992188,735.6011555232448,721.2336922825674,726.5183720958249,10425380
2025-01-08,726.5628051757812,729.8274608319443,716.8132721066917,727.199952324839,8444660
2025-01-09,718.863037109375,726.56288407034,714.7686065751845,724.88856391536,6681410
2025-01-10,719.9100341796875,727.7136399495483,715.6625271097332,718.8629737364873,8089630
2025-01-13,706.3673706054688,716.6552960681491,704.6931108182054,715.1637156887145,6642740
2025-01-14,724.5477294921875,729.7830316349712,710.3382868685931,714.1758806037512,9980110
2025-01-15,708.9801025390625,726.0294569849003,701.8482502818697,725.0910395062609,6817500
2025-01-16,717.1145629882812,720.0039120466387,710.6248018802831,711.2125110577488,8608490
2025-01-17,709.4443359375,719.6037819483143,706.8958077145378,713.286813031348,6652740
2025-01-20,734.929443359375,737.8829410674118,709.4443417901928,709.4443417901928,10679710
2025-01-21,720.265625,739.3646658277696,718.8778041725794,735.907382821227,10032060
2025-01-22,730.6868896484375,732.9686939513183,717.173799426706,724.9428586460236,7273680
2025-01-23,735.2406005859375,743.2170580842985,723.5599114589471,725.1403595044043,10302950
2025-01-24,734.7813110351562,741.3402855259882,724.8737566914398,735.240662323378,6796870
2025-01-27,720.6409912109375,738.327492197745,717.1392743078752,729.002703629846,6928100
2025-01-28,751.376220703125,761.2739472466138,725.5355265046696,729.9806046112333,24789330
2025-01-29,766.4945068359375,769.1961121605289,747.657245679247,756.3794336352531,15149200
2025-01-30,780.5211181640625,814.9951923600901,775.4191780157412,775.4191780157412,56488830
2025-01-31,778.8864135742188,788.3247896059693,769.5912268510899,782.8277068303086,18335460
2025-02-01,790.2459716796875,801.0968864395863,768.9392240277938,778.3825428209669,16153780
2025-02-03,832.2964477539062,833.6299470797163,782.4374517797528,782.5510385746632,43369260
2025-02-04,837.19091796875,838.6380643601586,820.1662833933553,832.2173960228901,19663000
2025-02-05,840.559326171875,848.3875904449388,834.2423570824784,839.6258525480382,18674930
2025-02-06,840.3469848632812,855.707248339586,835.8723039919615,843.0091001420255,17094730
2025-02-07,837.082275390625,848.0221185056897,828.1575729250835,848.0221185056897,9665400
2025-02-10,818.5660400390625,838.4404727202495,811.9675759752106,837.5317181052883,12438380
2025-02-11,809.122802734375,825.3127805987341,804.0010870128829,819.7712639735593,9630590
2025-02-12,811.3798828125,818.289504882036,792.7055870529578,805.018479801986,14837310
2025-02-13,830.636962890625,839.4283035212114,809.7006375236457,809.7006375236457,18003130
2025-02-14,828.9873046875,835.2400648701193,818.0919555306888,830.592471806726,8633150
2025-02-17,832.3753662109375,838.4404424034875,811.9922656084815,811.9922656084815,8627990
2025-02-18,836.2575073242188,837.6502719326318,825.8658832427468,832.7112962726517,8689770
2025-02-19,833.644775390625,842.4904977370978,829.7479163344409,835.5907028741462,8961980
2025-02-20,829.693603515625,835.240063629847,824.3792607917218,825.3868311363984,7900700
2025-02-21,829.4219360351562,831.7531784078093,818.6846075867305,825.796744718911,6086470
2025-02-24,825.2979125976562,829.6491792179099,820.9614773744621,822.6357974059295,3552600
2025-02-25,838.51953125,842.25830927362,823.6285076698499,825.2978838441362,10985410
2025-02-27,859.9151611328125,863.2341986302015,843.8338875734571,843.8338875734571,18382830
2025-02-28,842.618896484375,856.4183653113857,840.6185872589921,855.924467753536,17545800
2025-03-03,852.2548217773438,854.5218550816613,833.5114327063873,843.1819256317436,8749960
2025-03-04,848.1159057617188,851.4102241278725,840.974166474716,841.8187119931561,7655060
2025-03-05,819.7415771484375,839.6258988466961,812.0663893449291,835.1808205586842,16300920
2025-03-06,830.8197021484375,835.6549183911609,817.4548048826118,826.2906396991598,8814220
2025-03-07,830.1924438476562,836.6624900063057,826.4338905459149,830.7258315228701,4729460
2025-03-10,824.0779418945312,853.2474995677616,822.4431120803501,833.476826650836,10164530
2025-03-11,823.8656005859375,827.2784497584448,811.1033039497349,820.36388361121,8135670
2025-03-12,838.08984375,842.0459680567951,817.158462597569,823.9297789001807,20882230
2025-03-13,831.7679443359375,845.5526424382605,829.056451491524,839.6258715800483,12173510
2025-03-17,847.5628051757812,852.4622909408794,828.3650083902048,829.6689052540672,11020850
2025-03-18,847.5628051757812,847.5628051757812,847.5628051757812,847.5628051757812,0
2025-03-19,862.503173828125,877.0633247665322,857.6630138391963,859.3817677282159,12898200
2025-03-20,857.3716430664062,866.1037184214129,843.6906440780284,861.8512675396124,7924330
2025-03-21,880.72802734375,897.8070442304975,872.3218808932932,892.9618800357553,27448010
2025-03-24,897.9107666015625,900.3753107639236,881.8047733514692,898.4935319979464,14332170
2025-03-25,895.6585083007812,914.7032272012123,886.7486372935051,901.3630492491071,17482600
2025-03-26,875.7841186523438,901.5507774029766,874.1937828960345,899.0961208716863,8862110
2025-03-27,889.3959350585938,894.4879876445449,871.4575415882898,875.2852477484015,20920440
2025-03-28,883.6420288085938,891.8703793064569,875.2852601177451,888.7785756573137,9770990
2025-04-01,859.2039794921875,881.6071661259728,856.5171453492644,867.6101258150749,11834240
2025-04-02,856.3442993164062,865.293720973837,850.6891961924046,862.3451669174347,6464950
2025-04-03,848.9703979492188,865.802404740781,835.6944293998845,854.4427610961501,13966330
2025-04-04,861.2437744140625,868.9633958369621,847.9035962386396,855.0354482029139,18496580
2025-04-07,846.3428955078125,849.5532298327297,820.5762969041879,823.821177532594,13981240
2025-04-08,871.45751953125,876.4705917882363,854.4427728243368,854.4427728243368,14775630
2025-04-09,862.9181518554688,873.4085321068006,851.9733641054627,870.7414729959019,10487740
2025-04-11,881.221923828125,886.3979608089876,870.3166869895953,871.7341706295462,10097220
2025-04-15,902.9434814453125,917.6616526272227,896.4734355650285,914.2537474566216,12633610
2025-04-16,894.5966796875,905.9563236328113,885.459574774967,903.783162298271,7198220
2025-04-17,905.0672607421875,907.7836972682895,884.2741859367974,892.9667707622783,11415130
2025-04-21,916.0317993164062,920.1311732650805,902.9929516955591,905.8081437295533,7824150
2025-04-22,914.7476806640625,927.8359663166384,911.7349175341573,918.1555859674964,11293580
2025-04-23,920.92138671875,923.4402522396816,903.8325430449087,916.8714508058976,10818710
2025-04-24,918.748291015625,954.2101627967319,915.9824765148408,950.2589819984017,18496710
2025-04-25,900.0789184570312,923.0451548198237,888.0278060279718,919.6866273216463,10893540
2025-04-28,898.2021484375,901.3631050832358,889.0650429887111,896.918026756798,9946560
2025-04-29,898.2021484375,903.4374508528135,885.0644845529637,901.8570026750623,11768180
2025-04-30,852.9117431640625,877.9523263599593,845.1575149820685,873.2109216488716,39690570
2025-05-02,876.0260620117188,880.6193333516859,846.1452601789779,847.0836775838369,18933030
2025-05-05,882.2987060546875,892.2754137000868,875.7792214027384,876.9152100263294,8930610
2025-05-06,869.0128173828125,886.4474265819485,864.3207902358181,880.2242686600637,12040870
2025-05-07,887.6821899414062,888.7687405567515,861.6537499732442,864.3208090993693,11635570
2025-05-08,872.4700927734375,896.3747481885373,866.7902704881873,886.743745183113,12018090
2025-05-09,854.7150268554688,868.5629735214347,851.1541504331229,855.6052761471834,12151340
2025-05-12,892.0549926757812,893.1925266870196,872.9646218431894,875.2891347417517,10638220
2025-05-13,894.3795166015625,906.3975195067259,889.3348713613016,890.6208003889055,13363000
2025-05-14,898.2371215820312,901.1550937709037,891.412098554703,894.6762452523169,7594000
2025-05-15,908.870361328125,911.4916038712305,892.9946921848513,900.0670603030197,10385000
2025-05-16,906.7437133789062,918.514430995986,903.430061578627,908.8703259586581,6251920
2025-05-19,915.4976196289062,918.8607164889439,906.7437633385294,906.7437633385294,7162740
2025-05-20,898.039306640625,920.8883929945976,897.0501676578166,919.701414140777,8106160
2025-05-21,909.7606201171875,917.9210170902419,893.0441464113619,900.1165146035777,7321500
2025-05-22,903.97412109375,909.908954862947,897.1984829838995,909.7605598698166,6159740
2025-05-23,914.3106079101562,918.563953895906,901.2045161972959,903.9741536872501,4251690
2025-05-26,916.8823852539062,923.5096284630482,914.9535521775681,915.4481216652316,5476790
2025-05-27,907.139404296875,918.9101832146195,904.3698270139519,916.9319051022092,7150000
2025-05-28,916.6845703125,919.3552576929596,904.1719377854458,914.4590075574926,6507400
2025-05-29,910.403564453125,917.8715518672628,906.0513286817348,914.9535797277344,7081750
2025-05-30,912.4410400390625,914.7269757525836,906.5273802181192,911.3974672853087,15041740
2025-06-02,906.2788696289062,910.9004839103733,898.4768548335816,907.4218677688716,6619630
2025-06-03,892.4141845703125,907.2231146375449,891.5196589753353,905.0365436982427,9080270
2025-06-04,893.2092895507812,898.4272140043767,890.973036213526,892.0166089717943,5544930
2025-06-05,887.941650390625,893.2092570386384,881.5310455913839,893.2092570386384,7853320
2025-06-06,931.4243774414062,937.6361922067621,882.1770614518629,889.0349292177171,19783860
2025-06-09,954.880126953125,972.8198351344962,934.5550577338245,949.1652576010766,23496010
2025-06-10,943.9473266601562,964.0736055386697,942.7546461497201,964.0736055386697,9044040
2025-06-11,936.7416381835938,951.1530480018029,934.6544927506848,943.2019253434805,11860810
2025-06-12,931.1261596679688,947.4756682253494,929.7844319466296,939.1270255972054,12388330
2025-06-13,927.3990478515625,930.8279816417149,909.1115020745027,909.409657042722,10182020
2025-06-16,932.2691650390625,950.1591916602812,919.3485902570712,950.1591916602812,7016290
2025-06-17,917.3607788085938,937.7355306672895,911.8943819684558,935.7477499981485,6110175
2025-06-18,913.38525390625,926.8027739581917,909.4096924093784,921.3363768999933,5002923
2025-06-19,894.9982299804688,916.86381694279,888.5379429234192,913.385200835148,6585940
2025-06-20,899.4707641601562,901.9554900280019,880.5868475645286,891.5196413830498,14320241
2025-06-23,909.9066162109375,912.3913420880837,885.0593574394755,893.5074254217726,5870597
2025-06-24,910.9005126953125,930.2813746675532,908.9127319802109,914.3791289467403,11555634
2025-06-25,922.3302612304688,924.3180419658793,910.4035768180058,912.3913575534164,6623799
2025-06-26,945.6866455078125,947.6744261604825,922.827168002106,924.3180034916086,11677790
2025-06-27,941.2141723632812,953.6378018823319,930.2813783865166,944.1958434478533,21637194
2025-06-30,930.7783203125,950.1591822944474,928.2935944173786,950.1591822944474,6086081
2025-07-01,930.9274291992188,936.0459281516897,922.3302533273331,926.8027599436833,5381327
2025-07-02,917.3607788085938,934.1078066812064,908.415765797459,927.299682154299,9394493
2025-07-03,904.5892944335938,918.8515961884932,899.6695252420488,916.3668704010717,7606558
2025-07-04,919.646728515625,934.9526641670823,913.3852314444845,916.3669024938135,10613046
2025-07-07,919.000732421875,923.6222861320559,912.4907021276991,919.348569777971,3383973
2025-07-08,921.982421875,923.8210947863812,913.1864557424574,913.1864557424574,3851432
2025-07-09,934.8532104492188,940.2202424405239,918.3546554070233,920.8393812062847,5341529
2025-07-10,941.8602294921875,945.8854733415554,936.4931972515277,937.2386150259385,5409906
2025-07-11,927.796630859375,941.3632582428945,925.858532567122,932.9648727512993,4278038
2025-07-14,913.2361450195312,926.3058276901469,905.7322848353934,926.3058276901469,6657978
2025-07-15,922.7278442382812,924.9143545235808,912.3913601201664,913.3852504906677,3892075
2025-07-16,916.118408203125,921.336332415836,913.7827902013834,918.3546614371439,3952491
2025-07-17,917.658935546875,920.5909241719648,910.4035482229633,920.2927692034689,4583882
2025-07-18,936.2446899414062,939.1269961604789,914.3791027028597,914.876047867372,7893820
2025-07-21,942.6553344726562,945.189742786162,931.6231149576104,933.1636935624069,4660232
2025-07-22,946.730224609375,956.1225003890987,934.2569130621131,949.165268057785,6237382
2025-07-23,962.384033203125,965.0178669487034,947.8235756790004,948.1714130436221,9694991
2025-07-24,953.0911865234375,964.0736630264946,948.1714170384288,964.0736630264946,5189112
2025-07-25,908.1672973632812,919.2491989092772,892.5135245222726,900.8622276357114,24415481
2025-07-28,875.1204223632812,908.1672753372495,873.6295868907714,903.69476891972,14011284
2025-07-29,881.1334838867188,888.5379791789943,868.163226860013,869.7037447809487,11323854
2025-07-30,879.44384765625,887.1464978312954,869.6540520212546,885.5066151591211,5054496
2025-07-31,875.816162109375,882.425496339971,862.6967977530308,866.6723590329987,6999179
2025-08-01,870.2503662109375,890.3766457988038,867.6662755657916,879.3941695635544,5300299
2025-08-04,879.89111328125,881.3322664188398,868.3620095050362,868.6601644770973,3969985
2025-08-05,886.4508056640625,888.1403706877749,877.0088475708995,883.5684994549333,4446791
2025-08-06,871.2940063476562,890.0288153255085,869.2564825845568,882.5746376427153,4212648
2025-08-07,873.72900390625,876.6113102570308,861.951427234025,865.678516138179,5998002
2025-08-08,871.7909545898438,882.8727957198508,870.6479564095645,871.6418467707626,3736916
2025-08-11,872.4369506835938,882.8727995211062,867.4178164703837,871.7909583433857,5367926
2025-08-12,847.7884521484375,879.493577964962,846.2976166522797,871.840610285568,8257312
2025-08-13,854.7456665039062,858.7212277434593,843.8128730951354,849.3289521825652,10117225
2025-08-14,856.1868286132812,861.6035429917359,850.2234866910745,854.7456755162978,5379250
2025-08-18,899.6695556640625,914.0312833334461,869.6540550045962,869.6540550045962,16277779
2025-08-19,896.7872314453125,904.340834340714,885.0593376992107,900.4149554099347,5764382
2025-08-20,882.3758544921875,896.4891098168773,880.6365463522989,895.0479566542332,5561646
2025-08-21,890.128173828125,895.7933609596045,878.5990700248271,882.5746314276544,6697533
2025-08-22,889.034912109375,898.3775056015852,886.5501862510481,889.5318572810404,6424895
2025-08-25,895.29638671875,902.4524091439717,892.6626137722333,896.5884320002725,5837876
2025-08-26,870.8964233398438,896.3897352037943,868.1632248643122,894.4516368796031,6712926
2025-08-28,871.4927368164062,879.0960223258443,864.386457148603,864.8834023279845,8349342
2025-08-29,872.4866333007812,882.5746447779533,865.5294007405946,865.5294007405946,5672446
2025-09-01,883.9163818359375,889.3330965188461,872.4866425092836,872.4866425092836,4101526
2025-09-02,884.6617431640625,894.054018752533,880.7359249582778,889.531829961714,6103185
2025-09-03,890.8239135742188,893.358321848498,874.673195296038,887.2459325590307,5493809
2025-09-04,929.0390014648438,942.2080485570173,906.6764686668133,909.4096671199059,21738706
2025-09-05,931.87158203125,936.5925612653656,926.3058202517205,936.2447239024901,5467260
2025-09-08,938.5306396484375,943.8479893858586,929.9335245707231,931.8715622116007,5657331
2025-09-09,942.6056518554688,943.5995422261885,934.2569484765216,938.2325099594004,5417393
2025-09-10,962.0361938476562,963.7258196057238,941.9099138954552,945.2394223633869,6836239
2025-09-11,964.3220825195312,969.9375870897502,959.7004682688378,962.0858293005991,5982627
2025-09-12,997.1204833984375,998.4622110922587,964.9184121242076,966.3098828648202,11412561
2025-09-15,1003.6801147460938,1019.4332520431325,992.001903493552,992.8964290458812,9989753
2025-09-16,997.1204833984375,1009.096849860506,993.8903397941067,999.7045740170013,7602155
2025-09-17,1001.3445434570312,1005.6182598971513,994.2382030772733,1003.8292693713166,6995023
2025-09-18,990.4117431640625,1003.630472811925,983.9514558278192,1000.8475919379939,9738376
2025-09-19,986.386474609375,989.9147731644083,982.5599604241896,984.9453214918962,6736440
2025-09-22,1000.3506469726562,1004.7237888199518,982.9575656790432,983.9017736531472,4250045
2025-09-23,1019.2345581054688,1022.5144448037238,992.8964637224411,992.8964637224411,10230040
2025-09-24,1023.4585571289062,1029.6703716295672,1014.1657069008178,1015.2589619880337,6433184
2025-09-25,1006.5624389648438,1024.8003023869387,1001.8414598633053,1013.7681439092971,16731453
2025-09-26,979.0813598632812,1004.3261990270311,975.0561160768209,1001.891155536227,9109737
2025-09-29,984.8956298828125,991.7037543454866,975.1057737823071,983.9514219414285,5804877
2025-09-30,992.797119140625,996.1763100158497,983.4048429711578,983.951470544565,7182200
2025-10-01,981.66552734375,993.8903667219796,971.7763060624155,985.4422986048428,6932272
2025-10-03,983.7029418945312,986.137985305225,966.0613887562358,969.0430597091871,7692197
2025-10-06,1002.7360229492188,1016.7498529626885,986.038616130292,986.933141732111,9299635
2025-10-07,1010.3392333984375,1023.2101256938167,1002.7360085412411,1002.7360085412411,7991437
2025-10-08,1016.89892578125,1021.7192696660381,1005.8667066083218,1005.8667066083218,4448915
2025-10-09,1017.8430786132812,1022.7131655713794,1008.7490183488464,1016.7498234980768,4444154
2025-10-10,1017.5946044921875,1021.2223285128763,1010.786479900336,1011.8797350138916,3714548
2025-10-13,1030.415771484375,1033.645914968652,1015.2589443658443,1017.5945623126523,7684523
2025-10-14,1012.92333984375,1035.7330740667676,1005.1709468489393,1033.6459286680113,7668358
2025-10-15,1053.4244384765625,1056.5054743909757,1012.1779876889561,1019.7315303152786,10205158
2025-10-16,1059.2386474609375,1074.4948401686147,1052.3807797360498,1055.5115586239883,9901992
2025-10-17,1063.56201171875,1069.873191012859,1049.6475471792012,1049.6475471792012,5761670
2025-10-20,1074.3955078125,1079.8619049382805,1065.6492238814471,1074.8924530057527,5700858
2025-10-21,1079.86181640625,1082.3465421688047,1074.3954197286298,1078.271616183115,911624
2025-10-23,1087.465087890625,1095.764047568763,1077.2777123916862,1083.3404189115208,11143407
2025-10-24,1083.092041015625,1091.8879466089368,1080.7564228887977,1086.819129938597,6440277
2025-10-27,1077.774658203125,1087.3159807528757,1069.1774829021078,1084.2845668288383,7366175
2025-10-28,1066.1959228515625,1085.7258934078031,1056.5552345352612,1071.4138474332178,12324341
2025-10-29,1056.4556884765625,1072.5567847808404,1054.766123428199,1065.4504445842445,5386803
2025-10-30,1045.870849609375,1060.282259488358,1038.6154016232579,1056.5054276799265,4271927
2025-10-31,1036.428955078125,1062.9160371127934,1035.0374842566753,1045.5726982056322,5315632
2025-11-03,1036.72705078125,1041.5971380005442,1024.701001220001,1030.6643436131337,4135617
2025-11-04,1050.5421142578125,1053.9213657587372,1028.6765262600152,1033.6459780776963,6202540
2025-11-06,1035.534423828125,1046.3678533672753,1028.6765558575062,1030.6643366417718,5776277
2025-11-07,1060.0833740234375,1070.3204926848425,1027.8813039076636,1032.6520258968524,6940923
2025-11-10,1078.3709716796875,1081.3526425691243,1056.406020392402,1060.0833659595746,5692236
2025-11-11,999.05859375,1037.3233116315946,990.9086807328857,1037.3233116315946,23762890
2025-11-12,1007.0097045898438,1012.1779464901371,1002.6365628290757,1004.8231337094597,11131278
2025-11-13,999.2573852539062,1013.1718501970593,997.3689693181485,1006.3139824958898,8503994
2025-11-14,1012.27734375,1013.6688145355203,996.474462572359,998.7604589574643,4381122
2025-11-17,1020.5266723632812,1026.6887440786747,1010.7864982846197,1014.7620597331335,6011603
2025-11-18,1007.4072265625,1017.8430751553253,1005.5188713097211,1014.9608295603725,4562185
2025-11-19,999.4561157226562,1009.89196443971,998.462225368651,1002.8353671911749,5158832
2025-11-20,1022.3156127929688,1025.3966486825288,1001.1457599931499,1008.7987279931348,5459073
2025-11-21,997.9652709960938,1021.3216941000011,995.3811803643922,1013.768151744064,6304584
2025-11-24,987.927001953125,1003.1335120841381,983.9514405770561,998.8597957373146,9574900
2025-11-25,980.1746826171875,990.809321574001,978.4850568771278,988.9209056300073,6376983
2025-11-26,1004.5249633789062,1006.6121087960257,975.3045635657265,980.174650422007,9772235
2025-11-27,1027.48388671875,1038.5160452782807,1004.7237735638056,1009.3950096533575,12076038
2025-11-28,1031.1612548828125,1037.1245970797252,1024.700967502824,1031.6582000658886,4983147
2025-12-01,1014.8613891601562,1035.6337212701098,1012.5754535393232,1035.534356502259,6459837
2025-12-02,1019.2345581054688,1029.6704068232723,1007.7054542630824,1008.3017642106271,6706145
2025-12-03,1015.1596069335938,1020.0296938136075,1008.0035844279158,1014.7620265368471,5895670
2025-12-04,1022.8125,1025.9930218061163,1009.7925611244182,1011.7803417565528,5404918
2025-12-05,1041.5970458984375,1054.5176199410707,1020.228404212544,1022.6137652237765,13123572
2025-12-08,1020.1290893554688,1043.3861480349447,1016.7498378679369,1041.597096857867,5189635
2025-12-09,1010.4883422851562,1019.7315105111398,1007.5066712017904,1018.737620150018,5968501
2025-12-10,1004.1273803710938,1015.4577543089035,1001.1457094045386,1009.7925673399986,4990527
2025-12-11,1000.2512817382812,1014.2651115377427,993.9897239456782,1005.7176787137419,4670539
2025-12-12,1011.0846557617188,1014.5632720377727,993.8903645868176,993.8903645868176,4381711
2025-12-15,1006.5127563476562,1010.2895274955631,1001.8414596316061,1008.7986919901589,3958977
2025-12-16,992.3001708984375,1004.4255848976097,990.4117549282037,1001.3445490117061,3861617
2025-12-17,993.4927368164062,1005.0219008933718,989.2190205848613,993.8903172081899,4695550
2025-12-18,994.1884765625,1003.5310698504261,988.9208699904783,995.9774670089271,3103997
2025-12-19,1002.1396484375,1007.8048356817715,996.3750964210808,997.0708318128779,5126009
2025-12-22,1001.6427001953125,1009.1963033853727,998.8598192988709,1002.1396453790434,3921237
2025-12-23,1005.220703125,1011.780355032214,999.5555161166326,1007.3078485512267,4712043
2025-12-24,1005.5188598632812,1031.0618534988278,999.8536728449303,1004.8231244992292,5984816
2025-12-26,993.8903198242188,1005.5188486986123,991.9025391845703,1005.5188486986123,5211460
2025-12-29,991.902587890625,997.766565330431,983.5538845292492,996.8720397337644,6715489
2025-12-30,983.2556762695312,991.5049537496724,981.0691054445871,988.0263376479772,7473887
2025-12-31,980.77099609375,988.125809029987,972.4223534587753,983.9514573813728,9895270
