Price,Close,High,Low,Open,Volume
Ticker,BEL.NS,BEL.NS,BEL.NS,BEL.NS,BEL.NS
Date,,,,,
2020-01-01,29.713722229003906,29.951079159694956,29.491203077432242,29.758228775616477,15438294
2020-01-02,30.603797912597656,30.79664829086177,29.639549416649775,29.86206856151257,26262750
2020-01-03,29.951078414916992,30.82631722032015,29.773062419011737,30.618635853032178,21950223
2020-01-06,28.764307022094727,29.936240271522596,28.378607965913222,29.520870751260716,36402729
2020-01-07,28.58629035949707,29.372526232033458,28.274764924276056,29.17967585961184,33298260
2020-01-08,28.31926918029785,28.82364500766494,28.022578116324166,28.200592415171105,20424309
2020-01-09,28.779144287109375,28.853316210521722,28.423113961670587,28.779144287109375,41681037
2020-01-10,28.838481903076172,29.253848021766586,28.77914097580101,28.77914097580101,23088681
2020-01-13,29.075834274291992,29.44670066804563,28.94232481720916,29.135175206146133,28538664
2020-01-14,29.62470817565918,29.72855223008886,29.060994950030324,29.328017182979355,21417702
2020-01-15,30.811481475830078,31.048834994760977,29.520869806746255,29.72855795560492,39241374
2020-01-16,31.37520408630371,31.820242442137804,30.959834501475463,31.449376013818327,54250446
2020-01-17,32.22077941894531,32.32462012319422,31.06368030901911,31.330702658175404,33279852
2020-01-20,31.152685165405273,32.3394529922963,30.75214996277542,32.3394529922963,28115967
2020-01-21,31.16751480102539,31.449371480323887,30.81148280953161,30.85598595962516,17126625
2020-01-22,29.951078414916992,31.167514828752953,29.669218339995037,31.167514828752953,46807380
2020-01-23,30.01041603088379,31.01916768483069,29.713721571768932,29.99558164746532,64975338
2020-01-24,30.218101501464844,30.75214610777623,30.054919884669165,30.06975426843488,20621760
2020-01-27,30.158754348754883,30.707636620960848,29.965904004216142,30.17359212483211,24177363
2020-01-28,29.728561401367188,30.27744041646014,29.491204459552286,30.14392756111088,32134050
2020-01-29,29.832393646240234,30.01040960451462,29.580205786756512,29.936234307933297,28345554
2020-01-30,29.891735076904297,30.69280529622922,29.7582256372651,30.040082294098063,33639177
2020-01-31,26.895145416259766,29.372526414360095,26.67262627675704,28.556621771059223,169747995
2020-02-03,24.773799896240234,25.945734988622384,23.957896835464062,25.218838238061156,76345218
2020-02-04,25.174331665039062,25.84188908713629,25.055654903178645,25.08532366922217,44426844
2020-02-05,25.78255271911621,26.153419126570135,25.08532645358632,25.21883761328767,45829710
2020-02-06,25.812219619750977,26.1089106674975,25.411684498301025,26.064407519641403,31688880
2020-02-07,25.975400924682617,26.10891207312503,25.574867479355383,25.841889776240208,30367869
2020-02-10,25.66387367248535,26.064408813823164,25.471024991180435,26.064408813823164,37802355
2020-02-11,25.844820022583008,26.297179782377253,25.724190868345577,25.90513546250949,40352259
2020-02-12,25.3321475982666,25.82974266441488,25.181359855009372,25.754348792786264,23629242
2020-02-13,25.69403076171875,25.784503047358864,25.07580491452408,25.33214334477362,25245033
2020-02-14,25.045650482177734,25.85989768041593,24.92502133153561,25.70911167351715,28646769
2020-02-17,24.427425384521484,25.196437269527653,24.27663765766354,25.06072969584784,36810129
2020-02-18,24.97025489807129,25.30198372237922,23.990141674350728,24.352029076371853,45656493
2020-02-19,25.543245315551758,25.603559023524557,24.713918026002894,25.105964030287524,29175999
2020-02-20,26.101160049438477,26.26702449934902,25.28691277813582,25.528169375453142,38155335
2020-02-24,24.713918685913086,25.8448179967539,24.502817251140748,25.8448179967539,25592289
2020-02-25,24.879785537719727,25.271829837875373,24.789313245186747,24.789313245186747,17040831
2020-02-26,24.216327667236328,24.940102655116632,23.914753892811692,24.759159770954398,19537644
2020-02-27,23.356840133666992,24.35203189877955,23.26636784127213,24.276638034181257,42868818
2020-02-28,22.301334381103516,23.085424696120057,21.96960379684208,23.085424696120057,52332150
2020-03-02,21.9997615814209,23.190976394684952,21.713267993501574,22.919559509396883,27625068
2020-03-03,22.46719741821289,22.663220416224025,21.788657864126957,22.135466854507637,57863331
2020-03-04,22.5727481842041,22.678297163114028,21.27598287878556,22.527511181913226,61044003
2020-03-05,22.044994354248047,23.07034280847248,21.909285074882543,23.07034280847248,46784883
2020-03-06,21.56247901916504,21.758502026325285,20.853782578650797,21.381536164999382,29644698
2020-03-09,21.0196475982666,21.260905874562575,20.401421755344774,21.07996130453294,51248196
2020-03-11,20.7633113861084,21.155355662950807,20.386343810573578,20.959332661721927,36373143
2020-03-12,19.798276901245117,20.130007476574256,18.818163602461468,19.949062898898223,71924844
2020-03-13,21.07996368408203,21.275986702805728,18.094390020882603,18.094390020882603,65882406
2020-03-16,19.873672485351562,21.095044282534676,19.602257297362286,20.657762915295308,41016261
2020-03-17,21.0196475982666,21.53232100399172,19.858591496486486,19.90382677618624,37733433
2020-03-18,22.55767059326172,24.17108646975853,20.250636708656284,21.07996228780957,98464686
2020-03-19,19.4665470123291,21.86405326019081,18.96895026898186,20.823626215905403,60526506
2020-03-20,21.502166748046875,21.71326819670805,19.451469426217628,19.602255435711818,55460706
2020-03-23,17.928525924682617,20.401426409248984,17.23490779070205,19.617335969615365,24523071
2020-03-24,17.626953125,19.1498969239785,16.888098006752077,18.697537140533214,27422100
2020-03-25,18.908639907836914,19.104662954355565,17.06904378836704,17.430931294975185,18227226
2020-03-26,20.310955047607422,20.64268394621022,18.42612203389431,19.07450312728956,37021584
2020-03-27,22.060073852539062,23.14573606096059,20.73315164996416,22.316410547158906,47228853
2020-03-30,21.894208908081055,22.889398810217745,21.32121837720539,21.90928560818122,46529544
2020-03-31,22.452116012573242,22.85924038125335,21.894207397145077,22.602903710551477,21484521
2020-04-01,20.823625564575195,22.99495187725852,20.326028836791995,22.256098587638714,28985310
2020-04-03,21.095041275024414,21.683108582237818,20.65775997012804,21.63787329922734,27952953
2020-04-07,20.808549880981445,22.014841477294596,20.657762137230588,21.954527760286748,37884333
2020-04-08,20.024457931518555,21.502166316901345,19.63241362444844,20.80854827127427,50097555
2020-04-09,21.15535545349121,21.54739972645198,20.220479188602557,20.326028176018074,29167602
2020-04-13,21.260910034179688,22.16562961010223,21.14028087243106,22.014841863704707,29985114
2020-04-15,20.98949432373047,22.09023518129939,20.778391138960387,21.713269276018167,34458015
2020-04-16,21.411693572998047,21.773581016295292,21.17043527746655,21.260907569694723,70586814
2020-04-17,21.502166748046875,22.04499879808768,21.306143727773566,21.86405420620224,59145438
2020-04-20,22.72353744506836,23.31160475480331,21.547401099983013,21.803739548321175,104546547
2020-04-21,22.889402389526367,23.236211412057646,21.803740037712767,22.602908804903585,62019870
2020-04-22,23.10050392150879,23.43223451722659,22.587828736993835,22.904480904581117,31721535
2020-04-23,22.919557571411133,23.854435574199844,22.829087009580437,23.130659000246798,39150099
2020-04-24,22.48227882385254,23.43223356228508,22.12039138662183,22.648143252144166,72877884
2020-04-27,22.21086311340332,22.874324312501397,22.060077104741215,22.678301293309804,21745512
2020-04-28,22.090232849121094,22.467198714604113,21.9243684205055,22.39180657687676,14137194
2020-04-29,22.060073852539062,22.34656912493761,21.758500154058787,22.301332121077177,29327631
2020-04-30,21.743427276611328,22.45212383699392,21.517247376436828,22.34657482748713,51318042
2020-05-04,20.341108322143555,21.321219867051347,20.205399029991874,21.27598458674434,36058335
2020-05-05,19.722881317138672,20.68791610443849,19.647487462088854,20.68791610443849,25048227
2020-05-06,19.195127487182617,19.85859029528824,18.92371237417072,19.692724161858035,31888788
2020-05-07,18.8935604095459,19.406235642475625,18.86340355043699,19.119740304094027,26103246
2020-05-08,18.003915786743164,19.225287326741576,17.943600354548593,19.14989346790219,39644082
2020-05-11,18.139623641967773,18.697534064815876,17.89836536056568,18.24517435578311,43531365
2020-05-12,18.260251998901367,18.456274991232615,17.41584805023758,18.003915301616054,40166454
2020-05-13,19.813358306884766,20.084775214199464,18.77293114288419,19.42131223819097,84071691
2020-05-14,19.195127487182617,19.753037864476145,19.074498356331194,19.436387474500663,33954891
2020-05-15,20.431581497192383,20.748233676706384,18.7729301817457,19.014188492151927,100684062
2020-05-18,19.451465606689453,21.652948505725362,19.300677901188717,21.4116902476624,128706990
2020-05-19,18.78800392150879,20.09984587264726,18.59198094611949,19.768117072840155,63288999
2020-05-20,19.059423446655273,19.36099719222411,18.607063691109776,18.87848057980639,50209938
2020-05-21,18.999109268188477,19.722884169111367,18.818164680150012,19.42131043091909,61140009
2020-05-22,19.01418685913086,19.164972858780704,18.546748707162475,18.848320706462165,34434273
2020-05-26,19.602251052856445,19.692723328570526,19.104656124851708,19.164969824917673,32415078
2020-05-27,20.0998477935791,20.235557082196816,19.360994547446275,19.617331247074784,48061671
2020-05-28,21.00456428527832,21.230744100971744,19.96413747821158,20.190317293905004,70314837
2020-05-29,20.868858337402344,21.245825876138518,20.506970949732366,20.80854463559827,40149138
2020-06-01,20.92917823791504,21.411694857934318,20.86886279760485,21.110121107614493,47417268
2020-06-02,21.00456428527832,21.230744100971744,20.702992348097123,20.989487586595814,21847401
2020-06-03,22.195783615112305,22.37672819727649,20.959333571964844,21.200591864440142,72952329
2020-06-04,21.954524993896484,22.5576707160534,21.622794415306334,22.19578328275925,30651105
2020-06-05,22.301334381103516,22.421963527597182,21.96960379684208,22.135468226165084,28620174
2020-06-08,22.512435913085938,23.34176151440255,22.36164818512624,22.678300343103086,45790467
2020-06-09,22.029916763305664,22.964792975234225,21.879129052880568,22.723534709292352,35356647
2020-06-10,22.150548934936523,22.48227952751792,21.63787375526874,22.21086264688834,28261539
2020-06-11,21.30614471435547,22.527516452099068,21.20059398513735,22.271179706404606,31884348
2020-06-12,21.683109283447266,21.788660006167223,20.32603004186112,20.32603004186112,42305706
2020-06-15,21.396617889404297,21.87913454235138,20.94425809586249,21.698191660304058,27797562
2020-06-16,21.30614471435547,21.984684376922402,20.86886336839692,21.969605947836325,31937172
2020-06-17,21.607711791992188,21.954520730588143,21.30613812666807,21.4569240965226,35644017
2020-06-18,23.175899505615234,23.296528665216087,21.60771870518851,21.698191006293055,100177014
2020-06-19,24.14093017578125,24.578211479224322,23.055267856599023,23.356839860230814,85894965
2020-06-22,24.51789665222168,25.000413216551532,24.18616608284107,24.6988395010377,68067777
2020-06-23,25.121044158935547,25.256751736682297,24.27663838519494,24.683762844050655,66445521
2020-06-24,24.879785537719727,25.814661867457804,24.74407796172798,25.362302130408352,69841656
2020-06-25,25.24167251586914,25.61863838124035,24.427425349347317,24.713918923857115,60786960
2020-06-26,25.72418785095215,26.070996844406732,25.27182814421875,25.618637137673332,46124379
2020-06-29,26.402727127075195,26.749536116799643,25.42261559010474,25.61863686212964,69975135
2020-06-30,26.734458923339844,28.40819024257914,26.538435916657622,28.076459664199763,186678036
2020-07-01,26.74953842163086,26.93048300821499,26.402729402024168,26.73445999368476,35384595
2020-07-02,26.85508918762207,27.29237050124954,26.6892247543231,27.12650606795057,27362040
2020-07-03,29.31291389465332,29.53909377516382,27.2923716730619,27.44315768486372,205331484
2020-07-06,30.820775985717773,31.227900441356933,29.25259532597388,29.61448449792667,132074268
2020-07-07,30.775541305541992,31.182665769164895,30.0668448268652,30.669992308203977,93081504
2020-07-08,31.227901458740234,31.785810211510235,30.323181950614046,30.458887806094353,68150529
2020-07-09,30.112071990966797,31.046948091629083,30.006519570862636,30.94139912275498,54329937
2020-07-10,30.066843032836914,30.609673317790524,29.659718593506312,30.11207831471125,36404634
2020-07-13,29.7049503326416,30.564434390671405,29.463692073521177,30.368411408030365,32371863
2020-07-14,29.28274917602539,30.20254698815889,28.81531278240006,29.946210289016996,57521871
2020-07-15,28.98118019104004,30.036687400547276,28.770078749138595,30.006527093506275,37963695
2020-07-16,28.483585357666016,29.17720339961617,28.39311306401698,29.101807808357254,36942912
2020-07-17,29.554161071777344,29.689870345306858,28.36294998994743,28.468498962846905,30369327
2020-07-20,29.177200317382812,30.1271549863073,29.041491028437637,29.55416442893171,34037145
2020-07-21,29.931133270263672,30.39857141148686,29.1319662825595,29.433538274926825,42519072
2020-07-22,29.524011611938477,30.14223753306165,29.101808712207095,30.127159104587747,26700693
2020-07-23,30.911245346069336,31.212820794664395,29.418460335323857,29.55416618108393,63984771
2020-07-24,30.805700302124023,31.559632117753022,30.519206695357376,31.046958621174554,68255931
2020-07-27,29.976369857788086,30.986641770776437,29.629562569136592,30.986641770776437,34955964
2020-07-28,29.11688995361328,29.91605699890399,28.755000775710823,29.312912970707863,64748145
2020-07-29,29.34307289123535,30.217635619802717,29.101811113285223,29.116892994234526,52234014
2020-07-30,28.845474243164062,29.659721475324318,28.634372789341857,29.49385530777163,36716154
2020-07-31,28.90578842163086,29.177203578627715,28.272484087817553,28.89070826791727,44032875
2020-08-03,29.192283630371094,29.91605857302866,28.66452998950688,28.951025316151906,31139499
2020-08-04,30.27794647216797,30.458887611653303,29.2224392356818,29.539093132243156,51828114
2020-08-05,30.27794647216797,30.835855221376438,29.81050829270217,30.44381263459387,34169139
2020-08-06,29.870820999145508,30.564439030822392,29.735111697874224,30.27794545172846,20002308
2020-08-07,29.91605567932129,30.383493833608757,29.659718960960177,29.946212534277795,23311572
2020-08-10,32.66037368774414,34.34918531955609,31.484238987721458,31.80089289430176,197460327
2020-08-11,31.921524047851562,33.278603502608966,31.740579430304273,32.99210987137748,64308066
2020-08-12,33.36906814575195,33.53493430324716,31.770730635861444,31.95167522119886,86740731
2020-08-13,34.515052795410156,34.801546404082885,33.06749942024498,33.47462391486116,89867817
2020-08-14,34.12300109863281,35.72133850340613,33.03733710923964,34.68090979456461,102780930
2020-08-17,33.414310455322266,34.66583735627411,33.1428918226631,34.650758926818746,45730728
2020-08-18,33.68571472167969,34.13807436122666,33.08256738520701,33.474613326475755,44837076
2020-08-19,33.866668701171875,34.71107106596239,33.71588096224483,33.97221770255902,50101056
2020-08-20,33.746036529541016,34.07776540101987,33.06749690715924,33.474621370834505,34004268
2020-08-21,33.80634689331055,34.22854974335366,33.41430434789678,33.926977758136,29551281
2020-08-24,34.560279846191406,34.680907252152785,33.35398507919502,33.474615936386826,53662929
2020-08-25,33.89682388305664,34.96740952892999,33.56509156406222,34.7261477780808,43986726
2020-08-26,33.71588134765625,34.138084260493336,33.35399215058699,33.957139661958706,36546204
2020-08-27,33.26352310180664,33.97221964826022,33.11273535424348,33.73096132289797,27418104
2020-08-28,33.791263580322266,34.60551230926768,33.414299516117666,34.36425406573388,48606249
2020-08-31,31.99691390991211,34.10792854478958,31.66518501084924,33.92698394019561,42730581
2020-09-01,32.55481719970703,32.78099703043625,31.48423174726066,32.268320216547785,34287075
2020-09-02,32.87147903442383,33.082580513399364,32.04215154907484,32.55482854157629,17392587
2020-09-03,32.705604553222656,33.27859161093615,32.50958157519532,33.02225493235587,26656869
2020-09-04,32.08739471435547,32.720695787334165,31.770740726634113,31.81597602452802,29954895
2020-09-07,31.84612464904785,32.61513478460617,31.574709510099666,32.23816720475935,19157754
2020-09-08,30.956483840942383,32.147696845154606,30.639829967477993,31.996909122017716,30300756
2020-09-09,30.473968505859375,31.197743394091916,30.066844052718913,30.549360644873943,34565667
2020-09-10,30.639827728271484,30.971560004682974,29.85573921796975,30.65490615436014,23708142
2020-09-11,30.835853576660156,30.98664130275293,30.549360003191634,30.760461439229186,14088816
2020-09-14,32.283409118652344,33.06749775857427,31.484238598918022,31.96675521598245,53551527
2020-09-15,32.0236701965332,32.695919531753916,31.763936704069778,32.40562956923172,26941557
2020-09-16,31.61115837097168,32.23757315000674,31.259751887836693,32.08479076339559,14635695
2020-09-17,31.641714096069336,32.054233524041884,31.2903076212884,31.320864097884204,21721305
2020-09-18,31.7486572265625,31.96255602912681,31.22919020474808,31.779213698791104,27984618
2020-09-21,29.426332473754883,31.718103024575804,29.05965128380214,31.687546550160103,40827702
2020-09-22,28.17350196838379,29.518007940449564,27.80681724983325,29.441613250855493,48561300
2020-09-23,28.67768669128418,29.181875483739525,28.21933260778584,28.433231413216006,48748803
2020-09-24,27.638750076293945,28.402674109259216,27.394294805380742,28.17349707421784,30841869
2020-09-25,28.509624481201172,28.845749178809275,27.913764519467424,28.081826868271474,19431048
2020-09-28,29.77773666381836,30.037470173606604,28.677686183507387,28.723520891652825,21869313
2020-09-29,29.33466339111328,30.343041046397047,28.967980448420803,30.159702197774095,27336762
2020-09-30,29.258272171020508,29.47217275240081,28.692968612213573,29.334665110907594,14189412
2020-10-01,29.365219116210938,29.823573219995634,29.029092656870016,29.411053827196547,12637821
2020-10-05,29.395776748657227,29.548562621594684,28.906866151614686,29.45688969904644,11784675
2020-10-06,29.258272171020508,29.640233373491352,28.92214568339254,29.518007467243685,19176597
2020-10-07,28.769359588623047,29.472170740957097,28.692966653949696,29.288828397133923,13131330
2020-10-08,28.586017608642578,29.120764661197946,28.295727600456946,29.029093488119567,13561056
2020-10-09,28.356840133666992,28.738803057802716,28.051271892537017,28.479067779815416,12672492
2020-10-12,28.586017608642578,29.029093488119567,28.295727600456946,28.433233485833412,21410115
2020-10-13,27.959596633911133,28.7082406385796,27.8068107871969,28.58601301029736,19966965
2020-10-14,27.97488021850586,28.647133176853657,27.8526525668501,28.09710787016162,22321728
2020-10-15,27.0123348236084,28.249891295800385,26.84427246243774,28.03599247359612,15857307
2020-10-16,27.806814193725586,27.91376534861696,26.798436573984308,26.798436573984308,21800793
2020-10-19,27.51652717590332,28.097108981349663,27.027616549944785,27.929044860874967,22512567
2020-10-20,27.485965728759766,27.837370396185108,27.210952240025584,27.24150871150205,14685903
2020-10-21,28.2346134185791,28.356841068758087,27.241512230952893,27.50124751750519,28952280
2020-10-22,28.448509216308594,29.074925638258676,28.00543337587661,28.21933217804943,28783392
2020-10-23,28.295726776123047,28.79991559064239,28.158219146270365,28.677687946259454,17663049
2020-10-26,27.485965728759766,28.34155916947477,27.210952240025584,28.295724462260075,18531900
2020-10-27,27.409576416015625,27.638753479274087,27.104006415510263,27.470689367027354,12329295
2020-10-28,26.966501235961914,27.51652655193396,26.798438867780547,27.409577136370444,13325832
2020-10-29,26.477588653564453,27.165119810319126,26.3859174829674,26.783156890911762,16816755
2020-10-30,26.584535598754883,27.455409016037922,26.416471510147073,26.553977379064925,27632397
2020-11-02,27.088729858398438,27.37902163916117,26.660932180845922,26.844274542220525,14246079
2020-11-03,27.31790542602539,27.623475428600212,27.149843061122695,27.149843061122695,10505982
2020-11-04,27.165119171142578,27.608195028201273,26.859549192502968,27.577636806399834,10174500
2020-11-05,28.38739585876465,28.55545996058384,27.210954139958822,27.317903546075907,21741264
2020-11-06,28.24989128112793,28.570739514267686,27.959601271488776,28.14294361856355,20163741
2020-11-09,28.433231353759766,28.998534838791095,28.035990216368102,28.876307200012594,24865398
2020-11-10,29.151321411132812,29.411054946903874,28.12766375714321,28.417955516550208,31640469
2020-11-11,29.24298858642578,29.7624573354186,28.87630568927425,29.319381512346425,24266727
2020-11-12,28.799915313720703,29.487444713962535,28.72352238103511,29.36521881923699,32573475
2020-11-13,29.548559188842773,29.71661978288896,28.341559325572593,28.692963994933375,23221539
2020-11-14,29.51800537109375,29.701347714410225,29.456888925345368,29.701347714410225,2843181
2020-11-17,29.380496978759766,29.869407550303837,29.258269335873745,29.80829460310189,13608048
2020-11-18,29.502729415893555,30.037474753044453,29.242994118024683,29.380500011906847,31608804
2020-11-19,31.504207611083984,33.077890692297004,29.242995038811593,29.48744860903531,127231584
2020-11-20,33.10844802856445,33.582080439399746,31.93200612110374,32.13062672838383,111976335
2020-11-23,32.39035415649414,33.32234056234956,31.932000071746753,33.16955819874319,32719695
2020-11-24,32.909828186035156,33.276509394678165,32.390357603597074,32.390357603597074,32900253
2020-11-25,32.65009307861328,33.73486552468314,32.35980304272351,33.00149956703095,37300935
2020-11-26,33.2765007019043,33.39873007083184,32.65008261719831,32.81814668811233,28747059
2020-11-27,33.94875717163086,34.77379588474868,33.322339018966,33.444568401153965,42740469
2020-12-01,34.16266632080078,34.468234623427804,33.70431211837772,33.94876745987235,32351613
2020-12-02,34.6973991394043,35.14047494083442,34.08626275581802,34.22376686849123,48411381
2020-12-03,35.14048385620117,35.690510937330764,34.78908087103043,34.86547206411871,48553872
2020-12-04,35.36966323852539,36.05719451204078,34.957143775023184,35.415497957366775,46007778
2020-12-07,35.125205993652344,35.675229583706106,34.941863631312856,35.40021778867923,26587011
2020-12-08,34.57518005371094,35.46133183065428,33.94876181536056,35.308545956261284,36642735
2020-12-09,35.7363395690918,37.432248245676696,35.079364929488186,35.3696549107666,147504747
2020-12-10,34.9571418762207,35.69051132570719,34.36128356971881,35.69051132570719,38748615
2020-12-11,35.033538818359375,35.56828420408835,34.6362975905216,34.957144122566,41079909
2020-12-14,36.225250244140625,36.43914904609561,35.20159443954214,35.33909856417915,75008775
2020-12-15,36.13357925415039,36.45442922264382,35.81273278262123,35.873845730157406,32266752
2020-12-16,36.087745666503906,36.882227997054486,35.8585686091473,36.36275743593896,38725125
2020-12-17,36.75999450683594,36.92805859603541,35.38493231585259,36.05718517568649,56242236
2020-12-18,37.050289154052734,37.49336853490091,36.22525383358827,37.11140560135577,97760322
2020-12-21,34.20849609375,37.64615211470204,33.352900773789166,36.88222972014532,86979072
2020-12-22,34.3001594543457,34.865464653945125,32.49730320188194,34.20849004212284,73882653
2020-12-23,35.27798843383789,35.43077430369669,34.37655844590325,34.59045726491983,39047973
2020-12-24,35.109928131103516,36.10302765038432,34.92658576679936,35.49189109865678,28256172
2020-12-28,35.018253326416016,35.61411154780726,34.80435451702926,35.50716389159598,28341882
2020-12-29,35.06409454345703,35.50717048105872,34.819639215500736,35.20160219535457,20782080
2020-12-30,34.9571418762207,35.232157168260485,34.6515736035778,35.14048423859232,18996630
2020-12-31,36.65304946899414,36.89750475390146,35.262708943282426,35.35437836376108,112170381
2021-01-01,38.623966217041016,39.11287673916003,36.85166644860056,36.97389233064837,201696168
2021-01-04,40.12125778198242,40.27404363162454,38.77675209663071,39.41844846877092,105614565
2021-01-05,40.18238067626953,40.71712603702805,39.41845823276239,39.7240265107723,64361523
2021-01-06,40.68656921386719,41.3741004562822,39.61707850142032,40.33516622168071,74098809
2021-01-07,40.25876998901367,41.25187296579628,40.12126584397311,41.0685306087776,46011027
2021-01-08,40.365718841552734,40.8699076717427,40.19765473250128,40.65600885030387,19906347
2021-01-11,41.12964630126953,41.41993984295058,39.5865231445916,40.57962269054777,42426342
2021-01-12,41.083805084228516,41.54215918631203,40.76295861155577,41.23659095057778,32608233
2021-01-13,40.961578369140625,42.07690712815636,40.472667802962484,41.114360735468665,38455479
2021-01-14,42.51998519897461,43.0852905212157,41.114366258161446,41.175479212901664,94302666
2021-01-15,40.778236389160156,42.626931013608655,40.45738642313725,42.38247572838199,44817729
2021-01-18,40.80879211425781,41.328259148716896,39.204552804457805,40.900461533175005,53634528
2021-01-19,41.8782844543457,42.22968737623799,40.976854550369275,41.11435867316729,64391526
2021-01-20,41.4046516418457,42.45886747758629,41.221312798207585,41.96995690062275,39771243
2021-01-21,40.91573715209961,42.10746050356826,40.42682662189071,41.71021938641204,31082454
2021-01-22,40.442108154296875,41.404651057673746,39.99903229449415,40.793514593573896,30823161
2021-01-25,39.937923431396484,41.17547821986296,39.387899858070185,40.86990995656664,22702206
2021-01-27,40.54905319213867,41.06852015735664,39.96846979215811,40.02958272995699,55897923
2021-01-28,40.0907096862793,41.160203863260534,39.6781902539462,40.029593235477066,49918659
2021-01-29,39.73929977416992,41.63382915515879,38.8073133208148,39.96847682822388,77617473
2021-02-01,40.85462951660156,41.190757735381766,38.3795165760874,39.724022457279396,47400000
2021-02-02,40.79351806640625,41.80189576589115,40.15182157720471,41.17547751474456,32215686
2021-02-03,42.50469970703125,43.14639611319467,40.99213335353615,41.00741158961403,63440358
2021-02-04,43.06999969482422,43.329733173524716,41.87827994086041,42.703315079621355,55032168
2021-02-05,42.84082794189453,43.7575360954344,42.38247386512459,43.39085143523282,29863140
2021-02-08,43.44270324707031,44.13716923360149,43.05689116493299,43.58159785727121,31927191
2021-02-09,42.57847213745117,43.828509225484495,42.40871288058081,43.658753500850025,48306774
2021-02-10,43.164913177490234,43.9365443279145,42.7019359001302,42.871695177091894,33662136
2021-02-11,41.79140853881836,43.36553179442104,41.544487590119495,42.99515213749068,35392794
2021-02-12,42.05377197265625,42.28526063867908,41.405606533581704,41.93031323463699,24806265
2021-02-15,42.007476806640625,42.5784840919829,41.606232358068,42.39329244451414,23422254
2021-02-16,41.096954345703125,42.73281095088175,40.9117662309163,42.00747670568585,48715293
2021-02-17,42.93342208862305,43.134046034994405,40.772862761656945,40.772862761656945,46231716
2021-02-18,43.68962478637695,44.41495540714259,42.5476138958295,43.010591188423426,43649379
2021-02-19,41.79140853881836,44.044565286401884,41.050645692721766,43.33466711736317,51636933
2021-02-22,40.21729278564453,42.146363550083706,39.893206580071784,41.822277344510965,28665003
2021-02-23,41.42103576660156,41.85314838170627,40.20185962675742,40.51051351311018,32119296
2021-02-24,42.08462905883789,42.88712124042977,41.729678216436625,41.86857279221012,22656720
2021-02-25,43.73591995239258,44.13716433196589,42.300691112730924,42.31612345301312,59326020
2021-02-26,42.31611633300781,43.936536515644164,41.97659783945355,43.010582125566245,38633409
2021-03-01,45.04768371582031,45.371766348270796,42.578470764352836,42.809959368170546,62059455
2021-03-02,46.760711669921875,47.39344831431598,45.21745268162109,45.664997682261216,106691166
2021-03-03,47.19281005859375,47.53232502595541,46.51377659163469,47.17737772063348,39659358
2021-03-04,47.161949157714844,47.825550339831075,46.31315637301613,46.76070127415879,30333900
2021-03-05,45.37177276611328,47.223681858607705,44.677306856427876,46.54464828921066,29141961
2021-03-08,44.769901275634766,46.51378400081413,44.5075479562842,45.68042348927066,34685358
2021-03-09,43.211212158203125,45.49523396771372,42.97972350902619,45.07855722498442,37113744
2021-03-10,43.13405227661133,44.029142228911944,42.91799595942716,43.64332661988951,24247668
2021-03-12,43.226646423339844,44.29149205059472,42.9797219099838,43.90567647224178,39599325
2021-03-15,42.31611633300781,43.62788269746107,41.17410568309601,43.62788269746107,30156603
2021-03-16,42.54761505126953,42.76367136249644,41.82228087857001,42.43958512953782,29273370
2021-03-17,41.31300354003906,42.73280356706853,41.00435320315592,42.43958203818147,35855832
2021-03-18,40.06296920776367,41.822280846715316,39.522830196226074,41.46733346355065,45353232
2021-03-19,39.49195861816406,40.14012390594366,38.5814329766236,39.63084966601573,56393928
2021-03-22,39.49195861816406,40.72656337135842,39.30676702212593,39.72344723015274,38945382
2021-03-23,39.507572174072266,40.4905797544257,39.36714098917318,39.91325551796656,38253711
2021-03-24,38.21249771118164,39.5387799903905,37.94724196960257,39.47636414372037,32029023
2021-03-25,37.2138786315918,38.493347844555935,36.152852333135066,38.274901358735804,60718449
2021-03-26,38.19688415527344,38.77420468644393,37.43232327812702,37.4479263426823,36092943
2021-03-30,39.25791549682617,39.61678959948795,38.35292334991199,38.696194385993394,42697440
2021-03-31,39.039466857910156,39.63239049815747,38.852226497874696,39.25791334939938,24134520
2021-04-01,39.351524353027344,39.63238305467516,38.78980694973171,39.32031822743449,30019032
2021-04-05,41.0054817199707,41.19272208005168,39.00825716462827,39.585581310601896,61276776
2021-04-06,40.865055084228516,42.1133182284439,40.19411252817746,41.286341440123586,61173012
2021-04-07,40.974273681640625,41.95728106217736,40.88065172030072,41.177117098012324,38346498
2021-04-08,40.58419418334961,41.70763283842536,40.41255687893079,41.30194596300381,25322349
2021-04-09,40.537384033203125,41.05229236307694,40.25652526884586,40.88065506268135,15591087
2021-04-12,38.040855407714844,40.10049236694825,37.60396239472778,39.91325199405193,35499102
2021-04-13,39.19549560546875,39.382735956381346,37.96283561653916,38.10326677255178,19430589
2021-04-15,40.10048294067383,40.47496359843867,38.82101390738304,39.00825066495323,42679908
2021-04-16,39.9444580078125,40.412557152992434,39.19550008978722,40.02247691288453,21451458
2021-04-19,38.508949279785156,39.460754080698074,38.118869091935686,38.7273957563584,30034584
2021-04-20,38.789817810058594,39.83523759536311,38.586974365601044,38.961451548873086,26634339
2021-04-22,39.33592987060547,39.53877330251754,38.24369738004545,38.41533467955765,23128215
2021-04-23,39.6011848449707,40.25652432735298,39.11748265896988,39.273516889435996,27613263
2021-04-26,40.36574172973633,40.474966751473225,39.85083346368205,39.9444518497601,16704927
2021-04-27,40.31893539428711,40.59979414373952,40.0536797102869,40.2721261979305,19097265
2021-04-28,40.194114685058594,40.74022917033704,40.00687431055044,40.693419969538276,19394331
2021-04-29,40.52177810668945,40.95867107432394,40.303331622872214,40.56858730222614,16660074
2021-04-30,41.11470413208008,42.58141734391491,39.8820440542505,39.99126908820715,53187741
2021-05-03,40.6466064453125,41.45798019606337,40.209717007961686,40.88065601628863,19524450
2021-05-04,41.44237518310547,42.831069477098936,40.740226503153025,41.00548219496001,52932507
2021-05-05,43.018310546875,43.221150407059575,41.34875389639092,41.692028494713725,51816273
2021-05-06,44.438209533691406,44.656656024168406,42.87787796904326,43.59562970309259,61565505
2021-05-07,43.03391647338867,44.75027886514584,42.846676095613866,44.5474354201659,32525013
2021-05-10,45.17156219482422,45.5304362592022,43.26795970458523,43.37718115899642,67119504
2021-05-11,46.3574104309082,46.731887539570046,44.14174319311226,44.547426429886556,70482693
2021-05-12,45.826904296875,48.55748010018675,45.49923277198486,47.57447266814201,136024881
2021-05-14,44.73467254638672,46.40422561517648,44.48501991793745,46.123366854585164,47657991
2021-05-17,46.23258972167969,46.529055128661874,44.90631120878442,45.09354800732516,51486270
2021-05-18,48.24541091918945,48.370235434658554,46.59146109003613,46.96593820775597,97548693
2021-05-19,48.417049407958984,49.27522868717031,47.76170997144866,48.15179373465275,83953914
2021-05-20,48.93196487426758,49.524892138542846,47.746113917030186,48.66670916201472,67499931
2021-05-21,49.18161392211914,49.618506911984625,48.76032399822651,49.46247268094327,58163772
2021-05-24,48.947566986083984,49.9305744803398,48.74472354624638,49.41566613299752,74623869
2021-05-25,46.560264587402344,49.2596345769484,46.43543647481277,49.2596345769484,53594838
2021-05-26,46.73189163208008,48.120589453885366,46.49784207942755,46.809910530506095,45070683
2021-05-27,46.3574104309082,47.10636821954433,44.37579272526808,47.059559027375656,360249207
2021-05-28,45.20276641845703,46.6850789508328,45.06233526882341,46.341807965846435,44625315
2021-05-31,45.37440872192383,45.624061349012365,44.843897335774805,45.42121791988176,29061186
2021-06-01,45.85810852050781,47.74610797693301,45.561643139596896,47.74610797693301,74882883
2021-06-02,46.919132232666016,47.121975655528985,45.561644105953434,45.63966300478551,24742749
2021-06-03,47.184391021728516,47.418440573282105,46.5602576938147,47.199990515765165,26792298
2021-06-04,47.683692932128906,47.808517446224144,47.07516271197715,47.30921224721821,23574183
2021-06-07,47.8397331237793,48.136194975243136,47.55887433969181,47.7461147195212,16889640
2021-06-08,47.730506896972656,47.99576258725758,46.26379371052537,47.93335032397003,31918326
2021-06-09,47.02836227416992,48.52627815004543,46.6694845867111,47.87093861510746,31016931
2021-06-10,47.449649810791016,47.73050857678226,46.841119508382505,47.10637520800274,17381064
2021-06-11,48.07378005981445,48.37024189496138,46.85672301487858,47.43404361865486,25835898
2021-06-14,47.35602569580078,47.85533093967834,46.04535032345041,47.746109480029475,26533281
2021-06-15,47.02836227416992,47.714907943441155,46.825518829690566,47.43404559181548,22951029
2021-06-16,46.71628952026367,47.2780069866293,46.26378993442393,46.80990790755376,19709055
2021-06-17,45.608455657958984,46.731890629539855,45.14035656269606,46.24819204050169,22419540
2021-06-18,45.62406539916992,45.87371804842072,43.84528714835894,45.73328687076762,34091544
2021-06-21,46.560264587402344,46.809917241268224,44.31338713129616,44.31338713129616,23199468
2021-06-22,47.24679946899414,47.434036238071606,46.4978381074345,46.80990653185517,28261329
2021-06-23,52.583133697509766,53.051232831738716,47.59007745617199,48.40145119353575,363893778
2021-06-24,53.41011047363281,54.14346530737043,52.05262227080846,52.72356483903129,169690515
2021-06-25,54.61156463623047,54.892423403362166,53.316492265612595,53.410110664218834,71399592
2021-06-28,54.22147750854492,55.266900752120215,53.987427955065414,54.97043893672957,38881053
2021-06-29,54.502342224121094,54.876819383351865,53.84700273132609,54.1278614935774,49605246
2021-06-30,55.54776382446289,55.82862259623068,54.549153270927185,54.87682124277077,43091670
2021-07-01,57.62299346923828,58.01307720898187,55.266895109516774,55.4853415752157,87835578
2021-07-02,56.37473678588867,57.87265251366926,56.24990868958389,57.87265251366926,40351092
2021-07-05,55.922237396240234,56.79601973287381,55.734997048635684,56.577576827199856,22985568
2021-07-06,56.49956512451172,56.85844280071294,55.672591876682056,55.703798010036415,41588856
2021-07-07,57.07688522338867,57.23291587900121,55.828618550611594,56.20309926670728,17834940
2021-07-08,56.37473678588867,58.48118278694357,55.89103460891914,57.35774420545173,44887437
2021-07-09,56.43714904785156,57.014473189872426,56.2343056234287,56.37473678535616,18512454
2021-07-12,57.37334442138672,57.71661899069009,56.4839554397429,56.4839554397429,18021216
2021-07-13,56.68679428100586,57.669801572441685,56.21869523067333,57.42014898368516,15530661
2021-07-14,57.466976165771484,57.62301042183643,56.42155629268266,56.51517470353355,18423249
2021-07-15,56.15629577636719,57.54499018030827,56.000261533586375,57.466971273261294,14669931
2021-07-16,56.06266784667969,56.5463735907852,55.766206031070894,56.327923531309956,21219636
2021-07-19,58.04429244995117,58.590406914284564,55.43854108764724,56.01586168464963,45407127
2021-07-20,56.546382904052734,58.27834845780762,56.249917468302904,58.247142321689395,21901098
2021-07-22,57.57618713378906,57.65420245708296,56.796019615599796,56.82722931622993,14278368
2021-07-23,56.998863220214844,57.79463380575374,56.67119528995991,57.48256894021035,12770211
2021-07-26,57.607398986816406,57.73222351648886,56.23430773254188,56.99886869072442,13753260
2021-07-27,57.12369918823242,57.81024484417248,56.73361537401489,57.60740140363189,14436747
2021-07-28,59.276947021484375,59.79185530515197,56.95205464122753,57.10808886134086,48274629
2021-07-29,58.91807174682617,59.823063776518026,58.65281607800486,59.589014236815395,27425199
2021-07-30,57.62299346923828,58.8088441810414,56.95205100825676,58.8088441810414,28756776
2021-08-02,57.357749938964844,58.35636052397358,57.24852846867902,57.73222712268654,21084204
2021-08-03,56.874046325683594,57.70101958017704,56.65559981912978,57.357748539199946,17656980
2021-08-04,54.751991271972656,57.669807309360216,54.549147853808314,56.952055598870146,38353227
2021-08-05,55.110862731933594,55.89103023736334,54.33069879781637,54.923622387777954,33065568
2021-08-06,54.736392974853516,56.109484254872285,54.61156487152772,55.204492112527504,23813595
2021-08-09,53.41011047363281,53.956224939513106,50.66392793522672,51.490904738549474,110821485
2021-08-10,52.81718063354492,54.36190912807524,52.33348202833755,53.4101078406444,32690748
2021-08-11,53.753379821777344,53.89381098610042,51.58452152124828,52.817181583124466,27235548
2021-08-12,54.252689361572266,54.377513890342996,53.051231844276565,53.644159069876245,17966661
2021-08-13,54.45552444458008,54.79879901121709,53.84699777757029,54.361906056213215,27821241
2021-08-16,54.40871047973633,54.78319114299378,53.81578692944302,54.34629822629751,12560913
2021-08-17,54.939239501953125,55.07966710836896,53.768991591921825,54.33070916021157,18039039
2021-08-18,54.33070755004883,56.74921863533333,54.0654518411447,54.9548409406729,34210602
2021-08-20,53.378902435302734,54.58035636013647,53.14485287666466,53.64415812558417,15542163
2021-08-23,54.65837478637695,55.20449283501929,52.7859782111759,53.8001954036185,26688300
2021-08-24,55.438541412353516,55.688194046480696,54.424324238105946,54.611564606529576,14925912
2021-08-25,56.15629577636719,56.34353615344153,55.32931893233599,55.32931893233599,16571559
2021-08-26,56.577579498291016,56.8584382473012,55.984652298102624,56.28111411254044,21301485
2021-08-27,57.82585144042969,58.04429796116679,56.5775881585843,56.64000042984824,28167945
2021-08-30,57.435760498046875,58.27834034114276,57.326539036844814,57.70101618942187,13619223
2021-08-31,58.24713897705078,58.48118855581133,57.310940662008576,57.388955997824375,21603702
2021-09-01,59.24574661254883,60.0259142171366,58.215929945773574,58.418773380113876,26940252
2021-09-02,59.33936309814453,60.057118414049555,59.21453857107434,59.526603460062674,25664589
2021-09-03,61.976318359375,62.272780172158896,59.46418912641308,59.91668516391559,52170660
2021-09-06,60.99331283569336,63.318201648712304,60.774862784364245,62.80329693545489,36365391
2021-09-07,60.634437561035156,61.78908590502452,60.33797572747734,60.9933188029547,15882570
2021-09-08,61.50822067260742,62.22597598004993,60.618835213779825,61.16495322721161,19285563
2021-09-09,61.492618560791016,62.17916056498566,61.00891283074737,61.39900017057702,11581218
2021-09-13,61.320987701416016,61.99193028221218,61.055731996694384,61.63305617746398,10518984
2021-09-14,63.55027389526367,64.05264711905734,61.13260140828536,61.36808908151719,29010315
2021-09-15,65.24577331542969,65.55975923907748,63.64446019650247,64.00553933746423,35238519
2021-09-16,64.53931427001953,65.62255894475707,64.28813126516043,65.27718231307581,12378501
2021-09-17,64.46082305908203,65.10449028765301,63.01649922418364,64.63351496787064,16039149
2021-09-20,63.2990837097168,64.66491652679254,63.1263917910915,63.581671792287906,12243591
2021-09-21,64.19393920898438,65.07309412052783,63.29908176599649,63.29908176599649,20777913
2021-09-22,64.6649169921875,64.94749789027888,63.98985184475446,64.17823911014872,9672642
2021-09-23,65.13589477539062,66.15633661416588,64.85330668022941,64.99460072781002,19379646
2021-09-24,64.52361297607422,66.09352817122883,63.92704620802721,65.30857416690773,17282355
2021-09-27,64.05265045166016,65.84235829864167,63.66017337135803,64.71201309640995,10315860
2021-09-28,66.04644775390625,66.70581039514934,64.0997505224598,64.36663608548808,29934006
2021-09-29,64.4137191772461,66.69010455772057,63.958446413058795,66.2191292633483,27378225
2021-09-30,63.72296142578125,65.16728524304403,63.330477206412915,64.68060739817197,34237251
2021-10-01,63.3461799621582,64.13114121716883,62.52982083186819,62.796706364999466,22069932
2021-10-04,64.61779022216797,64.71198381643943,63.34615873322687,63.42465698837504,16627587
2021-10-05,64.63351440429688,65.1986833458051,64.22533483917621,64.93179781268974,18733530
2021-10-06,62.576927185058594,65.46557510436345,62.16874758112213,64.64921589649053,15618651
2021-10-07,63.77004623413086,63.98983851782902,62.953694400927446,63.11068375606041,7587423
2021-10-08,62.84381103515625,63.94275111752432,62.60832336132641,63.738661321104225,9881742
2021-10-11,65.49696350097656,66.25052684323352,62.843803645987194,62.843803645987194,21749220
2021-10-12,66.01504516601562,66.47031796934743,64.22533745621872,65.52836729961362,18331041
2021-10-13,65.5126724243164,67.17678145330402,65.02599455442493,66.28193118524615,16863453
2021-10-14,66.10923767089844,66.76860025388834,65.63826234404475,65.71675344084491,15404877
2021-10-18,68.18152618408203,69.54735894285666,64.36663035129318,64.44512144803537,40084623
2021-10-19,64.94747924804688,68.82517709973997,64.6021026939594,68.82517709973997,15424062
2021-10-20,64.30382537841797,65.99933937480348,63.69156322254097,64.94749259581408,16082943
2021-10-21,64.17823028564453,64.99458936313067,63.75435540353348,64.63351022751662,15707487
2021-10-22,63.25198745727539,64.96319684312354,62.79670747788631,64.39802789156565,10288875
2021-10-25,63.204898834228516,63.581680601018924,60.83432642734392,63.581680601018924,13207770
2021-10-26,64.743408203125,65.0730966978968,63.142094885005676,63.20489064024406,9505146
2021-10-27,65.0102767944336,65.85803364199214,64.69629810016129,64.82188957787021,9492999
2021-10-28,62.89089584350586,65.26147479659343,62.765304350670434,65.01028462441005,11429706
2021-10-29,64.94747924804688,68.71528096654733,57.60027020887787,62.10593261815056,95295024
2021-11-01,62.96941375732422,65.5597786307008,61.63498576351393,65.21439473118,23954010
2021-11-02,62.98508834838867,63.92703879353303,61.93324176824106,63.42466570189014,19613109
2021-11-03,62.90659713745117,64.759100366428,62.6240090976109,63.408970285435366,25307715
2021-11-04,63.37757873535156,63.51887276936711,63.2048868256118,63.48747489364289,1434759
2021-11-08,66.70580291748047,66.97268845059108,63.28338420670136,63.28338420670136,35893830
2021-11-09,69.32757568359375,70.39511798010234,66.70581316921876,66.70581316921876,51756600
2021-11-10,68.982177734375,69.51595596018134,68.74669008842115,69.35895940520369,15949584
2021-11-11,70.1125259399414,70.64629700354423,68.91938512573105,68.99788340679487,23431827
2021-11-12,70.20671844482422,71.58824648772325,69.73574313898393,70.80328524915183,23132022
2021-11-15,69.90843963623047,70.960286471459,69.31187279270343,70.56780223312737,8602539
2021-11-16,68.38561248779297,70.33230944665091,68.04022868287898,69.84563880019282,8030718
2021-11-17,67.64774322509766,68.38560396127072,66.89417996042597,68.3542060907854,18084606
2021-11-18,65.57547760009766,68.29143385780898,65.43418354102,67.67916439281541,28766142
2021-11-22,63.7386360168457,66.06211395531284,63.032173275822124,65.90512463058892,17243226
2021-11-23,66.25051879882812,66.45460854646996,63.644452477598506,63.89564262335452,17089326
2021-11-24,65.41846466064453,66.86278839878462,64.99458977584189,66.59590288122138,11478315
2021-11-25,66.45462799072266,66.75291143535715,64.57072649912472,65.4184764211327,9875469
2021-11-26,62.23154067993164,66.04644381136505,61.729167462660115,65.46557230853087,22881369
2021-11-29,61.93325424194336,63.20488616169966,59.28009424529378,61.6192683014862,14850591
2021-11-30,63.974143981933594,64.46082182341891,61.917550833438774,61.93325336416994,32274063
2021-12-01,64.63351440429688,64.77480124978918,63.267681676929584,64.0526429318934,14136084
2021-12-02,64.64920043945312,64.93178846277219,63.50316019056663,64.08403157932696,13228377
2021-12-03,64.88469696044922,65.87374799117386,64.55501567904533,64.63351395995595,12481431
2021-12-06,65.26146697998047,66.31331357277483,64.88468536009022,64.88468536009022,14751723
2021-12-07,66.06214141845703,67.4122717318865,65.37138091600039,65.74816263848292,23275224
2021-12-08,65.60686492919922,66.86279435196207,65.40277514036045,66.26622751682405,9462426
2021-12-09,65.23006439208984,65.73243745343359,64.11542214102714,64.711988803902,12294123
2021-12-10,64.53931427001953,66.20343042326336,64.39802742304282,65.18298149974058,18276354
2021-12-13,65.60686492919922,66.3761236769326,64.7434053662224,64.93179981019608,27024840
2021-12-14,65.87374114990234,66.84708954875326,65.51266203093641,65.74814966269892,19438713
2021-12-15,65.30856323242188,66.04642389739207,64.80619016662325,65.77953843076503,14031681
2021-12-16,65.05738830566406,66.18772617116468,64.53931259184375,65.62255723841437,23209956
2021-12-17,63.204898834228516,65.35568606928547,62.89091283081743,65.23009454252683,12549333
2021-12-20,61.305294036865234,63.079299279353755,60.17494888035327,63.079299279353755,16835343
2021-12-21,62.63972091674805,63.25199030286105,61.35238639002532,61.35238639002532,10884186
2021-12-22,63.86425018310547,64.11543316370496,62.95369750540754,62.95369750540754,8943987
2021-12-23,65.59115600585938,65.85804152117656,64.17823015305812,64.17823015305812,8703837
2021-12-24,64.0683364868164,65.528362799237,63.55026796595085,65.37137342723423,9183225
2021-12-27,64.9788818359375,65.13587837661846,63.2676727227037,64.05263386657256,8676960
2021-12-28,65.0102767944336,65.6539438974593,64.52360622505569,65.55975028917761,10372101
2021-12-29,65.84236145019531,66.84710799815106,64.9632064241055,64.9632064241055,24965061
2021-12-30,65.92083740234375,66.69010326319722,64.3666247102942,65.87374418572824,42195855
2021-12-31,65.92083740234375,66.87849050268427,65.49696252024161,65.93653993222394,12683187
2022-01-03,66.32901763916016,66.62730103141023,65.77955125828377,65.8580423489732,8974341
2022-01-04,67.86753845214844,68.77808392227521,66.31331864284118,66.72149816338751,31336737
2022-01-05,66.9726791381836,68.10302405052093,66.75289404180555,67.74193775527473,11957511
2022-01-06,66.53311157226562,66.92559579631273,66.12493200370395,66.25053069238581,8820915
2022-01-07,65.32429504394531,67.17679900412955,65.15160308326942,66.53313158216132,12974964
2022-01-10,66.20343017578125,66.40751995972288,65.30857994454622,65.60686335495791,9408897
2022-01-11,66.07784271240234,66.61161381486897,65.48126866860422,66.25053463140863,10022118
2022-01-12,66.12493896484375,66.5488211090562,65.5597699590743,66.2505376667477,7794744
2022-01-13,65.79524993896484,66.65870228593123,65.07309162352354,66.53311078524804,12144687
2022-01-14,69.1077651977539,69.73572975619238,65.43415707988912,65.65394216006358,27463650
2022-01-17,67.97742462158203,69.95551921295235,67.75763952765729,69.70433624846694,28842888
2022-01-18,65.41846466064453,68.60540271444842,65.18297701652916,68.54259978104008,17939775
2022-01-19,65.35567474365234,66.06213773901688,64.36663086204994,65.6696606926521,30378717
2022-01-20,66.67440795898438,66.8157019971683,65.13589044356961,65.62256112490913,20278191
2022-01-21,64.9788818359375,66.45461051117381,64.3666197614225,66.37611224083334,17723898
2022-01-24,61.94894027709961,65.54405755486978,61.24247740711842,64.97888150967528,20025537
2022-01-25,64.11544036865234,64.52361994450793,60.97560245273394,61.63497222392879,29718342
2022-01-27,64.33524322509766,64.77481356253877,62.21585390169199,63.39329241469514,23800311
2022-01-28,65.02599334716797,66.25053207847266,64.47651973391383,64.9160971872145,24666333
2022-01-31,65.84236145019531,68.9978951494188,65.19869412086119,67.4122770330619,53776260
2022-02-01,65.12017059326172,66.70578809521352,63.84853896082368,66.45460514881162,29395494
2022-02-02,66.17202758789062,66.6273003433304,65.46556465990602,65.79524592232967,30206025
2022-02-03,65.29287719726562,66.3918172088021,65.16728569572157,66.25053036282155,11555226
2022-02-04,64.30382537841797,65.8109521247664,64.16253853414662,65.76385171900066,17933076
2022-02-07,63.45607376098633,64.6178094761817,62.67111253514336,64.3352286091674,18325029
2022-02-08,62.63972091674805,64.02124907521582,61.66637234902228,63.48747797548041,26278878
2022-02-09,64.09497833251953,64.30061423593064,62.67134849703768,63.08262030385987,15305202
2022-02-10,64.15824127197266,64.77514890016519,63.43061220355696,64.20569848989317,12104241
2022-02-11,63.3831672668457,64.42716109478923,63.224988578053114,63.54134595563829,11505933
2022-02-14,61.97534942626953,63.082614561645926,61.010441468718355,62.32334248878746,31961610
2022-02-15,62.94026565551758,63.08263010938597,60.931363533375766,62.07027192336596,10746255
2022-02-16,62.956085205078125,63.69953595129165,62.1809914781301,63.19335687389003,13420629
2022-02-17,63.58878707885742,64.7435093169998,62.78206510888369,63.0351509468577,19166469
2022-02-18,63.27244186401367,63.778620935504556,62.95608446992975,63.27244186401367,10616886
2022-02-21,62.68716812133789,63.8577047943693,62.27589632674547,62.63971089851739,10470885
2022-02-22,62.434085845947266,63.304079568113906,61.168634507467466,61.69063508534155,20409699
2022-02-23,62.956085205078125,63.4464427921125,62.449906127676506,62.449906127676506,10145349
2022-02-24,59.428627014160156,62.2442541967561,59.15971967470172,61.912068153053184,24915339
2022-02-25,63.319889068603516,63.636253653556224,60.70990115537117,61.010444252646295,22461840
2022-02-28,66.57842254638672,66.91060138877818,62.070261459908764,62.339168831459524,35587689
2022-03-02,68.334228515625,69.4731294278366,65.66096915258095,65.66096915258095,51608091
2022-03-03,68.03368377685547,69.58385643684704,67.27441169308743,68.96694877390492,28625697
2022-03-04,67.98623657226562,71.10240383851796,67.24278586615245,67.7015149296227,46128378
2022-03-07,67.78059387207031,69.09350221400987,65.34460607953777,67.3218720954569,38244033
2022-03-08,67.38513946533203,68.88786212527636,65.86660255937473,68.47659035556717,20461842
2022-03-09,70.37477111816406,71.29222195847109,67.4484184260349,67.82805450494746,30245265
2022-03-10,68.57151794433594,71.65604989338911,68.22351753711055,71.29223523544837,37328694
2022-03-11,67.95460510253906,69.22005642775054,67.73315492212934,69.04605623695025,29348391
2022-03-14,66.37278747558594,68.36586779581131,66.1829658197347,68.3342320599954,28491564
2022-03-15,65.02824401855469,66.48351684464603,64.30061484646488,65.80333765628268,23328489
2022-03-16,66.11968231201172,66.4044111234801,65.36041754968683,66.08804658195461,23656146
2022-03-17,66.2462387084961,67.00550354228534,65.48696663375169,66.49932457277413,36269526
2022-03-21,66.08805847167969,67.82805290167583,65.4553365157519,66.43605880587008,38413833
2022-03-22,66.37278747558594,66.64169485049905,64.85425043355498,66.21460155555062,19632078
2022-03-23,65.61351013183594,67.6698690016077,65.43950997816638,67.6698690016077,33279774
2022-03-24,66.12337493896484,66.61731200497775,65.0877124450348,65.61350841898386,15609300
2022-03-25,65.64540100097656,66.34647230625015,65.31080210241824,66.31460609180216,22413369
2022-03-28,65.34265899658203,65.90032861044087,64.86465855433387,65.64539163751148,13461477
2022-03-29,66.09151458740234,66.47391633466282,65.48604940890216,65.64538043121624,12104067
2022-03-30,66.4261245727539,67.52552704621782,66.17119489410018,67.52552704621782,22181898
2022-03-31,67.17498779296875,67.66892495907352,65.88438813066693,66.98379054437126,21738033
2022-04-01,68.54524993896484,69.15072242123615,66.99972076256103,67.22278419750862,45845880
2022-04-04,69.93145751953125,70.21825337322142,68.76832276752025,69.31005556264202,29426580
2022-04-05,69.66059112548828,71.2857895109357,69.31005556614224,70.55285947998345,29299197
2022-04-06,70.10672760009766,70.42538967021189,69.2144592163633,69.46938887245469,27765654
2022-04-07,74.67959594726562,75.81086450545686,70.6006558965156,70.74405747175382,162897504
2022-04-08,76.35259246826172,77.18112107346886,74.87078844087414,76.06578933595875,86792331
2022-04-11,77.7387924194336,79.0931243678483,76.81465788589567,77.06959481991264,53098242
2022-04-12,77.24485778808594,78.5195204977372,75.66745520884349,77.73878758230656,34166946
2022-04-13,78.74260711669922,79.74640365626121,77.77066949292148,77.77066949292148,35185764
2022-04-18,81.24411010742188,81.67431473169395,77.8343757805658,78.39204520001239,58066713
2022-04-19,79.7623291015625,82.69406372150705,79.04532854906388,81.26006261650981,39192846
2022-04-20,80.71833038330078,81.45126039638284,79.85792825575098,80.52712585845258,31402827
2022-04-21,80.59088134765625,82.43914349182401,80.27221193963024,81.0848112717029,32102493
2022-04-22,80.1925277709961,81.7858672195191,79.93759812720482,80.44746470849427,14025423
2022-04-25,78.32833099365234,79.66673353493593,77.35639347045723,79.66673353493593,15988692
2022-04-26,79.82606506347656,80.75019963628691,78.7107332523084,78.72666270865133,16455561
2022-04-27,78.55138397216797,79.33211686047844,77.38824936676299,78.88598273948587,13818495
2022-04-28,78.59919738769531,79.66673352939927,77.59539365837563,79.66673352939927,9256521
2022-04-29,76.01799774169922,79.61893771402285,75.44439868508961,78.94974003026293,21932493
2022-05-02,75.89053344726562,76.28887200379718,74.47246890014338,74.88673691445985,13942155
2022-05-04,73.67578887939453,76.43225571562941,72.91098537521403,76.16138932742105,16041333
2022-05-05,74.8548583984375,75.97019012719917,73.930723893907,74.83892164956495,18857412
2022-05-06,72.703857421875,74.64772505956738,72.41705428938488,74.01038638596857,16795458
2022-05-09,71.85939025878906,72.3851936105892,70.58472740170355,71.70005922508017,23472795
2022-05-10,71.0308609008789,73.10219349383375,70.77592395571008,71.700058529673,13234959
2022-05-11,69.78804779052734,71.76378150434036,68.75237798340514,71.66818289761511,17541396
2022-05-12,69.56498718261719,71.11052374373992,68.87986008807967,70.10672728680497,23454804
2022-05-13,69.70838928222656,71.92312349788568,69.18259321809795,70.23419264006245,12118287
2022-05-16,72.28958892822266,72.5126523567092,68.92764969609036,69.72431938524117,15258537
2022-05-17,74.16973114013672,74.53619616836073,72.06652500460518,72.91099043267172,17055900
2022-05-18,74.28125762939453,75.60373072272716,73.93072935905874,74.72739181261991,18878982
2022-05-19,72.49671173095703,73.54831089062948,71.44510527757912,73.1340430078513,11176905
2022-05-20,74.87079620361328,75.95426184917056,73.14999181879267,73.61206276944395,17729133
2022-05-23,73.7395248413086,76.5437947667822,73.38898927719761,75.28506137970054,15413691
2022-05-24,73.81919860839844,74.36093144470037,69.81992745920219,70.10673062840088,36815832
2022-05-25,72.1302490234375,75.03011729204957,71.85938264796698,73.93072233533734,12376107
2022-05-26,72.01872253417969,73.14998371900913,70.93524971488625,72.40111698294686,11313504
2022-05-27,73.5802001953125,74.13786979627932,72.40112857504685,73.29339701911066,11187723
2022-05-30,73.50051879882812,74.98232280652859,72.97472278820055,74.53618865871051,8326164
2022-05-31,74.80706024169922,75.18946200838542,73.18186185041668,73.73952410369813,13674072
2022-06-01,78.42391967773438,78.93378620596259,74.80705103004732,74.9982482429931,34360020
2022-06-02,78.31238555908203,79.52332314129872,77.80251902280823,79.09311846482296,26049855
2022-06-03,77.19706726074219,79.01347030208939,77.03773621981964,78.71073767748278,11056728
2022-06-06,77.56353759765625,78.18493964024402,75.93833898815717,76.76687504494087,13057254
2022-06-07,78.32833099365234,79.20466260455736,77.16519623329118,78.39206340604103,28241430
2022-06-08,78.16899871826172,79.81013399224811,77.77066746315313,78.69480210171947,24623397
2022-06-09,78.24866485595703,78.8541300907604,77.46793183345639,78.13712948311198,6650814
2022-06-10,78.61512756347656,78.85412775895854,76.95806294519815,77.43606333616212,9887892
2022-06-13,75.04605102539062,77.43605265040307,74.8389170649758,77.43605265040307,13056528
2022-06-14,76.9102554321289,77.2448615209459,74.58398602809473,74.58398602809473,11702244
2022-06-15,76.52787017822266,77.64320206059324,76.11360217496019,77.46793426738931,9599067
2022-06-16,74.05818939208984,77.72286123992261,73.64392144206724,76.86245913554541,12906030
2022-06-17,74.79112243652344,76.04986308696067,72.91098712940926,73.29338889069989,20333781
2022-06-20,72.38519287109375,75.28506141721334,71.28579051546603,74.88673019015692,12914700
2022-06-21,73.37305450439453,74.05818883291937,72.73572312886007,73.24558968802896,12811437
2022-06-22,71.9709243774414,73.27746071225118,71.71598743423414,73.0225237690439,11056173
2022-06-23,72.30553436279297,72.75166861206749,71.7159985166609,72.2736681516811,9004842
2022-06-24,74.40872955322266,74.53619437846449,72.75165765025054,72.95879163812205,9668958
2022-06-27,76.49597930908203,76.8943177645492,74.79111201730383,74.88671791458775,14977953
2022-06-28,75.34879302978516,76.6393926102031,74.82298968894112,76.30479379953283,9497565
2022-06-29,75.23725128173828,75.74711782945457,74.63178612389515,74.85485684123088,20182623
2022-06-30,74.59992980957031,76.22512827828415,73.8669924473593,75.04606400967542,19573899
2022-07-01,73.22965240478516,75.04605519956694,72.41705326582414,74.24938551568209,15324042
2022-07-04,73.19778442382812,74.13785564910808,72.32145289842498,72.87911509926954,13538427
2022-07-05,73.03845977783203,74.8548626869173,72.68792421961925,73.86698842400726,14922519
2022-07-06,73.62798309326172,73.83511706377242,71.42918586730276,73.22965190091337,21103464
2022-07-07,75.41253662109375,75.79493844442146,73.64393639362468,73.77140123683122,19351467
2022-07-08,75.20539093017578,77.26079402951508,74.39279174030871,75.87459584054812,21179418
2022-07-11,74.80706024169922,75.97019499794509,74.50432763707053,75.1416590524095,10090566
2022-07-12,74.01039123535156,75.46032915440112,73.35712306364736,74.4087297558778,12953874
2022-07-13,74.3927993774414,74.98233518684386,73.61206631327978,73.8988694891263,12866319
2022-07-14,75.65152740478516,75.82679518916814,74.45652641463498,74.56806178537092,16879224
2022-07-15,78.23274230957031,78.61513683246136,75.6515355178078,75.68340172804872,24300105
2022-07-18,81.08480072021484,83.10833770449882,79.39586985298493,79.58706709669526,114055476
2022-07-19,81.30786895751953,82.42320076551616,80.31999468102524,80.81393181927238,30352653
2022-07-20,81.22819519042969,82.3753931396989,80.62273001129908,82.24792832171492,16157313
2022-07-21,85.62580108642578,86.00820285209203,81.06886798554854,81.26006522152815,56209248
2022-07-22,85.02033233642578,86.07193167791297,84.57419817735443,85.99226251938735,28925541
2022-07-25,86.0560073852539,87.44221301697665,85.418675905916,85.94447929962253,27481563
2022-07-26,85.05220794677734,86.35874436380863,83.80940394613184,86.27907519647263,16387791
2022-07-27,87.04386901855469,87.26693245088842,85.33899424975247,85.4823958173918,26434413
2022-07-28,86.78893280029297,88.2388706503373,86.40653104801811,87.31473612138423,26787639
2022-07-29,87.69713592529297,88.04767149405309,86.67740271954281,87.31474144341708,14660187
2022-08-01,90.56513977050781,91.71234511586401,86.9642072851547,88.01580671478405,24181113
2022-08-02,89.86408233642578,91.47335145005118,88.93994767012315,91.10688639260417,32577612
2022-08-03,88.22293853759766,90.53327133454643,87.314740710208,90.18274306243701,15700254
2022-08-04,90.54920959472656,91.6167457664032,87.9361368513637,88.6690742017751,39839988
2022-08-05,87.99987030029297,90.8200695422811,85.16373430904129,90.78820333746076,80363784
2022-08-08,90.30679321289062,90.8675084239682,88.04792324858423,88.25618847935355,21774303
2022-08-10,92.0850601196289,92.37342228689326,89.95435110501874,90.29077730026434,28967340
2022-08-11,92.10108947753906,93.63904325238798,91.52435772866347,92.43751571992131,23053884
2022-08-12,93.27056884765625,93.60699506148175,92.02097738654273,92.27730666069733,13774848
2022-08-16,94.11964416503906,94.6322953683075,92.96618079107041,93.71913747504408,18326535
2022-08-17,93.35067749023438,94.74444644140874,93.11037199289109,94.60026167629441,12973041
2022-08-18,92.51760864257812,94.3599481883495,91.87679648177529,93.25454152747021,16134525
2022-08-19,91.34812927246094,93.62302327053327,90.78741400057982,92.75792201302981,17598678
2022-08-22,92.6297607421875,92.99822721481767,90.61118870324952,91.31608873806387,18811092
2022-08-23,95.62557220458984,95.99404604280221,91.92486870064727,92.0530296877425,30535758
2022-08-24,94.21577453613281,96.41057166257576,93.3987372847975,96.12220212279058,20796507
2022-08-25,95.06486511230469,95.89791886979164,94.53619003525698,94.69639127063093,22580238
2022-08-26,97.83638000488281,98.65341724870055,95.32118045020098,95.32118045020098,31345068
2022-08-29,98.95779418945312,99.742791116621,96.33045768492269,96.69892413368694,27834195
2022-08-30,98.20484924316406,99.9190280577819,97.13149001047925,99.74280303942743,25458348
2022-09-01,102.46625518798828,102.7866649391146,98.04463582344322,98.31698154516114,33768936
2022-09-02,103.98818969726562,105.63828777330508,102.69054160515759,102.85074280988047,37018653
2022-09-05,105.06156158447266,105.3819640106358,103.92411463773988,105.04553779639377,24073551
2022-09-06,104.34065246582031,106.95196542369638,104.068299384109,105.55819643797928,28364094
2022-09-07,105.4941177368164,105.65431896388448,104.37269448025569,104.58095974221524,14016204
2022-09-08,105.14166259765625,106.18298885688331,104.80523637038034,106.05482788145282,13824843
2022-09-09,105.14166259765625,106.63155960443176,104.99747783352608,105.4140083372169,16733637
2022-09-12,108.47390747070312,108.87441421588557,104.4688180182518,105.68636204370674,39074646
2022-09-13,107.59278106689453,109.45114453581598,107.35247557235368,109.09869452154494,18851928
2022-09-14,107.62482452392578,108.76227154318518,106.71165921728138,107.33645498845031,48838458
2022-09-15,106.79176330566406,110.20410435736996,104.38870829278439,110.20410435736996,25552945
2022-09-16,106.69564056396484,109.0986955316217,105.20574355060087,107.03206679272844,27675466
2022-09-19,106.21502685546875,109.33899823357078,105.7344158742223,107.99328601937236,18503444
2022-09-20,105.92665100097656,107.75297408724329,105.73440955338685,107.17624241093304,13735873
2022-09-21,104.24452209472656,106.26309414467758,103.47554890128305,106.11890937917511,16931740
2022-09-22,105.73441314697266,107.65685702237215,103.42747902978498,104.38870096748472,20701188
2022-09-23,102.51432800292969,106.6956422458562,101.98565296829472,106.26309527827625,15215768
2022-09-26,96.79505157470703,100.92830907003966,95.64158811875187,100.92830907003966,41567351
2022-09-27,95.88188171386719,97.90044617797726,94.63229034708715,97.32371452159451,28782718
2022-09-28,95.3051528930664,97.03534791369256,94.77647791442054,95.16096814129561,24892912
2022-09-29,95.16098022460938,96.79505472939293,94.53618444329494,96.0260815115415,74476855
2022-09-30,97.03534698486328,97.41983720805798,92.51760702956337,95.4973934256255,28502920
2022-10-03,94.6323013305664,99.00586428837236,94.29587510309096,97.51596728071317,21407465
2022-10-04,98.09270477294922,98.47718769333603,95.9780120431136,96.36250229704204,14768228
2022-10-06,100.59187316894531,100.92829936679307,98.42912389679974,98.95779154097734,20520361
2022-10-07,102.12984466552734,102.37015018238742,99.96709501378677,101.12055856129813,20045623
2022-10-10,100.3996353149414,101.50504208548523,99.91902431327382,101.02443108381765,11511957
2022-10-11,99.0539321899414,101.31280247241139,98.57332117947793,100.92831219733219,11739022
2022-10-12,99.24616241455078,99.43840386353537,97.08341311253878,98.66943073405582,6659580
2022-10-13,97.46791076660156,100.3515767222197,97.1314845384878,99.2461699725244,7795689
2022-10-14,96.89117431640625,99.58259134358667,96.55474077115997,99.00585964730097,7476515
2022-10-17,97.85240173339844,98.76555969251592,96.07413518110364,96.60281021019806,9943468
2022-10-18,101.8414535522461,102.75461872312452,98.09269414966788,98.38105630872883,21766333
2022-10-19,101.79341125488281,104.9654394543892,101.2166795216582,102.51432775479907,22878764
2022-10-20,103.81197357177734,104.9173803126296,102.41820463779516,102.65851013217427,25579790
2022-10-21,99.5345458984375,104.72513908530831,98.71750129166874,104.34065613334917,19880033
2022-10-24,100.7360610961914,101.26472875703537,100.30350682800126,100.54381231025978,3728536
2022-10-25,100.97637939453125,101.40892638407962,99.53454631798036,100.92831535856264,13217298
2022-10-27,103.66778564453125,104.67707162353709,101.1205460151453,101.5531002919513,29990758
2022-10-28,101.26473999023438,104.34065490447658,99.870970971942,103.81197985144587,20059496
2022-10-31,102.70655059814453,103.04297677039476,101.07247642804882,101.79339279724525,12793983
2022-11-01,104.29258728027344,106.11891055188984,102.6104487757529,103.1391238105904,26521676
2022-11-02,102.94686889648438,105.97471949152187,102.65850671295885,104.29258108689453,19881462
2022-11-03,105.68635559082031,107.84910508313075,102.3701426360277,102.65851216841916,34173239
2022-11-04,104.72513580322266,107.08013414464907,104.38870956403088,106.31115359774616,22356935
2022-11-07,105.39798736572266,106.0227830944862,104.58095018205098,105.15768188031679,15333789
2022-11-09,103.86002349853516,106.8878664496584,103.47553329303898,105.9266446026883,17033165
2022-11-10,102.56237030029297,104.29257259472784,100.63992656582795,103.86002568788956,12937603
2022-11-11,103.13912200927734,104.2445214261088,102.56238295096662,103.81197446591752,11075218
2022-11-14,102.46625518798828,103.47554113723434,101.3608485134667,103.13911493199942,10547759
2022-11-15,102.89881896972656,103.23524520607944,101.36085788889866,102.56238539983175,11675691
2022-11-16,104.10034942626953,105.54218248018717,103.18718409199641,104.72513788280013,27372424
2022-11-17,106.31114196777344,107.03205840155157,103.908087188513,104.00420791297518,26985734
2022-11-18,103.18717956542969,107.08013157364995,102.2740216047567,106.55145654365496,23962357
2022-11-21,101.69727325439453,103.04297795891713,100.4476819332914,102.94685724195703,16407321
2022-11-22,103.2833023071289,103.61973587832908,100.97637534402008,101.12055277905792,11999335
2022-11-23,102.754638671875,104.86932424969632,102.22596361064853,103.81198146078566,21024176
2022-11-24,102.85074615478516,103.23523639216552,101.93758825785545,102.85074615478516,12820212
2022-11-25,102.99493408203125,103.81197127816031,102.51432310389163,103.13911884218145,8834584
2022-11-28,103.2352294921875,104.53287753976609,102.80267525396742,102.94686000004079,11289089
2022-11-29,102.03370666503906,103.71584499850188,101.16860548397852,103.71584499850188,8717535
2022-11-30,101.02442169189453,102.41819786728067,100.1112638070363,102.37013383816551,27869373
2022-12-01,100.11125946044922,102.2259446459597,99.82288996536101,101.55309226880843,19098551
2022-12-02,102.03370666503906,102.32206883636515,100.25544760780087,100.49575308400985,13020973
2022-12-05,103.2833023071289,103.4274870757087,100.9283113099795,102.22595956011371,17476086
2022-12-06,101.60115814208984,104.19646183174994,101.40891668368904,103.09105511209147,13880227
2022-12-07,101.60115814208984,102.99493438289107,101.36085265231807,102.12983315300437,11943855
2022-12-08,101.2166748046875,101.40891626228945,100.20738881842345,100.92830528474305,15789329
2022-12-09,101.69727325439453,102.75461580803685,100.4476819332914,101.88951468831472,12630851
2022-12-12,100.49574279785156,102.41818641075324,99.96706787088743,101.88951148378912,19335542
2022-12-13,101.07249450683594,101.31280000621808,100.35157800868951,101.02443047354276,7421330
2022-12-14,101.36084747314453,101.55309625526367,100.78411579386949,101.07248530027759,6168426
2022-12-15,99.24616241455078,101.55309647007182,98.76555145854812,101.16860623856145,10186774
2022-12-16,95.59351348876953,98.42912244842603,94.05555994013838,98.28493769902977,38364152
2022-12-19,96.55473327636719,96.9392234885598,93.95943717776345,95.59351141265604,22872344
2022-12-20,97.37178039550781,97.66014256239826,95.1609671149758,96.84310542256375,10478941
2022-12-21,95.35320281982422,98.236868316394,94.63228644568179,97.90044214183564,11606766
2022-12-22,94.44005584716797,96.0260735189432,93.04628696401056,95.64158327524899,14577136
2022-12-23,92.80598449707031,95.30516016206057,92.27730947810201,95.11291136718953,23099245
2022-12-26,95.40128326416016,95.97801499602605,90.97966354179914,92.85404350374877,12096095
2022-12-27,96.36249542236328,97.0353478185793,94.58423637504285,95.929948501016,10240049
2022-12-28,95.88188171386719,96.98728833316632,95.40127077795808,95.73769696638627,9470020
2022-12-29,95.06486511230469,95.9299664504089,94.48813333141604,94.68037481386476,11367064
2022-12-30,96.02608489990234,97.4198539482485,95.40128909654148,95.54547387170818,9236774
2023-01-02,96.36249542236328,97.27565329344803,96.02606922425527,96.50668017399273,6973552
2023-01-03,96.45862579345703,96.98730082446312,95.92995809599279,96.41056909380129,8833881
2023-01-04,94.9206771850586,96.98730605377085,94.63230763740862,96.79505724415678,8927128
2023-01-05,96.07412719726562,96.26637597984293,94.48811690886471,95.1609693140323,10448282
2023-01-06,95.11290740966797,96.60280434037385,94.8726019262342,95.92995192017585,7215940
2023-01-09,96.1221923828125,97.75626671990379,95.64158142089843,96.02607165713795,11920266
2023-01-10,95.3051528930664,96.21831076504623,94.48811574442007,96.12219004171274,10397112
2023-01-11,96.31443786621094,96.84311287986506,95.68964945639993,96.45862262752948,11130194
2023-01-12,95.54546356201172,96.60280624323937,95.06485258567719,96.55474221218931,9299447
2023-01-13,96.07412719726562,96.2183119508133,93.62301572111981,95.64158027016377,11684608
2023-01-16,98.1407699584961,99.00587127126414,96.31444659455073,96.55475210734507,16485682
2023-01-17,98.90974426269531,99.00586499501124,97.564032009647,98.38106923464504,11762030
2023-01-18,98.71748352050781,99.9670748900498,98.14075186285032,99.10197373679311,13005273
2023-01-19,98.86167907714844,99.0058638407122,97.9004570981124,98.04464186167615,4842895
2023-01-20,97.85240173339844,99.39035545411612,97.6601529348451,98.90974445804548,7912700
2023-01-23,97.61209106445312,98.52524897519692,97.17953679077863,98.38106421730542,9725869
2023-01-24,96.74698638916016,97.90044974393984,96.26637543574509,97.6120875720155,10169994
2023-01-25,95.3051528930664,96.98729121879637,94.96872669462863,96.31443148837973,9232812
2023-01-27,90.64323425292969,96.07413248954549,88.86496775045379,95.73770626842953,24624255
2023-01-30,85.50069427490234,89.34558228876718,83.62631430156,89.34558228876718,62828817
2023-01-31,91.26801300048828,92.5176043563804,85.59680987300776,86.7983372023114,59004021
2023-02-01,87.42314147949219,93.47884325624415,85.59682547293914,93.238537746588,44092961
2023-02-02,89.48976135253906,89.87425159612918,84.87590043008188,86.07742785783762,24502896
2023-02-03,90.21067810058594,90.73935310392274,88.14404945146228,89.77813115861326,15906920
2023-02-06,90.8354721069336,91.31608307046234,89.58588066834231,89.87425017987609,7015869
2023-02-07,90.78741455078125,91.4122103146281,90.11456208727964,90.83547858397787,10315670
2023-02-08,92.37342834472656,92.56567713571815,90.6912899246432,91.26802163053492,11577350
2023-02-09,92.0850601196289,92.950153954963,91.84475464680476,92.6137277597174,6577385
2023-02-10,93.1007080078125,93.48762151704399,92.23015445698198,92.42361490147842,10685751
2023-02-13,91.55307006835938,94.01963008752419,91.35960960544158,93.10071687289138,13582939
2023-02-14,91.50469207763672,92.0366990618295,90.0537719895777,91.69815251723463,9624926
2023-02-15,91.55307006835938,91.6981635706072,90.34396984923092,90.97270343913013,11575131
2023-02-16,94.5516357421875,95.1803693228194,91.16615517852861,92.76216892020591,32927840
2023-02-17,93.29417419433594,95.42219510453377,93.05235413952454,94.35818833931607,20383244
2023-02-20,91.79487609863281,93.5843426738077,91.11777565143086,93.53597572052149,17505922
2023-02-21,92.42362213134766,93.0523483307996,91.5047015525698,92.81052829108364,11933886
2023-02-22,91.89160919189453,93.00398277911712,91.69815612444776,92.56870230771969,14589841
2023-02-23,92.27853393554688,92.56871357202779,90.58579356023985,91.98834691930357,16196352
2023-02-24,92.23014831542969,92.76215527766713,91.89160178480626,92.52033527297027,8061923
2023-02-27,92.27853393554688,92.56871357202779,90.10215345300927,92.23016697291887,13928820
2023-02-28,91.50469207763672,93.00397912053552,91.31123901779999,92.0366990618295,10965145
2023-03-01,93.87454223632812,93.92290181634547,91.6981618819752,92.08506804116172,14285091
2023-03-02,93.5359878540039,94.35818188795844,93.05234777744802,94.01962793055979,10048980
2023-03-03,92.71379852294922,94.50326527858758,92.47197849165319,94.06799217415939,7938348
2023-03-06,93.29417419433594,94.06800132163741,92.7621745016083,93.19744764836386,8289319
2023-03-08,92.95561981201172,93.24580680539812,91.40797306672846,93.10071330870493,14292676
2023-03-09,92.3268814086914,93.72944196355573,92.1334283430777,93.0039818978622,7884249
2023-03-10,91.79487609863281,92.37524263926237,90.48904953727606,91.21450955800324,9620249
2023-03-13,89.32831573486328,91.79488294110008,88.89304264188573,90.97269633227499,11482697
2023-03-14,89.71522521972656,89.90867827907756,88.21593818059216,89.81195174940207,14285446
2023-03-15,89.57012176513672,91.16613515629177,89.1832083097415,90.44067519483586,8318506
2023-03-16,88.89303588867188,89.6668554818183,86.71665582960094,89.6668554818183,12278142
2023-03-17,90.3439712524414,91.60143107200845,89.86033115727818,90.0537842434386,13158718
2023-03-20,89.61849975585938,90.29559285140155,88.74794621890425,89.95704630363046,6579446
2023-03-21,90.05377960205078,90.39232617526385,89.3283194966963,89.95705306395588,5886671
2023-03-22,89.61849975585938,90.87595941611788,89.47340626973998,90.44068633752096,6096408
2023-03-23,89.08650207519531,89.71523566090066,87.87740186413197,89.27996253682267,9969670
2023-03-24,89.13517761230469,92.00736213630374,88.79440366186999,91.47186658118042,16650432
2023-03-27,89.32990264892578,91.2771484832348,88.94045199643331,90.64429210145369,15959308
2023-03-28,87.91815185546875,90.0601192889168,87.62606201083796,89.32990210549315,14999850
2023-03-29,89.13517761230469,89.62198905217932,87.52869837508781,87.82078078212075,36103221
2023-03-31,94.97692108154297,95.85317578791047,91.7639623976836,91.7639623976836,64455094
2023-04-03,94.05198669433594,96.38868353847532,93.27309269839247,96.33999941391127,24154016
2023-04-05,95.65845489501953,95.85317651387518,92.54286442440757,92.54286442440757,24875169
2023-04-06,96.145263671875,96.38866940268987,94.97691913522496,95.0255958244959,11440418
2023-04-10,97.26493072509766,97.89778710567981,96.14526288686051,96.29130780978767,10870304
2023-04-11,97.36229705810547,98.28723590889597,96.19395246466972,97.75174773196865,8458648
2023-04-12,98.14119720458984,98.43327963529683,96.87548438706521,97.50834079582752,8938731
2023-04-13,98.23856353759766,99.11482573528764,97.8491128466072,98.14120272188856,9153834
2023-04-17,98.72537231445312,98.8227331274701,97.3622986477538,98.33592163423134,8323162
2023-04-18,100.23448944091797,101.11075166643191,98.53064911336756,98.72537817912307,19758227
2023-04-19,98.72537231445312,100.38052842020339,98.57932738085071,100.28316760718641,11271768
2023-04-20,100.13712310791016,100.57525791061771,98.67668862185948,98.82273355609534,13241812
2023-04-21,100.08844757080078,100.7699807008979,99.50426782711295,99.99107932808347,5625649
2023-04-24,99.11483001708984,100.47789635221031,98.82274012919007,100.08845307254984,5994078
2023-04-25,98.48196411132812,99.30954214356038,98.09251344082067,99.11482052238351,5696053
2023-04-26,98.96878051757812,99.21218627023909,97.75175175427331,98.14120244416166,4576455
2023-04-27,98.7740478515625,99.4069042710014,98.48196541592795,98.53064210779014,5362153
2023-04-28,100.57524108886719,100.72127857052357,98.57931132049971,99.26084432873839,11812226
2023-05-02,101.54887390136719,102.3277677833446,100.76997259123637,101.25678405302978,13598952
2023-05-03,103.54479217529297,103.73952120888615,100.91601336108647,101.40282480283976,16034319
2023-05-04,104.42105865478516,105.3946815793053,103.69084146139505,104.12896880616775,15414305
2023-05-05,103.49613189697266,105.10260396693674,103.00932037803705,104.22634917537607,9315810
2023-05-08,104.4697494506836,104.66447107677418,103.20403659663314,103.4961264639229,6721354
2023-05-09,104.7131576538086,105.29732997393815,103.78821133779556,104.37238365792513,10063354
2023-05-10,105.19995880126953,105.73544694693658,104.42105749901323,105.05391387857732,10360986
2023-05-11,105.7354507446289,106.12490140974494,104.66446698667505,105.39468419820999,9435021
2023-05-12,104.4697494506836,105.78413899717975,103.78820890305877,105.78413899717975,6855025
2023-05-15,104.81050872802734,105.73544752992231,104.08029153869342,104.27501315125444,7833289
2023-05-16,105.58940887451172,106.22226529513328,104.56710920564964,104.85919164183002,9051577
2023-05-17,105.39468383789062,106.85511825596762,105.10259398301379,105.93017942911362,9456088
2023-05-18,104.95655059814453,106.36830081852501,104.4210550369502,105.63808365043445,7220608
2023-05-19,104.17765045166016,105.00522843223428,102.91193770855625,104.95655174405536,9255095
2023-05-22,107.5366439819336,108.36422937135706,104.76182026324909,105.68676645491264,27946526
2023-05-23,105.05391693115234,108.1208306841917,104.90787200421646,108.02346244746542,15214733
2023-05-24,105.93017578125,106.41698723717825,104.46974141346523,105.05391367494848,10722681
2023-05-25,106.70906829833984,107.82873611838258,105.15127314478843,105.15127314478843,11158044
2023-05-26,107.7800521850586,108.07214202666222,106.22225702886348,106.66039179126892,7958341
2023-05-29,108.5102767944336,108.85105077570037,107.29324808463441,108.07214943016739,10330215
2023-05-30,108.31556701660156,109.62995668128447,108.07216124802494,108.51028866020106,7803617
2023-05-31,109.19181060791016,109.48389302339164,107.29324148059068,107.63401544088235,15741522
2023-06-01,109.92202758789062,110.45751572937105,109.04576548674152,109.24048709670652,9185292
2023-06-02,110.31147766113281,110.50619927008313,109.04576491849612,110.40883846560797,9939324
2023-06-05,112.59950256347656,115.52037159273327,110.3601666697848,110.3601666697848,35214281
2023-06-06,114.93620300292969,115.3743304002766,112.84291197839084,113.18367855723338,18999553
2023-06-07,114.93620300292969,115.86114192095287,114.40070735892405,115.61773616061474,11262532
2023-06-08,114.44937896728516,115.56903939988297,113.32971110653385,115.37431778416686,11188999
2023-06-09,117.17552185058594,118.24650562187118,113.62179655791581,114.88750937825981,19873573
2023-06-12,115.95848846435547,120.63188145879008,115.6177219274631,117.75968938348947,24331332
2023-06-13,118.87935638427734,119.22012291874879,115.7637660288908,116.73738894346826,16552079
2023-06-14,118.19782257080078,119.90166266057876,117.9057327270061,119.1227613625618,8660080
2023-06-15,118.73332214355469,119.5122235165535,116.88344438195202,118.19783394925277,13948239
2023-06-16,121.89759826660156,123.89352841468124,118.44124102705301,119.0740974711871,32649860
2023-06-19,121.55682373046875,123.01725815437062,121.16737306513086,123.01725815437062,10053869
2023-06-20,121.84892272949219,123.40671807957992,120.63189395158706,121.70287779051274,15471361
2023-06-21,119.56090545654297,122.96858590197037,118.53859835165319,122.82254096867842,14141162
2023-06-22,120.19374084472656,123.99087153961074,119.56089191904006,120.29110907466574,25032998
2023-06-23,116.88343811035156,120.63188498195113,116.34794251662865,120.48584005383091,12413343
2023-06-26,118.19782257080078,119.31749040114269,116.83474901334773,117.8083719217923,17369553
2023-06-27,115.27696228027344,119.36617582368672,114.7901507904312,118.87936433384448,19093714
2023-06-28,117.56497192382812,119.17145128667887,114.98486960508647,116.0071766800334,61890385
2023-06-30,122.43309020996094,123.35802907328757,117.56497529107581,118.19783171616166,27973500
2023-07-03,120.48583221435547,122.67648370916193,119.46352521218454,122.67648370916193,15492508
2023-07-04,118.83068084716797,120.9239641912753,118.34386938516099,120.72924257773387,7595425
2023-07-05,118.5385971069336,120.48584305530211,117.85706399626612,119.31749845754251,15615891
2023-07-06,121.50814819335938,121.8002306240203,118.68464012804849,119.07409079708339,16906327
2023-07-07,120.77792358398438,122.57912446138104,120.38847293878027,121.07000599677255,22837962
2023-07-10,119.75562286376953,121.36210221708497,119.26881138871356,120.92396743264243,9068813
2023-07-11,124.03956604003906,125.25658730649303,120.14507421729469,120.1937509081868,46215137
2023-07-12,124.282958984375,125.1105369258806,123.21197532900582,124.91581532605089,18031857
2023-07-13,122.18968200683594,125.40264075995049,121.702870524737,124.38033367628121,12374030
2023-07-14,123.79615783691406,124.13692437899039,120.82660490991995,122.67648997453168,9577719
2023-07-17,123.79615783691406,124.86714158121974,123.06594063468471,124.42901423114354,9411535
2023-07-18,123.74747467041016,124.91582665985342,121.94627371002453,124.331646951055,8994063
2023-07-19,123.5527572631836,124.38033530797773,123.35802821089722,124.38033530797773,8975718
2023-07-20,122.6764907836914,123.89351946210104,122.23836343072536,123.65011372641911,10187180
2023-07-21,121.65418243408203,123.30934587608083,121.45946081886028,123.01725602509472,9926528
2023-07-24,122.6764907836914,124.38033093346489,121.70286784096369,122.04363438528767,13121674
2023-07-25,123.69880676269531,123.84484427210998,122.04364318383956,123.21199525623553,7151050
2023-07-26,122.6764907836914,123.9908802707431,122.33572423936742,123.69879784481692,12681896
2023-07-27,123.89351654052734,125.4026350374297,122.67648789081686,122.87120950350919,11597763
2023-07-28,126.71701049804688,128.22612891673705,124.62372727155487,125.84075585819114,37245053
2023-07-31,127.25252532958984,127.54461520590318,125.45133166222273,126.86308206537755,16197160
2023-08-01,127.00911712646484,129.7352644923116,126.61967386976157,127.5446127466628,17079508
2023-08-02,122.04362487792969,127.2525057301136,120.4371456619451,127.0091000133933,20816954
2023-08-03,121.36209869384766,123.16329961363375,120.24243084809304,122.23836080914054,12415922
2023-08-04,124.23429107666016,124.67242587566086,122.18968429911844,122.96858565635046,10589274
2023-08-07,125.15923309326172,125.79208206773066,123.26066388539405,125.061864855817,8339894
2023-08-08,125.74340057373047,126.57098604036355,124.23428942783377,125.30527320869841,12505272
2023-08-09,128.2261505126953,128.90768366473483,125.5973712940809,126.37627269197256,13111006
2023-08-10,125.98680877685547,129.6378949839472,125.69473376533438,128.12879123672886,11116731
2023-08-11,128.56692504882812,129.73526972234552,126.13286745553835,126.76571648727027,10967883
2023-08-14,127.05780792236328,128.46955837246114,126.03550074942734,128.46955837246114,8529502
2023-08-16,127.8366928100586,128.42085765029793,126.03548445929691,127.3011972309424,7062446
2023-08-17,125.88050842285156,128.71698577757562,125.4403697594743,128.57026294011123,7162118
2023-08-18,124.36447143554688,126.76080270299437,123.97323291614175,125.44037176722036,8997702
2023-08-21,126.41845703125,126.85859567624456,124.36446425085256,124.41336439904437,5063202
2023-08-22,130.37973022460938,130.77096124577352,126.51626792371293,126.85859133610487,20596242
2023-08-23,130.47752380371094,132.43370865788654,129.89067730216186,131.01547762351044,19426832
2023-08-24,131.4556121826172,132.53151978908357,130.67315020464773,132.09138119534933,17543374
2023-08-25,130.47752380371094,134.92784733186167,130.13520040893383,134.2431856178014,33919926
2023-08-28,131.94468688964844,133.41182580209602,131.65127104676594,133.11840995921352,13346571
2023-08-29,131.6023406982422,132.8738638542868,131.16220208543996,132.33591002774799,11118400
2023-08-30,131.6023406982422,132.53152553071496,131.30890998153862,132.53152553071496,12555619
2023-08-31,130.28192138671875,132.09139852834983,129.3038288614063,131.60235226569358,14954352
2023-09-01,134.83006286621094,135.36800182463173,130.96658538622887,131.11330822221362,23415545
2023-09-04,137.47091674804688,139.23148639800488,136.15048577945123,136.44391654186234,28262276
2023-09-05,136.6395263671875,138.79132699412983,136.15048009176843,138.2044804183317,11695197
2023-09-06,135.27020263671875,137.66652639908364,134.7322487493696,137.42200326160747,10151022
2023-09-07,136.78623962402344,137.91104000890323,134.58553153877497,135.4169011940536,18438943
2023-09-08,140.16065979003906,141.13875230089138,137.12856703659395,137.47090538519518,16579557
2023-09-11,141.52999877929688,143.9263227074724,139.9161519300892,141.18767531784832,19902175
2023-09-12,131.21112060546875,141.77452401536456,130.67318159750693,141.43220054888968,48752780
2023-09-13,132.8739013671875,133.94979439950458,130.3797619578222,132.04251658922894,19282289
2023-09-14,133.8030548095703,135.6614245595546,132.53153159534094,134.97676280558707,13197189
2023-09-15,132.72715759277344,135.17238899619414,132.1403110106573,134.48772718813797,9651337
2023-09-18,136.8351287841797,141.8234062853998,135.95485154255567,141.8234062853998,51859825
2023-09-20,133.90084838867188,137.03075612043983,133.26509427569124,136.93294090713226,19080613
2023-09-21,132.28700256347656,134.97675677456388,131.65124844702206,133.9986643341685,9531884
2023-09-22,133.06948852539062,133.90085820140598,131.1133035119325,131.21110380790105,12604969
2023-09-25,133.60743713378906,133.85196025085347,130.6731597290163,133.31400640841045,14984591
2023-09-26,134.6344451904297,135.27021435766082,132.92278307978378,133.6074598636495,12315581
2023-09-27,133.60743713378906,134.53662199373244,132.72714495765325,134.3898991687898,8713378
2023-09-28,132.09140014648438,134.97677014660076,131.6512614896035,133.90086238577405,22012674
2023-09-29,135.27020263671875,135.61252607448063,132.77606364956023,133.0205867870364,8504659
2023-10-03,136.15048217773438,137.51982072459222,134.1942970460873,134.87895885726215,19010910
2023-10-04,135.8081512451172,136.101567059077,133.55853548287888,134.9767666402115,14912053
2023-10-05,135.9059600830078,138.2533912137688,135.07459035035959,136.44391398325564,15996620
2023-10-06,135.95486450195312,137.42200332751378,135.61252613951916,135.95486450195312,4987359
2023-10-09,132.77606201171875,134.585539176525,132.0914002201326,133.216200668845,10489249
2023-10-10,136.88404846191406,137.9110486173705,133.50963217213527,134.3899094913792,15593722
2023-10-11,134.73226928710938,137.42202420935655,134.48774611235962,136.8840702400051,10778916
2023-10-12,135.17237854003906,135.66142478289342,134.19428605433038,134.9278554186119,7567439
2023-10-13,134.43882751464844,135.17239697899666,133.31402697245142,133.31402697245142,8303230
2023-10-16,134.38990783691406,134.87895410258625,133.55853813997592,133.99867679417937,7785480
2023-10-17,135.5147247314453,135.85704816657312,134.48772457704632,134.48772457704632,6076896
2023-10-18,134.04757690429688,135.9059466400531,133.41180783979632,135.71033112963246,6806231
2023-10-19,133.9986572265625,134.19427271936442,132.09138005385924,133.02056483804745,7775836
2023-10-20,131.260009765625,133.90085651564476,130.57534800443574,133.70524100166313,8982112
2023-10-23,129.79287719726562,132.9227703433583,128.52135390914768,131.35783123256584,19333777
2023-10-25,128.3257293701172,131.7001454143684,126.41845203419318,129.5972525689021,10225867
2023-10-26,126.02722930908203,127.34764527877033,124.21775214659237,127.1520297563544,18167694
2023-10-27,129.30384826660156,129.93961745817185,126.41847786881111,126.41847786881111,8761931
2023-10-30,129.05931091308594,131.01549604227105,127.93451043360774,130.57535737310602,9052085
2023-10-31,130.33082580566406,130.7220568364035,127.88559455227448,129.5972564296472,8098744
2023-11-01,129.49945068359375,131.60235867005704,129.1571272377799,130.8198816268267,10431945
2023-11-02,131.79794311523438,132.04246620079138,130.3797122039046,130.77094317099395,4885035
2023-11-03,132.9716796875,133.99867985376255,131.79797160798907,132.18920265965673,9154983
2023-11-06,134.6344451904297,134.97678358236254,133.02059831305294,133.94978333107315,7070089
2023-11-07,135.02566528320312,135.90594251563508,133.70523451004885,134.5366190597395,8587321
2023-11-08,137.32420349121094,138.057772986195,134.68335629417027,134.73226391207112,9755483
2023-11-09,134.9278564453125,136.884041431615,134.5855330274138,136.884041431615,5481774
2023-11-10,135.75924682617188,136.05267757153726,134.0475848901328,134.48772354592703,5781314
2023-11-13,140.2584686279297,141.04094566916459,136.00377490132263,136.10157520365937,20245049
2023-11-15,139.91615295410156,142.21466166753748,139.3781990255922,141.3343842750742,11440473
2023-11-16,139.47601318359375,141.1876752637069,139.08476718200538,140.11176741497505,11453235
2023-11-17,142.8993377685547,143.29056884679696,138.69353651715988,139.72053675318207,13496261
2023-11-20,140.6986083984375,143.5350706041165,140.01393172681927,143.19273226830737,7741502
2023-11-21,139.7205352783203,141.38328973006173,139.1336737426427,140.9920437314404,9972235
2023-11-22,138.742431640625,140.30737073719513,137.07966239653953,140.1117552156873,7445272
2023-11-23,136.2971954345703,139.4270884402484,136.0526723103063,138.74242667721057,13138745
2023-11-24,137.27528381347656,139.03583831575662,134.34100641033427,136.88403787168693,19614754
2023-11-28,138.20449829101562,138.69354462967846,137.32420592671664,138.5468217733737,8595693
2023-11-29,137.9110565185547,139.52490333779815,137.4220102188435,138.93805673284993,14680789
2023-11-30,142.70372009277344,143.14387375087492,137.6665486175997,137.91107179454036,27591484
2023-12-01,144.21975708007812,147.00732707962206,143.53509521557012,144.7088034010852,34466616
2023-12-04,150.1861114501953,154.04957397123914,148.27883399545294,148.67006503891017,51416976
2023-12-05,148.67007446289062,151.7021674776609,146.66498165793018,150.33282888974492,29109123
2023-12-06,152.72915649414062,153.70724911318607,148.52337017185243,149.2569396361365,26688698
2023-12-07,156.83714294433594,158.2553741260267,154.7831426642958,158.2553741260267,51346222
2023-12-08,155.27220153808594,158.7933408970996,153.8539702412225,157.81524828898566,22869782
2023-12-11,157.71742248535156,159.6736075704412,155.66342217620434,156.29919128356315,22941648
2023-12-12,157.2772674560547,159.2334523375367,156.49479051856065,158.89111401347486,16306341
2023-12-13,159.2823944091797,160.30937975456655,155.9079628188761,156.69043992567853,16804086
2023-12-14,160.40716552734375,160.74950386260113,159.03784203532766,159.52688827169152,13887946
2023-12-15,165.34654235839844,166.4713427788914,161.629787822954,162.3633572079296,39766631
2023-12-18,168.9165802001953,170.53044186049013,165.73777941645724,167.98739526369653,35901409
2023-12-19,169.2589111328125,170.5793270610881,167.35163373118735,169.11218830222148,14732129
2023-12-20,163.58596801757812,172.4377079863903,162.51006031492432,169.94356916624335,24511237
2023-12-21,166.91148376464844,168.08520673666786,160.45608204107944,161.3852669568385,22646625
2023-12-22,170.97059631347656,171.41073501620548,165.68888710720177,168.1830263220113,19640046
2023-12-26,177.96392822265625,180.45806709422587,174.1004658144835,174.1004658144835,52736391
2023-12-27,176.2522430419922,180.84927422094464,175.17635038387854,179.96899705298753,26206240
2023-12-28,178.69749450683594,180.21354084757857,176.83912475012366,177.52378650656993,20453485
2023-12-29,180.16464233398438,181.1427348710033,177.13256442393032,178.94202666271073,19305150
2024-01-01,180.89820861816406,182.9033012693877,180.40916235808547,180.75150070994346,18008785
2024-01-02,178.1595458984375,182.12082357489194,175.81212982880166,181.92520805650685,22790965
2024-01-03,178.3551788330078,180.65368732403144,176.64351690533792,178.3551788330078,18738690
2024-01-04,182.8054962158203,183.53906564674176,178.50189485755115,178.50189485755115,25403124
2024-01-05,181.87631225585938,184.51715923680902,180.01794232376733,183.587974270763,22023938
2024-01-08,179.5778045654297,183.39235967690595,179.18655857674725,182.65879023819835,11472441
2024-01-09,180.6047821044922,182.60987480264748,180.16464344502097,180.84930524025484,11550790
2024-01-10,181.53396606445312,181.92519707761315,178.0617348557587,180.3602431759601,8701594
2024-01-11,180.31137084960938,183.53906438384803,179.7734169524002,182.90331018456058,10942508
2024-01-12,179.47998046875,181.43616554197888,179.0887494239073,181.2894576312898,8853157
2024-01-15,184.51715087890625,185.73976654845774,180.066841781345,180.84930387025182,24570393
2024-01-16,182.70770263671875,186.08211915823438,181.04494818367573,184.76168816418055,16471601
2024-01-17,181.5828857421875,184.3704556300043,179.7734233816911,182.21865488872032,16350370
2024-01-18,184.07701110839844,184.85948811707593,176.05665534959613,181.58287217271098,24831623
2024-01-19,187.6470489501953,189.45651109016788,185.83757188571585,185.83757188571585,22303305
2024-01-23,183.00112915039062,191.21710091825122,180.36026722367757,190.97257777129693,26628471
2024-01-24,185.10401916503906,186.0332041231059,179.9690331644237,182.70769534965353,14742783
2024-01-25,185.5441436767578,187.79375940452596,184.17482015090266,186.57114378340273,12592882
2024-01-29,186.71786499023438,189.45652716155877,183.44126384689775,185.83758765011603,28919512
2024-01-30,183.78358459472656,188.13610839176854,182.90330726752026,187.79377002868392,20894159
2024-01-31,181.827392578125,184.95730056589318,180.80040737692764,184.07700834764313,23757415
2024-02-01,179.38214111328125,184.27260313844712,177.5726791186733,183.58794143982504,27835431
2024-02-02,180.55587768554688,183.6368630261699,179.8223083259217,180.94710870754423,27710061
2024-02-05,177.5727081298828,182.90330962330754,174.88295357659888,182.90330962330754,23880364
2024-02-06,179.08876037597656,179.52889905946796,176.7413291898415,178.4040836188693,12134363
2024-02-07,177.7194061279297,180.11572979314622,175.71431349701115,180.11572979314622,14192151
2024-02-08,180.75149536132812,183.0011110760227,177.7683102782227,178.2084489143678,29094709
2024-02-09,177.36424255371094,182.32239365490722,173.28973079660426,182.12603434997217,21081134
2024-02-12,171.47335815429688,179.7696766210656,170.49154673633637,177.9533195053374,19640568
2024-02-13,173.38790893554688,173.68244038702684,168.6261173865687,171.5715517513996,13961795
2024-02-14,178.29698181152344,178.8369661739888,172.11156610789445,174.02609561630803,23449380
2024-02-15,182.56785583496094,182.91149587204995,179.27879611124007,179.67151474112288,17335763
2024-02-16,184.8751220703125,186.9369173835003,183.45149828665186,185.56238717470845,29843059
2024-02-19,185.31690979003906,188.99870269977492,184.87509763712148,186.4950805249038,25343215
2024-02-20,187.18235778808594,187.96780998981535,182.86239315045623,185.66056193747517,17809897
2024-02-21,185.26783752441406,189.04781800554667,183.59876087633484,187.82055356118613,17870782
2024-02-22,191.2078094482422,192.43507395047737,185.26784626117265,186.29875143930144,31992371
2024-02-23,201.56588745117188,203.23496386833264,192.38594468490768,192.72958467428785,76179371
2024-02-26,200.53500366210938,203.13679820671678,199.111379949376,201.9095338024199,27013630
2024-02-27,201.61500549316406,205.19861161742563,199.4059295307755,199.8477417270022,28877205
2024-02-28,201.9095458984375,205.19862069149733,197.7859402492136,202.44954526492944,38996363
2024-02-29,201.36953735351562,202.15497454008144,196.116840026146,201.71316237732466,24059731
2024-03-01,201.86045837402344,204.26589364788293,201.0750061467159,202.20408342385755,12949604
2024-03-04,205.78770446777344,209.076764133086,202.5968169675605,204.1677064404507,34272251
2024-03-05,206.9167938232422,209.86222861076166,206.03316937948875,207.16224672220216,24964592
2024-03-06,206.6222381591797,209.56767281570757,201.86046111987952,207.9476897471194,26236957
2024-03-07,211.2858428955078,212.85674737047657,207.30950311551314,207.6040495772267,41484038
2024-03-11,208.6840362548828,212.51309509281464,208.0458497943912,212.51309509281464,22800967
2024-03-12,200.53500366210938,207.5058714710176,197.83502197265625,207.1622314453125,34719550
2024-03-13,186.83872985839844,201.860448676987,184.77691973341894,200.38773143950291,41620003
2024-03-14,191.69869995117188,193.56413585320115,182.86239624023438,185.5623779296875,34622781
2024-03-15,185.41510009765625,193.1714046343086,175.84243836863715,193.1714046343086,88781999
2024-03-18,186.4459991455078,188.50780930225307,183.6478453399303,186.54418628868794,22999225
2024-03-19,182.02784729003906,188.94962140625717,181.19331649837028,186.5441862118812,27819341
2024-03-20,184.0405731201172,184.53147889796827,179.18060891564264,183.5005737682299,16235947
2024-03-21,193.26959228515625,193.90776374294788,186.5441777780258,186.5441777780258,43152810
2024-03-22,194.5997772216797,196.02848143990778,189.91952941508234,193.61446189397498,31321524
2024-03-26,196.4718475341797,197.555700282785,193.07251305496047,194.10709703595336,25723863
2024-03-27,196.52114868164062,200.9550678724084,195.09244439378156,197.0630751452339,37817130
2024-03-28,198.54103088378906,199.477077402104,196.07774265942444,197.55571559404322,17425093
2024-04-01,208.0000762939453,209.62584060673746,200.75800246121153,201.98964664809014,45840349
2024-04-02,217.7546844482422,219.38044870285975,209.4780418224679,210.61114841996275,93873385
2024-04-03,218.24734497070312,222.1393375061263,215.63626536755964,218.44440502919568,47658754
2024-04-04,217.06497192382812,220.61209811906934,215.04507247439858,220.21797799783772,18279026
2024-04-05,221.20327758789062,222.68125048936872,215.5377147988912,217.11422524102164,25365958
2024-04-08,220.26724243164062,222.38566435227835,218.83853822692785,222.23787306840822,16422350
2024-04-09,224.7996826171875,225.5386691018393,217.95174419969126,221.49888533990728,29048035
2024-04-10,225.39088439941406,229.43068331401247,223.1739248807313,225.63721323482326,37218693
2024-04-12,230.0711212158203,231.94321426107675,227.16444410461978,227.9034305753344,57174716
2024-04-15,231.00718688964844,234.50505948129228,222.6812749696305,226.62253647351775,51676313
2024-04-16,230.02186584472656,233.47046957563617,226.6225308883452,229.08581926756634,32508661
2024-04-18,227.75563049316406,233.91385125097963,225.83426862366932,232.14029570050366,18623078
2024-04-19,229.87405395507812,231.0564292641987,222.38565193945155,225.19380645399096,27227241
2024-04-22,229.87405395507812,232.68219343489977,228.88873869169137,232.53440215927887,17549094
2024-04-23,230.90866088867188,232.63296277060434,228.34683493591308,230.81012333867375,19202860
2024-04-24,233.02706909179688,235.63814863010091,230.6623183791713,231.7954249634047,33392337
2024-04-25,234.1109161376953,236.5249355625839,231.99247926852198,232.9285257759623,16197834
2024-04-26,235.44110107421875,238.1014495258191,234.4065169445077,234.9977121714052,20473627
2024-04-29,231.94322204589844,236.6727386241547,231.4013106436272,236.62346985084312,19876408
2024-04-30,230.31744384765625,233.81531605528082,229.7755174434241,232.83000078748336,14514418
2024-05-02,231.3027801513672,233.9138598346089,227.36151872173795,231.253511376553,19171145
2024-05-03,230.66232299804688,234.5050467416913,227.7556307690619,233.61826896537912,15782582
2024-05-06,228.4453582763672,232.3866194756336,226.62251895781912,231.64763300077115,32422021
2024-05-07,224.0607147216797,232.33737305728187,222.1393527091234,229.0858292481067,26418769
2024-05-08,228.19903564453125,229.23360470964133,221.30182835863096,223.86363918684842,18952985
2024-05-09,222.87832641601562,234.70211047028403,221.99154862583305,231.0564467271617,35229412
2024-05-10,223.76512145996094,225.14455693275102,219.87311380905936,224.55336171028725,18478580
2024-05-13,221.44961547851562,225.34160793826888,217.7546830734236,225.04601033891782,32874369
2024-05-14,227.55856323242188,228.49460975103526,222.4349267310533,222.4349267310533,23191411
2024-05-15,229.43067932128906,231.05644359280942,226.17913574352966,228.39609522363125,33045920
2024-05-16,234.406494140625,236.47566219875114,224.15922145923287,231.30275708815347,55556781
2024-05-17,244.5552520751953,245.98395623936008,234.35724784018362,237.460984991118,82231249
2024-05-21,270.1241455078125,278.84419070086017,267.0696624933159,278.84419070086017,127035921
2024-05-22,279.4354248046875,280.3222025598824,260.4188214927066,272.9323378175305,85801218
2024-05-23,284.2634582519531,288.9929595677121,279.04129929624276,282.09575260839256,70631009
2024-05-24,292.8357238769531,295.49605718789104,281.8001803124663,283.770810944022,63609206
2024-05-27,290.1260986328125,298.74760740440047,285.3965672078796,297.3188882087628,49890427
2024-05-28,284.85467529296875,291.4070163932488,280.86413006147427,291.35776265324847,33893805
2024-05-29,287.8598327636719,289.63341818441694,280.81483502174984,281.20895509210413,31645904
2024-05-30,286.38189697265625,291.9489226184073,285.39658163466714,288.6973940308183,42769599
2024-05-31,291.6040954589844,292.8357396701316,282.0957780933771,289.8797935633783,51397345
2024-06-03,313.9707336425781,318.2568614750932,304.758029007043,318.2568614750932,67256146
2024-06-04,251.7973175048828,307.41836088185113,226.6717783943469,307.41836088185113,268052657
2024-06-05,256.52685546875,260.6159081267951,226.6225288059088,260.6159081267951,193487058
2024-06-06,269.63153076171875,277.36626202204695,263.07918991078697,263.07918991078697,95502477
2024-06-07,279.0412902832031,280.3714418125591,264.75421918608544,269.97637797311995,60109827
2024-06-10,279.23834228515625,287.7120596447448,276.9721291855918,284.6575762853141,42363741
2024-06-11,281.99725341796875,286.2340972182088,281.1597293915668,282.78549363726654,32269277
2024-06-12,286.2341003417969,288.69738864077965,281.84943514183266,283.67227449696736,33990756
2024-06-13,296.48138427734375,298.55055253653416,282.8347605980073,289.5841767930014,49511492
2024-06-14,305.0536193847656,305.9403971306774,297.0725595326868,300.5211630430165,67366844
2024-06-18,313.57659912109375,316.2862162384009,307.66470722878717,308.4036937153255,64859245
2024-06-19,304.75799560546875,315.20234329705505,299.6343743335416,315.20234329705505,58698689
2024-06-20,307.3198547363281,308.74857403594643,297.81156752726105,305.2506864666679,39505506
2024-06-21,300.471923828125,309.38901559373625,299.63439977839454,308.10811768433985,37620968
2024-06-24,305.2013854980469,307.31980718011107,293.08202047456626,300.32406319354914,39139609
2024-06-25,305.15216064453125,310.32506597303615,304.65950299419745,306.33452096367034,29124110
2024-06-26,302.3440246582031,306.92573507480614,301.3587092968073,305.4477620327124,24238007
2024-06-27,300.02850341796875,303.6248981839685,296.7769750146125,301.6050138833133,39996580
2024-06-28,301.407958984375,305.25068282826186,298.3042216515986,301.5064965330773,24256902
2024-07-01,303.13226318359375,307.9110486728846,301.35870757101327,306.38382189924243,39495237
2024-07-02,301.6050109863281,304.4624192632612,298.55052762708135,304.4624192632612,23974162
2024-07-03,309.8816833496094,310.81774497732806,301.26017387644856,302.4918180869001,44919849
2024-07-04,312.6897888183594,313.82289529927374,308.45291536135556,312.7390425512293,35591681
2024-07-05,319.2914123535156,322.00102944053475,309.8816632245512,312.9854004194312,63125211
2024-07-08,329.6864929199219,330.8688531935243,320.81865555544397,323.6268100680824,70983243
2024-07-09,329.883544921875,334.3667475039217,323.8731457474572,333.036565857173,52225572
2024-07-10,328.9474792480469,335.49981918895185,319.3899099629085,335.007161598366,46779965
2024-07-11,330.5732727050781,333.23363595879493,328.10998453290915,330.5732727050781,31919433
2024-07-12,328.20855712890625,332.54393876108895,323.2819802583716,331.952743522737,24517961
2024-07-15,326.5334777832031,331.11518782138734,326.1393576850842,331.06593408516096,22021426
2024-07-16,321.360595703125,329.48944734858065,319.73483138792153,328.3563407088593,26585927
2024-07-18,308.9455871582031,321.90250685813226,307.71394308554335,321.70543177873253,48043715
2024-07-19,301.80206298828125,312.24641113462104,300.52116513188713,305.3492040660203,43313606
2024-07-22,307.7139587402344,310.0787395355957,292.9342291164107,301.5064843260032,39386992
2024-07-23,297.0233154296875,312.3449566376059,276.9721426411146,312.3449566376059,76513131
2024-07-24,295.6931457519531,301.9991580463747,294.90487542175134,298.0578966036814,24099148
2024-07-25,297.0233154296875,298.9446622632407,289.09150905700704,293.5747118075057,27820556
2024-07-26,305.34918212890625,305.9403772776291,297.56519786745247,299.3387532441867,24512844
2024-07-29,316.631103515625,320.81869388245985,306.2852920210918,308.2066389712702,51391698
2024-07-30,313.4288024902344,321.7546987215216,312.93614484094746,320.42454712399615,41111245
2024-07-31,311.40887451171875,315.89207696646235,310.8177094138935,315.20234425975246,25709971
2024-08-01,306.58087158203125,313.03470530183455,303.5263879189475,313.03470530183455,28141436
2024-08-02,298.50128173828125,304.1668447052244,297.26963761503276,300.81674863443914,26155604
2024-08-05,285.9877624511719,293.0820445552545,280.81485718719716,285.59364234970866,50390560
2024-08-06,283.0318298339844,298.15642623238597,282.14505204682547,287.7120776728405,39171936
2024-08-07,295.79168701171875,296.5799272823681,285.54438307664395,291.16069273069695,22199473
2024-08-08,293.87030029296875,298.25496558580244,292.7864474045723,296.57991747924086,21963656
2024-08-09,297.76226806640625,300.52113862271005,296.2350114514174,298.0578506012124,15551076
2024-08-12,296.9740295410156,299.19098899688333,293.8702923166882,294.60927880197744,15361379
2024-08-13,291.8011474609375,298.2056975118791,291.0621609165981,297.56524852067287,14746085
2024-08-14,290.1709899902344,293.4807131492834,287.157619898728,292.59153334310776,16641055
2024-08-16,299.6556091308594,300.24840570740895,292.44333621035054,292.93732833232747,21353408
2024-08-19,298.5194091796875,301.8785493077551,297.4820378676421,301.13756118461293,12232725
2024-08-20,299.5074157714844,300.841200523193,294.2216940670901,298.51943153331297,14183642
2024-08-21,301.7303466796875,303.06413128274653,298.91458588453673,299.3591908025174,11862616
2024-08-22,300.8411865234375,303.212342554529,299.8532023312423,302.7183504584314,13074829
2024-08-23,302.3231506347656,305.4847119828029,300.44598677538005,301.82915855856504,21891698
2024-08-26,303.0147705078125,305.1883176881792,302.12556059446405,304.99073893590156,15280637
2024-08-27,297.2844543457031,303.7557692639586,296.00008688299806,302.91597662255,16873099
2024-08-28,296.3458557128906,300.84117150257583,295.9012507882478,297.4326141493362,14005947
2024-08-29,292.64093017578125,297.4326293935603,288.5901889522442,295.753074355137,19185385
2024-08-30,295.7036437988281,298.5194046542593,290.8131403507583,293.2336834257979,28684991
2024-09-02,293.33251953125,298.3218581138171,291.5047426277529,298.3218581138171,11713172
2024-09-03,293.5794982910156,297.72904398135114,293.1843106421467,296.39525928439434,13971488
2024-09-04,295.3578796386719,298.2724148492153,291.75171329799184,293.5794900424014,17937646
2024-09-05,287.10821533203125,295.9012687057995,286.51541878023994,295.4072766044543,26342723
2024-09-06,280.19232177734375,286.86121504706654,278.660928195247,286.86121504706654,30062372
2024-09-09,278.1669006347656,281.08146567842675,272.43660513471417,278.6115055230803,29170063
2024-09-10,282.3164978027344,284.88526286803716,278.9079400996172,279.1055490088275,19982334
2024-09-11,284.58880615234375,286.9599920981159,280.9332830958949,283.0080557230047,21650737
2024-09-12,288.1949768066406,288.98535203390185,285.5274076505902,287.4045714284972,16102095
2024-09-13,286.4660339355469,290.46735792828645,286.12023343164566,289.47937371764607,12330463
2024-09-16,286.9106140136719,288.6890037160455,284.9346455560696,287.40460612807243,9184637
2024-09-17,280.8838806152344,287.3551948613222,280.48869298705637,287.0093943800852,15946216
2024-09-18,279.45135498046875,282.5634993805315,277.0307814743716,281.476710660429,10450571
2024-09-19,269.4233093261719,281.4273115900163,263.89059165430575,280.5875189713685,44560220
2024-09-20,274.0174255371094,276.0427810988545,269.5714966105502,270.7076724171605,38501362
2024-09-23,282.8598937988281,283.2551116406133,275.301819913453,276.6356047522576,19445968
2024-09-24,288.2937927246094,289.8745735582683,281.1309068963332,282.85987933764125,25346532
2024-09-25,286.3672180175781,291.4553304684609,284.19364078084953,290.46734629738137,19263084
2024-09-26,287.0093994140625,288.3925712123872,285.57681031704664,287.1082038605608,18343882
2024-09-27,289.9239807128906,291.3071525873431,285.72504778812225,288.8371920433617,208588855
2024-09-30,281.6742858886719,291.060135270137,280.1923096705458,289.9239595330837,32695169
2024-10-01,280.5381164550781,283.15626846908526,279.15491449970773,281.67429221766037,13883476
2024-10-03,275.3511962890625,282.85985175263323,271.74502999959066,271.74502999959066,27321529
2024-10-04,273.8692321777344,278.51273982512436,270.263065728641,275.3512084770708,17451235
2024-10-07,264.1376037597656,275.5488101537841,261.81583466744286,274.06683373113816,21704629
2024-10-08,276.882568359375,278.1175485929137,262.3591887526061,263.7917778838648,29190708
2024-10-09,279.0067443847656,283.15629026857187,275.1536118645949,278.61155671747133,18984175
2024-10-10,283.4526672363281,286.12023669584437,279.9947224596367,280.53813187221965,19155691
2024-10-11,282.4646911621094,285.18164785073753,280.73571872389147,283.7490887781746,9677338
2024-10-14,282.2671203613281,285.72506533526376,281.229718778615,282.6623080424576,11386559
2024-10-15,285.3792419433594,285.9720384930029,282.3164848959386,283.69965674451686,14701531
2024-10-16,282.2671203613281,287.55281212934835,281.3285232366192,284.68766375255063,11835439
2024-10-17,281.1308898925781,284.44064296735996,278.31515906489074,282.6128661812072,11695551
2024-10-18,283.6996765136719,284.3418602576665,274.4620175780966,279.50074337485466,10095514
2024-10-21,278.9079284667969,283.99607123332436,277.7223655136418,282.8598652790838,8393942
2024-10-22,268.38592529296875,278.7597602971765,267.3979410068537,278.61156868443675,15240897
2024-10-23,265.42193603515625,271.3992582369659,263.10016725101144,267.74370481930106,13503954
2024-10-24,268.0895080566406,269.86786748568323,265.12555557431375,265.76773924864113,10700271
2024-10-25,269.0774841308594,272.6836201791388,254.3565266078868,267.7436995237196,40406841
2024-10-28,266.80511474609375,274.61021385947265,264.1869627091087,273.3752336391133,24479817
2024-10-29,280.2417297363281,281.08152238875664,267.59554324984254,267.94134377153506,34271117
2024-10-30,285.08282470703125,291.2083387183738,278.66092750034954,280.0441294809579,40787587
2024-10-31,281.4766845703125,284.9840464714142,280.34050880269865,284.49005438541826,18720310
2024-11-01,285.1816101074219,286.7623907290419,282.56345822052015,283.20564186811754,5265231
2024-11-04,280.7356872558594,285.5274163634151,276.93194228796943,285.5274163634151,15157659
2024-11-05,282.9093017578125,283.7490944175289,273.8198344130356,279.10555628795845,18761867
2024-11-06,298.2230529785156,300.643596309297,283.74908969349286,284.0454729092174,52804364
2024-11-07,296.7410583496094,298.3712262376181,292.54212553004027,297.3832420447783,24357284
2024-11-08,294.17230224609375,300.84119574789435,292.1963338011158,296.74106725474223,22935845
2024-11-11,296.14825439453125,300.14957821507124,290.86253306490244,293.92529001625707,20155408
2024-11-12,286.6636047363281,297.23504755732847,283.84784378392294,296.3952549713993,14292965
2024-11-13,278.1669006347656,285.37920237890575,276.09215822497924,284.53940989591183,20001842
2024-11-14,277.57415771484375,281.03210222379806,272.18963206197583,278.6115290071767,20541591
2024-11-18,274.7090148925781,283.25510296992474,273.9186395349781,279.5995491015286,12999925
2024-11-19,275.6476135253906,281.77312810853203,273.6716449696531,276.63559780325943,13160982
2024-11-21,272.1402893066406,275.10424222636783,267.0027588520915,275.10424222636783,14858108
2024-11-22,277.4753723144531,280.0935244493226,272.1896507435216,272.68364285013416,13268900
2024-11-25,288.8371887207031,295.4072776619371,284.49006424348045,286.5154198058921,49366681
2024-11-26,294.3204650878906,297.3832219084868,289.627540489667,290.4673330268941,27347402
2024-11-27,303.656982421875,304.2497790355406,293.87594382450163,295.2591158224625,39464505
2024-11-28,302.076171875,305.78111265842193,300.69300001269954,304.29913634505317,27772319
2024-11-29,304.29913330078125,306.86789824843237,301.3351807036957,302.02678170336964,23241947
2024-12-02,303.21234130859375,305.6823017789324,299.6555922011292,304.10152104773874,15549685
2024-12-03,308.3498840332031,308.9920677521511,304.1015337561512,305.28712689181356,21405136
2024-12-04,309.09088134765625,316.99475541682625,307.4607133510673,312.20302573221454,41441172
2024-12-05,310.7210388183594,311.61021859084207,306.86790637034386,310.2270467057706,17911694
2024-12-06,309.98004150390625,312.05481434574284,309.3378578066648,310.72102965092756,8359798
2024-12-09,310.81982421875,313.289784630293,309.48603956633997,309.8318400541328,11830104
2024-12-10,311.06683349609375,314.47536091852885,310.22704089025837,313.7343727635362,15811501
2024-12-11,310.32586669921875,312.69702292821256,309.2390779669211,311.1162420585876,9281006
2024-12-12,309.1896667480469,312.2030064908482,308.3498741497774,309.78243314599246,10978047
2024-12-13,311.8572082519531,312.54880925574923,304.44732671507376,309.23905613909943,15557064
2024-12-16,312.4006042480469,313.536780004764,310.2270270301572,312.0053864623332,10543307
2024-12-17,306.867919921875,314.82118122542283,306.2751233304129,311.7584239619413,18053073
2024-12-18,300.14959716796875,306.86790802595453,298.0254371025538,306.47272036392854,16598070
2024-12-19,294.91326904296875,296.8398501975727,291.4553245148267,291.4553245148267,13349532
2024-12-20,287.355224609375,298.47004740124703,285.87324823712544,294.41930595358747,14964305
2024-12-23,290.8131408691406,291.75170772203506,284.53943548028406,290.4673403861233,10201072
2024-12-24,288.9360046386719,293.77712141114034,287.9974075451513,292.6903327109814,10685518
2024-12-26,291.6529235839844,292.44329881773336,288.9853544060372,289.4793464648509,9172485
2024-12-27,288.540771484375,292.5915127055583,287.849200639856,292.29512950803365,9495184
2024-12-30,281.4766845703125,288.9853703076277,279.4513290780828,288.5407653698777,25876258
2024-12-31,289.6275634765625,290.4673560804415,280.8345100879779,281.0815061390667,15725947
2025-01-01,290.3685607910156,291.0601618162385,286.7624243615217,289.6275726143709,6954271
2025-01-02,293.23370361328125,294.22168783051046,287.8492077199133,290.91196482350097,13361957
2025-01-03,288.4419860839844,293.6782900446114,287.997381153925,292.9373019284349,8167968
2025-01-06,278.7597351074219,289.03476472435113,277.1789543623055,289.03476472435113,12638091
2025-01-07,283.55145263671875,284.7370456837066,277.6729348509699,278.7597234522281,13247733
2025-01-08,278.7103576660156,283.55147436896715,276.7343892035141,283.55147436896715,10996122
2025-01-09,277.87054443359375,280.6863053140309,276.2403766030934,277.87054443359375,12715512
2025-01-10,267.7437438964844,277.62358684469416,266.7557596016634,276.63560254987317,15317565
2025-01-13,256.4806823730469,265.66892258537763,255.19628493257238,261.815790565719,19429753
2025-01-14,266.65692138671875,267.7437100036262,258.06147720038,259.83983664558554,18938129
2025-01-15,264.6315612792969,268.92929837288096,263.1001677523802,268.73168948202607,11376064
2025-01-16,272.83184814453125,274.709012213691,268.13892289618843,270.1148914218065,17234302
2025-01-17,278.7597351074219,280.48870745188685,270.7570570828641,272.140259079144,12741720
2025-01-20,282.3658752441406,284.3418436647459,277.3271798923054,279.797140418062,10483849
2025-01-21,275.6476135253906,283.45268329037657,274.90662531698905,282.3658945545434,13020489
2025-01-22,267.1015319824219,275.94397239854015,263.1001779196085,275.64758920168794,21272549
2025-01-23,270.65826416015625,273.622216546721,263.89056684732356,265.5701217758472,11978782
2025-01-24,266.9039306640625,273.37524538738035,265.57014593857826,270.65828878582874,10164897
2025-01-27,259.7904357910156,263.7917594070619,258.6542299350358,263.7917594070619,13710372
2025-01-28,255.1469268798828,262.5074214388049,249.66361139941822,260.3338440768601,29049716
2025-01-29,263.9893798828125,264.7797551512687,255.88789770215897,255.88789770215897,14361301
2025-01-30,275.4006042480469,277.1295766513978,264.6809693170937,265.61956639641005,46735932
2025-01-31,289.13360595703125,290.66499974747967,278.2163912534754,280.4887431349295,50252116
2025-02-01,278.4139709472656,296.0001100368609,266.06416687489065,292.39397327790516,61832253
2025-02-03,270.8558349609375,274.5113881909679,260.1362014467065,274.5113881909679,41786023
2025-02-04,281.0815124511719,282.5634887909847,272.5848420727343,272.6836465255657,29035155
2025-02-05,285.4780578613281,288.29378882119636,281.57550805771757,282.2176917827597,18818511
2025-02-06,276.3885803222656,286.46603123619286,275.6475921712676,285.47804703486213,16834939
2025-02-07,273.7209777832031,278.90789421229056,269.81845875089476,277.37653094596016,26682639
2025-02-10,270.164306640625,278.8091688734916,268.73171741025243,275.5488027408499,21789085
2025-02-11,261.8652038574219,270.70767463297733,259.5928522256014,270.5100657298253,23839025
2025-02-12,256.0361022949219,262.556804118831,250.94798963756563,261.7664288102479,27997028
2025-02-13,258.4072570800781,262.30980675505543,255.49272176221976,256.0361010152942,18016813
2025-02-14,247.34185791015625,261.3218287287975,245.21768277125375,259.04947706107544,25683310
2025-02-17,245.5140838623047,246.99606022364657,239.68498287120389,245.95867375561863,24947159
2025-02-18,241.6609344482422,246.7490469027466,237.65959553743355,246.00805877390954,21180375
2025-02-19,250.3551788330078,250.94797535615183,237.3631932256515,237.80778308028857,21516255
2025-02-20,257.1228942871094,257.81449530423976,247.24305204745102,248.97202443939122,18922988
2025-02-21,253.02276611328125,259.3458591246186,251.34318087002464,256.3819064489087,16594628
2025-02-24,253.26976013183594,255.34453301831687,247.49004643052677,247.98403853917054,15409569
2025-02-25,253.56613159179688,255.44329548751816,252.2817642291676,253.26974840069292,14770656
2025-02-27,249.41661071777344,255.29511375026078,248.87321638736276,254.0107463380353,11087361
2025-02-28,243.29110717773438,247.93462986309402,240.57415065087642,246.996047896177,17754591
2025-03-03,254.29725646972656,255.78909204318117,241.4238090433643,244.526078691217,24644079
2025-03-04,261.529296875,263.2977970875547,249.4660178784524,250.8393153540527,24998454
2025-03-05,271.6166076660156,272.4860083652879,260.165845176991,261.81579192456434,28499877
2025-03-06,269.6702880859375,277.62354850041805,268.56372050182694,272.8910959396048,22586087
2025-03-07,273.6617431640625,276.36884046620946,270.7076799544489,272.48603951423325,25542382
2025-03-10,269.0577392578125,280.06389834566653,268.28711274391674,275.25241984151967,20986855
2025-03-11,275.36614990234375,276.67751920863486,267.2893470939752,270.1703939899439,20980143
2025-03-12,275.0184631347656,278.5651090015789,272.3262053547748,276.9557148281683,15308721
2025-03-13,278.2372741699219,283.92975856660445,277.5915337291201,281.14809344413095,38015489
2025-03-17,278.0981750488281,281.5256109212779,274.9091892704679,279.1611804142402,13883681
2025-03-18,278.0981750488281,278.0981750488281,278.0981750488281,278.0981750488281,0
2025-03-19,288.102294921875,291.07271922641786,282.89659419121415,284.1284701643319,21095205
2025-03-20,295.10614013671875,295.8313740477965,289.1950941767289,292.88080804052265,27889890
2025-03-21,293.8047180175781,299.03030717356074,290.83429377096314,299.03030717356074,41751586
2025-03-24,300.12310791015625,302.9047729931034,294.41073506799194,294.9571238213965,29935092
2025-03-25,298.066650390625,302.50740063732644,296.69567603933956,302.01067255746216,19364944
2025-03-26,297.5798645019531,303.5008546837003,296.5367173507763,299.0998512030386,23869923
2025-03-27,298.6825866699219,300.023758541547,294.68890384483063,295.0564777709916,14453677
2025-03-28,299.34820556640625,304.5737641451472,297.11292929482534,302.01066069359933,20850848
2025-04-01,290.0892028808594,303.7988859583522,288.1022905323603,300.02376462335457,33171384
2025-04-02,280.552001953125,288.84736661067814,272.65404399748735,288.0029228459198,52653587
2025-04-03,285.61865234375,286.3637444802989,280.75072311520574,281.1480995244565,20968721
2025-04-04,278.167724609375,286.11537388392856,276.478837011382,285.22126940411647,19699594
2025-04-07,270.3194274902344,272.7037162132229,254.52348059282508,255.31823339452924,24954083
2025-04-08,279.6082458496094,286.1153715120562,274.7899774532791,280.6017020006929,26787606
2025-04-09,278.3167419433594,280.9493947490269,274.7899846419017,279.1611857574465,11389916
2025-04-11,283.135009765625,285.12192211485745,280.80038169170155,281.14809741639255,13883110
2025-04-15,291.7781066894531,292.2251438019372,285.66832662460195,288.00295482716774,19512440
2025-04-16,291.6787414550781,293.4172897757019,289.3937740429609,291.57938977318145,12479078
2025-04-17,293.21856689453125,294.6590903914567,289.2447424261849,291.08264230637,13609937
2025-04-21,297.9871826171875,299.6263791917473,293.2185749337062,295.5532029364431,14064356
2025-04-22,301.36492919921875,302.7557617457966,297.78848099525027,299.0303011828869,11962358
2025-04-23,303.84857177734375,308.2694334866551,299.82505614950605,303.60020773801585,21918666
2025-04-24,303.6995544433594,306.580571188803,301.4642781260173,303.0041230174806,17241517
2025-04-25,295.6525573730469,305.7857919489767,291.77808443760676,304.79233579538305,20307004
2025-04-28,303.0538024902344,305.83549804837156,293.9140236166108,294.06303598343237,29913417
2025-04-29,315.02496337890625,317.3595914850266,303.79889026019765,304.54398240143547,57882724
2025-04-30,312.0445861816406,318.3530388665139,310.5544019403891,316.9125153061537,24863436
2025-05-02,309.1138916015625,315.6707086070949,308.5675028168837,308.76617586682266,15451259
2025-05-05,313.2366943359375,314.82623015003855,311.1504607926709,311.8955528632301,10955241
2025-05-06,308.4681396484375,317.2105417850753,307.17665875934654,313.58443284151105,17029890
2025-05-07,307.9217224121094,313.1373668031274,303.00410271628584,303.00410271628584,19274367
2025-05-08,305.1400451660156,311.64720102743524,302.805417190054,308.4681292749077,17110997
2025-05-09,313.78314208984375,319.69418819975505,303.00413641922387,303.00413641922387,44244945
2025-05-12,320.6876220703125,322.87323765233975,314.13083595998006,322.87323765233975,39927141
2025-05-13,333.55291748046875,335.53982987052365,320.68764762771235,321.58178245753874,57985762
2025-05-14,342.0966491699219,343.73584583939555,332.311099518144,336.7816524264598,43684324
2025-05-15,348.1070556640625,348.7031354634731,338.5698698271269,344.2325824447106,35959338
2025-05-16,361.5186767578125,368.72123364282226,347.31226633935694,349.29917858349756,68855818
2025-05-19,361.3696594238281,371.0558564805493,360.17749996662036,370.4597767519454,52003735
2025-05-20,361.4193420410156,368.57223858270925,356.1540364741274,366.98270264923553,67088831
2025-05-21,380.49371337890625,381.3878178689629,361.61804613556626,364.4990629670271,88688170
2025-05-22,380.89111328125,384.2191977219909,376.5199119240712,380.49373685202977,43486783
2025-05-23,381.2884521484375,387.34854063014984,378.6061387770363,386.60344852955916,37666187
2025-05-26,382.0335693359375,383.2753895851349,376.02317145697293,382.3812850692882,26722908
2025-05-27,382.87799072265625,386.2557355388767,380.94076943820465,381.98388625922667,16859142
2025-05-28,387.89495849609375,390.9249875686499,381.5865060003436,382.92767784083776,27549144
2025-05-29,384.2688293457031,389.5341651677785,383.02700914963003,388.98774609078083,18562683
2025-05-30,382.083251953125,387.4479092483733,381.13945645729245,384.26883735303096,23144580
2025-06-02,384.9642639160156,386.7028122046686,381.23880329747357,382.4806235036542,11943152
2025-06-03,383.47406005859375,389.2360933934642,382.977332001523,384.9642442298059,18630318
2025-06-04,388.0439758300781,388.73937694000966,381.5865108954077,384.4675276488394,20648850
2025-06-05,390.9250183105469,392.1171778887084,386.95119347384497,391.12372167953293,20746844
2025-06-06,388.1433410644531,394.2530904986112,386.6531567967133,392.2661781416247,17366507
2025-06-09,389.8818664550781,392.7131921430247,389.2360957227221,391.42171131406224,13744521
2025-06-10,394.7994689941406,399.220361000523,392.1171555727477,393.90536452034297,26456073
2025-06-11,390.32891845703125,395.64391496648386,388.0439814205334,395.64391496648386,18042738
2025-06-12,384.8648986816406,393.16026343035384,383.0766897748686,390.22955571983164,15555771
2025-06-13,391.62042236328125,395.14717953176347,377.0166049837944,377.1656173411616,35564550
2025-06-16,401.207275390625,401.85301582961904,391.6204295314417,393.5576508484238,32061745
2025-06-17,399.12103271484375,404.833405927315,397.879212451263,403.14451824169424,24371681
2025-06-18,397.8791809082031,402.34973350267734,395.8922686439924,399.02164939654926,18879759
2025-06-19,395.9419250488281,401.15756968607286,390.8753230840902,398.37590467335895,18220823
2025-06-20,405.5784912109375,407.3170395504822,395.14720117366903,396.389021416201,122552435
2025-06-23,418.1457214355469,419.63590578158795,406.37325903824683,408.31051081525146,43017721
2025-06-24,415.76141357421875,423.709063057119,412.2843169254499,423.6097113750074,33807025
2025-06-25,403.3928527832031,417.6489544297447,402.34973596525816,417.5496027523511,29028317
2025-06-26,407.4163818359375,411.19150315900634,404.1876492798288,406.2739133027358,25730795
2025-06-27,411.78759765625,414.07253480439306,406.8203166230021,407.81377282965167,41398277
2025-06-30,418.74176025390625,420.2319444540981,411.53920328631233,413.92349194304427,20350621
2025-07-01,429.4214172363281,433.14687776758603,421.3247557453027,422.02015685374556,35405785
2025-07-02,424.1561279296875,429.91816164316157,419.8345874856437,428.22927401100026,22843521
2025-07-03,423.4606628417969,427.8815546162099,421.27504729352825,424.901186314684,13499244
2025-07-04,424.7521667480469,429.5704351611594,422.9639577970184,427.1861464538295,16618426
2025-07-07,414.37054443359375,424.6528211088437,413.42674901358504,424.6528211088437,22221724
2025-07-08,419.2384948730469,420.57966673775616,413.52612201636435,415.26467027709384,15970711
2025-07-09,414.9169616699219,421.2254143876518,413.77449314258723,421.17575370650184,14956297
2025-07-10,410.7940979003906,416.754834508377,407.8137295963975,415.711717729129,17914452
2025-07-11,406.6216125488281,410.4961160023392,402.4491146788677,408.3105002243523,15186245
2025-07-14,404.63470458984375,407.66476423892254,402.498779789335,402.8464955284591,17844425
2025-07-15,406.2738952636719,410.1980287745957,405.1313964633223,405.82682787937205,11971127
2025-07-16,403.4921875,407.6150242365947,402.84644710089765,406.72091981338576,9173824
2025-07-17,401.55499267578125,406.02554540331425,400.4124938355553,403.4922140003199,7922270
2025-07-18,392.16680908203125,404.28698604971527,391.5707293377742,401.6046423594962,21172393
2025-07-21,397.33282470703125,398.3262809205076,388.5407311541897,392.01782790135707,12980473
2025-07-22,400.4621887207031,402.0517246583826,397.1341044832222,400.36283703999635,12447434
2025-07-23,397.5811767578125,402.25040262946555,394.00472843369147,400.859570036162,10413255
2025-07-24,395.6439208984375,399.2700298663231,393.4086445091808,398.0779006494454,6767566
2025-07-25,392.6138610839844,398.0778696094464,390.9249735944192,396.38898211988123,9202508
2025-07-28,386.70281982421875,393.7563647978826,380.791743399177,392.6138962492605,19856033
2025-07-29,385.7093505859375,388.19299096318116,375.5264250392386,387.4478988500081,25307639
2025-07-30,383.9707946777344,389.83217978776514,382.48061048105495,388.3916865883668,11335944
2025-07-31,380.5930480957031,385.70934108319955,376.32116856136514,376.5198719137994,9702316
2025-08-01,374.731689453125,380.9904513640273,373.7382332566086,380.59307494899616,8702605
2025-08-04,387.0008239746094,387.6962553939459,373.9865729037059,376.51987391237793,13454379
2025-08-05,384.11981201171875,387.6962601936724,380.84141886368866,387.4478961576739,13482710
2025-08-06,387.1498718261719,390.92499304994874,384.5668797856467,389.43480883247753,16852693
2025-08-07,385.2126159667969,387.74591698140136,380.9904273972059,383.4740677322594,11520396
2025-08-08,382.083251953125,384.8649171231422,381.0897957755651,382.77865308669107,7139111
2025-08-11,381.3878173828125,385.8583701452734,379.0531893210632,381.4871690633313,8910936
2025-08-12,377.8610534667969,382.82833422666573,377.0662703544924,381.48716235792597,9329093
2025-08-13,386.3054504394531,387.34856732501834,379.5996210719922,379.69897275582633,10930440
2025-08-14,383.2683410644531,386.35520574469433,380.9282970138731,386.20584769640396,8046552
2025-08-18,380.8785400390625,388.09780648424737,379.4844808721172,386.3552249285131,11778056
2025-08-19,378.43890380859375,382.0734552689266,375.899725763357,380.8785300781035,11111204
2025-08-20,370.273681640625,382.6708861070648,369.5268609960849,382.27258784095204,20289349
2025-08-21,372.6137390136719,375.8001556443125,369.9251724422527,371.4188137845498,12680853
2025-08-22,373.2609558105469,378.3393421566636,372.016254764352,372.2153886988177,15246732
2025-08-25,370.4728088378906,378.4388955680221,369.9251525304778,376.24823995016146,8577673
2025-08-26,364.2991027832031,370.4728016462858,362.7058793904626,370.42302576047246,15718869
2025-08-28,362.3075866699219,366.19104785711414,359.6688265291508,362.5067206044238,12218065
2025-08-29,367.83404541015625,369.4272688196348,360.06712307273597,360.7641374224891,12739664
2025-09-01,372.3149719238281,373.65925513520085,365.991884513452,368.381734839541,8821349
2025-09-02,375.0035400390625,377.3435841007971,372.16561555518047,375.7005543971432,12169182
2025-09-03,377.0946350097656,379.5840370618813,375.50141161876985,376.14865007467824,9919255
2025-09-04,370.9209289550781,379.88277690298605,370.42304851352765,379.88277690298605,9288078
2025-09-05,369.2281188964844,373.90820714654546,366.9378810479414,372.4145658397017,7325669
2025-09-08,370.3234558105469,372.9124401105854,369.2779190683244,370.0745155968549,6897641
2025-09-09,370.3732604980469,372.41455808628416,368.3319325216001,370.32345422259624,10598912
2025-09-10,386.4049987792969,387.3509837741323,371.46858552322493,372.11585440822313,23174318
2025-09-11,383.5173034667969,390.83615213862737,382.42196040226935,387.948451614481,19042696
2025-09-12,397.6072998046875,398.1549865113875,383.66664774498406,384.36369250325316,26356961
2025-09-15,396.76092529296875,401.39120719647934,394.02258293852367,398.3043424647357,18486916
2025-09-16,401.1920471191406,401.5903453881819,394.5204675451209,396.7609294952146,12467341
2025-09-17,410.45263671875,414.88375429200426,403.2831464051523,403.781026832813,31367478
2025-09-18,408.1623840332031,413.240770666018,406.46960874773873,413.240770666018,12000897
2025-09-19,407.1665954589844,411.69732544781976,406.51935700006754,407.2661776191736,16150731
2025-09-22,404.6772155761719,409.6560199764403,403.63167880739974,408.0627964907123,10884230
2025-09-23,402.7355041503906,405.9717270431687,400.59459392613803,404.67721965313103,11906108
2025-09-24,393.7736511230469,403.23337945834527,393.3255465729328,402.7354990196453,10835672
2025-09-25,401.44097900390625,404.7270080287682,390.78635618419,393.77363872231393,23804019
2025-09-26,394.2217102050781,404.4282588080028,392.7280689461135,401.9388567097285,11687034
2025-09-29,398.25457763671875,406.4197986510677,397.3583685307176,399.3001144094393,23390892
2025-09-30,402.23760986328125,404.6772057271114,400.14650598841985,403.2831466066071,14681751
2025-10-01,404.77679443359375,407.26619661338214,397.65711027704094,400.29587050997463,13156495
2025-10-03,410.9007263183594,412.0458452673873,403.38274373333155,405.0755190180912,16002501
2025-10-06,411.4981689453125,413.1411682609187,405.77254409005405,410.9505126361802,14684188
2025-10-07,408.5606689453125,413.78841346341665,407.3657741455289,411.4981756393407,11933246
2025-10-08,401.9388732910156,410.2534827198984,401.39121696208633,408.6602592336353,8668516
2025-10-09,407.6147155761719,408.2619540598443,401.2916280149201,401.9886727746965,9035150
2025-10-10,411.7471008300781,413.7386224785912,406.6189386627987,407.2661771209237,13813014
2025-10-13,407.66448974609375,411.2492349174471,404.6274312803166,411.1994590297628,7858503
2025-10-14,400.69415283203125,412.3943426113271,399.89755632149047,408.2619412350048,10789648
2025-10-15,406.3700256347656,408.5109054724575,401.291639013773,401.291639013773,10892830
2025-10-16,410.0543212890625,410.95053039831953,407.3159788486255,407.3657851259235,11479498
2025-10-17,411.0500793457031,418.2195698411208,407.91343864953683,408.61048342122285,19566580
2025-10-20,414.7344055175781,415.77994228376684,410.7513620072052,414.7344055175781,10580573
2025-10-21,415.9293212890625,417.37315629588767,414.83397827091983,416.37739544088697,2915071
2025-10-23,416.8752746582031,420.7089600164685,416.22803618197355,419.7131991643585,21980966
2025-10-24,420.2608642578125,421.90389400868776,418.11998445869074,420.2110883694509,18720794
2025-10-27,413.3901062011719,423.1983565422036,412.842449895048,423.1983565422036,12158324
2025-10-28,411.7969055175781,415.0331284227572,409.1083693369713,415.0331284227572,12247991
2025-10-29,405.4738464355469,413.14118705320493,405.1253240465145,411.7969037744863,14498733
2025-10-30,408.1623840332031,408.90920470308146,402.5861169538026,406.07128007990156,11172780
2025-10-31,424.293701171875,425.43882006339146,406.41978188929374,412.0458245731689,51342361
2025-11-03,420.5097961425781,429.1729277205269,414.6348131864588,426.1856451609873,27222212
2025-11-04,413.3901062011719,420.6093722833624,412.7428677335139,418.21955234758946,12831686
2025-11-06,407.0670166015625,413.24074592488046,405.72276378683193,409.25770259066473,12786294
2025-11-07,412.4939270019531,414.23650846786364,403.58185534958443,406.27042176655857,10141248
2025-11-10,415.0829162597656,418.6178551207863,412.24499176058345,414.18673757271057,9288444
2025-11-11,425.4886169433594,426.0860795561272,415.38164996845944,415.38164996845944,24889361
2025-11-12,422.9494323730469,427.57971437200206,420.01192563153444,426.3350132761426,15221773
2025-11-13,418.0203857421875,423.39751855357974,417.2237892306822,421.3561906120078,9091428
2025-11-14,425.04052734375,426.8826910044827,416.92508244723524,417.02463422223997,14719899
2025-11-17,422.7502746582031,427.679303230227,420.60939481746345,426.1358860024919,12996079
2025-11-18,419.1157531738281,427.629527029468,418.5182905612587,422.7502743503268,13340937
2025-11-19,421.406005859375,422.4515426015139,413.29053058309756,418.21955896908855,9661756
2025-11-20,421.20684814453125,425.38905595515104,420.4102516035609,423.1983698851673,10463382
2025-11-21,414.5850524902344,421.555378717899,413.7386496563758,419.713214994374,8395038
2025-11-24,402.0882263183594,413.58928257597734,399.3001080434151,412.2449993266181,23696864
2025-11-25,408.5108947753906,410.65177455702246,404.27891110008187,404.7767915324711,14107503
2025-11-26,413.5394592285156,414.7343843759989,406.7682977613338,408.51087920829184,8339381
2025-11-27,411.29901123046875,415.5309948871433,410.25347448233896,413.53947316635526,5251173
2025-11-28,410.0045471191406,413.4897102397648,406.9176822775171,412.24500912525616,6690232
2025-12-01,415.4812316894531,417.4229775818122,411.7471283489248,414.1369484092208,9650320
2025-12-02,411.29901123046875,416.87527812631726,409.2577136219449,416.27781553243886,11215451
2025-12-03,402.23760986328125,410.9505173516956,401.6899231596551,410.25347259733854,12294040
2025-12-04,405.4240417480469,407.76408592562854,400.04693900029616,404.07975846405645,10865110
2025-12-05,405.1750793457031,408.95898876714847,403.63166220040637,407.2661831854217,11774958
2025-12-08,384.7619934082031,404.7270170492327,383.3679342703167,404.7270170492327,25593778
2025-12-09,387.799072265625,389.34248941621115,378.93677645683687,383.41770024807204,19270896
2025-12-10,385.7079772949219,389.79060292075246,384.1147538326209,388.34673751062127,8372979
2025-12-11,385.8573303222656,388.346732453377,383.517286241379,384.3636890435988,7666925
2025-12-12,387.799072265625,392.4293541055928,386.35520688872106,386.35520688872106,12661065
2025-12-15,389.09356689453125,390.73656628170284,386.35522445317497,387.4007612300449,9087687
2025-12-16,386.355224609375,389.54167160679845,383.1190017228274,389.09356705183836,8700626
2025-12-17,383.96539306640625,386.75351131456773,383.3679304737403,386.3552130488603,6612962
2025-12-18,381.82452392578125,385.16029858360804,378.83724126751684,382.4219561468656,7510229
2025-12-19,391.1846618652344,391.8319003497966,381.87429170050063,381.87429170050063,11595429
2025-12-22,397.2588195800781,397.6073115813247,391.23444795720303,391.33403012393524,9321669
2025-12-23,397.7068786621094,400.79374338445143,394.0723576258302,397.30858039849966,7734965
2025-12-24,398.3043518066406,401.9388729392341,395.91453177344283,397.308590927124,8097208
2025-12-26,396.76092529296875,405.8223247734737,395.46641794703254,401.29162503322124,13284184
2025-12-29,391.58294677734375,401.7397194084796,390.7863502678546,399.30009321732956,15690096
2025-12-30,391.6327209472656,395.3170481609764,387.8986178475083,394.12212301377053,37726382
2025-12-31,397.9060363769531,399.5988115662219,394.022575191914,394.2217091263055,9409818
