Price,Close,High,Low,Open,Volume
Ticker,COALINDIA.NS,COALINDIA.NS,COALINDIA.NS,COALINDIA.NS,COALINDIA.NS
Date,,,,,
2020-01-01,116.76144409179688,117.11952858689195,114.80577771377494,116.43091425702062,6447592
2020-01-02,116.29319763183594,117.22971148953096,114.75069976895979,117.06444236030546,5958343
2020-01-03,116.70633697509766,117.11950549154581,114.42013280719017,115.68718460548486,6452638
2020-01-06,113.318359375,115.65964782657412,112.07885372416665,115.65964782657412,6853058
2020-01-07,113.318359375,114.69558787592595,112.5746610280614,113.75907417648344,5243225
2020-01-08,110.28845977783203,112.68484079928099,109.1866769460736,111.83095742348102,7295998
2020-01-09,109.07653045654297,112.21661071274065,108.71845429974273,111.96871118834524,10321169
2020-01-10,113.09800720214844,113.7866214588518,109.59984341572101,109.7100200156064,13533598
2020-01-13,116.54109191894531,116.78899139874586,112.9327511167118,113.09802023855775,9863555
2020-01-14,117.31232452392578,117.61531648176386,115.54947368641672,116.32071830097198,5417581
2020-01-15,117.03690338134766,118.22132520949226,116.40338148685326,117.11954215406712,4863227
2020-01-16,115.82492065429688,117.17460294744038,114.08961604967466,117.03688009291685,6937929
2020-01-17,114.53031158447266,115.99017874736586,113.53871385080653,115.68718681499669,5985342
2020-01-20,110.81181335449219,115.57702950718114,110.45373726936016,114.58542320212925,8110607
2020-01-21,111.36271667480469,113.07048373797242,110.81182515841992,110.81182515841992,6347967
2020-01-22,105.71607971191406,109.84776612701134,105.19273444718924,109.68250539515746,19096395
2020-01-23,105.08251953125,107.53398422969121,104.58672070448551,105.79867993008105,16369722
2020-01-24,106.84539031982422,108.13998853243004,105.85378407250234,106.32204514666259,10626281
2020-01-27,106.51488494873047,107.42385264721632,105.7711779911053,106.84541483638986,7195361
2020-01-28,104.20111083984375,107.01066050108848,103.78794226648047,106.81784513781116,10274562
2020-01-29,105.24781799316406,106.3220546883617,103.56759731301555,105.22027173822325,10602818
2020-01-30,103.5400390625,105.96396631554394,103.29213960862647,105.44061275011155,10859103
2020-01-31,100.09697723388672,104.36638607588905,99.16046342715094,104.008309986999,35281395
2020-02-03,98.41675567626953,98.85747052415662,94.83596119683384,96.35091270736433,15284598
2020-02-04,100.53767395019531,100.81311963225063,99.02272269889099,99.57361406300166,10043759
2020-02-05,98.74726104736328,101.36399460370903,98.33409259109817,101.36399460370903,9468632
2020-02-06,99.13290405273438,100.041879890744,98.19639036994445,99.27062690037806,6917941
2020-02-07,101.94245910644531,102.4933505272789,98.11376541283897,99.3257248574857,13470302
2020-02-10,98.52691650390625,101.91489477877275,97.86584019140446,101.8598022840861,19665611
2020-02-11,98.80238342285156,99.98679666003112,97.09461659135253,99.16045949755153,16397703
2020-02-12,99.32573699951172,101.03349556929841,98.16886151196509,99.71135936004826,14669421
2020-02-13,97.948486328125,99.68379076461402,96.87424984811106,99.32571473992108,11781999
2020-02-14,96.26826477050781,98.55446054288406,95.96527284254668,98.05866168326403,15392705
2020-02-17,92.4671401977539,96.51618761615197,91.88870245057215,96.26828812619895,15997350
2020-02-18,94.67070007324219,95.82756708724688,90.89709023737649,92.6048571133018,27643844
2020-02-19,97.92095184326172,98.36166666917248,95.99283183509623,97.14970720236997,21092109
2020-02-20,98.80238342285156,99.29818235796479,96.51617889642955,97.92095375383214,16776977
2020-02-24,96.32337188720703,98.55447550003632,95.46948847188484,98.47184514620423,9952676
2020-02-25,96.46109008789062,98.44429413748647,95.96528277103974,97.01198150265655,13534936
2020-02-26,95.74491119384766,97.92093018340309,95.1113811448811,95.96526435509341,10925243
2020-02-27,95.91020202636719,96.15810149049182,93.43119057324849,95.71738666208348,11500515
2020-02-28,92.77013397216797,94.64317029208141,91.86116627396125,94.50544740411445,14694382
2020-03-02,93.29347229003906,96.40600568255846,92.7150345747564,95.11140738673232,11962711
2020-03-03,98.16885375976562,98.96764467335603,94.14734453245626,94.39525240730876,17015816
2020-03-04,98.11376190185547,99.05027560257243,95.91019629737526,98.19639224964921,9858330
2020-03-05,97.59040069580078,99.27062101868935,94.86349015520982,99.16044442828937,12349902
2020-03-06,92.96294403076172,95.30423299153647,91.72343811035157,91.83361473320052,10629291
2020-03-09,87.0132827758789,91.8335818515315,86.46239145294719,91.33778302326675,23967899
2020-03-11,92.54976654052734,93.59645696640864,86.51750665255533,87.09594437462096,28399797
2020-03-12,85.14027404785156,89.79530505186854,82.68880881197862,88.69352216779653,33250878
2020-03-13,84.89236450195312,88.99650357670289,68.11771956161199,80.56786383298787,43328010
2020-03-16,79.27326202392578,83.37740931245365,78.83255566799936,83.15704772855553,23542677
2020-03-17,80.37506866455078,85.60853805629715,78.39186425439883,79.9894462852938,18989633
2020-03-18,79.90682220458984,83.65288648184182,78.77749282900048,83.51516359228063,18737193
2020-03-19,74.20132446289062,80.17706654079247,73.2704278500126,76.87389151476731,28547877
2020-03-20,79.75666046142578,81.55839220755401,73.66080047061713,74.77186746432137,24022133
2020-03-23,76.78380584716797,80.98785147218939,72.09930571992885,73.57071825215552,17884315
2020-03-24,76.78380584716797,81.07793440033466,75.34241943030935,77.62461497217225,9991023
2020-03-25,74.77186584472656,77.62460771430447,74.29140222334979,75.67273169827749,8339454
2020-03-26,74.02114868164062,76.2733134488305,71.58880890025918,75.67273617757986,28364001
2020-03-27,79.09602355957031,79.8467451369468,75.0721577376487,75.61267818976793,18332679
2020-03-30,79.96684265136719,80.92776974251322,76.39341049555271,76.60361616051588,12357349
2020-03-31,84.11084747314453,85.49217701015763,80.6274975167016,81.1379918556244,14997503
2020-04-01,83.7505111694336,84.83155225218965,82.30912916848102,83.33010884949603,8833033
2020-04-03,82.7295150756836,84.0207524801978,79.1560823190239,83.2400093969556,10936160
2020-04-07,84.1708984375,85.52219725827808,82.36916667646256,84.26099052400085,8203204
2020-04-08,82.48929595947266,86.1227812993224,82.27909023848592,84.08082214151847,7070293
2020-04-09,84.56127166748047,84.95164318219284,82.8796536731795,83.6003444809997,5078557
2020-04-13,87.62422180175781,88.10468546030359,83.0898706527027,84.56128316118243,10691543
2020-04-15,88.19477081298828,91.04751268530657,87.68427649651984,88.52508096167584,10487965
2020-04-16,88.52508544921875,90.38687864169029,86.72335364905217,86.84347643366206,9736774
2020-04-17,89.33586883544922,91.55800289971629,89.06561089699868,90.98745632652475,7093925
2020-04-20,86.60322570800781,90.02651372944068,85.88253493992936,90.02651372944068,7139688
2020-04-21,83.48023223876953,85.04173665131417,82.7595414191647,84.68138665947126,6501336
2020-04-22,84.50121307373047,84.861563071587,81.07792475041794,82.9997700227968,5604252
2020-04-23,84.62132263183594,86.93354848515631,84.14086820981466,84.56127041112363,7553183
2020-04-24,82.2790756225586,86.36300237678641,81.55838482218445,84.44115718776177,11701166
2020-04-27,82.93972778320312,83.90064595302397,82.57937774196891,83.48024368097221,4238903
2020-04-28,81.31816101074219,83.8105622507495,80.74761442079233,83.24001566079963,7064210
2020-04-29,83.99073028564453,84.59130752282732,81.28813271832202,81.37821563826688,7399346
2020-04-30,89.18572235107422,89.7562689104028,84.89159864424774,84.9816815668485,13145052
2020-05-04,85.46212768554688,86.90350913619433,84.29100411138583,86.90350913619433,8356099
2020-05-05,82.87966918945312,88.43500933439836,82.48929760165755,86.42307167032571,11879416
2020-05-06,80.32720947265625,83.69044583396655,79.96685944677235,83.69044583396655,10427774
2020-05-07,78.55550384521484,79.8767719239221,78.07504022639003,78.07504022639003,10860354
2020-05-08,77.47447967529297,79.99690276213701,77.20422169528884,79.78670618394858,7096898
2020-05-11,77.14414978027344,78.70565437384734,76.9039225339153,78.16512932341851,6657844
2020-05-12,76.1832275390625,77.50450031274148,75.25233549833065,76.9940059558422,8128169
2020-05-13,78.43539428710938,79.57648742224853,77.17417836799197,79.57648742224853,11135898
2020-05-14,77.2642593383789,78.94587746665756,76.90391848780018,77.98495936769943,5663178
2020-05-15,77.83480834960938,78.58552984540391,76.72373687020117,77.89486057082449,6296826
2020-05-18,73.09025573730469,76.27331726709438,72.69988415708242,76.27331726709438,24334121
2020-05-19,74.23133850097656,74.56165778265644,73.15030232664657,73.93104991110042,9537927
2020-05-20,74.02114868164062,75.16224641342502,73.18033958548155,73.87100436382796,8087994
2020-05-21,74.77186584472656,75.82287600720264,73.75088637685178,74.41152041971432,6187181
2020-05-22,75.19226837158203,75.70276268956074,73.21036623522727,74.47157751873316,7128048
2020-05-26,76.42345428466797,76.8738872175835,75.07215548592139,75.5826452268175,6182999
2020-05-27,78.55550384521484,78.88582315591198,75.67273129634725,76.42345283698562,6084254
2020-05-28,80.41729736328125,80.65753378340034,77.65464726252975,78.58554391681612,7882781
2020-05-29,84.861572265625,85.55223247824927,79.42634599956783,80.17706760636904,16208002
2020-06-01,89.21575164794922,89.93644250970148,85.01171092963263,85.34203024745952,21204876
2020-06-02,86.12276458740234,89.5760833981063,85.88253737924646,89.5760833981063,16679738
2020-06-03,85.10181427001953,87.14378289302616,84.7414733347245,87.08372148843513,11560484
2020-06-04,84.23096466064453,85.6423249533898,83.69044876695776,84.68139762674424,6295232
2020-06-05,86.99361419677734,87.53413003047544,84.38109961771389,84.68138822845309,11872471
2020-06-08,88.10467529296875,89.45597402189183,86.93355156071827,88.88542750249606,11258686
2020-06-09,86.66331481933594,88.85541851614751,86.27293403716293,88.85541851614751,6957064
2020-06-10,84.50121307373047,86.93355264905922,84.20092446354373,86.48311973377913,8914993
2020-06-11,82.6994857788086,85.82248565681616,82.57937216120861,84.59130962131432,9259185
2020-06-12,80.86773681640625,81.40826193189166,79.69661281231254,79.9368492516671,8424817
2020-06-15,79.33625793457031,81.07792828392573,78.37533067446154,80.89775327714516,8217803
2020-06-16,78.76570892333984,81.07793518498912,77.80479074552268,80.77764653615583,7130557
2020-06-17,77.74471282958984,80.4172794034768,77.5345163185221,78.76569218585134,9071758
2020-06-18,82.6394271850586,83.9006338188106,76.96396525889142,77.4744595494621,34586616
2020-06-19,82.42924499511719,84.08083278190459,81.19805953942259,84.08083278190459,17468335
2020-06-22,86.2729263305664,86.45310135516054,82.33915230802026,82.42923523827612,19716275
2020-06-23,86.39302062988281,88.13469057701663,86.00264001133255,87.05364995007038,10955603
2020-06-24,85.01172637939453,87.95455175140332,84.53126266288123,87.50411873543769,10639459
2020-06-25,84.32105255126953,86.27292885258672,83.08987636939715,84.29103101636157,33546602
2020-06-26,85.34202575683594,85.8825415836883,83.84058272215609,84.62132576892479,8095985
2020-06-29,80.98786163330078,84.59132583653404,80.56745014499022,84.4111507935557,14575190
2020-06-30,79.78668975830078,82.3691645512244,79.48640113920906,81.88871009194277,9576074
2020-07-01,80.38728332519531,80.86773788206953,78.91586146149743,79.78670596501928,8412734
2020-07-02,80.23712921142578,81.07793374762011,79.75666554899384,80.5073871577681,7744251
2020-07-03,81.22807312011719,81.61844466726146,79.90680500199629,80.71757879162244,9092987
2020-07-06,81.58842468261719,82.57937349897216,81.22807465989807,81.85868261761566,9489759
2020-07-07,79.78668975830078,82.09890662685814,79.63654544875492,81.97879301203773,9903888
2020-07-08,79.78668975830078,80.74760784094542,79.0359682105715,79.84674198367028,12308795
2020-07-09,78.31526947021484,81.2581034837378,77.5345263791135,80.17706260456777,19347175
2020-07-10,78.79573822021484,79.42634620437032,76.99400635924614,77.77475866514901,17079028
2020-07-13,78.37532043457031,79.5464440795122,78.25520683377017,79.15607258589168,7748516
2020-07-14,77.02403259277344,78.31527001933934,76.8738882797271,78.31527001933934,7234601
2020-07-15,76.8739013671875,77.74473669829604,76.60364339051011,77.38439578408725,7037060
2020-07-16,75.7628173828125,76.87388432580073,74.83192085698853,76.7237400204769,11776854
2020-07-17,78.43539428710938,79.30622948646102,76.03308065081193,76.03308065081193,11331564
2020-07-20,79.87677001953125,80.83769723427083,79.09601780306548,80.17705862862724,16601999
2020-07-21,79.93682861328125,80.7776330237324,79.27619003072623,80.17705582652992,10375549
2020-07-22,80.53741455078125,82.09890993452001,79.72663158093563,80.29717814738022,14123342
2020-07-23,80.14702606201172,81.40824185637497,79.99688176097233,81.01786117522403,5534003
2020-07-24,79.03597259521484,79.81671571690113,78.07504529517988,79.81671571690113,8426361
2020-07-27,78.04502868652344,79.15610050499087,77.68468775702742,79.03598686182553,5361430
2020-07-28,78.34529113769531,78.52546612414234,77.20419816366503,78.1350946235742,5274135
2020-07-29,78.79573822021484,79.57649052611771,77.89487228973049,78.07504730864379,5729989
2020-07-30,77.23424530029297,79.09602945244572,77.05407027548272,78.85580219542035,5755341
2020-07-31,77.6246109008789,78.07504384614512,76.60363139109181,77.44443588995607,5309957
2020-08-03,77.11412048339844,78.0149864197189,76.9339546274001,78.0149864197189,4101202
2020-08-04,77.3243179321289,79.09601891795174,77.17417362546459,77.83481224042012,8225015
2020-08-05,77.14414978027344,78.13510779068527,76.9940054602791,77.56455204344117,6357451
2020-08-06,77.38438415527344,78.79573522764824,77.05406482715787,77.47446707926778,7904721
2020-08-07,77.92489624023438,78.28524624686222,77.20420539106003,77.77475193148632,6553466
2020-08-10,77.6246109008789,78.76570402992064,77.47446658579017,78.25521885706796,7123506
2020-08-11,78.13509368896484,78.67560947776005,77.89485732188223,78.16511521627984,5667893
2020-08-12,77.29430389404297,78.19516992815555,77.1741902556446,78.07505628975719,10656110
2020-08-13,77.44442749023438,78.16511829167693,77.05405597897654,77.32431388400741,7332156
2020-08-14,79.18611907958984,80.62750090499601,77.53453153777427,77.6846758597575,23946105
2020-08-17,81.67849731445312,82.27907450058882,79.48639425069013,80.17705434911392,23263111
2020-08-18,82.06887817382812,83.20998045599445,81.46830091924005,82.06887817382812,14886444
2020-08-19,81.13798522949219,82.87965548343931,80.74760454217231,82.57936687661525,7439983
2020-08-20,83.17994689941406,83.48023551637945,80.08697781030304,80.53741073575112,16864753
2020-08-21,83.78053283691406,85.16186245127105,83.48024418875309,83.78053283691408,18104009
2020-08-24,83.96070098876953,84.92161908581078,83.3300930464128,84.50121684560014,7621483
2020-08-25,84.35108184814453,84.6814012033856,83.60036020627055,84.59131827199374,8785149
2020-08-26,85.251953125,86.45310782676565,84.05079842323435,84.4111484993973,20083642
2020-08-27,84.4111328125,86.0326895257182,84.08081349808411,85.70237021130231,9356533
2020-08-28,83.51025390625,85.52218184502605,83.270017549626,84.74143888721802,9056278
2020-08-31,80.68754577636719,85.3720403316957,80.41727872087647,83.63037021897924,18667357
2020-09-01,80.14702606201172,81.3181497773028,78.4954387505784,81.13798394732024,10566870
2020-09-02,81.85868072509766,82.57937158979227,80.92778415799643,81.37821709394075,16748685
2020-09-03,81.49834442138672,82.90970485708168,80.38728182425605,82.57938548233572,17375778
2020-09-04,79.54646301269531,81.94877225680287,78.88583346901522,80.53742107433918,9952446
2020-09-07,79.24617004394531,80.3572416745043,78.52547914275554,79.87677801901711,8781574
2020-09-08,78.04502868652344,79.66658577946447,77.68468775702742,79.33627555178067,7292289
2020-09-09,76.2432861328125,77.47447142627914,74.92201791029707,77.44444072856876,13115790
2020-09-10,76.06311798095703,77.05407146867603,75.37245315121098,76.87389644107574,12007280
2020-09-11,75.1322021484375,76.27329967414373,74.8619442579987,76.21324287427291,12588367
2020-09-14,75.04212188720703,76.1832195228472,74.53163216606397,75.67272980170412,12397073
2020-09-15,74.53163146972656,75.52258479094628,74.35146105443967,75.46252798585066,11537811
2020-09-16,74.38147735595703,74.83191020782843,73.93104450408562,74.83191020782843,8007948
2020-09-17,74.6517562866211,75.61267899954588,74.20132333537127,74.38149376664664,13049746
2020-09-18,74.26139068603516,75.22231353534785,73.81095767085344,75.22231353534785,14611915
2020-09-21,73.06021118164062,74.5616540559775,72.72989191647049,74.26136548111012,9573596
2020-09-22,71.79901885986328,73.2704314286885,71.37861199588379,73.2704314286885,10042777
2020-09-23,72.69987487792969,73.57071002087069,71.43865904051086,71.91912265305523,9281239
2020-09-24,69.48678588867188,72.72990395024888,69.18649726411921,72.6998778370181,15979042
2020-09-25,70.32759857177734,70.62788721177813,68.40575310858868,69.66696448018381,15988801
2020-09-28,72.06927490234375,72.85002721326892,70.80806350796095,70.80806350796095,9441818
2020-09-29,70.65792083740234,73.00017324290431,70.35763218495444,72.75994140453774,12065137
2020-09-30,69.66696166992188,70.32759573486642,68.85618329103355,70.26753892569707,14036702
2020-10-01,70.41767883300781,71.88909118476191,69.87715842022693,70.32759133387091,9963165
2020-10-05,71.10834503173828,71.76897906910433,70.59785530204817,70.83808252869719,8141288
2020-10-06,70.14743041992188,71.67889978454237,69.84714177014831,71.67889978454237,11221801
2020-10-07,68.73605346679688,70.38764064088107,68.61593986877041,70.32758384186783,11939558
2020-10-08,68.04540252685547,69.06638199306715,67.65502640787783,68.88620698983418,11663333
2020-10-09,69.00633239746094,69.60690969494617,67.44483234040759,68.07543575354238,15958362
2020-10-12,67.98534393310547,69.36667346257923,67.74511669497164,69.24655984351232,7949842
2020-10-13,68.3757095336914,68.85617310001717,67.47484378336071,68.04539484112757,9702168
2020-10-14,66.3938217163086,68.43578085125347,65.82327053751071,67.98534788053779,19663164
2020-10-15,66.42384338378906,67.68505470092894,65.79324001623952,66.57398769730669,15481671
2020-10-16,66.87427520751953,67.71508426558461,65.82326503044837,66.84424909454195,12231039
2020-10-19,68.8862075805664,69.27658370289171,66.81421793582236,67.56493948566306,18111350
2020-10-20,68.25560760498047,69.75705077894818,67.9252882738912,69.12644281306538,16554127
2020-10-21,69.12643432617188,70.20747511152184,68.1955424218253,68.25559922500243,20421726
2020-10-22,69.54684448242188,70.08736031924748,68.52586045077672,69.06638086964291,13653932
2020-10-23,70.68793487548828,70.98822347662806,69.78706907206893,70.14741905906901,11876035
2020-10-26,68.7961196899414,70.80805238175131,68.58591400554006,70.80805238175131,11243128
2020-10-27,68.43577575683594,69.15647120555653,67.77514169870598,68.58592006923097,10985477
2020-10-28,67.68505096435547,68.46580318436179,67.50488054730518,68.43577249049979,9366165
2020-10-29,66.57398223876953,67.53490485008616,66.39381182654542,67.26464694072976,11414157
2020-10-30,68.5859146118164,69.18649181360828,66.69410009180432,67.0244148035656,17773808
2020-11-02,69.48678588867188,69.84713590376771,68.19554846872802,68.82615183106415,12785804
2020-11-03,69.96724700927734,70.41767992993793,69.42672658807652,69.42672658807652,12319486
2020-11-04,68.9462661743164,69.9672456078813,68.28562757161386,69.9672456078813,7382741
2020-11-05,71.97917938232422,72.42961230033882,69.21652506824282,69.8771590982561,14904921
2020-11-06,73.15032196044922,73.51066744861055,71.04830126712645,72.21942524916112,18908916
2020-11-09,73.12027740478516,73.81094213240891,72.45964337133485,73.81094213240891,14950332
2020-11-10,74.9520492553711,75.31239472080206,72.66985367090632,73.420575299738,15808417
2020-11-11,75.58264923095703,75.79285036104527,74.2013242460621,75.67273673872084,16757799
2020-11-12,73.33048248291016,75.97302334163611,72.66984841373888,75.7027654076245,35738360
2020-11-13,75.6126708984375,75.88292880741571,72.78995529047187,73.57070748847183,23377931
2020-11-14,76.33336639404297,76.57359820678613,76.00305166080676,76.48351070425235,3308333
2020-11-17,77.29430389404297,77.65465397332129,76.39343785993039,77.05407661724622,20369194
2020-11-18,77.02403259277344,77.3843826097173,75.5826462711204,77.32432121886612,18943803
2020-11-19,77.85328674316406,79.28851731089976,77.08782752038762,77.66192072080992,29186699
2020-11-20,77.47055053710938,78.77820693079471,76.64130917361123,78.65063283383802,17573909
2020-11-23,78.2998046875,78.74631893865445,76.38616383974032,77.34298426362017,17269543
2020-11-24,78.6187515258789,79.47988900739811,78.33170732091943,78.9376916943409,18199200
2020-11-25,79.06525421142578,80.85132083934543,78.61873998776588,79.06525421142578,22813211
2020-11-26,79.76691436767578,79.95827549188498,78.6825151972665,79.47986538140304,13694237
2020-11-27,80.08586120605469,81.26593860492815,79.73502514874433,80.02206929262391,25297333
2020-12-01,80.62805938720703,81.01078653926142,79.54366011197321,80.37290633029085,8927107
2020-12-02,82.76494598388672,83.65797426304125,80.62804854452845,81.01077564511456,21081119
2020-12-03,85.12510681152344,85.47594285197464,82.4460120419233,83.78556429336285,25834042
2020-12-04,85.0294189453125,86.08191721289995,83.6260846774366,85.60350713976423,19371235
2020-12-07,87.26200866699219,87.51715684011437,84.83806208921595,85.02942808569703,14127211
2020-12-08,85.63540649414062,87.83609097135675,84.83805634056391,87.67662094064141,21479953
2020-12-09,85.92245483398438,87.70852121260592,85.73108884104659,86.36896899532007,18755465
2020-12-10,86.0181655883789,86.40088794282644,84.71050897746692,86.24141786181964,11912807
2020-12-11,88.18692779541016,89.7497321641162,85.79487731271368,85.92245139180183,30559578
2020-12-14,91.44012451171875,91.9823168058683,88.72913384113464,89.0799601412931,35605748
2020-12-15,91.2806625366211,92.07801280429501,89.81353609744518,91.63148886777391,18775793
2020-12-16,92.81157684326172,93.13051696987085,91.53581633682512,92.07801844537276,16119571
2020-12-17,91.50391387939453,92.65210020030551,90.89792962852692,92.65210020030551,12374964
2020-12-18,90.38764953613281,91.63151435300097,88.95241865514286,91.50394022134722,13628707
2020-12-21,84.8061752319336,90.26005318368128,82.50981222765243,90.19626126691793,20132655
2020-12-22,86.43275451660156,86.81548647419292,82.7968398525957,84.5191141952008,17257059
2020-12-23,86.14572143554688,87.19821985365073,85.53973720290286,86.43276557382254,10091831
2020-12-24,86.91118621826172,88.72914886916688,86.49656793878951,86.97497813815609,14518171
2020-12-28,87.8042221069336,89.23945282615303,87.51717790974597,89.23945282615303,15223089
2020-12-29,86.1776123046875,89.04807298456309,85.85867222914577,88.60154909218173,21146540
2020-12-30,86.49658203125,87.23014056314831,85.60354367363247,87.23014056314831,14180071
2020-12-31,86.40087890625,87.19822922788997,85.95436467278768,86.49656678481497,15237166
2021-01-01,86.33708190917969,86.9111701489623,86.14571591815927,86.3689681299509,6995084
2021-01-04,87.549072265625,87.86801241959813,86.62414776575913,87.29392403575892,11669647
2021-01-05,86.20950317382812,87.23011536390209,85.7310930347208,87.23011536390209,12371842
2021-01-06,86.1776123046875,87.58094669041539,85.34836616162326,86.3689685633896,14133415
2021-01-07,87.07064819335938,87.70852839990413,86.43276798681461,87.07064819335938,17298525
2021-01-08,89.11186218261719,89.90921243431076,87.45337949906224,87.45337949906224,27964099
2021-01-11,90.38764953613281,91.2168959918057,89.49462088127423,89.62219501292797,24790683
2021-01-12,93.54515075683594,94.11924891992221,90.38764492634783,90.89795116021948,28433070
2021-01-13,93.00293731689453,94.9165779623727,91.53581087537202,94.72521195116894,21154236
2021-01-14,93.54515075683594,94.53386725997188,92.39697389722706,93.51326452551045,14755992
2021-01-15,91.3763427734375,94.15112566196377,90.80225446084303,93.64081953227988,10647008
2021-01-18,88.4739761352539,91.79095101647076,87.13443364088802,91.40822876091427,17085592
2021-01-19,89.36702728271484,90.5152039507725,89.04808715641434,89.84543747216561,8951075
2021-01-20,90.26005554199219,90.54709970836721,88.44209293281666,89.62217529081202,11820498
2021-01-21,87.61284637451172,90.67466344343822,87.10254028526428,90.57898531001392,10828875
2021-01-22,84.96565246582031,87.89990568568962,84.5191382106091,87.61286150257388,14810848
2021-01-25,84.1045150756836,86.4327741009582,83.466634824016,86.05004205664557,10157077
2021-01-27,82.38224029541016,84.55103924603834,82.0951960950674,84.20020311971658,11638766
2021-01-28,81.77623748779297,82.89252780768598,81.52108930798622,81.64866339788959,11970139
2021-01-29,80.30911254882812,82.70115826525567,79.89448947443532,82.44601009637337,15268785
2021-02-01,82.28654479980469,82.76495494398961,80.27722122090013,80.6280572732916,12808349
2021-02-02,83.72177124023438,84.74238339247448,82.70115908799427,83.56230119977678,15485139
2021-02-03,87.549072265625,88.0274824965847,83.7217904179474,83.7217904179474,25483402
2021-02-04,91.59961700439453,92.01423531527568,87.26202892155894,87.96369142714866,30751754
2021-02-05,89.84542846679688,92.04611317103577,88.88860818379916,91.91853907995859,19930467
2021-02-08,90.29194641113281,90.83413875410253,89.49459614210704,89.9730063035225,11810439
2021-02-09,88.82482147216797,91.50391647476232,88.47398540120543,90.26005198069493,8579689
2021-02-10,88.21882629394531,89.65405662497497,87.26200607325887,89.23942868937702,8709612
2021-02-11,87.48526763916016,88.98429003849688,86.75170928484283,88.21883572675713,14150298
2021-02-12,85.3802719116211,87.38959072475426,84.67859977161407,87.07065061262013,16453706
2021-02-15,84.35967254638672,86.01816527614993,84.20020246595877,85.7949032702383,10557047
2021-02-16,85.31647491455078,86.36897332859617,84.39155059110495,84.39155059110495,11735144
2021-02-17,86.24140930175781,86.5922453918061,84.77428275546157,85.02944069971502,8950258
2021-02-18,89.27133178710938,90.06868203482075,85.50784251122346,86.11382675282822,22069738
2021-02-19,88.82482147216797,91.34444641825932,87.54906102014401,89.2713356837204,22944780
2021-02-22,86.91118621826172,88.92050516228917,86.17762780587846,88.56967880271135,20401387
2021-02-23,87.3258056640625,88.41020991706779,86.87929141867944,87.7723296427261,19178437
2021-02-24,92.10989379882812,92.49262579889381,88.98428482031508,89.27132895372479,38775957
2021-02-25,99.5731201171875,100.59372277150585,92.97105502645606,93.7046134884124,85580477
2021-02-26,97.08536529541016,103.97447345898007,96.00097089310736,99.60499015957002,94115857
2021-03-01,98.4568099975586,100.21098049828213,98.04218203923827,99.1903683136404,22306110
2021-03-02,97.85082244873047,99.60499306437985,97.27673414055712,98.45681644803318,17565134
2021-03-03,98.80764770507812,100.33856615857847,98.10598526384402,98.87143962395406,17610904
2021-03-04,96.98967742919922,98.80762999189733,96.7664154864377,98.2335417580513,17162557
2021-03-05,96.3836898803711,97.4042922308694,95.4906518737471,96.9577780941965,17323282
2021-03-08,97.69134521484375,99.50930761261664,97.18104885986384,98.16975534759672,18727656
2021-03-09,96.76641845703125,98.83952897985249,94.72520388890916,98.83952897985249,14621175
2021-03-10,96.28802490234375,97.75515147140926,95.29930853623785,97.6275773639428,10788943
2021-03-12,96.00098419189453,97.59568492597916,95.04416375144375,96.9578046323453,14835735
2021-03-15,96.9246826171875,97.38655098896206,95.50611566889694,96.62777442658668,15783310
2021-03-16,96.1329345703125,97.68346983263893,95.40716003277696,96.9906772671791,11857531
2021-03-17,92.27310180664062,95.96797848007625,92.04216760990747,95.70406231331529,15554810
2021-03-18,90.42566680908203,93.52672736057248,89.86483231808853,93.36177722413407,14401450
2021-03-19,89.9308090209961,92.37206882642899,88.0833656309162,89.73286685995959,33294812
2021-03-22,89.50194549560547,90.7885646929691,89.27102133107819,90.7885646929691,11414253
2021-03-23,89.23802185058594,90.16173856722298,88.4792552667596,89.46895606362376,8887103
2021-03-24,87.29159545898438,89.17202056965012,87.12664535799149,88.34727006468572,10865477
2021-03-25,84.52043914794922,87.81944129942647,83.82764668258788,87.09365679899923,18629600
2021-03-26,85.51013946533203,86.0379717533389,84.916313039691,85.18023925144998,9505615
2021-03-30,87.72047424316406,88.71017499070128,85.87303083420993,86.433865284917,20582346
2021-03-31,86.0050048828125,87.75347229619773,85.77407066545642,87.75347229619773,14900610
2021-04-01,87.1926498413086,87.35759999996999,86.16996691181492,86.73079141060845,6226087
2021-04-05,85.6421127319336,87.15965599858427,84.48746177848852,87.02768783541326,9012457
2021-04-06,85.97200012207031,86.99469282685867,85.31219967611085,86.33489238089919,6689423
2021-04-07,86.59880828857422,86.8957164748696,85.60910762241909,85.97199988022713,5657926
2021-04-08,86.86272430419922,88.24830926176665,86.56581611836499,86.63180018977516,9330363
2021-04-09,85.44416809082031,87.06067736547361,85.08127578808009,86.86273519418285,10149401
2021-04-12,82.2771224975586,84.65240838705107,81.55134293527077,84.45446621830054,11334755
2021-04-13,84.42147827148438,84.75137854614259,82.34311056824062,82.34311056824062,7809483
2021-04-15,84.61941528320312,86.30190859478307,83.76167260791169,84.42147311694251,8924391
2021-04-16,84.35548400878906,85.74106390567158,83.86063368605403,85.01528947298023,10358366
2021-04-19,82.21114349365234,83.13486522515194,81.4193848860118,82.87094401131228,7131534
2021-04-20,82.14514923095703,83.29979992295843,81.84824106656482,82.47504942867172,7738871
2021-04-22,82.50804901123047,82.80495720278887,81.8152565190902,82.24412782213523,8514980
2021-04-23,83.23384094238281,83.95962054543003,81.98021888227647,82.44207725679414,8992991
2021-04-26,83.76168823242188,84.45448090968587,83.4647799615255,84.28953075165914,4967884
2021-04-27,84.12456512451172,84.3884863355996,83.5307436580336,83.79466486912148,3982954
2021-04-28,84.78437042236328,85.41117892944406,84.12456987432932,84.4544701483463,6206074
2021-04-29,84.48745727539062,85.8070582947087,84.22353606475133,85.60911612825963,8345584
2021-04-30,87.78646087646484,88.80915369225235,83.79466573160472,84.0585869454091,27396950
2021-05-03,87.22563171386719,88.05038241098727,86.56583115617113,87.75347417357554,10262391
2021-05-04,87.62151336669922,89.60091497859263,87.25862105763399,87.45656323237478,9926789
2021-05-05,87.8524169921875,88.743151536571,87.42355077022795,87.75345096181371,4877341
2021-05-06,88.80915832519531,89.36998275373385,88.24832382889933,88.54523206374414,7632817
2021-05-07,90.293701171875,91.05246770901418,89.07306623707909,89.3369824062345,12644960
2021-05-10,97.02365112304688,97.98035969235043,90.45863913700944,90.45863913700944,45098431
2021-05-11,102.73091888427734,103.42371130850734,95.77002274438024,96.62776526639094,66582000
2021-05-12,101.27937316894531,105.37013411075209,100.15771437215645,102.86289028585236,42959024
2021-05-14,96.85873413085938,102.89590584540012,96.39687570515963,102.89590584540012,23140309
2021-05-17,97.74945068359375,98.40925125538381,95.01128233776811,96.99068405313828,17076463
2021-05-18,96.62776947021484,98.83810490373979,96.3968453639284,98.37624662341149,10295029
2021-05-19,100.19070434570312,100.61957061960227,95.73705121991745,96.62777580442092,23999878
2021-05-20,96.75975799560547,100.55361160372397,96.36388365976131,100.55361160372397,22983457
2021-05-21,97.12263488769531,98.70616218217418,96.89171074550008,96.99067679676132,13009821
2021-05-24,98.24430084228516,98.80513535386763,96.09994898986399,97.71646844051074,14192862
2021-05-25,97.28759002685547,98.9700834592136,97.0566658727718,98.83812536148615,10434892
2021-05-26,96.1329345703125,97.65047779280617,95.80303430749896,97.51851970123217,9948786
2021-05-27,95.3741683959961,96.52881932072303,95.07726017176059,96.16592701654315,24064196
2021-05-28,96.9246826171875,98.17830951981624,95.50611566889694,96.06695008161978,16465504
2021-05-31,97.45252990722656,97.91438823453204,95.7040626439428,97.02366361781928,11767444
2021-06-01,97.38654327392578,98.57417594224391,96.9246749387408,98.01335164170594,9307143
2021-06-02,98.37626647949219,98.9040988676867,96.99068129108794,97.32058156758825,10714318
2021-06-03,98.34326171875,99.23398630944162,98.0463535218528,98.9700701494788,9282774
2021-06-04,101.01546478271484,101.8731974142198,97.78243615745905,98.31027859298622,29422387
2021-06-07,103.0938491821289,104.80933485962302,102.56600666076467,102.9288990234375,31071589
2021-06-08,102.92887115478516,103.91857183896579,100.81751170875103,103.85258776625136,12874065
2021-06-09,103.19280242919922,106.4918051931475,102.40104377940312,103.58868678797599,30443113
2021-06-10,103.25877380371094,104.74332486478666,102.76392345001904,103.65465811376696,11459484
2021-06-11,107.31654357910156,108.86707872747417,103.35774071628431,103.58867491038451,61728565
2021-06-14,105.13920593261719,108.2072740037931,102.63196220434396,108.2072740037931,30836595
2021-06-15,103.6876449584961,106.78871537498154,103.42372878455366,106.29386499802195,30153988
2021-06-16,102.6319580078125,104.77630938667042,102.17009972437882,103.78660875027445,14098443
2021-06-17,100.38864135742188,102.53299296767297,99.89379098582546,102.26907679659085,15784276
2021-06-18,96.59478759765625,101.4773172586873,95.73705501584924,100.94947485374387,24823176
2021-06-21,97.32056427001953,97.65046448788401,94.68136252710374,96.33086361642611,15038290
2021-06-22,98.11234283447266,98.64018530450315,97.51852634803693,98.24430093504084,12494441
2021-06-23,97.9473876953125,99.36596489038959,97.74944552067882,98.87111448768398,7983220
2021-06-24,96.59478759765625,98.37625697280986,96.33087142906278,97.94738061414986,12929173
2021-06-25,98.14531707763672,98.47521730310777,96.82571617575253,96.82571617575253,7400514
2021-06-28,97.12263488769531,98.31027784161522,96.99067679676132,97.05666087610682,8217659
2021-06-29,95.3411636352539,97.5844811054517,94.97827137949244,97.05664880735038,21576435
2021-06-30,96.75975799560547,97.25460846622963,95.7370750771891,96.06697539093854,12919448
2021-07-01,96.09992980957031,97.18860657339923,96.00096377092937,96.72674828014864,5668038
2021-07-02,97.41952514648438,98.07932554725366,96.36385054590659,96.99065891308639,20805994
2021-07-05,98.90408325195312,99.29996754835122,97.38655027385744,97.65046642628559,10401054
2021-07-06,97.32056427001953,99.43192365080102,96.9246799814799,99.00305739467947,9579038
2021-07-07,97.35356903076172,98.1453276435787,96.69376850878808,97.32057699111164,6067804
2021-07-08,96.49581146240234,97.74942823378608,95.86900307671047,96.99066177759414,12349670
2021-07-09,96.792724609375,97.32056698624139,96.09993211897259,96.49581641856138,4963821
2021-07-12,96.59478759765625,97.55150636125965,96.39685550508939,96.8587138340062,4010172
2021-07-13,97.7164535522461,97.98036971292252,96.75973481734258,96.9906690087516,5717442
2021-07-14,97.74945068359375,98.57420139833133,97.1556341960858,97.61749258278729,7216739
2021-07-15,96.792724609375,97.91438336786862,96.09993211897259,97.6504672133134,7257500
2021-07-16,96.03396606445312,97.6834673363683,95.86901593726161,96.82572466142105,10819800
2021-07-19,95.30816650390625,96.5947752803105,95.01125833515991,95.67105874026518,5158738
2021-07-20,94.28548431396484,95.70406138284324,93.49372575362332,95.34116910625778,6271740
2021-07-22,95.47312927246094,95.93498760376248,94.51642057167417,95.01127094115938,4772582
2021-07-23,95.07726287841797,95.67107934379374,94.58241246801903,95.4731371660827,3419739
2021-07-26,95.01126861572266,96.00096933046977,94.5164182583491,95.01126861572266,4423596
2021-07-27,93.98857879638672,95.83602220177957,93.75765466306049,95.34117182896487,4245486
2021-07-28,95.04425811767578,95.20920823240004,93.06485674098454,94.64837381523512,8834228
2021-07-29,93.79063415527344,95.4401353544007,93.62568403536072,95.04426110726396,8237916
2021-07-30,94.54942321777344,95.60509808379543,93.19683004254253,93.88962265110058,9526451
2021-08-02,94.94528198242188,95.6050824411399,94.41744966965227,95.2092082065627,6164197
2021-08-03,95.17620086669922,95.50610104301362,94.35145042591327,94.9452667161774,5648929
2021-08-04,95.47312927246094,97.22160661862925,95.11023698795381,95.11023698795381,8839351
2021-08-05,95.96797943115234,96.26488763863999,93.82362783475985,95.67107122366468,6237158
2021-08-06,96.39685821533203,97.94738336798625,95.83602375660719,96.06695796143666,10812438
2021-08-09,94.51643371582031,97.5515204311802,93.92261721696022,97.32058619953575,12986298
2021-08-10,93.82362365722656,95.17621661750839,92.86691500113903,94.81332434995628,14022502
2021-08-11,94.97826385498047,95.24219005087771,93.1308207547196,94.28547143391327,8356558
2021-08-12,95.27518463134766,96.79272773848919,94.81332631206709,95.04426050558551,7685737
2021-08-13,94.8463134765625,96.52880661613267,94.4834212201445,95.70405606416257,9455100
2021-08-16,93.69168090820312,95.1102481061186,93.52673076575911,94.87932394735161,5259207
2021-08-17,91.87721252441406,94.05455601969282,90.52461959039576,93.75764783119024,13714266
2021-08-18,91.28340911865234,92.53702612280308,91.05247490158165,91.877225580038,7654460
2021-08-20,89.4689712524414,91.08548081486367,89.07308683938506,90.72258844752182,8877297
2021-08-23,88.38027954101562,89.99678883622633,87.58852091354069,89.93081482346177,7768805
2021-08-24,89.86481475830078,90.32667303652867,88.41325585483222,88.64419002782385,7452062
2021-08-25,91.61331176757812,91.81124388133853,90.06277642473786,90.06277642473786,7817617
2021-08-26,90.59062194824219,91.97619713018649,89.96381340871324,91.61331486418831,6845692
2021-08-27,91.41536712646484,91.91021753306669,90.42566631326116,90.9864907334222,4418540
2021-08-30,94.74737548828125,94.9782996705467,91.44837230369986,91.44837230369986,11333690
2021-08-31,96.23190307617188,96.42983516399444,94.51641781816377,94.7473520109651,14301855
2021-09-01,95.14323425292969,96.759743535168,94.94529208071015,96.72676156292898,8415876
2021-09-02,95.75182342529297,97.23949087052085,95.48133186912565,97.23949087052085,7787657
2021-09-03,98.96382904052734,99.50479147220548,95.85324346739311,95.95467134378352,12734022
2021-09-06,98.96382904052734,99.97814907721934,97.57758959340889,99.9443363456902,9712271
2021-09-07,99.53861236572266,100.14721062856002,98.42286436115093,99.40337174671365,9475870
2021-09-08,100.85725402832031,101.33061180154607,98.93005146467509,99.64007780631307,7873034
2021-09-09,100.51911926269531,102.07441216923391,100.07958467350296,100.85722596767337,9519564
2021-09-13,104.54261016845703,105.42167945499438,100.9586765911158,101.16154270270097,35672746
2021-09-14,104.61022186279297,105.15119470303999,103.69733986818741,105.04976680970562,8804432
2021-09-15,108.9041976928711,109.71565191457769,104.30594334560006,105.15121030950282,24591822
2021-09-16,109.74945831298828,110.22280572177316,106.53744403582006,109.6480200922632,18440504
2021-09-17,105.96263122558594,110.42564351948175,105.08355179579469,110.01991137705595,17317065
2021-09-20,104.27212524414062,106.53744471824972,103.3254304205068,105.42168619232446,12541523
2021-09-21,105.759765625,106.84171113081875,103.7649382719564,105.28641833552818,13645046
2021-09-22,109.61421203613281,109.88469330776458,104.81309207817544,106.3345724470522,18861877
2021-09-23,113.16433715820312,114.95629886619041,110.29042968654836,110.72996434905106,31399318
2021-09-24,112.31905364990234,114.58436242527367,110.15516244246982,113.67148049544868,17259638
2021-09-27,112.96144104003906,114.38148286977614,111.81188042029093,112.92762830924126,9099672
2021-09-28,118.03305053710938,119.21642398213126,113.70527860439644,113.94195742067986,41551332
2021-09-29,125.57284545898438,133.2140601074689,116.84969539648564,117.99925628808792,100988643
2021-09-30,125.16710662841797,129.49486833586218,124.49089321674245,126.85764015760677,48957916
2021-10-01,127.60150146484375,128.41295570345156,123.34135381440213,125.3699945700219,25492957
2021-10-04,128.4467315673828,130.74586328789053,127.33098359941997,130.17107777821423,23341448
2021-10-05,133.8564453125,134.49884600211797,128.75103189402407,129.15676407599224,42359592
2021-10-06,130.40774536132812,137.8122792920515,129.63009383766888,135.24266656370182,41926821
2021-10-07,128.9539031982422,131.8278103684729,127.97339575674434,131.6925697417488,16517664
2021-10-08,127.43242645263672,129.63012023177123,124.49090404686822,129.22439834038872,28978175
2021-10-11,133.11260986328125,135.0398118326249,129.59629198298177,129.83297079660875,34952223
2021-10-12,130.71205139160156,135.9188924724282,129.32581186742237,134.7017062970953,25216411
2021-10-13,128.51437377929688,131.55733443554763,128.04102640751987,131.1854149583661,17378156
2021-10-14,124.28804779052734,129.69775598321016,123.27372750439932,128.48056957621662,29542941
2021-10-18,125.30235290527344,126.95907377504989,124.01754117415423,124.96424618416812,15468914
2021-10-19,124.76138305664062,127.77053088244293,124.15279507144861,126.65478280352474,17403803
2021-10-20,122.05654907226562,124.017564292961,119.9602828833566,123.54421685881385,15921230
2021-10-21,123.3413314819336,123.74706368687492,120.97458436223927,123.07085022410511,15586097
2021-10-22,118.94593811035156,124.62613710852509,118.54021624360935,124.01753883111466,13603152
2021-10-25,117.728759765625,119.85882789716716,116.98492088129714,119.18261448166832,11744666
2021-10-26,118.37117767333984,119.01357844791315,116.1396710138016,116.98493790618735,11602891
2021-10-27,117.39067840576172,119.4531215138132,116.8497054929121,118.81072069401684,9535881
2021-10-28,112.62335968017578,116.98493466022649,112.21762745580865,116.98493466022649,24509136
2021-10-29,111.20328521728516,114.61816475595447,110.4256439789631,111.57520462969019,14826816
2021-11-01,115.46343994140625,116.27489397105916,110.76375879806032,111.57521282771322,13585170
2021-11-02,114.41532135009766,117.49209481759388,113.840546069967,115.93680171464203,14278962
2021-11-03,114.78722381591797,115.70011602656363,113.1643157949896,113.73909098989452,8974463
2021-11-04,115.42961883544922,115.90296612523314,114.78721820515696,115.76772551646587,973260
2021-11-08,116.10585021972656,117.7963838872188,113.94196918897624,115.63250285646848,8761953
2021-11-09,115.29439544677734,116.57919689925671,114.68580745732893,116.34252837811505,5723308
2021-11-10,112.72476959228516,115.53106134032471,112.55571624547062,114.88865036787158,9212143
2021-11-11,112.9276351928711,113.36716976544463,111.71044903733241,112.18379634276485,6453205
2021-11-12,112.89385223388672,114.17866419399098,112.04858528047606,114.17866419399098,7027513
2021-11-15,108.02508544921875,113.33336451093497,107.85603210735769,111.06804560271787,19400018
2021-11-16,107.55176544189453,109.30991445237967,107.24747141298363,108.87037977930832,8505431
2021-11-17,105.55692291259766,107.68699113748843,105.28643134362532,107.55175051210142,7477627
2021-11-18,103.73114013671875,106.67267280081948,103.46065888130194,105.52311198800028,12981172
2021-11-22,101.80393981933594,103.39303528053155,100.82343235294738,102.91968791588175,11522286
2021-11-23,105.62452697753906,105.99644639695731,101.43200612149025,101.43200612149025,13305061
2021-11-24,107.58556365966797,109.30989969679747,105.21881659264497,107.04459083785162,18809310
2021-11-25,107.21365356445312,110.08756096829076,105.4893070585107,109.20848134582998,22402592
2021-11-26,105.4216537475586,107.78840039644845,105.04974467157598,106.67265253210756,11829847
2021-11-29,104.30591583251953,105.92882384785347,102.71681023226535,105.42166380328692,18176163
2021-11-30,102.78445434570312,107.1798421960128,102.34491968795191,107.1798421960128,56643275
2021-12-01,105.18499755859375,105.65834488001668,103.15635733689743,103.8663834781307,16283427
2021-12-02,107.72081756591797,107.8898709486899,104.91452522098403,106.09789890038759,15647910
2021-12-03,108.02508544921875,108.66748608465137,107.01076539805238,107.51792542363557,20414051
2021-12-06,106.44862365722656,109.24329867589822,106.12616283725846,108.92083785593012,24185368
2021-12-07,107.95343780517578,108.16841531663559,106.87856118208724,107.55932512407834,7866368
2021-12-08,108.13257598876953,108.74167707092313,107.52348584082556,108.38338488947034,7313306
2021-12-09,109.3865966796875,109.99569775101533,107.95342797934853,108.74167513821874,9423435
2021-12-10,108.41922760009766,110.17485728544635,108.13258726451961,109.38661003037022,7419042
2021-12-13,106.77106475830078,109.4940873886429,106.0186490278602,109.4940873886429,9888293
2021-12-14,106.69940948486328,107.3085105797008,105.15875744621763,106.77107229633,8474759
2021-12-15,106.12615203857422,107.9176130052334,106.01865782004866,106.87855689720307,5410912
2021-12-16,107.30852508544922,107.55933402527671,105.73204142796436,106.12616507588841,7539061
2021-12-17,104.94377899169922,107.05770070022562,104.62131821145108,106.84273413620005,8758284
2021-12-20,100.82341766357422,104.37050807274906,99.7127097143432,104.15554151126727,8858645
2021-12-21,103.65391540527344,104.6213085912735,101.32501641265947,101.6116566953526,8097050
2021-12-22,104.15554809570312,107.05770620127036,103.51061556785791,104.22719997599015,6798820
2021-12-23,105.83948516845703,106.01863122017555,104.62129420361258,104.8004402553311,4857807
2021-12-24,104.54966735839844,106.16198237825577,104.19137513176346,106.0544990839497,4568316
2021-12-27,104.65714263916016,104.9796033979092,103.2598053951083,103.90472691260638,3534825
2021-12-28,106.66358947753906,106.9502188562336,104.80046571339474,104.80046571339474,4907497
2021-12-29,105.15876007080078,106.95022106008189,104.83629927957222,106.95022106008189,4216568
2021-12-30,104.76461791992188,106.77105605956062,103.11647191471118,105.15874145463438,24782255
2021-12-31,104.65714263916016,105.73201912446298,104.15553579952731,104.58547983312303,5320232
2022-01-03,111.28555297851562,111.75132843750784,105.33790062057976,105.51704671007053,29486720
2022-01-04,109.63740539550781,112.25293389563845,109.17162994234792,111.78715844247856,13744440
2022-01-05,110.1390380859375,110.56899316986086,108.99250941916185,109.6374311108349,8454060
2022-01-06,110.81978607177734,111.249741135842,109.67325745795739,110.71230277286692,12446900
2022-01-07,112.4678955078125,112.82618763172027,111.03472701218135,111.0705584114137,11679683
2022-01-10,115.15512084960938,115.37009837503864,112.53959193715166,113.07703028361924,14655298
2022-01-11,113.6144790649414,115.1193000127333,113.29201821428686,115.1193000127333,7670386
2022-01-12,114.187744140625,115.1909580642338,113.57864294358356,114.94014911622575,6334581
2022-01-13,118.05728149414062,119.27547280374796,113.93692113850294,114.18773005557372,20271714
2022-01-14,118.05728149414062,119.06049529400305,116.98240487962644,118.05728149414062,10211720
2022-01-17,117.30487060546875,119.024679821472,116.1225106535128,118.66638760158101,8384625
2022-01-18,115.22676849365234,118.59471283443484,114.86847630986252,117.51983628306535,6574122
2022-01-19,117.44818878173828,118.12895276704283,115.22678351321181,115.37009821856657,11503199
2022-01-20,118.27226257324219,120.56533056656654,117.41236344252188,117.87813894918393,17462235
2022-01-21,113.75776672363281,117.01822773625443,112.86203627699004,117.01822773625443,14466758
2022-01-24,112.00214385986328,114.94013333810483,110.92726726031412,113.36364984560812,10854431
2022-01-25,115.47757720947266,115.80004895226426,110.56898039522636,111.0705873123756,7267866
2022-01-27,115.0476303100586,115.58506862268652,113.22033786028157,113.8652594617509,9269062
2022-01-28,115.83586883544922,118.23643105169826,115.08346393067058,115.08346393067058,10310726
2022-01-31,114.51020050048828,117.08989803213376,114.0444140344304,117.08989803213376,5811200
2022-02-01,116.83908081054688,117.12571017773693,113.65028263016713,116.0866650539111,7248713
2022-02-02,117.41234588623047,117.94978412934557,116.26580659390129,116.8032448370164,5369074
2022-02-03,115.58509063720703,117.62735005363884,115.0834836367262,116.87494502002384,4654885
2022-02-04,114.94013977050781,116.65994898655838,114.65351036827145,115.58507232685582,6402287
2022-02-07,115.33426666259766,116.80326699259832,114.40270467765495,115.11928913773225,5871041
2022-02-08,114.61767578125,116.44496823891821,113.47114726988542,115.97919273964673,14158927
2022-02-09,120.8161392211914,121.35357754346678,114.6535087520827,115.01180096693295,35079516
2022-02-10,120.4220199584961,122.0343349837042,118.23643518192735,121.10277300451952,17724098
2022-02-11,119.3113021850586,121.31774068492263,118.37974028145634,120.35034737460295,10097767
2022-02-14,115.83586883544922,119.1321615899687,115.47757662014104,119.02467829906053,9478670
2022-02-15,117.26903533935547,118.12894538617783,114.54602330511949,116.62411373844915,16850616
2022-02-16,117.41234588623047,118.95299780947683,116.65993015902751,118.41555956636172,10653203
2022-02-17,116.83908081054688,118.59471028655733,116.58827191359846,118.02144061796773,6906440
2022-02-18,119.88456726074219,120.56532022524635,116.51662290934546,116.80325228359676,23740696
2022-02-21,119.07203674316406,120.77095766793448,118.07485211221255,120.5124220574684,14870901
2022-02-22,118.11177062988281,118.66576582283922,114.86167000629628,117.81631103539715,11654816
2022-02-23,117.07766723632812,119.88457886276807,116.85606687378184,118.44419341281126,7627472
2022-02-24,110.7990493774414,115.82194187009785,110.06038904825846,113.75369069417317,12115340
2022-02-25,120.7340316772461,121.80508692808478,112.46103803037362,112.46103803037362,17079977
2022-02-28,125.23985290527344,125.53531250926659,118.59191037587473,119.99536040143433,20872239
2022-03-02,136.50445556640625,137.1323101961669,126.31093894147767,126.31093894147767,72648396
2022-03-03,139.56985473632812,146.07006731875816,138.0186749433674,140.04999067093544,74050073
2022-03-04,133.69752502441406,141.08412861692312,133.3281948447886,139.56987262624625,36095156
2022-03-07,139.3852081298828,141.82278958000163,134.2145855931119,137.35389213329424,41642776
2022-03-08,139.7176055908203,141.6011918035477,137.83403064915578,139.60681104286223,22940456
2022-03-09,137.87095642089844,140.78867395996062,137.09537203311027,140.34547322031338,13870658
2022-03-10,132.18324279785156,135.91347912589947,130.77979290225827,135.91347912589947,30890343
2022-03-11,134.25152587890625,134.80552117139143,132.4048749039557,133.6975305864211,14663558
2022-03-14,133.21739196777344,134.5469715144217,131.3707411851376,133.697516662834,8306420
2022-03-15,127.71438598632812,132.95887963594944,126.68026587536295,132.88500908328172,14074860
2022-03-16,130.66897583007812,131.33377672671406,127.71433523452127,127.78820575783395,11846738
2022-03-17,130.41049194335938,132.95886799233318,129.63489629252484,132.220207614598,20052773
2022-03-21,134.65777587890625,137.64935236888388,131.1122041600832,131.37073977530244,20271556
2022-03-22,135.433349609375,137.24306481083428,133.3281635708844,135.6549386483235,12372751
2022-03-23,135.21176147460938,136.09815152339897,132.4417855277288,134.8793666151959,13731315
2022-03-24,138.42494201660156,139.23747289203567,135.3964414112954,135.69190103632843,16323203
2022-03-25,137.46469116210938,139.53293105783527,136.3567006732296,138.4249405689555,10044811
2022-03-28,141.26876831054688,143.07848361116268,137.0214720083997,137.46467265270016,19132062
2022-03-29,137.39083862304688,141.9705309896024,137.0215084116946,141.8228011592742,10622472
2022-03-30,135.10098266601562,138.831219940627,134.43619281436986,138.831219940627,10298319
2022-03-31,135.21176147460938,136.57827617910053,134.1776303584707,136.02428098972442,9435203
2022-04-01,137.50161743164062,138.3141483119918,135.39644223065088,135.76577239970828,13505929
2022-04-04,138.68345642089844,139.60678169667008,136.35668123437813,137.02147092450952,9490374
2022-04-05,138.79428100585938,139.56987665969942,138.01869662308226,138.8681515523443,7637664
2022-04-06,143.18931579589844,145.51609142962215,139.08974852932852,139.38520816593822,46157039
2022-04-07,140.8994140625,145.5529749462989,140.27154846913226,144.0387194872215,21712301
2022-04-08,143.70635986328125,146.84566605623186,142.08130949996615,143.81715439696083,20151959
2022-04-11,145.07289123535156,146.25475232824732,142.81998613805447,143.6694410497177,12393619
2022-04-12,137.39083862304688,144.59277774441628,136.13511815866187,144.59277774441628,18907630
2022-04-13,137.83401489257812,141.30571600817032,137.16921386763818,138.86813479218037,14216953
2022-04-18,139.93922424316406,141.01027967394035,136.35672771463203,137.83404865944468,13052104
2022-04-19,146.070068359375,150.1326998434537,140.82557593513982,141.41650640521806,59341710
2022-04-20,147.0672607421875,151.8316171153373,145.58994023757913,147.69511519400947,38356653
2022-04-21,152.82879638671875,153.56745661337482,148.4707055578721,148.6184353489912,43683145
2022-04-22,149.3201904296875,154.38001851133092,148.6554006000256,152.2009726573692,24007670
2022-04-25,139.20054626464844,149.35712648292562,137.9448258736922,147.47354026095982,26465084
2022-04-26,141.37957763671875,142.0443786727656,139.20053199475467,141.97050813396203,20819291
2022-04-27,138.49880981445312,141.6750514404103,137.83402003576853,140.93639112139988,12214126
2022-04-28,140.53012084960938,142.19210651011724,138.2402694311517,139.60679548266057,12706800
2022-04-29,135.0640411376953,142.56143871725035,134.36230483182314,142.1921085651331,21654415
2022-05-02,138.609619140625,139.5329446378875,132.10941665674738,134.95325242567804,21289439
2022-05-04,138.38800048828125,140.8625055299283,137.760134775785,139.42212031597543,18239949
2022-05-05,137.28004455566406,141.78586638752768,136.4305783038985,139.9761505996864,12651103
2022-05-06,138.42494201660156,139.56986778796337,135.21177632788422,136.28283155745666,14257553
2022-05-09,135.21176147460938,137.3538716984393,134.10377109585716,137.3538716984393,10549451
2022-05-10,125.60918426513672,135.80269849671308,124.68585890486824,134.4361724550911,19965511
2022-05-11,125.46146392822266,128.30529948979023,122.06362183763068,126.82797880189153,20641617
2022-05-12,123.39319610595703,125.71997136785892,121.62040475640529,123.9841265558076,10406343
2022-05-13,124.61198425292969,128.26835030464724,124.09492432246499,125.57224485011338,11590435
2022-05-16,126.82794952392578,127.64048022312402,123.9841146188515,125.20289939658909,7437937
2022-05-17,136.3197784423828,136.65217336662954,127.89904315877422,128.08370825791832,28092052
2022-05-18,137.0584716796875,138.49885754393122,134.28849452880888,137.64940239275478,15425248
2022-05-19,133.84524536132812,135.54416632147726,133.4759152078636,133.7713860932723,9396007
2022-05-20,137.35389709472656,138.01869820753404,135.58111666936608,136.28284178477696,6365038
2022-05-23,136.13510131835938,137.94481687590581,134.7316399261948,137.35388635662926,7794071
2022-05-24,134.69471740722656,137.9448183923839,133.84525125422107,135.50723701798475,8572565
2022-05-25,133.47593688964844,137.05844446862025,132.995812120578,136.06124838385716,7926434
2022-05-26,135.3594970703125,137.3908128517224,131.29686550749275,135.87655701500455,23140556
2022-05-27,134.32537841796875,139.34825937959022,133.32818251675948,136.2828236805658,16408080
2022-05-30,138.27720642089844,138.79426637861224,134.84244052152792,135.91349570630547,10577525
2022-05-31,142.48756408691406,144.22342026044515,136.7998821618412,137.39081264247272,21380248
2022-06-01,144.81434631347656,145.7376716390266,142.7091600627981,143.66942065558234,30867456
2022-06-02,146.40248107910156,147.1411414390073,143.5217101838943,145.14676072147438,17646759
2022-06-03,145.5160675048828,148.47070846944897,144.92513705775744,147.73204822830743,25335178
2022-06-06,143.927978515625,145.36836399204645,142.7091821347585,145.14676362542866,22020642
2022-06-07,145.92234802246094,147.6951282765965,143.0046420216261,143.0415660206632,12961285
2022-06-08,145.99618530273438,149.17242644481883,145.14673057370425,146.25472088342718,13059792
2022-06-09,146.80873107910156,148.02751603623935,145.1467454442438,145.47914031700307,10562238
2022-06-10,146.62408447265625,147.2150150270105,144.96209862850776,145.77462954962772,6741014
2022-06-13,141.1210479736328,145.811533963251,140.0130575597143,145.25753875629178,8516696
2022-06-14,141.97048950195312,143.66941023191535,139.68064962336084,139.68064962336084,6727598
2022-06-15,140.38238525390625,143.18929650784926,139.71758425449121,141.93356504375237,5805589
2022-06-16,132.88497924804688,142.41370357854626,132.29406004363315,141.49037823282316,14490962
2022-06-17,134.9163055419922,136.5413672941878,132.51565945568584,132.9588601646596,15215695
2022-06-20,130.632080078125,134.3623056195282,129.080888921714,134.3623056195282,23276003
2022-06-21,136.50445556640625,137.1323101961669,131.48156217300016,131.48156217300016,7564329
2022-06-22,132.47872924804688,136.46749035765376,132.2201936347498,136.46749035765376,6560404
2022-06-23,130.85365295410156,134.43615951555,129.15474347157758,133.18043940066082,9304799
2022-06-24,130.41049194335938,133.25432763500208,129.1178362823228,131.96167197396554,8171322
2022-06-27,134.47311401367188,135.027109255746,131.07527202052574,132.9588580977902,7063839
2022-06-28,137.68629455566406,138.0925600313641,133.51286778880984,133.80832744146625,9844211
2022-06-29,139.42213439941406,140.5301248714624,135.654962286025,137.39081853399213,16856241
2022-06-30,137.09535217285156,139.60679261086585,134.84243606962795,138.94200286876247,8693744
2022-07-01,135.3594970703125,137.50160738592015,130.44741068914595,136.65215256757332,17248729
2022-07-04,134.47311401367188,137.16921968334114,132.29406831572607,135.35950414677808,8780396
2022-07-05,134.7685546875,136.79987028952635,134.25149478846902,135.17482006211736,5313753
2022-07-06,134.21458435058594,135.0640505221146,131.4815432892357,134.80551488924445,9367397
2022-07-07,137.39083862304688,137.83403938509505,134.02993144552846,135.87658250228984,6322630
2022-07-08,140.19772338867188,141.74890321392948,138.1664076188101,138.1664076188101,14647592
2022-07-11,142.8199920654297,143.5217171873699,138.72042461369247,139.56987956061013,9048841
2022-07-12,143.2262420654297,144.26037335206635,141.896662408567,142.41372241635392,6942704
2022-07-13,142.89382934570312,144.88820985354704,142.56143447290603,143.2262242185002,7842930
2022-07-14,141.82276916503906,144.37114479426114,140.56704898393582,143.30008967717487,6795141
2022-07-15,142.85687255859375,143.22620264408243,139.9022318746844,142.5614129986267,5610793
2022-07-18,144.48194885253906,145.44219815699583,143.1892934200125,143.66941807224086,7600779
2022-07-19,146.43939208984375,147.4365879189303,143.30008608035152,144.00181105179058,9913955
2022-07-20,146.14395141601562,148.02752624861924,145.8115452492623,147.43660699897384,5519522
2022-07-21,146.6979217529297,147.32577616681834,144.99900102106224,146.1439265971725,6167419
2022-07-22,145.5899658203125,147.62128187108718,145.36836545146994,146.69795639346233,4844223
2022-07-25,148.39686584472656,148.98779640298355,143.74331446722718,145.885425060963,10207034
2022-07-26,149.43096923828125,150.16962948041706,147.39965357240786,148.80310352404152,12853314
2022-07-27,150.2804412841797,151.20376669299262,149.06165625297146,149.5048456865644,7343180
2022-07-28,149.83726501464844,151.42538034890686,148.7292744267296,150.68671995696096,5096403
2022-07-29,156.04197692871094,156.92836696947842,150.13269496217987,150.39123055663995,12477455
2022-08-01,157.14999389648438,157.85171899457103,154.97094805671512,156.96532880377404,7849924
2022-08-02,158.9966278076172,160.4739483911955,156.33744624875155,157.33464215109157,12615631
2022-08-03,156.66986083984375,158.77503602225377,154.23227949136594,158.77503602225377,9949919
2022-08-04,153.0134735107422,157.6670355598893,152.2748132258319,156.70677493529365,8058280
2022-08-05,153.97373962402344,155.30333043847003,151.97935903788448,153.27201458255664,31999040
2022-08-08,159.107421875,159.66141709221247,152.93961521933795,154.74933067468643,16358151
2022-08-10,162.39447021484375,162.83765962879923,159.14435815719543,159.4398290375607,14267910
2022-08-11,163.70498657226562,169.8457933097958,163.2556545119875,169.24668770508796,28800337
2022-08-12,165.98907470703125,166.43840681027345,163.06845031692708,164.00454934285662,8861089
2022-08-16,166.92518615722656,168.0485050719508,165.09043421524183,168.0485050719508,7844356
2022-08-17,165.8393096923828,167.3745144593996,164.86576436986067,167.3745144593996,6119157
2022-08-18,166.06398010253906,166.73796688277892,165.2027735025669,165.83931403346213,4233196
2022-08-19,162.61915588378906,165.98911315777312,161.5332830475705,165.98911315777312,8783707
2022-08-22,163.48036193847656,165.4648876154153,160.2976247487121,161.45839000920103,10390480
2022-08-23,166.8877410888672,167.52428157860243,162.20724589821003,162.50679301961603,9344364
2022-08-24,167.48683166503906,169.24670238899495,166.25118553255257,166.8128449431355,10825973
2022-08-25,168.4229278564453,170.1079060599193,167.5242750999905,167.5242750999905,13077805
2022-08-26,172.20477294921875,173.73997762309668,169.62114194668706,170.51979471796025,12673156
2022-08-29,172.69155883789062,173.44043808449555,165.80186062753302,165.80186062753302,8757016
2022-08-30,175.8368377685547,176.36105092113888,172.87876722533903,173.5902001772026,12991363
2022-09-01,172.46688842773438,177.3346034078698,171.90522900694953,175.49985158537064,9682321
2022-09-02,171.718017578125,174.076982689719,170.89424581665276,172.99111004195336,4599518
2022-09-05,173.4404296875,174.00208909526134,171.1188995646238,172.2422183801465,4909470
2022-09-06,174.2642059326172,175.72451824122473,172.991113443754,174.2642059326172,5307321
2022-09-07,178.86981201171875,179.20680538614238,174.00209692540517,174.45141761563988,12751679
2022-09-08,177.07247924804688,180.10544220255218,176.0240529702623,180.10544220255218,7677716
2022-09-09,177.9337158203125,178.23326295195653,174.7509789818847,177.8588233239062,8436280
2022-09-12,173.3655548095703,179.01959570754846,170.7444773070498,178.60770981461133,19053188
2022-09-13,173.2157745361328,176.2112915659769,172.72899616258877,174.26420092578198,9884429
2022-09-14,173.70254516601562,175.08797639249258,171.90523948079388,172.3545601886039,7705022
2022-09-15,175.42495727539062,175.9491704439639,173.92719883547267,174.5637507432338,5386854
2022-09-16,173.028564453125,175.2377561014848,171.9052455037565,175.12542877734444,8750965
2022-09-19,172.1673583984375,174.22677661577282,171.26870546172594,172.95368400318213,4011597
2022-09-20,172.12991333007812,175.08798430810887,171.2686952706065,172.99111996255837,6890375
2022-09-21,173.40296936035156,174.26417581152185,170.10789424620182,172.12987709153896,5673523
2022-09-22,170.03305053710938,173.21578762175932,168.87228531495637,172.2047959770151,7677219
2022-09-23,166.8877410888672,169.95813907774414,165.50230994163658,168.49782686365717,5495315
2022-09-26,161.3834991455078,166.32610740243152,159.13686110635922,165.5023355506136,7832594
2022-09-27,160.1852569580078,164.5287586209984,159.32405044531555,161.75790785517347,5795048
2022-09-28,157.86373901367188,159.8108180943542,156.44086166514532,158.5377257287177,6134706
2022-09-29,160.1852569580078,161.12135596179934,157.7513995481499,158.61261748783195,8962595
2022-09-30,158.9496307373047,161.7579281001546,155.6545664023573,159.5112902098747,12875386
2022-10-03,160.9716033935547,163.25568754599553,158.98707781757648,159.51129104264703,11397506
2022-10-04,167.1873016357422,167.7489611037234,163.33057785973426,163.48035143246437,10862095
2022-10-06,174.86331176757812,175.3126439060856,168.23572557304269,168.49783789167057,12795784
2022-10-07,172.017578125,174.90076808796047,170.59471198278072,174.48888217511018,14641624
2022-10-10,172.12991333007812,173.7399992697556,169.69605558168715,169.9956027337695,10850668
2022-10-11,168.83482360839844,172.95365945854653,167.74895098784842,172.95365945854653,19154740
2022-10-12,173.81491088867188,174.4888977684827,168.90974860162717,168.90974860162717,9256951
2022-10-13,175.64964294433594,176.43596849851224,173.0660116323207,173.88977201008385,7231841
2022-10-14,176.99761962890625,178.9446988702412,176.24874036062567,178.9446988702412,6241886
2022-10-17,178.23324584960938,178.64513168634042,174.4139574391791,176.99759976640578,5623812
2022-10-18,181.0041046142578,181.34109797679048,177.37204726497671,178.60769340325987,6674374
2022-10-19,178.38304138183594,181.97766419453353,177.48438853540927,181.22878491801282,13886387
2022-10-20,180.47988891601562,181.6032077266962,174.93818735412063,177.48437208753404,10755972
2022-10-21,178.7574462890625,180.74198284245855,178.270679424695,180.4798705758061,3285505
2022-10-24,180.10543823242188,181.00409094028353,179.7309986518971,180.40498532604605,730136
2022-10-25,179.69357299804688,180.44245224490433,178.19581450433196,180.10545886921656,6976548
2022-10-27,180.40501403808594,180.929238675844,178.9821479764337,180.44246028749595,6422639
2022-10-28,183.02610778808594,185.57230442341452,180.14292915908598,181.22880192655327,14076967
2022-10-31,184.18685913085938,185.34762431601445,182.3895534052581,184.22430538076588,8365329
2022-11-01,183.96218872070312,184.97318030938476,182.16488303748116,184.97318030938476,8813106
2022-11-02,184.0745086669922,186.92025189726425,181.3410927453272,183.96216993139547,14974441
2022-11-03,184.3740692138672,185.4225070209103,180.47989939611264,182.72653714793148,6754654
2022-11-04,184.26174926757812,186.24627479026995,183.84986337787106,184.7485162291468,5511411
2022-11-07,186.8828125,188.23079738762718,184.7859483889122,185.19783424721356,10513106
2022-11-09,191.5633087158203,197.2547839896935,190.6272096812698,191.33864266213016,40391668
2022-11-10,189.91578674316406,195.08304911633203,188.79246784230227,193.17341612645959,20832572
2022-11-11,189.65365600585938,193.8848188839603,189.01710411974278,193.80992639371493,20165337
2022-11-14,185.12294006347656,191.9002992593006,184.411507093084,190.6272068764418,18762693
2022-11-15,185.0830841064453,190.42471217205326,183.84734631367192,186.87691115873113,20225373
2022-11-16,187.27554321289062,187.75390196932574,183.68788903513283,186.03980539490888,9764275
2022-11-17,185.28240966796875,187.15596734881683,184.16625541033733,187.15596734881683,5737884
2022-11-18,183.0102081298828,186.19923371379653,181.93390712924506,185.3222468121534,6413585
2022-11-21,182.9304962158203,183.6878874359416,180.73804090405588,182.57173323420162,6430876
2022-11-22,182.65147399902344,183.9270771347222,181.49544231035046,182.21298047902704,5885877
2022-11-23,183.84732055664062,184.24594873463406,182.571705520995,183.36896187698187,5693274
2022-11-24,182.17311096191406,184.8040598552293,181.25627084939865,183.96693809392414,8198891
2022-11-25,184.48512268066406,186.2789495474754,181.6150069928661,183.08992400647747,10046363
2022-11-28,183.24942016601562,185.56145926066074,182.09338845352372,183.80749730970555,8146840
2022-11-29,181.13668823242188,184.40544499870265,180.45902745465028,183.52845791550448,6628470
2022-11-30,181.17654418945312,182.45215948765772,180.61846705842703,181.13667893041503,12154948
2022-12-01,180.25967407226562,183.6878668062384,179.30295667517208,182.09335403130518,22435771
2022-12-02,180.65834045410156,181.77449476642403,179.62190449827662,180.259712176105,6325649
2022-12-05,184.3655548095703,184.80404829188075,180.5785866567251,180.65831716811536,8732711
2022-12-06,184.68446350097656,185.36213639256528,182.97036689072573,184.9635081422587,7394839
2022-12-07,183.16966247558594,185.08307301731614,182.33254080164116,185.08307301731614,4519547
2022-12-08,183.68788146972656,184.36555431923745,182.57172730423946,183.08993913139392,3135706
2022-12-09,182.45216369628906,185.24256158095488,181.61504189785543,183.8074973786643,4197165
2022-12-12,185.28240966796875,186.3188455730088,181.85421637731412,182.05353050654608,7881379
2022-12-13,184.60472106933594,186.91675975345382,184.24595812389245,186.0796381039742,4878457
2022-12-14,185.0830841064453,185.92020583054568,184.44528866443386,184.7641863854396,4730078
2022-12-15,181.93392944335938,185.44186531501154,181.5353011964786,184.8837760372435,5221433
2022-12-16,179.1036834716797,183.2892804615447,178.02739440195916,181.77449784556623,7757065
2022-12-19,181.21640014648438,181.654893643057,178.98407957179796,179.10366317760486,4073907
2022-12-20,180.25967407226562,180.89746945010526,178.06721900673247,180.89746945010526,3784271
2022-12-21,178.46588134765625,181.53531172759915,177.03081714260156,180.57860631261914,3675466
2022-12-22,177.5490264892578,179.98066133456373,174.67891028534967,178.66519292841866,4755089
2022-12-23,171.4499969482422,177.7084525970346,170.77232411966443,175.39641382630043,6561011
2022-12-26,175.99436950683594,176.67204238685946,170.81220234128924,171.4500099639287,3116608
2022-12-27,176.39297485351562,177.7084430202547,175.1173597738189,176.99091714115465,2961726
2022-12-28,177.9476318359375,178.7847535162041,175.83490717327348,176.39298423839534,3015714
2022-12-29,176.71188354492188,178.86448564660117,175.7551782581576,176.0342228758324,4784105
2022-12-30,179.42257690429688,180.53873113291843,177.19025628188504,177.19025628188504,4102247
2023-01-02,179.1833953857422,181.13667134512258,178.70503662765498,180.77790835914146,4210225
2023-01-03,178.66517639160156,179.98064467599005,177.78818942523048,179.3827023348738,3643132
2023-01-04,173.12423706054688,178.98407696304346,172.40671110582693,178.86449335897956,9550461
2023-01-05,173.92149353027344,174.519435880937,171.56958938403042,172.84520459818,8815728
2023-01-06,170.81219482421875,175.316688911509,169.01836780739498,174.59916297084672,12237065
2023-01-09,171.37026977539062,173.56272499089732,170.61287858852188,171.68917965129233,6967190
2023-01-10,172.8053436279297,173.24383712899277,170.77233715221445,171.41014477510905,5400260
2023-01-11,170.13450622558594,174.2005186200849,169.1778010048706,173.24381339936951,7637956
2023-01-12,170.53314208984375,173.00464183932974,169.6561673335375,171.80875721832055,7161675
2023-01-13,171.48985290527344,171.9681994361292,170.25410307818717,170.77231486123932,3671193
2023-01-16,170.41355895996094,172.1276553886959,169.37712318588441,171.8087576882881,3987352
2023-01-17,169.89535522460938,171.5297212232821,168.30084231650483,170.41356705367616,5871758
2023-01-18,172.8850555419922,173.28368374276675,169.97506237723758,170.49328633734484,6441530
2023-01-19,178.54559326171875,179.22326616235003,171.5297335296726,172.8053488137424,12938871
2023-01-20,180.9772186279297,182.77104568481445,177.5888786315918,179.2631220840849,13444947
2023-01-23,183.44871520996094,183.68788241438958,181.13666419075017,182.1731000155572,8736715
2023-01-24,181.45558166503906,184.96350534868813,181.13667177050914,183.52844123622492,4252051
2023-01-25,180.299560546875,181.77449000287837,178.3861497287019,181.61504112889216,3855827
2023-01-27,177.30982971191406,181.49542607672703,174.83834201464913,180.97721425000785,6171667
2023-01-30,180.06039428710938,180.8177855664952,175.99438107015692,177.30984949408128,6172517
2023-01-31,179.26309204101562,182.0534892174102,178.50568878957552,179.38267562536603,7424552
2023-02-01,175.9146270751953,181.77446672380617,170.73246026070083,181.77446672380617,24008324
2023-02-02,173.52284240722656,176.75173310792283,173.00463063774237,176.19365608728603,6806578
2023-02-03,174.51943969726562,175.9545038032733,171.09124654396265,173.80191372684607,8776614
2023-02-06,175.0775146484375,175.675456963268,171.92834205819616,174.75860478142738,5742881
2023-02-07,175.15721130371094,176.3132305362138,173.00462166988382,175.0774929707046,4907167
2023-02-08,176.01486206054688,177.36253467349556,174.9122117677803,175.40228133411807,6316867
2023-02-09,175.23890686035156,177.07664880781113,174.13625670668173,176.42322695611733,4383159
2023-02-10,172.74774169921875,175.11638187207546,172.29851340078451,174.789677180297,4954439
2023-02-13,174.01376342773438,174.5446617263128,170.82833624730443,172.74776079690915,6142208
2023-02-14,172.9519500732422,175.03472693508036,172.4210517878458,174.01375910702106,6758731
2023-02-15,173.8912353515625,174.62633966497225,171.76762974867984,172.3393692393411,9612884
2023-02-16,175.97402954101562,176.83164509295537,174.0546173145658,174.38132206626315,13093683
2023-02-17,177.64840698242188,178.26098769615436,174.95304934940162,175.48396011242835,7243093
2023-02-20,178.3018341064453,178.8327324219789,176.38240949554032,177.9342881600769,8479587
2023-02-21,174.83055114746094,179.03693404160512,174.2588115982065,178.71022928859898,4655766
2023-02-22,173.0336456298828,176.30074292787077,172.82945204875855,175.23893381342725,6003852
2023-02-23,175.52479553222656,176.38241105666805,173.52370095052112,173.9320881085421,6219715
2023-02-24,177.2808837890625,177.48507738650142,175.36145898794146,176.42326818722142,5154174
2023-02-27,177.19918823242188,178.0568037707039,175.6881632011509,177.2400294414805,4841279
2023-02-28,175.93316650390625,177.19916906989295,173.15613907005257,176.9133055633707,6054079
2023-03-01,178.66937255859375,178.87356612723215,175.19808189174108,175.93317375364475,4510175
2023-03-02,182.01815795898438,183.32498936276315,177.52589930358457,178.66937833976436,11354939
2023-03-03,182.09983825683594,184.95854847268262,181.65060987317682,182.87577139425397,7089438
2023-03-06,183.69253540039062,184.18260496642728,181.11970133616518,182.09982800525168,4771341
2023-03-08,183.6516876220703,183.89670991670778,181.8547743748257,183.6516876220703,4271464
2023-03-09,183.61087036132812,185.36693017114115,182.67157241178745,183.6517115700885,4263468
2023-03-10,183.24331665039062,184.01924973203865,180.87466373542878,182.0998251684477,3670173
2023-03-13,180.34373474121094,184.38676428951368,179.1594147167766,183.1207618649179,3877606
2023-03-14,180.54795837402344,181.97731337421567,178.75105743780765,180.3437648025674,5723922
2023-03-15,179.60867309570312,182.30403092102895,179.36365076311776,181.28306299196518,2992144
2023-03-16,180.3845977783203,181.69142909821494,176.70911365982784,178.50601451404918,4988245
2023-03-17,181.0380096435547,184.55014145220704,179.77201951164463,181.32388561959084,15720256
2023-03-20,177.2808837890625,180.99720975504835,176.1782333776971,179.69036574624405,4244575
2023-03-21,177.2808837890625,178.83275014440298,176.382426975136,178.17932814000082,3998751
2023-03-22,174.74884033203125,177.15832176713997,174.05458972895812,177.15832176713997,9675449
2023-03-23,174.25880432128906,175.4022833720471,173.4828587550744,174.09543948862054,4730918
2023-03-24,170.25660705566406,174.70802467358723,169.889061098769,174.17712634284848,6611089
2023-03-27,170.21575927734375,171.68595551117224,169.562349807186,170.29744169260687,4002212
2023-03-28,170.6241455078125,172.54357008926647,170.25659956708358,171.03253265595276,6157526
2023-03-29,173.93206787109375,175.52477510946258,170.21574267290944,171.4817452080692,16734166
2023-03-31,174.50384521484375,175.03475605154156,172.4619092190558,173.3195248298844,5139018
2023-04-03,179.81285095214844,180.38460291279932,174.6263418039937,174.87137657813176,7754066
2023-04-05,181.73228454589844,183.16163959288863,179.935383550851,179.935383550851,6491910
2023-04-06,181.07887268066406,182.26319300719703,179.9353935646297,181.69145344917985,4589598
2023-04-10,181.36473083496094,183.32498411602023,180.62962650732388,180.8746612832029,3498235
2023-04-11,182.67156982421875,183.20248060460926,181.32389719512543,181.93647792889274,3995959
2023-04-12,185.97947692871094,186.22451167350988,182.67153903138714,182.9574149774834,5136012
2023-04-13,184.18260192871094,187.57221023843493,183.32498643378483,186.1428552345536,3478451
2023-04-17,187.53138732910156,187.81725086097998,184.10092524266494,184.18260765919416,6265943
2023-04-18,189.6549835205078,189.81833588235764,187.24550191001006,187.53137789048705,8004952
2023-04-19,188.18479919433594,191.6152613242483,187.04132012635654,190.79848700055243,7424582
2023-04-20,187.4905548095703,189.0832623018044,187.12300884412974,187.7764183546963,2589165
2023-04-21,187.89892578125,188.2256305083591,185.77530766608152,187.85808457461474,2459508
2023-04-24,189.1240692138672,189.49161511265243,187.49052080772364,187.49052080772364,2587030
2023-04-25,188.06228637695312,189.7366762184007,187.77641038097903,188.79737827661938,2570946
2023-04-26,187.6538848876953,188.3889767312231,186.2245299429577,187.85807845122926,3439487
2023-04-27,189.2874298095703,189.9000104885657,187.1638118038587,187.6538813322493,3349374
2023-04-28,190.39007568359375,191.7377481615156,189.1649143534882,189.90000616635731,4771074
2023-05-02,192.84042358398438,193.94306144760827,190.39010060305947,190.47177055796467,3773537
2023-05-03,193.4938201904297,195.16820994182825,191.61524933387093,192.79956953652336,4523385
2023-05-04,193.9430694580078,194.39229784899587,191.24771157506706,193.45301231937438,7248108
2023-05-05,193.9022216796875,194.3922912647094,192.7587425986194,194.26978009994755,3043479
2023-05-08,190.1859130859375,190.63512900970852,187.85810119463503,189.90003707718543,9711437
2023-05-09,193.04461669921875,195.04571130287417,190.7168048877706,191.77861400286952,7318928
2023-05-10,193.2079620361328,193.77970155021683,191.57441344561465,193.53466676904176,3650159
2023-05-11,192.88125610351562,194.51480478942466,192.51371014178358,193.20797331848988,2675726
2023-05-12,191.98280334472656,193.77970432745224,191.32938140655716,192.88124760459598,2348435
2023-05-15,194.14724731445312,195.6991259518303,191.00267375834886,191.61525447923773,4217892
2023-05-16,196.80177307128906,197.4143538211248,193.94306290538907,195.0048720310351,6016484
2023-05-17,197.33267211914062,199.04789063878783,196.63840899212545,196.8017613564271,4968232
2023-05-18,195.69911193847656,198.39445694699373,195.16820120726425,197.6593651197592,3512113
2023-05-19,195.9441375732422,197.3326637685136,193.00375775128234,196.0258199834297,3810543
2023-05-22,194.96401977539062,197.00595549248308,193.94305191684438,195.5357592835792,2891415
2023-05-23,195.45408630371094,196.1891781652778,193.41215061826261,195.16821032255365,3213453
2023-05-24,196.84259033203125,197.2509774489027,194.39226763080265,194.63730239352267,2422138
2023-05-25,196.06666564941406,197.82272534152494,194.31059349431692,197.04679227903375,3810138
2023-05-26,197.25100708007812,198.02694022609788,195.29075360981898,195.86249316672894,2646742
2023-05-29,201.00814819335938,202.27413831225402,196.67924216966395,197.2918228580269,8069985
2023-05-30,199.5379638671875,201.86576314304907,198.7211895676599,201.13067125866894,4657906
2023-05-31,197.04676818847656,202.47831142485103,195.45406105219257,202.47831142485103,15727646
2023-06-01,188.14395141601562,189.40994151928777,187.16381235634114,188.1847801576805,35509867
2023-06-02,188.59317016601562,190.63510579996117,186.30621222638547,186.63291694262233,36400588
2023-06-05,187.61305236816406,188.83821380608805,187.40885879517674,188.26647429432086,19807347
2023-06-06,186.06117248535156,188.38897156804893,185.20355704941645,187.69472094885248,13495524
2023-06-07,188.42984008789062,189.0832620606112,186.3062342552832,186.83713259768817,21853324
2023-06-08,186.3061981201172,189.00154298245707,185.938639763448,189.00154298245707,8538256
2023-06-09,185.9386444091797,187.40884048363432,185.69362211592508,187.0004533775628,5137982
2023-06-12,187.04129028320312,187.24548383154723,185.12186594357445,186.4287096381708,4261576
2023-06-13,187.00047302246094,188.10312330988464,186.22453993200827,187.85808852790308,5574798
2023-06-14,187.00047302246094,187.77640611291363,185.85699399052928,187.77640611291363,7034468
2023-06-15,186.71461486816406,187.5722179352946,186.14286287276093,187.2046719832405,6363240
2023-06-16,186.6737518310547,187.61303720569077,186.22452351419085,186.63291062716058,8518319
2023-06-19,185.5302734375,186.87795848252696,185.0810575521442,186.63292370497786,8210198
2023-06-20,185.61195373535156,186.02034087228304,184.18259875609144,186.02034087228304,5024593
2023-06-21,186.59210205078125,186.8779780650426,184.95855331325987,186.06120369628192,4705567
2023-06-22,185.36692810058594,187.53138751083873,185.0810645684305,186.55124836348585,6566989
2023-06-23,184.50930786132812,185.85699292299245,183.61086361653855,185.48944698362462,3881707
2023-06-26,183.2024688720703,184.95852854454805,182.34485340712158,184.59098262042318,6145625
2023-06-27,183.89669799804688,185.24438284613458,182.8757302932765,184.87683696501418,6282912
2023-06-28,185.61195373535156,185.9386584597022,183.07994850118195,183.89672277504488,19512531
2023-06-30,188.6748504638672,188.96072643461287,185.2035599250298,186.14284532093262,7850296
2023-07-03,189.2057647705078,190.92099581435565,187.73558097633764,189.08325360865595,7860203
2023-07-04,189.3282928466797,190.14506717952733,188.10313134740824,189.69583880386367,3662791
2023-07-05,189.00155639648438,190.18588902894504,187.939759842257,189.32827357415786,4859892
2023-07-06,191.61524963378906,192.75872863200473,188.6748572626826,189.00156198703382,7254947
2023-07-07,191.12518310546875,192.63622052119806,189.24659975328777,189.49163453191773,6393850
2023-07-10,190.92100524902344,192.43204278913055,190.18591331561262,191.9419731915316,6223180
2023-07-11,191.12518310546875,192.59537931426198,190.716795962081,190.96183074071095,10775084
2023-07-12,191.45188903808594,193.82054196241168,190.83930831915478,191.9419585984255,11313272
2023-07-13,187.7764129638672,192.18700181149393,187.04132105408968,191.94196702057238,20205328
2023-07-14,188.71571350097656,189.57332904944417,187.65390436777795,187.85809795250893,7390502
2023-07-17,188.0214385986328,190.0225331115677,187.61305145464667,188.674860521608,4963515
2023-07-18,186.42874145507812,189.85919116012067,185.85700191473558,187.61306174499924,6168942
2023-07-19,186.71461486816406,187.77641151565655,186.3878976617927,187.2046719832405,5247533
2023-07-20,187.6538848876953,188.42981793652712,186.02033637942375,186.75542822295154,3195629
2023-07-21,187.04129028320312,188.26645157326777,186.67374438878076,187.53135978442305,3903407
2023-07-24,188.63401794433594,189.4916334330743,186.67376465263666,187.04131058695697,3456895
2023-07-25,187.81723022460938,189.77749583904475,186.91878605643888,189.73665463526754,11024983
2023-07-26,188.2664794921875,188.8382190197399,186.95963560379315,188.30732070050988,7574284
2023-07-27,187.0821533203125,189.40995256532776,186.34704898268672,188.67486069068855,7837850
2023-07-28,185.4894561767578,187.8172555501145,185.2852625933237,187.53139201109911,8817344
2023-07-31,187.24551391601562,187.81725345064265,185.2852605221551,186.63293317256083,19422170
2023-08-01,196.31170654296875,197.08763962965114,187.00047211381985,187.8580876150948,22409256
2023-08-02,191.5744171142578,198.59866871020807,189.7366749147322,196.9651200884075,25003960
2023-08-03,187.89892578125,192.02363839168123,187.4088562275999,191.57441004466637,13949266
2023-08-04,190.92100524902344,193.16713472254136,188.26648859850226,190.14507210531477,6725977
2023-08-07,190.267578125,192.75874232991197,189.7366797944557,191.73777441502898,6744074
2023-08-08,188.06228637695312,192.26866912179656,187.28635326886385,190.3084157473619,13828141
2023-08-09,191.73776245117188,192.51369552546964,188.3481541704565,190.51260102975863,35271302
2023-08-10,191.8602752685547,193.41215389356725,191.4927293315471,191.7377641105477,10749822
2023-08-11,191.8602752685547,192.43202724055152,190.92098982253682,191.12518339453953,6132454
2023-08-14,191.04351806640625,192.9221015894385,188.42984260361635,192.75874920982434,6092872
2023-08-16,190.34925842285156,191.77861348776443,189.57332530878202,191.12519153692114,4576249
2023-08-17,189.73666381835938,191.0434951615802,188.75653719519718,190.88014280155087,5602132
2023-08-18,189.0302276611328,190.27685481125857,188.65624205236452,189.90286920249028,6904019
2023-08-21,191.23263549804688,191.81439237637014,188.65626730373825,189.030252962564,4955953
2023-08-22,191.77281188964844,192.8532246337469,190.90017033936326,191.48192714577095,4280368
2023-08-23,191.89747619628906,192.39613215129373,191.39883292263215,192.1883609502664,2524601
2023-08-24,190.5261993408203,193.35188272088206,189.9028857115701,192.6870249947604,6378317
2023-08-25,189.23800659179688,191.23261772237692,189.07179216791877,190.31841936902595,3890957
2023-08-28,190.69241333007812,191.1910693048611,189.07180043405586,189.90288527112864,3360861
2023-08-29,191.10794067382812,191.48192628474087,190.1106414842784,190.69239828807014,3112560
2023-08-30,190.11065673828125,191.7728264146815,189.90288552873122,191.23262634239072,4086281
2023-08-31,191.19107055664062,191.52349942110695,189.81977295768337,190.31842893573116,10403460
2023-09-01,196.88400268554688,197.17488746562262,191.6897221938287,191.7312789740322,14869577
2023-09-04,205.94281005859375,206.89855247859185,197.9228343602356,198.42149029844603,24785966
2023-09-05,212.217529296875,212.67461583604648,205.69350791275906,207.23102001414145,19654487
2023-09-06,212.5915069580078,214.2536639750311,209.89048119815382,212.71616461284634,13346191
2023-09-07,227.71726989746094,228.34058359243573,211.7604418423759,212.7577412180657,72255521
2023-09-08,234.4490203857422,236.4020746819111,225.1408607493213,228.21588456564638,41855413
2023-09-11,231.8311004638672,236.19429538831116,230.4182462480174,236.02806829373105,14505153
2023-09-12,225.01622009277344,232.7452989481114,223.5618216249531,232.70375485125228,17547706
2023-09-13,232.41285705566406,233.95036899370342,223.56180909167398,225.63952107207987,17607568
2023-09-14,230.6676025390625,234.53216759225933,229.96120066823562,233.7841708963514,12033796
2023-09-15,232.12197875976562,236.15274518636312,230.66758033304353,231.4571210526281,13288180
2023-09-18,233.74261474609375,234.98924202473958,228.09124789464474,232.1219891387754,8754852
2023-09-20,236.2774200439453,239.35244422947247,231.95579390742066,232.28822278519982,18615797
2023-09-21,233.07772827148438,238.35509614357818,231.5402164115188,236.7760401911921,11071899
2023-09-22,235.48789978027344,237.77338314165078,232.03890268927978,232.7037604311471,8691024
2023-09-25,239.3939666748047,240.1835073804761,233.6594866230348,236.27739867246288,9118957
2023-09-26,238.31361389160156,242.17815390919557,237.81495783968936,239.72646847823611,11256196
2023-09-27,242.30271911621094,243.84023078841767,236.44358248957712,239.35237875922041,12805340
2023-09-28,241.1808319091797,244.46360182584218,240.18351995115503,242.30277615858657,12432497
2023-09-29,245.33627319335938,247.24775832270765,242.17813534842506,243.34164913858046,8640829
2023-10-03,242.5936279296875,246.91527867638032,241.09768555882096,246.8737092222104,9348540
2023-10-04,239.31088256835938,242.26122351584104,237.60714348039036,241.6794540003988,6338888
2023-10-05,240.47439575195312,241.47168231009275,235.94497337531166,240.01728388711373,8687014
2023-10-06,239.1862030029297,241.8456845937122,238.52134528658215,241.80414049745153,3741467
2023-10-09,239.1862030029297,240.1419708438865,235.23855007571274,237.7318045560603,4647845
2023-10-10,252.02645874023438,252.5666587729919,239.1861887846483,239.56018707954678,23283411
2023-10-11,250.86294555664062,253.48085753735634,248.86834716003312,253.1068592418135,12321154
2023-10-12,255.3092803955078,256.8883365647516,250.90451539817826,251.4447154873015,15375295
2023-10-13,255.9325714111328,258.3427122313412,253.0237746440239,253.4808611337773,9516879
2023-10-16,259.2984924316406,260.6697774633067,254.7690695181238,255.84949512087488,10535107
2023-10-17,263.7863464355469,264.5758872483412,259.38160653969106,260.1295778891969,7760527
2023-10-18,263.4123229980469,265.7393501648113,261.9994687707795,263.7447518271998,9662837
2023-10-19,261.62548828125,262.37348490108786,256.6805488748628,262.0410306866285,8977527
2023-10-20,259.6308898925781,263.2045697976155,257.30386256677826,259.71400344622003,6009115
2023-10-23,254.3950958251953,260.0049189633215,253.48089735236834,259.7555782728967,8086150
2023-10-25,257.8856201171875,259.8802440574561,253.48088053493785,254.39507894711144,7253336
2023-10-26,253.68865966796875,256.9298856280421,251.7356051270599,256.9298856280421,8329092
2023-10-27,260.9190979003906,263.57855419357685,254.3119632206576,254.3119632206576,10503070
2023-10-30,261.417724609375,262.4565806527483,259.25692432931567,261.7917229300679,6229982
2023-10-31,261.1684265136719,263.2876828367227,258.2596294005522,263.2461387373288,7446586
2023-11-01,254.8521270751953,262.4565472730032,254.18726943707287,260.2957472677587,9593653
2023-11-02,256.6805725097656,259.96334259691304,255.39237571685885,256.7636860710335,7071960
2023-11-03,259.2984924316406,261.54243183814776,257.8856379367733,258.13497862788455,4658440
2023-11-06,263.07989501953125,265.5731495306474,260.12955399312233,260.2957811056086,10340818
2023-11-07,261.1684265136719,264.94985261564824,260.66977050745464,263.0383675149631,6826885
2023-11-08,263.7863464355469,264.4096601205849,261.4177493598627,262.622832629349,6424833
2023-11-09,268.89752197265625,269.6870628100923,262.3735254891357,264.6590090722721,15503280
2023-11-10,268.7728271484375,271.05831041562266,267.23531515070096,269.64548143170765,8445203
2023-11-13,290.3395080566406,290.87970815639153,274.5073258665098,276.75126518879534,42178783
2023-11-15,291.3783264160156,298.35943343499184,289.71615687041674,298.35943343499184,35092206
2023-11-16,287.38916015625,294.61960923025276,286.5996446862286,293.3729818287143,17617280
2023-11-17,286.9320373535156,289.6746071454874,284.4803269616801,289.21752063439084,13542916
2023-11-20,289.0097351074219,292.8742743001583,285.85162305722105,289.2175063044797,19032608
2023-11-21,290.4873962402344,294.22495522353717,285.83715899872027,291.1827474147266,15148068
2023-11-22,288.7055358886719,293.70344906604566,286.8367562666697,291.8781189482498,7599447
2023-11-23,290.7046813964844,292.0953836717894,286.83672106268506,289.00972652528117,6186567
2023-11-24,289.2704772949219,293.31228868623026,288.6620516794385,291.4869587878887,7054445
2023-11-28,297.2237243652344,297.7017749993798,289.70510357149897,291.0089069656569,10791886
2023-11-29,297.5714416503906,299.8748226642153,293.87733151612133,298.13641789514736,14149513
2023-11-30,297.3974914550781,299.8747227306503,293.8337575609166,299.8747227306503,11959336
2023-12-01,301.3089599609375,305.1769206519002,297.65832636224775,298.83172819964386,15105221
2023-12-04,308.3060302734375,312.91279131294414,304.7857454555993,305.17689705511884,22705896
2023-12-05,309.044921875,309.82722530427617,304.2208588662172,309.17532346384854,15782945
2023-12-06,306.0895690917969,315.0858177450166,303.7427389165751,309.2621520204537,14817158
2023-12-07,305.9157409667969,307.5237439004909,302.8300570791719,307.5237439004909,8507659
2023-12-08,305.0899963378906,311.522087821591,301.52626173074844,305.9591986066595,13444251
2023-12-11,307.3933410644531,311.6959024016224,305.0899606270165,305.0899606270165,11420609
2023-12-12,302.04779052734375,308.21913198431514,300.0051598761418,307.8279803502313,8789103
2023-12-13,300.0486145019531,304.0469234605159,298.7448111826097,303.699247880547,8091533
2023-12-14,302.1346740722656,305.2638071322344,300.5700942793089,303.5254028240234,13142466
2023-12-15,304.2207946777344,308.001829859633,302.87354176882656,304.2207946777344,14331890
2023-12-18,302.17816162109375,305.3072950750957,297.52792420586354,305.08999450920595,7959685
2023-12-19,318.95379638671875,321.3875522300078,301.1785986415083,301.1785986415083,28937243
2023-12-20,306.0895690917969,323.16938811402684,304.22078954691256,320.73563240803065,23224408
2023-12-21,309.0014343261719,310.13138676677346,300.8309375704168,305.17694930496214,10028664
2023-12-22,315.7377624511719,319.3449469991746,309.78372088227746,312.0436523605525,13916380
2023-12-26,318.1715087890625,323.16942228871227,315.08585106487635,316.2158035065909,11910267
2023-12-27,317.78033447265625,320.90946774557773,314.99887677984907,318.99721226602946,7890042
2023-12-28,331.12261962890625,332.46987255436807,317.9541838481509,318.82338612933876,28310022
2023-12-29,326.820068359375,331.77453213371336,325.2989643178087,331.6006810614403,8859317
2024-01-01,331.8614196777344,336.20743107490716,328.08041098295286,328.38461055999613,11124690
2024-01-02,341.2922668457031,344.0737247268907,333.99097306502114,336.7289549170334,28363847
2024-01-03,334.2517395019531,343.16106322748016,333.64331379724297,343.16106322748016,12903439
2024-01-04,334.42559814453125,338.81505932266293,333.6867708551363,337.0766546539454,11039940
2024-01-05,333.9909973144531,337.68510723920633,332.46989322779007,336.207452658925,8369460
2024-01-08,330.6445617675781,337.81548100614367,329.6449843910287,335.90325179142957,9424716
2024-01-09,334.9470520019531,337.2069828849585,332.12214502968254,333.46939774454154,9473743
2024-01-10,332.0787048339844,335.38168925809504,326.68966686719426,335.38168925809504,9670366
2024-01-11,334.0779113769531,338.0327712560401,333.1652330407374,335.0774887229471,9163771
2024-01-12,331.25299072265625,335.3382254800395,329.9057112872839,335.3382254800395,7471050
2024-01-15,334.33868408203125,337.16359176566175,331.51377639840075,332.46990430420436,7490747
2024-01-16,331.9483642578125,336.3378519363916,327.7327276554752,334.99057241039304,10165133
2024-01-17,329.99261474609375,334.94707796885825,327.86308524054834,331.8613941982079,10996538
2024-01-18,326.51580810546875,332.51329810850126,319.866416438499,330.9921942259812,12493835
2024-01-19,333.12176513671875,334.55594355618825,329.51458107382643,330.8618339623695,15893456
2024-01-23,326.21160888671875,351.8530764464427,324.7774304131443,350.723124079614,16406737
2024-01-24,332.5567626953125,337.0765981608968,325.29891911462016,330.1229806514326,22938994
2024-01-25,338.4673156738281,340.4664965566568,334.94705753750594,336.20738475347366,13440949
2024-01-29,358.80670166015625,360.45820726394385,340.29270313448365,341.50958105889345,27149058
2024-01-30,349.8973388671875,361.4142681444891,349.071612683628,361.37081864438727,14159072
2024-01-31,353.0265197753906,355.6341267561656,348.028606395572,352.07039191058317,23750822
2024-02-01,353.5046081542969,358.0244444817271,349.85394765533914,355.329911877825,8862155
2024-02-02,364.89111328125,367.58564570426745,356.06871528129443,357.0682926165891,25177075
2024-02-05,382.666259765625,391.14098102108176,362.54423460272955,367.8898227048286,31418925
2024-02-06,389.9676208496094,392.0102516344913,380.05871957246416,386.6211865670518,13386526
2024-02-07,393.44439697265625,400.311089509055,389.22876071408643,394.6178253267248,14430152
2024-02-08,399.1376953125,407.30819139276315,391.14102377167745,395.31318408152936,18790158
2024-02-09,396.5300598144531,403.13597540638995,378.6679384382458,401.74527308763254,17472069
2024-02-12,376.1907653808594,397.6166244671098,373.8004589252773,397.2254728003616,19472346
2024-02-13,393.1836242675781,397.96423641368875,377.2337584385471,385.7519294703293,35665854
2024-02-14,405.35247802734375,406.7866564468064,385.0566000126821,392.57519423369956,18592696
2024-02-15,414.4790954589844,418.30358002833975,406.39549867221893,407.6558525367093,18501875
2024-02-16,417.2171325683594,423.8230758058819,415.0441266695658,419.303212926011,14513583
2024-02-19,400.7022399902344,423.69265027033515,395.8781780801237,419.65083855943686,19798448
2024-02-20,392.5694885253906,402.6365107778514,387.73380613594014,402.6365107778514,27899165
2024-02-21,380.6561279296875,396.4819972207084,378.9416480238891,396.4819972207084,19032050
2024-02-22,391.3825378417969,393.88830586819824,376.260056483264,385.09615618364023,22083710
2024-02-23,390.2835998535156,395.2951369428536,388.3053657653323,393.8883873360643,9625544
2024-02-26,388.8768005371094,393.2289257073931,387.3381742207585,390.2835499640758,7570244
2024-02-27,388.08551025390625,391.5144435167808,382.5024894272766,388.8767984174137,8343526
2024-02-28,381.7551574707031,389.360361729653,378.37017440992423,387.11834741752114,8893614
2024-02-29,383.9532165527344,390.37147557622455,377.75473445650107,390.37147557622455,11711699
2024-03-01,392.4376525878906,394.5917134144728,385.0962013734859,385.0962013734859,8411615
2024-03-04,400.39447021484375,402.6804343789301,393.9322351701899,397.27326797355,11977226
2024-03-05,405.01043701171875,405.97757900369396,398.7680043342597,400.92209209677196,9605493
2024-03-06,405.84564208984375,408.7910176533382,390.8550105097052,406.5929801927471,14061966
2024-03-07,403.2080383300781,409.1866901010781,400.96602379231706,405.8456835522572,9680802
2024-03-11,399.07568359375,406.9446685854263,397.75686109222966,405.31811546724873,7824738
2024-03-12,395.03131103515625,400.7462088573028,392.7453733715088,399.07570562943965,8409613
2024-03-13,366.6766052246094,395.5588233572337,360.47815020371155,395.0312889906331,17803423
2024-03-14,376.0403137207031,377.051405732086,362.4124794997176,368.3911315221243,20478918
2024-03-15,365.0940246582031,376.3479657994694,352.7410647792541,376.040262018128,25435001
2024-03-18,370.8968811035156,372.3475805966803,363.5993799539518,365.75346759910036,9803914
2024-03-19,368.43505859375,373.31471825490945,363.9950332922354,366.6326784610197,8373676
2024-03-20,368.8306884765625,371.73208721230725,362.85203727438636,369.09444224108034,6950340
2024-03-21,379.86480712890625,381.1836295494415,372.0397994666991,372.78713753797126,9911230
2024-03-22,379.7769775390625,383.51364175697535,376.56782092199535,378.853785574551,9172888
2024-03-26,383.2937927246094,387.689867756058,378.8537408439387,381.40345899587635,9389403
2024-03-27,377.57891845703125,386.6787728678189,374.5895657861776,386.6787728678189,17985246
2024-03-28,381.667236328125,385.4918269390345,378.0624494669055,378.0624494669055,10332853
2024-04-01,388.656982421875,390.19560868139394,382.28267363243947,383.9532036079844,7256592
2024-04-02,389.6680908203125,394.1520657640545,383.3816822327494,388.65697212563356,11530800
2024-04-03,391.6902770996094,393.00909958142626,387.6458827890686,389.66809336009504,6972648
2024-04-04,394.63568115234375,398.7240257746899,389.0966102301045,395.64677309506163,14743020
2024-04-05,392.9651794433594,394.63568268104007,390.3714842993056,394.5477558092644,4820138
2024-04-08,393.3608093261719,396.0424313365959,390.8550410589447,394.76755877720416,3980972
2024-04-09,386.72271728515625,395.910497797712,384.43675295332235,394.5037752841331,8005012
2024-04-10,401.22979736328125,403.20803124515527,388.70098277807926,389.0966134555455,15825331
2024-04-12,400.57037353515625,407.47221689558864,397.88875159139525,400.04283915019397,11259294
2024-04-15,396.5259704589844,400.74619178447927,387.82174720545555,394.72359041677595,7680715
2024-04-16,398.4602966308594,401.27376887015475,392.43766779058666,394.76758245435934,4996845
2024-04-18,385.62371826171875,401.6254157394103,382.59041566981296,399.9988893960106,10945138
2024-04-19,382.7222900390625,385.6237157234207,376.34798110133084,383.3377512897936,7628287
2024-04-22,389.4483337402344,390.8111063932516,385.09620832450884,387.6459267119526,6396926
2024-04-23,387.68988037109375,391.9101018060011,386.19520407916093,391.9101018060011,5390120
2024-04-24,390.23956298828125,394.50376088464225,387.8656718781183,388.21735249367663,6538090
2024-04-25,397.80084228515625,399.16361481900367,388.3932309389755,389.49224970224367,10858594
2024-04-26,400.74615478515625,404.83452567918766,397.5810024990176,399.1635786420869,7209435
2024-04-29,398.50421142578125,403.29594406080355,396.1303201176666,403.29594406080355,5305655
2024-04-30,399.4273986816406,403.03218586304024,397.44916475872174,401.2737557093346,6021793
2024-05-02,399.07568359375,404.0432429831741,395.119216089189,402.284812981147,14980896
2024-05-03,417.27545166015625,418.33049357969065,395.11922254026683,402.59255017089845,51071947
2024-05-06,404.9664611816406,423.29810051179453,390.41543586921966,421.1440128865541,36408390
2024-05-07,400.9220886230469,412.791492562545,398.1525664034671,407.0765943694533,13728379
2024-05-08,408.3514099121094,414.4619379499178,400.13074444821115,401.5374937884337,16978094
2024-05-09,389.931884765625,411.2089002588354,388.0415777255106,409.14273947156465,15601338
2024-05-10,395.11920166015625,396.65782785574214,387.07439006096655,393.18494482746945,9190621
2024-05-13,390.3714294433594,397.22929517394937,382.1947413160012,396.7457376944052,11107909
2024-05-14,394.5037841796875,396.2182373435876,391.33860478974,392.7453541665514,6592194
2024-05-15,411.34075927734375,413.2310662353089,395.20715802717314,395.6467655444447,23543942
2024-05-16,411.73638916015625,417.6271406129869,402.5486081655786,412.0441197879632,17232651
2024-05-17,413.45086669921875,416.4841692768263,410.4175641216112,412.39579793356916,10625019
2024-05-21,431.3868408203125,434.2442896129478,412.96730239438665,412.96730239438665,27356982
2024-05-22,441.1022033691406,446.0697630584416,432.2221259565372,434.771844247093,28346931
2024-05-23,437.2336120605469,442.94850960359025,432.66171012501974,442.596828967244,14378840
2024-05-24,440.4867248535156,444.3552655737509,430.0680215041508,436.046699736799,12190536
2024-05-27,434.7278747558594,442.24515239902286,431.47476846882796,442.20120238089254,8811105
2024-05-28,428.7491760253906,436.2664801400855,425.6279736052412,436.09062641295947,8165238
2024-05-29,427.6941833496094,432.4858894025408,423.8695924125716,423.8695924125716,8014727
2024-05-30,423.91351318359375,429.01297635828575,421.5835987652707,427.2984963502014,7725080
2024-05-31,431.87042236328125,433.54092551102246,421.14398854050063,425.89174421411184,11223848
2024-06-03,450.46575927734375,463.6979872378685,444.48710833521534,452.795700365794,24416215
2024-06-04,388.52508544921875,450.5097669593772,361.18149482751323,450.46576328096023,48046493
2024-06-05,404.9224548339844,406.9446654194907,373.7542993894424,397.4051773664062,18966089
2024-06-06,415.82476806640625,425.89176427635084,408.5272670623905,413.23107293981667,21757857
2024-06-07,421.27581787109375,423.1661245573023,411.1208964146296,415.86865155230754,8317343
2024-06-10,420.0010070800781,429.0569106501298,418.0667233896244,426.41926570760853,10958537
2024-06-11,418.8140563964844,425.10043806674304,417.80296454711606,423.78161561152046,11169021
2024-06-12,429.67236328125,434.59594561033686,421.45169800840006,422.90239733148854,15412796
2024-06-13,428.9690246582031,434.244315045879,425.1004837402104,434.244315045879,7438571
2024-06-14,428.1337585449219,432.92546423588414,426.63908229988033,428.9689967029641,5974636
2024-06-18,429.9801025390625,433.3650857933029,426.5951461163357,432.5737976273604,6946544
2024-06-19,420.2208251953125,431.8704240898221,418.94595269689313,430.28782097128294,8962510
2024-06-20,424.792724609375,428.52938838335126,414.5938251776314,422.9463677312254,7864157
2024-06-21,422.1990661621094,432.04625835310236,421.1439973984432,424.79273438955926,10340882
2024-06-24,416.4841613769531,422.06715523070346,414.9894851258861,422.02320521276556,11124175
2024-06-25,412.5716247558594,420.2208057290095,409.0987148910531,418.41839894123837,7951999
2024-06-26,412.1320495605469,414.8576215479433,408.8789431834102,413.4508721191406,6655899
2024-06-27,410.63739013671875,412.3518702659528,405.75775720199834,412.13206649715437,14857335
2024-06-28,416.00054931640625,418.50631729677525,411.4725976783421,413.23102758295033,8302706
2024-07-01,417.4512939453125,418.77011651695716,414.3300912583591,416.17644822496436,8579861
2024-07-02,421.2319641113281,426.4193278884097,416.1764772343006,420.2648221250719,14629287
2024-07-03,426.3753662109375,428.7492308415707,421.4957063901917,423.69374410273076,7244652
2024-07-04,430.41973876953125,433.27718782658764,426.683074617996,429.7163774265543,7796954
2024-07-05,432.1341857910156,433.71676210708546,428.08979130032094,430.37575573693215,5754517
2024-07-08,433.7167663574219,436.09065768630353,428.3535761051197,433.189258801238,7477292
2024-07-09,434.1564025878906,436.92595159858604,431.7825379335286,436.92595159858604,6444684
2024-07-10,431.47479248046875,435.12352962826463,422.5067880987529,434.15638769195965,5981477
2024-07-11,439.6514587402344,444.88279882663096,429.5404860396291,432.5737885824159,20146927
2024-07-12,436.26654052734375,447.1688023304376,435.6510792287233,443.124407530326,8198389
2024-07-15,437.6292419433594,442.77265477398834,433.05731346468673,439.60747558348504,7106020
2024-07-16,450.5537414550781,455.7850814838071,437.84907386045774,437.84907386045774,23169665
2024-07-18,444.2234191894531,453.49912755125337,440.70655886929916,453.1034700326301,12540956
2024-07-19,429.05694580078125,445.2344974072948,427.9579269846932,444.2673554828345,9971704
2024-07-22,431.87042236328125,436.09064366615513,425.1444060915266,429.0569236070236,7281653
2024-07-23,428.1777038574219,435.91478510417073,408.43931642748817,434.33220884099876,11311831
2024-07-24,434.1564025878906,439.08001247949704,426.50724737070357,427.91399688709333,6823248
2024-07-25,434.3321838378906,442.7286758495208,425.540034367488,431.6945389967698,10281157
2024-07-26,448.2677917480469,449.89434493195523,438.0688919578386,438.0688919578386,20437968
2024-07-29,450.2900390625,453.4112419635369,446.20166734476885,452.3561731012484,7259754
2024-07-30,456.6202697753906,462.1153632966263,448.3556813172658,450.28996496934525,13197520
2024-07-31,459.1261291503906,461.93962816131324,448.83930190018964,460.225148009108,11972565
2024-08-01,475.1278076171875,476.7543339024978,464.22552014849026,470.3800251504589,34763894
2024-08-02,461.1483154296875,472.3143578228408,459.2140314960417,469.50085879781335,10985150
2024-08-05,445.5862121582031,452.79578687602,437.45347229683773,452.79578687602,11835031
2024-08-06,439.25579833984375,454.7299869654221,437.84904904088006,446.72912548210775,7142269
2024-08-07,467.3027648925781,468.44573364136625,446.3774589658351,446.3774589658351,18293730
2024-08-08,460.22509765625,470.3800200671509,458.2908139439297,469.5008050763712,13624148
2024-08-09,465.8081359863281,467.1709086199252,458.8183654077133,465.98398973392796,6468264
2024-08-12,460.6647644042969,466.4236126020267,460.0932531215701,465.1047899462245,5238736
2024-08-13,458.73046875,465.8960931290835,457.19184235745087,461.5879177647341,5201294
2024-08-14,443.73980712890625,464.13760521319347,438.7722210715846,459.74153035291704,14766889
2024-08-16,454.9288024902344,457.99245651974746,446.22629064696673,450.84396658420553,7313429
2024-08-19,463.54248046875,464.83010931004736,455.6835922787244,456.2607678282877,10737456
2024-08-20,465.8513488769531,469.27022961776703,462.69891525359265,465.6293457457308,8191127
2024-08-21,472.6002502441406,475.3086774540932,465.67376377607144,467.5385682944046,9067794
2024-08-22,469.6253662109375,475.48628094720584,467.80495151405825,474.19865204454226,8531700
2024-08-23,478.5054626464844,480.54793453750506,469.62533859848446,469.71417235895,12566904
2024-08-26,477.8394775390625,482.6791562302826,474.8202677298455,481.30274777314116,7193307
2024-08-27,471.889892578125,481.0364110385622,470.6466533233147,478.7275458796267,7865530
2024-08-28,467.40533447265625,475.57505990675173,466.60615578235127,474.10987187453645,6066259
2024-08-29,468.4709777832031,470.64661922148736,458.3032239430446,467.40535195629036,9147836
2024-08-30,466.1622009277344,476.86274136034854,463.54255305419355,470.6466534841429,30921282
2024-09-02,462.521240234375,469.7585630271658,459.67964389362436,467.98253821420866,6370038
2024-09-03,461.4112243652344,464.9632739883693,460.21242929741675,462.654463413322,5526155
2024-09-04,447.2474670410156,458.9692151739245,444.49462301359364,458.9692151739245,16783593
2024-09-05,441.3421936035156,450.6663244542941,439.69936512885675,450.6663244542941,10830621
2024-09-06,433.8384704589844,443.11821137691345,427.1783771016159,443.11821137691345,13110103
2024-09-09,430.1976318359375,433.79407133144326,424.5143306134261,433.3500651171838,10189742
2024-09-10,436.1029052734375,436.90211103215717,427.84437350003174,432.7284418144156,9809547
2024-09-11,429.7536315917969,438.2785293440141,427.9776067100868,437.656936895409,8134497
2024-09-12,440.1434020996094,441.5642275580045,428.24403969803456,432.46209918702505,12058489
2024-09-13,435.34814453125,442.0970452055829,434.6821351311512,441.3422291321392,8093877
2024-09-16,438.01214599609375,439.477361135434,432.77287790088246,437.34613665094,5244657
2024-09-17,433.7940979003906,439.3885657027127,433.039281869921,438.01215719420196,5063902
2024-09-18,432.55084228515625,438.32292284279026,431.70721967135313,434.9484594875655,6527832
2024-09-19,424.4255676269531,436.54693232964996,422.91593559951536,434.2380945053292,10014450
2024-09-20,435.9697265625,442.2302035437562,426.5123722163618,427.0896019933483,12982128
2024-09-23,444.5390625,446.22628082840777,435.5701308384756,438.23416833595866,6123879
2024-09-24,447.82464599609375,449.9114805724761,445.3826118769202,448.4462655209695,7306001
2024-09-25,448.71270751953125,450.2223396166248,445.78227709575077,449.7783333645374,5059851
2024-09-26,449.8227233886719,450.62195632284653,444.05064210846984,449.33432735111273,6877039
2024-09-27,458.30322265625,459.85724450780674,448.35749906628126,449.8227142491795,15443031
2024-09-30,453.0195617675781,455.9500192149074,446.22627170784483,455.5504027584565,8881502
2024-10-01,451.5543212890625,458.2144145234144,449.46748665563445,454.6623647984267,4743517
2024-10-03,446.0930480957031,452.7975310791407,443.5622072589128,443.5622072589128,11285134
2024-10-04,441.519775390625,448.1354514997035,438.7225146552557,443.65099972710675,7170285
2024-10-07,426.64556884765625,444.4945964255576,422.11670018311906,442.31898230336947,8940891
2024-10-08,436.76898193359375,437.5681878155415,423.0935939647352,426.9564269108144,6049075
2024-10-09,432.4176940917969,440.4541963094632,431.26326159147527,436.9021463392256,6874313
2024-10-10,433.4388732910156,438.63375143595795,431.6184315462127,433.97168616998204,4700891
2024-10-11,437.7457580566406,438.5893536433975,432.86168947018854,432.9060792537058,4364566
2024-10-14,442.4966125488281,446.181886059171,437.7457674113808,439.521792389863,5369297
2024-10-15,439.0777893066406,443.42904511525313,435.1705126458548,442.4966157348421,4279311
2024-10-16,440.232177734375,443.47341779845266,437.701336799414,439.5661683883321,8000451
2024-10-17,435.03729248046875,441.5641893876445,432.6396751329276,440.23217071679187,4334990
2024-10-18,437.0797424316406,438.4561509008018,429.2208267625853,433.35007927005825,4573163
2024-10-21,431.0412292480469,439.3441509106203,428.3328021693412,436.9021167216274,4737527
2024-10-22,415.900634765625,432.9060676972205,414.8794258720807,430.6860365808245,8671135
2024-10-23,421.0067138671875,422.7383219089697,407.5533304810793,415.9006422081043,10686743
2024-10-24,423.8039855957031,429.62045690479346,420.0743220799557,421.0067515088886,5045880
2024-10-25,409.4625244140625,425.4023307867817,407.59769294789805,424.55873526398466,10330954
2024-10-28,392.1907043457031,406.709713738687,386.5074299230645,401.3816388862151,21378247
2024-10-29,395.6539611816406,396.5863905728724,389.6598767665446,394.4551659786143,7680865
2024-10-30,398.8507995605469,404.75607712645694,395.16555319234664,397.8295906295984,7818123
2024-10-31,401.426025390625,403.60166677760697,393.56713672742256,401.38163560721307,8475238
2024-11-01,403.29083251953125,408.08609413657746,401.69242101384526,403.7348387266649,3095957
2024-11-04,393.6558837890625,406.8428732723163,386.7293979493674,406.709676833089,15720990
2024-11-05,400.4232177734375,401.6662018975352,393.1494973300803,395.0830250677554,10186343
2024-11-06,401.25189208984375,404.10614484194946,397.0165801138798,403.0933418527128,9130749
2024-11-07,400.83758544921875,405.4412098873669,400.19306678856054,403.09334456493514,5861077
2024-11-08,390.43341064453125,401.43608522900234,387.8553919787093,400.8376196206826,9934413
2024-11-11,388.1315612792969,391.9986170081841,384.26453364870304,389.46662359239434,7201246
2024-11-12,381.22613525390625,391.1239279716992,380.07522912393034,389.00627193186114,6564348
2024-11-13,374.6429748535156,382.5612150076286,373.53812177745283,381.18012758882855,7170870
2024-11-14,377.2670593261719,380.5816748630349,370.6838813602738,374.9192218741378,8776485
2024-11-18,380.5816955566406,385.3234238263616,378.41798612338016,381.13413619253873,7352509
2024-11-19,379.5688171386719,388.54588437239426,378.14170486903805,382.9755103025809,6291292
2024-11-21,373.8143310546875,381.08805256638806,372.1109842713555,380.30543073639274,14141967
2024-11-22,381.22613525390625,382.7913788299912,374.18259535811245,375.1033202620932,8155453
2024-11-25,384.3566589355469,393.5639088504164,382.7453902004447,387.6252214160068,10903727
2024-11-26,378.8782653808594,386.7044263911566,377.2209719356426,385.277314152125,5798977
2024-11-27,384.0804138183594,387.62521055592913,379.9832045800119,386.70448559023805,9219932
2024-11-28,382.2850341796875,391.21604988940265,380.7197904283295,386.7045029743612,7788912
2024-11-29,383.389892578125,384.8630582292842,378.4179830914732,382.37708943680946,7057742
2024-12-02,388.26971435546875,389.8349298780366,383.7581397182624,385.23130522643413,6404844
2024-12-03,388.6380310058594,391.76849040944813,386.10603723705566,391.3081279060293,7928558
2024-12-04,383.6200256347656,392.1367309968283,382.10083516281327,388.63798760092027,6836472
2024-12-05,385.2312927246094,387.8553643105234,379.33865898144956,385.0011114994993,9500273
2024-12-06,384.0804138183594,388.0855730387746,383.38987009409107,386.70448559023805,4252732
2024-12-09,381.18011474609375,387.57916414358874,379.7990273738253,384.8630144054763,6662023
2024-12-10,381.22613525390625,384.1264411800809,378.8782979880731,382.561197603996,6035289
2024-12-11,383.8962707519531,386.38221120364676,382.6072333714879,383.021570829251,5353413
2024-12-12,376.6685791015625,384.7249223378535,374.8271292189817,383.4819380474524,9409378
2024-12-13,377.7734375,378.6481374458802,370.13143161883,376.6685844138466,9439175
2024-12-16,377.9115295410156,380.1212635825194,374.27465510936884,377.9575545446394,5434635
2024-12-17,370.9600830078125,378.37193583961505,370.13143615846025,377.9115733568309,5070262
2024-12-18,364.4229431152344,372.70946810055773,363.2720368672728,371.5125368419965,7176597
2024-12-19,360.8781433105469,363.22598061512906,356.32054372130534,359.95741839137037,5745829
2024-12-20,351.7169189453125,362.4894117334789,350.33583156725496,361.8448930510676,7923854
2024-12-23,352.59161376953125,357.7937038654899,352.08519821257426,355.39981349174155,5163415
2024-12-24,354.0187072753906,356.09033820222976,351.164454600976,354.34096659477973,4242999
2024-12-26,355.9522399902344,359.35890514670376,354.5250995842477,355.76808377710927,4190081
2024-12-27,350.3358459472656,357.65562059073835,349.4611459992748,356.7809206427475,5909271
2024-12-30,347.94189453125,351.99307801099377,345.9163168405235,350.33578461873657,22328728
2024-12-31,353.69647216796875,354.2028877326157,346.28464780611415,347.9419414217168,7686615
2025-01-01,355.76806640625,357.37933484839635,352.17724521198227,353.14399503795335,3584876
2025-01-02,361.7988586425781,362.71958353735675,353.6043846004132,357.60954351235904,7538972
2025-01-03,362.4433288574219,367.6454186011459,358.62232637831266,361.84486332908057,7122319
2025-01-06,348.7245788574219,362.81165951650235,347.2514133006752,362.81165951650235,8774141
2025-01-07,349.6913146972656,353.7885518460564,346.65293368910926,350.3818583898734,6542121
2025-01-08,350.1977233886719,351.7629388688759,346.19256443052166,349.9214890580752,7407778
2025-01-09,342.6938171386719,351.3025724277932,341.4047798071107,351.3025724277932,6247612
2025-01-10,339.2871398925781,343.6145583435519,335.7883963650257,341.9572365950045,4893721
2025-01-13,334.13104248046875,341.0364788561947,332.61185209746753,337.0773732400955,8661589
2025-01-14,339.97772216796875,344.3511661227361,334.223190648538,336.06464073475587,5698113
2025-01-15,344.9035339355469,351.21050476867,340.0236753785623,342.41756560479126,11117714
2025-01-16,348.8166198730469,351.2565351396796,345.08766731992773,348.44833554760487,6923722
2025-01-17,356.91900634765625,358.43819683207596,348.540404032776,349.87546639385977,8380692
2025-01-20,356.3665771484375,360.00345190443727,352.31539302799547,358.71444260679147,14597375
2025-01-21,351.3026123046875,358.76049041997385,350.79622479430327,357.24129979052407,20854879
2025-01-22,349.138916015625,353.46630646795717,344.9496005893157,351.25657218396884,10653690
2025-01-23,355.2156982421875,357.4254607487042,346.37676060931057,347.57369188509256,5844752
2025-01-24,352.6836853027344,361.1543661888009,351.440729083207,355.44586018754353,5351964
2025-01-27,345.96240234375,352.6376582771956,343.200227474738,350.70413024922806,6645109
2025-01-28,341.26666259765625,347.6657115925658,338.59656613224746,346.1925462018356,10866038
2025-01-29,349.3691101074219,354.4791225832645,341.40481643308243,342.9700601617299,6680927
2025-01-30,354.5251159667969,356.6428001224209,350.24375074758177,351.44070999162,6300164
2025-01-31,369.89459228515625,370.87563825853215,350.04043667202234,354.5718614204387,10339434
2025-02-01,359.9908752441406,373.2114302270839,354.15141757074764,369.8946011608105,7015540
2025-02-03,349.43310546875,358.91637789585536,342.42575709705045,358.77623663101605,7689700
2025-02-04,351.81561279296875,355.69303525923084,350.27400176491193,352.70322170974623,4649921
2025-02-05,357.7017822265625,359.8039867379349,353.0769208963538,353.1703579105651,5914200
2025-02-06,354.6653137207031,359.3835842056371,352.4229676339323,357.6550989987384,4652107
2025-02-07,353.4039611816406,357.8419487972726,351.30175652160443,354.5718526594385,3006598
2025-02-10,346.1630554199219,354.8988899165154,344.7615855599222,352.2360914799205,3380494
2025-02-11,335.4184265136719,346.16302792009867,334.01695676500754,345.6958713372106,6803431
2025-02-12,336.67974853515625,338.0344854917734,328.457775726174,336.25929621342794,4565992
2025-02-13,337.8943786621094,343.4068210937646,335.0447346758657,338.22139399978755,3712240
2025-02-14,330.9337463378906,341.02431747723205,327.4767760979995,339.9965672562123,4464446
2025-02-17,336.4461669921875,338.22135625335335,326.3088637333803,330.93372517573596,6017586
2025-02-18,337.3804931640625,338.5483846327051,330.55998987940467,336.5863212627905,3843725
2025-02-19,338.50164794921875,341.30458744152685,334.48411274876713,336.3527390769725,3097726
2025-02-20,343.7805480957031,345.18201787430286,336.3527468639343,336.3527468639343,4624287
2025-02-21,345.649169921875,346.8170613886836,341.30459085496665,343.4067954952222,5235241
2025-02-24,340.8374328613281,344.29440299400204,337.4271954949188,343.8739506624964,4533486
2025-02-25,337.4272155761719,341.39804678324583,335.138165282233,340.09001397056977,4525493
2025-02-27,339.9498596191406,343.6403796089788,332.75563665655744,335.4184349485772,6196610
2025-02-28,345.0885925292969,351.0681914177152,341.3046068912601,342.7060767172789,21899478
2025-03-03,336.67974853515625,346.63017785730614,329.25194760445277,345.6958647094428,12675744
2025-03-04,339.9498596191406,342.42578386811573,329.4388362398328,332.7089324022841,5535218
2025-03-05,344.0608215332031,344.66811938524927,338.2680685298982,338.2680685298982,5730797
2025-03-06,357.4682312011719,358.9164052364489,343.920689983897,345.7425835915382,11247215
2025-03-07,355.64630126953125,364.0084155182797,354.4784098109337,357.4682233501335,8321771
2025-03-10,350.507568359375,361.2054652050806,349.4798182039795,355.6930233881083,5541001
2025-03-11,354.1513977050781,355.0390066268353,343.82724852283,346.63018804883137,5340552
2025-03-12,355.69305419921875,357.7018219192847,349.2462701719243,354.6185711860185,3951912
2025-03-13,353.4506530761719,357.84193628432865,352.56307269186755,356.4404665599775,3918004
2025-03-17,360.41131591796875,361.62591166946885,354.151406089835,355.2258890772882,5456361
2025-03-18,360.41131591796875,360.41131591796875,360.41131591796875,360.41131591796875,0
2025-03-19,369.8478698730469,371.903341716064,363.2609449911008,364.4288364404202,5827114
2025-03-20,370.3617248535156,371.95006860468266,366.2974569715083,371.5763490494005,7025398
2025-03-21,378.7705383300781,384.0961345921652,369.1471244675407,370.36172013497685,16564019
2025-03-24,379.3311767578125,384.75018216344745,378.443567771538,381.1530989873329,5260300
2025-03-25,372.1369323730469,381.4333600237643,371.015773652226,381.199781726138,5636291
2025-03-26,368.8668212890625,376.0143397177579,367.3252102896678,372.32379135932007,5025274
2025-03-27,370.7821960449219,373.39826157801684,366.29747561436164,367.41866285024565,7697174
2025-03-28,372.0435485839844,375.5004905107571,367.65226489165036,370.922361275693,6923988
2025-04-01,371.5296325683594,376.10776147541515,369.10041258309235,371.6697738436107,4332950
2025-04-02,371.3895263671875,375.22021649269,365.7836467239092,375.22021649269,4197123
2025-04-03,370.96905517578125,373.72529059914064,367.371972064146,369.0537244666514,4970602
2025-04-04,359.7572937011719,369.98803485812124,357.4682434215781,369.98803485812124,6718760
2025-04-07,352.7032165527344,354.4784058473585,332.6154836894661,335.2782818878896,10202400
2025-04-08,357.7017822265625,360.1777062818064,351.9090295011469,359.71054972372366,3577328
2025-04-09,349.99371337890625,357.5616556329644,348.5922436471538,357.18790756078397,5781453
2025-04-11,366.34423828125,366.99824046141276,357.04780985448866,364.33547045657167,6185984
2025-04-15,369.28729248046875,372.790966982181,367.6522443796697,372.790966982181,4371156
2025-04-16,373.0245666503906,373.8187386188668,366.7179521860446,369.2873136344819,4992290
2025-04-17,372.6508483886719,373.3048505610162,362.79382641605355,370.82892613168724,8364450
2025-04-21,374.19244384765625,379.33116654718714,369.6610190372928,373.02455232503564,8987570
2025-04-22,372.417236328125,379.14427406355065,368.3996725778668,376.99536517160396,7558174
2025-04-23,372.7442626953125,375.2201869737145,368.1194009482594,373.72528015051716,7429142
2025-04-24,373.5851135253906,374.93985046623203,370.7821741144406,372.69750464006677,5762303
2025-04-25,367.32525634765625,377.46256102836514,364.0551599031036,374.0055905246468,7337588
2025-04-28,371.0625,372.6041111535276,365.8303401190474,367.3252470154592,3458518
2025-04-29,363.5412902832031,374.0523143169524,362.9339923749598,371.06250051993936,6274213
2025-04-30,359.9908752441406,364.7091741520283,357.9354032508924,363.54128261734974,4559122
2025-05-02,358.3091125488281,365.269757300795,356.3470491243228,360.1777389506473,5045851
2025-05-05,360.2711486816406,362.4200574757555,356.6740374280362,360.59816397978176,6395704
2025-05-06,353.4039611816406,362.18649939208564,352.60978927414294,361.11204493510667,5982166
2025-05-07,358.1222229003906,361.85947554120025,345.97615181775944,345.97615181775944,9162368
2025-05-08,360.13104248046875,369.007018080975,357.1412287677391,364.38215623131,14258083
2025-05-09,357.2813415527344,358.07551342992923,352.2827605158926,354.1981195741831,3809943
2025-05-12,369.5208740234375,370.0814676512264,362.0463683541897,366.2040735378993,6743279
2025-05-13,369.19384765625,373.3515527156142,368.16609745487034,369.52086297209473,6307140
2025-05-14,376.62164306640625,377.5092234666729,370.4084662126397,370.6887487573607,6822756
2025-05-15,378.06982421875,379.7048722908181,373.3515540445438,377.22894805571013,10511989
2025-05-16,378.2099609375,382.13408766838006,377.0888022379452,379.3311481500301,4702603
2025-05-19,376.2479553222656,380.68594323785067,374.7063156569962,379.2844733697712,5446656
2025-05-20,381.2932434082031,389.8422039516412,377.46255337678383,378.8640232531828,18755291
2025-05-21,378.7238464355469,386.38519726660536,377.6960962533509,384.61000795898053,7393102
2025-05-22,372.6508483886719,379.9384803906549,367.37198418735284,378.3968692186559,7936875
2025-05-23,375.1267395019531,376.5282092634797,372.79095656607547,373.9121437804869,4178408
2025-05-26,376.2479553222656,379.1443035725813,375.36034633395764,376.1077855250757,6067873
2025-05-27,373.67852783203125,377.042032110381,372.1368884393198,376.0610147813577,6553758
2025-05-28,372.0435485839844,375.45378625331904,370.4552046494012,374.6596142860274,6002200
2025-05-29,372.0435485839844,374.8464883417352,370.922361275693,373.7253010334438,7724668
2025-05-30,371.2026062011719,378.1632506322047,370.3150258090171,372.7442457219733,6565658
2025-06-02,373.44500732421875,375.03332269845004,369.5208803752204,372.74427240568167,6119571
2025-06-03,367.0449523925781,374.1924427881841,364.84931063367264,373.4450036210138,7360608
2025-06-04,368.67999267578125,369.05371225141533,364.00842669791524,367.04494458352815,3861957
2025-06-05,368.9602355957031,371.6697378692166,366.7645941193658,368.6799530723294,6097293
2025-06-06,372.7442626953125,374.28587377333815,370.0347316038404,371.71651247230335,7633919
2025-06-09,374.6595764160156,379.5180162435579,373.72526325787095,374.5661393976062,9626374
2025-06-10,373.3048095703125,377.9296710914547,372.65080746978083,376.5282013593479,6362912
2025-06-11,375.6873474121094,382.60125946293465,372.2303771302085,373.818720992266,11946342
2025-06-12,366.9048156738281,375.92093261241524,365.78362839615875,375.5939172803469,11262656
2025-06-13,365.50335693359375,366.57781147475504,360.644916600111,364.3821696218738,5253032
2025-06-16,368.4464416503906,368.6800199665741,360.8317942454053,365.3164865109366,3706240
2025-06-17,365.5967712402344,369.8479137276193,364.4756124237317,368.1194284750772,3248476
2025-06-18,364.70916748046875,367.5588113677657,362.6069627565025,365.59674792280197,4118145
2025-06-19,359.0098571777344,365.78362806788033,358.3091222580641,364.7091735603146,4416367
2025-06-20,363.4945068359375,366.06386790819835,358.9163782643219,358.9631110279653,6531957
2025-06-23,366.7179260253906,367.27851964038126,359.4302945694394,361.5792034950985,3359491
2025-06-24,366.8580627441406,369.4274239773726,365.03616915927046,368.5398435682231,4606984
2025-06-25,366.0171813964844,369.42741873689425,365.31644652463405,367.97924474026024,4672204
2025-06-26,368.2595520019531,368.773441383588,364.98945571382444,366.2507842704123,5569101
2025-06-27,368.2595520019531,371.5763810591269,366.34422129552564,369.05372394595116,16253653
2025-06-30,366.2040710449219,371.2960608896468,365.1295880519011,369.52087150788054,4870935
2025-07-01,364.1485290527344,368.0259226973338,363.44779423095235,366.7178900659352,5997283
2025-07-02,361.48577880859375,365.97049936857337,360.1310417485296,364.3821554907308,7752338
2025-07-03,361.0653381347656,363.4478253274806,360.1777292127089,362.4200751316716,3851213
2025-07-04,360.73834228515625,362.4200946868772,358.2156851695979,362.2332491494509,3990767
2025-07-07,359.0098571777344,361.1120619367452,358.7762788711776,361.1120619367452,2810768
2025-07-08,357.7017822265625,360.1777062818064,357.1878929048874,359.6638454731048,5231160
2025-07-09,361.9996643066406,362.6536664452892,357.701817841762,357.88866337581464,4497121
2025-07-10,358.8229675292969,363.30768792802235,357.42149775087813,362.56022027174697,4668066
2025-07-11,355.9266052246094,359.05653146081085,355.59958992013287,358.8229531737525,4677164
2025-07-14,358.63616943359375,360.55150031223303,356.44052745441104,356.907684109004,5109504
2025-07-15,361.0653381347656,361.8127772700947,358.2623986078185,358.6828224290754,4586811
2025-07-16,361.0653381347656,362.51351215183155,359.6638683712921,361.25218366211027,5205724
2025-07-17,360.55145263671875,362.70039007148114,359.6171394510766,361.6259070976121,3749218
2025-07-18,362.9806823730469,363.68141728110294,358.86970994837986,361.5792125569347,5172481
2025-07-21,361.392333984375,363.8215540044802,360.084301208311,363.44783442745853,4396850
2025-07-22,363.5412902832031,366.01721468633525,360.1777568898079,361.39235270629456,5043629
2025-07-23,365.0829162597656,366.67126025009236,363.3077267201514,363.8215876219154,3670943
2025-07-24,360.22442626953125,365.08286609103175,358.6828152631046,364.4755682415879,4022204
2025-07-25,355.7864685058594,360.55147170726354,355.03902932300184,360.2244563723969,4616856
2025-07-28,353.49737548828125,358.63609766040037,352.23604707071183,356.16017358915593,4521716
2025-07-29,358.4492492675781,359.00984288358944,352.1893680088833,352.1893680088833,4872086
2025-07-30,354.945556640625,358.82295047402476,354.1513847680071,358.7762462221543,5107774
2025-07-31,351.6287841796875,354.1047084969256,350.0871730774809,353.1703952818941,6461803
2025-08-01,348.0316467285156,356.113449735187,346.34989447166157,350.3674295924654,13769152
2025-08-04,350.087158203125,353.87111515804065,345.88274891411857,347.9849535586218,19756930
2025-08-05,354.57183837890625,355.69302555762613,349.900272655864,351.3017423727767,6846687
2025-08-06,357.2738037109375,358.411450030775,354.1452112337466,354.5718466863628,5808208
2025-08-07,359.8335266113281,360.4971753248789,354.1926282752792,355.51989677009755,3468573
2025-08-08,359.97576904296875,362.2510906674367,358.506269397376,359.3121203085354,4172600
2025-08-11,362.63031005859375,364.7160384475308,356.98938255143514,358.3640711167279,5740719
2025-08-12,365.3322448730469,366.37510900385337,361.39783054218316,361.72962596046835,4860757
2025-08-13,366.0433044433594,367.844599530894,365.0952513517849,365.90110226608004,4216888
2025-08-14,364.47900390625,366.7543254226937,362.677679978961,366.04328564053736,4034887
2025-08-18,367.65496826171875,368.366008062843,364.09976925609766,366.564713019785,3520271
2025-08-19,365.3322448730469,368.3186061635924,364.2893807422404,368.3186061635924,5219052
2025-08-20,364.7160339355469,366.7543422849873,363.62574974028615,365.9484913750362,4904231
2025-08-21,363.3707580566406,366.6378699950099,362.5059386207281,366.061343254308,6212604
2025-08-22,359.81536865234375,364.18752910559414,359.43097840712124,363.37074382178406,4699261
2025-08-25,365.1484680175781,365.8691557834023,360.1516877779198,360.34388291208364,4349832
2025-08-26,357.8935241699219,365.004303623935,356.88454379325947,364.18751836421524,6381642
2025-08-28,359.6712341308594,361.20870725037946,354.24205875320916,357.94159519943724,4372269
2025-08-29,360.15167236328125,364.1875354091041,358.08570672131486,358.08570672131486,4578400
2025-09-01,363.1304931640625,363.8031467286713,360.43993755534075,360.6321033417599,2829114
2025-09-02,365.2445373535156,369.95302452799115,364.23555696443356,366.2534884177397,7511709
2025-09-03,374.5654296875,377.928639140966,365.14845494773886,366.0613378150519,8111851
2025-09-04,376.15093994140625,376.7755300742313,370.62566765320616,376.4872374034109,5515006
2025-09-05,377.30401611328125,377.88057212007595,373.7966752821603,377.06378688752153,4535470
2025-09-08,371.92291259765625,380.42703390068334,371.2022248486685,378.6012974682197,4607020
2025-09-09,372.7877502441406,374.18106225573547,371.6346381501888,373.50843797164583,4376579
2025-09-10,376.5833435058594,377.3040312119786,372.8838074161425,373.3162317697571,4285507
2025-09-11,377.9766845703125,379.0817331873827,375.2380654237591,378.26494792264117,3442373
2025-09-12,378.9376220703125,380.7153243724085,377.8325733932883,378.16887088096485,4276055
2025-09-15,379.3219909667969,384.991395479796,378.8895665809059,378.9376300264827,4618798
2025-09-16,380.3309326171875,381.4840447342372,378.6493278859912,379.5622107557272,2581384
2025-09-17,384.1265563964844,386.72104392948097,381.9644932272734,386.2886195656954,5970395
2025-09-18,377.7845153808594,385.08749049794454,375.33418874331795,384.84726124623035,5899621
2025-09-19,379.08172607421875,379.7543796501742,376.19897530559354,378.6012676127812,5272435
2025-09-22,379.27392578125,381.4359888838987,377.97668205468926,379.08173066440486,3399517
2025-09-23,378.6493225097656,380.28289309824873,376.77555200223856,379.32197612263724,4720322
2025-09-24,377.4962463378906,380.1387680670507,376.43923178125476,379.0817535104148,5139791
2025-09-25,377.159912109375,379.7543996678416,376.3431268169052,376.7274877413443,4563970
2025-09-26,373.9408264160156,377.59232843253596,372.88381190268456,377.1599040737184,4698693
2025-09-29,373.1240539550781,376.295097603974,370.52959568764607,374.56542943416014,6606409
2025-09-30,374.7095947265625,376.102906777358,371.97097542002024,374.46936547730195,5362610
2025-10-01,373.3162536621094,379.4661165833344,372.73969759843146,374.56543402936177,4976933
2025-10-03,368.3675231933594,373.89279572404473,366.5898209489498,373.31623968195805,7431240
2025-10-06,366.97418212890625,369.0882111764368,365.1004116468691,368.51165513394136,7022052
2025-10-07,369.6647644042969,373.74866146399535,368.79991568470945,368.9921108056974,7895734
2025-10-08,367.1663818359375,371.2983130965073,366.2054648613995,370.4334936843949,3642904
2025-10-09,368.3675231933594,371.20221063592635,365.676938105241,368.0311963917373,4628511
2025-10-10,369.47259521484375,371.5866243946517,367.98318555965653,368.99213670351105,5061600
2025-10-13,366.6378479003906,369.28036949384733,365.77302851659454,368.27141843356156,4750043
2025-10-14,366.0613098144531,370.09714325498965,365.2445245732596,367.11829495909035,4288494
2025-10-15,369.23236083984375,370.33740953561556,366.3496098118163,366.3496098118163,6135157
2025-10-16,372.451416015625,372.7877428133952,369.4725676030088,369.9530260784354,3513302
2025-10-17,373.6044921875,374.2771457712039,370.1932488019417,372.45140946168175,4093872
2025-10-20,375.33416748046875,376.679445348886,373.26820189773605,374.75761144404476,4007425
2025-10-21,375.81463623046875,377.7845043068388,375.334177741124,377.73647018784794,678084
2025-10-23,377.30401611328125,378.98562069359946,375.1900165215095,376.295065095033,4311356
2025-10-24,378.6493225097656,379.9946297355088,375.52634233902825,377.3040446088813,4070949
2025-10-27,381.1957702636719,382.63714570556897,378.21692181877944,380.04265818021076,5438773
2025-10-28,376.1029052734375,382.63715842211195,374.1330371673216,381.4360121806122,7672258
2025-10-29,367.0702819824219,383.69413380822687,365.1964821638247,377.8805978785011,26856509
2025-10-30,372.5475158691406,373.74866206510137,364.4757899723975,367.98316032448963,15154040
2025-10-31,373.46038818359375,378.7934951570495,372.59556874393763,374.7095978851946,13103909
2025-11-03,373.3642578125,375.6224184411434,372.1631116616107,375.28609165392294,14152223
2025-11-04,372.6240539550781,377.0160063914343,371.5877654617147,375.042100598809,10536699
2025-11-06,368.2814636230469,373.7590702155045,367.49191336150557,373.7590702155045,6648689
2025-11-07,371.09429931640625,371.83451400919165,366.65301115969396,367.1464876215509,4650451
2025-11-10,376.3744812011719,377.410769661959,371.1929786584139,371.1929786584139,4451727
2025-11-11,377.8055725097656,378.00297514507406,373.66038824300813,376.4732101393802,3299015
2025-11-12,381.4573059082031,382.5429601507119,377.70689683707786,379.23666182464956,4326520
2025-11-13,378.20037841796875,382.34556269171435,377.7562375474826,381.4573110701556,3480764
2025-11-14,381.90142822265625,382.29620335000783,377.31207324403294,378.20035492983845,3760163
2025-11-17,382.7897033691406,384.1220958605136,381.1118713252764,381.9507873472085,3847261
2025-11-18,378.9405822753906,382.7896926049076,377.95362936426255,382.7896926049076,4462641
2025-11-19,374.1044921875,378.8418842739987,373.5123445311739,378.10166958417824,5332643
2025-11-20,374.6966552734375,376.275785907028,372.62404819931317,376.0290476867611,3971851
2025-11-21,373.2655944824219,375.387537168837,372.6240510093606,373.068191856955,3088629
2025-11-24,367.6893005371094,373.265608664594,367.1464884755693,373.2162429466457,5543493
2025-11-25,365.221923828125,368.52822220489037,364.7778130762515,367.73867189972856,4902920
2025-11-26,372.42669677734375,372.77213632915465,366.4556134372223,366.99845562418614,4102285
2025-11-27,373.1175231933594,373.75906665909554,371.1929831543855,372.4266742509373,3330267
2025-11-28,371.2423400878906,374.25256460813864,370.0086489204316,374.0551619735799,4689402
2025-12-01,374.6966552734375,375.0420948056935,370.89688065744485,371.98253485050157,4217206
2025-12-02,374.0058288574219,374.9434160792668,371.8345203405148,374.5486409269419,3695491
2025-12-03,370.35406494140625,374.3512120222565,367.3438707318189,374.0058026128436,4650434
2025-12-04,374.1044921875,374.7953712790976,368.9229893587567,370.1073449102346,3135061
2025-12-05,374.9927673339844,375.6836162940526,371.5877677727638,373.95644871476355,3154258
2025-12-08,372.42669677734375,375.9303676557074,370.6501634192078,375.9303676557074,3911363
2025-12-09,374.40057373046875,376.2264425466461,368.47885656626806,370.2060240724933,4242651
2025-12-10,377.1640319824219,377.9042466324408,373.31492182620576,373.5616600428787,4752336
2025-12-11,378.98992919921875,380.3223216929424,375.53559390703833,377.3614628710735,2695140
2025-12-12,378.348388671875,380.71706953557634,377.26273449118355,379.53271404402,1410201
2025-12-15,379.4340515136719,379.97686355670237,375.1408004080449,378.9899106643473,1870236
2025-12-16,376.6212463378906,379.18732999494,373.4136492964322,378.989927360008,5109787
2025-12-17,379.7301330566406,380.47034774096153,375.8316570047853,375.88102272205424,3651138
2025-12-18,380.27294921875,381.45730477422296,377.85493262882767,379.3846976118517,2379619
2025-12-19,380.56903076171875,382.2961982754408,378.4964237213701,379.9768530188461,3611941
2025-12-22,381.2105712890625,381.9014503915912,379.03926278346955,380.5690579049506,3112021
2025-12-23,395.1759338378906,395.7187760027546,381.4079589997683,382.394911896526,18487395
2025-12-24,397.1004943847656,407.0193587083864,396.50831663721857,398.53155797864207,17624423
2025-12-26,396.9031066894531,403.0715623762823,395.3733417268845,398.5315729668935,5435637
2025-12-29,395.42266845703125,400.20939598654803,393.7942022161102,398.72896665490856,6105510
2025-12-30,392.8072509765625,394.9785593865093,390.3398687468102,394.78115676036435,4418163
2025-12-31,393.7942199707031,398.72898463199016,392.3631261711646,393.202042187466,4644679
