Price,Close,High,Low,Open,Volume
Ticker,HCLTECH.NS,HCLTECH.NS,HCLTECH.NS,HCLTECH.NS,HCLTECH.NS
Date,,,,,
2020-01-01,450.6941833496094,451.44278893870256,446.67537612705627,448.6848037860549,918373
2020-01-02,451.9550476074219,453.0976513037133,449.55166968481467,451.16705169211104,1075642
2020-01-03,461.0169677734375,463.7355631065763,451.40340867278377,452.30962314898017,3269446
2020-01-06,458.6136169433594,466.6511847975398,456.60423700367755,460.97760465956225,3589985
2020-01-07,460.3865966796875,463.14458228238993,456.2890084508677,458.61360593509306,3179728
2020-01-08,461.56866455078125,467.2816356442395,455.4616954508776,459.40167551533153,3593096
2020-01-09,457.27398681640625,463.4597831594918,456.4466007845274,461.7655728264705,2313648
2020-01-10,457.31329345703125,464.75986257464587,454.9887445767017,458.613505623522,2049636
2020-01-13,462.1595458984375,464.91753125333014,457.8255689121777,460.15016618753384,4096054
2020-01-14,468.3059387207031,470.74875478957307,462.67179707380177,462.71118724844695,3395378
2020-01-15,469.4485168457031,471.45789659792104,466.25714334565714,470.4335116355598,2348102
2020-01-16,467.478515625,471.4578848578384,462.35654284529073,470.43349992098604,2107442
2020-01-17,471.8518371582031,474.37343313281497,460.9775056190976,460.9775056190976,4555694
2020-01-20,464.3265380859375,486.98141796709274,460.26834036469916,486.98141796709274,10272118
2020-01-21,460.2289123535156,467.47848293852854,458.8893099472452,464.36589007863535,2640668
2020-01-22,465.4297790527344,468.8575418431552,458.2195976164618,461.1351919495346,4402650
2020-01-23,471.9701232910156,472.758119139871,462.5535632781039,464.9963311713757,6089397
2020-01-24,480.4695739746094,481.4973912668807,470.82380377574293,473.5910301623342,3551260
2020-01-27,477.82073974609375,480.7065797991652,475.7651059114271,480.46939870386996,2450421
2020-01-28,475.5279846191406,480.1927076018584,468.53082776018346,480.1531854571023,5330709
2020-01-29,481.378662109375,483.4738666066256,476.12096217872534,478.3347331103982,4281329
2020-01-30,480.5880432128906,485.3318589159311,477.2674108260333,483.8692017101291,3334901
2020-01-31,467.5821533203125,481.41828342736244,466.1589699040279,480.5880770156657,3590768
2020-02-03,457.8572692871094,469.3610612147449,456.59227104226886,467.58213028860615,4024193
2020-02-04,463.70794677734375,465.882195462148,460.5454032358103,460.940721178502,3246094
2020-02-05,470.9027099609375,473.19557331136235,463.3126248295043,466.00080611920345,3006324
2020-02-06,474.14434814453125,484.65979572509656,472.80025749365046,473.55137123295896,4704968
2020-02-07,480.4695739746094,481.6555281402913,473.7096448815418,475.6862351576784,2865379
2020-02-10,478.255615234375,483.5133143560531,475.68604888162554,481.41815843775896,2286213
2020-02-11,482.8017883300781,485.25274009759227,478.88813132481795,479.12531242222553,2458748
2020-02-12,485.52947998046875,490.58956897112074,482.525073254525,484.6597998054746,4873027
2020-02-13,484.2250061035156,485.41096005025133,477.58364469915966,483.86921026817697,2090363
2020-02-14,491.4988708496094,492.7638691010233,484.06687341692987,484.2250102625041,3650630
2020-02-17,485.015625,492.96150651219085,484.145896515713,492.56618854385715,2190578
2020-02-18,479.95556640625,486.8736312946508,478.45338698443754,485.0156560272596,5237465
2020-02-19,478.9277648925781,488.81071505544605,477.54415186977667,485.8063078572527,3799862
2020-02-20,480.7461853027344,484.6203208051478,478.45336997518683,483.07857103351023,4820313
2020-02-24,470.5470275878906,481.4973167196838,467.66118692888824,480.7066807316383,4070143
2020-02-25,460.505859375,470.98178436227585,454.61561265536614,470.82364754134005,5525575
2020-02-26,461.4150695800781,465.72404467760924,455.0109384030165,456.1178479120169,5460070
2020-02-27,453.07391357421875,460.46638853141513,449.08121174784856,460.22915914529204,4078174
2020-02-28,422.47625732421875,445.9186301441839,419.98578329066163,442.75608666798405,7894806
2020-03-02,434.6126403808594,447.3813834594335,425.243574362786,427.773619339436,8175982
2020-03-03,446.74896240234375,449.6743259101346,438.80307847054894,439.59371464797334,4682284
2020-03-04,445.2070617675781,454.93192206910646,443.54674565865616,449.871832940776,5175180
2020-03-05,455.7225646972656,460.071062267825,445.2466387318269,449.0812036505036,6061347
2020-03-06,447.6580505371094,453.78547868416854,442.4003025663536,450.6624572675762,3288548
2020-03-09,427.29925537109375,441.1749081536394,424.1367112266232,438.8030000452865,3699776
2020-03-11,424.413330078125,429.03857892294235,406.3868416932435,416.4674491476966,4850031
2020-03-12,390.0601806640625,417.2975697700074,384.5257300086073,411.9212559274526,5321388
2020-03-13,389.7044982910156,408.95649064130686,313.0523488865541,363.6925774673778,6859998
2020-03-16,356.33966064453125,379.3471493159401,353.2957071693848,370.80829002843745,5281571
2020-03-17,356.300048828125,378.3983309738903,350.5284166472602,355.786140339959,5148153
2020-03-18,343.33367919921875,367.4875990805111,339.2223623934136,359.739376017604,4936397
2020-03-19,326.8883972167969,343.61034038245543,296.6860985220621,331.19734806146187,9270044
2020-03-20,351.7539367675781,365.2342944771122,325.6234277188365,326.92797223826375,11916337
2020-03-23,329.8136901855469,351.0422643772618,316.6100879618432,328.11382819045866,9525470
2020-03-24,349.5005187988281,362.78321369195834,325.6233339562797,326.5325602305377,9915953
2020-03-25,361.7950439453125,370.01765364509987,330.2881940389754,341.55475721086145,11976272
2020-03-26,353.9677734375,369.0293807174446,348.7495706199066,364.562291807585,9504717
2020-03-27,340.4873352050781,361.6763911608035,332.462385888598,355.9838032017628,9150873
2020-03-30,331.27642822265625,346.8124181811869,324.16070542073766,324.16070542073766,6325701
2020-03-31,345.03350830078125,355.3117751904323,336.25744482318976,342.5034878510739,6381806
2020-04-01,326.9674377441406,342.5034511014721,322.73755535758033,342.3453142842046,8136746
2020-04-03,320.8400573730469,338.8665714265525,315.7009237218434,331.1973930957466,8166356
2020-04-07,356.6953125,362.07165005757685,336.0201925377468,336.0201925377468,5972948
2020-04-08,366.1434631347656,376.9751596896087,354.9954929405943,356.57676462407136,7991061
2020-04-09,370.8477783203125,380.29588746264596,365.27380458990115,380.0587063317624,5069225
2020-04-13,362.30889892578125,372.38950658820073,358.94869637164146,371.598870693109,2236731
2020-04-15,378.5169372558594,381.0865039317477,365.8272407077895,371.5988731284677,6333188
2020-04-16,363.4948425292969,376.34267546263254,361.0834127685107,373.97076784417055,10484842
2020-04-17,359.9369812011719,375.5520396936994,358.6719589786505,371.59886032850255,4706460
2020-04-20,371.5989074707031,374.4452018003931,358.55341391056146,362.1112757906001,4800719
2020-04-21,360.29278564453125,367.6061676457102,354.0862890665209,362.1112385448587,3405204
2020-04-22,365.5899658203125,371.163962332437,355.7860873501007,358.15799459910136,3768051
2020-04-23,377.68682861328125,380.0982587732126,365.59008327987067,367.6457417151198,3052968
2020-04-24,370.0966796875,392.86698457585584,367.76429406770916,379.50524232788683,6738184
2020-04-27,381.9562072753906,384.01186543652693,369.42462346230036,374.04984829278385,2914569
2020-04-28,372.4685974121094,386.6209759600389,371.16405293238154,386.6209759600389,4262237
2020-04-29,388.7951354980469,396.10851628779153,371.7569444986599,375.393849696875,3849090
2020-04-30,429.75018310546875,447.10465275312856,396.1086313515781,400.45712930054754,8035267
2020-05-04,406.58453369140625,417.0604599362504,401.80119588753087,417.0604599362504,7032527
2020-05-05,411.4468688964844,418.95790861812463,407.6913490356642,415.87440985082037,4592828
2020-05-06,410.4190673828125,416.42792904493007,400.21989345053277,404.9637087464539,6921533
2020-05-07,404.60791015625,428.3665086147432,401.28722982070013,419.0370149151197,19998641
2020-05-08,409.8656311035156,413.1072186843392,397.2154337714941,411.802650270072,10120968
2020-05-11,417.0999450683594,422.9111476877247,412.0794265784237,415.87446911676557,4425540
2020-05-12,416.9813537597656,426.9433458605459,411.1306293471923,415.4396042483974,6439945
2020-05-13,418.0486755371094,426.8247135365333,412.35608817635205,426.8247135365333,3502017
2020-05-14,409.11456298828125,417.0999664099743,406.66356270310007,410.65631267053305,3741672
2020-05-15,404.2126770019531,409.50994814161055,399.46886074373947,409.50994814161055,4895121
2020-05-18,403.8173522949219,410.06339623413277,401.24778519759735,406.94037426452735,5159655
2020-05-19,409.7470703125,411.52600115321997,400.21991701685056,404.80559575494453,3966934
2020-05-20,416.46746826171875,417.96969580298133,407.1774962596776,407.2170184041136,3138708
2020-05-21,422.8715515136719,424.966755751638,413.81880992664605,418.87885025048433,4523685
2020-05-22,419.35333251953125,422.9902386331808,413.5026071124366,421.92289938973283,6410434
2020-05-26,414.2931823730469,424.176130425839,411.3282979572092,419.03699743838706,4055691
2020-05-27,419.7880554199219,422.1204405021013,407.96804146643007,418.7997607458268,4828798
2020-05-28,429.0386047363281,431.6872157869649,413.50258948092056,419.8276768917186,4492767
2020-05-29,435.04736328125,438.80288345496365,424.33425748965675,426.94334606428896,7853755
2020-06-01,442.5585632324219,453.3507654526541,439.19835975991134,440.38431392667974,4503261
2020-06-02,442.9142150878906,448.8835061346214,434.8497197253048,442.2026235166161,2930058
2020-06-03,444.96990966796875,449.397500008184,440.3842307406586,445.9186824734856,4202273
2020-06-04,457.73858642578125,461.49410631468135,441.96539324108534,446.7092078375907,5315353
2020-06-05,455.3667907714844,464.2219231739888,452.6390870584171,462.5220365575092,3995824
2020-06-08,457.185302734375,461.33614205881156,451.4927134381142,457.8968944926309,3771973
2020-06-09,452.91571044921875,461.41504551918894,450.66241766353346,453.9435756210845,3812291
2020-06-10,457.54107666015625,464.49866401882167,453.508803984505,454.61571372054885,6491708
2020-06-11,457.0271301269531,462.4430156806507,453.90410827578324,458.56887997819814,4975680
2020-06-12,451.2554016113281,457.5409661339718,438.9610240614948,438.9610240614948,6624056
2020-06-15,457.73858642578125,459.35938009493844,445.68139099299674,454.4574286939007,3787100
2020-06-16,459.28045654296875,469.24245051151223,457.3038666082109,462.5220447333355,4728405
2020-06-17,455.28765869140625,460.031474039091,453.0343657038901,458.56881694285556,3572351
2020-06-18,457.73858642578125,461.5731505886588,450.7414309419893,451.61115923862843,1918229
2020-06-19,450.34625244140625,456.9876142346506,448.4487549694739,453.8250701915042,6182627
2020-06-22,450.34625244140625,455.9202749227257,447.02561980137654,454.6157062022908,2666273
2020-06-23,458.7664794921875,461.3360461588822,445.7209871843528,450.42528042546485,4521803
2020-06-24,442.4397277832031,458.4105789125985,438.32846066143213,454.61553712357744,5339893
2020-06-25,434.8892822265625,443.3095741562303,433.2684882266671,440.85857382727306,6353371
2020-06-26,444.6536865234375,453.74600013125973,430.89660141418364,434.8893033906485,7034875
2020-06-29,437.77508544921875,447.4208525950891,435.08690422187374,444.3373534376394,3857610
2020-06-30,440.26556396484375,443.38858529597826,437.4192941415674,441.1748145160318,3110587
2020-07-01,436.2333984375,442.43987152767653,435.64042145729496,441.13535112517957,3004648
2020-07-02,450.030029296875,452.5600741956738,437.1426719063408,438.80298823486265,5243652
2020-07-03,457.8967590332031,459.00362023831985,451.1367840993594,452.2436935610574,3735570
2020-07-06,457.54107666015625,465.68461805461436,456.394644774238,457.89687252221273,3288417
2020-07-07,468.09600830078125,469.993553898637,454.7342895925602,460.1501265908651,7255475
2020-07-08,454.5367126464844,470.23081990998776,453.0344847556502,470.23081990998776,4625011
2020-07-09,465.0915222167969,467.7401329174391,454.6155975769795,455.1295301638293,4807930
2020-07-10,460.34771728515625,465.3287134198364,458.4501719688105,465.09153231943867,2376881
2020-07-13,476.4371643066406,478.33470973051953,461.2174235424877,462.52199205347756,5443990
2020-07-14,467.5426025390625,485.2528691220825,464.97303541132845,478.01853005982434,6212718
2020-07-15,486.3992614746094,496.4798701559276,468.4518151906699,469.36106586456214,9928037
2020-07-16,496.3216552734375,515.6527114742332,480.034576051765,498.1005859375,20771204
2020-07-17,492.6847839355469,509.6834559079574,484.97608385503514,497.70530263406624,26830157
2020-07-20,512.8065185546875,515.4947004054519,495.610184607113,500.47261557768564,10543170
2020-07-21,515.771240234375,523.6775981639681,508.6159959594091,515.494537009471,8801061
2020-07-22,514.031982421875,520.2384553294772,508.45796036664535,519.4478193791284,3837958
2020-07-23,517.7594604492188,521.0110999194574,510.3838659911655,515.4992140268396,3172594
2020-07-24,539.2517700195312,543.0981673609758,508.28217716924416,508.3614653679465,12365728
2020-07-27,556.0250854492188,558.6422727199946,536.5154520110088,542.4635168891796,11348828
2020-07-28,565.0267333984375,567.8817862593886,551.7427168046198,556.7390835140314,8469603
2020-07-29,550.7118530273438,563.6786229514681,549.2049896502169,563.0838161034715,7142681
2020-07-30,551.54443359375,565.1060069397365,549.3238316033331,553.5667666849245,7966760
2020-07-31,559.27685546875,568.3972237707324,551.9805511460665,556.6200234853148,6322671
2020-08-03,559.8717651367188,569.4283170438908,555.5891372619338,562.3699243924297,5546316
2020-08-04,549.3238525390625,563.8767709358993,544.8825999834716,562.6871574951064,6683186
2020-08-05,545.9532470703125,557.0563051585077,540.0844684329269,549.3238182756575,6052220
2020-08-06,559.0388793945312,561.1801442906412,544.3669842170617,548.8081871788597,5132907
2020-08-07,547.4600219726562,555.0735760106994,543.2567313962356,555.0735760106994,7371589
2020-08-10,548.8478393554688,551.1477774550449,543.3359554589193,551.1477774550449,3769570
2020-08-11,542.30517578125,555.9064439452628,540.4811112790168,550.394557927568,3956468
2020-08-12,568.7144775390625,570.2213404992406,536.9518103258708,539.7672189462638,13085350
2020-08-13,574.6624755859375,578.1520270731274,565.5024634389214,568.635121277685,8850347
2020-08-14,562.3698120117188,577.2796699856209,560.902641713722,577.2796699856209,3887203
2020-08-17,570.1023559570312,571.6488630045794,562.4888498228593,563.9560202698586,3344102
2020-08-18,566.6129150390625,572.3627135747826,564.9871196169582,570.1817555095095,3634301
2020-08-19,562.9647216796875,566.4146297446543,559.1183242016333,566.09738012759,4858027
2020-08-20,563.1629638671875,567.7231485645103,559.9510173701718,561.8940622701297,3025569
2020-08-21,559.83203125,567.04899914971,557.2941798943862,567.04899914971,4164686
2020-08-24,559.6734619140625,561.8544198191789,551.6633692919753,559.9510190125163,4066936
2020-08-25,556.421875,564.3129876584426,550.949681878106,559.1183516609898,3982510
2020-08-26,565.3043823242188,569.2301169498006,552.7737952128332,558.8804881409046,4511228
2020-08-27,563.2026977539062,571.0144736211074,560.3079522407116,565.8991259471524,3917059
2020-08-28,560.2681884765625,568.3575681395605,557.6906931391921,566.0179857676194,5416681
2020-08-31,550.7118530273438,574.979953063404,544.0499969675794,559.1184371168273,7786675
2020-09-01,546.905029296875,558.3253396983611,541.1949225016353,551.1876577988081,6377322
2020-09-02,556.699462890625,558.9597091337362,546.508411732159,547.1429109773446,4090511
2020-09-03,560.5061645507812,568.1593632379373,553.2495036524832,558.9596574931368,5467610
2020-09-04,555.7875366210938,558.7219268976835,548.8481230506825,551.3066871875042,3354824
2020-09-07,562.1320190429688,564.9871204669196,546.4687747324434,552.2582173787787,4238823
2020-09-08,575.6934814453125,586.0034621686635,557.6906592703643,562.1318623736145,11522742
2020-09-09,572.5608520507812,579.6588872727174,563.242215167557,564.7490295351698,5514179
2020-09-10,572.917724609375,578.1123591272941,566.0972466940943,577.8744461733214,3366359
2020-09-11,572.322998046875,582.1174618645523,563.2026290939563,564.6697995198382,7221661
2020-09-14,632.20751953125,656.1851700363641,591.8073260830531,592.4832943182831,32312474
2020-09-15,630.418212890625,644.0572302969298,622.7437445523108,629.105982000855,14024028
2020-09-16,627.6744995117188,633.2812116555457,619.721702558767,628.3107135599508,7471292
2020-09-17,642.824462890625,650.1410445990077,627.8732167717635,632.207500110426,19972637
2020-09-18,644.6536865234375,655.3104536073315,639.4048600731729,642.8245529750131,8847382
2020-09-21,638.2913818359375,675.9081454115533,631.0146026850205,654.5151049468593,24911507
2020-09-22,652.9246826171875,661.2751200928033,628.7084042298972,647.3179700201362,21882919
2020-09-23,647.43701171875,671.8521017066151,644.2956965733797,661.6725339689407,18070370
2020-09-24,626.9190063476562,645.3297516569656,623.4993131899507,644.9718660676658,10553627
2020-09-25,658.2529296875,664.8537406099548,630.3385868130017,632.4460971531896,19813100
2020-09-28,664.25732421875,671.8124808545814,652.7655236278241,666.7624745192695,11145837
2020-09-29,646.363525390625,668.9096836981793,644.3355720229641,665.9671878713859,10554255
2020-09-30,645.448974609375,652.526983240299,641.8702160175634,650.538784022626,9470272
2020-10-01,646.5225830078125,652.8848200290296,645.1308436594212,652.0497861279981,4321350
2020-10-05,655.469482421875,667.3986769022293,648.23240864645,659.127749313177,11889998
2020-10-06,659.4060668945312,663.6607931264913,654.2765040221599,660.0820351048385,7848500
2020-10-07,658.5313110351562,660.5592644548562,654.5151584706485,660.0821160761097,6980002
2020-10-08,675.6298217773438,699.0508173452067,671.6136692241491,681.9523047480259,25860257
2020-10-09,680.5604858398438,685.9286228885367,675.4309229519793,678.2939585019561,7286954
2020-10-12,688.5531616210938,693.4441512423158,681.6740212694808,684.5767630802696,8717550
2020-10-13,716.0696411132812,721.0003349051361,686.5647441916666,688.9505825580503,18948618
2020-10-14,708.1567993164062,724.261212803486,701.4366763261395,718.9328292503742,15441198
2020-10-15,683.9407348632812,718.6944772614339,662.8260625821949,715.7121775454603,15648823
2020-10-16,657.8156127929688,697.4602857904788,652.6064920089258,683.1452514184964,28982990
2020-10-19,671.8125610351562,685.2925623496076,662.4680240808348,667.8759166102246,15671485
2020-10-20,699.5678100585938,704.6178167559036,670.8979379375812,673.5621540662577,21563969
2020-10-21,692.7283935546875,709.1111849853554,683.9405623166467,700.6414365127508,11161929
2020-10-22,692.0892333984375,701.4768795657468,680.3446790788855,686.2169806206382,9607794
2020-10-23,681.0635986328125,699.4394125154339,679.5855147795407,695.884082250573,5447267
2020-10-26,677.3486938476562,687.8149510102138,672.7547388515457,681.5032368143219,6612856
2020-10-27,676.9092407226562,685.0585266694528,670.0782395481193,678.2674631744483,5807904
2020-10-28,662.8076782226562,680.7041447257192,656.4160900092692,680.7041447257192,6853002
2020-10-29,671.1566772460938,673.1141108226403,654.2988834123754,659.1325120815172,6690978
2020-10-30,672.6747436523438,686.8560804617946,665.52414435338,673.3538304165122,8727274
2020-11-02,657.0552368164062,674.1926423715412,654.4985919768047,672.6746695471128,5953172
2020-11-03,650.384033203125,664.7251688954252,649.0258109658135,661.5293748141972,7011687
2020-11-04,651.262939453125,672.514951684777,647.6276844869119,648.9060314437622,10077502
2020-11-05,673.4337158203125,679.9850545642632,663.1671982505856,666.323054604921,8903859
2020-11-06,679.1862182617188,683.7402352551563,668.2406609225569,675.9105483485902,5871913
2020-11-09,683.1009521484375,697.3222253760487,676.7892396347042,692.5285344837789,7505062
2020-11-10,646.9086303710938,677.9078233847488,643.752773944916,677.9078233847488,10397497
2020-11-11,659.971435546875,662.3283435063521,643.4331909200423,649.5451667921161,9779484
2020-11-12,658.8929443359375,668.7200027235282,656.7357732840385,660.8503782305118,4699639
2020-11-13,661.6092529296875,664.2857597422866,653.6597541305199,657.4547596178614,3918289
2020-11-14,663.5267944335938,666.3231144582988,662.328371565863,666.3231144582988,475390
2020-11-17,651.14306640625,669.4789453296208,650.3441178585123,669.4789453296208,5977903
2020-11-18,650.5838012695312,655.0579424543719,639.3585837782299,654.3388692463234,5816221
2020-11-19,642.7940063476562,655.4973070116428,641.5556459246259,651.1430279309715,7170339
2020-11-20,654.5386352539062,657.9341667764319,642.3546692024909,650.3042174609589,7455575
2020-11-23,670.4776611328125,672.7147074141786,652.1417813857759,659.1325814925146,7116516
2020-11-24,671.5162353515625,685.0184849314325,667.4016309416876,674.232679842502,8465615
2020-11-25,658.8929443359375,675.9105403872221,657.1352475986881,671.5163229260759,5610232
2020-11-26,672.7547607421875,675.1116692218486,654.8183522035605,658.4136214479372,8414555
2020-11-27,656.8155517578125,677.3485382548778,650.6237007940717,672.7146466412547,11723771
2020-12-01,666.4028930664062,667.6812398647742,651.2228722788896,658.333533100725,8078785
2020-12-02,673.6334838867188,677.0689528706174,664.1659143888705,668.0408440828072,7062229
2020-12-03,688.8534545898438,690.2915522375487,673.7533073790675,677.9078496221761,9633229
2020-12-04,685.897216796875,693.3673649989871,682.6614854570281,691.8893299313847,5577388
2020-12-07,683.3406372070312,687.055767209936,679.4258188445605,685.4978078937519,5314265
2020-12-08,690.1316528320312,699.6391587751626,683.899864751801,686.2967100721929,8722526
2020-12-09,695.5245971679688,703.0746701398735,690.3713696624498,691.9692666400405,5952003
2020-12-10,692.4885864257812,701.3169572671716,691.0904266031737,695.5245808592258,4641898
2020-12-11,688.8933715820312,704.5128056267814,683.2607941853245,695.8841712356616,5637035
2020-12-14,697.4821166992188,699.599349961103,685.5777632431016,691.9693519413762,5143894
2020-12-15,707.868408203125,710.265253829095,695.0852315312853,698.8402994314281,7527270
2020-12-16,707.1094360351562,712.6621384586729,701.8363948750114,708.0681840908059,4378179
2020-12-17,702.555419921875,708.6673961132122,700.6779102494781,708.6673961132122,4863371
2020-12-18,711.583740234375,723.0486355578003,708.3879451600865,714.8594106799356,11568187
2020-12-21,695.4447631835938,727.4426423100086,679.10625586327,708.3877392246011,8875855
2020-12-22,730.0791625976562,734.4334418725624,696.6831235386178,702.3956250777994,10251896
2020-12-23,737.1098022460938,747.0167822868113,730.8780142429067,735.0325558330122,10723068
2020-12-24,734.5133666992188,741.6240286556863,727.6024906542001,741.3843538314806,4390561
2020-12-28,736.4708251953125,741.0248420637511,729.8395614288265,739.0274705218002,3884750
2020-12-29,747.7362060546875,755.0066206741113,739.227381776425,742.223439794973,6760167
2020-12-30,751.5709228515625,759.0011347335322,743.8211120388615,749.4137519790035,6382809
2020-12-31,755.92529296875,758.8813639949086,747.0169959182599,750.2527282333499,3468390
2021-01-01,759.400390625,763.3951322905708,752.6093297935297,752.6093297935297,3142822
2021-01-04,783.2890625,786.7245310059591,761.1182435045948,766.1915465439124,5259092
2021-01-05,792.0376586914062,795.5929896405213,772.74307965961,772.74307965961,7150252
2021-01-06,781.531494140625,797.3506659364745,771.8641872691974,797.2707905857484,5995748
2021-01-07,769.0278930664062,789.5209422403791,766.5112344707618,789.3611427825729,5261000
2021-01-08,794.6743774414062,801.745054228721,774.9802716510806,778.8951399516034,8034775
2021-01-11,842.9705810546875,846.1264862894745,805.3401245045485,810.9327642580523,13384331
2021-01-12,848.563232421875,850.9201891527052,829.8678169129976,840.493871601245,6700542
2021-01-13,843.6495971679688,852.4780167651174,831.7053565627809,850.0811713571555,6691409
2021-01-14,821.079345703125,838.096987997745,804.2215516274337,838.096987997745,15021108
2021-01-15,790.7993774414062,841.1730809262328,786.1654849455349,837.0185868868729,23769415
2021-01-18,784.1678466796875,802.9031962232434,780.4927035823837,798.9483919303999,12947569
2021-01-19,786.0455322265625,796.5517254428484,782.4502636563591,789.3611883024415,6387923
2021-01-20,798.349365234375,806.6584499372909,789.0016571345823,792.3572509093734,7444118
2021-01-21,796.7852172851562,818.2028909883094,788.4828840046931,809.3791343207884,8857975
2021-01-22,790.7689208984375,805.3682353552307,787.2394480477429,795.5016821045194,5379466
2021-01-25,760.0462036132812,799.7531029049513,754.8321663325569,799.7531029049513,7731883
2021-01-27,766.4634399414062,772.6801763721188,756.035365928598,763.736077923314,7531736
2021-01-28,749.1768188476562,763.9766703089784,746.0884756274212,761.0888669487615,6960905
2021-01-29,733.173828125,761.6504921276669,729.564110152831,754.8321359580142,7692663
2021-02-01,744.6846923828125,749.0163729186015,719.0155904461108,737.1845212446531,8651478
2021-02-02,765.7816772460938,772.4796902829528,750.4603995997225,759.6451367580024,7690178
2021-02-03,769.9930419921875,780.7419515684802,764.0971393849503,774.8861961103585,6354619
2021-02-04,768.188232421875,778.4558664708778,762.1720348587943,773.8434483391826,4623148
2021-02-05,758.96337890625,773.2017128152183,754.070175623542,770.7149885030402,4631703
2021-02-08,768.268310546875,773.6026911490021,755.1128743166278,766.0623717799693,6509526
2021-02-09,763.3349609375,787.6404329656804,759.3241634358109,774.083917825999,7557977
2021-02-10,769.6321411132812,774.1643140844574,758.9634267960686,766.1026188164856,4896963
2021-02-11,778.415771484375,780.1002872249975,764.4982716885092,769.6321132141207,3745595
2021-02-12,770.39404296875,791.3303874105396,768.1479570853961,782.1055526865446,8045740
2021-02-15,765.7816772460938,779.0975069442553,762.1318119194871,778.0948074501187,4643228
2021-02-16,763.896484375,771.8779812161949,757.318766663063,767.6666438284215,3277086
2021-02-17,756.5970458984375,768.7898832443044,754.8322847499666,763.6560415323785,3643176
2021-02-18,760.5274658203125,767.4661656582122,752.706410042766,757.2386311798822,5133094
2021-02-19,762.1717529296875,768.4686844658193,757.5994346810692,762.0514094389648,5494816
2021-02-22,738.107177734375,763.2147634975771,734.8182939885639,761.6505424809054,5043203
2021-02-23,729.9251708984375,746.0084618154825,727.1978085508355,741.195503997318,5916942
2021-02-24,734.7781982421875,737.5456586716591,726.3555223889747,736.3825174523233,3435827
2021-02-25,745.4068603515625,749.2572169084447,739.7115463778349,742.7196450878896,6234947
2021-02-26,729.5240478515625,741.9976196658498,726.0346242641995,728.3609066557748,9198218
2021-03-01,746.2892456054688,749.5781296998482,734.4975373683759,734.7782736749955,5397960
2021-03-02,765.0596923828125,768.3886741931442,744.8853595475382,749.0966973037739,6715548
2021-03-03,774.28466796875,776.4906071937322,759.64525311205,774.0841280392061,5742015
2021-03-04,768.4689331054688,778.0146523804204,763.1345519294772,763.6559752780859,6268541
2021-03-05,755.2332763671875,779.699144587261,751.0620365835808,766.9447871442969,5992152
2021-03-08,771.597412109375,780.5013649310872,757.2387343216303,764.0570915692298,5621823
2021-03-09,780.6216430664062,783.6297416000949,761.3296653024,773.3620594371547,5440319
2021-03-10,792.9345703125,798.2288027913147,785.8755773541055,790.6885337748187,7694950
2021-03-12,785.5147705078125,804.4056188679408,780.9825492864943,792.9347466397473,6447010
2021-03-15,796.0230102539062,797.6273293547031,775.9690214939455,784.1109605144629,5321071
2021-03-16,807.9752807617188,817.2402146210569,794.4990088790507,796.5445061269662,8094575
2021-03-17,792.0924682617188,821.3311940506894,788.2822103471598,811.7854756912944,6758901
2021-03-18,760.246826171875,801.9591289531332,747.9336948386914,798.1488705259991,8269566
2021-03-19,770.43408203125,777.2925357903555,752.1849538689893,762.0515056768191,9004154
2021-03-22,785.1137084960938,788.0817088080663,757.7199385722554,770.4341976081541,4745254
2021-03-23,786.7981567382812,796.4642182589652,779.5386227715722,789.0442425940003,5158305
2021-03-24,782.626953125,789.9265851530023,774.7256524987165,778.9369899671636,3874331
2021-03-25,767.7069091796875,781.7046053371276,762.0516932480978,778.094886790163,4879437
2021-03-26,768.9100952148438,782.1056307773831,765.0998370136207,774.0840345642818,4271178
2021-03-30,798.7904663085938,802.8012640395667,773.6427841193664,774.0839620777869,5475000
2021-03-31,788.2421264648438,802.1595755160737,785.0334881627795,802.1595755160737,4445140
2021-04-01,804.2452392578125,812.9887989588593,794.6193235325966,795.7423666178474,5269079
2021-04-05,829.0319213867188,834.2459586281446,804.2451709165815,807.7746926332131,9452833
2021-04-06,824.94091796875,834.7272255144296,818.4032979162465,833.4437897916982,4260257
2021-04-07,831.9999389648438,838.2568233212213,821.9729434705708,827.0265883676356,3551106
2021-04-08,832.2406005859375,845.7971176637942,827.5479864220304,837.4546380835843,4852068
2021-04-09,838.57763671875,846.1179562846131,829.5533415276593,835.9304709614156,3708082
2021-04-12,809.6998901367188,836.612284978065,803.1221718659003,836.612284978065,5976427
2021-04-13,788.8436889648438,818.8444255384929,779.8594925783224,812.1865113363149,7773994
2021-04-15,795.662109375,797.9081464137568,769.0704996341829,776.4904757714618,7430279
2021-04-16,812.3870239257812,815.6357600700079,797.7476132255634,802.1594904228893,4677808
2021-04-19,797.8279418945312,824.981025564173,792.4133644362768,798.9509849513296,6239343
2021-04-20,771.115966796875,806.9725085284457,767.666690518611,806.9725085284457,9742418
2021-04-22,771.597412109375,779.6190088712567,766.3031288705685,774.88624719777,4970596
2021-04-23,766.5838012695312,781.9852256168488,762.2120218859719,773.2818139955816,6023490
2021-04-26,745.0457763671875,765.6612864867913,740.4333589787128,754.029973072377,19619972
2021-04-27,745.0858764648438,752.8668338712714,740.7141460968417,746.8105390767602,6406825
2021-04-28,741.03515625,750.7011713019231,739.3907385789169,746.9711578957996,6845677
2021-04-29,742.4635009765625,758.9119181850881,740.4635618142503,758.9119181850881,8588734
2021-04-30,733.8108520507812,746.9124206116932,730.9130050829252,738.7494433372484,10921664
2021-05-03,740.9534301757812,743.1982488444833,727.3212486594556,733.6475558167068,6871176
2021-05-04,735.443359375,746.9123311066572,734.0556434400672,742.8308429585335,6217026
2021-05-05,742.341064453125,743.4838512103195,735.1576056462937,737.8922325261005,2696835
2021-05-06,747.7286987304688,754.1774705373092,735.6883075664138,744.4635079063182,6319104
2021-05-07,748.0550537109375,752.1365412370276,745.8510404822796,749.361109790148,3651558
2021-05-10,746.0552368164062,752.2998838584306,742.9941206714373,749.402037205764,4029147
2021-05-11,740.626953125,744.8309065490321,738.8310880752331,741.6065204087695,3818154
2021-05-12,739.6472778320312,741.9737560191103,730.5863938817457,739.6881325726545,4076940
2021-05-14,743.1165771484375,744.4634882569925,731.8108741473616,742.0145952035156,5184569
2021-05-17,752.7491455078125,756.8714400318488,742.9127157311478,746.5860563645632,7956551
2021-05-18,760.4628295898438,766.9116006044289,754.6671365181421,757.5241781382757,5913426
2021-05-19,760.2996215820312,768.1360587882431,755.1977614678691,757.524189750786,4178834
2021-05-20,754.585693359375,763.0751604406404,752.6673636684255,760.789536604256,4753782
2021-05-21,759.6873168945312,762.9525070174147,753.4426208553775,755.4833646821797,4161547
2021-05-24,761.4424438476562,766.5034992813909,757.279345729583,760.3812668590155,4191877
2021-05-25,767.8094482421875,770.4216103417223,763.3606664956034,765.6870945616674,5032874
2021-05-26,772.05419921875,774.6255563850718,761.2382568718701,767.3196834767608,5017674
2021-05-27,769.2789306640625,781.1152466717624,765.7688108862537,774.6664752625633,9078274
2021-05-28,769.4014282226562,775.2787819408202,765.197524737067,767.3606838637702,4098094
2021-05-31,771.5643310546875,773.7274893231591,761.2789536729007,768.5848255436861,4171524
2021-06-01,776.0541381835938,777.1153150988854,768.9931440153719,773.8501246993102,2944472
2021-06-02,770.3809204101562,776.0541991396021,765.3606698473478,773.0338878181911,3657189
2021-06-03,766.870849609375,775.3195104938192,764.8709103700902,771.4012916752778,4164240
2021-06-04,764.5035400390625,770.7482368754996,763.0342142607401,767.4013866785309,3550303
2021-06-07,775.15625,777.0745794243934,764.9525290921291,766.5035145992679,3282517
2021-06-08,789.5231323242188,793.4413512547326,776.6664437622209,777.1153975252113,6385642
2021-06-09,792.8698120117188,804.0530985757688,787.8087571627126,794.9922155666435,5521459
2021-06-10,790.625,801.3185280409773,788.9924048630127,799.5634683395759,3878256
2021-06-11,802.706298828125,808.1346982963287,792.2168936329161,796.7065308456735,4777035
2021-06-14,803.400146484375,806.8694114510578,796.7064958782046,802.4205793527408,2236373
2021-06-15,804.4204711914062,810.5835080402336,802.5838016112547,804.1347371407832,2559001
2021-06-16,799.48193359375,804.86947812263,795.0739063807723,803.2776877500072,3138753
2021-06-17,805.196044921875,807.277594024347,798.7880782923615,799.9717198832907,3609989
2021-06-18,796.09423828125,813.603831851186,791.8902856916136,808.1346279399513,5622783
2021-06-21,801.604248046875,802.7878895386021,784.6660727444588,790.1760815777749,1639495
2021-06-22,800.05322265625,806.6652628192604,796.9104969635616,801.6858177844724,2529648
2021-06-23,794.1759033203125,804.0530837088145,792.6249180520394,804.0530837088145,2395543
2021-06-24,807.889892578125,811.8897216566289,791.0741290460949,793.441412448594,4686567
2021-06-25,812.7467651367188,824.4606163407351,807.5224403119527,812.2161517416152,5196000
2021-06-28,804.2980346679688,816.2976196412659,803.4001272155044,816.2976196412659,1844159
2021-06-29,802.9103393554688,811.318244911832,800.3798365987806,805.6449663451587,1895170
2021-06-30,802.8287963867188,809.3183731344875,800.7880521152731,800.7880521152731,2682591
2021-07-01,804.4613037109375,806.5020477589105,796.0126432814706,805.6857501397213,2861509
2021-07-02,803.767578125,806.1756165652732,797.7269550062464,802.8696207301261,1646631
2021-07-05,799.7676391601562,812.9508664099787,798.3391182430546,809.5224062443639,2598033
2021-07-06,793.482177734375,801.7676194063755,791.972046902505,799.971754482761,2486069
2021-07-07,796.17578125,798.0124507047118,783.8905133063868,791.8086093646024,3014899
2021-07-08,797.3594360351562,801.6041932552528,791.8086226655755,795.8901104112743,2555624
2021-07-09,797.4002075195312,799.5634158632053,789.033157991611,793.4411845013124,3218471
2021-07-12,799.5228271484375,802.4614790676391,795.8902922602164,799.9717809384739,2037878
2021-07-13,790.1353759765625,802.4206465104469,786.9109900672133,802.4206465104469,2997764
2021-07-14,807.6856079101562,810.5426492895181,790.2576256023406,790.3800901620237,4371180
2021-07-15,848.7455444335938,859.153340241748,808.7877615428145,810.5836264703618,12701032
2021-07-16,820.3790893554688,856.0921094144754,814.7058110615247,852.9493835784235,8665827
2021-07-19,816.4608764648438,831.2358432220205,810.1753749265359,820.3790950137719,4644600
2021-07-20,797.68603515625,826.2564515313102,791.278069018418,815.4813131052885,10216774
2021-07-22,798.8289184570312,801.1962017433378,791.8087780856216,791.8087780856216,6156400
2021-07-23,811.3998413085938,819.4812077457381,802.0940284308427,803.8082833414039,5265839
2021-07-26,816.54248046875,819.5627915575864,805.889806738274,811.3998155460566,2477027
2021-07-27,814.6537475585938,823.0302376489177,807.9607556920513,821.2235358453565,2883514
2021-07-28,807.3448486328125,817.8976012809852,802.5817620871175,817.1174288869946,2952249
2021-07-29,827.4647216796875,828.6144545500692,809.3567547739327,809.3567547739327,4732101
2021-07-30,841.7130737304688,862.2436633648235,829.353718918799,831.8994919840551,9330054
2021-08-02,850.2948608398438,853.2512454908909,840.1527201961418,849.1451278513775,2536478
2021-08-03,853.620849609375,856.4951322723011,840.9329848104102,845.8603265182837,3359006
2021-08-04,854.0314331054688,860.4370172121555,849.6379069443408,854.9758602842396,3122161
2021-08-05,871.4415283203125,881.1730088815742,848.8988781499137,854.0726274341446,7896314
2021-08-06,862.24365234375,878.7092251188498,856.5361885971591,871.4414165305882,11584782
2021-08-09,862.7365112304688,876.0402937315669,856.9468446298478,868.6903824557361,6321578
2021-08-10,873.535400390625,880.598002716849,860.6422314871876,864.3377372521612,5871606
2021-08-11,876.2044067382812,886.1001903905678,868.1564762786786,879.4893008639182,5011239
2021-08-12,900.4713745117188,904.2900830166379,877.066509784328,879.5301797556323,6540144
2021-08-13,919.3185424804688,923.0140479712069,895.2977567906714,902.5245631824712,7270809
2021-08-16,922.7678833007812,927.4488175449928,915.1304640107334,920.5505195164039,3159376
2021-08-17,938.617431640625,946.0084437108424,913.6523155121712,919.1544732878596,5295838
2021-08-18,931.47265625,950.8946100179912,929.2963941560223,950.8946100179912,4871006
2021-08-20,917.5940551757812,936.810705072831,909.2586166240878,909.5050237722203,3467046
2021-08-23,955.1651000976562,967.5655557719401,924.7388274271501,927.1613968240307,9383780
2021-08-24,946.7885131835938,963.2950840891743,944.406945185465,959.1478656658638,3947317
2021-08-25,947.9794311523438,960.7494980768001,936.4412998600183,952.5372621760616,3447912
2021-08-26,958.7372436523438,962.4738503202195,948.5130521500457,952.5370669661428,4654833
2021-08-27,955.0419921875,960.6263530391777,952.2088107278705,958.7374985680739,3050466
2021-08-30,955.4112548828125,961.1187170034528,948.1434483650145,955.9039688379701,2956868
2021-08-31,970.9326171875,980.0481782982806,954.3028407466254,957.5466335832008,7199002
2021-09-01,956.4381103515625,977.6667209073273,954.0565418009975,977.2561090967824,3200410
2021-09-02,963.0897827148438,970.6860994832192,947.6918433194882,962.4738651390295,5224479
2021-09-03,964.732421875,969.5365598745158,951.1822325062514,963.7058923773675,4533364
2021-09-06,985.5914916992188,993.7626261560217,964.1164752046685,964.9376987780968,4331916
2021-09-07,970.8504028320312,997.7454730451803,969.1258534937202,996.9653508019242,3721585
2021-09-08,976.2704467773438,978.2003017747933,958.4088373011843,973.1497576666171,3118518
2021-09-09,984.2775268554688,989.5332773826844,971.507460542432,978.8984724992214,3388292
2021-09-13,992.3665161132812,997.7865712658169,966.1283646466031,978.8984304105792,3723138
2021-09-14,1017.20849609375,1018.8098418006922,991.2167525818662,998.6077639929986,5593286
2021-09-15,1045.622802734375,1058.515971355721,1010.3101928639034,1017.2084901903272,6063895
2021-09-16,1037.2872314453125,1063.730684435034,1030.7995466925581,1057.0786948580485,3616292
2021-09-17,1037.451904296875,1051.9875231835024,1033.5099905748928,1038.8479444396023,4817180
2021-09-20,1048.004638671875,1066.6053754174372,1026.529618993132,1033.0994085546881,5453683
2021-09-21,1067.179931640625,1079.9088958117907,1048.702403005062,1058.557084944029,4645597
2021-09-22,1080.319580078125,1091.118689810559,1067.2621055830798,1067.590615052499,5367303
2021-09-23,1090.83154296875,1097.524436307511,1079.005900965471,1089.6407083876713,3037295
2021-09-24,1115.3858642578125,1131.4408258926044,1097.9759638674739,1100.4396346914098,7951730
2021-09-27,1063.648681640625,1123.392693767357,1059.4194606361373,1121.7913479741057,7653504
2021-09-28,1042.132568359375,1071.6555115801316,1029.8142164875148,1071.6555115801316,8572321
2021-09-29,1052.1514892578125,1068.7812648349834,1033.7561633848688,1042.9538263213406,4639821
2021-09-30,1050.796630859375,1060.5691108821927,1042.0094787482587,1060.5691108821927,3589722
2021-10-01,1046.0335693359375,1054.4511113070412,1035.275560134468,1046.2388752376717,3372796
2021-10-04,1050.0574951171875,1062.3347468904842,1046.0334797384671,1052.397962147082,2706626
2021-10-05,1071.8199462890625,1078.7592452522222,1036.5483343406815,1042.9539181889952,3710314
2021-10-06,1047.4295654296875,1083.8919120975122,1044.4321795877247,1077.4453271028933,2861608
2021-10-07,1072.764404296875,1082.2494765121999,1054.492179613872,1054.492179613872,2421641
2021-10-08,1085.7803955078125,1098.7967646359039,1062.7040410532713,1072.7640263797211,5197831
2021-10-11,1069.9720458984375,1088.038961677606,1014.744769255297,1067.5904778599647,5264998
2021-10-12,1026.8167724609375,1074.981550282748,1015.2786425545415,1073.2980020265118,12811641
2021-10-13,1039.135009765625,1043.6107374465153,1021.150197245408,1037.2051548238637,5705730
2021-10-14,1027.4737548828125,1062.0472425954597,1021.6430883500152,1058.8855523150771,10360519
2021-10-18,1003.0426025390625,1045.0071116899362,997.786751043829,1018.317342629093,23861603
2021-10-19,1011.8295288085938,1028.9931212718695,1005.9988615786433,1010.1049793810051,10189780
2021-10-20,1012.4865112304688,1037.5338289212973,1002.2212170948833,1017.4959547192318,8222562
2021-10-21,1002.3856201171875,1025.7335585364956,984.4193857988674,1025.7335585364956,5998795
2021-10-22,988.5590209960938,1012.8590068683665,981.9355099676442,996.2174556227385,3812305
2021-10-25,964.8798217773438,985.2470944406684,958.049327215045,980.3208993951611,6690819
2021-10-26,966.0390625,978.6236922271512,954.8204509822015,968.6884263162157,5126660
2021-10-27,974.6083374023438,978.085640502116,961.6510728581853,968.6885538046291,3536653
2021-10-28,953.78564453125,981.1076291402181,949.4804025347241,979.7001733900979,4096585
2021-10-29,946.9551391601562,971.1723525550718,942.1944903731217,953.7856352459016,3558520
2021-11-01,984.5848388671875,986.4477012775568,946.7480738921646,946.7480738921646,4511112
2021-11-02,969.2266845703125,989.4697500621393,967.7363541373365,986.0752208167601,3016082
2021-11-03,973.9458618164062,983.3429477033125,970.0959258879717,972.828164564088,2063067
2021-11-04,979.534423828125,982.8876165651702,975.3119559469684,981.1075278413902,256369
2021-11-08,979.3274536132812,987.5655058537694,967.4879886366278,983.1359521297798,3808317
2021-11-09,971.0068969726562,986.0753463047606,969.0611594745565,983.5915293115496,3565461
2021-11-10,967.984619140625,972.8280406616343,962.1476104699581,963.7207143235254,2401325
2021-11-11,960.9884033203125,966.8668489110177,953.992361770904,965.3765188326093,2861259
2021-11-12,970.63427734375,975.4363640244204,962.8930678201158,967.7779281883619,3812518
2021-11-15,969.3922729492188,978.2926164189183,963.3069420460794,969.5164840016836,3619915
2021-11-16,963.2243041992188,973.2423464203043,960.7818233788544,969.4338470304839,3141207
2021-11-17,954.1582641601562,964.3419543299505,952.1298540282834,960.8232135650634,3172985
2021-11-18,927.4572143554688,956.269531577767,921.9100635600377,950.4739586591138,5384530
2021-11-22,919.0949096679688,932.1349467327655,912.3886251051388,927.4570719533127,3961223
2021-11-23,921.1646118164062,927.2913786386165,902.4532167107964,914.8722976747065,4545069
2021-11-24,926.8361206054688,937.7649742471076,921.4545179910518,927.2915274072371,2675632
2021-11-25,931.2656860351562,936.3988666279879,919.8400891456185,924.3937529532701,3106454
2021-11-26,919.0537109375,932.2592973245813,913.4651227874637,927.2916634134378,2207274
2021-11-29,938.1788940429688,947.9899488460604,910.8154756168256,911.6434144367784,3661152
2021-11-30,942.7325439453125,958.6703659993592,938.0546694667489,938.0546694667489,7421904
2021-12-01,957.6768188476562,962.8928739829496,948.1555221573691,948.8179136581773,2918586
2021-12-02,980.8592529296875,982.266809812431,954.613628125199,961.9823051384784,4011279
2021-12-03,969.8477783203125,984.9990015912583,968.3988850501339,983.5915456983658,2571036
2021-12-06,940.9939575195312,970.8825303351282,939.5864008088623,968.6056984561917,2493755
2021-12-07,951.8400268554688,956.2694799909917,936.7301411326674,952.1297852724159,2299958
2021-12-08,970.0131225585938,978.2925109400545,957.9666731036199,958.2564314836205,2525711
2021-12-09,967.4879150390625,976.8022264415605,956.2693039897994,976.8022264415605,1734844
2021-12-10,962.23046875,966.2046155646273,956.434896934274,956.434896934274,957733
2021-12-13,959.6639404296875,971.5448432041951,954.8205181706367,965.3767389438217,2225682
2021-12-14,962.3547973632812,965.2940209984844,948.4040465729206,957.0974053586174,1972685
2021-12-15,951.2189331054688,962.0234740958841,945.7545570919167,958.9601408802301,1604301
2021-12-16,960.2019653320312,966.949686358017,951.7570305085562,957.0971950194681,2121810
2021-12-17,969.8477783203125,979.3690769529145,964.5489484331619,970.3445215138761,6373455
2021-12-20,960.326416015625,970.6342155990383,948.404074826711,960.4091896979352,3091768
2021-12-21,997.6663208007812,1005.9042719856708,964.5902039528016,967.7777483328805,6217986
2021-12-22,1012.4035034179688,1015.0528668852645,1001.8886210736497,1008.4293571502873,3809814
2021-12-23,1016.2537841796875,1018.9445861919656,1006.4427262867375,1018.2822955674743,2814281
2021-12-24,1047.5084228515625,1062.908169700064,1031.7362449321506,1044.983269444048,15952929
2021-12-27,1049.1639404296875,1057.2777805820729,1038.276626753203,1049.8263318543995,3372907
2021-12-28,1062.9906005859375,1067.2130680740454,1051.4822315392069,1051.4822315392069,3446067
2021-12-29,1069.6143798828125,1075.492726380236,1057.360842650541,1062.2457028066533,2254162
2021-12-30,1090.436767578125,1098.2193109494942,1061.996990754456,1069.6140878698004,4518139
2021-12-31,1092.13427734375,1100.703425487394,1083.7306765677363,1092.8794426316254,2231508
2022-01-03,1097.97119140625,1109.3553512704452,1087.994487244015,1089.857349767247,2661272
2022-01-04,1104.0150146484375,1106.7058159000735,1082.3230572927184,1100.7446966308428,3367100
2022-01-05,1085.2210693359375,1101.1588954543558,1077.9766029184746,1100.330956435217,3510253
2022-01-06,1063.8187255859375,1074.4991577374221,1057.2779879841164,1068.0411938132422,4409632
2022-01-07,1068.49658203125,1075.0786558238758,1061.5832114003072,1074.2921542998422,3898684
2022-01-10,1066.4681396484375,1080.3361170397,1059.761854377061,1080.3361170397,2529949
2022-01-11,1112.4600830078125,1116.0615968793463,1059.7617537133258,1066.923445152943,6772189
2022-01-12,1119.4974365234375,1123.5956930391903,1102.3177069161939,1121.0291030461558,3162044
2022-01-13,1104.677490234375,1125.5001740260632,1093.8315107309797,1109.4381389650084,4598005
2022-01-14,1107.1197509765625,1111.8803991971492,1070.5248955163167,1092.8792436825506,5636243
2022-01-17,1042.1678466796875,1053.9659732458726,1029.4590077498108,1053.9659732458726,11973283
2022-01-18,1009.8786010742188,1051.4410986872108,1007.6017688110876,1051.4410986872108,7799487
2022-01-19,992.8643188476562,1010.4994583842215,986.0752600865283,1010.0854889215486,8464215
2022-01-20,981.3009643554688,1003.0501782641195,976.8342639591535,1001.8812963683627,6172404
2022-01-21,975.1226806640625,985.0580239507893,964.3107523887821,981.3009690713525,5514748
2022-01-24,939.1803588867188,972.2424252708655,927.5752120875325,970.5726229088717,5878438
2022-01-25,938.1780395507812,951.4947691897221,908.7061008473994,930.9144429598006,4725254
2022-01-27,899.8145141601562,931.707690225721,893.5109711138423,930.9145750763852,8304735
2022-01-28,902.0687255859375,920.227821951497,899.3970832091484,900.8581599282164,7654724
2022-01-31,917.8903198242188,930.0380700776038,912.4216766732271,918.933946233443,7572995
2022-02-01,945.7760009765625,948.8650942607344,919.4348306683975,932.3340118166816,6783774
2022-02-02,977.6271362304688,980.0483691448909,946.1931999030959,954.2082278985878,6982539
2022-02-03,965.7716674804688,977.5437504137427,960.9709870499412,970.1548974387764,4169794
2022-02-04,971.6578979492188,974.4130103073177,949.574703681453,968.485233142959,3625482
2022-02-07,966.2728271484375,977.9614432675413,956.7967194637788,965.9806321287889,3824483
2022-02-08,970.1129150390625,976.7086515468842,958.9253261839457,967.6082127133022,3267641
2022-02-09,985.9344482421875,992.697124840538,973.4944050160365,978.5038101876455,3772972
2022-02-10,993.8242797851562,995.1184169648415,980.2571399710363,989.3157944789872,2053245
2022-02-11,971.57421875,984.3482443672159,966.857109799265,984.3482443672159,3912397
2022-02-14,957.1724243164062,972.1171759352778,946.443964455227,947.9050415313275,3243813
2022-02-15,975.62353515625,980.1737045170454,958.549749766608,963.0582352303338,3000492
2022-02-16,974.997314453125,987.3955724687098,968.4850466486694,983.5132628897694,1885868
2022-02-17,971.0318603515625,980.1739875264832,968.4853709801708,980.1739875264832,1644055
2022-02-18,972.65966796875,976.917642698421,960.2196226474554,962.515600404463,2166690
2022-02-21,972.4508666992188,976.4166461513083,960.3030172951183,962.7242503965598,1706058
2022-02-22,959.7603759765625,963.600899755708,945.1078243291946,945.1078243291946,3254855
2022-02-23,962.6407470703125,967.6501525190739,958.5080283417302,965.1454497946931,1937649
2022-02-24,917.1804809570312,947.5707940556864,911.7118389585349,923.4004522785161,5469084
2022-02-25,943.1878051757812,952.6222291053587,930.9147988189965,931.4157191345832,3213276
2022-02-28,940.8917236328125,946.1934269806966,924.2354879898926,934.7552211284018,4571884
2022-03-02,931.3736572265625,938.971234359969,925.9050160495289,938.971234359969,3867328
2022-03-03,951.5365600585938,961.8058823819232,935.5065027855425,939.2635570135968,3969380
2022-03-04,950.4930419921875,964.1854393417791,937.3016667966172,941.768366948018,3522375
2022-03-07,963.6427612304688,969.6541100033729,927.1576257302062,927.5750762595759,5249845
2022-03-08,981.259033203125,984.8490457938863,964.3105047767681,965.1454056467047,3805165
2022-03-09,987.4371337890625,997.7064543790184,969.4032969216825,985.1829423993655,3781326
2022-03-10,995.3271484375,1000.3782378346326,981.0085773297469,1000.3782378346326,3834327
2022-03-11,996.412841796875,1007.8510499082996,982.0943670974581,985.1834609116207,2770879
2022-03-14,1004.2607421875,1014.237871228508,983.2212757697299,996.4126516639511,5740660
2022-03-15,982.5533447265625,1013.8204522489513,975.2479600601126,1007.7256334177147,3003066
2022-03-16,1001.4638061523438,1004.3441739986345,989.3577409675092,993.6575017440699,1894018
2022-03-17,999.2930908203125,1014.4047794978177,994.2002147798228,1014.4047794978177,6987787
2022-03-21,975.2060546875,1010.1466376024841,972.7430358378889,1001.7976284511562,4046440
2022-03-22,982.17724609375,986.6439446474857,970.4051661009067,976.833861000684,4516870
2022-03-23,985.767578125,994.2418437287456,976.8341781174145,993.5321982561737,2338886
2022-03-24,995.2857666015625,996.8720993708274,975.9995679769659,975.9995679769659,2351703
2022-03-25,984.6405029296875,1001.0463284455869,981.3426846493333,1001.0463284455869,2489854
2022-03-28,971.783203125,991.5286367288616,966.9825212637713,989.274444273727,3406258
2022-03-29,974.9137573242188,981.0085747681479,971.5324697696681,974.3293674505776,2443230
2022-03-30,972.8264770507812,986.8110669696295,970.2383046730035,982.9705432558354,3073672
2022-03-31,971.6159057617188,980.8416013156177,969.3199283259768,980.8416013156177,3006639
2022-04-01,976.5421142578125,980.1739137422688,961.847874946197,969.3201991948672,2479745
2022-04-04,991.0691528320312,992.6553830066922,975.1642499409213,979.5056938486704,2282137
2022-04-05,998.0820922851562,1004.385633913012,988.6059888572435,993.5319238208515,2634464
2022-04-06,977.251708984375,997.6233156122289,974.7470057575889,993.5322799584845,2838968
2022-04-07,979.5892944335938,985.8092655478121,970.9897741538051,973.1604961718574,3391918
2022-04-08,972.9518432617188,985.1831630850401,970.6141816518304,984.3482620993747,2656091
2022-04-11,946.3603515625,971.8248338939127,944.899274707419,971.8248338939127,5679058
2022-04-12,944.3983154296875,953.2064600992203,934.7134839166797,943.2712194285261,2906617
2022-04-13,939.3471069335938,954.375325129047,937.5938351941163,947.6126473244185,1971580
2022-04-18,919.8521728515625,929.0360838126401,905.533600378921,926.7401060723707,4391701
2022-04-19,893.5528564453125,931.7077939917177,883.9514942877595,931.6661100888385,3422431
2022-04-20,909.5410766601562,914.0495619818811,888.9189629215713,897.5184831077617,2573318
2022-04-21,917.7232055664062,922.6074583069988,902.611516744285,914.2166618765469,2547848
2022-04-22,920.1026611328125,947.5708217029094,902.6114245400992,907.2033799069281,9567571
2022-04-25,909.9169311523438,916.7213954086956,899.4389836389569,915.8030245944368,3565801
2022-04-26,913.632080078125,924.2352805609144,905.9092468846395,921.7305779035677,3213714
2022-04-27,914.717529296875,918.307644418788,897.1846080269917,907.5374009696769,3288792
2022-04-28,927.3654174804688,935.6841601558217,911.0675952982166,926.940993948441,5202061
2022-04-29,916.1182250976562,934.1562258234615,911.9588536182529,928.6387197190975,2988180
2022-05-02,905.6349487304688,918.4525186083138,901.475577414075,910.8128950709064,2584604
2022-05-04,887.0026245117188,913.3593651105169,879.2357574155192,913.2745011349607,3385725
2022-05-05,910.0066528320312,912.6804385304854,888.8278537042704,898.9291557820027,2982126
2022-05-06,891.4589233398438,896.9340477116622,873.4209277183115,891.2043314554107,4075606
2022-05-09,913.4443969726562,919.2165990376261,877.7928166889916,886.1964241939485,4207192
2022-05-10,910.4309692382812,920.9990738453939,905.3802669844869,910.8129089733711,2473518
2022-05-11,900.5418701171875,916.1606768046446,894.7272884577853,907.417510605642,2895668
2022-05-12,899.2685546875,909.0726756077248,885.9840780862824,891.3742359453264,3195189
2022-05-13,893.1143798828125,915.0570538168624,887.129967164882,908.2662779072754,2496626
2022-05-16,886.6631469726562,905.6772362700257,882.9705797454026,894.6847094187956,1415370
2022-05-17,919.2164916992188,921.8478968319322,887.3422435057165,898.2499073807056,2620776
2022-05-18,911.4069213867188,931.4821723154496,908.9453481468629,919.7681466717186,2865869
2022-05-19,856.8262939453125,898.3349383668915,852.751786367857,895.6185654422438,4729354
2022-05-20,873.3362426757812,878.1322491003269,863.107646366191,873.4635904535876,2005622
2022-05-23,864.3809204101562,880.2543702353183,861.3675238151294,868.3705118136264,2285466
2022-05-24,841.8441162109375,867.8613006976531,837.8120924630152,867.5641731252547,3418456
2022-05-25,827.158935546875,842.7352566334722,817.4396274340701,842.056189423258,3904551
2022-05-26,832.4642944335938,836.9631733401527,822.5752057894923,829.3235500540865,4278059
2022-05-27,852.1576538085938,857.7175921434782,839.5098108585061,839.5098108585061,2795530
2022-05-30,882.7160034179688,894.1329539573188,862.1314639619311,864.9750806475184,3562969
2022-05-31,883.4376831054688,887.7244027175641,866.206096093324,887.0452835409222,5185485
2022-06-01,864.0413818359375,887.4270545094416,858.6511723014039,883.4375150579165,2554081
2022-06-02,882.5462646484375,890.3557199294856,855.0436504350097,858.5239545369668,3560227
2022-06-03,885.34765625,907.9694555347512,882.9708425708379,894.6424919221682,3556955
2022-06-06,880.509033203125,889.0398833686877,866.8001334502538,881.1031846546103,1997494
2022-06-07,868.28564453125,877.4956140492199,860.0093860190567,874.3124376983762,1839248
2022-06-08,874.482177734375,877.5381099686103,862.4285912336401,868.4553844840075,1665512
2022-06-09,873.1666259765625,875.7555475664022,858.7786566791278,870.025829406235,1654005
2022-06-10,861.876708984375,869.0070439146562,855.8074845252772,859.0330924948787,2260855
2022-06-13,841.8863525390625,850.5446013579,833.9920866608151,845.4515199126431,1738804
2022-06-14,846.2156372070312,849.6534573665022,830.2997551636362,838.6608778066283,2461791
2022-06-15,840.273681640625,854.7889448865933,838.6608515868462,839.5096986026224,2408630
2022-06-16,819.094970703125,854.7889787694814,816.2937858019299,854.7889787694814,3198618
2022-06-17,813.8320922851562,817.5670399513907,801.3540305474086,808.4419343534086,4302066
2022-06-20,814.935546875,819.9861968552128,808.1872029054388,819.1373498605387,1305407
2022-06-21,837.472412109375,848.7621184228657,817.9914153109635,824.8246231573602,2128325
2022-06-22,815.99658203125,831.0211837645847,814.171592131159,830.129904807842,2575065
2022-06-23,824.4427490234375,829.7480434186978,813.7048124436246,816.6757773049703,2169033
2022-06-24,820.5805053710938,835.7324054457918,814.8932194153542,835.2655499007382,1922313
2022-06-27,842.353271484375,854.6191205850362,835.4351997520247,837.0904617084301,3626024
2022-06-28,850.502197265625,854.7888639273916,834.6287492121229,840.2736020562003,2702471
2022-06-29,838.2788696289062,849.0592372141219,836.1143200758911,836.1991840546326,3150015
2022-06-30,826.140380859375,845.9185065098266,823.3391959920598,840.3585687652517,3741119
2022-07-01,827.9229736328125,833.1009718744908,818.4583598350673,818.7130035955894,2827579
2022-07-04,835.7747802734375,839.934151520182,826.310166801843,827.9229451025818,2738846
2022-07-05,833.6950073242188,851.0963688528127,830.5542634181328,838.1514535693465,2476050
2022-07-06,837.472412109375,847.9981354149048,831.9124747365744,833.5677367141507,2998254
2022-07-07,840.231201171875,849.6110021809798,836.0718818637955,846.3004780825298,2985141
2022-07-08,834.8833618164062,847.9980568411657,831.1484665256306,847.9980568411657,3141642
2022-07-11,800.9295043945312,831.1484859601545,797.916108177676,827.6257505034406,5787815
2022-07-12,787.560302734375,805.1738794715466,784.6742537764021,793.6720120123083,5305354
2022-07-13,779.0292358398438,794.5206916328998,768.2064379570238,789.4276102762786,12874342
2022-07-14,766.5087890625,787.347971138566,757.4261164160265,786.1596165047927,4916497
2022-07-15,749.6592407226562,768.2065267496595,744.7358867279244,760.566903831707,5591590
2022-07-18,764.2171020507812,770.3288120787647,754.4977915254592,759.7182223807101,5156225
2022-07-19,763.7019653320312,770.3973299777832,759.6675621507947,763.95946928159,4636293
2022-07-20,787.47900390625,788.6807062583188,768.3370595298602,776.4916816554563,4827089
2022-07-21,793.53076171875,795.6767153972628,784.1743827238553,790.5693351641129,3498709
2022-07-22,789.9254150390625,799.9255784408484,780.2686251241595,797.7796251264256,3514659
2022-07-25,798.8527221679688,800.0115161758081,784.5606499835715,789.925534078098,2120224
2022-07-26,784.1315307617188,797.9944134827236,782.0713941249762,797.0072537627323,2780103
2022-07-27,796.9641723632812,797.7366841409722,782.0712245530557,782.9296059003387,1742497
2022-07-28,812.1146850585938,814.6040122697376,800.6124048344371,803.3592360074191,2843497
2022-07-29,814.0889282226562,828.9389157364631,813.0159514891234,821.4709871927857,3617725
2022-08-01,817.3079223632812,821.0418607315141,811.3421607798335,818.8959070965651,2489519
2022-08-02,816.3636474609375,818.7671049835211,807.7798331721069,817.3078984675756,2545241
2022-08-03,821.6426391601562,825.5911724158,815.5051915476304,816.3206643088766,4119614
2022-08-04,822.4151000976562,832.5869499068973,811.8570206177272,828.337952006401,3513266
2022-08-05,822.1146850585938,828.2950408591696,819.7541364979974,826.5353696831942,2565683
2022-08-08,829.2392578125,830.9131118528878,815.5051567901382,822.1147033854373,1746911
2022-08-10,817.2219848632812,830.0547970120244,813.8313679235685,829.2393242202289,3271939
2022-08-11,826.0633544921875,831.3424212834514,822.9732022772421,828.3380862555814,3594584
2022-08-12,820.9559326171875,827.4796098293913,818.8957964494184,827.4796098293913,3022304
2022-08-16,822.5009765625,831.7714841740785,817.7369708001619,831.7714841740785,2784861
2022-08-17,841.7288208007812,843.7031400299094,819.7542768491518,826.6213283829667,4649125
2022-08-18,835.63427734375,844.1751825930403,830.9989969134637,844.1751825930403,2829269
2022-08-19,832.6729125976562,847.2653972039044,829.8831728935205,836.4927205169927,2880969
2022-08-22,823.5741577148438,832.6300722491607,819.9260362642676,828.3381646602475,3616799
2022-08-23,812.8013305664062,816.3206731850759,806.0200968672832,815.4193832355571,3753715
2022-08-24,814.7327880859375,818.7242304614804,810.4408807629151,815.3765741843908,1494361
2022-08-25,810.1402587890625,818.8099413360247,809.1531517309626,818.8099413360247,3316314
2022-08-26,811.7283935546875,820.6126201065864,810.0974479347185,814.2176681849986,2195046
2022-08-29,787.56494140625,791.4276577401226,772.6290839586986,783.3588515527892,4974880
2022-08-30,805.9771728515625,811.3849648366131,792.8868573649099,795.6336881420364,2998417
2022-09-01,794.904052734375,799.1530509702386,786.4919258340291,787.393215789166,2953921
2022-09-02,793.53076171875,804.3034387065948,788.8525722213026,799.3248366507345,1750283
2022-09-05,803.4449462890625,808.852738333874,791.856798025278,794.8611327603332,2279812
2022-09-06,804.9899291992188,809.3677050277188,795.7623307224292,803.4448534209267,2108615
2022-09-07,799.75390625,800.4835094336046,792.3717952791949,795.719503467186,2709547
2022-09-08,799.196044921875,807.651133706715,796.5779919567718,803.7884171508902,3214686
2022-09-09,814.1746215820312,818.0373372352934,801.9855972645618,806.0199996473667,2206526
2022-09-12,820.226318359375,827.0504608184696,818.4666470061346,819.8829972417466,2517615
2022-09-13,820.09765625,823.8745031857533,815.8486576047626,819.7542827142744,2442828
2022-09-14,800.011474609375,805.5480451855504,795.3332854437245,801.1273599647689,6761712
2022-09-15,789.625,804.0457957483995,786.5347958022755,803.8741090055084,2995215
2022-09-16,769.8822021484375,787.9940264624041,766.877867624888,785.5046997577457,5095937
2022-09-19,770.6547241210938,778.6806207469831,761.8134071696934,770.7835022732465,2686561
2022-09-20,784.560546875,790.4404381132753,774.259970767232,774.5174746916383,1836721
2022-09-21,773.358642578125,784.3459127379174,771.5560104135781,780.26860156363,1819649
2022-09-22,770.5262451171875,776.74951156309,763.7450096885191,770.4832841250873,2315711
2022-09-23,768.98095703125,783.3588454961673,765.6762095943984,769.5389258984061,2569608
2022-09-26,778.29443359375,787.4791251433252,757.0924023247346,765.0324303536505,4182702
2022-09-27,788.6378784179688,790.9555185797709,779.0669052498438,782.2000181859853,3545337
2022-09-28,790.3975830078125,795.6766495768348,782.7150589959655,783.7022185629999,4154139
2022-09-29,792.3289184570312,799.1530608729565,786.7923481048111,795.719535369743,2928360
2022-09-30,800.311767578125,803.0585981597113,781.1698754615455,791.341725091437,3229901
2022-10-03,798.5092163085938,800.7409867655123,786.2772826000235,800.3117961090711,1598950
2022-10-04,812.0288696289062,816.3207769736679,804.3463450034934,809.0245344875731,2331351
2022-10-06,827.95166015625,830.8701774895363,820.18331998476,820.18331998476,3713623
2022-10-07,822.0718994140625,835.1622161168615,819.7542590933109,828.3380733246545,2174327
2022-10-10,826.8358764648438,830.1835848527344,808.7669586279649,808.7669586279649,2758812
2022-10-11,805.6767578125,834.3467174126815,803.4449871381378,830.9990090096956,3134969
2022-10-12,817.1790771484375,827.3938365693697,809.7111486331834,809.7111486331834,3502390
2022-10-13,843.016357421875,848.9821186686498,832.0290859092827,834.389634774511,9698562
2022-10-14,860.5702514648438,878.1241613563654,853.2311010637608,862.6732963471626,7424383
2022-10-17,853.74609375,864.2183569926359,850.741758940556,863.2741584376729,2136170
2022-10-18,866.2785034179688,870.0983110559694,857.6088200026331,858.3813842049944,2487826
2022-10-19,863.20068359375,872.607308525305,861.7701586429739,872.607308525305,2517099
2022-10-20,882.0574951171875,883.704710468669,856.5684924940678,858.3024368108574,3931399
2022-10-21,890.5537719726562,892.8946603339625,877.0290272675104,886.4790451004193,2071897
2022-10-24,894.3683471679688,900.6538945413921,892.9812130518679,897.3160733094013,398105
2022-10-25,889.9468383789062,899.2667882206728,885.0918159067152,898.1830731227928,3068136
2022-10-27,894.7586059570312,899.4401706726999,883.9647397187691,893.8482429114533,3313674
2022-10-28,892.981201171875,901.4341785616087,889.0798269919978,894.6717543172026,2423629
2022-10-31,902.64794921875,912.4880605822349,898.5298320807303,900.7839381899687,2418565
2022-11-01,919.03369140625,920.5941774741692,905.9857207508583,909.4536086771773,2275488
2022-11-02,906.1591796875,924.4956604268355,903.8183973937777,923.2818783431615,2799322
2022-11-03,906.1159057617188,909.6270792456223,895.6688496900407,896.4491457414263,2396164
2022-11-04,906.289306640625,909.4537761223293,895.9723169939929,906.1159545450083,1709158
2022-11-07,907.8497314453125,915.2622783869988,900.4804696037697,908.6733124949864,2213508
2022-11-09,913.3116455078125,920.2474217693565,909.6270143688673,919.7706506503035,2307691
2022-11-10,912.44482421875,921.071260868134,907.7632591340112,910.3207847203615,2321667
2022-11-11,945.563232421875,952.5422949951013,926.8799395482346,928.5272078620152,3923101
2022-11-14,952.80224609375,956.2267432261641,945.0428888790167,949.3343580278946,2170007
2022-11-15,957.0505981445312,958.9578945829468,944.0460156147067,948.0340664242068,2172420
2022-11-16,958.177490234375,964.4630377471425,953.105724786935,960.1715683296667,2213697
2022-11-17,947.2103271484375,954.1893884426704,944.219210166727,949.4210423106974,2460883
2022-11-18,956.4002685546875,958.8711178094954,939.7977321026158,951.9787321253121,2623894
2022-11-21,949.7679443359375,959.1745705416436,947.2537040563682,952.7156706695168,1733741
2022-11-22,956.616943359375,958.7843733987829,943.2655531503135,945.9531452328703,2529146
2022-11-23,956.616943359375,963.6393955207476,953.4524743355305,961.4285745479336,2217599
2022-11-24,979.3316040039062,984.013274228218,956.7036547232059,958.8710848426513,3295202
2022-11-25,978.1177368164062,986.2240094226443,971.5721619244639,984.1865406225072,1977441
2022-11-28,969.9685668945312,982.062787091076,968.4079745581389,975.3437523526466,2368293
2022-11-29,978.7681884765625,987.2645580707407,969.3182764937598,969.9685056209195,1785948
2022-11-30,971.7022705078125,979.5916946273658,968.4077345393403,977.0774546336943,6053488
2022-12-01,985.2271728515625,997.5815259943951,978.2913956485688,979.6785299228553,3919684
2022-12-02,984.4901733398438,988.6949666998732,974.3465366536606,985.227078430727,2944923
2022-12-05,980.4154052734375,990.0387746836667,977.2509358544795,982.4961595373795,2646466
2022-12-06,971.832275390625,975.3435545195149,959.7380576472026,972.395828388435,2807894
2022-12-07,958.7843017578125,968.0608593007101,955.4030899826736,965.806753394463,2399879
2022-12-08,954.839599609375,965.5900736722366,952.6288844884457,965.5900736722366,1752350
2022-12-09,890.8138427734375,931.9950179868082,884.918443010258,931.9950179868082,12415478
2022-12-12,891.5940551757812,900.9140044811116,877.7658407396013,888.6463291129023,4275785
2022-12-13,905.7256469726562,907.633048957726,893.9348484064571,894.8018204456122,2284909
2022-12-14,915.69580078125,916.6495546638929,905.9857565366333,905.9857565366333,2425507
2022-12-15,903.6882934570312,911.8812428131012,899.1366902030642,911.6644998010075,1906369
2022-12-16,892.6777954101562,907.2428623995445,886.3488570915412,892.9812144623529,5159215
2022-12-19,895.7990112304688,899.4836430211578,887.2159654223151,892.6779325270217,3328172
2022-12-20,892.7210693359375,895.8855384556222,876.9422205037829,890.3802871551013,2629849
2022-12-21,901.9544677734375,913.1384298320678,897.3161878720058,897.3161878720058,2878658
2022-12-22,900.8707885742188,914.3522485677687,896.1024414915771,906.8529178987553,2623451
2022-12-23,893.50146484375,905.2055887144427,890.4670623587557,892.5478166576352,2177675
2022-12-26,894.4552001953125,903.1683133696638,892.1144175256867,893.8483619718007,1680715
2022-12-27,898.486572265625,902.301270916475,893.2847393321647,900.7840696442157,554319
2022-12-28,897.7062377929688,900.1771929960079,889.9468796648026,892.9812820796363,1397806
2022-12-29,905.5088500976562,906.8526990110253,891.3338792669948,892.9811472097094,1277244
2022-12-30,901.044189453125,914.8723527844785,896.7093287434141,910.3207490392821,1860560
2023-01-02,901.1741333007812,903.8184406155411,894.2817472373436,900.8707142232411,701880
2023-01-03,902.8214111328125,906.6795006304336,896.0157010430163,900.7840477829646,2484372
2023-01-04,898.7032470703125,903.3849175212825,894.2817105788896,898.3564370681011,1219170
2023-01-05,905.2054443359375,910.1472482365134,895.6687523327532,903.2114722341976,2294943
2023-01-06,895.4087524414062,908.5000088919082,888.8630713003821,905.1187968179457,1887689
2023-01-09,925.4493408203125,928.5271341578468,901.6943895603246,905.9424682539711,4562242
2023-01-10,922.328125,929.9141298681253,915.7825500127136,919.8572760092617,2297082
2023-01-11,914.482177734375,935.983021476593,910.7975464531297,926.7931387414444,3594167
2023-01-12,929.0906372070312,931.5614864328417,919.8573635227966,919.8573635227966,4748542
2023-01-13,934.422607421875,939.7977923146673,902.517990590008,905.0322309424015,8253765
2023-01-16,948.2073364257812,954.0593980575077,935.0727938731499,942.398665731356,4508538
2023-01-17,963.2493286132812,965.763462867276,949.3343850207685,951.8486251063113,4390338
2023-01-18,966.8040161132812,976.0805758036423,965.8936530213916,970.0984467907318,6905092
2023-01-19,972.271484375,973.9773345447777,961.2050296833828,964.3543490371397,2298287
2023-01-20,969.1221923828125,981.0196807157828,968.4660797160402,971.9653472721592,4747128
2023-01-23,980.8448486328125,982.3321017139023,969.428550030536,971.9217573030429,1696834
2023-01-24,995.410400390625,1000.5280579599146,980.8446774709746,984.9563810243907,4861107
2023-01-25,982.2005004882812,992.7857617453766,976.95160001807,992.7857617453766,2692236
2023-01-27,975.9458618164062,992.3050044264544,966.6728226134273,982.200824967625,3864525
2023-01-30,992.6985473632812,997.2475528487894,967.372639035845,975.945781187638,3508427
2023-01-31,981.7194213867188,995.2790824931053,973.6711491231105,993.7919365712969,4582858
2023-02-01,990.380126953125,994.6667508431758,974.939588310875,994.6667508431758,2393911
2023-02-02,1005.6893920898438,1010.8508326711811,992.9170879115453,995.3666177163312,3048359
2023-02-03,1002.6715698242188,1011.8571487265414,996.066658469254,1009.5388622171649,1814055
2023-02-06,1002.2778930664062,1005.9084053324199,986.793673354448,993.0923136601813,2070175
2023-02-07,987.0122680664062,1008.6639885491393,984.9564694996197,1004.1586596969157,1931191
2023-02-08,1001.6651611328125,1005.1644280712677,990.9048725814017,991.9547167364296,2848255
2023-02-09,1002.8465576171875,1007.7892955722344,995.5418562163219,1000.7907587974272,1501083
2023-02-10,975.989501953125,988.5431031888837,962.2985960245771,984.86891490155,3185163
2023-02-13,973.6713256835938,980.8885659683104,966.6727896499291,980.8885659683104,2009185
2023-02-14,984.562744140625,999.3909562768785,978.0454002446504,980.6698512292066,3938046
2023-02-15,991.0800170898438,992.5671629987205,979.4449104292262,984.1689427120771,1648954
2023-02-16,986.9246215820312,1007.9202253628944,983.2941104037577,996.0664146792835,2369355
2023-02-17,970.6532592773438,981.2822005516181,968.9036252517268,981.2822005516181,1958807
2023-02-20,976.0330810546875,992.6546005954572,968.9470861872445,970.6530430557157,1706036
2023-02-21,966.8477783203125,981.5885313090828,965.0106838401347,980.6699306743976,1313278
2023-02-22,955.8248901367188,967.1538326688091,953.5941711932777,957.9244719810863,2212194
2023-02-23,957.3558349609375,972.7525907504606,955.7374450845323,966.497735465683,2139983
2023-02-24,957.7932739257812,966.2352784771922,946.5518979740352,959.6741516428066,1684570
2023-02-27,948.2577514648438,953.55043651161,941.3029997123783,953.55043651161,1834553
2023-02-28,942.7025756835938,959.5865828785638,934.3918159658009,947.8640162345816,20793703
2023-03-01,963.2609252929688,965.797915813721,942.4840226656355,942.4840226656355,1655100
2023-03-02,967.5037231445312,977.1704927581214,953.8129238742907,953.8129238742907,4074162
2023-03-03,978.9202270507812,988.2807262738413,971.9654745876762,975.4209590363013,3253621
2023-03-06,985.6563720703125,1004.2900187932167,982.682079397229,987.6684940919353,4091674
2023-03-08,980.3637084960938,983.2943241363497,968.6849227122759,972.7965199640755,3209393
2023-03-09,976.8643188476562,985.6561646740965,974.5898162512764,981.5007843731279,1834324
2023-03-10,976.5581665039062,978.1765564414295,966.672692632806,966.672692632806,1193681
2023-03-13,961.0738525390625,991.6924449169902,957.9245329665964,980.625989456847,3028387
2023-03-14,948.3453369140625,965.2730231737162,932.5548485913804,961.03018241554,3683544
2023-03-15,944.49609375,960.4615022816139,940.8655822329216,957.9682954577993,1528510
2023-03-16,938.1536865234375,951.4071842214989,935.7479399930334,948.25775787763,1812907
2023-03-17,969.6907348632812,977.2579222872961,948.3452882697846,951.9756929164422,5350523
2023-03-20,954.2939453125,969.5595635120462,950.2698091356737,966.6726251736887,2066169
2023-03-21,948.214111328125,964.3982248666897,942.265313365846,961.4238258855503,2421127
2023-03-22,946.0706787109375,967.3287717577967,943.9712036157366,955.2562560145385,1382329
2023-03-23,932.46728515625,945.1521292552059,928.1806613098045,942.1777306603764,2178855
2023-03-24,920.0887451171875,953.5504941076629,915.9771480876249,938.6786056674516,2688253
2023-03-27,919.8699951171875,932.1174320469456,914.0087644450448,921.444708295255,1459887
2023-03-28,910.7717895507812,930.6301958657801,909.2408600828243,924.506477993952,2965015
2023-03-29,933.8670654296875,936.0541077374853,911.6466942246261,915.0585015826258,2478745
2023-03-31,949.3950805664062,959.5867192369334,935.5292534773607,947.776690591325,3131614
2023-04-03,960.68017578125,961.6424529890636,951.8007631131237,953.5066133092854,1540702
2023-04-05,972.0966186523438,973.6713319857848,932.6861764311925,949.4826203050304,3342291
2023-04-06,955.1688842773438,970.2158001866584,949.5700343294402,970.2158001866584,2378264
2023-04-10,965.010498046875,966.6726715095675,954.8626433961022,955.1688079523205,711625
2023-04-11,950.9259033203125,970.9592302770739,949.1762696435502,965.797789572792,2318905
2023-04-12,957.4871826171875,960.0678499871435,944.88979677357,955.3001401717394,2715967
2023-04-13,937.67236328125,952.6754927200263,929.930255979236,952.6754927200263,3071057
2023-04-17,911.7341918945312,922.9318916846711,889.032734525637,922.9318916846711,9509446
2023-04-18,930.6739501953125,932.9047760359156,914.3585934335522,918.1641324309543,3686404
2023-04-19,908.6724243164062,939.5097252337846,906.7040859599778,939.5097252337846,4322881
2023-04-20,907.6224975585938,916.1081784345587,902.6797609128507,909.8095397213855,3057560
2023-04-21,917.6390991210938,939.5533040971264,907.8411930417067,922.0569669631018,7708194
2023-04-24,922.1007690429688,926.3436095253583,915.0584504894047,924.6814361064061,2033625
2023-04-25,921.5758666992188,926.2562227797324,913.6588374316036,918.9514158679077,1237595
2023-04-26,932.1611938476562,933.4296356415281,916.8081144820256,922.9318328039476,1647101
2023-04-27,937.147705078125,940.4282688065199,928.1808308871791,932.1612909266385,1654910
2023-04-28,946.8015747070312,950.9390153034717,937.5925028079844,943.1090178604404,2629188
2023-05-02,949.8713989257812,956.3222137140635,946.712680652734,946.8016356855936,1905168
2023-05-03,942.2193603515625,946.7127301952594,938.7048217631567,944.9331949881255,1649820
2023-05-04,949.2040405273438,950.2271862912555,932.7433412903633,939.6390396193686,1403672
2023-05-05,939.194091796875,952.0066564106673,936.1243288719182,949.2039757852707,1641673
2023-05-08,957.1673583984375,958.7244514750791,938.7046833468293,941.3739857639292,1389075
2023-05-09,960.0592041015625,963.2623456176146,948.536757562893,952.941063570689,2981949
2023-05-10,959.4363403320312,968.7788990979653,953.9197166541045,964.6414584930694,2091411
2023-05-11,968.156005859375,972.1599596541732,960.9934425727547,962.861932620821,2653108
2023-05-12,974.740234375,981.7694189016376,958.6798885738071,966.28744366157,1585037
2023-05-15,978.5219116210938,984.0384272588847,972.3380702877213,977.8100541001235,1523466
2023-05-16,970.4692993164062,983.4599907775992,968.1559257048887,978.9220899611663,1166324
2023-05-17,956.099609375,973.361010156658,945.5557787246247,970.2913560522356,3602382
2023-05-18,960.8599853515625,965.3977780694171,954.7205676207232,962.6839436346935,1515743
2023-05-19,974.6069946289062,982.3035066894889,963.1289699746367,968.6010628624623,1984436
2023-05-22,996.4061889648438,998.2302559243086,968.9123494001047,974.6068835562191,1864932
2023-05-23,985.283935546875,1006.6383537294488,982.3032363983949,996.5395151867774,2138096
2023-05-24,989.3768310546875,992.0906651089559,976.9646190938417,977.8989183228027,1302744
2023-05-25,992.9805297851562,994.9825066597231,981.458084108328,986.9300673407866,1124803
2023-05-26,1013.6231689453125,1014.6464233702686,991.2010697011656,992.0908372682222,1635167
2023-05-29,1002.0563354492188,1021.4087828306467,1000.454818765495,1019.6737792697243,1288914
2023-05-30,1010.6424560546875,1017.8940833538692,1003.7023342912514,1004.5475700231802,1983735
2023-05-31,1018.8727416992188,1026.2133235682538,1007.3057642086181,1009.708201625184,5967930
2023-06-01,1016.0254516601562,1027.8148701264574,1012.2439400766256,1021.4530112689743,1445692
2023-06-02,1011.710205078125,1024.211373602878,1006.8609069111471,1021.453116005494,1336554
2023-06-05,1012.8223876953125,1021.8979727406697,1010.7758790016551,1017.8940189946245,1435758
2023-06-06,1004.1915283203125,1007.4837330734097,990.9785033320567,1005.4372244805603,1943605
2023-06-07,1004.5921630859375,1008.8185592316274,993.158562410966,1008.8185592316274,2459039
2023-06-08,1002.545654296875,1006.5496085407942,995.0271614400885,1004.5921632450066,1385218
2023-06-09,987.4195556640625,1006.3271164280735,984.0383954699927,1004.6365363310387,1824218
2023-06-12,1014.023681640625,1015.1803143687276,988.9767016177035,990.2668212105668,1670970
2023-06-13,1006.5940551757812,1018.7392951297453,1004.8145201068693,1018.7392951297453,2014656
2023-06-14,1010.6424560546875,1012.911406766586,1001.9227991804929,1012.5554780215936,836964
2023-06-15,1017.5380859375,1020.563317144464,1011.2652902639353,1014.3349446771482,2109652
2023-06-16,1021.6311645507812,1027.014302238218,1007.6173241693631,1023.2327897543433,2909817
2023-06-19,1012.1551513671875,1026.7028295384314,1010.2865525628207,1021.6310891774743,1278608
2023-06-20,1039.826904296875,1041.6953944924057,1007.6617845506295,1008.1066683407181,3504867
2023-06-21,1041.4281005859375,1046.0993789456845,1033.598213456199,1045.476585276721,2019683
2023-06-22,1035.15576171875,1041.4285588219823,1031.1072752466036,1041.161693681078,972005
2023-06-23,1036.712646484375,1041.5174128098088,1024.1224143677011,1033.8209020476286,1699790
2023-06-26,1038.8035888671875,1046.3220810325804,1034.8441668135451,1038.581146985203,1190307
2023-06-27,1041.028076171875,1044.9874984859912,1032.3083103787696,1038.35877341246,1504039
2023-06-28,1041.250244140625,1044.5423398988162,1037.9136165691425,1044.0974562226186,1424076
2023-06-30,1056.999267578125,1062.3824044466705,1036.5791467172287,1041.3393811617173,3036648
2023-07-03,1051.34912109375,1063.2720257835315,1045.0317943788768,1058.823188855567,1749952
2023-07-04,1059.357177734375,1061.4926414853494,1048.6355443866337,1051.705198856398,1094468
2023-07-05,1063.09423828125,1070.0343595202635,1056.6878471980892,1062.3823808450559,1653610
2023-07-06,1050.504150390625,1065.9415967001262,1045.432409845479,1063.0943837940235,2334220
2023-07-07,1029.994873046875,1052.5504582542458,1026.613821594693,1048.2796392703003,2159585
2023-07-10,1000.5433959960938,1033.8207169721568,996.53944287739,1032.1301372658681,3960400
2023-07-11,992.0018310546875,1006.994392063251,989.4214835205082,1006.994392063251,4982603
2023-07-12,988.1312255859375,1000.5434373209011,980.9240227832524,996.2725103722125,3824027
2023-07-13,986.5743408203125,1000.4546934111835,967.2218958636944,978.7443426335612,12294227
2023-07-14,1024.0780029296875,1029.5500955376322,989.0212454514583,991.3790427626126,6605038
2023-07-17,1026.569091796875,1042.807346119989,1017.5824631819875,1024.9674671028959,3159479
2023-07-18,1038.5364990234375,1041.0278912687302,1020.0294016805062,1031.1959177388503,2431478
2023-07-19,1040.182861328125,1045.387980090816,1029.4611182498477,1036.5792590847645,2242397
2023-07-20,1037.26611328125,1043.548223063414,1030.26600427489,1041.0353353300281,1990001
2023-07-21,1001.0541381835938,1022.9967156809254,982.7014472136843,996.1631108741458,5259150
2023-07-24,998.7657470703125,1012.0478564966601,997.0605810520423,1005.1375794584045,2672505
2023-07-25,997.5542602539062,1004.2401765003431,991.7656787604527,1003.791454348198,2506726
2023-07-26,1000.6502685546875,1005.9002951386396,996.2527701279106,996.3424926363566,1969964
2023-07-27,1002.7594604492188,1007.5607659928627,995.2209057141292,1000.6504880572985,1769815
2023-07-28,990.3745727539062,1003.791319479857,984.9000755922405,999.7977366828633,2031899
2023-07-31,1002.1759643554688,1004.6888521115968,983.5989119377491,994.3682430903522,2526624
2023-08-01,1021.7404174804688,1024.881472782341,997.8684190965021,1005.1376965991436,2710536
2023-08-02,1014.9197387695312,1020.3941268626678,1006.4837407884626,1020.3941268626678,2701150
2023-08-03,1010.0735473632812,1019.0929062890906,1000.6952983628825,1010.5222695078229,1608187
2023-08-04,1026.9901123046875,1034.1696649535445,1010.5220353266276,1014.5156176670425,3315303
2023-08-07,1032.7789306640625,1037.2212360700573,1025.9134599491847,1036.144346744757,1655404
2023-08-08,1024.2979736328125,1038.2532755518077,1020.3941130525022,1036.4583870503961,1667697
2023-08-09,1026.8109130859375,1028.4711631231264,1009.6248329088282,1023.9390256082135,1559337
2023-08-10,1017.9710083007812,1027.394172478726,1012.9004266185806,1023.0863964625762,1676669
2023-08-11,1051.3111572265625,1065.2215448796676,1035.9200740127267,1041.0354630710847,7391806
2023-08-14,1050.9072265625,1056.2918921127775,1035.6506741700468,1050.5931429823274,1720940
2023-08-16,1056.4263916015625,1064.5931113675495,1050.0993665923093,1055.16994789496,2567226
2023-08-17,1056.0225830078125,1059.8367209903233,1044.5801690602802,1056.157221552749,2331256
2023-08-18,1053.3302001953125,1057.054615487752,1039.8237308895043,1052.7020330838955,3406088
2023-08-21,1058.31103515625,1066.9713932880536,1049.067316404965,1052.6570930771081,1661946
2023-08-22,1058.535400390625,1065.2662316775513,1055.528984326056,1060.7790108196004,1805887
2023-08-23,1061.227783203125,1072.4458358796908,1057.7726448890019,1070.6060314202157,2347850
2023-08-24,1051.131591796875,1067.0612274463047,1049.1123422075107,1067.0163114126872,2464221
2023-08-25,1035.6055908203125,1050.7276117718793,1032.0607303929544,1045.522392093732,2105159
2023-08-28,1028.8751220703125,1040.7662607576112,1022.458482042375,1036.5483157607587,2571967
2023-08-29,1038.8365478515625,1043.9968518541357,1030.5351892387275,1035.5608547048885,1794652
2023-08-30,1050.45849609375,1054.631633772345,1042.516136380405,1046.4199969631034,1497356
2023-08-31,1051.9393310546875,1066.2535234503957,1046.33030432419,1058.535524579492,4483967
2023-09-01,1064.1895751953125,1066.1639089840164,1050.9970772573984,1052.7022434665414,1669640
2023-09-04,1106.0999755859375,1108.3435860840834,1063.4713761211651,1064.3688203204235,4517935
2023-09-05,1108.8372802734375,1114.3564747368741,1099.5486447004748,1109.914169546474,2842400
2023-09-06,1109.1065673828125,1114.9848716393687,1097.305152383418,1112.696344748328,1767709
2023-09-07,1125.3951416015625,1128.0874744762073,1104.12575571239,1111.0360329367898,2582004
2023-09-08,1132.6195068359375,1139.3503383977738,1125.6643142220398,1129.8822581802726,2280777
2023-09-11,1150.11962890625,1152.5876003931103,1140.1131044219946,1145.6324080210495,2691836
2023-09-12,1150.88232421875,1159.2734045594175,1135.7154971704608,1153.2156569451142,2140769
2023-09-13,1144.4659423828125,1150.8826915920656,1136.254304418597,1150.5236919308102,2275523
2023-09-14,1151.95947265625,1158.3313052266856,1144.7799183118032,1149.4915008503465,2655172
2023-09-15,1170.8055419921875,1175.6517620053667,1158.645240260992,1161.2926565152247,4286280
2023-09-18,1171.16455078125,1176.8184924331204,1157.4336122274399,1168.4722184806035,2761885
2023-09-20,1160.75439453125,1170.267281504385,1150.0747862330286,1150.0747862330286,2220756
2023-09-21,1146.9337158203125,1153.215825374884,1130.1515526879048,1152.3183811528022,3112700
2023-09-22,1143.07470703125,1151.9594270913356,1135.3567083265104,1141.9529017093023,1321467
2023-09-25,1133.8758544921875,1148.7286001347609,1127.7283835032881,1139.7541579462081,1246703
2023-09-26,1132.0810546875,1138.8118868558859,1128.1771939400974,1134.369581445273,903152
2023-09-27,1131.766845703125,1137.6451489660874,1124.7668467543476,1129.4335127201991,1670373
2023-09-28,1114.5360107421875,1136.1643947670673,1111.5295944830395,1131.766896131406,1807072
2023-09-29,1108.164306640625,1121.536139566486,1101.3885581033114,1108.4334742098438,2338327
2023-10-03,1111.664306640625,1127.8183054363792,1097.3051965999546,1106.1001953203915,2162636
2023-10-04,1112.4271240234375,1117.1387065905508,1099.3692656597725,1107.4462643462525,2253785
2023-10-05,1108.7474365234375,1125.35015487413,1101.882075765406,1120.9078497305452,2995200
2023-10-06,1110.7664794921875,1127.1897497622604,1103.9459264834995,1123.599973489132,2497711
2023-10-09,1121.4462890625,1136.7477570204114,1104.8884868223217,1109.241069432083,3430211
2023-10-10,1132.395263671875,1135.0426805412887,1120.1899335280732,1126.786236786417,1532394
2023-10-11,1117.8564453125,1143.7476879168344,1113.7282240072598,1136.1643284393158,2186131
2023-10-12,1098.247314453125,1120.5039739209858,1090.5293164211591,1117.3180032638536,3921609
2023-10-13,1127.1002197265625,1136.613106564494,1084.606257747498,1086.8049522697215,5740821
2023-10-16,1140.337646484375,1148.1005617583214,1131.0491196878,1133.4721755299297,2527113
2023-10-17,1146.1708984375,1147.8311483211378,1140.6515946178,1147.741425810105,1687345
2023-10-18,1139.2606201171875,1150.0748677271063,1137.4209250373267,1146.933812684543,1743126
2023-10-19,1137.3759765625,1144.017086087625,1135.1772819159376,1136.8824479435282,2279726
2023-10-20,1140.3204345703125,1142.8119976212402,1128.4062109525398,1134.3407053677865,1625449
2023-10-23,1120.433349609375,1142.0419757415057,1116.4921717334596,1130.716688397778,1646367
2023-10-25,1113.5023193359375,1135.1562921734023,1110.1500783177826,1115.4955257902163,1420065
2023-10-26,1116.0390625,1121.8375206333678,1098.1451100640145,1100.8178334036606,4617424
2023-10-27,1149.4713134765625,1150.6491875930296,1117.5340033484883,1120.750429175258,2675348
2023-10-30,1145.892333984375,1154.997907345369,1137.9646345003953,1150.6489536747629,1158770
2023-10-31,1156.0850830078125,1159.57324863857,1138.5987988765291,1152.460991838509,2525870
2023-11-01,1140.6375732421875,1165.1001934193216,1137.3306778822325,1159.7094009900597,1572719
2023-11-02,1153.7294921875,1155.1791065937234,1146.118878306714,1147.024901135415,1368604
2023-11-03,1147.2515869140625,1166.3234146911088,1144.3070122586068,1162.0650403687303,2052536
2023-11-06,1150.3770751953125,1159.2561426452755,1146.2547379209238,1156.311568621362,1175823
2023-11-07,1154.2281494140625,1157.625736231599,1148.0219129470684,1149.7433790543262,1385282
2023-11-08,1148.5198974609375,1160.4341201570867,1146.9343574602692,1159.7092576316695,937671
2023-11-09,1148.3841552734375,1155.9041904310034,1143.2198684003697,1148.520080843468,1483749
2023-11-10,1137.466552734375,1151.555254891612,1133.1177086108078,1143.6728988811692,1469902
2023-11-13,1142.494873046875,1144.850510459231,1135.5185409798025,1141.5888501499307,730991
2023-11-15,1156.674072265625,1162.427295137449,1149.199383890813,1155.1791124709646,2410620
2023-11-16,1187.8414306640625,1194.0929005288235,1157.8973279819354,1163.1523053217247,3936945
2023-11-17,1186.1199951171875,1201.1599543225886,1183.6284319458603,1189.9705927456023,2882039
2023-11-20,1200.8427734375,1206.5506513467744,1190.5140902607436,1191.374767776099,2831858
2023-11-21,1201.929931640625,1210.4465688404894,1197.5810881715533,1210.0841375684427,1514256
2023-11-22,1204.7388916015625,1210.2203756859283,1196.3129429923981,1201.9302420651743,1535630
2023-11-23,1204.1046142578125,1209.7672582300559,1201.1146940010622,1208.5893840444232,1307344
2023-11-24,1186.1199951171875,1207.4115349448932,1182.9489147173165,1204.0139488021741,1795933
2023-11-28,1192.9150390625,1195.8596134027302,1173.5714728240714,1186.1198675081225,2152951
2023-11-29,1208.589111328125,1212.9834105378309,1197.3091713201236,1199.5742283979143,1835524
2023-11-30,1214.885986328125,1220.231542931251,1204.738464678457,1211.352475312602,4104385
2023-12-01,1211.0806884765625,1222.2248136708527,1203.198333991766,1219.506745145269,1854324
2023-12-04,1212.2135009765625,1223.1311230177203,1205.9166849900635,1223.1311230177203,1547057
2023-12-05,1193.73046875,1220.4127978564618,1185.3497572576673,1220.4127978564618,3932040
2023-12-06,1204.6029052734375,1214.0254558490126,1195.5426754134546,1200.4804564477415,2077245
2023-12-07,1203.1983642578125,1211.3525700396801,1200.797381546786,1205.9164328517684,1985003
2023-12-08,1235.90576171875,1241.205973332249,1204.1043814392629,1207.7284728807656,4509751
2023-12-11,1246.053466796875,1253.0297996051643,1237.672754109711,1241.342080873093,2824656
2023-12-12,1246.053466796875,1256.653891577992,1241.2515006934743,1247.5936616459228,2730422
2023-12-13,1240.526611328125,1252.8486122490274,1229.5185206766757,1249.7227666307147,1896931
2023-12-14,1281.66015625,1285.8731854596358,1252.1238275886678,1260.2780348595056,5145574
2023-12-15,1351.152099609375,1356.316386299771,1288.3646635392613,1288.3646635392613,7374290
2023-12-18,1362.9302978515625,1368.0040039910052,1341.8199199625165,1349.8382005380686,3075527
2023-12-19,1348.4342041015625,1363.2476594485963,1338.8302709042487,1360.3936646059426,2590417
2023-12-20,1304.6275634765625,1361.797694003259,1300.142794591758,1345.4439372604604,4368383
2023-12-21,1288.409912109375,1311.0604846607966,1286.6431010912647,1287.594469377824,2841508
2023-12-22,1325.2396240234375,1329.4526525404992,1289.2705598810526,1296.5187429302784,2303438
2023-12-26,1321.117431640625,1329.452798825007,1306.6210639470853,1325.2397698443704,1363265
2023-12-27,1333.7110595703125,1337.289805800365,1320.5737274672601,1327.7312199273654,1402329
2023-12-28,1334.0733642578125,1343.3600989089698,1330.4492726866292,1332.3972440258399,1928616
2023-12-29,1328.3201904296875,1342.5900515221456,1320.5737607671683,1335.4324482830536,1481617
2024-01-01,1344.3114013671875,1355.1836755484217,1318.308589856466,1322.7933587168282,1222315
2024-01-02,1331.446044921875,1348.8869863754749,1324.0165905150063,1344.5833774453656,1440888
2024-01-03,1302.6343994140625,1327.3235229640768,1300.5958479282815,1322.7934085512302,1651716
2024-01-04,1286.507080078125,1309.0218360024546,1283.9702824996941,1301.9548136513806,3392241
2024-01-05,1298.1497802734375,1303.6311529867817,1288.2741075934543,1291.0827567340161,1776925
2024-01-08,1311.8306884765625,1316.0889522224327,1296.1112119697764,1300.1429699717492,2025264
2024-01-09,1323.15576171875,1341.7744644973993,1315.8622337052013,1323.3369220451714,3119270
2024-01-10,1351.876953125,1366.2827415515128,1328.2751193399336,1336.293401107983,4368914
2024-01-11,1345.2628173828125,1359.0343209288262,1335.4777260327264,1359.0343209288262,2271368
2024-01-12,1396.000244140625,1408.8657261464175,1357.6754280581392,1363.5645773957287,5862043
2024-01-15,1438.9456787109375,1467.3948229189414,1427.439230895519,1458.6970242727932,9712071
2024-01-16,1409.2733154296875,1437.8583829726722,1393.4632596168683,1437.8583829726722,4459799
2024-01-17,1427.8016357421875,1436.046422737255,1374.029194019961,1377.1549290603327,3846289
2024-01-18,1420.236328125,1435.3215218551811,1392.6026279824139,1428.798200815022,3205598
2024-01-19,1431.5574951171875,1451.6894595615947,1422.5187631152307,1433.429214787235,2374099
2024-01-23,1391.1112060546875,1431.5120001225982,1385.0853471959144,1423.2948894647182,3196630
2024-01-24,1439.2725830078125,1443.6549750884856,1391.1567688963678,1397.0000697889598,2136023
2024-01-25,1415.3974609375,1433.4294556825512,1403.0717936434144,1433.4294556825512,2641656
2024-01-29,1437.58349609375,1450.4112514536953,1415.3972536331917,1428.864184445054,2521598
2024-01-30,1423.6602783203125,1453.9265501853474,1419.7342804239872,1442.5595903986493,1939386
2024-01-31,1438.907470703125,1443.7464807626936,1411.83663210165,1423.6602089635385,7025931
2024-02-01,1440.1856689453125,1458.080688289585,1430.0968381369557,1438.9074293953574,2845408
2024-02-02,1445.9832763671875,1473.5106203828445,1437.9944184867059,1446.9419838935255,2337374
2024-02-05,1420.0537109375,1450.320092090156,1416.492940545711,1447.0788537248234,1452864
2024-02-06,1482.5037841796875,1485.4710742788925,1422.518918139518,1429.7773216476617,4988311
2024-02-07,1474.834228515625,1488.118600548075,1459.860806210915,1486.383855085341,3320199
2024-02-08,1491.679443359375,1504.3702243430985,1476.6147413886022,1484.5579033016065,3496692
2024-02-09,1488.7578125,1503.502983221508,1474.195311106861,1497.34015028588,3341297
2024-02-12,1521.9459228515625,1538.4258406810834,1496.427271736674,1496.427271736674,4885445
2024-02-13,1520.71337890625,1529.2957174617495,1505.1921686394742,1529.2957174617495,3129897
2024-02-14,1526.1002197265625,1531.0305089546985,1484.0559543152428,1506.2422001160014,1386643
2024-02-15,1517.9288330078125,1548.9255598728598,1506.5617615859949,1532.0348302190737,2555162
2024-02-16,1522.4022216796875,1531.1215331905782,1506.5158977954127,1529.295508702575,1776881
2024-02-19,1529.5238037109375,1536.553953601876,1515.2808346042364,1524.730489298472,762624
2024-02-20,1518.385009765625,1527.2411836764534,1501.90509469303,1516.5132901429317,2240414
2024-02-21,1493.962158203125,1519.9830102707408,1490.081855701814,1511.5376460031814,2890991
2024-02-22,1539.703857421875,1544.2689186028863,1496.4270551355487,1500.9921163165602,3820901
2024-02-23,1520.850341796875,1549.7015101418522,1518.7503687838757,1549.381978105536,2191549
2024-02-26,1506.2877197265625,1523.6805369696979,1496.883648564479,1520.8502211627208,1844253
2024-02-27,1514.5048828125,1527.834840410142,1504.6443051639978,1505.5573174850924,2049420
2024-02-28,1508.205078125,1526.556603520523,1501.1748163693462,1519.8915689842809,936575
2024-02-29,1519.1153564453125,1531.8062485643156,1494.2814686993895,1499.3030358977824,3532888
2024-03-01,1501.08349609375,1533.1302054470343,1496.5184346060544,1529.7064093312626,2371138
2024-03-04,1495.4683837890625,1510.1222751143493,1492.7750422079573,1505.5572138231935,1788071
2024-03-05,1478.486572265625,1488.1644811836657,1467.2565868854133,1482.7321021143603,3339546
2024-03-06,1501.1746826171875,1506.4701981975882,1464.3346609697844,1472.688745268309,2366177
2024-03-07,1495.1947021484375,1510.6246332041444,1488.3014143027553,1506.470382417403,3181239
2024-03-11,1496.107666015625,1515.4178989456927,1490.081806971582,1511.035395212734,2970902
2024-03-12,1493.322998046875,1520.1655837988899,1490.9948833931605,1493.5969463363492,2414182
2024-03-13,1489.57958984375,1507.6115830398358,1470.2693571181082,1496.1989291182626,2564135
2024-03-14,1533.176025390625,1536.5998217849765,1469.9499186415997,1491.8622155654496,3513306
2024-03-15,1504.00537109375,1531.1217947929415,1499.9423990427433,1531.1217947929415,3931561
2024-03-18,1500.4444580078125,1518.6134253333096,1492.0903730505538,1506.3790380444218,1183544
2024-03-19,1460.043701171875,1498.7554465554692,1455.432944288814,1498.7554465554692,1915379
2024-03-20,1449.0416259765625,1478.2580160871673,1440.8245162579549,1465.1563134372796,1815178
2024-03-21,1456.9849853515625,1479.0341419099852,1445.6179160287388,1468.1236901614145,2684744
2024-03-22,1422.336181640625,1434.753126563728,1377.0050988982703,1424.2991803654422,7468824
2024-03-26,1426.353515625,1454.0178338644657,1420.2363775814604,1426.353515625,4496344
2024-03-27,1411.6993408203125,1439.6831854897325,1406.0387100747091,1432.5160624072848,2589697
2024-03-28,1409.2801513671875,1425.2578662897774,1397.8218026563093,1414.2560237195448,5301493
2024-04-01,1421.2861328125,1432.5162281299506,1413.3429707744826,1414.255983029505,1014857
2024-04-02,1395.3568115234375,1428.86432000616,1392.4351051482502,1423.3862459358488,2031775
2024-04-03,1402.25,1422.884056886507,1385.9527517900428,1392.6633702939425,3343884
2024-04-04,1405.7196044921875,1417.4517918802096,1386.5919272895078,1406.7695910728116,3388449
2024-04-05,1410.832275390625,1413.069110974778,1391.24820587512,1408.2757963358517,2773570
2024-04-08,1406.084716796875,1418.821194522233,1403.8934648624845,1418.821194522233,1820136
2024-04-09,1406.495361328125,1425.9425666983427,1401.0629830591402,1406.0388552063048,2432095
2024-04-10,1405.262939453125,1417.1320996539607,1402.5694862288387,1406.9976851574331,1829986
2024-04-12,1389.1483154296875,1408.7323861076102,1384.3093053072525,1403.3000071083993,4319991
2024-04-15,1374.1292724609375,1397.36539202733,1364.0404414824116,1376.000880894494,3295684
2024-04-16,1348.79296875,1370.9790983572364,1339.662846742491,1357.055662295785,2446933
2024-04-18,1339.2520751953125,1352.0799426410924,1325.7851437177155,1348.564867562703,5180223
2024-04-19,1321.585205078125,1328.889302930025,1310.1725521845315,1316.563637804944,5219506
2024-04-22,1338.384765625,1345.1410789997767,1324.3243537805613,1325.8764301246854,1939632
2024-04-23,1357.3297119140625,1370.8422266233993,1343.1323265513258,1346.6018177539854,2783858
2024-04-24,1350.573486328125,1366.7337599546497,1347.8801445409376,1360.3883688550995,1321471
2024-04-25,1373.307373046875,1383.2592286804606,1351.2124101293848,1351.2124101293848,4558032
2024-04-26,1345.643310546875,1398.2328027739018,1337.5174778536757,1384.9028439539384,4328477
2024-04-29,1266.7132568359375,1311.085631258094,1260.8699559661754,1291.9123734193615,11493223
2024-04-30,1247.72265625,1276.2999874092795,1243.9336327040305,1256.6702218680698,7606726
2024-05-02,1242.3358154296875,1258.0396941565004,1239.8707267539344,1239.8707267539344,6555505
2024-05-03,1230.7862548828125,1250.8268299498716,1217.5475767556059,1250.8268299498716,5964228
2024-05-06,1240.6011962890625,1246.261828143908,1231.1971247267838,1239.870741845734,2504082
2024-05-07,1231.487060546875,1248.0957113185734,1227.0458359248566,1247.216637764158,5096525
2024-05-08,1215.4801025390625,1234.3093111959843,1209.6046647642574,1231.4871945032128,6832455
2024-05-09,1221.40185546875,1238.9356645413059,1216.2665653768083,1216.729200053635,5653762
2024-05-10,1217.83935546875,1224.0387272827318,1206.1809853762438,1221.4479281742158,3357203
2024-05-13,1214.7861328125,1223.1135568295663,1204.3768527911673,1217.8394538500074,2316566
2024-05-14,1222.3270263671875,1227.7860247556966,1210.8998604116662,1223.2059870031921,3200462
2024-05-15,1233.29150390625,1240.1385194898637,1219.7362857271335,1220.661555050651,2975965
2024-05-16,1247.4019775390625,1256.3308499341313,1229.2204110450475,1244.4873563083092,5055915
2024-05-17,1233.569091796875,1250.0389319341698,1230.793283657865,1250.0389319341698,2487831
2024-05-21,1241.618896484375,1248.9747422415417,1215.8038604201188,1215.8038604201188,4966721
2024-05-22,1242.682861328125,1251.796740483876,1239.860745050156,1248.1418593248752,2390777
2024-05-23,1252.3983154296875,1256.9320446747904,1238.0103325294217,1246.0139346230249,3326149
2024-05-24,1244.672119140625,1258.3661488811401,1240.6472205922403,1258.3661488811401,1769966
2024-05-27,1252.1669921875,1257.9961210242002,1238.0103266808187,1250.0388276126953,1942325
2024-05-28,1256.8858642578125,1261.4197065059454,1245.0423718073323,1256.3769209537074,2147233
2024-05-29,1251.9818115234375,1264.4729465175442,1246.2913829920963,1263.917807551832,3845920
2024-05-30,1232.3199462890625,1250.5478200321413,1226.0743782521733,1245.4125300226433,4150461
2024-05-31,1225.14892578125,1240.693493528668,1217.4229505467258,1232.3197620850594,10319045
2024-06-03,1216.2200927734375,1253.5084878780353,1211.9638769099909,1249.6224022957372,5384064
2024-06-04,1206.1348876953125,1225.9818697663252,1142.7076295557822,1225.9818697663252,5447244
2024-06-05,1243.2843017578125,1255.4979241738529,1217.7468919030541,1221.3554647293367,3005139
2024-06-06,1293.06396484375,1295.1921296072774,1249.9464341154678,1252.8147466178443,5936709
2024-06-07,1324.52294921875,1331.1386470349569,1293.52642892617,1301.8538522883557,5884025
2024-06-10,1312.7259521484375,1334.2384655492842,1293.0639775347604,1332.3879267621146,3293739
2024-06-11,1322.0250244140625,1330.4911494532544,1309.6263912969375,1318.5089553539465,2269082
2024-06-12,1331.231201171875,1361.9964052997393,1327.298806659291,1361.9964052997393,5990861
2024-06-13,1336.227783203125,1348.7651153971972,1329.704588965808,1339.5587303453615,4232861
2024-06-14,1324.1065673828125,1337.9392970940776,1317.9535044573565,1336.2275716202944,3065114
2024-06-18,1329.797119140625,1332.1566012589924,1320.4057252115674,1324.1068027632507,2223029
2024-06-19,1337.8006591796875,1343.3985838931799,1323.4127886412057,1332.4341647502422,3117522
2024-06-20,1335.579833984375,1340.6688147841253,1322.7186819578756,1340.6688147841253,3163919
2024-06-21,1339.6513671875,1371.203033233752,1331.6477637562712,1352.7439526567673,6489262
2024-06-24,1333.17431640625,1336.0426287931643,1319.989228207832,1330.3985083644777,1988692
2024-06-25,1339.7437744140625,1341.7331262015655,1319.850482434882,1333.266888653399,2079037
2024-06-26,1335.8111572265625,1344.6938322929943,1330.7221764042092,1339.743551498381,1917424
2024-06-27,1346.1741943359375,1351.4019879547068,1317.1207185929889,1327.7613144931079,6613193
2024-06-28,1350.5230712890625,1358.9429994766074,1334.2383539140906,1358.2953561344557,4943575
2024-07-01,1359.0816650390625,1368.1030398931177,1346.2667089898052,1355.5194011478109,3723295
2024-07-02,1370.138916015625,1380.9182137213384,1362.921769815033,1364.772308538475,3811366
2024-07-03,1370.3238525390625,1377.7260070429872,1361.256168092589,1377.7260070429872,2070876
2024-07-04,1408.5838623046875,1419.8722168640695,1374.0250724655925,1374.0250724655925,6822557
2024-07-05,1405.8543701171875,1414.968251254828,1393.0394113238208,1409.1853174177559,3061687
2024-07-08,1418.8079833984375,1424.9147382585343,1393.6405903825255,1413.8115065318443,2939620
2024-07-09,1416.6798095703125,1430.7439707678568,1411.035689402286,1418.8079741498877,2658608
2024-07-10,1397.1104736328125,1418.067847956621,1376.662042653905,1416.679943868262,3507096
2024-07-11,1398.91455078125,1419.3629778728891,1395.3522868879031,1401.7828627623383,3304053
2024-07-12,1443.6051025390625,1448.9717096056554,1397.6192639587118,1415.6620151319623,6430647
2024-07-15,1452.302490234375,1514.1105169735754,1450.2669432064672,1461.9253123482724,10337489
2024-07-16,1452.2564697265625,1464.701296587258,1438.7937562812292,1448.046449247668,3540650
2024-07-18,1475.3883056640625,1479.7370264842543,1440.6443959580952,1441.6159739669074,4399468
2024-07-19,1475.3883056640625,1495.6516143240196,1469.8828851939934,1490.1463068018704,5633838
2024-07-22,1459.2421875,1475.341895877141,1453.5055630307245,1469.8827844285588,2704495
2024-07-23,1490.2431640625,1492.527522905302,1446.188989083619,1467.540135804418,2907674
2024-07-24,1476.5841064453125,1489.9169507163356,1470.197438899955,1486.1874965218014,2484299
2024-07-25,1480.220458984375,1486.1876089096568,1457.1444594106524,1463.8108820502894,2934731
2024-07-26,1524.74072265625,1529.0762359661312,1486.1875122743982,1494.3923571149028,2814159
2024-07-29,1521.943603515625,1533.7380250730414,1510.4289365460954,1529.2626345503043,1639491
2024-07-30,1519.985595703125,1522.549595327835,1508.5641428294164,1518.8201413282568,1783877
2024-07-31,1531.500244140625,1533.7379392768185,1509.6829157370678,1511.3612155426886,1984986
2024-08-01,1529.589111328125,1543.5279012746564,1525.4400251233337,1529.1229295397607,1785188
2024-08-02,1500.45263671875,1528.1437873396105,1492.8538513770686,1510.4755444148457,1692851
2024-08-05,1456.7249755859375,1487.7726165455438,1433.0429163397253,1468.4727347007595,3279717
2024-08-06,1475.6983642578125,1496.443452619674,1457.2841847006544,1457.2841847006544,2138704
2024-08-07,1486.7469482421875,1505.7671881180404,1482.45809851869,1496.4435522783,1897787
2024-08-08,1452.4825439453125,1493.6464177336507,1449.4058124967544,1488.984599950462,2373805
2024-08-09,1482.411376953125,1493.6464032270571,1469.2650736949945,1477.7030093261794,2021762
2024-08-12,1478.0291748046875,1492.2477175681452,1467.4002085990605,1482.457901239207,1273739
2024-08-13,1484.9288330078125,1499.6135589434286,1470.943379735797,1471.2696842160287,1973825
2024-08-14,1516.1630859375,1519.5195721237246,1490.1501188199065,1491.8749687114746,3932148
2024-08-16,1555.4156494140625,1560.7767403681346,1522.2700763376652,1524.4145582448627,3101056
2024-08-19,1564.972412109375,1571.0327759334505,1546.8379843459797,1552.3855026286024,1631947
2024-08-20,1572.6641845703125,1580.4028473965625,1556.3011590896826,1566.3707307414406,2786109
2024-08-21,1563.8067626953125,1574.6221571018648,1560.5434902735308,1571.9649437497671,1410370
2024-08-22,1562.78125,1572.89737216191,1559.8442819364998,1572.89737216191,1749127
2024-08-23,1549.0753173828125,1571.9182235137555,1545.0662225542965,1562.6879157609478,2158185
2024-08-26,1603.15234375,1616.7182779399357,1554.3431382254935,1557.9793785684153,2672708
2024-08-27,1595.8333740234375,1638.0228231964782,1589.7730111588019,1609.119554149754,3556487
2024-08-28,1603.15234375,1620.214640997764,1578.5380388740082,1596.7191267747166,2516461
2024-08-29,1633.3612060546875,1637.2305378905044,1582.4541745072088,1598.0712653441483,5112407
2024-08-30,1634.6663818359375,1646.833771598181,1624.3637191597752,1633.361050112899,4792561
2024-09-02,1684.45458984375,1689.442711953458,1640.959808519915,1644.8756898101383,4445349
2024-09-03,1669.350341796875,1694.2445179025374,1666.1803966465511,1683.8486411261572,2553290
2024-09-04,1664.5020751953125,1674.198679155144,1645.6217127683667,1645.714926363248,2644961
2024-09-05,1669.44384765625,1676.1101569766338,1647.7663919026893,1670.795729478751,2878565
2024-09-06,1637.3236083984375,1674.2918459414382,1622.359241700087,1667.0660284244977,3351716
2024-09-09,1628.606201171875,1646.8339560049635,1623.3849875089759,1639.4215967194348,1418238
2024-09-10,1658.7681884765625,1668.2783662329864,1628.9792146389168,1631.1235827992439,2307528
2024-09-11,1658.4415283203125,1675.3172844261749,1653.7330472540536,1657.9286828843792,2303930
2024-09-12,1685.3404541015625,1691.4940312211115,1656.9033637362368,1678.254513363478,3349489
2024-09-13,1690.188720703125,1696.901692863614,1674.1986627575893,1682.9162393510019,1599349
2024-09-16,1689.302734375,1700.8640641932807,1685.8995849386251,1695.9691559641371,836199
2024-09-17,1691.0743408203125,1704.3605210307546,1684.967314215564,1689.3960409523781,830317
2024-09-18,1637.696533203125,1685.806468375602,1622.4057486159593,1685.806468375602,2629136
2024-09-19,1619.04931640625,1655.8776769003744,1605.063863054051,1655.8776769003744,4167373
2024-09-20,1641.0067138671875,1646.6474457512525,1604.9708354574589,1629.7716861800222,4644317
2024-09-23,1634.2469482421875,1644.689374938453,1615.3199218145521,1644.689374938453,1541597
2024-09-24,1655.5047607421875,1662.8704558352754,1620.7742171594211,1631.6362757004383,1907389
2024-09-25,1661.8448486328125,1663.3832712848932,1636.298064071983,1658.4883625462164,2240579
2024-09-26,1663.1966552734375,1686.0862253923178,1658.581501339248,1661.7048963926627,4303250
2024-09-27,1686.0863037109375,1704.8734524199185,1675.0378181629285,1687.5780626610047,4099016
2024-09-30,1674.6180419921875,1697.5541610884195,1668.1381612608325,1685.7131902883928,2117894
2024-10-01,1693.638427734375,1699.1859454595779,1668.9307930880989,1668.9307930880989,1642542
2024-10-03,1658.2550048828125,1686.9251800256172,1650.2832521224261,1657.7421594766518,3552386
2024-10-04,1656.43701171875,1685.6200355057515,1647.719435544009,1657.742343413353,2982759
2024-10-07,1656.76318359375,1682.1700875547513,1648.3253626766918,1664.2220911786312,3419048
2024-10-08,1668.41796875,1672.6602685799348,1625.1097258276625,1654.012996912377,2353030
2024-10-09,1687.29833984375,1701.5635482671169,1669.0706999849085,1671.774577153157,2499596
2024-10-10,1686.3193359375,1715.5022463915145,1675.4572779559167,1696.9016393320915,3753869
2024-10-11,1715.2225341796875,1727.4831369577605,1678.8603577084787,1681.9837526682247,2977110
2024-10-14,1730.3734130859375,1739.3240797714584,1708.4628712072833,1721.1896555293672,1751092
2024-10-15,1743.6131591796875,1755.4075815743472,1706.178737585296,1706.2254012912258,5696544
2024-10-16,1739.091064453125,1757.5052440660183,1728.648638502009,1742.587427670763,2144442
2024-10-17,1741.4686279296875,1750.0929904884401,1726.2243933287673,1743.426568558623,2399099
2024-10-18,1732.0518798828125,1747.1562390639976,1718.3461799685879,1740.7229072172292,2366406
2024-10-21,1718.9056396484375,1760.7687912039453,1715.5491531984428,1748.4616362826566,1284980
2024-10-22,1710.5999755859375,1738.050283793804,1707.549941340619,1717.2162495419218,2089660
2024-10-23,1732.1849365234375,1750.250525052803,1683.1497676580173,1683.1497676580173,2522186
2024-10-24,1731.38720703125,1748.3265597673167,1724.6301391488478,1731.4810313297037,1621637
2024-10-25,1738.378662109375,1756.3973940310239,1726.9762039001303,1745.5579961344235,4078295
2024-10-28,1756.5850830078125,1761.324412747332,1731.5747796299381,1731.5747796299381,2418907
2024-10-29,1756.5850830078125,1760.479764979155,1737.299436299349,1756.5850830078125,1719955
2024-10-30,1725.66259765625,1754.4266767795532,1722.3779452027948,1746.4966331086173,1732047
2024-10-31,1657.388671875,1730.4487007951857,1648.4731870656876,1726.7886367510255,3616088
2024-11-01,1649.27099609375,1671.7005036187588,1643.2647513607533,1667.6650275088857,242223
2024-11-04,1654.4791259765625,1672.450887247464,1637.6335998137665,1654.526095399238,2843690
2024-11-05,1664.4271240234375,1673.6240812335957,1653.1184901742884,1660.15703043901,1818350
2024-11-06,1725.2872314453125,1738.9889019867169,1673.295851183117,1680.8974527213302,3477029
2024-11-07,1719.2337646484375,1747.951099998408,1702.5758863570634,1736.220199793215,2173869
2024-11-08,1724.4423828125,1740.0679652747976,1715.5738678104374,1725.8031214540183,1521324
2024-11-11,1752.408935546875,1758.6966525684056,1721.1577699095283,1733.0763193298906,1679869
2024-11-12,1757.617431640625,1776.4806977462522,1749.7342431691384,1774.6507229937558,2711052
2024-11-13,1750.0157470703125,1763.9520340358577,1744.7133571006432,1751.1888371273378,1254074
2024-11-14,1744.57275390625,1780.2816649656913,1732.7480277519749,1756.8198612629278,2462563
2024-11-18,1722.09619140625,1750.2973219994303,1703.3267506279803,1744.572550914398,2483933
2024-11-19,1708.535400390625,1750.2504387504152,1705.4853661139823,1723.973220367031,2354204
2024-11-21,1723.363037109375,1726.3662162500336,1708.2066913726487,1722.096122819215,1841245
2024-11-22,1781.59521484375,1784.973691031581,1723.5037768556774,1732.7477028694534,2765950
2024-11-25,1775.3074951171875,1801.819329991419,1762.9197101325267,1800.9278273858497,6531524
2024-11-26,1782.6748046875,1797.127184039014,1772.914671490419,1773.806174202248,2079873
2024-11-27,1774.6976318359375,1799.0509359272405,1770.9905984695636,1780.0468767449104,1631975
2024-11-28,1727.6331787109375,1783.5660886501398,1722.096170835573,1769.1135965115943,3631255
2024-11-29,1734.3433837890625,1757.1013318671214,1721.1108357331243,1728.6655818467866,2482280
2024-12-02,1756.350341796875,1762.9666151973356,1722.5183804925355,1734.3432192984285,2014744
2024-12-03,1774.4161376953125,1779.6247037170615,1756.8667551045473,1768.081450968118,2954648
2024-12-04,1780.891357421875,1793.4199353139604,1762.074948592792,1766.204248174188,3730643
2024-12-05,1805.6202392578125,1818.8526723612479,1768.0813569447603,1769.0198290025864,3881814
2024-12-06,1804.4002685546875,1820.0258519983574,1797.4556666326857,1807.497272321751,2250408
2024-12-09,1792.3876953125,1807.5440410210365,1784.0352716024472,1797.1738795995193,1379520
2024-12-10,1817.21044921875,1823.2636630704365,1794.5463248262354,1798.5348312979763,2695207
2024-12-11,1812.095703125,1815.7557670296292,1798.1124466768194,1807.7317851833106,1387117
2024-12-12,1817.0694580078125,1829.0819455468798,1803.2739652992966,1806.5116479065284,2306173
2024-12-13,1847.663818359375,1853.482299247105,1794.6870023869205,1819.6973054380437,2569918
2024-12-16,1834.1497802734375,1858.1746416167696,1830.255098390457,1849.587599527686,1371189
2024-12-17,1830.583740234375,1842.4084663307847,1818.759014137965,1825.6099066094819,1987909
2024-12-18,1839.7337646484375,1850.62001813395,1826.9705669564717,1829.0821291887316,3460812
2024-12-19,1815.2396240234375,1826.4543195758906,1792.4816760422725,1792.4816760422725,1916115
2024-12-20,1793.74853515625,1837.1998370234826,1779.7184237911206,1834.3374514386933,3786921
2024-12-23,1785.9124755859375,1820.0728842631352,1782.2993807726812,1800.4587937002739,2058339
2024-12-24,1780.234619140625,1805.291893155666,1773.0084297341011,1791.1678421088616,1310301
2024-12-26,1783.80078125,1791.449351507536,1770.2399057064436,1788.3523478627785,1065107
2024-12-27,1775.5892333984375,1785.8186023167195,1766.86139694532,1783.097010283843,1328546
2024-12-30,1810.2655029296875,1847.8043826052315,1750.8602945788807,1771.8351206856769,6262203
2024-12-31,1799.426513671875,1809.1866468914507,1762.96689375182,1797.3618062171947,1968650
2025-01-01,1794.311767578125,1817.7735711478047,1790.5110241355897,1799.426509492068,880695
2025-01-02,1850.8544921875,1854.7023191590852,1792.5285471566256,1794.3115523663953,3487645
2025-01-03,1826.8768310546875,1869.53034438637,1821.574440502975,1858.1748542997889,2853344
2025-01-06,1832.8829345703125,1851.9808184124433,1811.251107386246,1831.193639009022,1789037
2025-01-07,1798.0185546875,1859.1130598921839,1791.449250588941,1839.405147596507,2494547
2025-01-08,1813.3626708984375,1819.22812138006,1777.982319417122,1789.0093663225723,2372138
2025-01-09,1815.7557373046875,1824.811900785615,1801.8663053769108,1808.2479610322837,2742139
2025-01-10,1872.345703125,1879.1496259929102,1816.1781696721685,1816.8820237619523,4802079
2025-01-13,1866.996337890625,1888.393432109294,1844.4730084649243,1872.1579342173482,5694121
2025-01-14,1701.9659423828125,1819.6972090253207,1687.1380389506294,1816.9756173118733,15819311
2025-01-15,1713.3685302734375,1730.1203495233067,1701.0277133514192,1723.0348390834156,3350594
2025-01-16,1681.9765625,1724.8646901487589,1675.4542274565556,1720.2192992397825,5362008
2025-01-17,1695.8648681640625,1699.8463928681724,1659.0353596247003,1680.7917548325383,2424374
2025-01-20,1702.7850341796875,1705.4394609523824,1670.9324915163777,1697.0022998411084,3401004
2025-01-21,1708.66259765625,1726.0582459734371,1698.2346747092733,1698.2346747092733,4005357
2025-01-22,1732.646728515625,1736.2017022014138,1710.226787048023,1714.1608653495227,3009261
2025-01-23,1713.0233154296875,1733.8317150588878,1710.368888796085,1722.5506911705756,3750930
2025-01-24,1699.6092529296875,1734.2584438989493,1697.9502651542855,1706.3874261278338,3171259
2025-01-27,1622.9166259765625,1687.1905998797515,1618.5085509521298,1682.687632974608,4174844
2025-01-28,1605.189208984375,1640.5019495924764,1603.0562246523418,1622.9166324774376,5079829
2025-01-29,1629.5999755859375,1634.43471676705,1607.7961364710588,1607.7961364710588,3733620
2025-01-30,1624.0068359375,1642.8244744315575,1609.5499422354403,1632.443997045686,2543744
2025-01-31,1635.714599609375,1647.8015112760131,1620.167605807775,1620.167605807775,2033832
2025-02-01,1605.900146484375,1641.8764346461157,1600.2121884684918,1636.2359225690857,569018
2025-02-03,1604.0042724609375,1612.1569897085164,1575.090483861612,1578.4084596025182,2659929
2025-02-04,1642.4451904296875,1645.620943587815,1604.0514769220201,1606.9427859135958,3647768
2025-02-05,1623.769775390625,1655.954206945469,1621.068018504145,1640.0278783696904,2681942
2025-02-06,1633.865966796875,1638.55848594804,1623.7698180091218,1634.1977412088697,2057798
2025-02-07,1635.904052734375,1640.9757918583246,1612.2042290506904,1633.5340703660065,2428098
2025-02-10,1643.6776123046875,1649.5077923011463,1623.058764900923,1634.2924586179245,1823071
2025-02-11,1633.58154296875,1658.0398094308953,1625.8080464116554,1652.1622989337561,1702553
2025-02-12,1627.9884033203125,1651.7830041563245,1610.7823074570779,1634.2451338919068,2214307
2025-02-13,1614.5267333984375,1639.9803203845318,1611.824976696547,1622.9638936065217,1838463
2025-02-14,1622.253173828125,1633.7713130058034,1611.5408056318715,1622.0161755558345,1460459
2025-02-17,1620.9732666015625,1630.6901949280355,1605.994930794961,1622.2530340172739,1127023
2025-02-18,1635.7620849609375,1638.606064245135,1612.7732524136743,1617.2762196136537,1511900
2025-02-19,1623.2484130859375,1641.5446080219447,1614.858582701949,1633.5814439086562,1294110
2025-02-20,1599.7857666015625,1625.3815797321047,1595.9937942859267,1616.5177518668568,1681532
2025-02-21,1612.2515869140625,1615.5222320715775,1597.5103657630852,1602.1081084922093,1222563
2025-02-24,1558.5479736328125,1602.1082066917145,1552.4333492096935,1597.3682415831593,4455420
2025-02-25,1551.01123046875,1566.036895466783,1546.4134878408313,1550.9164543188351,1951519
2025-02-27,1544.4703369140625,1573.6685711494167,1531.198433301959,1535.7488465434067,2266866
2025-02-28,1493.1363525390625,1530.961178928889,1481.1915487088052,1528.1646459957171,4910121
2025-03-03,1490.624267578125,1520.012051588203,1486.879625666338,1493.1364722588314,1784684
2025-03-04,1455.6431884765625,1478.8690159709784,1443.7932764896154,1478.8690159709784,3246644
2025-03-05,1491.1456298828125,1499.1562406323092,1451.4248134475206,1452.325360561234,3112003
2025-03-06,1502.9954833984375,1511.764418810848,1493.2312247506734,1497.8289677414684,2011489
2025-03-07,1476.9256591796875,1504.4649023257257,1474.697898757277,1500.341155889042,2091986
2025-03-10,1468.725830078125,1490.6717788707876,1466.5453995496014,1476.0253310269743,1855766
2025-03-11,1486.310791015625,1492.0935251288954,1443.4141080799236,1450.3818334345117,1846190
2025-03-12,1460.47802734375,1483.6090802375006,1428.7202610894649,1475.0771430348568,3113860
2025-03-13,1454.932373046875,1467.445835358391,1449.623634966893,1460.478109395801,1983351
2025-03-17,1464.79150390625,1467.0667104009847,1440.0489081153078,1448.533399737349,2029100
2025-03-18,1464.79150390625,1464.79150390625,1464.79150390625,1464.79150390625,0
2025-03-19,1464.127685546875,1480.1487897673596,1445.7840448555526,1477.4470329669286,4522829
2025-03-20,1480.764892578125,1499.8195265021543,1466.592445176672,1467.3507700547786,4608677
2025-03-21,1485.2205810546875,1509.252296088984,1442.3713439094884,1455.264025515157,8109210
2025-03-24,1520.7230224609375,1527.1219753302994,1478.8691075858615,1508.256891134042,2487843
2025-03-25,1540.3939208984375,1572.673014625256,1534.7532928515081,1537.6447179254792,4906013
2025-03-26,1548.4517822265625,1559.4010318931507,1537.6446389318796,1540.3938417636025,3096513
2025-03-27,1545.3709716796875,1559.448646039082,1529.6343093989751,1541.1050027391552,3383080
2025-03-28,1509.6788330078125,1541.0100475420008,1499.3456862968683,1532.0514443745885,2211077
2025-04-01,1450.7611083984375,1502.568950563816,1446.7321380262633,1494.9850063338408,4126827
2025-04-02,1448.106689453125,1458.5346119923602,1428.056615244691,1436.2093315400973,3167863
2025-04-03,1393.64453125,1421.9895460115242,1388.809789937922,1421.9895460115242,3966161
2025-04-04,1348.140869140625,1380.467408422899,1345.2968900415076,1373.6419048737396,4421312
2025-04-07,1302.6373291015625,1311.7854858964413,1234.9980428195763,1275.0507523257188,6484139
2025-04-08,1330.365966796875,1350.1790438406704,1300.6464090920833,1308.230353168422,3938359
2025-04-09,1308.2303466796875,1316.4778395330777,1286.4739535073224,1308.8465652771943,3306801
2025-04-11,1318.2318115234375,1350.8901265394747,1289.2705769078495,1289.2705769078495,4859622
2025-04-15,1352.3121337890625,1354.4925641701216,1332.8782755747789,1346.1501787455093,3265147
2025-04-16,1357.241455078125,1361.4126471866625,1332.4040861710541,1341.4100191618936,2553111
2025-04-17,1363.2139892578125,1367.1007375710014,1312.0223651827625,1346.1501145661293,3549969
2025-04-21,1404.925537109375,1421.041417089712,1355.6299042283442,1360.3698689284433,2840104
2025-04-22,1402.9349365234375,1421.8947975056535,1388.3358204227695,1412.509643175095,2608145
2025-04-23,1511.1009521484375,1516.788910563049,1463.4168544838876,1474.1292224534632,13293318
2025-04-24,1504.1806640625,1519.9174427128294,1494.13195995551,1512.0490533876648,3193118
2025-04-25,1496.1226806640625,1533.8528527497224,1486.5479733926209,1507.3090456564023,3800415
2025-04-28,1485.6702880859375,1504.9447575741863,1473.9712719127308,1500.725442184782,2618810
2025-04-29,1504.561279296875,1515.8767009416229,1484.519617429598,1491.136258321632,2231069
2025-04-30,1503.122802734375,1522.6849985066974,1490.1772474955144,1506.4790577963017,3682256
2025-05-02,1507.821533203125,1516.068307670284,1493.1498575964658,1502.6432878680168,1370848
2025-05-05,1504.1776123046875,1532.0824525930022,1499.0953534113846,1515.1094379901713,1012225
2025-05-06,1514.246337890625,1518.753379119702,1500.8213179056793,1512.040869127229,2055057
2025-05-07,1499.0953369140625,1513.5751567064074,1481.546870844413,1488.2593809388536,5469936
2025-05-08,1515.7806396484375,1532.3701758594077,1491.903375735187,1497.7528254606946,2789018
2025-05-09,1504.94482421875,1512.9038732956278,1493.341794176726,1501.6844386799698,2035161
2025-05-12,1601.7008056640625,1606.2077297845854,1528.5344007621666,1533.1373115269892,4028207
2025-05-13,1553.0830078125,1618.769712948852,1548.8636923923646,1615.7970533540583,3118470
2025-05-14,1570.439697265625,1574.850869144518,1550.589892038171,1563.0559826977235,1569126
2025-05-15,1626.34521484375,1632.6741291788178,1558.2611875713997,1582.2344366109596,4961582
2025-05-16,1591.72802734375,1623.9480538944945,1589.9060368214182,1622.4137892124384,2586263
2025-05-19,1581.8509521484375,1595.6595679749832,1570.8232568168796,1592.78277788849,1642018
2025-05-20,1571.0150146484375,1597.5773279604416,1569.1930242964102,1592.5909389456224,2421580
2025-05-21,1584.15234375,1589.4264586958989,1561.5216193935196,1577.439833818856,1420835
2025-05-22,1565.9327392578125,1573.31645366732,1547.7130686846965,1571.110984832076,2202093
2025-05-23,1580.5084228515625,1602.1803350959322,1555.8639679933142,1565.9327332715452,1459454
2025-05-26,1604.865234375,1606.9749506219957,1578.01519421127,1584.535965073787,1078813
2025-05-27,1584.248291015625,1606.687277297042,1574.0836560328826,1605.05714305659,2740015
2025-05-28,1589.2347412109375,1598.3445762418237,1579.3577153546962,1595.6595254099664,1775441
2025-05-29,1596.3309326171875,1606.6874247922342,1587.604691889141,1601.4133091035696,2374051
2025-05-30,1569.384765625,1596.3306743729308,1560.466787137365,1596.3306743729308,4408910
2025-06-02,1564.494384765625,1568.0423791464434,1539.7539425233444,1558.3572090021166,1883100
2025-06-03,1563.4395751953125,1583.8647150034976,1550.589889128203,1579.2619210027433,2380133
2025-06-04,1559.316162109375,1577.0563683895139,1555.5763114281292,1564.0149428598174,1659720
2025-06-05,1565.3572998046875,1585.9742940723036,1557.8775992476376,1567.7546247195266,1409322
2025-06-06,1570.439697265625,1572.4535440176808,1555.384542291845,1564.2066519358489,1261281
2025-06-09,1580.604248046875,1589.905821531031,1571.6861528886368,1580.3165222455605,1299786
2025-06-10,1599.591064453125,1615.7011348213027,1581.2755253813098,1585.3989710877127,3055223
2025-06-11,1651.1815185546875,1654.5377734086287,1597.577310476077,1607.1666100587665,5085821
2025-06-12,1631.3316650390625,1655.11317580149,1625.3863458768978,1654.1542458039225,3607962
2025-06-13,1625.674072265625,1640.7292264099292,1596.23485109591,1597.5773765043493,1988422
2025-06-16,1652.236328125,1658.3735033065443,1614.2627249584596,1622.5094992382471,2116100
2025-06-17,1658.5653076171875,1667.387533867428,1649.3596030117546,1657.0310430257628,1777245
2025-06-18,1645.427978515625,1673.3328175633276,1639.7702682139197,1656.9351382925647,1794428
2025-06-19,1643.5101318359375,1649.0718555389462,1627.495930782804,1649.0718555389462,2514527
2025-06-20,1668.4423828125,1671.0314470710614,1638.9072910621312,1643.5102020294496,2719770
2025-06-23,1633.24951171875,1658.757143091596,1629.4137917597516,1658.1816914522394,2221446
2025-06-24,1622.31787109375,1661.4421460719686,1619.8245593709817,1649.2637815173498,3601071
2025-06-25,1646.5787353515625,1650.030860057095,1631.1399852400916,1632.0989152725667,1307518
2025-06-26,1653.291259765625,1655.9763107023507,1632.7701334831909,1639.7703696030826,2971055
2025-06-27,1652.524169921875,1680.5248800157879,1640.5375445294658,1663.7436044664148,6478283
2025-06-30,1657.6064453125,1663.5518818003004,1642.9348859206502,1654.1543205765877,1855229
2025-07-01,1647.7294921875,1673.332876774417,1643.6060462987682,1657.606401111406,1639826
2025-07-02,1648.01708984375,1667.0998204317693,1640.7292451876658,1651.2774752853072,2069447
2025-07-03,1641.59228515625,1659.4283596877756,1636.4140397614499,1645.5238747322871,1839063
2025-07-04,1655.017333984375,1657.9899936153388,1636.126342481173,1644.5649734241215,768500
2025-07-07,1640.1539306640625,1654.6337505639078,1633.3455509291034,1654.6337505639078,1366412
2025-07-08,1637.9483642578125,1648.3048554262311,1618.1944290098697,1630.1810544099428,2139193
2025-07-09,1605.248779296875,1643.8937041397376,1602.3719893698196,1639.770258421539,2894808
2025-07-10,1595.3717041015625,1610.9064394585926,1581.275480720198,1606.2076593125116,2740853
2025-07-11,1571.0150146484375,1587.508563288422,1563.0558490849457,1575.7136778498752,2548153
2025-07-14,1553.27490234375,1574.9466975116875,1541.0005511928873,1572.6452420387898,3334703
2025-07-15,1502.0679931640625,1554.8091437874011,1486.3415175668172,1524.6987180201543,14685607
2025-07-16,1498.615966796875,1509.3559368052604,1495.9309157663317,1502.0680916526492,5218099
2025-07-17,1480.4920654296875,1502.4515860638248,1479.0536704150963,1499.3829397985653,4966082
2025-07-18,1496.824951171875,1497.9846340215815,1478.6558000342063,1492.1859838253688,3902458
2025-07-21,1479.0423583984375,1498.661053555402,1474.7899914469424,1496.8249087577028,3368842
2025-07-22,1469.0880126953125,1488.1269850748508,1467.348488410002,1481.651754864756,3218227
2025-07-23,1478.4625244140625,1484.454415620914,1467.0584654378565,1472.9537360717918,3471536
2025-07-24,1456.620849609375,1486.2906799025195,1451.2087998083928,1478.6557670530337,4654421
2025-07-25,1440.0946044921875,1461.4529402563385,1436.7120588923592,1450.7254620916483,2733655
2025-07-28,1416.900146484375,1444.0571345390333,1414.387421670299,1440.0947471813938,4404841
2025-07-29,1422.98876953125,1427.9175985609565,1411.9713106582453,1416.9001396879519,6223556
2025-07-30,1426.951171875,1434.4894643341772,1419.5096179650186,1430.816938679944,1642426
2025-07-31,1418.6397705078125,1432.943036636319,1410.5216367733422,1415.8370660314808,2306285
2025-08-01,1403.369873046875,1417.673256418693,1401.3403692103711,1415.836993719444,2152783
2025-08-04,1424.9217529296875,1425.8881946885963,1392.255974289036,1403.3700545164857,2384774
2025-08-05,1432.9429931640625,1435.5524564141047,1421.8289141433122,1430.2370273172241,2614394
2025-08-06,1414.097412109375,1433.9094664530244,1407.5256795016378,1431.2035005464868,1735697
2025-08-07,1425.984619140625,1429.5604059672364,1402.3067993039965,1409.0718906858904,1495363
2025-08-08,1426.1778564453125,1432.4597269973397,1410.038328524252,1425.3081533633274,2815614
2025-08-11,1438.0653076171875,1479.6223023937594,1416.4169890690414,1425.5015650103169,2374556
2025-08-12,1448.7926025390625,1459.230219178428,1439.0315658150028,1439.998007430728,3422656
2025-08-13,1450.7255859375,1456.9108362999757,1439.0316651745698,1449.6625236815678,2916128
2025-08-14,1439.804931640625,1465.318898846668,1435.9391647337889,1450.6290317902285,4227538
2025-08-18,1435.1658935546875,1451.498781527283,1426.3712978690864,1447.8262559569343,2795155
2025-08-19,1426.5645751953125,1432.84644626918,1419.8961038452082,1426.7579343203515,2515817
2025-08-20,1445.7967529296875,1449.9524993422156,1409.0719690985857,1418.736385896244,10219330
2025-08-21,1443.380615234375,1454.4946942937624,1436.2289233753065,1449.6624860070724,2157601
2025-08-22,1417.093505859375,1441.4477894060321,1414.8706427693135,1439.611526589091,2802805
2025-08-25,1453.7215576171875,1459.036986965969,1426.6611900233913,1430.3337156720854,2764914
2025-08-26,1442.7042236328125,1455.944427794611,1435.1659311483554,1451.4988195487851,4092265
2025-08-28,1401.147216796875,1438.0652423615124,1397.4746911658247,1438.0652423615124,4367902
2025-08-29,1405.9794921875,1413.5176669840178,1390.902906646774,1401.147283481843,3404604
2025-09-01,1419.123046875,1423.0854343367887,1397.4747287273321,1397.4747287273321,2105254
2025-09-02,1416.5135498046875,1427.8209884574726,1410.714899615723,1419.702854598154,1295198
2025-09-03,1416.900146484375,1425.501501170954,1403.8531835923018,1425.501501170954,1800307
2025-09-04,1394.865234375,1416.7067913458761,1392.5457508971567,1415.933590861985,2192155
2025-09-05,1371.3807373046875,1403.5632922829793,1355.724429353746,1399.4075458894908,3895199
2025-09-08,1355.917724609375,1380.6586088905867,1353.984841181564,1376.1163800247678,2929976
2025-09-09,1379.208740234375,1383.7510863953055,1361.8127919834294,1362.8758541151112,2906889
2025-09-10,1414.77392578125,1422.5054588214111,1384.0410347570769,1386.747118510666,3205017
2025-09-11,1418.4464111328125,1421.0558744615525,1409.3619536905094,1414.774003521241,1982922
2025-09-12,1417.9632568359375,1430.3337581500157,1413.90424876586,1425.501549507617,2110883
2025-09-15,1417.2867431640625,1419.0263854014643,1403.2733386118095,1417.9632051598078,1725617
2025-09-16,1433.3297119140625,1435.3592159604295,1412.06799376883,1414.7740778132156,1724524
2025-09-17,1431.7833251953125,1448.6960543150683,1425.7914340681334,1440.771279859917,2656774
2025-09-18,1443.6705322265625,1452.4651273316472,1436.2288610039293,1442.5107315038226,2792406
2025-09-19,1418.1566162109375,1443.6707014419792,1414.87069073877,1443.6707014419792,3197957
2025-09-22,1391.579345703125,1400.5671822010027,1367.51492519156,1375.2464583375192,4457129
2025-09-23,1381.818359375,1395.7350251690104,1372.7337840005825,1395.7350251690104,3106480
2025-09-24,1393.89892578125,1396.218291506607,1372.3472284547133,1377.2760575818597,2894044
2025-09-25,1376.0196533203125,1394.0920647869427,1368.4813613437166,1391.8692018268655,2713246
2025-09-26,1348.4761962890625,1378.6291311477619,1345.2868913828845,1372.3472598877124,2568054
2025-09-29,1340.8411865234375,1355.5310526080243,1336.5888196124774,1350.2156234627832,2990852
2025-09-30,1338.6182861328125,1357.850498279726,1335.5257200878293,1345.3833775833164,2782077
2025-10-01,1342.8707275390625,1349.9257990618369,1335.6224148679269,1339.5848022000466,2253527
2025-10-03,1346.7364501953125,1352.8250798292172,1334.0760880724201,1349.6357751688224,2793839
2025-10-06,1370.1243896484375,1373.313694538169,1344.127201562293,1346.7365470365507,1970901
2025-10-07,1385.2974853515625,1393.512239380398,1369.641059829952,1374.2800269416516,1592836
2025-10-08,1404.4329833984375,1409.7484125673295,1379.3055000545844,1385.104150057012,1735807
2025-10-09,1436.615478515625,1441.0610864049972,1403.7564631980797,1404.4329251474378,2681316
2025-10-10,1445.3134765625,1448.2128014904088,1424.438360676324,1440.964489170637,2129445
2025-10-13,1444.540283203125,1451.7885955587449,1426.9510924096878,1439.9980546498034,1820492
2025-10-14,1445.2169189453125,1483.4879860659933,1440.191351400395,1464.5457526399834,5802489
2025-10-15,1445.5068359375,1458.747158308916,1436.2290190040749,1447.633078509517,1710696
2025-10-16,1464.1591796875,1468.894767625812,1447.7296707405117,1449.5659335705313,2021043
2025-10-17,1447.7933349609375,1462.5032134848466,1440.97423007755,1460.262602885433,3210161
2025-10-20,1456.755615234375,1470.8809035024256,1450.6183734550607,1451.3977472706317,2354881
2025-10-21,1447.598388671875,1464.1590701035182,1442.7276000155093,1463.8667752178408,274400
2025-10-23,1484.51904296875,1507.5091424566692,1466.5945162962944,1470.9782262420488,5011470
2025-10-24,1484.421630859375,1492.9941477321242,1477.2128397075637,1485.590572596105,1491451
2025-10-27,1493.8709716796875,1509.4574963271443,1487.3441620498634,1491.825264102858,1394846
2025-10-28,1482.7655029296875,1502.1512661396707,1472.9265333353972,1495.3321618186735,1936466
2025-10-29,1517.055908203125,1518.7119288080755,1482.6680921397633,1490.461354122101,2596355
2025-10-30,1509.749755859375,1519.5887255294203,1498.3520386285063,1517.44550709116,2183395
2025-10-31,1501.664306640625,1517.9326949620302,1497.8650672908846,1509.7498642588992,1723467
2025-11-03,1503.612548828125,1509.6522795596784,1488.707887075192,1500.300388559057,2252136
2025-11-04,1489.584716796875,1502.0539846100032,1485.5906934697132,1496.6961165351945,1666863
2025-11-06,1486.9544677734375,1492.3123355944192,1475.1671823504266,1489.5846462283484,2474769
2025-11-07,1473.3162841796875,1479.5509178983948,1451.9822045233007,1475.946462679952,2238714
2025-11-10,1500.690185546875,1504.9765039203578,1472.3422155621492,1478.7716336644962,1558896
2025-11-11,1529.427734375,1531.8631288564889,1501.3719423819498,1507.8014789456774,2270763
2025-11-12,1552.8074951171875,1558.6524417738394,1532.8372607069603,1534.2984973711232,2331564
2025-11-13,1557.1912841796875,1563.523310045917,1539.1693644065724,1558.0680500058538,1944022
2025-11-14,1553.3919677734375,1556.7041279991377,1533.4217333404072,1548.9108657813697,2543918
2025-11-17,1564.8870849609375,1566.1534187282307,1544.5271635317379,1552.8075046796532,2000978
2025-11-18,1553.9764404296875,1562.5490764453111,1549.0082595433407,1562.5490764453111,1640123
2025-11-19,1619.634765625,1626.3564783573356,1547.5470870395295,1554.0740157744206,6342672
2025-11-20,1602.8792724609375,1625.284901924648,1600.1515830468825,1619.634739102283,2724035
2025-11-21,1566.4456787109375,1601.0282792048667,1564.4973631901528,1593.722096001924,2958835
2025-11-24,1568.7838134765625,1597.6188618338274,1561.4776296572004,1572.5830528457811,6392688
2025-11-25,1559.7239990234375,1577.0640550876165,1551.443657886809,1576.4795842022975,2285950
2025-11-26,1576.0899658203125,1585.4418571391816,1559.724066825479,1559.724066825479,1243303
2025-11-27,1586.9029541015625,1590.9943690320295,1572.2905880416954,1577.2587687189023,2106176
2025-11-28,1582.22705078125,1594.5989261874731,1577.1614777888692,1586.90305578633,1841289
2025-12-01,1600.44384765625,1603.950791896683,1585.928872886608,1587.8771884552648,2034350
2025-12-02,1593.235107421875,1610.1854771965507,1582.0322925424182,1608.3345535637516,2326220
2025-12-03,1598.10595703125,1611.8415589683923,1586.7083577232659,1593.2351677687348,2371611
2025-12-04,1611.8414306640625,1628.7917997314983,1602.5869318019516,1607.3603286823998,3935708
2025-12-05,1639.507568359375,1647.3008307164012,1608.3345189312704,1619.7321175621228,3391204
2025-12-08,1644.962890625,1651.587211446053,1633.5652915617993,1639.507630551295,2702407
2025-12-09,1614.763916015625,1643.4041785958807,1613.5949742432656,1643.4041785958807,2817704
2025-12-10,1622.94677734375,1627.8175659912404,1614.1793577782676,1620.3165990404007,1482249
2025-12-11,1629.1815185546875,1634.0523075249444,1606.3862023907357,1624.4081215806864,1408684
2025-12-12,1629.960693359375,1634.5393061159139,1617.1018586759587,1634.0522272428186,1284337
2025-12-15,1640.481689453125,1644.3783205444627,1617.1019029050995,1629.9607379402162,1689723
2025-12-16,1609.016357421875,1638.53338571781,1602.879234758229,1637.559227937954,1929309
2025-12-17,1612.2310791015625,1621.485577742931,1603.7559542278689,1608.3344480946705,1394918
2025-12-18,1618.4656982421875,1630.6426700314844,1608.529217912677,1614.179380389207,1822056
2025-12-19,1599.956787109375,1637.5592542324557,1590.3126011507936,1631.7143074594667,3487150
2025-12-22,1627.1358642578125,1630.253121734566,1601.5154658689135,1609.2113364771028,1339691
2025-12-23,1636.4876708984375,1643.3067753271575,1613.4000602688955,1631.8116660095889,1614314
2025-12-24,1631.4219970703125,1636.5850809037474,1622.0701061054401,1632.6884497587384,989858
2025-12-26,1617.9786376953125,1633.0780828850523,1607.847373268726,1624.8951339668192,921138
2025-12-29,1588.656494140625,1617.8812264175626,1583.3960185476283,1616.8095577681495,1516288
2025-12-30,1573.4595947265625,1593.4298291662626,1569.4655716217715,1588.656551188881,3323273
2025-12-31,1581.3504638671875,1589.5332945627927,1575.0184379286943,1582.5194057049164,1359963
