Price,Close,High,Low,Open,Volume
Ticker,HDFCLIFE.NS,HDFCLIFE.NS,HDFCLIFE.NS,HDFCLIFE.NS,HDFCLIFE.NS
Date,,,,,
2020-01-01,609.907958984375,614.3734408633727,604.9026442121217,611.4291591978932,1749377
2020-01-02,622.4700927734375,626.935573772424,606.9144983336499,611.1346225755324,1973981
2020-01-03,618.986083984375,625.6107169097395,614.765959434454,619.28050013408,2401828
2020-01-06,608.043212890625,615.7474523909798,600.1427358705162,615.7474523909798,4175516
2020-01-07,618.2500610351562,631.7446846949771,612.0179625313206,612.0179625313206,2827658
2020-01-08,617.17041015625,620.0656320922659,607.0126635943162,610.4476584570165,2248332
2020-01-09,619.771240234375,624.6783759448609,616.1399478283037,623.2062352317151,1338705
2020-01-10,611.5272216796875,622.2248013737074,607.2580376182673,620.6545419239238,2181852
2020-01-13,613.7845458984375,621.2924274388337,612.0179291580547,616.238113702794,1161466
2020-01-14,602.8416748046875,615.3548719618055,601.3695339626736,614.864158347801,2109229
2020-01-15,605.098876953125,608.9755260452475,601.3694658891626,602.5962497853053,1621297
2020-01-16,596.217041015625,613.3920175057871,594.5486027476965,612.4105902777778,3196222
2020-01-17,596.3642578125,600.191787924426,590.5247540335886,596.2170197729189,2313300
2020-01-20,587.1387939453125,601.075071490227,586.0101287593864,599.6519901388816,1870028
2020-01-21,590.819091796875,598.3760921606342,583.1149133146304,584.6361132816371,1597879
2020-01-22,601.3695068359375,605.0498587749579,591.4571162408005,593.6653274042127,2066862
2020-01-23,604.5591430664062,610.3495873908162,600.1427207550445,602.8907048795795,1685313
2020-01-24,595.9716796875,599.8973885697561,591.6043165756773,596.6096313414921,2188192
2020-01-27,588.5618896484375,594.4504527066479,586.9915702253114,593.5671442872919,1531808
2020-01-28,592.53662109375,600.5352760471912,587.8748422942547,589.8376965256211,1651481
2020-01-29,593.8125,599.6520036690699,591.064515891485,594.6958084177475,1324538
2020-01-30,589.2979736328125,597.2475099842623,586.0592758563538,594.6467638477925,1060111
2020-01-31,588.0711669921875,593.2236595886701,586.2064314252174,591.898696980067,1260667
2020-02-03,554.80078125,562.357782630407,517.7028452662123,542.7292387340576,9688974
2020-02-04,562.4558715820312,567.7065427369837,545.2318372060813,557.4506171143395,3116053
2020-02-05,572.6136474609375,575.45975008011,554.5063056758144,563.7317442795387,2739852
2020-02-06,582.624267578125,587.5804628415901,576.0977528905463,576.0977528905463,2299958
2020-02-07,584.6361694335938,588.8562942285866,578.0605955010625,582.4770177077769,1185529
2020-02-10,577.1282348632812,587.7767555899552,573.6441803929604,584.930592838673,1366499
2020-02-11,572.6627807617188,583.458480141974,565.1057792152275,578.7967008641365,1545054
2020-02-12,567.6083374023438,583.6547063739414,553.1322877263625,574.7236838532498,3303107
2020-02-13,566.4798583984375,571.4360543606244,557.9414287746072,565.7928472973808,2107487
2020-02-14,563.2901000976562,570.6998627759144,561.3763052585091,568.1481762580894,2332181
2020-02-17,555.3897094726562,564.320673563204,553.5740331037307,564.2225547979933,918309
2020-02-18,552.1509399414062,554.8498648449445,545.6735441335405,554.3100918445498,1231246
2020-02-19,568.3444213867188,571.0433459674564,552.543468711023,555.389631320424,1752251
2020-02-20,562.8484497070312,572.8590182470841,561.4744277872281,571.2886989242296,3708209
2020-02-24,550.3843383789062,567.6574923054382,545.6734999995102,561.6216913214383,1576359
2020-02-25,558.9227905273438,571.6813441302506,555.4877953265611,559.4135041274556,3582636
2020-02-26,546.7040405273438,560.8366169628113,544.6921266345024,554.8008153827215,2313470
2020-02-27,556.1748657226562,558.7265527550234,534.1418107451383,548.6178634938582,2985262
2020-02-28,533.9944458007812,554.506295561832,531.1974026067992,543.7105977721326,4380818
2020-03-02,544.2012939453125,553.7702075899776,540.7172399319245,544.6920074655518,2299648
2020-03-03,553.0341796875,562.3577372864906,549.2557092527425,549.5991847826087,2844292
2020-03-04,558.0394897460938,559.4135118058915,549.7464777116255,556.8618250109109,1735962
2020-03-05,554.4572143554688,562.1613926050346,546.0660252023912,561.3762629588292,3821330
2020-03-06,537.9692993164062,546.16419180059,525.0635087391116,530.9520714539427,3494853
2020-03-09,508.0357971191406,530.2650865177975,496.7984440731181,528.0078160132944,4577587
2020-03-11,504.0118713378906,516.2306506189741,498.6140223295173,505.4349526022275,2971154
2020-03-12,464.1169128417969,488.75074133709586,444.88093389941764,485.806459762776,4797510
2020-03-13,497.73077392578125,515.2492545713635,421.13039672648375,426.9208109305584,7973623
2020-03-16,465.3927917480469,491.1061665019868,462.25221271742487,484.8250383915242,4058756
2020-03-17,456.3145446777344,476.9735732679806,451.45646852524914,466.1778751075942,3291793
2020-03-18,411.65960693359375,461.27073460017357,403.21932792734987,456.3635991257036,4743183
2020-03-19,409.2060852050781,424.51632564619507,378.1929795293418,378.1929795293418,8358736
2020-03-20,410.3346862792969,433.7907885381496,403.6609638697811,417.2046761430232,4857316
2020-03-23,335.9425048828125,387.07486590822646,333.6852343951573,370.48875289462313,4439246
2020-03-24,384.0324401855469,401.40371309950507,339.42659321622904,355.27663604406075,5260142
2020-03-25,426.2337951660156,431.82794184753413,378.4383113910858,382.75658481940525,6171029
2020-03-26,468.5823974609375,477.955014617373,425.9393764762626,439.6793563625937,6462048
2020-03-27,432.80938720703125,474.8144586109841,431.8279600251559,441.8385292605968,14440511
2020-03-30,404.8387145996094,435.6555222783689,399.44086507161455,423.9765447443182,7106515
2020-03-31,433.1528625488281,439.8756442666986,406.70338985874844,421.0322317065151,5414961
2020-04-01,421.9154968261719,439.09047077194003,416.1741424027167,429.9632108839286,7414297
2020-04-03,414.4566345214844,433.7907595401218,408.4699534296291,420.54149426005023,6997591
2020-04-07,461.761474609375,467.1593239406217,425.2033132295679,428.78551634105753,6387600
2020-04-08,467.7481689453125,491.2533303763896,448.90475635917016,456.3145490470344,7175190
2020-04-09,463.47900390625,485.21761080444395,455.52943744676463,479.8197611030477,3633315
2020-04-13,468.92584228515625,473.78391826424087,444.8808790589027,464.2150043272624,4143591
2020-04-15,462.939208984375,479.62347090735375,459.79863005385505,472.75348070377424,3951803
2020-04-16,480.6048583984375,485.21754775524295,453.4193159999477,461.27073272721947,5065255
2020-04-17,486.29718017578125,509.311660117995,482.3714713549878,495.62073862516553,6523417
2020-04-20,498.85943603515625,505.7294264662172,486.7878934008903,494.3448948553699,4164522
2020-04-21,487.13140869140625,493.51068564830786,479.81976389126004,486.7879031728013,2902453
2020-04-22,494.2958068847656,499.5464484331088,481.2428370101463,490.2228899653003,2103572
2020-04-23,479.4271240234375,502.39251148701476,477.26797248764746,495.6206706895311,2996470
2020-04-24,444.9300231933594,469.85826786375543,442.7708713920543,469.36755426807525,4401783
2020-04-27,475.746826171875,482.27331093786734,450.4750762514505,450.4750762514505,5612310
2020-04-28,477.12078857421875,487.3767139623215,462.3993817687768,485.80642457958527,5790711
2020-04-29,483.6963806152344,495.81701200179845,475.74681464848686,478.93645291069953,4230028
2020-04-30,491.74407958984375,501.2148758958471,483.990810810208,490.71359302480397,3751397
2020-05-04,470.0545654296875,479.9178967256382,463.33178317660565,479.9178967256382,2476309
2020-05-05,468.6805419921875,480.8011737630166,466.3251227294194,474.02933215101547,2499854
2020-05-06,481.8807678222656,489.7321856279237,460.73102308858694,469.1222138880712,5449822
2020-05-07,485.36480712890625,492.67645170928677,479.8197494693464,480.60490919552706,2443348
2020-05-08,510.39117431640625,517.55558048813,489.732144913109,490.4191558943009,9179719
2020-05-11,515.4454956054688,528.9891768354155,512.7956306057599,519.9109766763662,5445590
2020-05-12,517.015869140625,526.633844318598,507.6923101606536,511.765257254636,3693348
2020-05-13,507.1524963378906,528.0078239570105,505.4349987692572,523.1006880466293,3651773
2020-05-14,485.8064880371094,513.2864509967842,482.27334395213745,505.4350330083057,4151383
2020-05-15,478.24945068359375,491.695014969458,475.99218016005415,489.8303093259974,3513975
2020-05-18,460.63287353515625,481.78261823023445,455.382231897049,478.24947423398027,4108131
2020-05-19,462.98828125,476.92455945977724,456.60900445482247,466.1779196475888,5129782
2020-05-20,470.3489685058594,473.7839635810195,463.7243351466219,465.3436839776128,3112785
2020-05-21,484.62872314453125,487.3276478541168,471.08504021855975,471.08504021855975,4216268
2020-05-22,485.56109619140625,495.3263085903228,481.19373327011016,483.8435986303452,4602359
2020-05-26,498.0252380371094,505.3368825607721,487.769311952366,492.67644788750044,4215615
2020-05-27,493.9522705078125,500.5278443650773,486.05179396432266,497.3872655181611,1859456
2020-05-28,507.2015075683594,513.5807836462742,492.1366257142137,496.6021069884429,3346486
2020-05-29,513.4827270507812,530.7558219457376,502.2453735422636,506.80903401871007,27246641
2020-06-01,506.5145263671875,518.8314849774758,503.8156017142104,511.3235433458431,3151262
2020-06-02,490.419189453125,512.5503610870047,487.76932400237695,506.4164410165523,5909622
2020-06-03,492.0385437011719,510.0967985943957,485.26670186006066,492.77461411761396,13732855
2020-06-04,507.98663330078125,515.2001582889928,502.78508175040173,511.47074736050683,11739480
2020-06-05,506.6617431640625,511.5688786910752,502.1962618147923,507.98664579573324,3558200
2020-06-08,512.3541259765625,519.960187788967,506.66185943920607,510.34221192907927,8429754
2020-06-09,497.4364013671875,521.1378631650458,492.1857596558766,515.2492997394521,9173485
2020-06-10,492.3819885253906,498.515907906309,489.7321233725226,498.02519435583554,3358845
2020-06-11,492.33294677734375,500.03715625444283,487.7693163070816,490.7135978944483,2482917
2020-06-12,492.9708251953125,494.7864713383149,477.2189320657916,478.9364295076736,8115108
2020-06-15,490.6154479980469,498.4668655453676,486.10087691818126,498.4668655453676,3620015
2020-06-16,496.3077087402344,501.21484436174836,487.7692807784885,495.62069777291083,3578749
2020-06-17,491.10614013671875,499.2520034566132,489.29049391807615,496.6021381698613,1857859
2020-06-18,506.3673400878906,508.2811349731539,489.38863275554485,490.7135653722056,4083990
2020-06-19,511.4216613769531,514.2678240585113,504.7970281471918,508.33020181066667,4569531
2020-06-22,510.7347412109375,516.0344121745957,504.9933561233543,515.2002230113493,2765644
2020-06-23,527.075439453125,534.4852024627069,510.7347133302552,514.5131839009017,5813424
2020-06-24,517.4573974609375,535.4665593578952,513.9733435123975,532.6204569344133,3765172
2020-06-25,528.4004516601562,529.7253544777516,509.3607391828681,510.342166425995,2654149
2020-06-26,531.83544921875,537.2823584604015,525.0635772524382,531.3447355951496,2586654
2020-06-29,527.22265625,534.4851809337785,522.7571748732245,533.4056350718089,1691365
2020-06-30,538.8035278320312,544.1523180030259,527.0264015406208,530.4613967089488,3355423
2020-07-01,539.4414672851562,549.5992145214917,536.0064721943969,545.2318516400713,3419769
2020-07-02,537.7730102539062,542.2384917349411,535.564799201592,539.2942103318554,1638017
2020-07-03,561.5235595703125,578.6494151645583,547.6363416415389,554.4572722139809,15663461
2020-07-06,573.8405151367188,580.8576839119906,565.6946810828292,570.2092223941711,4862801
2020-07-07,571.7794189453125,580.023430754219,561.4744341349583,578.7475874722962,3849675
2020-07-08,571.1415405273438,585.8138883643068,567.2648913140036,570.699886330611,4280620
2020-07-09,574.3311157226562,578.9438347904395,572.1229048829086,573.251510037848,2440595
2020-07-10,581.4955444335938,588.8562475276899,574.3801981093009,575.1162684187104,3206846
2020-07-13,589.1507568359375,592.5366927749645,573.1535048953695,582.9187178580606,2854213
2020-07-14,587.3350830078125,597.6891273385379,581.4955795535036,581.4955795535036,3645874
2020-07-15,583.7528686523438,593.4690215945808,581.9863117269081,588.8563019159272,2310685
2020-07-16,588.7090454101562,592.5366352131504,578.3059416966441,582.9677206072238,1767540
2020-07-17,603.0869750976562,604.5591158017189,588.9053410015413,589.6414113535726,2790602
2020-07-20,605.0007934570312,616.5325627527592,600.9278467238732,608.1904317728709,3020859
2020-07-21,615.7964477539062,620.7526426437147,590.1811644248285,610.4476580622776,8306371
2020-07-22,598.3270874023438,615.3548245353209,594.6467355809602,615.3548245353209,5164659
2020-07-23,611.1346435546875,612.116070616795,599.3084594366022,599.6028755749237,2957797
2020-07-24,610.84033203125,613.2939001067265,604.0684601823092,605.540601027595,2789551
2020-07-27,621.68505859375,625.659826688873,602.1055743899977,612.9993921176031,3343985
2020-07-28,628.6041259765625,635.572235184452,621.8813735703814,624.1877035458139,4307089
2020-07-29,625.9052124023438,630.7632891437567,617.3177241882779,628.6041372696216,2458334
2020-07-30,623.3043212890625,632.9223546983357,612.361445169637,628.0642786194795,27847314
2020-07-31,615.452880859375,626.0523409510148,607.5524050645287,617.0232000848104,3774399
2020-08-03,591.8005981445312,612.4105692241916,589.3470301588574,612.4105692241916,3634400
2020-08-04,602.7434692382812,604.4609666399517,589.7886197139417,593.9596848322842,2248809
2020-08-05,593.763427734375,606.6692187606303,592.0949895934872,605.0007806197425,2051992
2020-08-06,595.628173828125,600.3880716451533,591.0645135239781,597.1003145841,2596325
2020-08-07,595.67724609375,602.4490577768061,594.2051053059254,596.6096139063513,1723752
2020-08-10,597.5419311523438,606.4729546789398,595.7263147796208,604.5591596445576,2028319
2020-08-11,597.44384765625,602.4982220323668,594.8430414429924,598.5233936872814,1539043
2020-08-12,597.44384765625,606.2276336595997,591.8987596475613,597.689204472536,3419606
2020-08-13,588.6109008789062,602.5962369981634,586.8934034607519,598.6705286138105,2164005
2020-08-14,576.833740234375,591.2116702680433,574.7727674200199,588.8562214217354,3151495
2020-08-17,578.15869140625,583.1640056503097,575.0672319246661,580.4160216994936,1335395
2020-08-18,586.5008544921875,589.4942552904125,578.0606047669113,579.53274552608,2224729
2020-08-19,592.2421875,596.6586093905271,587.8257656094728,588.8562520702848,2344923
2020-08-20,583.9982299804688,588.8563064893178,579.1401534716197,587.8748793118357,1490688
2020-08-21,586.9915771484375,597.5910386994777,585.077842053197,588.0711829961125,2008763
2020-08-24,587.6295166015625,594.2050906048065,585.9610784363274,588.6600031472323,1893376
2020-08-25,588.6599731445312,592.389384211026,581.9862807252947,587.8748434307782,1802567
2020-08-26,581.053955078125,591.8005947744915,577.7171385775475,591.8005947744915,2950978
2020-08-27,584.9796752929688,588.8563247445161,580.1707179151597,583.164058918965,2947058
2020-08-28,578.404052734375,592.2912705275836,577.226388104448,588.8562755866615,3638604
2020-08-31,564.124267578125,583.7037495953023,556.5182077893674,583.7037495953023,3754563
2020-09-01,568.5407104492188,575.116284038848,560.1495206743558,570.6998620624404,3407301
2020-09-02,570.0619506835938,579.0420332961844,566.0871826048389,570.6017835511356,2500786
2020-09-03,571.3868408203125,578.0605327838562,568.4916190408297,572.8589813961628,1896035
2020-09-04,563.9771728515625,570.2092117038796,558.4811445086593,559.4135123428769,2618737
2020-09-07,580.857666015625,583.4584720636659,560.5421708389476,565.8909011729489,3374335
2020-09-08,571.04345703125,584.0964881907832,568.7371268106782,582.4771091667602,1896544
2020-09-09,574.8218994140625,581.9863056995289,571.8285585573027,577.9624783054006,3391865
2020-09-10,590.426513671875,591.8005355591687,576.49029690831,578.6493885861204,3792160
2020-09-11,593.567138671875,601.3204372524599,590.4265597568952,596.7077175868548,4564379
2020-09-14,588.3164672851562,598.6705108615492,584.1454022504652,598.6705108615492,2269701
2020-09-15,583.1640014648438,590.7700615767676,580.0724821038906,590.7700615767676,2371832
2020-09-16,587.4822387695312,593.7143368025742,581.7899735633492,583.4584116155638,2164876
2020-09-17,580.857666015625,586.9915860331151,577.3736114260031,582.084450019123,1532457
2020-09-18,574.2330322265625,583.7528880711986,572.6627726631755,582.9677582895051,2587272
2020-09-21,568.5897216796875,578.8456460479174,566.5287488924965,576.097662364479,1565889
2020-09-22,568.638916015625,576.5884519888042,555.7821843792793,565.3020397371085,2359295
2020-09-23,569.47314453125,575.2144698088973,564.9094839966128,570.4545717514676,2210606
2020-09-24,566.92138671875,570.0128461343264,562.0633106067799,564.1242835504975,3043353
2020-09-25,566.774169921875,569.7184513240666,560.6402503339759,566.5778725147505,2059527
2020-09-28,570.4054565429688,572.4664295430847,566.3325100170754,568.4426022946458,1591462
2020-09-29,560.1986083984375,575.9014428869799,553.2795589322354,575.9014428869799,4157096
2020-09-30,549.0103759765625,561.3272748253531,545.6244403021944,561.1800367910746,4906751
2020-10-01,558.6282958984375,561.3762796928469,551.8073658344462,557.4505714432466,1477355
2020-10-05,564.0753173828125,566.2344693339691,554.8498771831283,561.3763924192584,2490303
2020-10-06,571.2396850585938,575.3126318655573,565.0567057300063,566.7742033158119,5665979
2020-10-07,568.1972045898438,576.244918408652,564.3205557483055,574.1348262830587,2588117
2020-10-08,572.3192749023438,575.6070319425852,566.3815926362487,575.6070319425852,9288093
2020-10-09,563.1429443359375,578.0606505233036,558.0395106532116,576.0977960223756,4555998
2020-10-12,552.9360961914062,566.283481855096,549.7955172406672,565.7437088873661,2349521
2020-10-13,556.1748657226562,561.3273590738955,549.3048745876705,553.9175949014747,2122487
2020-10-14,561.7197875976562,564.1242960195119,547.6363324006636,554.4082034823701,3958474
2020-10-15,551.0713500976562,563.3391895922613,549.6482687359701,562.3577624326929,1772762
2020-10-16,550.7278442382812,555.7330985159479,549.1084655535061,552.4944010479544,2117294
2020-10-19,559.9041748046875,563.6335858993239,553.8193146494608,555.3896339903737,3362350
2020-10-20,560.39501953125,570.2092930782071,556.4693101124672,563.9281340475258,6496843
2020-10-21,552.2490844726562,566.7251353332606,545.6735104065102,563.8299131808276,3457773
2020-10-22,550.6787109375,556.2728572769614,547.7835489711136,552.5434463511722,2967121
2020-10-23,554.015625,569.8656973995077,549.2557272932189,552.5434842781223,21418349
2020-10-26,567.9028930664062,571.8286020034548,553.0342465067092,556.2238850180611,8486218
2020-10-27,576.3922119140625,580.5142183441566,569.2278049697562,572.0739679552312,5959783
2020-10-28,575.2634887695312,583.7527968030035,572.809921146871,579.7780292346047,4062087
2020-10-29,575.2144165039062,577.0791520101405,569.5712105106098,571.1905892345269,1671983
2020-10-30,578.7966918945312,587.089763724795,573.1534854877597,579.0420486948257,3789450
2020-11-02,576.5885009765625,583.458491626496,574.7237652680975,579.8271988740753,2206055
2020-11-03,587.9238891601562,590.4265162715873,579.0419859325195,579.4345807310623,3646651
2020-11-04,583.2130737304688,592.6838695236526,580.1215543011858,580.1215543011858,1919838
2020-11-05,581.053955078125,591.3098811801511,579.0420413216418,589.0035512473761,2350192
2020-11-06,579.6307983398438,587.4822148288443,577.913300982875,581.9862472471656,1990463
2020-11-09,581.8390502929688,587.8748511055101,576.8337958885869,584.9305697143305,2978907
2020-11-10,598.3270874023438,603.6758174615068,579.4346147192418,583.9491556595151,4801645
2020-11-11,611.8707885742188,615.1585456731652,602.8416465198605,605.4915118914689,6526986
2020-11-12,618.6917724609375,621.3415781579439,606.9146452686726,612.2633759472398,3555249
2020-11-13,615.845458984375,618.6425020486234,606.4728428638076,613.3918914187002,5036293
2020-11-14,624.2857666015625,627.3282266122075,621.9303774562696,626.1505020887822,1080124
2020-11-17,657.605224609375,661.4818736832306,623.2062163039338,626.837508599717,9740753
2020-11-18,652.4528198242188,663.5429357009924,648.919705706481,660.0098215832545,3642631
2020-11-19,634.051025390625,658.2922890125474,631.0576844354349,648.7233738908592,4212122
2020-11-20,651.5694580078125,656.1330579583082,635.3267920213766,635.3267920213766,3045488
2020-11-23,649.0177612304688,661.7763141591549,643.7671499473639,654.8082053664193,3011294
2020-11-24,651.8148803710938,654.023091508523,639.301683925662,653.1397830929269,2108847
2020-11-25,652.7471313476562,675.7125491350921,649.5574933161544,659.9606563752169,6798974
2020-11-26,648.527099609375,662.8559730642503,645.9263533988113,655.593387623958,3804983
2020-11-27,634.7870483398438,651.7657255115711,630.2234481792187,651.3731906050596,9917761
2020-12-01,629.9781494140625,643.8162491002568,627.622700151851,641.1173242755225,4569057
2020-12-02,624.6783447265625,634.8852104549088,618.4953660206563,632.0390479244403,6126982
2020-12-03,635.9157104492188,638.6146350125176,613.3919462042859,614.4714920689826,26754679
2020-12-04,631.3030395507812,642.785749646514,628.2115199436972,639.8905274576127,4452423
2020-12-07,637.4859619140625,639.3016379930991,629.9289612508373,633.118599331288,4644396
2020-12-08,639.3997802734375,645.4846405080782,632.039076739975,640.4302667878105,4409047
2020-12-09,640.4793701171875,644.3069601778792,633.0205473187085,643.325532972734,4512763
2020-12-10,647.2021484375,648.7233485453049,633.6584656978041,643.9143315319246,5582666
2020-12-11,652.1583251953125,655.9367956696057,643.0801242802536,651.5694928803642,6275768
2020-12-14,643.5708618164062,655.5933445571626,641.1172939101294,655.0535715980938,2696137
2020-12-15,639.3507690429688,651.618609189232,632.775194744259,647.6438409621553,4819043
2020-12-16,636.6517944335938,643.5708437548014,635.2287131075796,643.2273682181864,2540833
2020-12-17,642.3931274414062,648.9196419331649,638.1730026873,638.9090730479543,4660373
2020-12-18,641.9514770507812,644.1106287684806,628.1133781490587,644.1106287684806,2540821
2020-12-21,617.5139770507812,641.0191693607782,605.9331486181378,634.0019412516261,3004002
2020-12-22,629.3401489257812,631.3030031914367,609.0736546722653,618.2990936814693,3085304
2020-12-23,636.5536499023438,637.8295531674443,621.9794801274379,629.3401840342715,2940595
2020-12-24,645.0430297851562,651.2750685695075,636.9462553527065,639.596120783639,3776278
2020-12-28,666.0946044921875,667.37044777969,645.4846347813442,649.5575214261236,5624012
2020-12-29,660.69677734375,673.6025085812589,657.7034364803923,670.3147515496555,4102480
2020-12-30,663.1503295898438,666.3890271671928,654.6119015029715,666.3890271671928,2886107
2020-12-31,663.935546875,666.3891150452698,657.1146153813368,664.1318443089349,2959814
2021-01-01,665.8002319335938,668.1556212567118,662.4633555155572,663.9354963055918,1264311
2021-01-04,682.9260864257812,684.6435840088468,667.7139649757714,667.7139649757714,5031655
2021-01-05,700.49365234375,701.7204363233362,677.4301135275284,678.2643026730225,6955494
2021-01-06,705.6951904296875,707.1182717980734,692.2987455794457,699.757568066657,3582162
2021-01-07,691.2191162109375,710.3569452606739,689.4525593558889,706.6275341441138,3284785
2021-01-08,703.6832885742188,708.5413650990811,694.9485627052113,702.1130290456957,2841346
2021-01-11,711.6328735351562,717.4233182587463,702.4074933452716,707.5109270149767,3216546
2021-01-12,705.0573120117188,713.4975618223071,700.9353058640698,713.4975618223071,1607350
2021-01-13,700.0028686523438,711.240220760337,695.3901493707133,705.1063014766678,2639680
2021-01-14,693.7708740234375,705.2044643425554,689.5016299939841,699.7575556582066,1995368
2021-01-15,691.7588500976562,703.6832130237433,689.1581042889198,695.2429641363817,2417123
2021-01-18,681.0614013671875,696.126284571472,676.2033248613835,689.9433053375219,2381523
2021-01-19,685.575927734375,688.5202092019064,680.8160299891565,682.0918733114415,2016585
2021-01-20,689.8942260742188,698.6288917556401,686.9990040055976,686.9990040055976,2495461
2021-01-21,687.48974609375,698.6780400122174,686.0176053098234,696.8133043919522,2254977
2021-01-22,674.6331176757812,695.6356249491338,671.3943598196145,689.6489426664339,2644349
2021-01-25,667.7630615234375,686.5082962598296,653.2870109589879,682.0918740537263,3532317
2021-01-27,670.1675415039062,682.0919059791305,660.5495668963116,672.2776339506538,3629780
2021-01-28,659.32275390625,670.3638094528767,657.6543157544477,666.8797550162532,1964058
2021-01-29,665.3585205078125,672.2285102706159,655.7405468201993,661.1383959195447,4598451
2021-02-01,686.0667114257812,700.0520498258054,656.0841207309551,665.7020958608339,8383807
2021-02-02,668.4010009765625,698.7761856329128,661.9726646199433,697.304044792394,6702065
2021-02-03,676.3995361328125,682.091801053379,666.3889682233731,672.2775305346253,2902411
2021-02-04,667.7630615234375,677.8226898817838,665.5548504203858,672.5229592738359,3379697
2021-02-05,668.8916625976562,672.2285388707517,659.9116401094401,669.9221491256077,2759333
2021-02-08,671.3453369140625,678.5588635565223,664.6716432113388,673.111894085141,3887493
2021-02-09,691.8080444335938,697.009596516988,675.1728417212389,675.9089121076124,7331068
2021-02-10,705.6951904296875,710.4551481169397,696.8132865740904,696.8623459519878,8514545
2021-02-11,700.935302734375,712.9577856687594,697.107712778314,707.608995566619,3044979
2021-02-12,697.7456665039062,706.6275705140835,695.0958011341662,700.6899480477149,1760221
2021-02-15,682.337158203125,704.0266721012438,681.3066717783825,700.2482019100031,3871100
2021-02-16,682.4353637695312,690.9247328137335,674.1914114212132,683.465910226937,3066134
2021-02-17,690.0413818359375,698.2853935773757,680.128991917247,683.0732732675382,3533494
2021-02-18,700.1991577148438,702.6527253991052,688.9618057406153,690.4339463511723,2949918
2021-02-19,697.4512329101562,710.0134885363369,690.0414099553911,702.0148332481415,3787638
2021-02-22,677.7736206054688,700.3955661624695,675.2709931510241,697.7947600441546,3110151
2021-02-23,692.5931396484375,699.6103077075409,677.3319597125817,680.6197166470813,4693570
2021-02-24,705.4497680664062,708.0996331437208,684.0546698560961,698.8251353238975,2362499
2021-02-25,719.8768920898438,730.181878275179,707.6090513930161,710.5533331602547,5635556
2021-02-26,687.6369018554688,717.325070779067,681.0613284937327,712.4669947930764,13122512
2021-03-01,692.1515502929688,700.2483248976012,687.1462954070944,698.0891730227197,2210665
2021-03-02,707.4127197265625,714.2827101843152,693.132965826832,701.671394518923,2446910
2021-03-03,713.98828125,717.9139900128866,707.7071232687567,710.5532860824743,1714037
2021-03-04,707.1182250976562,714.9696418926337,699.7575218523649,707.6089386473424,2122634
2021-03-05,703.9285888671875,711.2892921317451,698.0890856303272,709.5717947033484,2140241
2021-03-08,709.5227661132812,723.2627461366045,701.7204083340108,708.4922795918438,3203722
2021-03-09,726.452392578125,732.1446581004708,718.4046779216417,718.4046779216417,5412952
2021-03-10,717.7666625976562,732.1445931120194,711.632743419439,729.3475499273741,2422642
2021-03-12,697.5983276367188,726.0597117797884,696.8131979854963,726.0597117797884,3271450
2021-03-15,691.072021484375,701.7204831775622,682.5826518181741,698.776201429964,2394116
2021-03-16,689.9923706054688,697.4021338737485,686.999029670787,694.5560309774779,1619213
2021-03-17,676.9884033203125,693.967080213154,674.7311329648867,693.37824791228,2100094
2021-03-18,668.2047119140625,686.262997077735,662.5615052881104,682.1900500740306,2124421
2021-03-19,675.66357421875,677.184774412843,661.3347010221202,667.3214429397513,3146999
2021-03-22,667.2232055664062,681.8464936587536,665.6529461303342,676.6449418875122,2585880
2021-03-23,670.8544311523438,676.6448745621382,668.0083287199523,671.1488472796185,2207365
2021-03-24,663.935546875,674.0932951392901,662.5124653559302,666.5854124792047,1735370
2021-03-25,654.6119384765625,664.9659833941927,649.7048025059736,663.9354968206815,2743208
2021-03-26,659.2246704101562,664.2299252317138,654.1702963067385,659.9116814390038,1761492
2021-03-30,674.9765625,680.4234715256853,662.4633655943294,662.9540791984733,3467882
2021-03-31,683.2695922851562,684.8398517610274,668.3518876581428,675.221877692808,2368424
2021-04-01,678.1661987304688,691.2682279580516,669.6277700657059,686.8027461551172,3443437
2021-04-05,669.4805908203125,685.0361880349802,663.5429083179569,684.9380692752566,2074674
2021-04-06,684.2019653320312,688.0294952970676,667.9102386118293,673.7006827891803,1427470
2021-04-07,686.8517456054688,691.9061192313992,682.2881454408346,691.3663462959983,2890361
2021-04-08,688.4220581054688,692.8875394744616,684.3491116394366,686.9989768160384,1817393
2021-04-09,681.944580078125,690.1395321070245,677.6753962563931,686.9989534822233,1586783
2021-04-12,674.5348510742188,677.1847162921954,666.9778502309363,672.2775806668897,3457470
2021-04-13,692.9857177734375,697.5003188071048,672.2776279391484,676.350574755171,4171978
2021-04-15,681.552001953125,700.4444719754113,675.2217857315812,699.9046990979418,2566125
2021-04-16,677.8226928710938,688.2748561973647,676.3014328499235,681.601163481244,2784995
2021-04-19,653.5813598632812,671.7377603976081,649.2630568566577,669.3823115028036,4936620
2021-04-20,672.473876953125,676.2032880418395,657.6542914484286,657.6542914484286,5373233
2021-04-22,666.4380493164062,670.11840088089,659.5190003554878,659.5190003554878,2526780
2021-04-23,673.6024780273438,678.5587328911689,663.7882068539196,666.3890126755,3140377
2021-04-26,691.3662719726562,694.9975639046617,674.4366559816449,680.1289206823703,3274660
2021-04-27,666.1436767578125,705.6461194679443,664.4261792486764,697.8437616604139,10860187
2021-04-28,660.10791015625,669.8240633879975,658.6848886388002,669.8240633879975,4011121
2021-04-29,662.119873046875,668.6953872524737,659.666305089096,665.4076301496743,3939217
2021-04-30,652.7471313476562,665.4075647256244,648.4288881074793,657.5561480326967,2742166
2021-05-03,659.4208984375,661.9725849600442,644.944848581072,647.7418918808438,4908079
2021-05-04,655.4461059570312,668.2046590586701,653.1397760877437,664.4261884468858,4118750
2021-05-05,661.87451171875,663.2484738247608,654.6119266528318,657.6052675605123,2249063
2021-05-06,659.32275390625,667.2723498407572,656.5747698394016,659.5190513185021,2269126
2021-05-07,660.1570434570312,667.8612231729787,658.58672396418,665.4076551231148,1913550
2021-05-10,667.4195556640625,673.2100001071547,657.801581080277,657.801581080277,4342679
2021-05-11,658.7830200195312,668.8426490030697,657.4581172359833,665.407653740398,2430724
2021-05-12,656.3784790039062,661.4328528876297,652.747186496319,658.7829875495762,2428984
2021-05-14,658.14501953125,667.2723399017583,654.0230734431536,667.2723399017583,1580599
2021-05-17,653.9248657226562,662.7577096357985,650.5389302423071,659.1264173800843,2453864
2021-05-18,654.3175048828125,660.3041866469599,653.6304938849037,657.1636077290626,1809231
2021-05-19,653.7777709960938,659.1265014601059,652.6491057248161,655.5933874047777,2252486
2021-05-20,655.1026611328125,666.389074021243,653.3361041392839,656.574801944347,4316905
2021-05-21,658.2431640625,662.3651698384654,654.6118718336364,656.5747260220431,1629616
2021-05-24,657.801513671875,660.7948543460944,654.9553511216986,658.2431678471171,1785392
2021-05-25,646.9077758789062,661.4819461320204,644.8958021571053,661.187529946399,3425396
2021-05-26,646.269775390625,654.023073801645,644.944872704662,651.176911118724,1938680
2021-05-27,651.7167358398438,654.6119581297258,645.1411614615263,648.7724541690953,3565457
2021-05-28,656.5257568359375,661.8745472144313,650.4408960356757,652.6491073009797,3030073
2021-05-31,653.5324096679688,658.2432483430025,650.1464737791257,658.2432483430025,3123672
2021-06-01,652.8944702148438,658.4886174529163,651.3242105943441,656.1822275021993,1731330
2021-06-02,663.3466796875,665.358593501299,650.588125871182,651.6676718488604,4979822
2021-06-03,665.8493041992188,670.6092022184913,664.0336279154332,667.1251475949613,2861563
2021-06-04,668.2538452148438,675.9580252442975,665.0150873359775,666.1437526454691,2532605
2021-06-07,667.4686279296875,671.7869316555201,662.4633730715501,669.6277797926037,1746210
2021-06-08,676.8903198242188,679.1475902972068,668.3518916075112,671.3452324457058,3425861
2021-06-09,672.1795043945312,683.9566306395405,668.8426279978206,682.0918950234561,3041695
2021-06-10,676.44873046875,678.853239205898,671.5415942303115,676.2033736568281,2217208
2021-06-11,669.922119140625,677.3319417182057,668.891632658797,676.4486333614635,1716481
2021-06-14,669.0388793945312,672.277576908817,661.7762947490538,669.9221278612141,1151855
2021-06-15,679.6873168945312,681.1103981505171,667.6648350827966,668.6953215434913,2613877
2021-06-16,679.2948608398438,685.1343047620255,677.1847683979787,683.2696290218672,3092360
2021-06-17,687.2933959960938,690.7774502706962,669.6277079430089,673.2099408699518,3796926
2021-06-18,696.0281372070312,697.7946940724726,679.7364107997064,690.9247041167661,6580504
2021-06-21,705.4008178710938,706.627601902174,691.5135986786407,694.1144047851562,6100487
2021-06-22,703.4378662109375,710.553212607909,700.0028713986064,706.6275042509592,2451368
2021-06-23,704.4193115234375,710.2097554603589,703.045289602337,707.6089496459748,1893116
2021-06-24,706.2349243164062,709.0320275205277,698.8251616170462,701.7203835715338,1652982
2021-06-25,712.467041015625,717.9139496374843,704.9590994682254,708.5903918499845,2833717
2021-06-28,683.2695922851562,714.4789636051805,681.3067379895376,714.4789636051805,7428147
2021-06-29,673.7498168945312,689.4526531222261,667.4195990599285,667.615896493088,30820343
2021-06-30,675.5411987304688,684.7446594029652,674.2615902099714,679.1832076567595,3432606
2021-07-01,674.9998168945312,681.742408606146,672.0960506537981,678.6910298924962,2556547
2021-07-02,676.7222900390625,679.2323025173599,668.207869194876,678.5432641700181,7942326
2021-07-05,667.2728881835938,680.1675012969632,666.1408921891749,679.1831778508026,6776797
2021-07-06,669.38916015625,676.2302202516097,664.4183386751624,667.961879116762,6442552
2021-07-07,674.4584350585938,675.0490050929716,667.3712942543846,669.3399411400908,3025732
2021-07-08,670.6195068359375,678.4940938766139,667.7650050806911,674.5568003562757,3568036
2021-07-09,672.5390014648438,673.2280398998676,666.3869798634456,669.3399502321167,2570371
2021-07-12,672.2437133789062,675.8857221659973,669.4383554944567,673.7694027134303,1383135
2021-07-13,682.5299682617188,683.6619042883583,672.8343453230652,675.7381117885166,3119430
2021-07-14,677.7067260742188,686.1226799379041,677.2145643268882,685.0891522841775,2303846
2021-07-15,682.7760009765625,688.534269261424,677.3129576395528,679.1831962693103,2774718
2021-07-16,687.0577392578125,690.9950328925278,681.2994713483747,685.0398882856875,2000951
2021-07-19,668.060302734375,685.5812472161198,666.3869409408659,685.5812472161198,2866929
2021-07-20,653.0494384765625,670.8164656463936,651.5729532256901,668.0603718604326,3629414
2021-07-22,651.720458984375,658.9060674246466,650.7361356449766,653.5906973605636,4062964
2021-07-23,654.9195556640625,657.4788325725758,651.4252195803548,651.7205045871706,2796725
2021-07-26,652.704833984375,654.9688259068461,649.9979445867831,654.5750725085901,2503714
2021-07-27,658.266357421875,664.2215027331638,652.5080888312776,655.5594677278037,3512513
2021-07-28,654.427490234375,663.8770323909549,650.7855411506498,663.8770323909549,2686658
2021-07-29,652.261962890625,659.4475121119197,650.6378051550457,655.6086265978248,1981009
2021-07-30,653.6400146484375,661.4653985667928,650.9823291563853,654.0829722435028,2640763
2021-08-02,659.8412475585938,660.9240394775287,654.9688941975763,658.5124348380144,2613866
2021-08-03,663.2371826171875,664.4183828690673,656.1500411842494,661.4654122785381,2936646
2021-08-04,664.7135620117188,668.9954047328164,662.1051411193237,665.4026003887343,3077649
2021-08-05,659.0045776367188,667.3713273154523,657.724969113286,667.3713273154523,1985164
2021-08-06,662.843505859375,664.9105612931984,658.5124581867501,659.5459859036619,1749643
2021-08-09,656.5437622070312,667.3221163458877,655.5594387254615,663.5816991315901,1468932
2021-08-10,659.7919921875,663.9753668225343,652.9017280827377,661.3176815093161,2024406
2021-08-11,656.1992797851562,661.3669781166759,650.9823172163802,659.102986023054,1361893
2021-08-12,664.369140625,665.3042599407323,654.9688634663298,656.0515952561229,1822952
2021-08-13,659.9888916015625,667.5681943932658,658.1186529631537,664.4183472498951,1358720
2021-08-16,662.9910888671875,664.9105317294467,655.5594583742583,659.4967524185481,1058059
2021-08-17,658.9061279296875,665.9440044056525,657.626459408299,662.4496682455812,2151413
2021-08-18,660.5302124023438,664.5659744311838,658.0201997219879,658.4631572722467,1968944
2021-08-20,657.3804321289062,664.2214925391443,645.7162225666223,653.5908106467031,4035337
2021-08-23,658.3155517578125,662.25284579952,651.917448940038,659.4967519859925,2173978
2021-08-24,660.5794067382812,664.8612495560269,657.6264365515597,660.4809984300567,3051984
2021-08-25,676.7716674804688,681.1519194405165,662.4497713633925,664.5168268563688,7608915
2021-08-26,687.8944091796875,690.995052034252,679.1831708028973,682.5298945164484,7671524
2021-08-27,693.0621948242188,695.9167571806247,687.8944961322834,689.3709814728363,3396769
2021-08-30,701.1826782226562,702.0193890740543,695.030657602052,697.8852192013429,3023655
2021-08-31,706.4981689453125,707.7285732799438,693.0621295798037,701.1827981883705,3854510
2021-09-01,707.28564453125,713.2407897379172,696.2120050682303,708.7129256332626,4991772
2021-09-02,747.1015625,763.490573376692,708.7129446640316,711.124549338626,16281725
2021-09-03,722.88720703125,736.0279018085321,715.8000657704849,727.3658669690811,15600504
2021-09-06,724.5112915039062,732.0905943790273,717.2765378966722,728.3993812981246,8084343
2021-09-07,722.739501953125,731.7460856615056,719.1466972855918,725.4463914735487,2891731
2021-09-08,731.9921875,735.2896471607512,722.3457692336143,727.415059239351,3070612
2021-09-09,725.7908325195312,734.4529264730869,723.477696568638,730.9093261979963,2867987
2021-09-13,723.3793334960938,731.0570444547429,712.1088178835133,725.3971845698302,2883674
2021-09-14,727.6119995117188,732.3367406616088,724.5605603786228,726.2339224737601,1974670
2021-09-15,734.6005249023438,740.2111801719731,728.3992996373139,729.2852147087458,3172198
2021-09-16,743.3118896484375,744.3454172724418,731.8444972340807,735.2896293663191,3209102
2021-09-17,736.0278930664062,747.6921024457522,728.3993859834712,747.1015323803441,11661592
2021-09-20,718.7037963867188,735.1912142966725,715.6031534648557,727.464239109782,1447672
2021-09-21,724.2651977539062,726.1354363796446,712.896273682541,718.2608486137345,1850978
2021-09-22,721.5582885742188,728.4485526818911,719.5404375297818,721.9028378266034,1150957
2021-09-23,713.2900390625,724.3144140569594,710.8784345030853,722.2473587650827,2336977
2021-09-24,714.4219970703125,719.8357764172027,709.4511753220177,717.4734360219272,2219394
2021-09-27,709.6972045898438,718.8021964656497,707.0395192698875,717.9655455678557,1906863
2021-09-28,714.4219970703125,721.8536276126484,710.18941796023,710.6815797190382,2407512
2021-09-29,723.2316284179688,726.4306795133867,709.6971814758156,713.3391901231889,5200234
2021-09-30,711.0753173828125,728.3993868772053,709.4019554243188,728.3993868772053,3235673
2021-10-01,718.0148315429688,719.0483592634079,703.102305604937,708.7129619023322,1852758
2021-10-04,715.2586669921875,721.8535861184508,713.6345092501458,714.0282626658941,1615207
2021-10-05,721.6567993164062,724.4128931055509,710.7307724003253,712.847091960356,2236948
2021-10-06,714.2743530273438,730.0727327713207,712.6501952637091,724.4620769531628,1939154
2021-10-07,713.9788818359375,720.869144937986,708.0237378848323,718.5560092136288,2453970
2021-10-08,710.7799682617188,719.9834289423458,709.0081979949774,717.5718243756216,1573419
2021-10-11,706.0552368164062,713.5361314875887,703.692896455774,713.5361314875887,3007329
2021-10-12,692.373046875,706.6949391561434,688.0420002384484,705.6614116864722,3241303
2021-10-13,689.912353515625,698.6727964704917,689.0264383492695,693.2590173120332,3092746
2021-10-14,682.9236450195312,691.6841483642331,682.1361982205146,691.487271644894,4077281
2021-10-18,692.5699462890625,694.9815507255438,678.2480522954035,689.0264059469549,4597120
2021-10-19,691.7825317382812,697.9345535061557,687.5991569361265,696.9010258648203,2137420
2021-10-20,692.373046875,698.3773950918157,684.3999919411202,692.373046875,2606119
2021-10-21,683.6619262695312,699.8540610766354,680.1675895976865,695.8675626178169,3427729
2021-10-22,679.9214477539062,690.9950869681393,667.3713233111089,689.02643999672,3533890
2021-10-25,672.5390014648438,682.6775210482807,665.8948181353338,679.9214273865215,2786630
2021-10-26,679.2322998046875,684.1047122891754,673.375563993165,674.2614790188275,2616174
2021-10-27,682.9728393554688,688.9772487780713,677.5590600823874,679.0848095765633,2103049
2021-10-28,672.3912963867188,684.7938073821412,669.5367945487642,682.9727730292221,1471621
2021-10-29,669.7828979492188,678.1988513604484,664.9104848969273,671.8007489891235,2021722
2021-11-01,678.9863891601562,682.5791942356973,669.684519372508,669.7829877768894,1575508
2021-11-02,681.7916259765625,686.7132429688763,680.4135491873817,683.1204385331542,1898373
2021-11-03,681.4471435546875,687.5499612391926,675.0490408373578,684.1540331658654,1256308
2021-11-04,685.4828491210938,688.9279810679838,684.1047723110045,688.9279810679838,409164
2021-11-08,692.2254028320312,693.8987645594847,681.1517650334386,691.4871603121251,2429656
2021-11-09,695.3753662109375,698.8204985482345,687.8452672137952,698.574417666999,2647708
2021-11-10,695.4244995117188,696.9009846486863,689.6169672749794,694.4401760870737,2077910
2021-11-11,691.5856323242188,695.8182712242469,689.1740879330429,694.9323560874187,1102633
2021-11-12,709.3034057617188,710.6814825292577,693.7511083259137,697.7376060114157,5345270
2021-11-15,703.3974609375,712.600920556369,700.0507975038184,712.600920556369,1917369
2021-11-16,702.4132080078125,708.122332227751,700.1000718719781,706.7442553308686,1900114
2021-11-17,699.9031982421875,711.075305784059,697.2947770679209,703.0038412346535,2453920
2021-11-18,693.4558715820312,703.7912678227855,691.2903479730633,699.9031781736918,1708655
2021-11-22,678.0512084960938,698.623593360445,673.5725486557697,695.8182954600052,2109072
2021-11-23,684.49853515625,688.4358288641874,675.2458709112634,678.0019644911528,2081366
2021-11-24,676.4271850585938,693.4067670361701,672.1453413824593,687.4516213147759,2093430
2021-11-25,678.0020141601562,683.6126701206588,674.7537586288144,679.1832143747365,1943112
2021-11-26,660.1365356445312,678.1988466435442,656.6421393879816,674.2615529039591,2236662
2021-11-29,672.9327392578125,675.2458752949087,648.4722658914553,659.102946956233,4901166
2021-11-30,670.12744140625,678.937148939142,662.1052407532119,671.308641647691,11535239
2021-12-01,682.9728393554688,684.1048354166303,667.4205400048304,669.3399828536815,3209799
2021-12-02,694.2433471679688,695.6706282476039,683.1205037196138,685.0891507043966,2331496
2021-12-03,680.1183471679688,696.1628085049059,677.3622533316554,696.1628085049059,1878712
2021-12-06,673.47412109375,682.8743980896228,671.8007592016829,680.167508583682,1393577
2021-12-07,683.5142822265625,685.2860525622069,673.1296209381419,677.2145876127819,2459318
2021-12-08,675.6397094726562,687.8944896205662,673.9663474202014,687.1562469572781,3678237
2021-12-09,672.4406127929688,679.4784896635474,670.5211699815972,679.0847963165595,1650779
2021-12-10,674.0154418945312,675.245846133112,669.5859866356406,674.1631144344938,1011025
2021-12-13,663.8278198242188,677.6083493928729,662.4497428360169,674.2616253234347,2026297
2021-12-14,659.0045776367188,667.3713273154523,655.2149562253335,667.3713273154523,2093071
2021-12-15,662.302001953125,664.7136063945361,654.6734953002609,659.4967041830831,1981529
2021-12-16,659.0045776367188,666.8299614107312,657.478888240382,663.6309100629802,1404782
2021-12-17,646.3067626953125,659.447516992087,644.1412991362963,656.5437507564325,2377387
2021-12-20,623.6672973632812,643.7475192425475,617.1707867967542,643.7475192425475,2473370
2021-12-21,628.7366333007812,633.8551274975276,623.0767731967037,629.9670376712329,1640601
2021-12-22,629.86865234375,633.2153163065319,626.0297665364825,630.0162648265891,1212183
2021-12-23,630.4591674804688,634.4948695797668,626.8171587127678,631.0005333603743,2150523
2021-12-24,627.358642578125,632.9200951280852,624.2088550196361,631.1483246068485,1183083
2021-12-27,629.7208251953125,632.2800417196802,620.2220814091799,625.0452895647103,1185438
2021-12-28,632.2308959960938,633.5597686082738,628.9826408524283,631.6895301518714,1217603
2021-12-29,634.6425170898438,636.611163905167,629.0810658052222,634.8885979417591,1505964
2021-12-30,630.8529663085938,635.2331578981826,630.0654594320325,634.6425878191013,1280995
2021-12-31,639.3673095703125,644.7318845952074,632.0833518066213,635.2331389053321,1592842
2022-01-03,640.302490234375,644.3874571319271,636.1683191733806,643.7476227721464,1892087
2022-01-04,642.910888671875,644.7318630323113,638.8751264593277,642.1726460806166,2293391
2022-01-05,643.3045654296875,647.930897564692,640.4500635307137,644.7318464183415,3326875
2022-01-06,636.7588500976562,641.7296713972389,634.7902032401317,640.794552124248,2548339
2022-01-07,649.94873046875,652.5572115159603,635.8729178327019,636.8572412349197,2168995
2022-01-10,652.5572509765625,659.2014343433112,649.6534847487607,655.559425519204,1480419
2022-01-11,647.83251953125,655.4610264675478,645.9622808961776,652.5572601987088,1484964
2022-01-12,662.69580078125,663.6801242877948,647.9801523427383,647.9801523427383,2091488
2022-01-13,659.8412475585938,665.796452916886,657.921864757388,663.3356441170429,1807858
2022-01-14,660.924072265625,664.2707363524339,655.7563735295877,657.5281439377034,1292789
2022-01-17,663.5816040039062,664.959620633556,657.5279914287323,660.4809614501189,1255654
2022-01-18,658.6107788085938,668.1587280347632,656.2976427940839,667.3712813114195,979679
2022-01-19,645.765380859375,656.9374879514667,642.0249638026769,654.5750876639021,1945857
2022-01-20,639.2688598632812,650.2440299961268,637.398621325965,644.3380894509182,1429228
2022-01-21,631.394287109375,636.8080660680084,623.4212311414773,634.888623330644,2963518
2022-01-24,617.7613525390625,629.819314398507,609.3946034937337,629.819314398507,2628472
2022-01-25,620.9111938476562,623.5688790653377,607.3275428308025,617.3676536096364,1827902
2022-01-27,611.7570190429688,616.0880662179699,607.4752361027229,615.9895978267946,1914985
2022-01-28,610.7235717773438,622.9784122546658,609.3454947463026,611.6094269444334,1317526
2022-01-31,612.692138671875,617.6629600397952,605.8018745758136,615.6943131552061,4374943
2022-02-01,614.1194458007812,628.5397487967701,607.9181597878827,616.4325819572298,4159628
2022-02-02,634.052001953125,635.6760996693309,614.3162678587354,614.3162678587354,2989002
2022-02-03,624.4548950195312,637.1526329885214,621.1573750226353,635.9222285296071,2076930
2022-02-04,614.5624389648438,627.0141570089986,612.347710780746,627.0141570089986,1909456
2022-02-07,593.7931518554688,613.9225794624242,590.5941004778803,610.3789788125538,3030728
2022-02-08,591.037109375,598.3210678661884,584.6882102280669,596.8938467288119,1954492
2022-02-09,590.791015625,597.2383229589501,586.7552529622026,597.2383229589501,2644690
2022-02-10,596.74609375,601.9137918814433,581.1937951986569,590.7909488713373,6231536
2022-02-11,586.0169067382812,592.0705196236212,583.7037708010097,591.2830729265712,2557745
2022-02-14,548.5634765625,580.5539904307765,546.2995445197975,578.7822201398935,7168038
2022-02-15,564.60791015625,565.4938252977114,542.9527941309243,555.1584290128968,4282324
2022-02-16,577.1580200195312,583.6053865584215,567.2655815487801,567.9546199664861,6991082
2022-02-17,583.31005859375,586.0662123455014,572.1380113496969,576.9119561012373,3542326
2022-02-18,581.6859741210938,588.133280917154,578.2408419316208,580.750854796855,2613689
2022-02-21,572.876220703125,580.1602379186559,567.5116461396372,574.4019099625269,2415405
2022-02-22,563.7713012695312,567.9546762680393,556.1427939193106,567.9546762680393,2952243
2022-02-23,560.1292724609375,568.938979751301,556.6349360715583,563.771281405809,1929381
2022-02-24,524.59521484375,551.2211531733299,520.7563292099577,550.2368296855203,5515851
2022-02-25,530.4519653320312,536.9976806482669,525.481083527351,531.5346971652914,5087685
2022-02-28,514.998046875,524.1522430477727,512.0942806490211,523.6600813172114,10669560
2022-03-02,552.008544921875,554.174068394857,501.06980950547387,509.879515858856,41081069
2022-03-03,523.4140014648438,554.6662714159652,521.9375162703026,551.9593818926396,5811568
2022-03-04,513.32470703125,520.6087249878611,506.1883616314867,520.6087249878611,4687979
2022-03-07,495.6068420410156,511.84817847334284,490.1930632302399,497.08332717122715,9156126
2022-03-08,505.00714111328125,506.87737972593345,489.25796569165925,492.16173192568806,7443036
2022-03-09,506.6313171386719,514.8011901677311,500.03633767726075,508.89524917154296,4515965
2022-03-10,513.1277465820312,521.4452908442931,507.76317234814667,515.7854316232366,5059007
2022-03-11,510.6670227050781,515.9823936668147,506.6805245229452,510.42094182867066,2924919
2022-03-14,504.4165954589844,512.9802220242802,502.05419500016507,511.8482259547753,4517379
2022-03-15,496.7880554199219,511.6513154294125,494.86861268375094,504.4165621296167,4513513
2022-03-16,509.1905517578125,513.177050051989,499.1012355415392,499.1012355415392,6339842
2022-03-17,521.8391723632812,524.5460622207044,512.34042574135,514.8012347026438,11303983
2022-03-21,514.161376953125,525.9240552687153,512.0943215510023,524.4475699591017,4064003
2022-03-22,521.00244140625,522.1836416783066,508.40311202044364,515.2933768493751,3457606
2022-03-23,517.6065063476562,525.6287671814814,515.9332044024477,523.5617117913175,2654149
2022-03-24,514.161376953125,517.7541819045213,510.8639171263242,515.7855348250364,3192575
2022-03-25,511.4052429199219,519.7227881936119,509.7318810180252,515.8839026585746,2874297
2022-03-28,504.5641784667969,512.5372344908465,497.1817826012906,508.00931055564484,4968964
2022-03-29,514.8012084960938,517.4588940546671,506.3360501315096,508.8952672896376,3428962
2022-03-30,533.7986450195312,534.832172723367,517.7541832943296,517.7541832943296,6695548
2022-03-31,529.762939453125,541.6240260543675,525.5303602610988,534.4384762523222,5976662
2022-04-01,541.722412109375,542.7559998430692,527.9911473998773,529.5660409624824,3675121
2022-04-04,562.8361206054688,588.1824487184352,545.1182990119388,551.2211162431547,23976331
2022-04-05,560.7199096679688,566.6258507086425,558.1114283436689,563.0330458775637,4898169
2022-04-06,547.1361694335938,559.0957234651061,545.0691142056381,558.1114000083013,5626902
2022-04-07,550.23681640625,551.7625057598666,544.1832030709827,551.2211398703041,3159512
2022-04-08,555.9458618164062,557.9637128343013,545.1183040753425,550.1875937763562,3232920
2022-04-11,558.505126953125,562.7377056011237,551.8116797014063,556.0935225825792,3034500
2022-04-12,553.485107421875,563.8205044592113,551.6641329275852,557.6192782524776,4518691
2022-04-13,555.9950561523438,559.8339414967979,553.189758454858,556.1427286957202,2313264
2022-04-18,565.2969970703125,567.8070100819284,546.5456456468585,551.7133442324433,5765896
2022-04-19,538.129638671875,570.8091890174965,533.5033064709434,567.8562186864765,2958108
2022-04-20,550.5320434570312,551.9593243452798,532.5189379773453,539.4092015001576,3278202
2022-04-21,561.9994506835938,566.6749867790007,548.3173315520172,551.7132592580318,3111307
2022-04-22,545.3643798828125,559.981618744888,543.3465288836036,559.981618744888,2703271
2022-04-25,531.5347290039062,543.3466118706597,527.5974347149884,543.3466118706597,3225681
2022-04-26,541.230224609375,547.2838378543863,529.5168116087734,532.617394427314,4153518
2022-04-27,539.064697265625,549.6953772447195,528.8277105726728,543.3464797321832,4744055
2022-04-28,562.4425048828125,566.3305348729273,537.9328242655433,542.2638719506192,14954957
2022-04-29,573.2699584960938,584.6880856319852,564.2141714167672,566.3304306292109,8916828
2022-05-02,570.7599487304688,576.5674813231467,565.6907188298585,568.3976084135353,3025011
2022-05-04,558.7019653320312,571.4489660056539,555.5521783595291,561.3596506586234,3587834
2022-05-05,560.8182983398438,568.3483969342321,554.6662766380026,561.5565409440647,3860357
2022-05-06,557.0779418945312,564.755653799801,546.2995866821605,546.2995866821605,3969111
2022-05-09,555.0107421875,560.0800318852822,548.7603124359312,549.4001466970109,2774773
2022-05-10,550.4337158203125,563.9189598497923,549.2525155990553,552.2054861130288,3953646
2022-05-11,554.7154541015625,566.6750077457509,550.7289562462777,550.7289562462777,4283207
2022-05-12,538.6709594726562,555.7982099906475,535.7671935411486,551.3194906340581,3079554
2022-05-13,542.1162109375,556.9794729436683,539.4585252594959,546.2995861467317,3154166
2022-05-16,541.0826416015625,549.0064337848514,535.6688623351946,543.4449819617016,1260662
2022-05-17,546.15185546875,548.120502416574,533.9954845972713,541.2302380991899,2057634
2022-05-18,541.3778686523438,549.7938216857274,538.9662643126804,546.2994856400923,2377852
2022-05-19,520.411865234375,538.8187273638881,517.163609582894,533.9955180086031,3998270
2022-05-20,536.1609497070312,538.7693705810576,523.6600309377754,525.6286776706243,2607708
2022-05-23,542.5098876953125,547.4807090489699,534.1431384598162,535.471951071767,3094798
2022-05-24,544.2324829101562,547.2838617048734,537.0961375911629,542.5099167986751,3835802
2022-05-25,560.1785278320312,562.5901326293996,547.8744830274413,548.9572750172515,5339885
2022-05-26,568.9882202148438,571.8919867242065,554.3218352597996,559.1941888051894,3444955
2022-05-27,588.7238159179688,594.8266331630047,568.3483691019358,572.8762328214244,8795852
2022-05-30,599.3546142578125,603.7840700896718,589.9050724361755,596.1555628236919,5399271
2022-05-31,591.211181640625,599.6506979325901,588.3979693789422,599.1571582635098,5609885
2022-06-01,599.3052978515625,601.1313706918269,588.9409638741172,591.2112345055815,4893225
2022-06-02,600.0455322265625,601.6741769281389,583.5612958217081,596.1958988473101,5252011
2022-06-03,594.9127197265625,609.4721397335967,592.5437052539203,605.0796246991155,3679222
2022-06-06,598.2687377929688,606.5602279861056,593.2839993925942,594.17239485848,3348790
2022-06-07,597.4791259765625,599.3052589448218,585.3874037878678,599.1571729418532,1652408
2022-06-08,592.1982421875,601.0326140330191,588.3486087922112,594.5178544599563,2129427
2022-06-09,597.0843505859375,599.0585093774314,584.351002282184,587.8057801672983,2320898
2022-06-10,585.4367065429688,595.9984670627958,583.9067456829957,594.0243084701754,1988641
2022-06-13,574.4801635742188,582.3767981250671,572.0618071937133,574.0359658314254,2280937
2022-06-14,565.0042114257812,577.0959327653301,562.7832830164763,572.5059899541511,4065780
2022-06-15,572.2592163085938,574.6775726096583,563.7703585438993,569.5447482709075,2601467
2022-06-16,563.1780395507812,578.2803396379766,560.3155459473389,574.4801087218497,2366283
2022-06-17,543.6832885742188,564.6093826373593,540.3272549652085,556.7127479151585,5050203
2022-06-20,546.0029907226562,551.2344994599466,538.797262951425,543.8807459275876,1278783
2022-06-21,557.1569213867188,558.4894543394017,547.8290099783206,548.2238657958395,982122
2022-06-22,544.6703491210938,556.5646427116976,543.2390720777715,553.7514907875958,1215189
2022-06-23,550.8889770507812,552.764451968578,542.5482044995621,545.9535801582047,1592871
2022-06-24,554.1956787109375,557.9959098739612,550.9383291074117,550.9383291074117,1021604
2022-06-27,550.7902221679688,565.1028713103263,549.4082871176784,556.9594674879505,2738127
2022-06-28,558.6375732421875,561.6481532268718,542.2520197944973,552.7150971097425,2194297
2022-06-29,534.2566528320312,554.2943498866318,531.7889546665253,551.283770174022,4268386
2022-06-30,542.8936157226562,548.8160915305398,530.6538082877479,533.516362360174,6228299
2022-07-01,558.1439819335938,559.9700544735605,533.5656841589355,542.8442533400728,2052291
2022-07-04,566.8797607421875,568.064268224808,555.8244579819857,558.1441310201493,1488372
2022-07-05,557.5516967773438,573.6904788513028,555.9723940575085,573.4930509496892,2528269
2022-07-06,550.2473754882812,564.5106836209926,547.8290191203339,555.9724234586092,3309296
2022-07-07,547.4341430664062,558.3414172772924,544.0781096716657,556.5152844664499,4548159
2022-07-08,538.3037109375,551.6292824475166,536.4282962803128,550.7902890806886,3509988
2022-07-11,539.5869140625,542.0052101082247,533.2202406388815,535.9840505815228,1848324
2022-07-12,532.776123046875,539.5869952214985,530.505852404183,539.4882511304395,2088278
2022-07-13,532.5292358398438,538.6984809260329,531.5914985374362,535.4411315698318,1169625
2022-07-14,530.209716796875,536.4283048853283,525.7184573890332,533.8125204113026,1770641
2022-07-15,532.9241333007812,534.7008639752444,527.1003413853612,530.1602630887955,1079168
2022-07-18,535.7373046875,538.895970582962,533.4670342848851,537.3660096755394,1543573
2022-07-19,528.9757690429688,537.7607378026896,528.0873736615603,534.0098488801946,4654412
2022-07-20,518.4140625,534.1085872853703,515.2553966779536,533.0228241496072,9053768
2022-07-21,522.2636108398438,525.4716184254609,512.343476355166,518.5127217121219,5528757
2022-07-22,528.0875244140625,530.0123414589004,521.720849687237,523.1521269896319,2944287
2022-07-25,519.944091796875,529.0745765602753,519.2037822214642,527.1004176925131,3800562
2022-07-26,515.79833984375,524.1391730077783,513.3799832108831,518.2166964766169,7812371
2022-07-27,514.51513671875,525.6691218779241,513.330629390664,518.216684464928,8672870
2022-07-28,524.7313842773438,529.0745577304657,512.9358336595071,517.2296049454552,11504269
2022-07-29,548.3225708007812,552.7644278099685,527.2977930066032,533.0228411024697,14236016
2022-08-01,538.99462890625,552.9618248197561,537.3659842418358,552.7643969144076,4482787
2022-08-02,531.5421752929688,537.9581904079257,527.7419442850318,537.9581904079257,5856552
2022-08-03,528.4329223632812,533.5657471922705,519.6972939426353,533.0228655821901,4152018
2022-08-04,527.9887084960938,532.4305650670203,522.5597726871835,529.3705832813496,4868831
2022-08-05,532.2825317382812,538.5011195034397,529.6174054827729,530.6538267358758,5466554
2022-08-08,529.8148193359375,536.3789208422553,528.8770819426721,534.0099064010102,2560379
2022-08-10,533.9111938476562,536.9217735301562,530.0615606493535,531.4434957068305,3597072
2022-08-11,534.5528564453125,538.4518322663029,532.2825857921243,536.625759408565,2333537
2022-08-12,537.908935546875,541.264969386821,533.1709664368332,534.9970392433813,2904816
2022-08-16,563.2274780273438,565.4978088304152,538.9453490374608,540.6233960563003,9780995
2022-08-17,581.7351684570312,584.0548409882688,562.6352078675133,564.6093664916099,8775717
2022-08-18,579.1687622070312,591.211141361453,575.467214941115,582.5741977409817,7123366
2022-08-19,569.1993408203125,586.7199995765947,566.3861284777158,578.9220484822235,3992396
2022-08-22,559.3284912109375,569.1992838891749,558.2920097824928,569.1992838891749,2575136
2022-08-23,558.538818359375,563.9184127916401,552.764428340506,552.764428340506,2725513
2022-08-24,559.3284912109375,566.830269547783,555.8737137735544,560.5623402957171,3475352
2022-08-25,563.6716918945312,572.2592949154042,561.0065654057711,562.1417308397114,2146845
2022-08-26,559.5753784179688,573.9867146528511,557.0582775597403,567.4720142171482,4009744
2022-08-29,553.7022094726562,557.6998690510582,546.9406793371184,547.8290749085616,2582228
2022-08-30,567.7680053710938,569.0511963664983,554.8866330100234,556.2191659193786,3057037
2022-09-01,568.162841796875,573.4930943107724,561.6974841943148,569.3966909670788,3491926
2022-09-02,567.4225463867188,578.5271891943381,563.8690847868977,567.5706323894375,3282784
2022-09-05,566.2380981445312,571.3708626118812,562.6845763057395,566.583551821415,1218242
2022-09-06,566.090087890625,573.2957561230961,564.2640149315337,568.9526425121447,3339197
2022-09-07,569.4954223632812,571.0253832509463,561.5494459334707,562.6352090804485,3210212
2022-09-08,576.7997436523438,578.4284485360859,570.5318144263781,572.3578869656332,2397242
2022-09-09,568.5083618164062,581.2910514062719,567.5706243876747,578.4284972020477,1230807
2022-09-12,571.0747680664062,576.4543627820891,565.3990615835347,570.5318864521362,2014300
2022-09-13,579.4649047851562,598.0713861802141,577.4414042213809,597.1829906904879,10170913
2022-09-14,568.9031372070312,578.6259045753259,567.6199461511127,572.5060007933988,3032306
2022-09-15,559.4271850585938,575.8620792608273,558.7855594244016,570.9266828333143,2651988
2022-09-16,539.6856689453125,561.5000998694492,537.8595961302614,560.6611064671924,7125860
2022-09-19,541.0181274414062,549.8031571023389,535.9840472290306,542.8936021656847,4657454
2022-09-20,552.5177001953125,557.2556693178434,540.1298656390815,543.6833274193431,8499419
2022-09-21,544.2755737304688,554.5411627478886,542.4000988804909,550.7902732944748,2075187
2022-09-22,538.7479248046875,544.3249475167631,533.1215601718903,538.0569571749501,3493307
2022-09-23,532.4799194335938,537.9581972832257,530.1602470221568,535.7372689458178,2118150
2022-09-26,515.9957275390625,529.5187266133066,513.2812593406264,528.0874495139138,3974804
2022-09-27,514.1202392578125,520.092117335637,508.59261916943433,518.6114983569778,2994372
2022-09-28,507.8029479980469,513.5279957767161,503.41043314968806,511.6525210447981,3564554
2022-09-29,521.1778564453125,522.9052451740612,510.31998443603516,511.3070637096058,5428542
2022-09-30,523.5962524414062,525.5210692202172,514.7618802233557,519.2037372914383,3216079
2022-10-03,511.9980163574219,523.694881310381,511.35639074964945,523.694881310381,2951085
2022-10-04,525.076904296875,526.2120094706594,515.4528800475775,515.4528800475775,2257640
2022-10-06,522.8065795898438,532.2331749320986,521.9675260301054,528.087429789119,3033739
2022-10-07,520.042724609375,526.6068262991621,519.105047436441,523.102706702056,2762228
2022-10-10,526.310791015625,527.5939822908765,513.2813298246132,519.0063787618085,2979552
2022-10-11,515.79833984375,528.0874906952191,514.5644905664248,527.1004112733589,2358152
2022-10-12,519.7959594726562,521.7701181645334,513.3799437240552,513.3799437240552,1768526
2022-10-13,513.9228515625,519.203701615295,511.3070673701955,518.2166223346576,1463375
2022-10-14,516.2425537109375,527.4952835692218,515.0580463185051,527.4952835692218,2214367
2022-10-17,516.9827880859375,519.1050326988919,511.8993055459992,515.2553992951969,1486039
2022-10-18,524.3858642578125,525.5210295214092,516.9827697035846,519.3023818986276,2757284
2022-10-19,524.6820068359375,528.4822984117772,522.4610783391041,526.3107118322318,2135162
2022-10-20,530.259033203125,531.0486846253785,520.1908118914024,524.1391292492119,2285817
2022-10-21,534.9476928710938,541.2156229623794,529.7655260211733,532.9241921504339,4221644
2022-10-24,534.5528564453125,539.9324514201057,532.7267835875747,539.7350234836225,389166
2022-10-25,526.5574340820312,537.7607593883685,524.6326175094064,537.3165616798342,2362781
2022-10-27,526.11328125,530.9993359675774,522.8065896034241,526.11328125,4849578
2022-10-28,523.2506713867188,529.568002504963,521.4739408367545,525.8171135113644,1207153
2022-10-31,533.4669799804688,534.3059732243314,525.2248322917482,525.9157997995653,1625350
2022-11-01,537.5140380859375,543.7820279908337,532.9241553409619,536.0334190882277,2726938
2022-11-02,535.2437133789062,541.0675049444369,533.1708710909907,538.797174514343,1479779
2022-11-03,538.3531494140625,541.2156436354313,531.196823490819,533.4177522256188,1782757
2022-11-04,532.3318481445312,539.8336868837267,529.5680381865282,538.3530679512388,1514523
2022-11-07,529.0745849609375,536.4776808325925,527.791393725827,533.0229027591535,2976001
2022-11-09,524.8794555664062,531.2461295591157,524.0404621996144,529.8148524217556,2253327
2022-11-10,521.4246826171875,527.5939287437515,520.1908333918748,524.8794604480634,1377280
2022-11-11,535.6386108398438,545.854857583892,525.5703898441421,528.0874300314325,6425663
2022-11-14,531.8876342773438,538.155623715954,529.4199361314035,537.9581958149714,2050388
2022-11-15,526.0145874023438,533.9605637835012,523.3001193049798,532.8253984805331,2529334
2022-11-16,521.2765502929688,525.2742696249961,518.808852061613,520.2894710004265,2993826
2022-11-17,524.3365478515625,528.6303188032847,518.2659859231574,521.7207635498664,2836626
2022-11-18,524.6820068359375,527.8406727474088,521.2272291741966,526.1132839165384,1947066
2022-11-21,525.4716796875,527.9887802838232,521.7207901224813,524.6326863197547,2063314
2022-11-22,532.9735107421875,533.6150761761683,525.4223295642101,526.9029485993789,2913409
2022-11-23,540.573974609375,542.0051913226557,534.0098735073888,535.6385783662383,5516902
2022-11-24,565.1522827148438,566.1393620874123,542.99233875137,544.7691298192284,10593189
2022-11-25,579.0206909179688,582.3767846228857,566.5835158873498,567.5705951833208,9556330
2022-11-28,578.4285278320312,585.3380836252467,574.6282962443809,577.1453366626004,5799007
2022-11-29,577.2932739257812,579.9090580308326,575.0230037053508,575.9607410399844,3215187
2022-11-30,582.9690551757812,585.3380697760218,577.4907766900868,578.6259420707321,3502958
2022-12-01,588.7434692382812,593.135984237528,581.4884001280989,582.9690190999883,3187533
2022-12-02,582.2286987304688,587.262839288714,579.3662049195817,587.262839288714,2788220
2022-12-05,581.291015625,586.1276679784851,577.2439544044701,584.252253483005,2199625
2022-12-06,579.2181396484375,587.7070580468745,577.5400927356559,580.4026468954917,2751347
2022-12-07,574.2827758789062,583.2652344574738,572.6047288700271,583.2652344574738,2831232
2022-12-08,570.038330078125,573.2956799149771,566.0900126403544,572.5060284767316,3171602
2022-12-09,572.1111450195312,574.3814756338987,564.165168608865,573.4930801546645,3243513
2022-12-12,569.05126953125,570.5318886193626,564.1652144911696,567.7680783708614,1747003
2022-12-13,574.8256225585938,576.256899633493,569.840884001533,570.7292794953439,3212182
2022-12-14,572.8515014648438,577.9843263562825,571.6176522239472,575.4672859541625,2800824
2022-12-15,572.7034301757812,579.662327291919,568.7057710023864,575.3685563735579,1991517
2022-12-16,567.7680053710938,578.1323376553057,566.1886423989106,571.7163224317459,2787126
2022-12-19,576.8985595703125,579.1688301102727,566.7809958572656,567.5213053972446,1960076
2022-12-20,572.3085327148438,577.4413568248159,571.0746836617992,575.4671983399447,2166279
2022-12-21,567.9654541015625,582.2781039712927,563.91839281806,577.4413912960094,2694392
2022-12-22,570.3837280273438,575.2697824285133,566.5834969633992,568.9525112932199,3424491
2022-12-23,558.1439819335938,571.4695519989185,556.8607909395736,567.521234942526,3234932
2022-12-26,561.9443359375,563.3756132328682,555.2322075225376,555.2322075225376,1962030
2022-12-27,562.4378051757812,566.7809784421597,560.1181927870713,564.6093918089705,1511387
2022-12-28,560.8584594726562,564.3625788706433,559.0323266550164,562.3390783940483,1452719
2022-12-29,563.6222534179688,565.7938398237026,551.9253883694679,558.6868571533631,3393061
2022-12-30,558.9336547851562,565.596440073986,557.8972335673129,564.6587026877316,1690896
2023-01-02,562.931396484375,564.0172200238295,553.9983395397694,557.6998874654249,841928
2023-01-03,587.9044799804688,592.2476535383688,562.1417311501684,562.6352708614504,10096217
2023-01-04,590.8656616210938,602.0197062243284,587.312200139037,591.260517450896,7722662
2023-01-05,601.5755004882812,604.4873965164144,590.2734302838724,592.2475889135843,5704967
2023-01-06,603.7470092773438,612.5813198103551,597.8245341509277,600.1441461434944,5415866
2023-01-09,600.58837890625,610.0643155633701,593.9749359128365,607.103077827203,3969535
2023-01-10,592.445068359375,605.1290145599643,591.8034426502911,600.6378153360132,4073524
2023-01-11,592.0995483398438,597.7259129154497,586.6706116916624,592.2476343470485,3576811
2023-01-12,590.6683349609375,597.9726863470698,586.9173850570221,594.6659944674312,2358813
2023-01-13,596.689453125,599.7493749398451,588.6447325119606,591.7047145733466,3272285
2023-01-16,596.3933715820312,604.6848022002004,592.0995401445198,597.1830230342554,2170216
2023-01-17,601.5755004882812,602.7106055524415,593.4320961407195,599.1571441175761,1807515
2023-01-18,593.2839965820312,602.1677102126478,590.7176145206909,602.1183682973409,3291651
2023-01-19,597.4297485351562,603.1054545311532,592.9878916687238,593.3827474888003,3615736
2023-01-20,582.9197387695312,600.5391425444446,580.6494681554194,600.1442866782745,4255202
2023-01-23,581.587158203125,588.7434834061378,577.6388408497386,587.3122063162269,3884783
2023-01-24,581.9326171875,587.0654418430868,580.5507422491196,583.3638942904822,2219052
2023-01-25,577.4907836914062,584.1042276379253,572.6047286732629,582.3768387095495,1443501
2023-01-27,580.1065673828125,586.2264716272341,570.5812272063176,578.8727181499269,3632289
2023-01-30,580.3533325195312,584.6964456361154,575.7633893118286,579.2181671358711,2843943
2023-01-31,571.370849609375,581.8832686375763,565.5471176742436,580.3533077159121,3073978
2023-02-01,509.0368347167969,577.0959681989603,495.85931932116927,575.3685793301062,22671272
2023-02-02,486.3340148925781,498.7218488665758,476.8086749274344,492.55260283903283,17269387
2023-02-03,482.5831298828125,492.55263820377616,474.78520836877016,489.5913998979418,10593983
2023-02-06,475.8215637207031,483.42208636731226,467.57947567808947,480.7076182968475,7441590
2023-02-07,476.7099609375,485.1494769200672,475.77222355131715,477.6476682004132,7117626
2023-02-08,501.9792175292969,503.70660648173526,477.2528905737017,478.53608174620393,10571918
2023-02-09,511.94873046875,515.9463897985971,495.71126306459973,501.9791928567575,9516815
2023-02-10,515.79833984375,521.5727906095603,511.6032523008441,513.0838714336344,7239045
2023-02-13,507.852294921875,519.2037067617225,505.5326826879999,515.7982711604606,3063664
2023-02-14,505.4339599609375,510.76421245298303,501.0908169242791,508.7407118714525,2233957
2023-02-15,512.392822265625,513.2812177025712,503.0649412871067,504.1507345030543,2497424
2023-02-16,507.9510192871094,515.2554307177408,506.0756046335724,512.2941926101676,1983991
2023-02-17,497.7347717285156,507.90167717807395,495.020303464255,507.90167717807395,4312084
2023-02-20,501.386962890625,515.9957250758899,493.78643992197783,499.75825788072143,6129396
2023-02-21,494.5760803222656,508.1484209471716,493.5890010040906,504.29881763094323,2669387
2023-02-22,488.0614013671875,495.2670686424224,486.1365845668022,494.1319334036212,2728046
2023-02-23,480.5595703125,488.5549187849953,479.8686027430081,488.0613791277212,4158416
2023-02-24,476.6112365722656,483.6688474025676,475.7722131592604,482.18822848194753,2436219
2023-02-27,482.3857116699219,484.5572682617356,471.82395010978706,476.6112911930869,2587409
2023-02-28,482.484375,485.34692921818123,478.2892877558111,484.55724766295936,3271808
2023-03-01,483.4220886230469,484.50788188095316,478.14120832757453,482.5830651908797,1591916
2023-03-02,476.5618896484375,484.9027220567887,475.42675444079583,483.66887289124986,2618651
2023-03-03,483.6195373535156,486.185919553074,475.3774187943372,479.029594298547,2983486
2023-03-06,483.8169250488281,490.3316546174687,482.6817898499088,485.6430278244481,3007451
2023-03-08,488.80169677734375,489.93683198337874,481.69471354459074,483.6688722066587,5589817
2023-03-09,484.9027404785156,490.18362113229983,483.6688912661021,488.60428811575616,2336282
2023-03-10,483.9156188964844,484.8039842272754,477.943801278635,481.2504927808422,2383642
2023-03-13,472.76165771484375,489.0978085964565,471.13295271979104,483.6688722750024,2849642
2023-03-14,464.4701843261719,479.07897703908316,462.69345351398687,474.24229416300466,8530038
2023-03-15,460.669921875,472.2681036629835,459.0905889685781,466.93785133840083,6095528
2023-03-16,455.43841552734375,462.9402247678524,451.88492376886364,460.6699542649947,6790599
2023-03-17,465.1611328125,471.1329506910764,458.0048076923077,458.05414960934564,7640040
2023-03-20,459.2386474609375,465.30917917273655,452.1810364423981,463.927274167954,3937830
2023-03-21,476.5125427246094,477.74639187718475,460.4725037411295,460.96604340215964,4363583
2023-03-22,491.02264404296875,492.0590653308665,476.7593351149619,476.7593351149619,5604187
2023-03-23,492.1083679199219,498.4750413889499,487.76522506910766,491.0226047996703,4489138
2023-03-24,485.8898010253906,495.41511055156434,475.3774121675249,488.11072952169764,6424544
2023-03-27,486.58074951171875,492.9967649159295,480.3621318921375,480.3621318921375,2412510
2023-03-28,483.3727722167969,492.0590584919194,480.559590030253,489.04847850832857,2494157
2023-03-29,489.5419921875,491.5654927085788,480.41150863819405,484.95204933166553,3137010
2023-03-31,492.75,494.7241586055717,488.6042548789916,490.57841348456327,3459342
2023-04-03,497.19189453125,501.92986349427656,494.773538006895,495.5631894596421,2394944
2023-04-05,501.1895446777344,505.3352900360464,497.19188532193255,497.19188532193255,4270479
2023-04-06,508.0003662109375,510.2212945501053,498.7217970509104,499.56082044813866,2416882
2023-04-10,507.0626525878906,513.5773519223186,505.039121932453,508.0003899798337,2375216
2023-04-11,506.91455078125,516.0450340957913,506.1248994087594,510.122558432305,3671457
2023-04-12,510.369384765625,511.75132000541083,502.9662893665108,507.3588046859608,1950603
2023-04-13,524.9780883789062,526.6067932814847,511.8006041545451,512.9357694195589,4153200
2023-04-17,526.5081787109375,535.4905771975688,522.4611170026229,535.4905771975688,3417617
2023-04-18,525.4223022460938,533.0228249474299,522.6584922401187,530.0615870310553,2514020
2023-04-19,518.0192260742188,526.0639468014688,516.5879489805523,525.6197490487389,1622301
2023-04-20,523.3987426757812,524.731275489214,516.0449906303699,518.2165769067142,1561641
2023-04-21,506.6678161621094,534.2566959271963,504.7923714296981,529.0745293616208,4452849
2023-04-24,540.475341796875,548.3719774114663,525.1262683703228,543.8807779549772,23496385
2023-04-25,522.9052734375,539.7843058292682,521.1778846153846,539.0933984976548,6700461
2023-04-26,524.7313842773438,529.9629532879596,521.7701460810911,522.1650019392096,4165761
2023-04-27,511.15899658203125,523.2507181294637,509.3822658733492,523.2507181294637,7978904
2023-04-28,522.9052734375,524.1391225961538,509.77713043873126,510.41869585330664,4031679
2023-05-02,537.4646606445312,538.7971935557788,522.7078135600801,523.1520112793418,4239067
2023-05-03,531.7396240234375,540.7713633527063,528.1861024418652,536.9711321958913,2875460
2023-05-04,539.4387817382812,542.6467891319672,529.617331668305,532.8253390619911,2312821
2023-05-05,532.7267456054688,541.6598018138649,530.5551589520771,535.9840954622845,2159574
2023-05-08,542.449462890625,543.8807400453163,533.0228668320705,534.9970255981151,1970280
2023-05-09,544.9171142578125,550.2473665641239,542.4987579290871,545.361311991095,1927306
2023-05-10,555.3801879882812,556.2191812882372,544.0287761252561,546.2497045332392,3191516
2023-05-11,560.06884765625,562.0430063575459,553.8008576317103,554.7879369823581,1620276
2023-05-12,553.4060668945312,561.6481554461342,551.4319081759156,560.0688525698589,1433810
2023-05-15,552.0734252929688,555.7749725664061,549.1121874742188,552.6657090046413,1984609
2023-05-16,552.2708740234375,556.2191912639983,546.8419378176665,554.936000210124,3027008
2023-05-17,552.8630981445312,555.4788824180166,545.262635644973,554.738572934563,1395385
2023-05-18,554.29443359375,561.4507593544341,552.0735049093997,556.7127902104629,1745334
2023-05-19,550.3953857421875,557.6011127267889,547.7796617823665,557.6011127267889,1484899
2023-05-22,559.6740112304688,561.8455979265273,547.3355189193915,549.8032173816068,1975841
2023-05-23,555.4295043945312,566.3367180257194,553.8995436108278,560.3649006300495,3425506
2023-05-24,558.6868896484375,564.5600235942264,551.6786506436897,555.3307958946896,1529396
2023-05-25,564.6587524414062,566.2874575319124,555.7750379401975,558.686934187125,1307797
2023-05-26,569.7421875,571.3708322070548,561.9935787996023,564.6093630592444,1467444
2023-05-29,571.5682983398438,580.8468685357897,567.5706389323249,569.8409094387454,2794717
2023-05-30,577.5894775390625,581.3897087523252,563.6222813201659,568.557677829099,2653926
2023-05-31,584.6964721679688,595.8998597679536,576.701152939569,595.2088921224821,10027475
2023-06-01,574.6776123046875,586.7693343986903,573.4931050298441,585.7822550440778,1659264
2023-06-02,568.9525146484375,578.4284515305275,565.5470791216892,577.7374839930436,3192761
2023-06-05,566.7316284179688,573.4437558955638,565.5964630758316,570.5812017045912,2230529
2023-06-06,572.2099609375,575.2205411671433,560.562435645287,566.731682118551,3334157
2023-06-07,586.7693481445312,587.8057694418453,575.1711654561321,575.4672772201442,3440284
2023-06-08,586.2264404296875,589.6812180979124,582.1793790132707,586.7693220139574,1675907
2023-06-09,574.1841430664062,586.0290967748559,569.2980876123607,580.3533897895571,3023579
2023-06-12,576.8491821289062,583.36388158094,573.9372860683226,578.3791430346749,3327440
2023-06-13,577.2439575195312,579.4155440097614,573.4930682617912,574.7269173759516,3288950
2023-06-14,577.4907836914062,581.8339570956547,574.2827756815655,577.2440138444954,5344073
2023-06-15,570.679931640625,577.490742784995,566.5835283734551,577.490742784995,2074065
2023-06-16,603.6580200195312,609.055351893642,571.0265057436724,572.214918519331,11422524
2023-06-19,620.4937133789062,622.9200436028034,596.2800366378999,604.0541942758894,7087287
2023-06-20,637.4779663085938,638.6168140671965,618.1664545682157,620.9393774983097,10400684
2023-06-21,636.28955078125,653.5708899693267,633.8632205608291,638.7653856091927,7689046
2023-06-22,632.8233642578125,649.4609617455068,631.090279926903,636.2895329196315,4577233
2023-06-23,620.8403930664062,636.7847458848248,617.7703214769866,636.240074287647,4159293
2023-06-26,624.157958984375,626.237636057974,610.7884509379029,613.9575316009186,3749962
2023-06-27,660.7507934570312,667.485051921505,630.9417066515862,634.8040330588794,30050877
2023-06-28,645.6482543945312,665.454934118605,635.3487567599371,660.7508476841375,21909643
2023-06-30,644.9054565429688,651.1445481088147,632.3282037528185,645.6977115847104,8681796
2023-07-03,644.4103393554688,650.6494314031735,637.8245941441643,644.7074274634185,2795761
2023-07-04,640.7460327148438,650.8969551805735,638.3692071789407,648.0745277462248,3340982
2023-07-05,667.0889282226562,669.4162492851099,638.8149058831889,640.7460691853818,5871642
2023-07-06,654.75927734375,671.1492911790752,653.1252022427038,668.029715238963,4788193
2023-07-07,651.7387084960938,672.4367109645336,650.3522773179162,654.2145432198217,5425784
2023-07-10,661.7905883789062,668.2277583369503,652.6795049646387,653.6203342013889,3676990
2023-07-11,666.049072265625,678.1806629032648,664.2664832813764,664.5140667637772,5004622
2023-07-12,665.2073364257812,670.9512613341429,663.2761731048594,669.3667511681081,2912240
2023-07-13,674.0213012695312,684.1722248455494,669.4657890134921,669.4657890134921,3997060
2023-07-14,663.5732421875,678.1806677536204,654.1650697889818,677.2398384247313,6273380
2023-07-17,660.7012939453125,668.3268167159091,655.700059330715,666.4452185491481,2439405
2023-07-18,650.2037353515625,660.5527370998097,647.034654658748,660.5527370998097,5855926
2023-07-19,652.6795654296875,654.0660571117847,642.7762261152391,651.6397268907077,4866371
2023-07-20,654.6602783203125,656.4428674304829,645.2521053244894,653.6204397098122,2754328
2023-07-21,641.0431518554688,656.0962399401134,627.5251297449471,656.0962399401134,5964750
2023-07-24,646.8366088867188,653.81845077027,639.8052019521791,647.282210784141,7781836
2023-07-25,645.4996337890625,653.6203839821198,643.7170448308756,646.8366208415916,4754351
2023-07-26,652.23388671875,653.6203783660853,641.736371486702,645.697707113163,1841832
2023-07-27,656.0466918945312,661.7906163182456,650.8474390166101,652.2338701836126,3364659
2023-07-28,652.9271850585938,658.0274292659587,648.173594013537,656.5914328968297,1664766
2023-07-31,640.5974731445312,648.6687187853546,638.2207079992994,645.6977170199256,3738008
2023-08-01,636.537109375,640.5479495504031,631.8330233858421,634.9525993251467,3370855
2023-08-02,636.6361694335938,638.6664024314246,630.8427398780949,636.5371602145141,2536221
2023-08-03,626.5842895507812,634.7545444726389,623.0190511359498,630.941722575327,2670399
2023-08-04,635.9924926757812,638.0226652413726,629.0106502208506,629.8029053141071,2032172
2023-08-07,642.5286254882812,643.4694547870877,633.0709487843721,638.7653687382402,1676683
2023-08-08,639.2109985351562,648.5201005012079,635.8933438551657,643.7170054845116,3542734
2023-08-09,639.5576171875,645.6976994244378,636.93326863333,639.7556960555013,2176168
2023-08-10,633.813720703125,645.2025609970093,631.9320620417129,638.7653903961182,1472754
2023-08-11,627.4755249023438,635.6953444980225,625.8910148655676,633.8136859398153,1288176
2023-08-14,626.6337890625,631.8330421523114,619.5528773430636,625.9900478352109,1927044
2023-08-16,619.1072387695312,623.7122549663911,613.6604025218259,621.0383414466629,1800138
2023-08-17,622.3258666992188,624.8512061353707,616.1857842352116,619.1072814220167,1800092
2023-08-18,619.8995361328125,621.3850370291551,610.7884518795405,616.9780389476348,2392364
2023-08-21,619.1072387695312,623.266592638906,616.9779967855372,618.9586645119755,1207075
2023-08-22,629.7037963867188,647.7278857491367,618.1664425310339,618.9586975748928,8186967
2023-08-23,627.0794067382812,632.3281640611859,624.0093355321127,631.8329971355312,1544136
2023-08-24,624.405517578125,631.3378548073825,622.424849798337,628.8620200826476,1518585
2023-08-25,622.2268676757812,629.7038776179767,619.7015279529461,623.9104476394024,1938963
2023-08-28,621.2860107421875,626.1386715204219,618.6121572982527,622.920086020317,2531965
2023-08-29,628.7630615234375,629.8524047120023,619.9985696247187,622.3258907205633,3656025
2023-08-30,630.8922119140625,633.7642044613526,628.020279811958,630.347540346869,1858995
2023-08-31,638.517822265625,641.6373984253004,625.1978183821358,628.8620661321006,4473826
2023-09-01,635.150634765625,641.7363795049771,632.3777118814925,638.5177942682624,1271599
2023-09-04,633.8632202148438,639.6071449234981,627.8717120235303,638.7653852605316,1384829
2023-09-05,634.7545776367188,641.8354293385044,629.8524123384431,637.7750841917568,3759460
2023-09-06,641.2907104492188,644.9054533938198,633.1204557029588,637.2798702082736,2898323
2023-09-07,650.40185546875,651.392189470225,636.8342675595035,641.7364329558432,2349089
2023-09-08,651.0950317382812,654.4126261104016,646.6385292081701,652.8281160555467,1693851
2023-09-11,662.186767578125,671.0007027703147,650.0551776481906,651.6396876650477,4083029
2023-09-12,654.5612182617188,663.8208162603819,650.1542202169082,662.1868015551279,4061914
2023-09-13,643.9151611328125,652.5805833938599,636.487656337629,649.6590860853834,4423644
2023-09-14,639.2109985351562,649.0648324773786,636.7846685023707,644.0140935518527,3735579
2023-09-15,638.6663818359375,640.5974846620378,634.1108094465955,635.0021341703238,6827895
2023-09-18,653.5708618164062,659.1167074140329,638.3692003605468,638.4682700165087,4012209
2023-09-20,641.9345092773438,652.9766970825061,639.5081788943975,652.9766970825061,1596867
2023-09-21,638.0226440429688,647.5793907899449,635.2002164778966,639.8052330548663,2420603
2023-09-22,643.17236328125,649.6590382355714,636.0419471140178,637.1808552768033,1925717
2023-09-25,635.8933715820312,646.6880352458317,633.8631991806333,645.89578021665,2079256
2023-09-26,638.0226440429688,642.5781560117277,631.981631156764,633.8632293850832,1968753
2023-09-27,641.9345092773438,643.271435995911,633.6156795201535,641.6374211671277,1452570
2023-09-28,628.5650024414062,644.3608418443254,627.2280152731171,638.9635094505442,2418577
2023-09-29,631.2389526367188,633.2196207523718,624.5541977463895,629.4067983626232,1830734
2023-10-03,627.4260864257812,631.3379177700217,622.474416482487,628.3174111936502,3454441
2023-10-04,619.453857421875,625.8910278027578,618.2159400409361,624.9006938980066,2357914
2023-10-05,618.3150024414062,621.6821621852806,613.908064542322,619.9490777028843,4050085
2023-10-06,624.8016967773438,630.050454485067,616.7304511193454,618.513040093359,3713370
2023-10-09,609.2039794921875,623.464752713041,607.4213299500396,618.9587451374782,3308557
2023-10-10,615.2449951171875,618.7111641037632,609.2039819186602,610.1447508588643,4054232
2023-10-11,615.4925537109375,620.9393904694414,613.0167188207084,620.8898858606743,3102088
2023-10-12,618.612060546875,620.2460751242529,613.0166501437426,616.0371562823937,2810053
2023-10-13,619.206298828125,626.8813868983657,608.5602089242428,617.2256309390307,5462771
2023-10-16,623.9598999023438,628.8620650972576,613.6604629773125,626.8813971756915,3399593
2023-10-17,635.5963134765625,639.6567189160321,624.4550566011917,626.3862198819601,4443295
2023-10-18,638.765380859375,642.1820449855669,631.5854599117308,635.4477863926758,2187089
2023-10-19,632.8233642578125,638.022617250541,623.0685994876243,632.8233642578125,3371397
2023-10-20,633.7642822265625,635.7449503104364,623.9104464202517,630.7932801007518,1853937
2023-10-23,619.206298828125,638.468306138605,615.7896346303999,631.8330566211016,2502483
2023-10-25,610.4913940429688,621.8802348126503,601.825971718211,619.2063209776873,2821496
2023-10-26,599.9937744140625,609.0058492504371,596.874258868736,605.9357778663243,2011512
2023-10-27,602.7667846679688,609.6495572851281,600.1918801230714,600.1918801230714,1348147
2023-10-30,601.7269287109375,612.0264267370158,594.943164825667,603.9056756524377,1882245
2023-10-31,612.3729858398438,614.9973950369982,598.6073799314106,601.2317286833764,2661284
2023-11-01,614.0565185546875,617.9188449172793,610.9370030573793,615.7896028682534,1947740
2023-11-02,613.3137817382812,620.7412861040247,612.0263597372561,615.9876953989859,1651263
2023-11-03,616.0867309570312,618.9587236126691,613.6108960625805,615.9877217393283,1450553
2023-11-06,615.7896118164062,620.2461144017625,613.4128467046605,616.0866998997263,1789823
2023-11-07,616.433349609375,617.968355068987,608.7582618661304,617.3741789056484,2747838
2023-11-08,612.7691650390625,618.8101782860177,611.5312475339331,617.9684185606061,1332249
2023-11-09,615.343994140625,618.9587373447943,607.2728084727623,612.7691499713463,2235630
2023-11-10,620.6918334960938,625.3959199884854,614.0565836177875,614.8488387274681,2449660
2023-11-13,615.046875,622.1277867759919,611.0360346734337,619.1072803792042,2047300
2023-11-15,630.0009765625,633.2195619515581,620.9393965967685,626.8318957826973,2033627
2023-11-16,628.8125610351562,633.5166473529672,625.8910637592676,630.7437243494005,1753550
2023-11-17,645.4996337890625,653.6203839821198,625.8910343586359,626.7327940084176,4306473
2023-11-20,646.0938720703125,648.86679495077,641.2412116956228,648.6192114713509,2178344
2023-11-21,661.444091796875,665.5539415615297,647.9260087432242,648.6687592308931,5077816
2023-11-22,662.0382080078125,668.8219710022947,658.8691274586038,663.2761253750672,2664154
2023-11-23,658.5720825195312,670.4560900236431,653.1252457468133,661.5925890044555,2184014
2023-11-24,661.5430908203125,665.7520101855615,656.6409255882201,659.6119274931017,1511079
2023-11-28,666.7918090820312,670.1589685519241,661.5925560578992,661.5925560578992,1900825
2023-11-29,669.119140625,673.8727313761098,664.8111517840053,670.456067245717,1829510
2023-11-30,684.0731811523438,686.3014325567488,668.02975895159,670.357080018859,4637116
2023-12-01,675.5563354492188,688.2821026657549,673.4765978646985,687.3412733140807,2106753
2023-12-04,668.4259643554688,683.1324004946842,665.7520503905589,683.1324004946842,4817286
2023-12-05,666.2471313476562,674.7144741051783,661.2459572407724,672.4367182237958,4028068
2023-12-06,670.8026123046875,675.20961004715,668.524856527908,670.4560196336142,1627777
2023-12-07,671.7435302734375,679.0720259441896,669.0201118133214,674.3184349028429,3853936
2023-12-08,664.7616577148438,677.3884154591481,660.5527384667423,673.8727420585948,2713075
2023-12-11,665.9995727539062,667.9802406282673,660.8003195837085,664.5635764559572,1897948
2023-12-12,700.5127563476562,703.7313419653966,668.8220671883668,670.3571333006739,10749420
2023-12-13,691.451171875,700.1660984942359,682.5381663779023,699.670931522175,4757264
2023-12-14,677.93310546875,697.1951132286649,672.5357732559961,695.2144452933562,6251731
2023-12-15,666.59375,681.3497498655703,656.8389848813074,681.3497498655703,8720610
2023-12-18,665.7520141601562,668.2773537053445,660.3546819116945,667.2870197311382,2050286
2023-12-19,659.6119384765625,667.5346103548371,657.87885400319,666.4947717598515,3794818
2023-12-20,637.8740844726562,667.4850942875223,634.1108274841085,665.4054171332479,3772684
2023-12-21,637.97314453125,642.4296473191885,630.9913022525172,634.8040637930118,2755102
2023-12-22,633.6651000976562,642.7266791512827,630.9416819656593,639.7556775527406,2854029
2023-12-26,631.8330688476562,639.656731339049,627.871732992812,634.8040707387894,2202221
2023-12-27,637.5769653320312,639.7557120441289,632.2291984334486,636.78471028541,2353373
2023-12-28,641.8353881835938,644.6578761174706,638.022626776739,640.7460450516883,3566880
2023-12-29,640.448974609375,643.5684902704196,636.784726922185,641.835405865888,1653662
2024-01-01,642.4296264648438,646.044309008387,638.1216376425685,640.7460467105702,1343888
2024-01-02,639.2606201171875,647.9755475433019,636.3886272352532,643.2219562604388,3005450
2024-01-03,631.0408325195312,642.182089942386,629.9514288599604,637.7750915838633,1893956
2024-01-04,641.6868286132812,642.7266670641794,631.8329947410577,631.8329947410577,4412550
2024-01-05,640.4984741210938,648.2230667450747,636.2400502785954,642.231558511835,1394951
2024-01-08,639.6071166992188,647.8269363169302,635.4972673355466,640.746024847268,2064691
2024-01-09,634.7050170898438,644.5092863771514,632.4272007766095,640.7460296675226,3648496
2024-01-10,638.7158813476562,644.0636483117974,635.249712586659,635.7943841600642,3288472
2024-01-11,637.7750854492188,646.7871005220558,633.7147402944656,639.7557534164523,2800658
2024-01-12,631.4369506835938,642.3306249675937,615.2945181517958,640.597540422412,7076942
2024-01-15,608.5106811523438,630.8426986627495,605.9357767274257,630.8426986627495,12433539
2024-01-16,605.3416137695312,610.8874595908178,603.162867037888,609.7981164475891,8761562
2024-01-17,600.736572265625,612.5215708876178,599.2510712852993,605.0940659859895,10183042
2024-01-18,601.9249267578125,606.3814292665503,594.7945106547953,602.1230056250154,3658639
2024-01-19,609.9467163085938,612.4225512336243,603.9056428244061,608.5602245725012,2563065
2024-01-23,580.4841918945312,607.817381107186,577.1665373354333,594.4478745573741,5994679
2024-01-24,576.0277709960938,585.2873693276867,571.1256058137025,584.2970353694335,6144401
2024-01-25,573.4033203125,580.8803290669165,571.7197406163282,578.5035640063063,3725167
2024-01-29,572.9576416015625,578.3549732180619,569.491473097687,569.491473097687,4399011
2024-01-30,569.4420166015625,577.9588643239633,566.0253524129157,577.3646881368886,5895638
2024-01-31,571.0265502929688,572.4130420469368,565.7777922732718,567.956539124426,4068280
2024-02-01,581.4249877929688,585.6834717673661,561.7173801523559,571.6207187994524,8911872
2024-02-02,573.2052612304688,584.2475086247014,570.927505301823,584.2475086247014,3006965
2024-02-05,557.9046020507812,576.3248496391976,556.1220130442085,573.2052735438052,3750294
2024-02-06,587.0203857421875,589.2981414932307,556.8152035150483,558.5482877411957,15915028
2024-02-07,599.3005981445312,608.0650291917782,590.2390185640062,591.2293524877713,7560296
2024-02-08,585.9805908203125,610.0951975229323,584.3960202858867,599.3005940939628,7782663
2024-02-09,578.35498046875,588.4068934340795,576.6218961950851,585.9805633619121,2453771
2024-02-12,571.6207275390625,580.8308205326407,566.8671370048141,578.3549858330131,2799522
2024-02-13,583.8513793945312,588.258377646069,569.144944131455,571.6702836636251,5011128
2024-02-14,579.6919555664062,581.2765261592917,572.8091829449803,576.7705187594125,1572158
2024-02-15,579.4443359375,583.6532549778199,576.3743250508696,581.17742024822,1737411
2024-02-16,586.723388671875,588.2583942783443,578.057966197236,582.8115572942856,2973324
2024-02-19,579.54345703125,588.5554720687828,578.7512019364981,588.5554720687828,2785107
2024-02-20,582.266845703125,583.8018512041921,570.6799266436229,574.5917577526034,3523966
2024-02-21,571.8683471679688,585.5349434850085,568.9468499486468,582.266853563897,3321288
2024-02-22,569.095458984375,573.7995454984791,561.5688842946942,572.4130537162458,4195869
2024-02-23,575.0869140625,577.7112626588807,570.1847491152425,571.6207453748693,2561028
2024-02-26,570.7789306640625,575.334502963574,561.7669161693451,563.2524170494756,4199991
2024-02-27,575.9782104492188,586.2777078737244,567.3127882466932,570.4818690269402,6321068
2024-02-28,574.9878540039062,585.188341811096,572.5615842382055,576.3743456801803,3434747
2024-02-29,576.3743286132812,580.2366549934027,569.9866628823962,575.3839947153203,2750947
2024-03-01,584.24755859375,591.0313223528841,577.3647251669582,579.2463839553557,3460443
2024-03-04,604.4008178710938,614.5022365889918,581.9202243629259,589.2487200168414,7272987
2024-03-05,601.825927734375,609.6495293372627,597.9140967103388,605.8862725774396,4342310
2024-03-06,608.0155639648438,612.1254137475461,598.8549745766994,605.3416501084556,4896598
2024-03-07,615.9381713867188,618.1169180210644,605.6386748126395,605.6386748126395,3682063
2024-03-11,614.8488159179688,622.9200618835655,612.917713048884,618.9587260369292,3777242
2024-03-12,615.5419921875,623.7122464474653,609.104822164497,612.2739025725501,4975736
2024-03-13,604.1532592773438,620.6423449557078,598.2112551330961,617.225680483727,2840155
2024-03-14,616.2353515625,618.4636031350442,592.4178301761217,597.1714214418441,3750622
2024-03-15,626.2376708984375,628.6640012494149,605.3911526144848,614.0070703683691,4896049
2024-03-18,627.9707641601562,630.3970945450919,622.1773344480279,628.8125843258472,2911589
2024-03-19,626.38623046875,630.3475663136117,617.3246505455537,627.8717314105731,3861068
2024-03-20,620.34521484375,626.3862278033835,613.4128771447403,623.91039291088,1712459
2024-03-21,616.2353515625,632.8234466025513,614.0070999899558,622.9201062801326,7197320
2024-03-22,617.81982421875,622.5734756402288,610.0457267170706,617.8693892734981,3636733
2024-03-26,620.8403930664062,636.5866670007995,619.4539013234182,632.6748357107585,13822598
2024-03-27,620.295654296875,632.2292269216025,618.0178982682589,621.4345625337771,13848953
2024-03-28,627.22802734375,632.5758552294415,620.2956892042492,620.2956892042492,6878964
2024-04-01,628.6144409179688,631.8330260821805,621.9296871153751,631.8330260821805,3874744
2024-04-02,625.7920532226562,635.4478093283449,624.9997376988596,624.9997376988596,5179918
2024-04-03,618.0673217773438,623.9103155774908,614.403134946763,623.7617413242812,3822465
2024-04-04,616.3838500976562,620.4441949527929,612.1253659261898,618.9586940869841,3858229
2024-04-05,623.3162231445312,624.3560617210716,610.3428119068739,614.9973936418321,3860995
2024-04-08,628.4658813476562,629.753363799587,620.4937053820414,623.9103694945007,3403360
2024-04-09,627.8222045898438,632.9719530950088,626.534782574849,632.8233788280075,2873703
2024-04-10,615.4925537109375,630.9417392478915,614.0070527768,629.8523960742659,6753666
2024-04-12,612.521484375,617.9683205335489,610.29323321923,614.9973189925222,5081775
2024-04-15,607.0252075195312,610.5408809574997,598.2607157836858,604.1532148827754,2594888
2024-04-16,598.755859375,605.1930298068474,594.7945237246323,603.1628573750711,4970256
2024-04-18,599.7957763671875,617.9683800313817,598.3102754536505,612.0263763772339,11984298
2024-04-19,595.7354125976562,598.5579007978722,575.4830699711018,594.200406968692,10243493
2024-04-22,600.0928344726562,602.9647664948644,592.3186771465289,596.0324292447855,3076888
2024-04-23,595.3392944335938,603.2619662493538,592.2197182280626,600.1918946536333,4527775
2024-04-24,588.4564208984375,595.2896886043741,587.2680081184357,594.2498500888169,4095087
2024-04-25,588.9515991210938,590.6351788878752,579.9395241084101,589.6943495671574,6150372
2024-04-26,582.1677856445312,597.5675268521592,581.3260259689882,591.2293654233151,3094364
2024-04-29,569.541015625,586.2281785147542,565.4806707138853,584.2970152735418,8879207
2024-04-30,578.0083618164062,582.8114566952107,570.4817884704818,570.9769553835617,9926485
2024-05-02,570.7789306640625,580.8803487379869,567.8574939559543,578.6520974177912,8292342
2024-05-03,560.4299926757812,576.1762658257285,559.7862514460661,576.1762658257285,8574215
2024-05-06,549.6848754882812,564.3913716788677,544.8817797586916,564.3913716788677,8759027
2024-05-07,547.010986328125,556.518229440284,544.2875677006388,554.0918989376667,7783593
2024-05-08,545.1293334960938,548.5955023123798,542.7030032356561,546.7633482423735,6715043
2024-05-09,534.3346557617188,546.5653159709242,532.7996502709789,545.7234958697416,13570152
2024-05-10,543.2476196289062,548.4468723251404,534.3346150067907,537.5532000092213,7524779
2024-05-13,554.2404174804688,562.9553441228904,541.8612431460099,548.4469276248296,7867089
2024-05-14,556.1220092773438,562.5096752490507,554.5870037666697,560.5290073784555,5348599
2024-05-15,550.576171875,556.5676801865472,549.6353425329781,556.1220178197802,2415161
2024-05-16,561.56884765625,562.7077558634351,545.3769119421892,551.6160036648004,4543902
2024-05-17,564.6884765625,566.4710657292529,556.023053791292,561.5689001867881,3992575
2024-05-21,560.1328125,564.4903057045643,557.6074732214108,563.8961295608431,5583840
2024-05-22,554.983154296875,561.3212551331902,554.2404038550671,560.1328423372606,3820060
2024-05-23,560.1824340820312,563.6981075850717,552.6558596459619,558.5483588541166,7106820
2024-05-24,559.6376953125,566.27294491806,558.0036805494243,559.5386860948062,3433290
2024-05-27,558.7958984375,563.7970725019579,556.666656392097,559.7367277237288,2624929
2024-05-28,572.858642578125,574.3441433919095,558.2017133044881,561.5193076105336,5797999
2024-05-29,556.4190673828125,572.8586460899165,555.4782985511281,572.8586460899165,6259646
2024-05-30,545.4264526367188,558.399803909466,542.9506176270196,547.407120644478,6312875
2024-05-31,544.53515625,550.9228229971475,541.2670659558203,546.5653894199726,9707990
2024-06-03,544.7826538085938,563.7475721576267,541.7621475048668,563.4504840768835,9263670
2024-06-04,529.283935546875,549.6352839724962,506.45672228617474,549.6352839724962,9783762
2024-06-05,546.6148681640625,548.9421289063164,530.9180378598265,534.7803646716426,3234914
2024-06-06,549.8829345703125,553.3491034509898,545.079839013735,549.6353510788355,3970217
2024-06-07,557.508544921875,558.152225763458,548.1498764063863,549.6848820380886,3382962
2024-06-10,563.6981201171875,568.9963827942602,555.8744574053406,557.805620778031,3863289
2024-06-11,566.1739501953125,571.3236989961794,560.7271132885703,565.9758713096658,6417670
2024-06-12,567.164306640625,572.1654813640287,564.0942349044861,566.1739726183592,4304369
2024-06-13,587.76318359375,592.6158439969454,559.5386667741681,559.5386667741681,24352341
2024-06-14,592.5662231445312,595.9828869478866,588.3077997635461,593.3585385648653,7308942
2024-06-18,595.3887939453125,599.1520509365373,586.0796304634297,591.0808049152672,5120280
2024-06-19,590.4370727539062,599.3005730900925,586.6242510396984,596.2800063927385,4453729
2024-06-20,584.3960571289062,591.7245527553325,577.0676219476692,590.4371306710115,6133067
2024-06-21,577.2910766601562,588.8676663163133,576.3470478137606,584.2966622663641,7263396
2024-06-24,575.8502197265625,578.781652302257,572.0244918799636,576.3470706495362,3226301
2024-06-25,587.2280883789062,588.519888583343,573.3162632372148,575.3533397885278,6593288
2024-06-26,585.3400268554688,595.2273717891264,583.5017028055662,587.9236878980882,3672989
2024-06-27,589.5136108398438,591.2525890429112,582.9054694078891,585.3400510223328,4772196
2024-06-28,591.30224609375,596.022329660784,586.2840641157893,590.2588713301336,3646272
2024-07-01,596.9663696289062,599.251871689596,585.8865700521496,586.4331545749035,3342913
2024-07-02,586.0853271484375,599.9474798057762,582.8061232398968,599.8978068444302,6477279
2024-07-03,592.3953857421875,595.0783322329136,586.7809459952277,588.6690037820147,2134587
2024-07-04,600.146240234375,603.4751171482613,590.5569931887367,592.2462984520547,5028421
2024-07-05,603.5247802734375,604.9656600525107,596.8670265541793,602.3820595630146,3493050
2024-07-08,616.989501953125,618.1322226883758,604.7669206967856,605.1644256964584,6800857
2024-07-09,619.72216796875,625.3862198556543,616.9894879475871,618.0825356957538,5000797
2024-07-10,628.7648315429688,636.7144461654005,611.7228209358319,620.0699405496839,6186968
2024-07-11,630.25537109375,632.5905460799167,625.3365350189198,631.9446762958097,3573349
2024-07-12,631.5471801757812,632.3918631140378,623.1503876585891,630.006954483455,2643647
2024-07-15,634.0314331054688,643.9187783287837,626.5289965066328,631.5471785594472,6951688
2024-07-16,642.6766357421875,650.8746755487172,629.3610074324962,637.9565522172159,9167071
2024-07-18,644.8131103515625,647.297364805605,637.0621879343552,642.6766272607886,3975243
2024-07-19,631.89501953125,641.9313837789504,630.1560413244184,640.5899105654075,2496778
2024-07-22,633.3856201171875,636.9629227239795,624.988826868445,627.9202596257961,3854108
2024-07-23,639.894287109375,645.6080724671365,619.3246476912844,637.9565564665938,9082995
2024-07-24,668.5625610351562,670.7487171322548,635.2735506293333,635.571649040132,12377638
2024-07-25,678.8474731445312,681.2819942642243,661.3582834197292,661.805461402178,9386864
2024-07-26,698.920166015625,705.3295550239712,677.7543289201013,678.8474373362886,8933046
2024-07-29,692.4611206054688,705.5283243950569,689.3806690831982,699.118935233431,4676765
2024-07-30,692.8088989257812,703.8886374747659,679.592677271676,691.7157905682162,6134510
2024-07-31,710.9937133789062,714.4716700481252,688.7347664356045,692.8089806385686,6683204
2024-08-01,709.1055908203125,717.9495612328212,705.577961507726,710.4967976214078,4074648
2024-08-02,702.9447021484375,708.2609827039453,694.6472554379923,703.0440480716118,2710858
2024-08-05,706.4226684570312,709.4037740029452,685.703948522481,688.6353811061126,9327217
2024-08-06,675.3197631835938,714.4716409243072,673.0342610242776,707.167956476966,6106310
2024-08-07,691.8649291992188,693.3058090454747,677.80402343347,677.80402343347,5154327
2024-08-08,705.8760375976562,708.7081240708717,685.3561321603179,686.7472782666706,5953315
2024-08-09,697.9761962890625,710.4968152058173,697.0321674114368,709.7018658644078,2848313
2024-08-12,698.02587890625,709.1553517921719,687.8404349110118,694.2000903810044,3723417
2024-08-13,680.6857299804688,702.8452678920198,673.2329665135293,693.7031992424252,5741391
2024-08-14,682.0272216796875,686.2504544257281,672.1399370654364,681.6794503020767,2962358
2024-08-16,685.0580444335938,686.2504380716983,660.463924910401,660.463924910401,4584181
2024-08-19,681.38134765625,685.0580565071904,674.2266824478044,685.0580565071904,2352893
2024-08-20,706.12451171875,708.509420423673,679.7417396802481,682.6731722735811,6828474
2024-08-21,719.9866333007812,723.0174116869034,704.1868109342732,709.8508627227742,6186935
2024-08-22,721.427490234375,725.3029514256833,715.5149525299914,721.427490234375,3889249
2024-08-23,724.4086303710938,725.8991831084828,718.8935973729034,720.4338230713895,3898989
2024-08-26,721.0797729492188,729.377159150647,714.7200568380148,729.377159150647,2131814
2024-08-27,734.8921508789062,737.7739103467305,714.7696895160053,719.4401000859386,5627130
2024-08-28,737.4260864257812,741.8480715953496,729.4267990127111,735.2896639320145,2995930
2024-08-29,732.2589111328125,743.7858282318855,727.2406683135226,735.3393625806216,3962913
2024-08-30,734.0475463867188,738.022353665758,728.8802847938185,732.2588952413003,6227807
2024-09-02,740.60595703125,749.2511750270965,735.1902699622444,738.4695345008644,3073926
2024-09-03,753.9712524414062,756.4058340193069,736.9789756582145,749.2511688182146,6268050
2024-09-04,754.0209350585938,754.66686550718,743.6864724364389,746.9656763391347,3031650
2024-09-05,747.1146850585938,753.8719059185777,745.6738659479972,753.2259754787792,1759438
2024-09-06,733.7494506835938,749.3505207909028,731.4142150080773,745.2763675751239,2765612
2024-09-09,731.1658325195312,744.2827094898222,726.6445010873598,730.4702290721011,2635184
2024-09-10,698.4730834960938,727.5388638100032,696.7837781511182,725.4023804838945,7366304
2024-09-11,695.7403564453125,699.8641826251253,691.6164696147537,696.5849787355494,4604184
2024-09-12,710.0496215820312,711.4408283868639,693.901967047257,698.7214572526985,3487862
2024-09-13,700.9573364257812,709.2547229346644,698.7215071766002,707.5157446297458,1886832
2024-09-16,696.9328002929688,704.7333965647097,693.6039232026544,704.3855645107623,2754818
2024-09-17,694.4982299804688,698.4730372817718,687.1944851738767,696.9327509319199,2985585
2024-09-18,694.3988647460938,700.7585810670805,689.0329109603391,694.4982713249918,1527865
2024-09-19,697.0818481445312,703.6402560977089,693.3554662050558,695.9390667561264,2202499
2024-09-20,706.621337890625,716.459010140368,697.578675615171,697.578675615171,7891171
2024-09-23,722.9180908203125,725.4023454279425,709.552788901114,714.322545617614,2943802
2024-09-24,716.1609497070312,724.3589901330189,710.6459164596985,722.9181102916349,3212859
2024-09-25,712.0370483398438,718.5457833258458,705.627659278522,717.4527355513713,1096265
2024-09-26,724.9551391601562,727.3897207107168,709.8011866453496,712.0370157049113,2797065
2024-09-27,725.6011352539062,735.9853321781446,721.7753465708972,724.8558588332779,4567661
2024-09-30,713.4779663085938,731.7123719671829,711.4905625027202,730.3708986585186,2488795
2024-10-01,705.72705078125,718.7941934365103,702.1496878079466,711.4905092568123,1987048
2024-10-03,697.8270874023438,707.4660069697339,692.1133020658347,692.1629750255685,2542774
2024-10-04,704.3358154296875,709.0062259649311,697.1314774643816,697.827080846353,2616851
2024-10-07,701.4044189453125,714.7697208128218,698.4730470402438,707.1679381333219,3474485
2024-10-08,705.6276245117188,708.0622060539104,695.3925080932805,696.0881114840131,3767320
2024-10-09,712.7822875976562,720.8809815119087,699.3176403644819,705.3791970721746,1743202
2024-10-10,719.0923461914062,721.6262737018628,708.8074959655592,716.4590121085176,2249443
2024-10-11,719.291015625,720.9306478369598,712.4841826314268,716.9558406814149,1984588
2024-10-14,735.935546875,736.9292486993793,721.7256229165255,723.4149281481194,3985624
2024-10-15,709.7515258789062,741.7487366556089,706.8200933758585,738.1217007474869,6665822
2024-10-16,722.2224731445312,727.8369127072539,710.3477242242989,718.8935962963126,5375005
2024-10-17,721.5269165039062,726.8929309585689,711.4408787327302,725.4023781268015,4310887
2024-10-18,737.77392578125,739.3141514666564,715.5646537923083,721.4275187698825,3703858
2024-10-21,741.1524658203125,750.6920395235888,737.7739160791323,744.1335712305718,4508689
2024-10-22,723.6137084960938,745.0279715055843,719.7879199345256,741.1028370180528,3346783
2024-10-23,719.1917114257812,727.3897516596502,713.6766783076915,720.4338387339432,1668266
2024-10-24,710.3477172851562,730.3708330921298,706.5716625231283,720.433814954822,1806714
2024-10-25,704.9818115234375,715.1672558025004,695.591316618932,713.4779504748474,2852838
2024-10-28,713.726318359375,717.2539476217437,701.2553728906236,705.7767039537015,1448334
2024-10-29,737.7243041992188,740.4072507699915,703.6900146142134,713.4779539279953,4585180
2024-10-30,722.4708862304688,740.3078457859298,719.9866317144086,739.5625694311117,1645358
2024-10-31,715.6144409179688,722.1728491369308,708.6585276823878,718.5458129752207,2028752
2024-11-01,719.1420288085938,721.4275308947778,715.6143994309243,717.4030506005141,198743
2024-11-04,706.3729248046875,723.0174305328137,701.6528410907413,715.6640733478508,2047984
2024-11-05,712.7326049804688,722.02369240587,681.0832274023167,706.3232163398648,5036300
2024-11-06,704.2365112304688,713.4779262791438,699.9138718047636,712.4842244319584,2878220
2024-11-07,707.2175903320312,709.2049939521012,698.8704708674394,704.2364849019264,1935062
2024-11-08,704.0377807617188,715.3162728199023,702.547227944298,705.0314826399992,1272302
2024-11-11,700.9075927734375,707.1182294877791,691.4177520040733,699.6654654305692,1888427
2024-11-12,695.59130859375,715.3162664414303,691.7158470427139,703.0937455777186,2502158
2024-11-13,680.7354736328125,694.4485477059014,678.8474764155706,690.6228196558777,2080391
2024-11-14,689.6290283203125,692.3120352292289,677.2077561963875,677.2077561963875,1715862
2024-11-18,686.151123046875,689.5794065376497,678.2015082975992,682.6731665940669,1666040
2024-11-19,676.11474609375,688.6353648303673,664.0909176189625,683.7165286657155,6438490
2024-11-21,670.152587890625,676.6613232275249,664.6374938063406,676.1147993108236,2194259
2024-11-22,683.8656005859375,686.946051949314,669.9041022281415,675.7172335802617,1788502
2024-11-25,680.4869995117188,691.4177196169474,677.1084496878232,685.6542611461579,4622983
2024-11-26,678.1021118164062,689.0328312817011,670.7486944612745,679.6920103874247,1767673
2024-11-27,676.2637939453125,684.9586852878448,675.0216666106651,677.5555942431961,2422336
2024-11-28,653.5577392578125,685.8033774261146,634.6277305550873,677.7046828357395,13625371
2024-11-29,653.607421875,669.854423608856,647.1980325177974,665.7802700969213,5934406
2024-12-02,636.1679077148438,659.8179985445756,635.0747993388561,645.9061732740576,4977558
2024-12-03,630.0069580078125,642.7263292570008,628.317652772595,642.7263292570008,8256858
2024-12-04,646.1546020507812,646.8998784083946,631.0006494459763,631.0006494459763,7392523
2024-12-05,639.099365234375,649.3841550595643,635.3232497065447,646.1049511044856,6163444
2024-12-06,632.4912109375,643.372258039787,631.1994106965279,640.9376764409859,6455327
2024-12-09,637.7578125,642.2791436264217,630.7025538764184,633.8824118133866,4027169
2024-12-10,629.3113403320312,640.3911397067352,626.3799078801336,637.7578056658833,6158405
2024-12-11,630.6528930664062,636.5653704567777,628.8145082834722,630.8019119510246,2396993
2024-12-12,622.6038818359375,632.7893257959604,615.9958009254931,631.9943764463032,3807072
2024-12-13,628.5661010742188,629.9076349792135,617.2379362307262,621.0636641415387,2573194
2024-12-16,630.9509887695312,632.3918685524518,624.5912728004492,628.5660801184389,2175242
2024-12-17,622.8026733398438,632.3421874346488,621.6598918807545,630.9510411483135,3179067
2024-12-18,620.616455078125,625.833389595527,616.3932223735615,619.2253089305984,4331195
2024-12-19,619.6227416992188,621.0636214310878,611.4247018963284,614.1573818306251,3779968
2024-12-20,619.8712158203125,622.5542230057143,614.3065095956448,615.7970624041182,3996244
2024-12-23,618.6290283203125,622.5044895057673,609.7353852978152,621.113282759516,2924609
2024-12-24,618.5794067382812,624.0944399212199,615.1014502345319,618.6290797010423,1445089
2024-12-26,622.454833984375,625.4856123549579,615.3001688688918,615.9957722615038,3523864
2024-12-27,617.9832153320312,625.4359793343435,616.6913543843648,622.4548737334186,726298
2024-12-30,613.5115356445312,619.9705975557679,610.4806965348153,616.4429075298029,1564417
2024-12-31,613.1636962890625,615.2505065028313,607.2014853652877,613.3127758224553,2645522
2025-01-01,613.3128051757812,615.5983073424638,608.7914738056757,611.2259948621372,1386549
2025-01-02,616.2442016601562,617.1881698589502,610.1329112690686,613.114016698722,2449967
2025-01-03,619.0762329101562,620.1196076894063,611.7725488046606,615.1014256362548,2956679
2025-01-06,602.1336059570312,623.0510163040768,599.5499449375731,623.0510163040768,5743310
2025-01-07,615.946044921875,616.7907278539128,601.686448156499,602.1832990633169,2813892
2025-01-08,614.1077270507812,619.3246616252418,611.2259675017332,616.1448036592309,1861556
2025-01-09,608.3442993164062,617.188209603444,606.0587971366436,612.2197002340691,2141675
2025-01-10,604.816650390625,611.0272869030945,599.2022107230538,606.2077965789699,1966939
2025-01-13,595.97265625,604.6178740648093,593.5380747029064,603.1769943205502,2105862
2025-01-14,596.6682739257812,604.2203835478157,591.1035073062461,601.1896051067655,3122102
2025-01-15,590.4576416015625,600.6927583565622,580.6199691895187,600.6927583565622,5633587
2025-01-16,637.3603515625,659.4204827520839,624.9887521624535,626.1314728290658,24198675
2025-01-17,638.1553344726562,645.8565237410374,629.4107704012889,635.9691782921276,3671715
2025-01-20,630.056640625,639.9936590423985,626.5786841789105,637.9565823969812,1956252
2025-01-21,620.0699462890625,633.0377431317853,618.9768985286594,631.9943683330829,1820019
2025-01-22,614.3065185546875,625.038486802061,609.0399106847565,625.038486802061,2296057
2025-01-23,617.0888061523438,621.262365763716,608.7416869295993,614.1077008086127,1673008
2025-01-24,617.1881713867188,621.0636327151594,609.4373093805826,616.6416475200784,1793560
2025-01-27,606.3568725585938,615.846712963829,602.5808177113126,614.1077347505386,1730503
2025-01-28,607.6983642578125,610.1329459606063,596.3204657575506,607.1021673982808,2662789
2025-01-29,624.3925170898438,625.7340509432065,601.3386832847889,608.145516521504,2005819
2025-01-30,630.156005859375,632.0936758030526,620.069908567097,620.7655119408305,2899445
2025-01-31,634.0314331054688,636.9628655999234,626.1812251304881,633.9817601446974,1012392
2025-02-01,621.5604858398438,663.3456350679127,591.5010059091398,635.0251333150181,10039413
2025-02-03,617.486328125,626.3799107913834,606.1581032466498,611.6234631939557,3293387
2025-02-04,621.9580078125,624.0447574225632,611.5241384606896,623.9950844605612,3244955
2025-02-05,623.8956909179688,634.9754909594861,620.7655664374909,622.0573667302634,4467504
2025-02-06,627.9699096679688,634.3792988676952,619.2253453310993,622.5045493760817,4837012
2025-02-07,631.6962280273438,633.4848790852004,620.616429019125,627.9698463856661,2538330
2025-02-10,631.6962280273438,636.7640827997282,622.8025850457245,631.9943264285293,3394573
2025-02-11,614.7039184570312,630.8515729496866,609.0895395931092,628.26797249116,2327875
2025-02-12,625.1875,632.8886888055038,604.3197625915382,614.2070467954289,3378279
2025-02-13,625.6346435546875,635.969166775081,623.6969735202665,625.1875262548956,2808139
2025-02-14,622.2560424804688,629.9075580179908,618.5793339078162,626.0320969669466,1693078
2025-02-17,619.32470703125,623.0510891433514,610.0832915233887,622.2561397562532,1860572
2025-02-18,615.0517578125,622.0573435611141,607.4995875385627,620.0699399075643,1887686
2025-02-19,618.9271850585938,620.0699664686352,609.9341952712097,613.1140533832498,2007325
2025-02-20,616.0950927734375,626.0321103988155,612.4183841218992,619.076198061051,2881981
2025-02-21,618.9271850585938,619.9706205420007,609.5864238772399,613.9090027485727,1627631
2025-02-24,613.114013671875,617.5856717942793,610.6297591594282,612.1203118668963,983443
2025-02-25,618.2315673828125,619.3742880036846,609.2385180340286,613.1636520726138,1606709
2025-02-27,614.5052490234375,623.8956829963898,611.1266384691625,621.0636569808562,1831493
2025-02-28,604.6676025390625,613.0643956740689,596.5689078421258,610.1329629564245,5013148
2025-03-03,614.1077270507812,616.2442102320492,603.1770069900068,604.667559725567,3624490
2025-03-04,612.6171875,616.8900933037515,605.462522085179,609.2385769663839,3262295
2025-03-05,617.28759765625,621.0636525335043,608.1455285608074,609.139230404861,2661830
2025-03-06,614.356201171875,624.0447947204813,608.7417611628952,617.2876339141676,2491123
2025-03-07,621.2623901367188,629.0132522043483,614.2568044342603,614.405823316847,3169440
2025-03-10,621.9580078125,629.013266637711,619.0762482074153,621.1133248554765,2316148
2025-03-11,632.9384155273438,633.5346123865016,610.7788760509978,619.0762623698122,2677293
2025-03-12,628.0195922851562,635.7207819057417,623.1504287808733,632.9384287536157,2704337
2025-03-13,618.4800415039062,628.3176532026483,615.5486089835439,627.0258529574494,2211232
2025-03-17,625.8334350585938,627.3736608502326,618.4800774998587,618.4800774998587,1075106
2025-03-18,625.8334350585938,625.8334350585938,625.8334350585938,625.8334350585938,0
2025-03-19,660.3645629882812,661.7060968979689,636.6151247788802,637.9565980378192,2470532
2025-03-20,670.102783203125,674.077590395019,654.9488307840293,660.8116956523708,4425855
2025-03-21,675.3197631835938,676.8103159810714,664.8362206381503,673.5311119567702,3725271
2025-03-24,675.6178588867188,683.1202951334337,671.3448927475134,675.3196998345935,1401023
2025-03-25,668.8606567382812,681.6794342074361,667.1216785897929,678.6983288100275,2019661
2025-03-26,664.1903686523438,676.1147913523805,660.6626784163161,668.8607190225913,2231203
2025-03-27,677.6052856445312,680.2882319996318,662.8487774377536,664.1903112660489,5951034
2025-03-28,681.38134765625,683.9152751579976,673.6801585789169,679.592696516825,3116601
2025-04-01,688.5360107421875,693.6535386905795,675.717233089457,678.6983385295575,4620146
2025-04-02,691.7655029296875,697.3302085128851,685.8529653408264,688.9334165296068,3047499
2025-04-03,688.5360107421875,693.4051132372377,670.7487240226227,684.1636985030752,1353987
2025-04-04,684.710205078125,690.6227428484874,679.8411027060424,682.6731285423177,3867188
2025-04-07,661.7557373046875,675.7172357064136,647.5954864093693,659.5695811766647,3861746
2025-04-08,681.4310302734375,685.4058375954845,664.090921200858,670.2518846801802,3279965
2025-04-09,680.4869995117188,687.2441598102563,674.87262057539,681.1826029212916,3054715
2025-04-11,681.2322998046875,686.0517902289546,677.8537498621507,679.0958771904543,3264303
2025-04-15,700.2616577148438,703.0440105735373,685.9523277976433,686.7970107025593,2306442
2025-04-16,711.5402221679688,716.8068300249427,695.7900715611153,695.7900715611153,3452538
2025-04-17,715.5150146484375,719.1917236733595,705.0811450821919,711.5402071946297,3105731
2025-04-21,707.7144775390625,720.4338492297975,699.1686051439566,720.4338492297975,6168127
2025-04-22,708.062255859375,717.3036711270255,704.0874483764501,713.4779431850098,2669384
2025-04-23,704.6339721679688,711.3911934085119,700.6591646856489,710.8943424732219,2091384
2025-04-24,703.9384155273438,711.4905253348446,700.5598049735552,708.5094197817657,3814638
2025-04-25,700.1126098632812,728.8802898760646,688.2875945161351,706.9691767277309,3714671
2025-04-28,706.3729248046875,709.9999607609659,693.7032264146213,698.2742912438383,1944250
2025-04-29,710.5465087890625,714.4716432989492,702.5472208794952,711.3911917675564,2545118
2025-04-30,739.0160522460938,745.0776090597599,707.6150384888805,707.6150384888805,8732964
2025-05-02,724.5577392578125,744.6304684138917,722.7690273798859,739.0160892660621,2512684
2025-05-05,734.246337890625,736.6808589577837,722.7193597785465,725.5017128915486,2761798
2025-05-06,718.0489501953125,737.9727212980251,714.2728952026679,734.2463392689516,1498360
2025-05-07,719.3407592773438,724.2595346804037,713.4778943807694,714.471596183528,1657343
2025-05-08,718.396728515625,721.6262593659643,710.9936379746983,713.9747433750115,3057761
2025-05-09,709.1055908203125,712.4842012511181,703.9383899036623,704.5345867322771,3210705
2025-05-12,729.9733276367188,732.3582362484366,715.4653054258811,715.4653054258811,1488045
2025-05-13,730.4205322265625,737.7242772096536,727.5388332539277,730.7683642642799,1445358
2025-05-14,737.0286254882812,745.2763381671826,729.526189147547,735.3393203249535,2058831
2025-05-15,746.4688110351562,748.8536589862588,729.3771277905688,738.3701170316796,3338741
2025-05-16,745.8229370117188,749.2512206421544,742.344980417226,745.2764131055912,1426234
2025-05-19,746.220458984375,751.2386414831799,741.6493938229949,742.2953243226658,1187450
2025-05-20,742.344970703125,752.878246927632,741.053170400796,743.8355235098313,2191829
2025-05-21,754.915283203125,756.2070834362704,741.3015561674871,743.2889598033249,1928533
2025-05-22,751.0894775390625,757.25044079861,747.4625023775244,754.9152658405067,2391952
2025-05-23,775.4849243164062,776.4288925244787,747.3134413388359,751.0398231625294,4511523
2025-05-26,775.0874633789062,781.1987541773858,772.8019611939644,779.3603693161016,2343463
2025-05-27,770.9138793945312,776.2798936190391,764.8523223989646,775.087439274621,3472288
2025-05-28,784.4779052734375,785.7697054950349,771.1622767720601,774.8886585559442,4163057
2025-05-29,775.9818115234375,786.1175220373935,773.7459823246386,783.0370705126812,2916417
2025-05-30,771.957275390625,781.7949481886657,770.4667225818764,775.9818164948456,3184086
2025-06-02,761.8712158203125,777.5716928232067,757.6976559459362,766.8893980016738,3456222
2025-06-03,753.1266479492188,763.6598631810726,742.2952736451025,743.6864804798365,3357675
2025-06-04,754.0209350585938,761.5731053428666,749.2511784136956,749.2511784136956,2322495
2025-06-05,756.8033447265625,763.3121407089068,750.7417873812695,754.2197440402165,1638871
2025-06-06,750.34423828125,759.585713952737,745.822907020373,759.585713952737,1215092
2025-06-09,755.6109008789062,761.0265273682659,740.3575412952761,750.344232623855,3151657
2025-06-10,757.64794921875,760.7780734969755,745.4751021739138,759.3372544081824,2167862
2025-06-11,759.386962890625,767.3862506212735,755.4618284685312,757.3995591985013,1530367
2025-06-12,749.748046875,764.156723720179,747.9097227102246,760.2812622394524,1600355
2025-06-13,748.1083984375,749.201506840922,735.5877796400948,739.2148155798076,1490695
2025-06-16,765.6968994140625,768.4295793267827,745.3756857511396,746.1209620909724,2304692
2025-06-17,769.0755615234375,772.9509623610188,761.5731246608624,769.0258885609201,1899985
2025-06-18,761.3743896484375,769.5724301268059,760.1819352668886,769.1252521523814,1059077
2025-06-19,757.0516967773438,763.113314185484,748.95306344743,761.1755835332855,3059158
2025-06-20,776.18359375,778.425602940024,755.3079849058756,758.0980286231161,5256299
2025-06-23,771.400634765625,781.2156282162408,766.268900635573,767.21553887936,1848140
2025-06-24,776.930908203125,784.2547803563256,774.5394074739547,776.7316063392958,1965197
2025-06-25,782.3117065429688,784.8526989165955,775.7849809188484,777.2796536946802,2733266
2025-06-26,796.6107788085938,799.3012019672576,782.8099303617995,786.1978796458045,4290163
2025-06-27,804.0841674804688,808.3190738068785,791.1801466280828,798.1552864598165,17236651
2025-06-30,811.4080200195312,817.8351251558015,798.7033013527796,806.1268550119323,2971593
2025-07-01,807.023681640625,815.9917183313515,803.1873183430017,811.4080186428343,2596888
2025-07-02,786.8953857421875,809.714019701892,785.2014111433019,805.6286052149234,3248677
2025-07-03,783.0590209960938,786.2476683255603,774.4397780546047,786.1480478039852,3442861
2025-07-04,782.3117065429688,785.9985782203652,777.4291452996197,781.1160169770161,1536851
2025-07-07,786.6463012695312,789.9345692427196,778.2761093210597,778.2761093210597,2169992
2025-07-08,791.32958984375,793.6712194595582,780.3187854137366,782.2120618653523,5033587
2025-07-09,783.5074462890625,795.1160956844262,781.2156268942497,789.1872149237829,2165913
2025-07-10,768.5109252929688,785.2014380951175,760.6888286951393,780.2191954676105,2602721
2025-07-11,756.304443359375,774.6391208590805,754.1620546667708,762.2831346112278,3508424
2025-07-14,762.0339965820312,764.7244197176236,750.3257266116633,752.5179254931975,1794592
2025-07-15,754.1620483398438,767.5642932806561,749.4787888865625,766.2689223506338,2842400
2025-07-16,753.2652587890625,774.1408671122773,752.119318682066,762.2831055869027,6273181
2025-07-17,749.1300048828125,757.9984212715074,743.649537878615,756.9521624616573,4378210
2025-07-18,736.8736572265625,754.3115057748585,733.7846912396486,752.3186087979103,3450063
2025-07-21,749.6282348632812,750.8239852915251,730.2472983281094,735.3790327075587,2073697
2025-07-22,760.589111328125,765.8204658392372,748.8808417080166,749.3292556869326,4334529
2025-07-23,759.7919921875,765.5713814070185,755.4075943970289,762.2831134733607,1312711
2025-07-24,754.6104736328125,763.6283208332674,753.315102683411,759.2937939745493,1258684
2025-07-25,759.6425170898438,763.7778028415875,748.4324710598792,750.1762559978736,1708286
2025-07-28,758.4966430664062,767.0660762085231,753.8631330142756,759.2937897370974,1509806
2025-07-29,753.663818359375,762.2831224371649,752.418257701798,759.29377685898,1129341
2025-07-30,754.7599487304688,759.2937773633828,747.3363950426997,749.6282144904856,2011152
2025-07-31,752.8168334960938,758.5464123082745,743.3505728498822,743.3505728498822,1783473
2025-08-01,739.0658569335938,753.6637908158638,737.4715028591277,749.8772987188895,1697685
2025-08-04,737.172607421875,744.8950834989067,729.5498126884851,738.86658207987,2555375
2025-08-05,735.8772583007812,739.6139403842313,729.0516100223696,733.1868350370185,1988095
2025-08-06,749.8773193359375,752.3186303663675,731.4928320328428,731.4928320328428,1797969
2025-08-07,753.0161743164062,754.9592611343097,744.3968701126154,744.3968701126154,1423219
2025-08-08,758.8453369140625,761.7848721291215,753.3150599471758,753.3150599471758,2210684
2025-08-11,762.0339965820312,763.1300656136032,751.0232527310229,760.7884359468857,1719052
2025-08-12,763.4788818359375,770.2049094661746,755.6567243230708,762.0340192924303,1996036
2025-08-13,773.8419189453125,780.9167401353386,760.888087806316,763.1300970419115,1720968
2025-08-14,785.9487915039062,787.9416885980525,775.1871593591953,775.9843060331752,2861621
2025-08-18,788.1907958984375,812.1055608814495,786.2975193432587,806.1268696356965,3954373
2025-08-19,790.9310302734375,793.272660019961,782.4114074023596,788.9879434527094,1531303
2025-08-20,793.7210693359375,799.0022344140493,789.7850854543211,790.2334994592836,1097339
2025-08-21,792.625,804.1339684253084,788.5893955935143,789.6854646555847,2142925
2025-08-22,785.9487915039062,792.1765949231132,783.806402800342,790.9808445029469,1331814
2025-08-25,784.2049560546875,789.1373882087983,782.560791730521,785.9487408997901,2326398
2025-08-26,773.8419189453125,789.1872509296348,767.7636071228328,783.2583698984924,5054056
2025-08-28,772.5963134765625,786.0982391896903,768.2617868663455,772.7458050776277,2892634
2025-08-29,769.3080444335938,775.6853390960606,763.9272590793773,773.244028132223,1865283
2025-09-01,779.0234375,782.2120849142842,768.7600299507901,769.3080644708099,2218344
2025-09-02,779.9700927734375,792.92392376169,774.4896258168691,777.2298592951533,2957512
2025-09-03,773.6924438476562,784.7031875215828,767.9628650181336,780.2191693071737,1879623
2025-09-04,751.5712890625,800.1481539505304,747.3861931546224,800.1481539505304,10041489
2025-09-05,756.8524780273438,770.2547230829573,750.7243559841487,761.2866862035955,3234619
2025-09-08,751.0730590820312,760.4895095983795,745.8417044416589,759.5926816183882,3455695
2025-09-09,758.3969116210938,760.19056753465,749.6779874461511,752.3186002379176,2393107
2025-09-10,774.8383178710938,775.8846374354093,757.3008488565092,760.2901943125217,2301647
2025-09-11,771.500244140625,776.532296856392,768.4610884068164,775.1871157209258,1238513
2025-09-12,776.881103515625,778.6746986661763,767.4148426905258,772.9451197457215,2259316
2025-09-15,774.4398193359375,777.2298630910474,768.8596710073252,772.2476203789253,1362719
2025-09-16,771.5999145507812,778.8241665774701,767.3650081903085,774.0910359392947,1758601
2025-09-17,765.322265625,774.1906816876849,760.0909109496656,772.2974051921125,2329049
2025-09-18,781.8134765625,786.8455901923511,763.478860470851,763.478860470851,4824420
2025-09-19,779.4220581054688,790.8314060221943,777.7280834282375,784.0056970500784,3634175
2025-09-22,785.0021362304688,794.0698543036143,780.7174197344684,784.0056877049622,1976223
2025-09-23,772.2974243164062,788.6890148687014,771.2511655191091,784.6534104686169,2220802
2025-09-24,767.5144653320312,772.8454405366793,765.3222664449121,768.5109138426863,1102305
2025-09-25,762.3329467773438,767.215568972567,756.0553331109086,765.2724821471866,2080916
2025-09-26,761.6852416992188,772.6959852288418,759.4930428816712,763.8773796983777,2956314
2025-09-29,753.9129028320312,766.21907816845,751.720764809832,759.2937490027133,3463773
2025-09-30,753.7634887695312,758.9450331935708,747.9342284855902,754.3115232872375,3435577
2025-10-01,761.2866821289062,764.0269156051555,746.2901438134746,750.5250500949509,1540724
2025-10-03,756.5037231445312,764.42550098563,752.2688169647781,753.9627916003575,5421803
2025-10-06,760.3400268554688,761.9841912318147,749.9769987952955,752.5179303436922,1323764
2025-10-07,752.91650390625,767.2653874270482,750.4253825184999,764.276041761748,3289846
2025-10-08,744.6459350585938,754.3613077140428,740.0622963895321,752.9164452580163,2259319
2025-10-09,751.6708984375,754.7599252653417,739.3647838424114,743.450198347608,4476278
2025-10-10,744.6459350585938,757.0019205067255,740.9590635282327,752.2189799784898,2771300
2025-10-13,743.8986206054688,747.3363801176881,739.5142836664792,739.5640939281423,1676403
2025-10-14,740.9093017578125,745.493001545249,737.0231889323343,744.2972511303354,3412592
2025-10-15,758.4468383789062,760.9877700184616,740.9093074028054,742.0552475629936,2764842
2025-10-16,740.2117309570312,757.2510365001788,723.4215983529176,757.2510365001788,10209104
2025-10-17,743.30078125,746.8381613113455,733.4359166331409,738.1192368130477,4205888
2025-10-20,739.6138916015625,751.2225408358339,734.9305715355238,749.2296438561059,2361964
2025-10-21,741.0587768554688,743.7492000244822,737.9697499509009,737.9697499509009,119115
2025-10-23,741.0089721679688,749.877327576055,740.0623339026988,742.3541533534002,3312072
2025-10-24,732.33984375,742.8523633547901,731.1939036374554,740.9590868606008,2349228
2025-10-27,734.6316528320312,740.9092661859414,729.6992206188198,732.3398334575421,3739804
2025-10-28,744.3470458984375,746.2403224175035,732.9376981584044,733.3861121569612,3859058
2025-10-29,758.5962524414062,760.6888308418996,746.3399477068283,747.5356981044828,2270288
2025-10-30,743.9484252929688,758.4966098746224,741.4074937832851,755.3079625130005,1517376
2025-10-31,729.2507934570312,745.941305444308,727.4571983623747,742.3541152549949,2584942
2025-11-03,733.3861083984375,735.3291951699648,725.8629342599306,727.4074172973633,2222765
2025-11-04,739.813232421875,745.9912255480436,731.5925319475937,733.386127160122,2311438
2025-11-06,733.4359130859375,744.1477345606108,731.9910505838151,736.2259567482208,1640119
2025-11-07,746.5890502929688,747.8346109374348,728.4536751458644,728.4536751458644,1709430
2025-11-10,748.033935546875,757.1015929869178,746.5392627280728,747.3364094010888,2046515
2025-11-11,761.1870727539062,762.2831418331065,744.6958005732599,751.7208115154559,2303525
2025-11-12,780.3187866210938,783.2085115636334,761.7350588110309,762.28309331575,3996339
2025-11-13,779.4220581054688,783.7067746525416,775.5358844823141,780.119584245316,2068084
2025-11-14,770.9522094726562,777.5287451843845,766.7671136477431,776.233374310061,1373199
2025-11-17,767.5144653320312,775.2369412896077,762.3827311748016,767.9628793255041,2639170
2025-11-18,759.094482421875,766.3685445696623,757.8489217521035,763.7279924407819,1363326
2025-11-19,758.3969116210938,759.2937395778719,752.9663160754117,757.8986873825256,950947
2025-11-20,759.4930419921875,762.4325771655663,747.4359789189909,757.9983692753904,2612081
2025-11-21,761.2866821289062,763.4788810735841,755.9058357027325,757.3008879816344,2712721
2025-11-24,758.9450073242188,763.2795338746108,756.9521103689326,762.7813096357893,5837946
2025-11-25,763.8275756835938,767.7137491109486,754.9592206387317,761.1371526045319,1858955
2025-11-26,784.7529907226562,785.6996289453043,760.041080504795,760.888037388097,3006211
2025-11-27,775.0376586914062,785.0021440456758,773.0945718836452,784.753031911819,1165637
2025-11-28,761.5855712890625,777.6284285227223,758.7457174104254,777.6284285227223,2441514
2025-12-01,764.0269165039062,765.5215893108914,755.407612322935,762.2831315624236,908996
2025-12-02,756.304443359375,763.6781868973504,751.2723903860774,759.2937889853014,2054726
2025-12-03,749.2794799804688,756.2048093877493,743.3505990974476,752.617558209381,2877041
2025-12-04,758.0980224609375,763.2795669327757,742.5534498638145,752.318633203976,2649259
2025-12-05,765.5714111328125,769.2582829427191,752.5179594154164,754.5108565214856,1693258
2025-12-08,761.3364868164062,777.1302325003401,759.2937794945677,765.2724706716903,3775906
2025-12-09,760.1906127929688,762.5820527894383,750.8239722228844,761.1870613294291,1965538
2025-12-10,768.3116455078125,773.144457486439,756.3044525940753,756.3044525940753,1667376
2025-12-11,772.4468994140625,774.3899861780221,760.3400256541828,768.3116137579019,2133427
2025-12-12,774.7387084960938,777.0803381429704,767.3151550098487,776.3330017682154,1290971
2025-12-15,769.955810546875,772.7458543369597,763.7778173427204,769.7565086722133,1510988
2025-12-16,761.6353759765625,779.4220179433922,759.4432379619878,770.1550591869072,2125078
2025-12-17,750.823974609375,761.6354169369772,746.3399561810509,761.6354169369772,1809434
2025-12-18,754.3115234375,755.6068943391703,746.4395558668726,752.3684366757992,731537
2025-12-19,763.7279663085938,771.1016487303034,750.4253423195695,750.4253423195695,3098157
2025-12-22,759.094482421875,766.3187343065498,757.25107695797,763.2795784359857,767829
2025-12-23,761.2368774414062,762.2831362490499,755.1086945677333,757.2510832649406,1246811
2025-12-24,752.6673583984375,765.2226461271034,751.9698930955037,761.1870418215428,1132272
2025-12-26,745.7919311523438,752.3186570064028,743.0018873695085,750.3257599017501,1655497
2025-12-29,743.7990112304688,748.7812538392623,739.5641050129942,745.3434942755165,2912215
2025-12-30,740.3612670898438,748.3328554299767,733.1370151565983,743.7990267252046,13786783
2025-12-31,747.1868896484375,749.3292782687162,741.556992067373,745.1939926317655,2503615
