Price,Close,High,Low,Open,Volume
Ticker,HDFCBANK.NS,HDFCBANK.NS,HDFCBANK.NS,HDFCBANK.NS,HDFCBANK.NS
Date,,,,,
2020-01-01,595.6771850585938,596.3294317486501,591.9501261101647,594.5124791372097,3673698
2020-01-02,599.4740600585938,600.0564129438264,595.8634721701507,595.8634721701507,6137166
2020-01-03,590.9252319335938,598.658868195343,588.6889737244671,597.3543747616177,10855550
2020-01-06,578.1366577148438,587.8503498429019,575.8305629173403,587.0117388963179,10890186
2020-01-07,587.2913208007812,592.3461332836704,583.4012142757196,586.4993434976219,14724494
2020-01-08,585.7539672851562,588.0134855627122,577.7174958437635,580.9320389239922,11332110
2020-01-09,592.3228759765625,594.3727698457291,588.4560294308527,589.3412173369028,9546316
2020-01-10,597.5873413085938,599.544081542198,594.0466463859336,598.2395880531285,9214580
2020-01-13,599.124755859375,604.0165209733124,594.4659319413395,597.5873212182596,7451568
2020-01-14,600.7553100585938,602.1762740209311,595.1647216749543,600.5223688759421,7886290
2020-01-15,598.3095092773438,600.0332515160003,593.5807912502222,599.3111678734987,11787448
2020-01-16,599.8933715820312,601.4540659561723,596.0265256367868,597.2844420038613,7150400
2020-01-17,595.4675903320312,598.612296476041,592.555825383874,597.1447555680879,16918814
2020-01-20,584.6358642578125,607.9066685488873,583.5177350680307,607.9066685488873,22178450
2020-01-21,579.7207641601562,582.3530111446122,576.9487865752724,582.3530111446122,14984804
2020-01-22,578.090087890625,584.6823343492005,575.0851695578679,581.4444748473799,18368310
2020-01-23,579.9537353515625,580.8855002175715,573.5012750285331,577.6942169255735,11508920
2020-01-24,579.8139038085938,584.216469285912,577.2748108684818,580.4894104706909,11831756
2020-01-27,565.2083740234375,575.3646307393022,564.5328674480562,575.3646307393022,18888552
2020-01-28,569.8673095703125,572.0104140338276,565.2318025959702,567.8174725762849,13412158
2020-01-29,575.7608032226562,578.6259916083264,569.424813400384,570.8457775933209,13788350
2020-01-30,571.195068359375,577.2049050769791,567.0719641348936,577.2049050769791,12111984
2020-01-31,571.3115844726562,576.6692318345022,568.492973329783,573.7108332296785,11178268
2020-02-03,555.70458984375,558.1038388817431,548.6697195962923,557.6612733177518,13077010
2020-02-04,572.9421997070312,574.8988830437811,558.1271166016611,558.1271166016611,20897704
2020-02-05,579.8605346679688,581.4212293180981,571.7774864838223,575.3181813139211,18020682
2020-02-06,577.6009521484375,581.7472595087551,576.3896125591639,579.8604701400541,11827550
2020-02-07,578.7190551757812,580.9553132918676,573.7807134456975,580.4894309235501,6815448
2020-02-10,577.8339233398438,579.0684661177814,571.1950996008843,579.0684661177814,9219834
2020-02-11,577.9737548828125,584.6824735228149,576.7857887600557,579.231671617422,11613520
2020-02-12,581.8870849609375,583.7040375931034,579.5809899584544,580.1167091920769,6297930
2020-02-13,578.3464965820312,586.9653220825525,574.7125906498608,586.9653220825525,9112140
2020-02-14,568.0736694335938,581.6075753387364,566.0470924519831,579.1849528372734,14688858
2020-02-17,567.0487060546875,574.4329298288528,565.7907896043532,570.7058710789495,10152690
2020-02-18,565.2317504882812,567.6776327796997,560.6893976613612,566.9322324078242,10529116
2020-02-19,571.7307739257812,573.0352672009034,565.5345730449556,569.5411497179709,10012268
2020-02-20,567.0254516601562,573.0353459305833,565.6278044749597,573.0353459305833,11123414
2020-02-24,563.6943969726562,565.9306552798603,559.0588897598949,563.228514564523,16568084
2020-02-25,559.1986083984375,563.2517621021274,558.1270562434645,560.9223503481898,13886680
2020-02-26,558.70947265625,561.2485090083372,552.3734833397964,557.8941784497473,13814786
2020-02-27,558.8025512695312,560.2235151580101,550.2070448246236,556.729397599852,20655098
2020-02-28,548.6464233398438,552.0706476282661,545.1289884485627,547.6447647991787,24313056
2020-03-02,549.5548095703125,559.5945969771311,543.2887147008902,559.1519746216763,14664898
2020-03-03,550.5798950195312,552.2337435733383,544.1506945447236,547.4118716524403,22369550
2020-03-04,535.2289428710938,549.7411898936383,527.8912956331067,548.9724726184347,34288870
2020-03-05,536.3936157226562,542.7529209777202,532.3870390105492,537.162332950482,19549708
2020-03-06,528.7299194335938,531.5252136871466,512.936495526939,524.1176725411502,23053566
2020-03-09,515.8716430664062,521.0429267212518,496.16479331610776,517.1295028928447,34420590
2020-03-11,518.8997802734375,521.7882280735403,508.7435223717018,514.7999928761268,35538240
2020-03-12,475.8056945800781,503.15299744295385,467.48970502420036,500.823585417755,59000770
2020-03-13,498.4009704589844,503.82845444558325,428.239070125055,456.5880002991171,66342364
2020-03-16,465.64947509765625,483.1200657091241,463.55300422428013,482.18830087651247,31986322
2020-03-17,454.2818908691406,470.5411970727661,444.7779075141395,469.60943232608736,42676838
2020-03-18,408.5323181152344,462.62125737708226,402.9883057715772,458.8941979017382,61181406
2020-03-19,417.220947265625,428.58848837232307,370.37648104223007,394.60236407895457,67220048
2020-03-20,411.30426025390625,426.0960262664663,384.1433223651283,407.6470948343316,88637464
2020-03-23,359.4515075683594,390.7588059658692,356.39998398079274,370.19008963394305,50276954
2020-03-24,357.6579284667969,377.3647485366708,344.1706271376118,370.4929830540586,61057272
2020-03-25,399.14471435546875,404.12966132480113,351.85765452812115,358.93907213019304,47228042
2020-03-26,419.80657958984375,436.85789087944113,391.8070613701706,405.3642265547959,57043156
2020-03-27,421.3673095703125,460.5946102841334,406.2959980422508,440.2355453017211,55235936
2020-03-30,387.45111083984375,413.2376904059768,385.7506286991531,409.9765135933028,39268444
2020-03-31,401.54400634765625,406.99480706067453,390.4094068776613,397.77034227494914,35211092
2020-04-01,386.51934814453125,402.4525036251976,382.0235715684545,402.4525036251976,29103504
2020-04-03,379.1583557128906,393.2047205521955,377.36471996123026,392.738838181873,34996280
2020-04-07,417.4772033691406,422.6950918874773,393.8336717898319,407.18121379932654,60412638
2020-04-08,414.1228332519531,440.2588217736408,403.5006928990941,409.9531805227179,56219352
2020-04-09,430.9644775390625,433.68990644481187,414.6353062766681,425.350600708537,44457146
2020-04-13,417.1278076171875,441.05088661520915,412.8650005941316,435.1341742758095,34158056
2020-04-15,402.19622802734375,433.50352770906346,392.7388219868248,433.50352770906346,57978752
2020-04-16,409.8600158691406,414.9614335184059,398.9117801511244,402.98825089719423,53854396
2020-04-17,424.0926818847656,428.6117462002212,413.35409980015896,426.2823345360896,55883462
2020-04-20,440.18896484375,447.68968838432136,435.60003467605725,443.0541529165032,66232986
2020-04-21,429.3805236816406,435.13415992541616,423.02121757203196,430.94121834155237,33178006
2020-04-22,432.6183166503906,434.66821025934877,422.695028791317,428.21575141682456,38289354
2020-04-23,444.8943786621094,446.5482554024853,425.14095463381267,435.60001961536125,40901222
2020-04-24,437.02093505859375,446.50165799272145,431.40705839822743,434.66823486560065,33284568
2020-04-27,433.130859375,446.035807137072,431.5468478906257,440.32874791616473,27421072
2020-04-28,433.9228515625,439.69977589963486,429.54354590264336,439.69977589963486,29441436
2020-04-29,455.21368408203125,462.4814666217291,435.18074077570344,435.600046312011,55877778
2020-04-30,466.720947265625,474.73412962544046,462.20188264103115,466.5346113808683,43793134
2020-05-04,430.0094299316406,447.2470777187162,427.4470768822105,446.082371787157,26722324
2020-05-05,424.6285095214844,439.7929756099782,423.04449802338365,436.99768127347414,29672858
2020-05-06,440.91107177734375,442.5882368798602,421.92636582697077,428.1458838869384,33785846
2020-05-07,430.9411926269531,439.46683431837005,429.24071060088437,438.16236936826965,21831730
2020-05-08,432.8280029296875,439.7696615007863,431.0343672092372,438.8611852074246,20807484
2020-05-11,426.6550598144531,444.4517716623989,425.816477253074,436.53177153843586,28550784
2020-05-12,420.0162353515625,423.67342893329084,405.8301118234422,419.7600057409809,49568418
2020-05-13,432.17578125,447.2470641738611,429.5901114120828,443.0541229472311,44346966
2020-05-14,416.35906982421875,424.4188289459207,414.63529940929686,418.3623582803917,39554890
2020-05-15,413.7734375,415.75343756872167,407.6470729721093,414.8682496933295,24349628
2020-05-18,389.780517578125,413.7035672135185,387.28802970101975,413.7035672135185,46649964
2020-05-19,386.9852294921875,404.0598025039332,384.8654418100109,401.0548553170285,47460692
2020-05-20,399.3077697753906,402.5223695171436,387.70731577056716,389.68731585210406,40014306
2020-05-21,400.44921875,411.84004933086425,397.07157128659645,401.33440670069837,48478908
2020-05-22,390.805419921875,405.45742634117755,388.10330782681336,396.00001979086005,42047432
2020-05-26,397.1181640625,406.1329770132901,395.41768195013475,399.26121170104915,38005152
2020-05-27,420.9945983886719,423.859757789831,399.3310690397221,400.61224550659546,56025754
2020-05-28,440.3753356933594,442.58827707875315,425.7932223566478,428.6118051710031,75488806
2020-05-29,443.3569641113281,444.9176586602962,430.21907572876887,439.7929526443137,53025166
2020-06-01,460.1287536621094,463.5529778530729,450.08896541371087,454.2353300570312,39190230
2020-06-02,466.3482666015625,468.2117961384319,454.32850677579586,459.6861541942953,41623594
2020-06-03,476.248291015625,487.4294687944218,473.080296332007,475.2000555988628,50546088
2020-06-04,466.67437744140625,484.02846735286374,461.7360072400264,478.9503949974145,54275882
2020-06-05,481.4195861816406,485.6358448207228,467.18688397171826,467.32664301034276,35195984
2020-06-08,473.2899169921875,496.93344756617995,468.8640344216865,493.83531839274775,49812664
2020-06-09,459.9656677246094,478.3447332881716,456.35507928245374,475.2000272256489,61844146
2020-06-10,462.0854187011719,465.8124776723893,455.7261413926541,461.22354768815916,36497730
2020-06-11,451.253662109375,460.47815598594246,449.57649691465576,458.8941445191046,30897714
2020-06-12,457.84588623046875,459.6628387964081,432.3388271909183,432.3388271909183,42644876
2020-06-15,442.5183410644531,453.7694112492837,439.3270583245118,450.9741171348117,32009936
2020-06-16,461.4099426269531,463.0638194681307,443.5200470039714,454.2353422572186,45399970
2020-06-17,456.2153015136719,465.3699012714585,453.4200073507084,460.7576545284876,36957838
2020-06-18,475.1767578125,477.4828813710259,452.8376911279437,456.5647503141819,40870126
2020-06-19,481.4195861816406,485.9153628979719,471.542901649425,474.24501399192184,47877752
2020-06-22,479.2765197753906,487.2896743201905,476.9703962046187,484.2614387152913,29694474
2020-06-23,485.5892028808594,486.847062495125,473.5927037669493,484.051768356397,28830512
2020-06-24,481.0235595703125,492.6706191240731,479.88217048220713,488.47767768471925,39429246
2020-06-25,479.2765197753906,488.71063839065346,469.14357755899715,476.08523670430964,70646790
2020-06-26,492.181396484375,495.2329486906024,478.92706609025333,484.983536770383,39969138
2020-06-29,501.3127746582031,504.36427022789616,483.12004435733536,483.12004435733536,46005956
2020-06-30,496.5606384277344,502.4773777641056,492.11149658186577,500.3575905494659,35746130
2020-07-01,505.2960205078125,510.60709104052734,494.44099512162273,496.5607258390079,34846718
2020-07-02,507.5323486328125,517.7118687155893,505.5756082351025,507.95165420878004,36954496
2020-07-03,500.3343811035156,510.51395704740577,498.49416837031265,509.2094635782726,27597254
2020-07-06,513.8682861328125,521.7417100505432,512.4706389357151,516.1743812598592,35558216
2020-07-07,514.869873046875,517.9213682138314,509.2327081767887,516.8498729673468,24349850
2020-07-08,517.2924194335938,524.0710298957644,514.7999604111131,515.7317250453415,30056350
2020-07-09,524.0943603515625,526.3073016553748,515.8482649781512,520.8565005604632,20114484
2020-07-10,514.8466186523438,521.7882776487165,512.2610055058834,520.809936002207,17562978
2020-07-13,503.26934814453125,518.5269932745784,499.09972436096734,517.0827695371114,29922114
2020-07-14,493.2994689941406,497.9816089238656,489.17642195460303,495.0465276439785,26612674
2020-07-15,490.6440124511719,502.68705992705804,489.2230485234201,498.58727246401384,20974394
2020-07-16,495.0233459472656,496.39767622101897,481.7689581051824,490.8769813884191,23662456
2020-07-17,511.74847412109375,514.3341440608671,493.0433421862205,493.3927539688706,28405738
2020-07-20,527.8681030273438,537.1158577655613,523.7217380814993,528.7765510055758,65124096
2020-07-21,530.430419921875,539.4684928262943,528.310632291062,536.7198322110544,47512422
2020-07-22,524.7466430664062,533.2024202132012,520.6469119655198,530.407125742883,24718012
2020-07-23,526.6334838867188,532.9228963769175,520.041236458095,524.1177075165571,20149122
2020-07-24,521.3690185546875,523.1393945453956,513.053028513143,523.1393945453956,19598440
2020-07-27,502.9200744628906,513.8683113780161,500.98665103783907,512.4007703748848,37970094
2020-07-28,506.2511291503906,509.86171780613665,493.6024104210176,502.68711736128176,35596450
2020-07-29,495.9783935546875,507.112994331172,491.7621919408776,503.6188763178658,33592086
2020-07-30,489.47930908203125,504.8534268418584,487.6390396521727,500.3576507289189,26956266
2020-07-31,481.163330078125,492.7637554885741,475.2233014798149,492.7637554885741,37726696
2020-08-03,466.81414794921875,478.4378906614677,462.62120650057307,477.9720082782848,31783542
2020-08-04,485.286376953125,494.3245062096364,467.28001216894444,469.60942399431303,60306168
2020-08-05,478.71746826171875,491.8786456601499,475.2000335008773,488.2214234354095,33221360
2020-08-06,484.8437805175781,491.505921442642,478.1118027303425,483.1200384227675,33646888
2020-08-07,486.3113708496094,487.87206564063575,475.47960418131333,482.11842891349477,24836784
2020-08-10,489.47930908203125,495.69882716533493,486.2880263150572,486.381180038167,22172854
2020-08-11,496.9335021972656,498.96007938089247,488.4777247720502,488.4777247720502,20136148
2020-08-12,495.5591125488281,496.6306648741139,488.2447812270838,496.1647824492789,20666432
2020-08-13,493.3927307128906,499.1230495560094,492.20470795971477,497.53903817524315,19892740
2020-08-14,481.9320068359375,496.5840418576167,478.6009933042525,496.5840418576167,20924512
2020-08-17,481.1400451660156,487.77886931863316,475.2932267747865,487.77886931863316,19561012
2020-08-18,492.2047424316406,494.60404810153204,476.13180006165334,478.92709438686853,24040824
2020-08-19,496.91009521484375,498.4009528333209,492.08822434328835,496.16469484080676,17715624
2020-08-20,493.3694152832031,498.0049219798645,490.1082387893576,491.4825689921734,19216734
2020-08-21,505.7851257324219,507.25266633804813,495.97828065916445,496.35100924390673,28924302
2020-08-24,520.4139404296875,523.1626010023112,505.78522218017514,505.9482696406922,36779740
2020-08-25,521.6484375,525.0494013572187,515.3590258599623,521.3223426075668,27601738
2020-08-26,521.0662231445312,527.2624827118437,516.8965978076347,522.2542461850911,25190062
2020-08-27,518.1077880859375,526.40051727272,515.3823875124955,524.490410871614,20645996
2020-08-28,519.2259521484375,524.1177175118818,510.1412450448982,518.037929240579,38696610
2020-08-31,519.8547973632812,535.2056545781394,512.7966685429749,526.2141026740603,38501166
2020-09-01,525.189208984375,532.7830573562773,516.1976566572553,525.5153038893357,28877884
2020-09-02,528.3805541992188,530.6400725458099,522.1144015732478,523.698413163885,19761682
2020-09-03,526.8663330078125,533.8778278806976,525.5152628904855,529.8246743991176,19833362
2020-09-04,521.462158203125,524.304029279035,514.5204995331633,517.1294294246478,23661370
2020-09-07,517.3624267578125,521.5553685325269,512.0047789345664,520.0645675385713,17615466
2020-09-08,518.2708740234375,521.2292728790193,513.8683079141333,518.9930145207112,14624918
2020-09-09,510.84002685546875,517.1294389508165,508.3941443739446,512.936497553918,15728872
2020-09-10,508.06805419921875,514.7301381364395,505.0165018503913,513.8682671042266,15188088
2020-09-11,502.5240173339844,514.7301123776449,498.96000591763453,510.8166891924452,20794730
2020-09-14,492.8802490234375,509.6753318381128,490.27131902796395,506.8800375135893,21650590
2020-09-15,498.7271728515625,501.3594201215931,492.95021898017933,497.5624667029134,16505110
2020-09-16,509.5123291015625,510.60714143402174,497.7254809170095,498.58735203531086,18710112
2020-09-17,504.8301696777344,509.67535813094077,502.2212395476729,505.01653401639834,18318686
2020-09-18,492.5774230957031,508.83667134016304,487.87196594373876,508.7435176198957,23481778
2020-09-21,488.8503723144531,499.12304400364377,485.21646723843764,491.5058789597232,19842878
2020-09-22,482.3746337890625,492.97345806947664,479.6259163378624,491.06335166115406,18620678
2020-09-23,487.8952941894531,491.5058824252786,481.88540046154657,487.31294124819095,16079828
2020-09-24,480.0451965332031,487.77883235792,477.5294204077058,483.58589110555965,19809510
2020-09-25,486.3811950683594,490.08493716770005,477.832264939084,489.17648929289015,20321544
2020-09-28,491.1331787109375,493.3694368669961,485.75227138293275,488.68729623355154,16152422
2020-09-29,495.0233459472656,498.4475700684675,489.64238170651424,492.90355836868895,12644446
2020-09-30,502.50079345703125,506.36764049603585,490.10833180264444,493.83539136007903,18813842
2020-10-01,515.70849609375,517.1294601513388,507.85838908625533,507.85838908625533,21203080
2020-10-05,519.1560668945312,527.3789030377089,517.5953721509669,518.0612545741451,16940126
2020-10-06,533.0160522460938,534.8330050135146,524.6767457589959,528.7998505709778,19371990
2020-10-07,541.4718627929688,542.6831457559576,529.9878493385703,533.3888138792839,21248778
2020-10-08,555.2386474609375,560.4565074085144,541.9842595267456,549.7412125869052,35060674
2020-10-09,574.689208984375,576.2964803811725,555.1687266903496,559.5247153902895,44972388
2020-10-12,565.4182739257812,578.9754424967017,561.6678972753015,573.7575815546959,19220546
2020-10-13,558.336669921875,569.5178461278751,556.7293985904237,565.3016450557711,18353952
2020-10-14,564.41650390625,565.7209973196525,547.6447382103152,556.9857026863531,22582918
2020-10-15,544.7330322265625,566.9789182978204,542.2871494648011,565.6744247433821,28246896
2020-10-16,558.7559814453125,560.6894045592527,546.4799929771528,549.7411694058314,25822848
2020-10-19,560.7128295898438,575.364809479849,555.6113827843526,575.364809479849,42359556
2020-10-20,570.2167358398438,571.8240642283002,561.8075927142334,562.5529931737565,27411978
2020-10-21,580.8155517578125,582.8188687791578,569.1684920300116,573.3148566671905,35640752
2020-10-22,574.57275390625,582.3529667944613,569.7741427117008,577.670826193271,21913060
2020-10-23,575.7374267578125,581.6307929468126,573.5943224668267,579.324698078978,15866230
2020-10-26,564.136962890625,578.6258929585825,561.2018812651366,572.9421508966846,19571976
2020-10-27,574.4794921875,575.8305623243155,558.0571399852896,571.1717390045394,24317780
2020-10-28,563.5313110351562,573.9670876390384,559.7576751609615,572.1035581337169,16571186
2020-10-29,553.0955200195312,561.131990801828,549.0423661992309,559.3383550737734,23060024
2020-10-30,551.3951416015625,558.7327894592289,548.0407541729544,550.9292591979012,11522716
2020-11-02,566.1635131835938,570.705865994571,548.5764548641692,556.4265609121364,21926080
2020-11-03,581.3978881835938,582.7023815841136,570.9388515941085,571.3814171029953,28164230
2020-11-04,585.800537109375,589.2480782197708,573.0353480629954,583.2847607925775,23404822
2020-11-05,591.2979125976562,594.4659356297403,583.4478056211416,589.8071116827988,21433928
2020-11-06,609.2111206054688,610.3059328513875,589.5741664300999,589.9235782237172,35705724
2020-11-09,624.5386962890625,627.054415842243,612.7285315325323,612.7285315325323,26288440
2020-11-10,649.2770385742188,649.9059684599363,629.6634002908364,632.2024367026047,41517356
2020-11-11,647.55322265625,659.1304458555891,638.491832675096,652.1887866837259,36116194
2020-11-12,639.0509033203125,646.9010677232948,633.6001016644528,641.7064672804189,27053948
2020-11-13,633.0410766601562,637.6999010192377,627.5436411682742,637.6999010192377,22472480
2020-11-14,638.1190795898438,640.564962109574,636.0226088586464,637.2339485552204,1835066
2020-11-17,656.1719360351562,658.1053590524973,643.1971246948232,645.6197469001858,31059900
2020-11-18,656.2885131835938,661.0871246448245,651.7927935264175,653.6330062555946,18862776
2020-11-19,640.2855224609375,651.9791603750699,637.3271803298345,647.4368065678946,20266882
2020-11-20,653.935791015625,656.1487322426384,635.9527431554501,639.4934377445903,20405362
2020-11-23,649.7195434570312,663.253449087629,640.7513078120443,659.223555202943,25246636
2020-11-24,670.031982421875,673.2000051944815,653.1903807294234,655.9623580026505,40154400
2020-11-25,653.5399169921875,682.2382642475824,650.8377760613756,676.1352155884485,24152602
2020-11-26,664.651123046875,667.1435824592155,646.1788749098687,659.2235818294623,27943126
2020-11-27,671.2666015625,673.6659071425177,659.4798117216003,667.0504002354771,17994580
2020-12-01,667.7492065429688,675.0635368162108,664.1153014020073,671.2665842240124,17147574
2020-12-02,655.47314453125,667.0503663358236,649.8127195187099,666.6776377105354,17892150
2020-12-03,641.61328125,667.1436620137773,640.1457970428805,665.7460146771563,37933222
2020-12-04,645.5266723632812,652.910897375773,639.7963526965787,643.3836245967808,26912322
2020-12-07,639.30712890625,642.8944006689825,632.71488151539,640.5883055172845,24316318
2020-12-08,641.1940307617188,647.0175613147736,635.9994301343107,640.5883608360348,19457896
2020-12-09,655.589599609375,656.9174097615517,640.6115280229831,641.5199758288281,22069074
2020-12-10,645.64306640625,653.1670780012442,640.9376658774692,651.3035485347642,19727966
2020-12-11,644.2221069335938,649.9058485960943,639.6564373637545,647.5997538169785,21356384
2020-12-14,639.2605590820312,646.644783892893,637.3271357099983,644.3153718471693,17222050
2020-12-15,648.18212890625,649.8825539680219,636.3952828375973,643.2903642870738,21561436
2020-12-16,657.2202758789062,660.062204002033,649.673003782129,654.0988865615698,16832092
2020-12-17,671.709228515625,673.2000293618969,654.3317932448334,660.9007233337297,21924478
2020-12-18,657.5230712890625,670.7308250997335,655.1703994436521,668.5412007096832,22995918
2020-12-21,639.4934692382812,663.3466246802224,636.7214349162095,660.3882828998674,23761824
2020-12-22,639.703125,645.1539833124564,626.611840669391,645.1539833124564,22851558
2020-12-23,640.89111328125,643.3602557955827,634.0892418451367,637.0941604754499,15467394
2020-12-24,650.88427734375,654.0988772169751,641.5200526551101,647.2970056798262,14952188
2020-12-28,658.221923828125,662.0188766835374,654.0988760476331,654.5647584379803,11699194
2020-12-29,664.9072875976562,668.4247221963727,661.5529573227735,662.0421565534632,14495346
2020-12-30,667.3765869140625,670.8241283008254,658.2918794482166,670.8241283008254,16216726
2020-12-31,669.1468505859375,672.7341219785199,663.9056740816035,668.5411807750526,22145750
2021-01-01,663.90576171875,672.2683283636043,661.8325508389017,670.8706811112891,8810938
2021-01-04,659.6895141601562,669.9389275157519,651.7695129308323,669.9389275157519,15740192
2021-01-05,664.6743774414062,666.5612238531063,656.4282819563354,661.1802595459679,14386824
2021-01-06,661.809326171875,670.8707169266416,658.3384678544151,668.5413047150907,22134050
2021-01-07,659.8059692382812,667.4231353378412,658.0822270535729,667.3765584704946,19894842
2021-01-08,666.98046875,671.8023396333432,662.9971519630973,667.1435161962187,13768764
2021-01-11,676.2048950195312,682.4710465719119,669.1468231131314,675.5293883793129,17331392
2021-01-12,689.9718017578125,693.0931909419772,675.1101425268274,676.6708371189097,20388156
2021-01-13,685.14990234375,697.3793142622579,681.1665854278453,695.5157848270568,16934650
2021-01-14,684.2647094726562,693.2329448138298,678.3247094414894,685.3828384996627,12297166
2021-01-15,683.2864379882812,685.615850004148,673.2000725854961,684.4278271278918,14165236
2021-01-18,690.9501953125,700.151372968801,683.4494998376483,684.8005702093648,42825632
2021-01-19,700.6171875,704.2510927173035,683.4494336192288,695.0033390897886,17360254
2021-01-20,695.0964965820312,699.2894379153008,692.3012023598515,699.2894379153008,13346052
2021-01-21,687.0833740234375,696.1913406588754,683.9852447445681,695.0965284124685,26333054
2021-01-22,672.5245361328125,683.8687607747444,670.9405246579323,683.8687607747444,15392364
2021-01-25,681.5160522460938,689.9718291154118,677.9287805417332,682.5642876380651,20344718
2021-01-27,656.7078247070312,685.7323211979973,655.1005531628573,683.9153684499677,23556276
2021-01-28,638.934326171875,652.8409598159711,625.2141137122674,647.5298896517861,42704446
2021-01-29,647.8093872070312,656.3117398258938,635.6964464897477,648.205375817939,28704502
2021-02-01,687.9918212890625,690.6706450387913,652.7012301513299,657.010642270459,26370544
2021-02-02,727.03271484375,735.3952801723026,697.6122334393361,699.2893985040394,42420206
2021-02-03,733.671630859375,736.886173943163,718.3906652955849,735.6283142034556,20237254
2021-02-04,735.6748657226562,739.8212303398263,719.0661472568776,729.5718178288212,24484684
2021-02-05,744.293701171875,753.9141839806551,721.1859458069237,721.1859458069237,27054716
2021-02-08,747.8577270507812,760.157033858061,743.4085273561383,754.7294924916777,17447580
2021-02-09,750.9325561523438,758.4565684977024,739.2156020892459,750.0706850622241,18421366
2021-02-10,736.9095458984375,752.3302432136153,730.0377799417427,749.3020073682923,19788006
2021-02-11,732.5301513671875,744.3868921016784,728.7331985828974,737.0259277239086,13648618
2021-02-12,737.0026245117188,741.9177064770458,732.8329998671228,733.2523053924318,9910106
2021-02-15,753.1455078125,757.0589315094622,743.8744362925478,745.4584478925578,10355244
2021-02-16,757.8275756835938,764.5129763820796,749.3484823473618,755.2884826208972,13897358
2021-02-17,739.1223754882812,755.5680457969456,737.4917872032456,754.7294347879077,12794426
2021-02-18,724.1210327148438,748.1838130338533,721.185950864325,748.1838130338533,14720560
2021-02-19,717.03955078125,728.7331869999819,714.1976796726159,719.7882681632038,17139508
2021-02-22,721.1859130859375,733.2522779153973,717.2025960503815,719.8115828343564,29451838
2021-02-23,712.4041137695312,725.7050227355288,709.3758780401585,723.8648099250751,18239906
2021-02-24,748.416748046875,751.9108659969904,706.3941789149849,711.1694734468092,14314332
2021-02-25,748.3934326171875,762.3000096545275,746.3435388642035,749.9541271452258,20109570
2021-02-26,714.8499145507812,740.2405035257096,708.6070794654332,739.3786325217429,27912846
2021-03-01,726.2640380859375,732.6233438115595,717.7849448283059,728.640026799245,13536018
2021-03-02,730.5967407226562,739.5882935913318,722.5835863686019,734.090858645135,16110038
2021-03-03,739.285400390625,743.5482352941176,729.1058823529412,737.9576470588236,11222410
2021-03-04,723.07275390625,731.9012020549309,717.0395431025222,721.4421656139571,16291438
2021-03-05,712.800048828125,720.0678026577812,708.653684228834,713.26593121298,17445822
2021-03-08,707.9082641601562,724.4470883639638,704.6470875565886,718.3906175287667,15117050
2021-03-09,727.9412231445312,729.432024021368,716.6435753613281,719.7882814453125,15066696
2021-03-10,724.7964477539062,733.7646827654844,723.119282710237,732.3670357506929,11055016
2021-03-12,723.026123046875,745.4117937253521,715.1527564719762,745.4117937253521,15631204
2021-03-15,712.1710815429688,721.3722581601378,705.9515634062038,721.3722581601378,12230386
2021-03-16,704.4840698242188,717.645247386773,703.482411308208,713.219364666622,13722366
2021-03-17,696.6572875976562,716.9930672534902,694.2579816840312,710.1213013392672,21064428
2021-03-18,694.6306762695312,709.096347909828,690.041745885562,704.2977363182185,18065540
2021-03-19,697.6588134765625,704.0413788717259,686.7338952056753,691.8352841487114,21235020
2021-03-22,684.4510498046875,696.4475200354932,680.3745793379089,696.4475200354932,14015632
2021-03-23,698.8934936523438,702.2944010496999,684.4278223858715,684.8471279199046,19761428
2021-03-24,688.9468383789062,701.8284397937207,685.3129333194655,694.5840034107844,16368900
2021-03-25,681.7490234375,696.7504713848288,675.6459751498256,694.2579549579342,23964356
2021-03-26,694.7704467773438,698.357718513874,686.7106584986326,696.0283065108258,12021258
2021-03-30,723.8414306640625,727.9645352211458,699.5457100566057,701.9216988192317,25607644
2021-03-31,695.865234375,721.1859305763878,693.2329875307913,721.1859305763878,30774506
2021-04-01,692.650634765625,698.5440583003154,682.5176929084517,698.5440583003154,35763762
2021-04-05,675.3430786132812,691.8353260425176,666.6776778227897,689.5059141703206,16006586
2021-04-06,670.987060546875,681.4228366536412,667.4463660295091,680.1882370410952,15075734
2021-04-07,674.2249755859375,678.6508583140842,662.2751377162687,670.5445501820166,25088180
2021-04-08,667.5162963867188,680.6075798822934,666.4447441652386,676.9270977085577,17613592
2021-04-09,662.3682861328125,667.5163092761001,659.2701568738823,664.3482862847833,28157816
2021-04-12,636.884521484375,651.7694405705431,630.3388513880949,648.9741463293542,22549128
2021-04-13,652.3983764648438,655.2402475957199,634.065916270059,637.3270929150924,18600682
2021-04-15,666.2584228515625,669.3332353820249,648.0424320032669,654.5647857401797,34444984
2021-04-16,665.5828857421875,673.2000514205108,663.1835800671953,668.517910667658,15606526
2021-04-19,658.0122680664062,660.481410495047,639.3303964800215,647.5764916470772,24069242
2021-04-20,648.2286987304688,664.5345806173981,644.7578411780092,663.8823339678404,23186270
2021-04-22,662.7177124023438,664.7210294656783,638.748085728293,642.9177104500769,38485312
2021-04-23,658.8275756835938,668.3548475577336,652.3284823935682,656.4282700647758,22713528
2021-04-26,654.4714965820312,665.7458258176268,653.5164150914459,658.2917088035737,30170952
2021-04-27,670.2650146484375,671.8024493820121,654.4716461128326,655.6130352932292,20592906
2021-04-28,688.0150756835938,689.0399941031312,666.6776413533339,669.123523685343,24103940
2021-04-29,686.0117797851562,700.5240267723495,680.6541326085659,692.3943454125842,24078552
2021-04-30,657.9656982421875,677.299816724806,655.729440103264,673.2000290935819,35232902
2021-05-03,658.9673461914062,662.4382042371565,641.6598603108004,648.9741913343149,22473700
2021-05-04,646.807861328125,662.9506989269577,644.4551891751934,656.8709104577824,21486328
2021-05-05,653.4466552734375,656.7078321353601,643.7097015544721,652.701254793366,14421612
2021-05-06,652.6546630859375,657.2669102027188,649.9059455621662,655.776052406065,11477044
2021-05-07,659.1071166992188,663.8590943683245,657.010645926894,658.2685056421251,12048334
2021-05-10,661.483154296875,666.2118723171247,658.1987173003569,664.8142250325433,11060050
2021-05-11,653.8893432617188,663.5097704728804,649.9293423893841,650.3719079740077,14519034
2021-05-12,652.0023193359375,656.2418371551098,647.0406611587648,652.1187899181697,13774926
2021-05-14,646.1090087890625,651.7229145764641,644.0125379445341,649.6031268632764,10604142
2021-05-17,670.987060546875,672.0818727050178,643.5233185186172,649.9757777493439,15120692
2021-05-18,687.968505859375,690.7871170805363,677.8588806961257,679.6990933972745,22165280
2021-05-19,679.3496704101562,688.9701530253018,676.7174804337463,684.940259024818,10130916
2021-05-20,667.5162963867188,682.9369917808087,665.5129794058325,679.4195570658875,10684184
2021-05-21,697.5657958984375,699.7088437352617,672.2683568128244,672.2683568128244,19341646
2021-05-24,703.4590454101562,708.3508101809515,698.1247151463558,700.3376563521917,22146102
2021-05-25,689.0167236328125,705.2294532162696,685.0800402672332,703.7153354802148,19236974
2021-05-26,688.1314697265625,692.7669758348641,684.8469767836249,689.505799754942,12283990
2021-05-27,690.7405395507812,693.6988813645199,681.3296811145242,686.2913399610924,20439496
2021-05-28,700.4307861328125,704.8799852585144,688.9235150039842,694.58399684792,17750020
2021-05-31,706.2077026367188,707.9081844769659,692.9999502530351,698.8234792467581,15661054
2021-06-01,704.2744140625,711.4024376595122,702.2012600931891,708.2810482712531,11030162
2021-06-02,700.6871337890625,703.575581938167,695.5624273584244,703.4824282057742,10624016
2021-06-03,708.3975219726562,710.4473590823497,693.1165561614135,702.5506749732225,10287260
2021-06-04,699.26611328125,708.4440299977035,698.4508191421704,706.2776656254966,9424476
2021-06-07,698.753662109375,705.3459090268713,696.9600263568028,703.4823795446339,8091668
2021-06-08,690.9268188476562,699.4291714512879,690.2046784811048,697.2162303626714,9872540
2021-06-09,689.645751953125,699.7553774679799,685.8022220835438,691.3229172494055,10223442
2021-06-10,689.9950561523438,693.6987979736189,686.5475154935052,690.4841984826694,11483540
2021-06-11,692.4642944335938,697.2163290397356,689.9951518338157,694.6306589694518,7205974
2021-06-14,689.2496337890625,692.3011859909532,681.3762674124074,688.6905977060071,8881964
2021-06-15,694.28125,696.9600738131186,687.0833896329151,692.3012497903037,7569602
2021-06-16,691.6489868164062,696.0282926691292,688.6207512726651,693.2329983210603,7702098
2021-06-17,683.030029296875,688.923451771485,680.1881586382879,682.9834524409109,9283802
2021-06-18,689.4127197265625,694.1646969170276,677.8588147746814,684.614108805082,11938060
2021-06-21,693.5591430664062,695.0034240796476,679.7224577977161,680.8172701219368,7260472
2021-06-22,691.2762451171875,702.5505750994012,689.5058694609507,697.425869312867,14366824
2021-06-23,692.0682983398438,697.7986745512052,688.8536984376266,694.1647691190624,7844868
2021-06-24,701.7352905273438,705.0896207031966,693.2329376296681,694.1647023307831,14785024
2021-06-25,705.8583984375,709.0729983058726,702.0847624487187,703.9948688755924,10383176
2021-06-28,702.7136840820312,709.5388723967646,701.152989466271,708.1412252416824,9356786
2021-06-29,702.8073120117188,705.6848435152247,698.1751031497531,705.1233878844295,10971692
2021-06-30,700.8655395507812,706.0592041820919,699.0875014782571,700.912318001838,9679022
2021-07-01,695.6483764648438,702.7838314781875,693.8937563795953,702.7838314781875,16911442
2021-07-02,692.6773071289062,696.8181995606326,691.0864399872784,694.8296299127342,14827036
2021-07-05,699.71923828125,703.9537452719128,694.6191870496242,697.1457948787937,7373882
2021-07-06,718.0841064453125,720.5639923825959,699.9764497430932,700.4443484394454,17669032
2021-07-07,720.330078125,723.0672742086946,714.8088503924621,717.756635169698,9629190
2021-07-08,711.4165649414062,719.4878176227463,708.1412739982538,713.5455269010719,8420922
2021-07-09,702.7838745117188,709.3344565644245,700.6783302804919,707.7202288337677,10695842
2021-07-12,695.765380859375,702.7838615001891,694.3616847312122,702.7838615001891,14458978
2021-07-13,702.7136840820312,704.7022536501623,694.408481768072,700.0232664310304,18178142
2021-07-14,701.4503784179688,705.2871250803108,697.683770870483,700.6783341056623,9788494
2021-07-15,711.5335693359375,714.3643794730821,701.6843354297325,704.187582188956,10438802
2021-07-16,712.3056030273438,715.8616218663434,710.6445968457965,714.9258244288939,5170628
2021-07-19,688.2789916992188,696.6309721194395,685.9394981856252,695.7653709427182,25111600
2021-07-20,675.248046875,680.3247365462768,671.9727558462353,674.7099519255372,24174250
2021-07-22,677.8449096679688,687.109327947589,676.1137071053906,681.3073719096726,13207114
2021-07-23,675.0608520507812,681.9389401209187,671.5750295688387,679.1549656917061,13126684
2021-07-26,671.22412109375,675.645741081775,668.2061401271644,669.0951591045279,13167166
2021-07-27,673.6572875976562,678.4064717725668,671.9494455789429,671.9494455789429,22401430
2021-07-28,663.1528930664062,673.1658801980516,656.9298171089981,671.4580955262957,20670342
2021-07-29,663.5973510742188,669.0717431809376,661.281275286732,668.2763382138219,13702230
2021-07-30,667.43408203125,669.9139680037051,658.7779560259637,663.9482595406024,11655488
2021-08-02,665.6561279296875,671.4346657200673,662.6615646871396,671.4346657200673,13258786
2021-08-03,671.2943115234375,673.7274192851925,659.7372352838776,659.7372352838776,12033120
2021-08-04,685.6119995117188,689.9166447776518,673.7741393555907,674.2420380634766,22053948
2021-08-05,694.7593383789062,705.1467232671466,681.9155425555743,686.454136871017,18822408
2021-08-06,698.4089965820312,701.8480405574549,689.6826745211256,694.151129892624,13339270
2021-08-09,703.6729125976562,705.2871403721247,690.6185265864331,698.1049062784269,10998048
2021-08-10,705.427490234375,711.089053111212,696.7011680096034,696.7011680096034,14838346
2021-08-11,699.4851684570312,710.6679592857763,697.660409142684,708.8197821888172,12585786
2021-08-12,702.5031127929688,705.4040618582296,696.8415500011622,700.4443471096191,8597674
2021-08-13,714.1069946289062,716.3529313032537,702.3159698799373,702.4095267761425,16658428
2021-08-16,716.1658325195312,718.2245984922649,711.884547430942,714.0837058786648,6252778
2021-08-17,708.7027587890625,713.0776000960025,704.3279174821225,709.8958661728431,8282666
2021-08-18,707.9307250976562,732.4252103424661,705.7549847439424,728.3778752099084,22985932
2021-08-20,708.7495727539062,711.112484091962,695.3209025897706,695.3209025897706,13150406
2021-08-23,713.3583374023438,717.3588940823976,705.8953760801488,715.8148055456828,10843054
2021-08-24,729.3839111328125,732.0275503345746,714.6918798434089,715.8850444307441,18381314
2021-08-25,728.7054443359375,732.1679061275219,724.3071851475217,726.2255583877181,7727974
2021-08-26,727.4889526367188,735.0688890534149,722.1782564719654,725.2430159343049,11119002
2021-08-27,724.5177612304688,729.2903625174678,723.0205081501615,726.1788245585184,6382138
2021-08-30,733.7821655273438,734.6009882849862,725.9916404384651,727.8632353130765,9049166
2021-08-31,739.93505859375,740.8474382651433,730.9513687618706,731.5596599538288,12062576
2021-09-01,738.85888671875,747.702184301824,736.7065639444443,736.9405133137502,12422558
2021-09-02,743.4910888671875,744.8947850702093,735.1858863326421,736.5193863022039,9618524
2021-09-03,737.4317626953125,747.7021162261457,733.8055478012244,742.1341103203025,10735334
2021-09-06,732.5889892578125,739.724444603404,730.8343690908638,739.2565458922177,7876896
2021-09-07,734.2500610351562,740.2157696718924,727.6760612202143,731.0917446980607,7245496
2021-09-08,737.5956420898438,739.5140156486024,732.5423124611898,735.5134582662054,6724080
2021-09-09,733.9459228515625,739.0226125546611,730.3899039927794,736.4725873700415,8250948
2021-09-13,727.8399047851562,741.1516010354179,726.950885759595,730.8578287988149,8959164
2021-09-14,724.5645141601562,732.027475160657,723.6520774763231,729.9219311285555,9758506
2021-09-15,723.7456665039062,727.4888557651284,718.2244394969895,718.2244394969895,14822998
2021-09-16,729.8986206054688,731.9340258288291,718.8328610372279,719.5112913673174,10260550
2021-09-17,740.2860107421875,743.4911057217695,729.547700275712,734.1331308228171,20498102
2021-09-20,729.851806640625,740.0753822447209,728.9862054323227,731.7935977510607,8781610
2021-09-21,726.1553344726562,733.9692767081914,715.393664819418,730.8577390590561,14774996
2021-09-22,717.6162719726562,725.3132404864232,715.8850694878332,724.7751455141527,10582202
2021-09-23,734.6010131835938,735.5368106526174,721.4998486172622,721.4998486172622,13664304
2021-09-24,749.3632202148438,752.3577263390091,736.940486313232,738.812081199107,20806702
2021-09-27,760.3822021484375,765.248360283423,752.3811454208159,755.9839427357285,16415462
2021-09-28,755.6798095703125,763.6106695972712,740.2157348669626,763.6106695972712,12773790
2021-09-29,745.7603759765625,751.7260847567792,741.6896798907969,747.2342683926307,16263036
2021-09-30,746.2750854492188,751.6091426009663,740.7304967074409,742.0874145002653,15975348
2021-10-01,740.543212890625,743.4909974009443,732.3784038274563,740.6836053402736,11128596
2021-10-04,741.9703979492188,749.2696065845623,740.9644042742369,743.4910687947713,7051028
2021-10-05,746.5089111328125,747.4681262541196,737.5252795042604,744.8946835659208,10257178
2021-10-06,755.609619140625,761.2009857374555,742.5552340376382,746.7663223214056,18600830
2021-10-07,753.5508422851562,761.5986769283292,751.9131968657225,761.0839997912436,11265724
2021-10-08,749.8779296875,758.9317589146212,748.7081828334393,754.2527714983781,7245562
2021-10-11,764.4529418945312,769.6933846455007,748.170043798271,748.5911640642425,13080848
2021-10-12,762.4877319335938,768.079155828651,760.3354092752614,760.3354092752614,8176946
2021-10-13,767.0731811523438,771.0970987638464,762.6749217142412,765.9502127890877,6225644
2021-10-14,789.5323486328125,790.7488739386398,766.4181393559124,766.4181393559124,14757288
2021-10-18,781.53125,807.125286978139,780.0105791694615,797.7673126363635,28856456
2021-10-19,790.1405029296875,791.8951230348935,781.8587188797318,783.9408452246269,8987540
2021-10-20,783.1923217773438,794.8430122320457,778.7940620449946,790.3277778106263,10908568
2021-10-21,784.3387451171875,786.9823275220377,777.1096747206212,782.2332006142838,9738190
2021-10-22,786.4208374023438,799.1710785561227,781.7418498229754,786.1166917863752,12175554
2021-10-25,775.3081665039062,790.7488240142435,755.0949649733542,790.7488240142435,16426766
2021-10-26,773.3196411132812,783.1922930858217,770.3250777594776,772.0329195806469,12090656
2021-10-27,768.6640625,779.0748093238908,766.090619464881,773.3196320532794,13249642
2021-10-28,745.6434326171875,772.0329334003637,742.6255085423319,772.0329334003637,17797750
2021-10-29,740.6134643554688,749.5737361074018,729.9219902169456,743.9589515672715,12406874
2021-11-01,751.1177978515625,753.7847975661676,740.9410012363768,741.6194314974399,8122320
2021-11-02,751.7963256835938,758.931781707664,748.6614268671785,751.4454016168362,13237722
2021-11-03,739.9584350585938,753.2701884011461,737.197878202498,751.0242516160887,10207338
2021-11-04,745.80712890625,747.6319453057723,744.005730288937,746.298445400309,1096808
2021-11-08,748.7549438476562,750.8370703527786,734.8115388253409,744.9415577689133,18943580
2021-11-09,735.65380859375,746.1113342173927,734.1565554425947,746.1113342173927,12695476
2021-11-10,727.699462890625,734.1330701015211,725.2429946828283,733.6651713952741,13714126
2021-11-11,724.4476318359375,727.5357520533504,718.5052836512886,725.2664546194623,7999404
2021-11-12,726.646728515625,729.4775386819591,722.9269564545162,725.2430323240301,14914092
2021-11-15,728.6353149414062,735.4666251415645,727.3018149519153,730.904612413564,9533594
2021-11-16,724.30712890625,728.6117737508098,721.3125660456043,727.5824195408389,8245406
2021-11-17,716.2593994140625,722.4356398093381,715.1832094874179,719.1135702464771,7598878
2021-11-18,720.2833862304688,722.2017597861827,713.6626071356496,714.0369490025669,9152874
2021-11-22,709.0302734375,726.5062782081744,701.403559006971,723.3713798098189,15261272
2021-11-23,709.1239624023438,714.8557220008774,700.1402722718575,702.7839115916332,11235214
2021-11-24,710.2936401367188,718.8561520256227,708.4220453479039,713.0776145384648,30802286
2021-11-25,713.9900512695312,717.4291526623336,705.1233930948175,708.7730260715878,10251652
2021-11-26,697.122314453125,704.9829786803473,694.8295993014816,701.8480801025066,18624936
2021-11-29,702.432861328125,705.4274241669192,684.0678389753331,699.4149378263186,12990996
2021-11-30,698.8302001953125,715.4171880192514,695.554908948658,699.5086305355009,25221542
2021-12-01,704.0237426757812,705.1467109030004,696.7478955371545,699.5085091034117,8677634
2021-12-02,713.896484375,715.3235983422754,701.8480921268228,703.9536364032033,11203110
2021-12-03,708.1881103515625,718.6689956881011,705.146768758102,713.9198695084689,8124694
2021-12-06,703.626220703125,710.6447025277344,700.6082392486122,707.9308667089316,7029532
2021-12-07,713.873046875,716.8208316271332,706.4802814453766,708.3752369718545,12427534
2021-12-08,727.0211181640625,727.6059916156952,717.7566998435823,718.6924973661944,15295534
2021-12-09,714.4111328125,727.4421004421224,712.1418354958904,722.9970627041388,11747744
2021-12-10,712.3992309570312,714.9492561772763,705.8018132009037,713.4987815442046,7779384
2021-12-13,707.0651245117188,719.4644399316592,705.216890396181,714.0134087105283,10322142
2021-12-14,702.994384765625,709.3344350495244,700.4677774580217,703.0178025474343,9191100
2021-12-15,701.8480224609375,712.7734452539385,699.8126746191084,703.2517185058593,10115148
2021-12-16,701.8948974609375,709.8023976917555,699.0407265336075,707.8372458051468,13210432
2021-12-17,689.2382202148438,704.6554599209462,686.7349164136573,700.4443715150442,14994768
2021-12-20,667.0598754882812,682.1963888799697,661.6556219890123,679.3889963331386,21156668
2021-12-21,674.6163940429688,678.8040647198691,669.0951663273568,673.5402041456153,9118750
2021-12-22,676.2072143554688,681.2605434308314,671.7621764690725,679.5293409953787,8577484
2021-12-23,675.6925659179688,682.1028129914248,672.3003000182912,679.9738508560433,9779166
2021-12-24,673.2594604492188,679.3889220832733,668.1593531232193,676.3475804899253,5561024
2021-12-27,678.8275146484375,680.3247677693998,665.4222043278841,668.5805208219992,4705098
2021-12-28,683.5064697265625,686.3606404814903,680.0440077919508,683.4596341615539,5450678
2021-12-29,680.2545776367188,683.6000650800983,677.2366535841128,681.2839891435909,7668702
2021-12-30,683.8340454101562,686.3372923809242,676.1137157835619,682.4303491144119,7215918
2021-12-31,692.2094116210938,694.7360762558859,683.8340127004611,683.8340127004611,6325736
2022-01-03,711.0422973632812,712.6097466433577,692.7240511526534,694.8295953810808,9069184
2022-01-04,715.2066650390625,717.242013200678,705.4977658695926,711.2061078358669,8857352
2022-01-05,732.1912841796875,735.5367713761124,714.9960066045779,719.066759647386,14332638
2022-01-06,720.447021484375,727.4655019664439,715.9084269525865,721.96769225549,9628930
2022-01-07,725.5003662109375,733.0803024514203,718.6456386996041,722.4356068198455,11179384
2022-01-10,729.5243530273438,735.5368405872058,723.1375236180195,728.986258037447,8856496
2022-01-11,732.6825561523438,733.9926381894911,724.2136014478044,730.6472083128816,8389198
2022-01-12,728.3545532226562,737.7125276138084,726.1788127534048,733.6651922663265,21085530
2022-01-13,714.9492797851562,727.5825458546584,711.3932607592723,727.5825458546584,41963896
2022-01-14,722.9736938476562,724.634699976791,710.7381313157847,715.8850170593487,11208968
2022-01-17,711.9078979492188,728.0504036864833,710.8083473875251,715.8850370439071,22989372
2022-01-18,715.5340576171875,725.6640754798688,712.609690862172,717.2886776701968,12341152
2022-01-19,710.480712890625,720.4469774121077,708.0944410960062,717.7565600585635,14317626
2022-01-20,706.0591430664062,715.183167778,701.894833184986,715.1597499962256,15197846
2022-01-21,711.9547119140625,715.791515854972,695.1103572609701,701.8481105455162,11537694
2022-01-24,695.6016845703125,711.7909698146024,686.664829914109,706.503691119895,11868508
2022-01-25,696.2567138671875,699.5085871279545,675.6457523831212,682.5004800615633,13594248
2022-01-27,690.127197265625,694.8296022690124,671.4346661656787,678.4531469966787,28617838
2022-01-28,684.6527709960938,695.6249726359689,683.1321002250448,691.3203274537698,24925208
2022-01-31,695.1571044921875,697.8943576936214,686.3138643897004,689.0978389232178,12842546
2022-02-01,700.4443969726562,709.8023715481092,689.4253590634428,705.8252323535418,14739484
2022-02-02,716.4464721679688,718.2245100884196,704.468276778076,707.439422122886,13969290
2022-02-03,709.0302734375,720.5405698688631,706.0591281584843,715.3001273507508,10564762
2022-02-04,713.07763671875,717.2185288944974,708.4454280490403,715.1364024737923,11579958
2022-02-07,686.9454956054688,710.7381333465257,683.1321097339879,707.5096208566665,12268042
2022-02-08,683.9976806640625,691.76478740517,675.9030676903482,690.8056293716563,13981130
2022-02-09,700.72509765625,701.7076735253208,686.4074085334615,689.6826995080589,11308342
2022-02-10,713.5923461914062,718.4585044373451,702.6201437504593,708.3986816790235,14314530
2022-02-11,710.66796875,713.5455573389709,701.614139822811,701.965063867404,10711104
2022-02-14,689.5424194335938,701.5908131967175,687.483710464398,697.1691925069682,14656620
2022-02-15,710.1766967773438,713.4987662506672,689.238229154205,690.6185075252026,13135066
2022-02-16,709.2174682617188,718.1075437339092,705.1233545574205,717.9203728269758,10032264
2022-02-17,704.889404296875,712.1418342780244,702.7838601087993,707.9775243494109,7351208
2022-02-18,707.6266479492188,709.8023885133234,697.3796541208723,701.0527049227635,7796128
2022-02-21,712.1886596679688,716.2125774026551,699.765982409433,703.7197039099151,7468066
2022-02-22,706.8545532226562,712.1886099012698,696.209857647376,697.0755159478297,9536196
2022-02-23,702.2692260742188,713.873080486644,699.8127577039627,713.592352667638,9029562
2022-02-24,664.1354370117188,690.1271759497945,658.4036778434378,678.4063475939694,23630766
2022-02-25,681.307373046875,685.8928037417243,670.4287268763292,673.7507966491863,18318654
2022-02-28,667.340576171875,673.0957535053741,661.6322344054892,667.2236014871822,24880832
2022-03-02,643.0098266601562,654.3095923595013,633.7220483369093,648.7415860755369,38505560
2022-03-03,641.4890747070312,651.3149467484956,637.6991069143452,646.1680613934428,17527922
2022-03-04,639.3836059570312,648.5076310694807,625.5338151583654,636.3422642528815,21219364
2022-03-07,619.8722534179688,623.4048545200336,606.8880638056838,616.9244686053191,27054458
2022-03-08,621.2760009765625,624.1769504634315,604.5252023978661,609.2977469385984,39212492
2022-03-09,641.559326171875,643.2203323186494,617.0882008482499,622.3052828761213,23134694
2022-03-10,651.6425170898438,667.6914658500247,645.8172009386801,667.6914658500247,22273206
2022-03-11,653.5609741210938,659.2458980426811,642.284568944958,649.4434424176493,15150780
2022-03-14,674.96728515625,678.4531075865442,662.0766532654897,662.0766532654897,25018126
2022-03-15,666.2877197265625,678.2191360559357,660.5559609016676,675.4117439784361,18867928
2022-03-16,677.5875854492188,680.7926804596888,671.9961611232817,677.0494904640341,13364108
2022-03-17,692.5135498046875,697.075562498746,688.0685117950921,688.7469421183597,14823954
2022-03-21,695.5314331054688,698.8769203085982,689.1212436187219,695.765382460701,12257876
2022-03-22,699.1109008789062,700.912299571318,681.8220084853747,693.0984136042903,10461814
2022-03-23,692.13916015625,710.6445768066046,689.4955210466934,705.1233492347262,31188256
2022-03-24,675.0140991210938,687.6473645478017,671.22413091639,685.93952279829,20160044
2022-03-25,669.5162353515625,679.3888861163086,663.9482296136653,678.9209874344103,16366462
2022-03-28,670.4052734375,672.8383238063171,655.8067998749772,669.5162544931684,15754886
2022-03-29,679.29541015625,683.2491316427125,669.0951948290217,674.2420809430911,12377448
2022-03-30,691.06298828125,693.7768236906089,680.3481533388308,688.7469124751822,20109742
2022-03-31,687.974853515625,694.6891885485168,685.8927271127579,688.2789990989702,14295714
2022-04-01,704.655517578125,706.5271125783324,687.9515550478917,690.8057259998988,14568556
2022-04-04,775.214599609375,805.7683508673401,731.1151465312183,739.2799561112737,97450970
2022-04-05,752.4981689453125,779.8468281909389,749.5738017412657,779.8468281909389,30922582
2022-04-06,725.640625,743.8653120659286,724.0029796909878,742.8826791872928,27027860
2022-04-07,709.6854858398438,721.1957845873989,708.2583716915509,721.172423917958,40781732
2022-04-08,708.7027587890625,713.8964227995248,700.5847279803062,707.509594288743,41256322
2022-04-11,700.0467529296875,706.5271394409854,698.6898350796367,704.6555443696186,20799066
2022-04-12,698.8067016601562,705.0531378211556,692.5602654991568,694.3616640533457,27435402
2022-04-13,685.4482421875,702.9243059694253,684.3721093462098,697.1691285715119,28892520
2022-04-18,652.9292602539062,669.8672285581865,650.4026528038955,663.8781019646151,45620376
2022-04-19,628.0137329101562,650.1687863035042,620.9016941508291,646.1214503478619,74096022
2022-04-20,633.6752319335938,636.29545322895,624.8085173031893,633.7453710453256,49325736
2022-04-21,643.056640625,645.6067231021995,633.2074061310639,638.6817987018899,52446270
2022-04-22,634.2835693359375,643.5245701621363,631.2656450772924,636.3423353736918,20659148
2022-04-25,639.0326538085938,641.3253688772705,618.6790602221586,631.6632492341948,20935488
2022-04-26,641.9804077148438,646.6125589606428,635.0087059489563,641.956989934193,17016842
2022-04-27,642.2144165039062,645.2323404272349,634.5174482238076,636.3422646708045,18054334
2022-04-28,641.65283203125,645.2322682931671,637.3247693178985,641.9569775911713,20773722
2022-04-29,647.8526000976562,657.2807713665148,641.7465556586802,645.8640304031856,28401476
2022-05-02,656.7894897460938,658.0762113815073,637.3015513975251,637.3015513975251,19494316
2022-05-04,634.4706420898438,656.7426089581849,631.6632498682072,655.0581850485112,29055916
2022-05-05,633.0435180664062,643.360707162427,630.0255943230603,643.360707162427,17862912
2022-05-06,616.5033569335938,624.6448062814701,614.3510341929365,622.3053126249852,26731268
2022-05-09,617.55615234375,620.6676904474025,606.162829230765,608.2683736009221,32762434
2022-05-10,627.4755249023438,633.066891078932,615.3101596635764,615.3101596635764,20113812
2022-05-11,631.0081787109375,634.002741829974,621.6736224435258,633.0669444250589,17102924
2022-05-12,616.7843627929688,628.0261632360961,612.0272830721492,625.3280964613642,22382290
2022-05-13,611.2462768554688,623.8607721581939,609.1872638600877,620.0977504004504,16768238
2022-05-16,617.7547607421875,621.0208116277611,608.382682552167,614.8674041954738,9804356
2022-05-17,621.9674072265625,623.3874241380387,614.4886283805336,621.3047211117464,16641444
2022-05-18,621.9201049804688,631.1028928608465,620.0740713797754,626.7245072423251,15732384
2022-05-19,609.2109375,613.636645262878,605.0692215597546,608.8085531555822,20537506
2022-05-20,625.257080078125,626.7954317079133,611.7195972921158,616.760668804318,13919350
2022-05-23,617.2340087890625,629.5171317872963,614.9146363103386,621.9673984270154,19486320
2022-05-24,624.3104858398438,627.1742100621962,613.8733949747416,615.3407344006453,12870796
2022-05-25,628.972900390625,632.3572280918651,626.3221557067814,629.5408840910824,12887112
2022-05-26,646.912353515625,648.9477342187919,634.2742260052379,635.2919163568214,26992428
2022-05-27,658.9115600585938,660.1658621498103,648.8294165218157,649.326445570491,24031718
2022-05-30,663.4082641601562,672.3780146327596,661.9408671117387,667.5262901343535,12624674
2022-05-31,657.4442138671875,664.9466836174759,653.2078527172565,660.7339547503448,13485388
2022-06-01,660.2368774414062,662.887564224445,652.8054784242131,653.2078050088518,12091896
2022-06-02,655.6218872070312,656.9945819675592,652.5451834730333,656.6395776905593,11475020
2022-06-03,653.349853515625,663.0296130823147,651.4564974904033,661.8699556291225,6957244
2022-06-06,652.47412109375,656.5211926538722,644.0487215665758,651.4564884687982,6173266
2022-06-07,644.9716796875,650.5097803969437,640.9482983756177,644.6876878569063,10253966
2022-06-08,647.2437744140625,653.6811733997421,642.3210371494931,650.0364861317101,5986588
2022-06-09,652.119140625,654.178211573515,642.3920584937911,644.8060759244232,7311816
2022-06-10,639.5283203125,647.5040710182226,635.9782777627149,643.7883713722422,9155430
2022-06-13,627.9315185546875,629.5408827433928,619.2694493477306,626.511501525943,10892572
2022-06-14,621.0208129882812,627.6475594683392,617.7074397482523,620.6658087125638,11870356
2022-06-15,618.8670043945312,622.8194309622124,614.5833214454613,616.1216730760376,11810470
2022-06-16,606.4891967773438,625.0677498612076,604.9271551892505,620.0740010155853,12169192
2022-06-17,610.489013671875,614.867399697434,601.8978987250547,603.5072629824699,14723922
2022-06-20,625.8251953125,627.1741999600592,612.5717027850421,617.5653947653956,15936840
2022-06-21,632.6412353515625,640.9009774209887,626.7244981154012,632.8068924380476,13220684
2022-06-22,629.6591186523438,632.8304664064475,626.3220560463876,630.6057965228979,8159698
2022-06-23,631.978515625,638.0609096242678,624.0974104893153,629.7774779340417,15372244
2022-06-24,640.806396484375,644.5220962821917,633.5879763381755,633.5879763381755,8013432
2022-06-27,641.966064453125,651.3145103686636,639.9543735599078,648.4744761664746,9804164
2022-06-28,637.06689453125,639.4809115828753,633.5168524610268,636.1675389840003,9770574
2022-06-29,636.1438598632812,639.362587841217,630.1324782999224,630.1324782999224,9994046
2022-06-30,638.0609741210938,640.9010081305348,632.3809061022116,632.3809061022116,12475822
2022-07-01,640.7826538085938,643.7410224780701,629.5645429261943,636.1439086225995,11472452
2022-07-04,641.6820068359375,643.8356645501927,635.3392528781949,640.7589611464242,8487480
2022-07-05,640.2383422851562,652.9001609789714,638.203019182199,645.6344186304245,14325718
2022-07-06,649.0661010742188,650.0837914761512,637.6349527152158,638.0609693695875,15049078
2022-07-07,660.6865844726562,661.7279071370114,650.5807508251304,653.2078053283803,17743142
2022-07-08,661.3018188476562,667.4079027051275,660.1894838992741,667.4079027051275,12474030
2022-07-11,665.5856323242188,667.3606535366644,659.4795477972783,659.8345520397675,7462880
2022-07-12,658.7932739257812,665.1596606593656,657.6572487168633,665.1596606593656,9876974
2022-07-13,642.7233276367188,659.9291881427924,641.0193188510601,657.9411875229638,15945610
2022-07-14,639.504638671875,649.728748870004,638.6526054134325,644.6876772822643,10372410
2022-07-15,644.71142578125,646.0604304121975,637.4930058328619,640.4276846012615,13595646
2022-07-18,637.8480224609375,646.628426654129,635.2446578389066,638.0610019086649,20332220
2022-07-19,638.0846557617188,643.0547152126437,632.8542367511087,632.8542367511087,15792538
2022-07-20,646.13134765625,648.9950135948013,641.4926028997119,643.6936405421574,20347862
2022-07-21,644.0960083007812,648.2377243196178,642.8416484646634,644.0013636183196,12640278
2022-07-22,659.12451171875,661.2545370708034,644.8770203644754,646.581029089991,12729592
2022-07-25,661.0652465820312,664.8519586435416,654.7698724481547,660.3079157258574,10143126
2022-07-26,659.7162475585938,663.6212944051289,656.189895033676,660.7812603349215,8527964
2022-07-27,664.7572021484375,665.5145328772356,655.2194111915459,657.4204487632333,9212778
2022-07-28,670.6503295898438,674.0347148899765,667.8813080826944,669.7983540849104,17420406
2022-07-29,678.8626708984375,680.9453737484189,669.9166113379738,680.6613819462922,20019736
2022-08-01,684.5192260742188,685.6078711371147,676.898479511382,681.1348405708483,13193036
2022-08-02,676.9931030273438,683.7855061039321,673.5850853482716,682.5548362631915,15036510
2022-08-03,678.5787353515625,679.5964256924633,670.7213200112976,674.4843417078575,10975498
2022-08-04,677.774169921875,684.779552911016,668.8043606176687,681.6082045161496,12012206
2022-08-05,675.4783935546875,680.164403086726,672.6856821032446,678.2947372860145,9268982
2022-08-08,692.0452880859375,693.2049454902074,675.5020558450844,675.9280724889151,15357736
2022-08-10,694.0570068359375,696.5183465521361,685.8919089915445,691.7139440904666,17353102
2022-08-11,703.2396850585938,705.7484047134244,697.9620017642866,703.6183793470861,18301766
2022-08-12,702.9794311523438,704.9437995689399,698.6246776607533,702.9084187458374,8850370
2022-08-16,711.026123046875,714.0318138560021,704.3520553352726,707.5470932825897,12563756
2022-08-17,714.694580078125,716.0435846954439,703.2634314733141,710.0085123405493,12384350
2022-08-18,715.546630859375,716.5880114553529,709.8429298789185,710.0085869930875,8342138
2022-08-19,706.7188110351562,715.6885618964038,705.2751039852128,714.7418839044774,8063702
2022-08-22,695.9739990234375,704.494101169479,694.7196390958088,702.8137823590608,8234066
2022-08-23,693.8203125,698.6246570090722,686.5308805205054,687.903575143371,14966884
2022-08-24,697.1573486328125,698.4117085642,690.696259596575,691.9743095906954,13455520
2022-08-25,693.3706665039062,703.7604928802608,689.654966674725,700.4944420172992,11823040
2022-08-26,693.4889526367188,701.3937485514476,691.642918993121,696.778693332773,7706176
2022-08-29,681.3241577148438,684.4481835108402,676.2120734809305,680.1881325761254,8653178
2022-08-30,703.4290771484375,705.251420744394,683.0755001251575,684.6611742208433,10135400
2022-09-01,696.8259887695312,705.014718429371,690.6015696459982,693.3232687724303,22403136
2022-09-02,703.1450805664062,705.5117755531663,693.5362758079048,696.8260165078848,12038086
2022-09-05,707.6654663085938,709.5351321703702,702.482369800808,703.4290477623429,12131932
2022-09-06,704.9674072265625,713.156194796427,703.5947126110668,709.4878176550125,12238696
2022-09-07,701.63037109375,705.2750580128373,696.4236424775478,696.4236424775478,9776206
2022-09-08,708.8724975585938,710.0085227511238,701.5594328865137,705.3224549448381,11164690
2022-09-09,709.3457641601562,714.2685009714878,707.1921065293857,708.2097390835974,15128888
2022-09-12,706.9555053710938,711.901874940438,705.2751287641307,710.0085188900646,11080492
2022-09-13,716.209228515625,717.5346008263482,709.3221807419732,709.4878378356536,13001966
2022-09-14,723.5696411132812,728.4213656433966,706.3874130797399,707.1921240116534,20219760
2022-09-15,719.8065795898438,729.3916941454547,715.6885534856144,724.2086553128241,13539372
2022-09-16,706.5767822265625,716.9665500169183,701.9617270420313,711.4758292509372,20560046
2022-09-19,711.2391357421875,716.6352116395905,700.5416864112245,704.8017372069685,12076038
2022-09-20,719.8065795898438,721.3686213704209,714.694553161901,716.6352314664156,10781668
2022-09-21,718.6942138671875,720.1852431794865,712.3751501709676,713.7951670816074,9072304
2022-09-22,703.3817749023438,714.8129236481702,701.8434231066286,710.9551991274026,12048144
2022-09-23,684.5192260742188,698.1750450604594,680.1881625436476,696.9206851182904,15806252
2022-09-26,675.2891235351562,679.9278112565614,671.1947294615087,674.6737596977232,8923486
2022-09-27,669.2303466796875,681.6081733278456,665.9879860224158,678.0108084136324,12639700
2022-09-28,657.728271484375,667.6920233859096,656.0005724707542,665.5146754065687,11816132
2022-09-29,654.3201293945312,663.7158966193714,652.6398106789119,660.9232428535685,14410388
2022-09-30,672.7803344726562,677.561046520772,646.1076950288735,652.6397959370244,15781756
2022-10-03,668.922607421875,671.1236451823496,663.1952174570123,667.3842557736752,11541112
2022-10-04,687.7615966796875,690.1282917818199,675.0524555373647,676.638129699665,11538526
2022-10-06,680.1881103515625,692.3055766138067,678.8627381029233,691.051216767887,12549198
2022-10-07,677.25341796875,679.2177284598232,672.3069910888432,676.9930584243101,13297994
2022-10-10,669.774658203125,674.9813869948101,661.8225402090238,666.4612853356891,13109302
2022-10-11,662.9822387695312,670.721319359864,662.4141973381068,663.195218193418,14521620
2022-10-12,667.3133544921875,669.7036818066864,661.3966169107936,664.1892708246992,9225050
2022-10-13,659.645263671875,665.6330139849169,655.1012205192,663.6450131620727,14714234
2022-10-14,681.1348876953125,684.9216000660995,669.8930853445386,670.7214286756482,12849920
2022-10-17,684.70849609375,689.9388569363749,675.454696308178,679.2414079903542,18410500
2022-10-18,683.4305419921875,692.4476735610679,681.6081982959277,690.1519908382136,10561108
2022-10-19,690.4358520507812,699.3109571200404,687.9508226313887,692.9682038077501,12967040
2022-10-20,685.7735595703125,687.7142378951055,682.7915007873737,683.5015092803935,7898078
2022-10-21,680.9454956054688,689.9626269558933,678.7681476920131,687.2882499642978,10492606
2022-10-24,691.5719604492188,692.4949483754677,688.3769222390107,688.3769222390107,2167794
2022-10-25,686.7675170898438,694.7669571686256,683.9748056352751,691.5955514291327,13773394
2022-10-27,688.4242553710938,694.5539723285599,686.9332259601686,693.2049677303476,15937276
2022-10-28,690.4595947265625,694.3883316443048,685.110898551334,686.3415684282495,10474278
2022-10-31,708.4464721679688,709.061835992368,694.5066614551414,696.7550217495098,12830528
2022-11-01,716.2802124023438,723.7353013468916,709.4878095867721,711.6651573414332,19073756
2022-11-02,716.7297973632812,723.3802325595925,715.499127679653,718.0551695029621,12720406
2022-11-03,713.582275390625,719.5936579391653,708.5885255286502,708.9198397362794,10332352
2022-11-04,708.659423828125,717.6291738598813,705.0856916268333,711.5230898204973,10818060
2022-11-07,714.1738891601562,715.6885508115232,706.2690933816195,714.7418728342593,9835834
2022-11-09,713.9608154296875,718.504857932011,711.9018024905791,717.1322211596956,9269790
2022-11-10,721.7236328125,722.7886455515248,707.6654877696277,708.6357980412447,12774182
2022-11-11,762.6200561523438,774.8558563783679,727.9953006169394,731.3086732465354,56722338
2022-11-14,764.4661865234375,770.5959035530808,756.3957333401862,763.0224794395369,19195390
2022-11-15,766.3358764648438,768.3002449618797,759.8274649136445,768.3002449618797,11030202
2022-11-16,772.915283203125,777.2226566503574,763.022486309608,766.170202291269,13578150
2022-11-17,765.9334106445312,772.2761639414015,763.9217201670565,765.9097205854847,12100930
2022-11-18,763.9218139648438,768.2291872540715,759.8274201106582,767.2825092660813,10459232
2022-11-21,756.0880126953125,763.0224403501558,752.7036274118254,760.9634273308967,8344816
2022-11-22,754.9756469726562,759.4013547263689,753.0822911181793,757.3423417907524,8546314
2022-11-23,756.9400634765625,759.7090850341104,754.5023561024125,759.7090850341104,10185738
2022-11-24,769.2468872070312,772.4892478000642,756.9400732102165,760.1587437409996,17197960
2022-11-25,765.6968383789062,772.3472166038309,764.0164618309748,771.400538611901,8410496
2022-11-28,757.460693359375,760.8687108608916,754.5260148319932,758.7150531969597,16105980
2022-11-29,756.32470703125,763.188122507995,753.958012039269,756.0407151883402,12638236
2022-11-30,761.342041015625,763.4484340945068,755.969655277555,755.969655277555,15184806
2022-12-01,766.572509765625,774.8559422576894,764.4424842676656,767.7558572644913,20446366
2022-12-02,760.703125,766.1465237122118,759.7801370262731,762.0758197096427,7811078
2022-12-05,763.4721069335938,764.2531278294877,755.5436787874839,762.052089952201,11592622
2022-12-06,762.6200561523438,763.8270357990309,757.3423153362178,757.8156542833029,12353092
2022-12-07,762.288818359375,766.1465430130813,759.4487841771094,764.0402074401583,11674720
2022-12-08,766.572509765625,769.6492132626774,759.7090942722001,762.0757892699328,14803634
2022-12-09,772.0396118164062,773.8382653777363,766.8091926677436,769.649226714661,11963384
2022-12-12,778.0509643554688,782.7133418481023,767.4718494913106,769.175858298182,14434808
2022-12-13,780.2047119140625,784.322738181516,778.6426700715715,781.0093651173817,17031702
2022-12-14,786.8076782226562,788.3460298269417,781.0092760218877,782.4292928873821,14227640
2022-12-15,772.3945922851562,790.1921268749417,770.146232067255,784.3464018645261,18182648
2022-12-16,776.1103515625,778.6900261619706,761.6024987468371,766.8329181370016,14647958
2022-12-19,778.5242919921875,779.4236476156718,769.7438307486328,778.169287755073,9604542
2022-12-20,773.1519165039062,774.5719334714851,766.9038071781762,766.9038071781762,7174698
2022-12-21,765.6731567382812,778.5480122385196,760.4427954437242,776.7493009218134,9269198
2022-12-22,763.0460815429688,770.359145247349,761.6023746254898,767.850425686671,9747096
2022-12-23,756.2301025390625,759.3068061921712,750.4553317833038,751.1890303820713,10693152
2022-12-26,771.2821655273438,775.8025758263841,752.6089661769071,757.105686415071,9907322
2022-12-27,772.0631713867188,774.3588538023118,763.7324171897993,772.9625269730042,7926772
2022-12-28,771.4478149414062,772.9624764124482,768.2764094267546,768.2764094267546,8691870
2022-12-29,776.891357421875,777.9326801546684,762.5491619891518,766.856535519368,11012896
2022-12-30,770.6668090820312,778.6425586893796,766.8090851530668,778.6425586893796,7122640
2023-01-02,770.92724609375,776.1576654267515,766.1229012195713,770.122592864354,4381378
2023-01-03,775.9683227539062,777.6960217594701,767.8505468805683,767.8505468805683,8378030
2023-01-04,762.0994873046875,778.9976666530196,760.6557802287117,773.9092723546631,10351600
2023-01-05,757.2003173828125,765.8861335942461,752.3249607233827,764.4424266422033,10941436
2023-01-06,754.6917114257812,761.649771597572,747.0235849749788,758.2890762614053,9092462
2023-01-09,756.1591186523438,762.809555296411,752.6090758417694,755.4491100902288,10729340
2023-01-10,742.3375854492188,757.3424088115413,740.7755436187888,757.3424088115413,16371766
2023-01-11,753.0349731445312,756.3956682495882,738.4087875277582,742.1718091980973,15195798
2023-01-12,757.0584106445312,759.1884361515325,749.8399908708047,751.5676897826115,9250070
2023-01-13,757.6500854492188,762.0284712196939,750.7156575106625,756.750729788885,9244546
2023-01-16,750.3843383789062,767.4245423463568,748.017643383427,764.4424835397972,14748094
2023-01-17,761.5551147460938,762.5491150718101,746.6922588614403,752.5143515673539,10786354
2023-01-18,774.9979858398438,777.0333089188046,757.200392801334,759.7091126719464,19090642
2023-01-19,778.216552734375,781.0092640832843,772.9625019684869,774.8558577602039,11172162
2023-01-20,786.1924438476562,790.0028461760414,777.885378485851,778.2166926967351,18843404
2023-01-23,791.9434814453125,796.4402020140254,786.4054381729433,788.701120801895,15444400
2023-01-24,802.5462646484375,805.8123152644733,792.842815267551,792.866505329516,24983940
2023-01-25,780.370361328125,801.3392445591735,778.7846872191718,800.6056037705797,14704142
2023-01-27,764.8211059570312,774.8558686823252,752.5852477560804,772.4891739093187,35179948
2023-01-30,764.0401000976562,769.3178411010082,748.8222408528942,754.975647383291,18512822
2023-01-31,758.9990844726562,768.0871701361255,754.975702983403,766.6671531399184,18596244
2023-02-01,770.3828735351562,788.1093950748863,760.18239548965,768.7024970580272,17302790
2023-02-02,758.9281005859375,768.9392323415261,752.0173625008308,761.1764609144216,17497106
2023-02-03,785.1747436523438,785.9793968271139,760.6557607354243,762.5491167048964,14411100
2023-02-06,781.8377075195312,790.1921525781385,779.2106529093284,785.7427543408033,11167672
2023-02-07,782.997314453125,788.0620761871278,772.7732040823922,785.4587118076032,10264588
2023-02-08,782.9026489257812,789.6240391235308,781.0092930638084,783.0209836671545,8444826
2023-02-09,781.2697143554688,786.5237657315753,774.1696293119086,785.7427448206556,11777336
2023-02-10,784.3701171875,785.032803404326,777.317353885381,780.4414377960402,8172116
2023-02-13,784.961669921875,786.5710339771882,778.4296267994425,783.3759959273335,5736944
2023-02-14,792.2273559570312,794.0260670303663,784.7722676972827,788.1093303162801,10908592
2023-02-15,790.6181640625,794.262851292887,784.204397425203,794.262851292887,11438712
2023-02-16,787.7544555664062,796.1089007357218,786.216103767944,791.9908166376073,8062500
2023-02-17,783.8021240234375,789.6005272348177,777.6723488173061,786.2161415593935,8956270
2023-02-20,776.4415893554688,790.2157422072587,773.8145926677021,785.7427119293137,8086706
2023-02-21,779.3526611328125,786.8550727038969,773.4359236507838,776.2759576421577,12389296
2023-02-22,764.0638427734375,777.199000918852,761.6261929817764,775.8026738859212,10359102
2023-02-23,758.8807983398438,766.2648756370453,753.6030566097003,763.4958538731751,27882010
2023-02-24,752.1119995117188,765.8151985685134,750.3369782178833,765.8151985685134,17061740
2023-02-27,753.981689453125,756.8690457387776,746.5976127581428,750.6683165199346,14312972
2023-02-28,757.153076171875,759.8511432233867,751.993669356785,753.5557112171675,18993992
2023-03-01,756.4193725585938,763.4957671267764,755.330669803195,763.0224281514963,14137256
2023-03-02,749.9819946289062,760.1587836607059,748.8223371305629,754.5024054273814,17391814
2023-03-03,764.8684692382812,766.8091474999005,751.6623001418777,755.4490119813835,14986234
2023-03-06,770.2646484375,776.0156715902972,765.8862622860476,766.8092503084201,27004710
2023-03-08,771.8029174804688,776.039278351897,766.8091679963849,766.8091679963849,20099774
2023-03-09,771.8739013671875,779.0923212778464,770.1225701404643,771.5188971092862,20700166
2023-03-10,751.9700317382812,763.8508293638935,750.2423327911828,762.2887875145955,27387000
2023-03-13,742.4559326171875,759.1411328403547,740.751865944351,751.6150309707979,26443550
2023-03-14,740.4678955078125,749.5796717797343,738.0775680892785,743.2606073239067,33185612
2023-03-15,729.8413696289062,749.2482674050162,727.3326499748621,746.9288948951588,37264754
2023-03-16,734.5747680664062,737.982785579755,725.1790009533352,728.4686837227395,21753342
2023-03-17,744.3966064453125,747.4969422958127,728.9420761958121,737.2255088798554,22950876
2023-03-20,739.2371826171875,742.2428737084866,731.4981015299404,742.1718613024195,26503114
2023-03-21,747.6151733398438,749.0588802339063,736.6100428719521,744.0651312534271,33050494
2023-03-22,745.8876342773438,750.7393591246861,740.9175746776272,749.7689910429613,14177324
2023-03-23,739.8998413085938,752.7746385074203,737.722493547406,742.0771890697815,28364178
2023-03-24,738.7164306640625,744.9881716394126,736.0183640289285,738.4087487959376,31477748
2023-03-27,741.9351806640625,747.6152485739262,737.8881669466679,739.4501509534972,31872006
2023-03-28,747.97021484375,749.2482647269658,740.3494690077168,741.1067998011212,39276302
2023-03-29,751.567626953125,758.2890171010677,748.7749155212824,749.7689157853254,39763612
2023-03-31,761.8628540039062,763.4721604711577,753.7450781349003,755.2597399090109,34711228
2023-04-03,762.3361206054688,764.7737701383646,758.6440534334533,760.916103659407,40025398
2023-04-05,782.7843627929688,783.8493755314626,764.9158157360166,766.1464855665928,43365392
2023-04-06,788.7484130859375,790.0974176490104,779.6366375439686,780.3230137466818,44637344
2023-04-10,785.0090942382812,790.9495222000966,782.9027586588628,787.2811447033577,31813286
2023-04-11,787.3047485351562,790.1921047569881,781.5299783108553,785.26936780893,42361542
2023-04-12,797.52880859375,799.0907924607276,789.4347241030233,789.5293687807915,26955504
2023-04-13,801.1025390625,803.2799446098875,794.3338262706332,799.138228506588,35330086
2023-04-17,788.8904418945312,814.1430655398879,782.571377912893,814.1430655398879,32405148
2023-04-18,785.5533447265625,793.9077891209577,784.0386831315956,790.4760815811592,29637226
2023-04-19,788.4407348632812,790.6181404482337,784.3937211551915,788.1094206815565,24741168
2023-04-20,791.37548828125,794.0024850715804,788.7721237726142,791.280785812552,32922716
2023-04-21,792.6534423828125,793.7657774269219,787.2810565292857,790.0027556575246,20128618
2023-04-24,799.0671997070312,800.6291836512714,792.4167640167948,798.5228483313539,35675852
2023-04-25,787.7070922851562,798.8541908386393,786.6420795569525,798.8541908386393,50353068
2023-04-26,791.3281860351562,792.8428477663938,783.3760674945562,785.7427625625156,27392750
2023-04-27,795.6828002929688,797.6944908945422,788.5117034159383,790.7127411596693,47790392
2023-04-28,798.806884765625,800.4162489215953,790.4761299225689,797.4341901096315,27916272
2023-05-02,798.6411743164062,804.202907194295,796.1561447326687,799.3274927082318,32221184
2023-05-03,801.4339599609375,802.7829645894082,795.0438832970477,797.552545393005,29407270
2023-05-04,817.8350830078125,820.9827408858079,798.5701525541848,798.5701525541848,56854638
2023-05-05,769.4835815429688,786.1924141095578,767.8032049269116,775.8026458391606,62770416
2023-05-08,778.38232421875,781.1750359781396,771.5425985281042,773.9092936156137,37244524
2023-05-09,778.4059448242188,783.8493430397727,776.2522293745058,780.9619868467801,43688938
2023-05-10,782.0032958984375,783.2103333766557,773.009855524588,778.4059313050248,46340550
2023-05-11,782.5240478515625,798.9962689250709,780.6543818274131,788.1804838313546,35734618
2023-05-12,789.434814453125,791.8015094745331,778.287657790037,779.5893400518114,22478760
2023-05-15,793.2214965820312,795.5645014526352,788.1567347587811,791.4227853213184,18512260
2023-05-16,788.6732177734375,800.4030139627808,787.0932626645074,800.4030139627808,32722086
2023-05-17,784.4360961914062,789.9658807338478,778.1642575542323,789.9658807338478,30466868
2023-05-18,787.5720825195312,791.8570257917997,785.1782464024507,789.0083841897797,49646942
2023-05-19,788.481689453125,789.9658560394562,781.1326248446826,789.0083216684993,30460332
2023-05-22,785.680908203125,791.354287626984,781.6831554747228,787.5720151966582,28334032
2023-05-23,783.8375854492188,789.774310031499,782.0422085660649,789.487061418846,22470074
2023-05-24,773.592041015625,782.6646557954235,772.538718142512,779.2175554402136,33588112
2023-05-25,770.6236572265625,775.6268094273125,764.7587591498904,773.5441253964981,29776930
2023-05-26,773.592041015625,775.1240726305493,767.1047222806039,775.1240726305493,26635066
2023-05-29,783.023681640625,785.6569009919081,777.9247997535801,779.6723115571738,21816292
2023-05-30,783.6221923828125,786.4469304713781,779.696324831423,782.1140640569184,37125928
2023-05-31,771.22216796875,782.7604463317739,768.2538345692759,780.3427069263231,43334270
2023-06-01,767.9425048828125,775.5549142196161,766.0274362920823,775.5549142196161,50366938
2023-06-02,769.1395263671875,773.1133176055869,766.5063067001975,771.9881679023533,17859710
2023-06-05,768.1341552734375,773.9272270660708,767.2005241092544,772.9696926063541,18697242
2023-06-06,765.740234375,770.7433279959911,762.3170373717256,769.6900635841799,32182852
2023-06-07,769.7139892578125,772.0360568877586,764.1124365028589,767.6792286969496,24949026
2023-06-08,770.1928100585938,778.4755064131117,767.5835520644657,767.5835520644657,37395522
2023-06-09,771.1024780273438,774.8847507794242,769.3789277124094,773.6399676877086,18212578
2023-06-12,766.4105834960938,773.5920917430839,765.7642009992537,772.0360982895694,13408292
2023-06-13,767.7032470703125,770.3364668139276,761.287754551761,761.287754551761,27926108
2023-06-14,766.8652954101562,771.7726587801916,766.1231829378727,771.030546307908,20113968
2023-06-15,757.4336547851562,768.8761438484094,755.9733914813049,767.9425712071014,35377476
2023-06-16,767.3441772460938,770.4322024997265,758.3672916910389,759.8754201529412,15779272
2023-06-19,768.0143432617188,772.8498798378108,765.2374703858508,771.2938865843043,24829146
2023-06-20,769.6182861328125,771.2939713592292,761.5510703742875,768.0144276761805,20005626
2023-06-21,783.0716552734375,783.8616328770374,771.2939933210611,773.6878294269613,24308946
2023-06-22,786.9017333984375,793.580570693625,784.7233777731387,785.1781832214814,56596140
2023-06-23,786.8538208007812,794.7056138469821,782.3294945543738,784.0051796001923,21339218
2023-06-26,783.0476684570312,790.3249060654587,779.7680665871447,787.571994837304,16130314
2023-06-27,794.0833129882812,800.929707728713,784.4840651290187,786.5905941784453,33831864
2023-06-28,802.4856567382812,804.2810337444777,794.9929383437692,799.5412267594668,59562950
2023-06-30,814.574462890625,818.1173515857972,805.8848271927366,815.8192458258862,40699016
2023-07-03,823.3839111328125,841.4334124492976,818.691968869587,819.8888869527296,44104116
2023-07-04,827.4054565429688,836.406303333363,820.5112555769142,825.1313123295552,38795188
2023-07-05,801.1211547851562,823.4795589682101,798.8470106542848,821.6841820227852,37165754
2023-07-06,801.9349975585938,808.0871439109142,794.9450086715105,800.9774632331506,52156544
2023-07-07,794.9450073242188,801.9349961994551,792.9820736490386,797.1473245803539,19926336
2023-07-10,793.0538940429688,802.772891445225,789.8222154878739,795.2323081500037,38398442
2023-07-11,789.1998291015625,802.4137915457645,787.8113925946035,796.1898182223189,50670426
2023-07-12,781.8028564453125,797.7697889233564,779.0260418202364,792.5272531476065,70958358
2023-07-13,785.704833984375,793.5326659534852,784.2446291019418,793.1735905563402,41913546
2023-07-14,787.3326416015625,791.6894113288874,782.7843533101579,791.6894113288874,24727214
2023-07-17,803.80224609375,805.2864126924621,781.8268204083179,789.9658626293475,49252928
2023-07-18,803.1320190429688,815.8193504913376,799.5412648594681,812.9467471445371,81076818
2023-07-19,806.7706298828125,808.5181419226229,801.9350926545632,804.8555610048314,32935134
2023-07-20,808.5181274414062,810.0741208768967,804.3289143458549,804.8795083270657,56210948
2023-07-21,802.2941284179688,809.0208308967337,801.0972104283851,804.3288890002611,42154248
2023-07-24,803.5628662109375,806.555161158962,799.5890751426567,803.6107312414538,32179444
2023-07-25,812.2764282226562,813.4254812031791,803.5628884699448,806.555183500857,55992596
2023-07-26,809.45166015625,813.7126998116902,808.1590121278992,813.7126998116902,24794358
2023-07-27,801.04931640625,815.3405049960073,798.3203084228094,813.85633843129,59741302
2023-07-28,786.8538208007812,799.0145182505155,785.7047679378544,795.471629607848,41015684
2023-07-31,790.5403442382812,793.2214872008873,784.5557544882844,789.989808735889,34565006
2023-08-01,795.8306884765625,798.3202542585794,789.965790937782,792.0962813602819,35394188
2023-08-02,785.4176025390625,790.6840418124119,781.8986752587043,786.1357533490648,28116322
2023-08-03,779.7442016601562,790.6121935791729,777.0391553272656,785.1781976196645,57673946
2023-08-04,791.0191040039062,793.0778262359121,780.0314207032054,782.856158727379,37388304
2023-08-07,790.5643310546875,796.2377106290166,788.7929158097952,796.2377106290166,28300918
2023-08-08,789.91796875,792.6469182530226,786.1596581385537,790.7797145936216,43773828
2023-08-09,790.2052612304688,792.1203300247262,780.917165889668,791.4021792268796,33361236
2023-08-10,783.1912841796875,792.0006120305654,780.8692750321005,788.5535116922156,50781118
2023-08-11,775.0283203125,784.4121451817492,773.7834789124577,784.4121451817492,28225822
2023-08-14,771.24609375,773.2090275802822,766.1472113841155,771.2939587813216,31304410
2023-08-16,768.9957885742188,770.6475703412267,757.0745330516527,757.936278873205,34137542
2023-08-17,764.73486328125,770.7673182443161,763.1549081618289,764.8784583736676,52884040
2023-08-18,761.5989379882812,764.2561193764838,759.0854101401351,760.0669062962402,25633366
2023-08-21,761.0004272460938,766.2668661889733,759.8035093045302,766.2668661889733,21837270
2023-08-22,757.7448120117188,765.069973432526,756.4521639695814,764.2799958764373,32273570
2023-08-23,759.6119995117188,761.5031649471699,753.2204693186583,756.4521477981758,36498588
2023-08-24,756.1170654296875,764.2081843881693,754.6089370548672,762.8198062571005,43145792
2023-08-25,747.594970703125,755.2552457791736,746.1108040957927,753.8429059393314,30069756
2023-08-28,755.3749389648438,757.7209098998453,747.5949720764402,747.5949720764402,28867238
2023-08-29,761.383544921875,762.5086362173317,757.1464082058284,761.0962378308944,35538932
2023-08-30,755.8297119140625,767.918583020737,753.4358760513546,767.918583020737,28084204
2023-08-31,752.3587036132812,757.9603149977916,748.3610091258726,755.9734194012763,100075772
2023-09-01,753.9146728515625,755.9733951516992,746.5656081528945,752.1432576208482,43226776
2023-09-04,758.630615234375,761.9340622690505,754.0104999128797,761.2398731833899,25073638
2023-09-05,754.0104370117188,760.473793886353,751.9517147780502,760.473793886353,38712082
2023-09-06,763.873046875,766.0274992165465,754.010454511239,754.9201238552107,56320910
2023-09-07,771.22216796875,772.730296406896,759.8754081832036,763.8731027987624,34208342
2023-09-08,777.2306518554688,781.7789400663747,769.6661070326583,770.0012791246807,34502210
2023-09-11,781.2523193359375,783.5025017381441,777.51791189902,779.8638828046087,31573022
2023-09-12,783.6940307617188,786.5666339228394,778.0206512071577,785.178197372979,39033340
2023-09-13,787.04541015625,790.7318942113928,779.7202486339522,781.0129551372609,46420094
2023-09-14,786.5665893554688,789.9658245482066,782.8321820803015,787.2129133414476,23538848
2023-09-15,795.5914306640625,799.5412602431078,789.9659158090586,789.9659158090586,173411202
2023-09-18,779.9356689453125,792.3596534268783,778.5232707508934,791.7611944741388,37056288
2023-09-20,748.6482543945312,765.548760092835,747.0683576854377,765.548760092835,115474648
2023-09-21,743.6929931640625,751.161749541656,735.8891231351594,743.5254363384076,72841442
2023-09-22,732.3462524414062,748.9834124885792,729.5215142987016,746.3980579436757,61704250
2023-09-25,732.9925537109375,737.636571986799,730.1199506265053,730.1199506265053,40208754
2023-09-26,736.1763916015625,737.3014828250133,730.1199748754191,730.1199748754191,27575308
2023-09-27,731.0056762695312,733.7107225961398,725.3322967263633,729.1624342668326,39338538
2023-09-28,729.49755859375,736.1524343562999,726.9361657647512,734.4288841265327,55354188
2023-09-29,730.742431640625,735.1231049512756,728.8273627596361,729.4975901133708,32053782
2023-10-03,722.0048828125,731.0774976675469,721.0233866976592,731.0774976675469,38971694
2023-10-04,732.2984008789062,734.9076587656226,713.0040591639762,715.7569705893197,54649430
2023-10-05,735.2667846679688,742.8313303944558,733.7586561818523,734.9316709791724,48512674
2023-10-06,734.452880859375,739.6953585670591,732.4420234594476,739.2165913446855,17759356
2023-10-09,725.9307861328125,732.513835306317,723.8960254791839,731.55630088108,16454972
2023-10-10,730.0481567382812,732.035052316478,725.4280415474352,727.989492834349,33266292
2023-10-11,737.1099853515625,738.330865115236,731.7956810054357,732.5616968533279,31333360
2023-10-12,742.017333984375,743.046695154072,733.2798325755078,735.4342849776942,22025336
2023-10-13,735.2667846679688,741.5147204919085,732.4899113143808,737.3015454264508,39745300
2023-10-16,732.3223266601562,734.6443359841811,727.965556654919,733.2319960651158,17856084
2023-10-17,737.8759765625,744.8420626176685,734.9076433348039,744.8420626176685,32902558
2023-10-18,727.6065063476562,737.8760401745988,726.8165287202147,737.8760401745988,31216200
2023-10-19,725.308349609375,730.7184423716426,719.682834983418,720.7361578942352,30252364
2023-10-20,729.0667114257812,731.0775102771368,720.5446319365362,720.5446319365362,21094010
2023-10-23,721.04736328125,731.9153553189844,718.1986633818357,729.4018275247573,22376136
2023-10-25,716.4751586914062,729.0667602000749,714.0573608059868,728.2049558099759,28311996
2023-10-26,700.6278686523438,714.3205976423598,699.1197404204128,713.9615222749121,55561798
2023-10-27,703.380859375,707.6179375015631,702.3036331507926,703.548416210113,31940532
2023-10-30,711.01708984375,713.3390988556793,699.9097152306466,700.5560392009198,23310982
2023-10-31,706.8997192382812,720.0658162779376,705.7028013255851,720.0658162779376,32634824
2023-11-01,705.9421997070312,707.354539496317,700.0773018118728,700.0773018118728,33877466
2023-11-02,707.0194702148438,713.6025192857455,702.4233167339939,710.9692996573848,45225154
2023-11-03,710.370849609375,714.0334304636632,709.3654501545199,712.4056102569502,18095340
2023-11-06,715.517578125,717.193263319672,710.0117553425058,717.193263319672,25593730
2023-11-07,712.0464477539062,715.2781260341811,707.234814492639,715.2781260341811,41952848
2023-11-08,714.1051635742188,715.0147744015756,709.0541467812902,710.4664864917698,31399546
2023-11-09,711.2805786132812,714.6079876326531,710.2512173342882,711.4481354625899,22116740
2023-11-10,714.081298828125,716.2357512885518,708.5994376116778,708.6233409063911,14015186
2023-11-13,712.7886352539062,716.2117740009877,711.4001986764561,714.3685319579603,20605914
2023-11-15,720.2574462890625,723.3933366396359,718.4142041069291,720.1137927400063,41245460
2023-11-16,722.1484375,727.2473194666765,719.9461202422743,722.794761480394,29713838
2023-11-17,720.5924682617188,721.7415211781168,712.8843283809061,713.3630955591337,23701874
2023-11-20,720.6403198242188,724.3747271219125,718.8928664109501,724.3747271219125,19331452
2023-11-21,726.74462890625,728.6836593929769,723.9438525479579,727.2473578304415,24959972
2023-11-22,724.1593017578125,727.7260937743376,719.8503972552013,727.7260937743376,29123650
2023-11-23,728.3485717773438,729.5693930831869,722.220328180805,722.220328180805,13046220
2023-11-24,733.5192260742188,734.0219550188177,727.654327789123,728.3006518298484,16469192
2023-11-28,731.867431640625,735.9848175325754,730.5029569217514,735.0033214761758,28489338
2023-11-29,746.4698486328125,748.3130905581396,733.950075384279,734.3809775281464,34042488
2023-11-30,746.3023681640625,752.8374939821603,738.3308822383686,751.257597217354,69491440
2023-12-01,744.6744995117188,749.6297282428743,743.09454440636,745.8714174875178,22153536
2023-12-04,770.5279541015625,771.7727371502491,753.4120264631497,760.2823241901957,50662456
2023-12-05,777.3743286132812,784.6994906156142,773.9272279317513,783.5025725396295,52230820
2023-12-06,779.3372192382812,784.4360428215049,773.9989536278642,784.4360428215049,38613060
2023-12-07,780.60595703125,782.3056039667443,773.7835244385168,777.996699171334,20450386
2023-12-08,791.4979248046875,792.3597291563016,780.605970823838,780.605970823838,33728038
2023-12-11,790.4446411132812,796.5249611291558,788.5295723280279,789.9898356540881,23187620
2023-12-12,782.5928344726562,792.9581557902037,781.2762247045517,791.9766596766761,36581476
2023-12-13,780.8214111328125,783.2631120796166,773.2568662574292,781.563465201162,29346914
2023-12-14,790.0376586914062,794.2507747290626,787.5719960728002,788.0507632436652,35172366
2023-12-15,793.101806640625,798.5836675519721,788.3380380661904,789.9658581899005,138837130
2023-12-18,792.69482421875,797.0037289891579,790.4206800343679,795.0886602023099,18014754
2023-12-19,791.3543090820312,794.1072204559873,787.1172310907685,789.9658725265142,24008446
2023-12-20,793.3171997070312,799.038444004139,787.308648353673,793.795966876438,34232520
2023-12-21,807.5365600585938,808.9968233004131,790.0855201370065,793.31719852569,36589240
2023-12-22,799.9481201171875,807.1535894553359,798.1527432166448,806.052401579033,48578850
2023-12-26,805.5018310546875,807.1775162105685,798.8470139045111,801.0971963079616,18045856
2023-12-27,815.4841918945312,817.0162235511344,803.6586070355986,805.0470435987298,27009078
2023-12-28,816.417724609375,824.1498261689791,814.8617312916912,818.3567550440999,44076470
2023-12-29,818.3328247070312,821.0378710363707,811.9891593992248,812.4679265922668,25011426
2024-01-01,812.9945068359375,818.2849073581062,810.074038833758,816.7767791077962,14239686
2024-01-02,813.4733276367188,815.2448013204753,808.4941371304667,813.3297325444754,29242092
2024-01-03,800.9296264648438,816.1543877106121,799.038461039413,814.8617397029581,28389762
2024-01-04,809.5234985351562,811.4864323425077,799.8763278844378,803.3713517790169,26734056
2024-01-05,805.3821411132812,816.2501913581319,798.6315354441177,807.7520737623003,31889470
2024-01-08,796.4052124023438,805.453923454508,794.753489070434,803.6106815691105,17998470
2024-01-09,790.2052612304688,803.2756291285802,788.4098842358525,798.1767467752176,25326888
2024-01-10,792.814453125,794.729521759928,785.8484260314029,786.6144417967229,16115824
2024-01-11,789.4871215820312,796.1419974247106,786.6145183500772,794.7535608406137,18314010
2024-01-12,785.752685546875,792.8384633063858,782.1140666068262,790.9233945544381,19773552
2024-01-15,800.8817749023438,804.7597774337735,786.9017379565865,788.8646717373587,28320356
2024-01-16,803.9219360351562,806.0763883828079,793.8438633427261,800.9775061380469,25322500
2024-01-17,736.1045532226562,764.4954709128732,731.7477834906084,751.6644868680132,170145236
2024-01-18,711.5198364257812,725.332257495375,708.5993683977847,715.2781469954391,161070930
2024-01-19,704.0989379882812,723.058105901483,703.0217118745396,720.9993837290294,109600538
2024-01-23,683.3683471679688,706.0379622645205,682.243255943311,701.3939438294391,115469402
2024-01-24,697.037109375,698.2579305485548,660.8183625809348,660.8183625809348,86004404
2024-01-25,686.9830322265625,697.731331945695,679.5621410018516,695.409322831776,98941852
2024-01-29,696.438720703125,700.3406850803747,692.2016426624417,693.2788688648152,65645498
2024-01-30,691.4835205078125,700.53217422801,689.8557002681358,696.3908845219285,41728768
2024-01-31,700.2210083007812,706.1576749666016,687.8927526091608,689.1854007024332,65761040
2024-02-01,702.0402221679688,705.5112841214318,697.1089554241759,701.4178599181299,32690740
2024-02-02,692.3692626953125,708.9824627111053,690.4063286804585,706.1816860179249,44867754
2024-02-05,691.7467651367188,695.1220972150085,686.5761145330804,692.2973590957444,38605046
2024-02-06,691.3876953125,694.0687799185687,685.8818725644124,692.0819428119112,41075740
2024-02-07,684.6131591796875,696.0318040698868,683.0332624281431,695.6487669186412,54837086
2024-02-08,671.7343139648438,688.9220089386799,670.5134342809237,684.5652392978377,69106124
2024-02-09,671.9976196289062,677.0725401801844,664.0500959229506,666.515758652701,56642124
2024-02-12,665.4864501953125,676.809306881893,662.3026364247897,670.1065656569043,34447812
2024-02-13,667.6168823242188,672.3566891768745,662.7813454112104,666.4199643535106,57580994
2024-02-14,662.6378173828125,666.2046099191948,652.8230890297091,658.7837177497752,91320810
2024-02-15,677.0007934570312,677.6949825309235,662.7813723217212,663.0925826953933,41584944
2024-02-16,679.8015747070312,683.5359238875297,674.31965507416,681.7166435513678,32175742
2024-02-19,678.4610595703125,684.1584015447481,677.5513901049375,684.1584015447481,34451756
2024-02-20,696.2711791992188,697.6835190961174,675.9235727064516,677.4556044062488,56133508
2024-02-21,689.017822265625,700.9151754054046,687.0309267122648,700.9151754054046,45893136
2024-02-22,679.634033203125,684.0626300055545,676.1150473676641,678.7722288264276,50560882
2024-02-23,680.1366577148438,686.5042847124961,678.8918747107963,681.0702888003248,29833452
2024-02-26,680.9505615234375,686.9590543726445,676.761348833584,676.761348833584,23506870
2024-02-27,679.9212036132812,683.0570934898373,676.5219684176848,676.7613520010825,32087150
2024-02-28,674.7745361328125,681.8602559709077,672.1891814386264,679.9212837827165,25321986
2024-02-29,671.9019165039062,675.2532869853846,668.9814482015562,671.2794957514693,53295700
2024-03-01,684.9961547851562,685.9536891619308,670.2740637422462,670.2740637422462,34738898
2024-03-04,685.9296875,687.9884096675396,681.9080901062357,685.0918449690896,35616474
2024-03-05,689.8316650390625,690.8610261429652,680.6393587545882,680.806915575396,37991672
2024-03-06,690.6695556640625,695.576919496979,686.3367475409569,686.3367475409569,42409530
2024-03-07,692.34521484375,694.7151474764962,690.0950324505662,692.0579662212759,49348046
2024-03-11,683.5838012695312,692.2733788101641,681.2856954339823,684.6370656855901,50531094
2024-03-12,698.7847290039062,700.9152197851,684.2780586597365,686.5522029862251,65418454
2024-03-13,699.1915893554688,704.5537583020961,694.2602641088363,701.6332902428926,63067454
2024-03-14,696.8216552734375,701.8726723020275,691.4834480743144,700.0054686474973,52432158
2024-03-15,695.4811401367188,698.6649535010525,690.5019498876019,694.2123954494871,143613804
2024-03-18,692.3213500976562,697.0850604784281,687.413986176019,692.7761555716247,21437856
2024-03-19,693.9011840820312,695.3614473234808,687.2702704859524,687.2702704859524,36183594
2024-03-20,685.1397705078125,695.0023623556473,682.0756489825828,693.7575794231888,43606094
2024-03-21,692.1776123046875,694.8108316494399,688.6108203877344,690.6694840822236,28922860
2024-03-22,690.7891845703125,694.5714568199686,688.3474837448974,689.9034770136652,45980326
2024-03-26,682.434814453125,688.4433080631126,680.8788209713061,683.2965603924812,56844290
2024-03-27,689.7598876953125,693.2309499256703,680.4478889511747,681.5490768981103,62168668
2024-03-28,693.2069702148438,699.2394246339555,689.75981165874,689.75981165874,55592142
2024-04-01,704.027099609375,705.6070545940972,696.8934573296461,698.04251018733,25199570
2024-04-02,708.6472778320312,715.685132245699,700.5561005197442,701.4657698820595,41225446
2024-04-03,709.6765747070312,716.0681045148733,704.4580010474605,704.7931146774648,45584386
2024-04-04,731.36474609375,732.5137990357915,720.0658521240722,720.0658521240722,88935066
2024-04-05,741.8737182617188,744.2435924609226,732.5856231419043,736.8227010597361,59055902
2024-04-08,740.4613647460938,745.5602472863112,738.0436253706997,744.4590593119542,20482940
2024-04-09,741.3949584960938,744.4111567395224,737.4451291623751,744.4111567395224,21884494
2024-04-10,735.5540161132812,742.041335404094,733.9261958559255,742.041335404094,27807400
2024-04-12,727.223388671875,732.4419626511461,724.5901691674342,728.2048847735614,41084208
2024-04-15,715.61328125,722.9384424882777,714.3445949763995,716.9778144689066,23415248
2024-04-16,722.5794067382812,724.3269187314523,709.6526921569106,711.9268363888184,20744886
2024-04-18,715.61328125,727.1755203466597,713.8658277959437,722.8427124294902,34234884
2024-04-19,733.13623046875,734.8836839791993,708.6951417404246,711.7113984519393,34576434
2024-04-22,723.99169921875,745.6320106114753,722.12455398941,745.6320106114753,42298438
2024-04-23,721.7894287109375,730.838140600938,719.7068030516607,730.7424105369589,26827060
2024-04-24,723.7523803710938,728.5640142912791,722.4836939974829,725.3323355684494,22441580
2024-04-25,723.2975463867188,727.5824894434112,721.1430939897369,721.1430939897369,35445204
2024-04-26,722.8427124023438,731.5562517090086,720.807951885483,727.630384206722,24854694
2024-04-29,732.2744140625,734.6442882658492,721.2867304749565,725.3322898363435,36093350
2024-04-30,727.7739868164062,737.0620819015442,725.2844208297038,732.1307565147657,52307382
2024-05-02,733.591064453125,735.8652087221101,727.8937229116466,728.6837005042626,33475006
2024-05-03,727.53466796875,737.5887797565925,721.59794265299,734.0698523195007,31865242
2024-05-06,728.994873046875,734.6682525558684,726.361653503664,728.6836626849343,28793396
2024-05-07,721.0951538085938,729.6650974721125,720.1376195097258,728.6596397036968,28480602
2024-05-08,709.8441772460938,716.6905129132654,708.7429893452799,716.2117457291306,41687862
2024-05-09,693.0155029296875,711.8071150125822,691.9622384959757,706.1576388307392,46281278
2024-05-10,697.8200073242188,704.6385064038308,692.4331341667237,698.3538309269745,27276608
2024-05-13,706.2400512695312,708.4482125597933,694.1317160729689,694.956710818051,27047202
2024-05-14,709.0062866210938,711.2144479759614,703.8378359787137,704.7841569928967,25665142
2024-05-15,698.1112060546875,708.39964782104,696.8009063196256,708.39964782104,38931996
2024-05-16,708.6665649414062,709.782790041372,696.655267230535,701.7752582341244,34945236
2024-05-17,710.5349731445312,712.4276743183018,701.848002597153,701.848002597153,20920190
2024-05-21,707.962890625,713.2526672307866,703.7407019802051,703.7407019802051,43769978
2024-05-22,708.156982421875,711.2629460513618,702.7943980944078,707.5018325662894,39996278
2024-05-23,724.3661499023438,725.8463536828482,707.1135946322969,707.8900706969359,40861920
2024-05-24,736.3046875,737.6150464828621,721.1631959122375,721.8911533778286,31060206
2024-05-27,741.400390625,749.7961904344879,737.2025499615863,739.2893258205864,29385440
2024-05-28,742.75927734375,745.4527436990592,739.9930626339711,742.5651435020584,27908904
2024-05-29,731.9854736328125,739.5319299971256,728.5640500675219,736.692907911739,35147706
2024-05-30,735.1642456054688,739.4106642295702,726.8170235494816,727.569210732381,33755350
2024-05-31,743.2688598632812,745.4284433104547,734.751733835956,737.1782587165238,74079588
2024-06-03,762.9964599609375,776.0026570209221,752.2227131847588,776.0026570209221,72637256
2024-06-04,719.7800903320312,756.5904610836327,705.6334383679294,755.6198511271432,89531240
2024-06-05,753.0963134765625,756.8816568854197,719.3918460943981,725.0699500696824,81631650
2024-06-06,756.9301147460938,759.7206182378197,750.5726316827747,759.4537360573207,46422870
2024-06-07,763.5545043945312,768.8928586568827,753.2175448676818,757.5852892641512,36712216
2024-06-10,757.7067260742188,767.0973660487972,755.9110620154896,763.8700759254958,22454058
2024-06-11,759.4052124023438,762.4140794074847,753.2903226155619,755.1345051292465,29545326
2024-06-12,763.9428100585938,770.8098870497467,760.1816966411113,764.3553074238586,39280436
2024-06-13,767.1458129882812,769.5480488358222,763.8700045190919,767.6311179466796,24120192
2024-06-14,774.9835205078125,776.0026490992642,765.6656295141681,768.7230745298527,25540554
2024-06-18,780.2733764648438,781.5836762242601,771.3679826211641,774.983540294414,32415714
2024-06-19,804.5628051757812,810.4107535609992,778.4291452824868,782.9910236928816,90131196
2024-06-20,810.1438598632812,816.0160382972864,801.7238302737451,810.3622826499824,41408742
2024-06-21,808.3967895507812,811.8424431419929,797.4289085916951,811.8424431419929,51630776
2024-06-24,811.6240234375,812.9343231272944,798.6906344612428,799.2972656586157,28544994
2024-06-25,830.5266723632812,833.2443684249017,810.9931467609703,810.9931467609703,74521548
2024-06-26,825.7464599609375,830.3083388227997,820.699276097629,828.876653523733,47596666
2024-06-27,823.1500244140625,831.3274011881083,818.5153383232833,823.1257354693937,55074650
2024-06-28,817.1565551757812,828.2214732583296,814.8270675577021,823.8537284054296,26476046
2024-07-01,827.5419921875,828.5611799942127,815.3123309202279,815.3123309202279,21187024
2024-07-02,839.8687744140625,841.9556094944659,826.353042764463,832.2980286836319,45921690
2024-07-03,858.3346557617188,870.6371250279785,856.3934358619908,869.1812101031826,123217802
2024-07-04,838.1945190429688,854.0154497500956,837.0782938778042,854.0154497500956,45848658
2024-07-05,799.8310546875,817.7388187080663,796.9677437114144,817.7388187080663,82242548
2024-07-08,793.6434326171875,803.1553977227993,789.6639557513818,798.472252380916,39087800
2024-07-09,794.2015991210938,799.1516862165171,786.3639118522315,788.6205918556537,48550878
2024-07-10,789.1544799804688,795.9002315965357,786.5581099756618,791.0228924563764,45507182
2024-07-11,787.1161499023438,789.0330808548738,776.973264088155,788.1109895551602,44177074
2024-07-12,787.50439453125,795.1237185250396,781.899157363576,787.1647047300575,56049960
2024-07-15,787.2131958007812,790.9500796896383,783.8645795922547,787.8926346206944,33375694
2024-07-16,786.0726928710938,789.5911537590798,784.6410669649267,786.5579978211608,28950324
2024-07-18,783.6705322265625,788.1110255525017,776.0754971813087,780.3704345530638,33717064
2024-07-19,780.0307006835938,787.649965003423,778.1865181041212,784.2528302190582,26002152
2024-07-22,797.1376953125,801.2384985771903,782.6270649860646,784.7381297391379,53744822
2024-07-23,785.4176025390625,799.6855810002239,778.9145038672318,799.5642547535156,52002152
2024-07-24,778.4534912109375,786.6793870769927,770.6886113878456,780.4432298173384,61728206
2024-07-25,784.5440063476562,788.6205799631161,773.0908208499962,773.0908208499962,25535732
2024-07-26,785.2962646484375,787.0433507268658,774.7651110455088,778.9144923179402,43810540
2024-07-29,778.938720703125,791.9448576014164,775.662912345258,783.7674811785615,51001148
2024-07-30,784.0344848632812,793.3523167913979,776.0026637402938,777.4585786816452,54595834
2024-07-31,784.1314697265625,790.0279366929944,780.9526986206498,783.2821860675673,37820484
2024-08-01,795.3178100585938,800.7774909815698,785.1991540216145,787.6014491725216,26215174
2024-08-02,805.1937255859375,810.7019249608421,791.5323792943032,791.5323792943032,44119238
2024-08-05,784.1314697265625,798.8119444034794,776.9732217436031,795.9486333620303,41333634
2024-08-06,777.0702514648438,792.4786834136157,773.2363898060842,791.0470575275043,45116050
2024-08-07,787.8926391601562,791.0471215466921,777.5556193354371,784.7381567736204,42346264
2024-08-08,797.21044921875,802.3547292854007,785.8300713873926,788.1352699911228,33976950
2024-08-09,800.8502197265625,806.8437833638833,798.7149252998082,801.7237923493824,26644618
2024-08-12,805.65478515625,813.3468572381819,799.4671466635041,801.7238266679481,39316196
2024-08-13,778.0409545898438,792.2118961762867,777.0461148817201,790.0765423217451,54055042
2024-08-14,780.2733764648438,783.1366284755188,778.0409261468292,779.6424562895212,32334428
2024-08-16,792.0662231445312,793.061122021343,781.8263002104013,790.3191371152319,27849246
2024-08-19,791.7993774414062,794.759726022084,787.9896858897818,794.759726022084,19502164
2024-08-20,794.783935546875,798.8119905444514,789.8095595425733,789.8095595425733,31134494
2024-08-21,789.0088500976562,793.2552686183906,785.1264103072706,790.1250159925943,47630904
2024-08-22,791.6781005859375,795.0752357163401,790.0765703279278,792.0177904024437,21300638
2024-08-23,788.6448974609375,792.9883534236101,787.6499985352013,792.9883534236101,20333422
2024-08-26,795.8758544921875,799.7582942162704,792.1147410094821,792.1147410094821,22364266
2024-08-27,794.8082275390625,799.4914324239653,792.1147612152419,797.550212512406,35773244
2024-08-28,794.4927368164062,795.7788068064845,791.1441207498361,794.8081968881353,26921188
2024-08-29,795.1964721679688,798.035494358065,791.6052035874162,796.8707505966252,49052604
2024-08-30,794.395751953125,806.5768953841255,786.7521983416328,803.6650654368904,445342100
2024-09-02,789.56689453125,799.200245545704,787.747000900005,799.200245545704,34049680
2024-09-03,794.6140747070312,795.8758557711201,788.4264363868309,792.9883149182248,37282860
2024-09-04,796.7737426757812,798.2296576209254,792.0177301584446,795.4148650304477,24682744
2024-09-05,798.5451049804688,800.704747819695,796.8708263925602,798.8120464324933,22876318
2024-09-06,794.419921875,799.6612390821284,793.0368146024134,795.0751309568867,26029602
2024-09-09,799.0546875,800.0252975060735,791.0956736019307,794.9295949741877,23792914
2024-09-10,800.9230346679688,802.6944096330184,794.9295302169795,802.6944096330184,26606646
2024-09-11,797.7928466796875,801.9664575454252,795.5118777911906,800.9473289635273,22226684
2024-09-12,808.8092651367188,810.4593139115112,799.32158835399,802.6944342572692,32424046
2024-09-13,808.4937744140625,812.400503038587,804.1746076631325,812.400503038587,23860532
2024-09-16,810.9203491210938,814.2447356947455,807.5717920840796,809.0034181076534,15172820
2024-09-17,809.876953125,814.3417351276187,807.6202731787942,814.3417351276187,20127122
2024-09-18,822.494873046875,824.4846115422112,810.9931099061356,811.3570886275262,40917342
2024-09-19,829.1435546875,834.2392569551141,824.6059649927001,824.6301946967953,30651776
2024-09-20,845.0130004882812,846.8328941482245,828.6825354394553,833.0259912779876,60623386
2024-09-23,854.0396728515625,857.2183847223622,844.551937403139,848.7983557064159,26965350
2024-09-24,858.0435180664062,864.6436541344489,851.3462854547951,856.5633141386422,33039036
2024-09-25,863.4060668945312,867.7252930088929,854.2095613390953,854.2095613390953,31965312
2024-09-26,865.5171508789062,867.7253122548344,858.0435015109396,860.4700264333525,31899644
2024-09-27,850.5697021484375,862.9692076341789,849.2836322285123,862.3868654114664,35613502
2024-09-30,840.572509765625,849.987378933711,836.8599148404105,848.7013681367213,26383534
2024-10-01,837.7334594726562,845.4013020975134,834.773110848595,836.6658121791694,24572284
2024-10-03,816.282958984375,837.7091852435565,812.0850591484665,832.613483062025,48473398
2024-10-04,804.4657592773438,820.4808225688465,802.2090794198211,812.6431358067093,48683232
2024-10-07,785.1264038085938,805.1209448670484,782.7969162571121,801.8208473760044,94458296
2024-10-08,801.2628173828125,804.0533210403008,787.164683903665,791.0471237749532,29734406
2024-10-09,792.5758056640625,804.0289908485573,790.4161630516477,800.5105298956967,41125642
2024-10-10,806.7709350585938,808.2510795642027,792.2603056670246,795.4147877416559,21754766
2024-10-11,801.238525390625,807.7658537028776,797.4774117796152,807.7658537028776,23672594
2024-10-14,819.2433471679688,821.1603374358971,802.6944587482099,803.689357680797,18527508
2024-10-15,817.3021240234375,824.0478752509669,813.1285129464045,822.1066552857113,19651130
2024-10-16,824.92138671875,828.8765747113987,815.3608435545054,815.3608435545054,20470682
2024-10-17,811.988037109375,823.8780090897097,808.1298269832027,822.5676501021808,14695732
2024-10-18,816.2101440429688,820.6506963237373,802.7429312558701,807.1106759435778,24809724
2024-10-21,838.9466552734375,848.3858722296796,830.3810701774502,832.2980010606213,46548354
2024-10-22,832.07958984375,844.4305765922039,830.211118473748,839.6018162444277,38875280
2024-10-23,842.3923950195312,847.5851345291038,827.4692671141377,827.4692671141377,38036090
2024-10-24,849.1138916015625,858.3346864549975,843.5085952441257,843.5085952441257,30832258
2024-10-25,846.0807495117188,853.0933830706845,838.9467304613248,851.7102756678665,26130478
2024-10-28,841.6158447265625,849.7689918168825,839.043763962605,845.4012471416386,22012142
2024-10-29,850.1815185546875,856.0779859182065,837.1996103215174,837.7092042477628,35794926
2024-10-30,841.8099975585938,851.5889046504595,836.7628139716957,845.4012662208864,32715724
2024-10-31,842.3438110351562,843.8968224808245,834.4333755848933,838.6069864702176,22895912
2024-11-01,843.120361328125,846.4203996311912,837.6849100339031,841.0335262277963,1759692
2024-11-04,831.8612060546875,846.8571409139798,830.3082539054162,846.8571409139798,28089248
2024-11-05,853.0933227539062,855.447039991069,823.999313734677,826.4743572133567,44232406
2024-11-06,851.83154296875,859.7177486791857,847.0270119492034,859.7177486791857,27787910
2024-11-07,847.609375,854.5977188117542,843.4599940256105,846.5174388742477,18895456
2024-11-08,851.4432983398438,855.0103373353861,847.2696873607207,850.2543248355499,19902986
2024-11-11,857.1942138671875,865.2017460745226,849.8660612419557,851.4918803256005,24565362
2024-11-12,833.8509521484375,861.4162973605047,829.2163253609564,859.9603824917264,31395406
2024-11-13,815.967529296875,839.2864576545572,811.9152444974701,833.1473377113161,35728500
2024-11-14,821.5,827.3721783747438,811.4784403744485,811.9637453515568,27146470
2024-11-18,827.4934692382812,834.190701332557,822.5919010273279,825.0184258091194,27081968
2024-11-19,845.5225219726562,851.1035287183504,826.3286881202827,831.812657575625,50981272
2024-11-21,845.0130004882812,853.6514527573436,841.6158656563873,848.9925368361551,35716512
2024-11-22,847.1483764648438,851.370565411524,839.3592669406547,846.1535367827626,24773612
2024-11-25,866.5604858398438,875.2717450257129,856.5146973151911,866.2936036686173,427737274
2024-11-26,866.5362548828125,878.4019369086114,858.8927021168951,878.4019369086114,30935566
2024-11-27,879.5182495117188,881.9690041453489,866.3422072982357,868.6474059809165,32714976
2024-11-28,870.224609375,891.0684339141281,867.725276958314,882.7697308653094,35722392
2024-11-29,871.632080078125,875.7814023363161,865.2503073983569,874.1799313606635,27669536
2024-12-02,875.8298950195312,877.5042327860683,861.4163604593637,875.2475527258944,15110876
2024-12-03,886.3125,891.6993733770357,881.3623537076274,884.5653546960274,43410242
2024-12-04,902.7157592773438,905.0937654692016,888.6662041479593,891.9905313310416,44669084
2024-12-05,905.457763671875,912.349070670313,890.6316728815866,902.6672600453907,39682714
2024-12-06,900.6531982421875,904.7054828102569,894.9023463139778,901.2113107944992,17783156
2024-12-09,907.520263671875,912.3733132102273,897.3288596413352,899.5855395249345,26947912
2024-12-10,906.5982055664062,911.2571214453396,901.9635786325839,911.2571214453396,13325480
2024-12-11,904.1716918945312,908.4423993938311,901.0900171351183,903.492253077643,14045426
2024-12-12,902.3032836914062,906.8651623497835,897.183292457994,898.299517608064,17293790
2024-12-13,908.36962890625,909.9468701478396,887.7441665162323,903.8805576801874,19009002
2024-12-16,905.1907958984375,907.4959944793276,900.3620351992098,905.1422772502634,13107082
2024-12-17,889.6853637695312,903.8077269850552,886.4095551207139,900.8958970749953,21079532
2024-12-18,878.74169921875,891.0199388482123,877.0189020931173,888.0353013877913,23422312
2024-12-19,870.3944091796875,874.0827148724125,863.3574875554302,873.3547574630064,25380770
2024-12-20,859.7177734375,872.3599918831414,857.5581899695972,864.9105130352275,25692348
2024-12-23,874.0343017578125,876.4608267488114,864.4738169898098,864.8135067920166,11044592
2024-12-24,872.6268310546875,877.7710517489787,868.4775092184595,874.5438211790217,14485834
2024-12-26,869.0598754882812,879.3726061062491,864.2068257857081,872.8452779528201,10481678
2024-12-27,872.6996459960938,876.4364704987394,868.2590937552997,871.0253675774094,7259330
2024-12-30,862.82373046875,880.8285332674382,859.4751142791366,869.7635560951499,22222218
2024-12-31,860.3729248046875,864.7164399349241,856.8544636879918,859.1354326463724,14117236
2025-01-01,865.1774291992188,870.637110073425,854.6705648241472,860.6640693133434,7313806
2025-01-02,870.5157470703125,875.2231813509705,860.4456694386978,862.4354078694503,18558576
2025-01-03,848.8954467773438,871.2437647886038,847.4881097293069,869.181218624921,24426194
2025-01-06,830.1141357421875,852.7778537230372,827.8332261221516,844.4791507386858,18816348
2025-01-07,831.5215454101562,835.209851324859,825.0184469798143,832.2980215119891,13527906
2025-01-08,822.252197265625,830.6722262669281,816.9380725391129,829.0221775951162,19738190
2025-01-09,809.3916625976562,819.6801043914131,804.6841687860751,817.3263871062876,40420222
2025-01-10,804.0289916992188,812.8372885629307,802.6944030605147,810.9445873725031,17453280
2025-01-13,791.4596557617188,799.1760171914914,788.2809435229427,795.9002084068898,21669066
2025-01-14,799.1031494140625,803.7620652641559,794.4442335639691,795.8516298211142,26661432
2025-01-15,797.3803100585938,806.9165047926833,794.1045016943054,803.9076378434971,14022892
2025-01-16,801.7481079101562,805.873200199019,797.2832665938832,802.1363163454865,21212454
2025-01-17,794.3229370117188,800.9958805790999,790.31917087129,797.5987456720695,23112076
2025-01-20,801.3598022460938,806.0672365854673,789.1058522041777,789.1058522041777,17557618
2025-01-21,797.0648803710938,806.115829748555,792.5272908307279,804.756952160241,31158144
2025-01-22,808.5423583984375,811.3813805875693,788.8389294808721,797.0648841596673,30619306
2025-01-23,807.9842529296875,818.7094808723397,801.359828269384,818.7094808723397,34909158
2025-01-24,800.6561889648438,810.6049411699597,798.0840488445496,805.6062761215885,24236200
2025-01-27,790.9500122070312,797.6471848113616,789.1058297447998,796.4339224655055,22804166
2025-01-28,810.6534423828125,817.3991933860295,799.2972941154203,799.2972941154203,30179312
2025-01-29,814.0020141601562,815.8704263644069,809.9011517987993,812.8857890816031,12619890
2025-01-30,820.8933715820312,823.9993352943973,811.696865930955,815.7976693049923,25744846
2025-01-31,824.4118041992188,827.2993450265934,817.2292670650723,818.830797136207,15821686
2025-02-01,820.6264038085938,831.3274019434516,813.3954072501344,823.8051750140157,5587528
2025-02-03,814.341796875,818.6125046075882,807.2805853688532,810.4593568422229,20276540
2025-02-04,835.161376953125,837.5393832746403,815.3366797744094,819.5345205841194,28616502
2025-02-05,843.363037109375,846.4689416589049,834.1907609306318,841.0335494558958,23675506
2025-02-06,846.299072265625,848.7984047453597,836.6657803207547,842.2467875560731,26760716
2025-02-07,840.9122314453125,857.5339275509261,837.1511177279839,849.2837426225924,23509600
2025-02-10,832.6619873046875,836.3988118099606,829.1435263354559,833.4142336911924,17195950
2025-02-11,825.6979370117188,830.3568531530897,819.5345279806279,826.4744131617251,22724704
2025-02-12,828.3185424804688,830.8421046157138,815.8946879155817,821.6213102303759,22809570
2025-02-13,823.9022216796875,831.9340426083429,821.8882534526111,824.5331418355402,12602434
2025-02-14,822.5191040039062,825.9405276867242,815.3123371576534,825.9405276867242,19959892
2025-02-17,833.4384765625,834.7245465784594,815.918979031997,817.8359099627821,12938946
2025-02-18,836.2047119140625,840.329803960056,828.003046468469,831.3516624481879,16350910
2025-02-19,838.2186889648438,843.4114874933574,831.0604409265417,833.2686021535318,11884112
2025-02-20,818.758056640625,832.152462841255,817.884543182236,830.3568580312333,26390510
2025-02-21,821.378662109375,822.5676355898997,813.9777613134116,815.7491363030065,15680940
2025-02-24,813.9049072265625,817.3505604700815,806.1400281464854,815.8461269965818,20693646
2025-02-25,816.4527587890625,819.1947435645432,810.9930781817751,810.9930781817751,24138708
2025-02-27,825.3580932617188,830.235431637752,816.5498559350805,816.5498559350805,35786800
2025-02-28,840.7423095703125,843.0960267361039,817.7388430279666,817.7388430279666,54516728
2025-03-03,825.7706909179688,845.9108470636534,822.1551333662954,844.3336059197142,21205364
2025-03-04,829.8714599609375,831.9582949310542,821.7426020928991,824.0478005927906,19920958
2025-03-05,820.1654052734375,830.2597724194886,819.316121569752,825.9647760106438,21583872
2025-03-06,820.7477416992188,824.9699304836942,811.5512362127743,818.7094845214233,32966088
2025-03-07,819.8014526367188,825.576593853863,814.1476376668198,816.2829914666041,13372914
2025-03-10,818.9521484375,824.969941998729,816.7925649870414,819.6801059027778,15604050
2025-03-11,817.9815063476562,822.1065984888339,810.4835684463997,816.4770728267864,19898430
2025-03-12,830.4296875,833.9966675086949,820.9177210630354,820.9177210630354,18784106
2025-03-13,828.2214965820312,835.112863088808,825.0427843943695,832.8076643515269,15736264
2025-03-17,830.0656127929688,836.6657483797172,827.4449541690359,827.4449541690359,18950652
2025-03-18,830.0656127929688,830.0656127929688,830.0656127929688,830.0656127929688,0
2025-03-19,846.42041015625,849.7690263917825,840.6452690024086,842.004146653194,15221406
2025-03-20,858.3831787109375,860.9310298420936,848.9440205977578,851.2249302948321,17833978
2025-03-21,859.1596069335938,860.9795004972574,851.9771292137973,851.9771292137973,33508264
2025-03-24,873.5489501953125,875.6843039218336,860.7611760226637,863.3575457763671,17393736
2025-03-25,883.9586791992188,894.7567143577081,874.2768691244298,875.9269178059026,39101416
2025-03-26,876.7277221679688,886.8948376499686,874.5195608455505,885.681575218163,24478442
2025-03-27,885.8513793945312,893.4464137168152,872.626819495681,873.5489107497378,41658100
2025-03-28,887.2345581054688,891.0199607200933,876.3880034384333,887.6228257936006,28773648
2025-04-01,857.9464111328125,878.3535095734435,856.7331486628899,874.5195883202217,28511006
2025-04-02,872.0444946289062,873.16066049231,859.3294691298255,859.3294691298255,11573564
2025-04-03,871.0496215820312,875.490173946712,862.3869396359797,864.3766781830471,11250038
2025-04-04,881.9447021484375,893.9074216754443,878.9357759381479,879.8578671839032,33540454
2025-04-07,853.0205688476562,863.7700863708694,843.5571214137302,855.4956717234414,37995450
2025-04-08,858.5773315429688,864.8134887917699,849.4293443655757,856.5633039940931,35563872
2025-04-09,856.5632934570312,861.4163432783175,850.982286162552,856.5632934570312,22454608
2025-04-11,876.82470703125,882.9638264173292,861.2949488328275,861.2949488328275,32775766
2025-04-15,905.0452270507812,910.8203678930464,900.240696123474,905.0937456982635,49298344
2025-04-16,911.4027709960938,914.2175636339349,902.9099336731801,914.2175636339349,19136820
2025-04-17,925.3309326171875,931.6398970227459,910.7717839889756,913.3439239431574,35703084
2025-04-21,935.231201171875,946.6843866809207,926.9324979858176,933.7267676045618,34247298
2025-04-22,952.0227661132812,956.3419923313835,939.0651467003056,939.0651467003056,45961750
2025-04-23,933.6782836914062,960.3700581866361,932.0282348743439,960.3700581866361,30570642
2025-04-24,930.2325439453125,933.6781972127433,924.5544405338061,926.9324466168475,25931754
2025-04-25,927.5148315429688,938.094503546439,918.099962552793,934.1150265036636,18500878
2025-04-28,931.882568359375,936.4929655182809,926.156005327847,927.5148236825167,13920492
2025-04-29,926.3501586914062,936.0562581779409,922.1764885191324,931.2032084346736,18918308
2025-04-30,934.2120361328125,939.9871769317172,927.0780770079656,928.3883766867898,31936870
2025-05-02,932.7076416015625,942.4137410838799,931.7855503024763,936.5415627453439,17840404
2025-05-05,939.9386596679688,947.3152712805899,937.754787372496,941.0063068714467,15068024
2025-05-06,937.463623046875,941.5401968005327,933.872413523286,936.6386282625547,17490156
2025-05-07,944.2094116210938,945.7138452974749,932.9503591331654,938.5798853771296,21420778
2025-05-08,935.91064453125,948.6741890736062,931.348765916796,948.6741890736062,34803430
2025-05-09,917.080810546875,931.3002703673066,915.6734734771652,926.9810441332826,17188796
2025-05-12,949.8388671875,951.149226156264,928.0487213449755,930.6208021509265,18618972
2025-05-13,933.04736328125,952.0227765695508,931.7855821536832,946.3447318748346,24242102
2025-05-14,927.2236938476562,936.7356597192896,923.5353878045329,932.8047011833116,15445308
2025-05-15,938.4827270507812,943.8210814498384,920.6234813646776,928.6310129632633,32241458
2025-05-16,938.9194946289062,943.3358172154161,935.8621088859327,938.4827675522878,15868010
2025-05-19,940.8607177734375,943.9181627683963,937.1238932163359,940.0357230243618,10202964
2025-05-20,929.3104858398438,938.8709699179398,928.3883945615378,935.7164876572758,23879090
2025-05-21,935.0856323242188,944.8402502940019,932.3193584728106,935.1826696209016,15132040
2025-05-22,931.7369995117188,933.8237752836327,924.6029810935157,929.4560306672615,21306670
2025-05-23,938.3856811523438,940.0357299039,929.1163680438908,931.8340640363383,9566072
2025-05-26,941.588623046875,946.2961165204464,935.1341028748952,939.0650610496285,10802860
2025-05-27,934.8429565429688,945.3740503477449,929.989907003196,937.415037254252,26162148
2025-05-28,933.484130859375,938.8224856498367,930.6693382733266,931.8826007257043,18157594
2025-05-29,935.4253540039062,941.8799339693113,925.6222170514742,935.6680064952172,28917794
2025-05-30,943.86962890625,945.7623300992254,934.406182182701,937.560664423884,28748078
2025-06-02,937.6577758789062,939.5504772215758,925.9619372617597,936.6871658817765,14668822
2025-06-03,934.0179443359375,947.3153125176999,931.7855532960983,940.5210428582492,24377584
2025-06-04,942.0740356445312,943.0932235303936,932.2223797589662,932.2708984103567,12961542
2025-06-05,946.1505126953125,950.6638723983343,941.5886343458625,945.3740366284826,22255418
2025-06-06,960.27294921875,968.8143643397722,942.8019697752012,943.4328899516395,30127008
2025-06-09,960.3700561523438,968.1834546397668,958.9141411829606,968.1834546397668,13202588
2025-06-10,953.7698974609375,962.2627345803987,951.7315810074685,962.2627345803987,15533126
2025-06-11,946.5388793945312,954.8861016587219,944.8888305540286,954.8861016587219,11096394
2025-06-12,943.1417236328125,951.6830795561876,939.2107650861756,946.3447246989118,16349130
2025-06-13,930.620849609375,938.0945584051007,928.3884584733355,931.7855934494534,12117762
2025-06-16,939.2592163085938,940.957783641244,931.8340268436207,933.7267280054107,16513746
2025-06-17,936.4444580078125,942.268117646221,931.3487558242051,940.0357266330969,16978736
2025-06-18,938.5313110351562,939.6960548333931,930.329645039179,930.329645039179,18433816
2025-06-19,939.210693359375,944.7917002839463,934.5031997999406,938.5312545811619,16876220
2025-06-20,953.4786987304688,956.0023202459611,937.415115265286,937.415115265286,32900408
2025-06-23,945.5681762695312,950.1785732937573,942.3651754483343,945.5681762695312,11739518
2025-06-24,951.634521484375,960.4185295373859,949.0623814631601,953.6242600004867,22625322
2025-06-25,961.0009155273438,961.8744882040819,953.0904797513926,954.1096083800328,18405932
2025-06-26,981.1896362304688,983.7617170900772,960.9038642878594,961.5833031108746,50084830
2025-06-27,988.5983276367188,991.0024945345428,978.0494846238399,987.666092322087,28213384
2025-06-30,982.023681640625,988.0586250503452,979.0798184930638,986.9301202198938,13649020
2025-07-01,987.2244873046875,989.138010315157,983.250284063281,983.740927917604,14389386
2025-07-02,974.418701171875,991.0515399227539,970.4444979040134,991.0515399227539,18878250
2025-07-03,974.9583740234375,985.2128423794024,973.584607191008,978.7854199779471,16860506
2025-07-04,976.037841796875,983.0049605598704,971.4748300017685,974.9583893832662,7863944
2025-07-07,975.1055908203125,980.5026731224453,973.3392849545877,975.8906089947405,11349426
2025-07-08,981.974609375,983.740915249207,970.0028875050783,970.0028875050783,15224316
2025-07-09,986.7828979492188,988.058619887602,980.3554754225707,984.7222177139129,13861428
2025-07-10,984.3296508789062,989.6286283244265,981.2876830187669,989.1379844829171,17030310
2025-07-11,973.2901611328125,983.6427940678678,971.9163943170895,980.3063919997392,12516922
2025-07-14,972.94677734375,975.7434233970494,966.8627814826074,972.94677734375,13088850
2025-07-15,979.079833984375,983.0540373178538,968.0403470063502,968.0403470063502,14498168
2025-07-16,979.4723510742188,992.4253009235872,977.6569328760377,990.1192987637652,17994612
2025-07-17,974.8602905273438,983.6428275379242,972.7995503940688,983.2502884954769,22529158
2025-07-18,960.3862915039062,979.8157761377424,958.2274465683581,974.8602851924708,16129446
2025-07-21,981.5330200195312,982.2689857931025,969.7575676423911,970.5916382285527,22309078
2025-07-22,984.771240234375,990.1192700741381,982.7596124670459,987.7151032772119,14836814
2025-07-23,993.2103881835938,995.9089294093236,982.7596500249109,986.6848008986999,13634916
2025-07-24,988.2548217773438,999.7849522880986,985.4091233743482,999.7849522880986,19107176
2025-07-25,985.9922485351562,991.1076548914018,983.237817433207,991.1076548914018,9306598
2025-07-28,987.9105224609375,994.2555908496133,983.9756037755068,985.205265864704,12059580
2025-07-29,994.3539428710938,996.7640925817828,981.9097985152405,983.6804999207345,19895696
2025-07-30,996.4197998046875,999.764444634085,992.091365270063,997.5018784172968,15154036
2025-07-31,992.6815795898438,999.1742313953042,987.664582321978,990.9108782036614,22183032
2025-08-01,989.7304077148438,997.6494796779898,988.3040477115343,990.6157884442932,11317258
2025-08-04,979.7947387695312,992.8291567300697,977.8764539291843,988.6974801605747,13933946
2025-08-05,972.7118530273438,980.975205994727,966.7603007320947,977.0894619202779,23978058
2025-08-06,976.499267578125,977.8272785976125,968.9737116887809,969.5147509914575,14080204
2025-08-07,981.4671020507812,984.5166400056098,972.3184281442016,973.9415460716062,13081186
2025-08-08,970.8920288085938,980.1882863803764,968.9737439061473,977.3846207407715,13895264
2025-08-11,981.5654296875,982.5491593344192,970.4984711596596,971.8757166821836,9105854
2025-08-12,968.924560546875,981.7622208654035,967.7440729221851,979.7455870293594,12937802
2025-08-13,974.0399169921875,980.7784409396806,968.5309950398891,980.7784409396806,13577396
2025-08-14,979.35205078125,981.7622004561191,969.5639286580633,972.908633518138,17511716
2025-08-18,985.5003662109375,996.8132573563983,981.5654475516468,988.6483131467888,19284796
2025-08-19,979.35205078125,986.7300232295675,977.1878335213248,982.8935135816985,12352438
2025-08-20,977.9256591796875,979.7947696044055,973.4005266300795,977.3354453835109,9950228
2025-08-21,979.4012451171875,982.5000176251586,975.4663263982883,982.5000176251586,12439850
2025-08-22,966.317626953125,981.7621945267439,962.6286407512459,978.7618310909676,19833502
2025-08-25,966.0717163085938,972.6135426708398,962.5794879672083,964.1534314319724,17518044
2025-08-26,957.5625,969.6623631247153,952.2503356808104,963.5632270654481,16917731
2025-08-28,942.2162475585938,956.3819785474136,939.4618165446824,951.2665723546679,25438255
2025-08-29,936.1171264648438,947.6267755693488,934.6415319653455,938.4781016808785,14823813
2025-09-01,935.1333618164062,941.8719458039564,930.9525108908947,934.1496321868741,20178344
2025-09-02,929.1326904296875,939.2650942089082,928.6408255856272,935.5269334024698,14196320
2025-09-03,938.9207763671875,940.740652202688,924.7058709175366,929.6245191670979,16083481
2025-09-04,945.610107421875,949.9877162864987,940.6914592688354,944.5772033181551,17597657
2025-09-05,947.7251586914062,951.7584261964354,938.5272505370174,951.7584261964354,11602111
2025-09-08,950.2828369140625,957.3165278914954,944.823149393627,953.2340258485783,11711307
2025-09-09,949.4467163085938,958.5462157684692,947.0365666053971,958.1526998830964,13985539
2025-09-10,950.1845092773438,958.0543466125587,946.0528326679372,958.0543466125587,18091100
2025-09-11,952.0535278320312,953.4799478098324,944.2820997482355,944.6755555766032,15113633
2025-09-12,951.5617065429688,954.9555859441327,946.5938836721522,954.1194397337725,14363519
2025-09-15,951.3157348632812,956.5294899386951,949.2991011128589,953.824233432933,14486377
2025-09-16,951.1190185546875,953.5783427584718,945.560981879392,945.560981879392,18661794
2025-09-17,950.7747192382812,958.5462075924,948.6596764461077,949.4467082101403,17361476
2025-09-18,961.0055541992188,963.7108108355188,953.4799980850369,957.4640913046234,17791598
2025-09-19,951.168212890625,960.8087513537787,946.4462625851606,959.0380500102757,31243267
2025-09-22,948.5121459960938,955.3982535857159,946.298754270858,948.315388056543,10854415
2025-09-23,941.6260375976562,952.447063800625,939.9536851760515,951.2665762064279,21022298
2025-09-24,935.5761108398438,940.8882751893465,927.6570988338277,936.7074240016012,15117220
2025-09-25,934.3955688476562,942.4129893816753,931.9854792780051,937.0024763946197,31413279
2025-09-26,929.6737060546875,935.9695999150294,925.9847198182591,929.7228805294212,14874656
2025-09-29,934.8382568359375,941.232499440892,923.8204729543667,930.6574059019287,32398179
2025-09-30,935.5269165039062,944.3804835370663,930.9033750448373,942.4621986714628,28296687
2025-10-01,949.5450439453125,953.8242439027433,930.6082481971154,937.1992488555558,25350832
2025-10-03,949.4467163085938,951.0206597658967,936.5106471136629,936.5106471136629,26658296
2025-10-06,957.6116333007812,961.4973774003239,946.3479168763192,956.0868643620497,18542683
2025-10-07,966.514404296875,973.7447933808842,955.201513050652,958.1527020714059,25535736
2025-10-08,962.7762451171875,969.8591107869768,958.6937429483099,960.1201629857547,15939710
2025-10-09,961.2022094726562,963.0713198098597,954.3653364923583,958.6445364195181,15370950
2025-10-10,964.9404296875,970.1541847807785,962.1859386567031,963.0713193511867,13757080
2025-10-13,961.1038818359375,965.0388004923793,956.1852335153851,958.4477997344204,18634254
2025-10-14,961.25146484375,964.4977607253469,951.2665847409552,954.2177737318785,22934382
2025-10-15,962.3335571289062,968.8753835018975,957.5132576917447,959.1364356766506,23310447
2025-10-16,978.1715698242188,980.384961573746,965.5306676270898,966.6619807603523,22936566
2025-10-17,986.2381591796875,992.5832274986775,969.9574453059425,977.7781081157631,25210511
2025-10-20,986.6316528320312,1003.4042311581684,980.7784494751901,980.7784494751901,22195202
2025-10-21,991.3043823242188,993.5669485153896,987.664570603417,989.6320299074079,3471600
2025-10-23,992.386474609375,1003.8961237048558,989.6320435542233,999.4693402098319,43526526
2025-10-24,978.5650634765625,995.4852253636408,975.1711841959709,994.5506701933195,17707768
2025-10-27,986.6316528320312,992.6323796093756,979.9914777728962,980.286584655995,15700796
2025-10-28,987.2218627929688,991.5994716753507,978.8109864255694,981.4178939740924,33904289
2025-10-29,991.451904296875,996.0262711888014,983.729650556841,988.5499498614066,17769445
2025-10-30,981.9097900390625,993.0750977302371,980.8768258561881,983.7296659041476,19962917
2025-10-31,971.2362670898438,988.1072545286754,965.1863657946757,977.8272677237645,23221330
2025-11-03,976.499267578125,978.3683179002891,967.3013592642496,968.9737116887809,16607180
2025-11-04,969.2196655273438,980.7784892471573,967.6948965344255,970.9411924643373,20024544
2025-11-06,968.6294555664062,974.9252895070431,958.1527104344483,965.0388182096445,22279516
2025-11-07,966.317626953125,968.8753600783504,958.8904800750938,964.0550607577244,15004568
2025-11-10,968.4818725585938,974.8269410200376,964.2518469316628,966.3176552483678,15988262
2025-11-11,975.564697265625,977.3353986115102,962.0875891716729,967.4981021987119,10200530
2025-11-12,973.4005126953125,982.7459446009269,971.629811290036,982.549186657653,13137263
2025-11-13,970.596923828125,973.9907432290495,966.6127705451346,967.990016129637,14124839
2025-11-14,973.4988403320312,975.5155341538173,960.169315545859,960.169315545859,21386965
2025-11-17,980.3357543945312,981.7129998984626,969.5639028977658,975.121999344663,18396408
2025-11-18,976.302490234375,982.7459073482096,973.8923406153428,981.4178963551165,20002640
2025-11-19,978.41748046875,980.3357652840727,967.9899702531849,973.8923481205824,19813847
2025-11-20,992.4356689453125,995.1409255797437,976.3025381325072,979.106143718625,19850865
2025-11-21,981.8114013671875,991.8946306513916,980.3358068377918,986.7792242744008,17499897
2025-11-24,982.8934936523438,994.9933562138265,977.4337461176169,983.7296398293618,32204053
2025-11-25,973.6956176757812,989.7303993265384,972.3184321597589,987.6645910314578,24989383
2025-11-26,987.5662231445312,990.566586579224,965.3338969506472,965.3338969506472,19494356
2025-11-27,993.0750732421875,1000.2562876177888,984.7133712881919,985.7954498771661,25536848
2025-11-28,991.2059936523438,995.583602701878,987.8613487922537,990.615779865885,15988807
2025-12-01,985.7954711914062,1000.9449320171519,983.0410401436599,1000.9449320171519,16746566
2025-12-02,973.6956176757812,978.2208101938114,968.9737272569581,971.9249162739843,27316662
2025-12-03,984.2214965820312,985.9921979107919,969.957416921422,969.957416921422,15448777
2025-12-04,980.9752197265625,988.3531921071142,976.8435431850351,983.7296507402166,14528169
2025-12-05,986.9759521484375,991.5994935414243,974.0891176678615,975.8598190407668,12843366
2025-12-08,986.7791748046875,990.1238795871441,981.2703128546212,983.7296369469886,12901022
2025-12-09,980.8768310546875,986.4841021884776,977.82729309106,978.7126738119038,15294322
2025-12-10,973.6956176757812,982.2540778335763,969.2688341502419,981.2703481612342,15322830
2025-12-11,984.0247802734375,986.3857555063869,972.4167821359742,973.892376646044,11844809
2025-12-12,985.2052612304688,988.3532081724247,981.9589653386773,986.6808557305643,11988618
2025-12-15,979.89306640625,985.5003373398883,975.8597989154725,975.8597989154725,9790060
2025-12-16,978.1223754882812,982.4508099496376,973.9906989646398,973.9906989646398,20049088
2025-12-17,967.989990234375,979.7947462128429,964.8420432983647,979.7947462128429,19080922
2025-12-18,963.7599487304688,971.334679033018,957.464054962666,957.464054962666,14912404
2025-12-19,969.465576171875,971.9249003123414,962.7762265182249,970.9411706561548,25952384
2025-12-22,971.6298217773438,976.745228147207,967.8916609831689,971.9249286743926,13540411
2025-12-23,980.3849487304688,982.647574967353,971.6297908389565,974.3842218605324,17927849
2025-12-24,980.9752197265625,983.1394369666097,976.8435431850351,976.8435431850351,13699996
2025-12-26,975.9581909179688,980.9752483081762,971.6298163538564,979.7947606844748,9360853
2025-12-29,975.564697265625,981.1719682293385,971.1379138798658,976.9418827381613,13545749
2025-12-30,974.7777709960938,978.8110386964976,966.219310709625,974.0891482066822,33155849
2025-12-31,975.0728759765625,981.3687099365719,971.531413084593,974.8761180311038,10963454
