Price,Close,High,Low,Open,Volume
Ticker,HEROMOTOCO.NS,HEROMOTOCO.NS,HEROMOTOCO.NS,HEROMOTOCO.NS,HEROMOTOCO.NS
Date,,,,,
2020-01-01,1934.7008056640625,1958.5609618807384,1930.5650840880617,1952.476505540817,314519
2020-01-02,1932.2354736328125,1950.1703992964747,1922.3733518934373,1946.830015750846,546945
2020-01-03,1934.541748046875,1947.784056880593,1920.7425469034838,1924.7192395471764,544720
2020-01-06,1883.48095703125,1931.8375809261343,1877.0388311183913,1931.8375809261343,624665
2020-01-07,1867.4949951171875,1908.7331884795117,1858.7064640155513,1891.3153493491575,620687
2020-01-08,1843.2366943359375,1865.1085020752653,1837.6693250931996,1846.7759116625066,595883
2020-01-09,1872.664306640625,1880.9755551424132,1850.0369651187257,1861.887431115598,732115
2020-01-10,1879.7425537109375,1899.0295104348945,1869.8406291968208,1874.6126597264597,578287
2020-01-13,1882.366943359375,1895.2115793836097,1870.9141493762852,1895.2115793836097,434063
2020-01-14,1917.8795166015625,1923.7651390354192,1877.8343326286968,1882.566558696313,787340
2020-01-15,1969.4969482421875,1972.8771371793039,1919.947316282039,1924.6795419591106,1051367
2020-01-16,1936.251708984375,1968.4231146466784,1930.2866698316197,1968.4231146466784,590255
2020-01-17,1951.7608642578125,1968.3833628158163,1925.9919720816486,1944.602817078383,457663
2020-01-20,1921.2198486328125,1956.2543558660818,1916.8454866770678,1951.760770799505,320280
2020-01-21,1907.7781982421875,1918.8731301861535,1888.9287168291337,1916.7655610771421,568473
2020-01-22,1908.0570068359375,1916.7659252131148,1892.1104299095437,1915.7319462525907,346888
2020-01-23,1932.4736328125,1936.5299366484796,1892.9055442303734,1906.4262981177333,315469
2020-01-24,1963.4124755859375,1968.30392427724,1930.366313469493,1940.6261033131289,519690
2020-01-27,1953.1527099609375,1987.1534341188647,1928.7358544882647,1953.3515446051358,897656
2020-01-28,1963.571533203125,1995.464490545349,1940.6259398105892,1953.947859684289,904634
2020-01-29,1977.490478515625,1996.3001613300746,1964.4866129423444,1975.62135487805,787135
2020-01-30,1974.2681884765625,2005.8430783532747,1959.7134595806776,1977.9664336911658,797868
2020-01-31,1989.8175048828125,2005.7638848733818,1982.0231495274788,1994.7087584988376,574957
2020-02-03,1889.843505859375,1963.6907635180746,1875.4081897025596,1901.6543602963613,1507692
2020-02-04,1958.1634521484375,1976.0983765340789,1909.448962570462,1918.3567161155418,1187298
2020-02-05,1887.537109375,1971.5645448645917,1865.5062715935655,1966.076786842937,2176980
2020-02-06,1917.7999267578125,1930.2867034333888,1873.022326570099,1904.8358692719266,1632634
2020-02-07,1943.369873046875,1985.1649512193342,1925.7930082126202,1972.4395348653643,2709754
2020-02-10,1897.4388427734375,1954.5043747998436,1889.0479835500018,1948.1814731523593,949025
2020-02-11,1905.9888916015625,1943.2903834061344,1900.8589971595966,1920.7424594729814,680119
2020-02-12,1927.1446533203125,1932.6722160911243,1908.8120652751845,1916.7654488804978,467714
2020-02-13,1915.9307861328125,1941.6600662300852,1909.6078834128791,1923.9239774992732,514501
2020-02-14,1874.2152099609375,1938.8762700433642,1869.920459651173,1927.9005597052037,798770
2020-02-17,1867.5494384765625,1909.7938346462302,1856.2623942925068,1909.7938346462302,818134
2020-02-18,1842.439453125,1867.4262987050745,1819.8246336183493,1867.4262987050745,839607
2020-02-19,1841.5811767578125,1863.1736270668625,1821.5017195498378,1859.9020315847433,729471
2020-02-20,1832.297607421875,1861.5374866609475,1828.3716536295387,1854.176398181181,886179
2020-02-24,1786.4547119140625,1815.7355320520926,1778.9300820780636,1815.7355320520926,808263
2020-02-25,1786.4136962890625,1810.828056874602,1769.9740491864595,1791.3620242761583,861921
2020-02-26,1752.38916015625,1795.2879134127215,1747.031882938302,1783.0194310887166,972076
2020-02-27,1725.970947265625,1765.5571694174107,1718.405383345612,1756.7647572941526,1093297
2020-02-28,1678.1239013671875,1725.7665075592863,1663.5652624569989,1701.229542996832,1879071
2020-03-02,1615.7183837890625,1725.7667235621632,1603.8997843153563,1717.587734350968,1207967
2020-03-03,1680.659423828125,1688.0205130052411,1616.168023775685,1616.168023775685,1689926
2020-03-04,1673.7073974609375,1695.7907676471596,1636.2067527876754,1693.0507264536307,976550
2020-03-05,1688.0614013671875,1711.9442081658308,1678.5738942652183,1686.2620637859814,899516
2020-03-06,1667.123046875,1679.5141329517,1612.07842156496,1612.07842156496,606826
2020-03-09,1599.8509521484375,1645.203399664827,1566.521576788586,1631.708069764519,844134
2020-03-11,1665.282958984375,1676.5290679389236,1594.00305571513,1609.6249034583059,1848085
2020-03-12,1559.8966064453125,1618.5808474152645,1467.1060242488022,1599.8101092296347,2248848
2020-03-13,1540.88037109375,1589.177334128669,1255.4746309251193,1440.3197557388503,1184611
2020-03-16,1458.7225341796875,1509.0233112203664,1452.0158038440625,1486.9400432512878,883109
2020-03-17,1505.87451171875,1556.9522557813152,1436.516648193523,1458.3136728627055,1236906
2020-03-18,1375.0108642578125,1521.2920741032099,1362.619674976316,1505.7519937763493,1118487
2020-03-19,1400.61083984375,1463.221036483873,1277.5170634374767,1347.8972991198561,1276786
2020-03-20,1485.0589599609375,1509.5959264184592,1369.9806272116293,1410.8755713074988,1244977
2020-03-23,1321.7244873046875,1368.4674246302611,1243.2062009301515,1336.569370790606,750837
2020-03-24,1330.762451171875,1434.6764469799375,1206.4008829305938,1349.5331910749014,1488860
2020-03-25,1363.968994140625,1376.932670535917,1247.5411164843924,1275.9221657475678,1027510
2020-03-26,1473.7718505859375,1495.0780541739937,1345.9342296929565,1382.1671860489582,1448305
2020-03-27,1358.693359375,1497.0409524792376,1341.8446651451718,1484.4862266736723,1514916
2020-03-30,1270.605712890625,1341.3539550309786,1261.4452867927296,1337.2644612656402,1250949
2020-03-31,1305.7344970703125,1336.242162194132,1280.0116197911657,1302.9127861516465,1456425
2020-04-01,1341.0679931640625,1347.3657749539404,1280.0118184072633,1300.541061469074,1641556
2020-04-03,1293.9569091796875,1327.4498269850806,1262.1406241038017,1316.8580768664294,1592821
2020-04-07,1447.0267333984375,1463.2211719964678,1327.981605162235,1333.1752433506108,1374508
2020-04-08,1489.925537109375,1540.7579732334693,1390.4281168939908,1392.063914678572,1376705
2020-04-09,1628.3546142578125,1646.7573358267086,1515.5663585406573,1536.9544304656276,2416795
2020-04-13,1569.5888671875,1655.0183642648512,1544.23400220494,1596.538595030882,1560999
2020-04-15,1491.92919921875,1614.5322507949695,1481.7872340074284,1586.7236912574674,1537624
2020-04-16,1458.02734375,1478.311174474302,1433.408609366099,1472.2178682339106,1453445
2020-04-17,1501.5804443359375,1533.5602678192965,1482.032642820568,1504.8928746097292,1327762
2020-04-20,1477.002685546875,1537.6089731228271,1461.626246371542,1533.5194786866473,2291195
2020-04-21,1494.750732421875,1504.0338622223032,1437.8658408193282,1460.030874483752,1650618
2020-04-22,1543.9066162109375,1558.0971397464334,1469.6823036482137,1472.2177698391497,2737381
2020-04-23,1525.38134765625,1573.187495264291,1517.202359196967,1554.00780726374,1882834
2020-04-24,1549.7548828125,1586.2331539527045,1504.9339829490686,1506.9787302085103,1711725
2020-04-27,1582.7978515625,1594.084895892667,1551.9221692536503,1561.3689411283228,1322269
2020-04-28,1589.2593994140625,1613.5510576696802,1566.7671787187749,1595.148331646263,1056981
2020-04-29,1611.465087890625,1650.92870443204,1587.5415483292493,1608.1934927369327,1836009
2020-04-30,1772.141357421875,1797.8235005280167,1615.3501914352353,1649.7837122565836,2785165
2020-05-04,1636.3701171875,1697.099104125299,1623.529145744525,1677.510467467013,1328847
2020-05-05,1607.4573974609375,1677.510450121977,1590.935881525894,1663.6061704281333,1318956
2020-05-06,1657.67626953125,1683.9716341213482,1581.202737422617,1620.2574022160634,1881161
2020-05-07,1636.04296875,1677.8374765776487,1622.2204594067,1635.7975591796592,1112730
2020-05-08,1605.208251953125,1668.5136424740504,1598.9922407042982,1668.5136424740504,1139464
2020-05-11,1708.3043212890625,1746.0504723213219,1627.6186811157309,1648.066151984019,4445410
2020-05-12,1729.2835693359375,1745.3961366591639,1652.1556682528167,1711.8622839867057,2919966
2020-05-13,1789.235595703125,1852.5408865219335,1756.8467215227874,1799.25485656842,3253820
2020-05-14,1833.19775390625,1844.3619938631261,1732.8823354062383,1746.9910912351247,2570474
2020-05-15,1794.10205078125,1839.4545017847402,1774.8404930515278,1839.4545017847402,2080650
2020-05-18,1693.50048828125,1814.508582093116,1684.994220509817,1796.9237569792995,1803530
2020-05-19,1695.913330078125,1740.4478842206308,1687.1618519862186,1733.1277291707484,1389745
2020-05-20,1655.10009765625,1691.2512868350182,1628.7228596678187,1684.0537369978315,2782627
2020-05-21,1733.5364990234375,1742.1244363859032,1652.1555687791197,1670.9672410969017,2636698
2020-05-22,1758.973388671875,1766.579688412578,1704.3786391311287,1733.127704521971,2241339
2020-05-26,1728.7515869140625,1774.758390905626,1718.4052477559944,1765.0254758007786,1513568
2020-05-27,1779.4615478515625,1788.7447796444624,1730.0605373310236,1738.0350510948708,1403554
2020-05-28,1879.61328125,1909.7936666008713,1771.6913766184966,1797.41445320144,3727629
2020-05-29,1930.9365234375,1956.3321222415984,1840.2723586929612,1860.7198293451054,3368722
2020-06-01,1902.67822265625,1962.1394318637986,1891.2685731077254,1930.8547994049447,2028590
2020-06-02,1896.09423828125,1956.046271171897,1866.3635316158877,1930.1596496298798,2408304
2020-06-03,1881.3310546875,1939.238338124265,1873.642884717182,1921.0810220479316,1562885
2020-06-04,1905.0906982421875,1915.2325630545477,1850.945839939461,1864.8091840687723,1532156
2020-06-05,1914.4149169921875,1933.4720006673426,1887.7105986647755,1917.0730883291287,1138282
2020-06-08,1950.1160888671875,1995.509470872663,1926.1516148269322,1929.4232099264261,2354805
2020-06-09,1952.5699462890625,1987.0852374999502,1938.420256379865,1950.6887390151805,1980625
2020-06-10,1874.82861328125,1957.3545262450832,1866.6086900146595,1952.324528259284,3106338
2020-06-11,1889.3052978515625,1917.972690799768,1881.1672447076617,1894.2536255404107,2056461
2020-06-12,1964.470703125,1975.2259946098682,1824.487175871491,1833.7294740850205,3296719
2020-06-15,1920.549072265625,1958.8267777345682,1894.2537045558847,1958.8267777345682,1416097
2020-06-16,1959.644775390625,1992.1562557676161,1930.2413506842552,1946.5993282324268,2145404
2020-06-17,1932.9404296875,1954.7782894702182,1914.7012450417492,1944.3500789301575,1731506
2020-06-18,1934.28955078125,1946.5989665355091,1915.6823547776016,1930.4454667081661,1087739
2020-06-19,1926.84716796875,1948.8895029815274,1907.5446744111287,1942.5098517424935,3602756
2020-06-22,1973.2628173828125,2001.4803273074128,1931.0591574487376,1939.3607507855054,3042752
2020-06-23,1978.3746337890625,1999.7216731078508,1967.5374744615356,1999.7216731078508,996657
2020-06-24,2039.6766357421875,2081.5530260347805,1995.4691533470948,2003.8526183831875,3354520
2020-06-25,2093.57568359375,2114.2685648027555,2007.2464185064384,2022.6229570960172,3281309
2020-06-26,2077.8310546875,2118.889536253178,2069.9384108055388,2110.1789935365127,1351753
2020-06-29,2048.0595703125,2069.284004653009,2018.5742780567691,2069.284004653009,1131627
2020-06-30,2083.147705078125,2100.6508625377955,2054.5621765157025,2084.824437873617,1441648
2020-07-01,2083.556396484375,2106.1304847363617,2069.2841014130727,2090.549471625223,1336764
2020-07-02,2184.934814453125,2196.0583182097253,2085.641978188007,2085.641978188007,3353340
2020-07-03,2239.611083984375,2249.221393575105,2190.0056083953555,2191.9684853750114,2637811
2020-07-06,2266.357177734375,2272.9822394594444,2220.5957689515712,2249.467643379386,1716058
2020-07-07,2248.6494140625,2280.7110099845195,2230.9010484344485,2259.0366898250827,1223502
2020-07-08,2224.0302734375,2272.08182569946,2216.5056447644306,2257.4005828597155,974918
2020-07-09,2201.333740234375,2230.9825724739458,2180.968139479298,2228.774285595326,1383528
2020-07-10,2192.990966796875,2236.5440741094844,2185.0983239361512,2200.147580674534,1205528
2020-07-13,2199.902587890625,2220.0639151863456,2184.0763642979964,2209.921849217495,713590
2020-07-14,2136.2294921875,2193.31868021409,2129.808905437563,2185.4260350726454,921721
2020-07-15,2165.837158203125,2191.9689873509333,2131.567075494464,2131.567075494464,1188285
2020-07-16,2220.431884765625,2228.7744132751777,2137.2106750222306,2167.4319982309066,1607439
2020-07-17,2260.71337890625,2269.669331466922,2210.78061367751,2220.8408095696686,969122
2020-07-20,2339.313232421875,2350.1913266749048,2242.8421064456534,2260.7132755529406,1674943
2020-07-21,2346.674560546875,2360.2108273445924,2328.5581796961515,2339.354405292519,1289304
2020-07-22,2263.94384765625,2339.19053623442,2251.7163006987616,2339.19053623442,1349352
2020-07-23,2266.561279296875,2284.350579489328,2245.4187135901907,2269.6693348991507,1117663
2020-07-24,2241.615478515625,2286.0274287859324,2231.3100721702212,2251.6756749365554,701462
2020-07-27,2243.9873046875,2256.5828667675287,2198.8391296297223,2256.5828667675287,662841
2020-07-28,2323.85498046875,2331.0115950148484,2245.173155338398,2251.3483312546396,1836163
2020-07-29,2273.759033203125,2355.9169410671047,2264.2713257096225,2338.57752362807,1092469
2020-07-30,2231.6259765625,2302.6035602641505,2218.4621510469306,2288.614414007864,1497969
2020-07-31,2208.97119140625,2236.371802538238,2184.1702602791515,2232.4928349538227,1260570
2020-08-03,2171.6669921875,2285.973940401909,2162.9598161221143,2228.3664994866767,2281990
2020-08-04,2233.40087890625,2255.4369057574613,2178.888395339105,2198.448459589184,2033677
2020-08-05,2224.858154296875,2261.3785932573264,2205.25678875313,2244.211883345418,997234
2020-08-06,2232.03857421875,2255.6015210030273,2207.7329193864243,2242.396389522585,859485
2020-08-07,2233.483154296875,2244.872621868458,2203.6891937047103,2236.619413699824,854109
2020-08-10,2230.140380859375,2243.2217953260956,2207.0313998920715,2243.2217953260956,684596
2020-08-11,2238.9716796875,2290.2652883403407,2231.667509791813,2248.999247108983,1617202
2020-08-12,2289.43994140625,2307.5969993409785,2232.740441699851,2245.697938199858,1798834
2020-08-13,2318.8623046875,2327.4044548268794,2266.5783574233524,2302.644832967019,1299029
2020-08-14,2314.03466796875,2346.79986581757,2274.625596896906,2311.311068831407,2158769
2020-08-17,2415.87890625,2421.573740432736,2319.151352761107,2321.4622912050722,2723654
2020-08-18,2413.36181640625,2446.250931969912,2397.804639709187,2415.7140613616507,1530968
2020-08-19,2420.707275390625,2474.9721193950854,2411.1334732651053,2431.3538333884403,2016727
2020-08-20,2439.689453125,2446.993420895211,2387.363996468463,2403.334033642768,1185217
2020-08-21,2503.5693359375,2517.0221052520596,2440.5149075291656,2458.383022219146,2012976
2020-08-24,2488.383544921875,2538.274147515981,2476.82905359844,2506.4992963765353,1706107
2020-08-25,2450.99658203125,2519.6632361090115,2441.1753445631,2512.276654837318,1323587
2020-08-26,2608.6328125,2625.634502189725,2533.7349472039864,2566.747780392312,4651022
2020-08-27,2592.9521484375,2616.2674657585344,2564.6849053137685,2607.188935120256,1431518
2020-08-28,2524.903564453125,2611.3145982493024,2517.7644197655004,2574.2164744548304,1838010
2020-08-31,2480.955322265625,2549.333021136157,2447.983800709371,2533.7345405558663,1808588
2020-09-01,2472.330810546875,2537.2835104159244,2455.74178360385,2500.7630688348554,1357833
2020-09-02,2429.372802734375,2508.8099206309344,2373.74606629256,2504.807034611928,2809547
2020-09-03,2427.598388671875,2481.037907569409,2418.973827079169,2455.329246643461,1512714
2020-09-04,2405.97509765625,2456.5673017712,2366.6899494232302,2408.9876393999725,1508195
2020-09-07,2360.541015625,2422.233740462036,2353.8147322438404,2418.1897494650952,1476038
2020-09-08,2363.05859375,2396.0714274193056,2353.815040621464,2369.496136614384,1263479
2020-09-09,2396.7314453125,2409.9365772425963,2335.822733986066,2349.6881628115316,1995585
2020-09-10,2433.66455078125,2440.8034946393946,2383.7326456274504,2409.9365793238658,1629594
2020-09-11,2469.56591796875,2482.317082760577,2433.6644667425353,2433.9945144319468,1525239
2020-09-14,2499.484130859375,2508.1499995646823,2439.6483707513003,2488.3009933265143,1537220
2020-09-15,2506.623291015625,2518.6317504103517,2480.130611020356,2499.484345827861,915275
2020-09-16,2522.345703125,2562.621403485087,2496.30678833983,2503.1982984767374,1603512
2020-09-17,2526.306884765625,2556.843753349855,2500.7632471541688,2511.28608700414,914287
2020-09-18,2568.934326171875,2576.5274376001694,2537.9436959278073,2541.987686649755,1362732
2020-09-21,2521.644287109375,2578.6738402828178,2503.2395907792106,2576.6518443809423,826132
2020-09-22,2476.086181640625,2518.8791468264853,2442.949631260287,2508.9752969700244,1099375
2020-09-23,2440.267578125,2511.4515059556525,2414.0223331303046,2476.375367604316,1256820
2020-09-24,2408.533447265625,2433.8707525425702,2393.430038105613,2402.797508680062,1020064
2020-09-25,2477.61279296875,2488.4656798019164,2414.145710415478,2421.9449508939483,1263899
2020-09-28,2549.3330078125,2554.986535156836,2469.772173611187,2514.7521513762026,1422073
2020-09-29,2620.35205078125,2659.2247383459776,2562.208244778096,2562.620905149295,3394236
2020-09-30,2597.531982421875,2639.3757032724525,2587.380497110425,2639.3757032724525,1175373
2020-10-01,2600.957275390625,2640.201320944546,2568.150772574887,2612.1404128757385,1459005
2020-10-05,2582.59375,2665.786125100773,2553.707522638227,2661.659521191948,1374983
2020-10-06,2588.4951171875,2622.7870371597187,2572.525078212025,2593.6533724774663,849216
2020-10-07,2668.798583984375,2682.2513536239844,2589.898034637122,2591.507369934232,2071160
2020-10-08,2706.350341796875,2717.6160904523913,2670.448890696997,2682.292323554108,1414044
2020-10-09,2746.17236328125,2756.5714860118437,2696.3643736446743,2723.5586538440375,1358012
2020-10-12,2710.93115234375,2769.405210777733,2701.8939300130196,2765.4849370343004,1438726
2020-10-13,2713.6962890625,2726.0347955980806,2687.4097391217992,2709.9410388574925,847392
2020-10-14,2732.47216796875,2750.75294324509,2698.799038746078,2726.0346253756256,1188612
2020-10-15,2735.360595703125,2789.212774516186,2715.3878738981416,2733.4623176836467,1817305
2020-10-16,2761.894775390625,2801.8815282068963,2724.3839849963438,2735.938476298964,1461910
2020-10-19,2681.219482421875,2771.839741144952,2666.2399913948375,2766.5164626019573,1056638
2020-10-20,2672.05859375,2717.3686232251807,2666.1574293739623,2681.4671698887205,1198126
2020-10-21,2623.158203125,2707.0519741027438,2585.02822448944,2682.292352388389,2045833
2020-10-22,2543.2265625,2621.962102237313,2527.462851415879,2621.962102237313,1640304
2020-10-23,2567.614501953125,2602.195365391422,2550.1588448664866,2558.494666150718,1707899
2020-10-26,2391.73828125,2575.0007982306324,2372.797209908035,2575.0007982306324,4182675
2020-10-27,2403.292724609375,2457.722587930318,2356.7447147725766,2414.0632007268673,3089586
2020-10-28,2431.560546875,2504.8490876629926,2418.4793306910774,2471.836249604831,5321192
2020-10-29,2388.478271484375,2444.8890258402107,2381.050384669116,2422.3164225316655,2345545
2020-10-30,2310.732666015625,2416.95138738894,2300.1685219917963,2404.901625979929,3110768
2020-11-02,2340.321044921875,2383.526673073423,2320.802286939912,2383.526673073423,2671709
2020-11-03,2424.29736328125,2434.242519736837,2349.6884396825358,2360.4176106399905,2352020
2020-11-04,2449.552001953125,2457.8052095068756,2401.76601081464,2426.443020802624,1868196
2020-11-05,2430.033447265625,2472.5785745215007,2415.5490265143576,2467.709262260596,1195194
2020-11-06,2430.941162109375,2461.9319991117786,2414.2284155515426,2428.91916640495,1182126
2020-11-09,2438.2041015625,2466.884000870039,2418.1900711104763,2451.202904845773,1175877
2020-11-10,2435.727783203125,2465.232999043705,2412.3711664486414,2465.232999043705,1352612
2020-11-11,2525.60546875,2537.861563728671,2437.337445881135,2459.4560845240458,2829916
2020-11-12,2546.774658203125,2558.49417185275,2506.498967715097,2525.4813438288434,2093558
2020-11-13,2582.34619140625,2587.298116246297,2534.642809975931,2549.4159718176707,1274593
2020-11-14,2571.45166015625,2605.496138971211,2556.843524090875,2605.496138971211,199281
2020-11-17,2501.794921875,2598.1098166468737,2476.7876619305175,2596.789222800528,1933560
2020-11-18,2461.931884765625,2516.3617498641083,2429.4967378387705,2510.502093227406,1956934
2020-11-19,2466.47119140625,2588.8249990441877,2455.4530782151505,2499.896683543427,4282399
2020-11-20,2474.847900390625,2491.601951332299,2447.6123165870417,2475.136843240814,1531471
2020-11-23,2525.275634765625,2537.036457641811,2461.106934511347,2496.2656856021104,1653325
2020-11-24,2537.159912109375,2566.45880114898,2510.3369855238207,2522.1804198601017,1517541
2020-11-25,2483.18359375,2554.2437848327663,2476.787358485667,2541.575031808268,1110258
2020-11-26,2496.2236328125,2516.93906040151,2456.236887289573,2482.564535643659,859782
2020-11-27,2565.798828125,2573.804400142908,2502.3728396360884,2516.4032942118843,3266924
2020-12-01,2566.953857421875,2583.1713295283785,2537.902607380333,2575.0007347178685,1503427
2020-12-02,2580.1181640625,2622.1271188795295,2551.066908605016,2569.223968452739,1748207
2020-12-03,2591.38330078125,2613.7906773639575,2579.5398680458,2604.71214959288,974736
2020-12-04,2624.891357421875,2642.6770600078007,2599.760380707237,2600.585701463017,1089915
2020-12-07,2619.609130859375,2655.8406279228766,2587.8755911793287,2624.4371359153693,991744
2020-12-08,2614.574951171875,2644.9881028205077,2603.5981443878804,2620.393503028648,644753
2020-12-09,2633.35107421875,2644.327881315839,2604.836199868864,2620.3522714313826,669455
2020-12-10,2636.322265625,2647.4227900603896,2612.965646740299,2624.520137913503,559968
2020-12-11,2628.894287109375,2673.6266325126817,2615.441518269081,2641.026462120877,1276394
2020-12-14,2569.75927734375,2652.5802760181314,2562.6203351077465,2652.5802760181314,1421591
2020-12-15,2568.687255859375,2587.3806912607015,2542.895981026234,2544.092655879625,1058918
2020-12-16,2572.937255859375,2595.6335748765787,2562.6207472151914,2583.3363771704358,1025407
2020-12-17,2568.934326171875,2605.950039154741,2559.360727209648,2587.3803239113577,969196
2020-12-18,2587.628662109375,2594.8089136517146,2559.3201148963,2559.3201148963,1109264
2020-12-21,2471.093017578125,2602.1126908507736,2430.528380515538,2598.1098044869163,1397172
2020-12-22,2516.48583984375,2525.481756351972,2393.9256957854927,2492.4689229356063,1073505
2020-12-23,2509.016357421875,2536.6232958923615,2485.8660703522996,2514.422248570941,711716
2020-12-24,2536.29296875,2545.04124673872,2500.7215681563926,2513.101377899741,640601
2020-12-28,2544.134033203125,2578.302234457677,2527.7100280345276,2555.19325156241,742559
2020-12-29,2537.0361328125,2563.446398346007,2526.306962439513,2555.193190366786,478502
2020-12-30,2559.649658203125,2565.0555493400448,2530.103336955469,2541.9878749940763,505754
2020-12-31,2566.747314453125,2573.184856055116,2546.1142974559134,2564.2713524134597,605742
2021-01-01,2560.681640625,2575.661334867036,2552.7173750638744,2570.8744336643936,408952
2021-01-04,2512.152587890625,2578.260657553411,2506.70539046778,2568.3981151158882,1599835
2021-01-05,2531.424072265625,2537.325237243101,2501.547497777446,2518.879235637336,1150326
2021-01-06,2544.91796875,2577.9721067720975,2513.927132708129,2543.0609969677957,1370394
2021-01-07,2521.561279296875,2570.6678650486674,2504.023212956949,2553.5424590932107,880259
2021-01-08,2608.921875,2612.9245603109907,2528.0404299804113,2533.7350633687433,1576465
2021-01-11,2639.128173828125,2661.5768583703184,2597.325757617046,2608.838942006885,1596027
2021-01-12,2680.84814453125,2719.43188985776,2624.8913569994997,2632.7732105147966,1586336
2021-01-13,2687.90478515625,2738.4143771299427,2654.8093409289477,2690.545771381439,1424073
2021-01-14,2695.992919921875,2719.4319492968384,2672.4299715342613,2694.672326086245,803208
2021-01-15,2643.50244140625,2699.50053656827,2619.5681389395686,2682.2925178177684,1199320
2021-01-18,2610.61328125,2655.5108514880803,2543.8449123674714,2641.0264318520267,1280163
2021-01-19,2668.179443359375,2674.658292017691,2616.6795077812512,2616.6795077812512,770832
2021-01-20,2703.4208984375,2717.3687393874184,2666.0338258245097,2673.214076499878,841752
2021-01-21,2680.06396484375,2761.5230781040227,2657.285032794838,2703.4205810871267,1300181
2021-01-22,2785.374755859375,2875.3760186879854,2689.637554452215,2694.6720913308336,3813020
2021-01-25,2867.948486328125,2905.252946354022,2770.643244176087,2820.9052005203466,2266967
2021-01-27,2771.881103515625,2875.4175534820647,2748.276848971399,2847.3566473918268,1333633
2021-01-28,2803.945068359375,2858.994132078977,2744.3156349655587,2755.705103372868,1986409
2021-01-29,2687.285888671875,2876.243049578455,2662.815005531368,2822.51458375043,1718833
2021-02-01,2757.107666015625,2773.7379999229374,2655.2631666866664,2723.5584583311834,1285163
2021-02-02,2718.48291015625,2806.0906296579874,2691.3710421513815,2806.0906296579874,1751516
2021-02-03,2790.244384765625,2824.2475587923736,2697.148165439356,2720.711112752692,1077971
2021-02-04,2839.681396484375,2901.0027756831764,2809.4747743966295,2839.9290330372146,2425660
2021-02-05,2830.190185546875,2938.142191768007,2778.0299487334582,2888.6229413449505,2719249
2021-02-08,2884.496337890625,2894.317575296005,2818.800718381272,2870.465883600456,1004959
2021-02-09,2888.168701171875,2919.984856855643,2852.5974972153117,2856.4351581620635,1543021
2021-02-10,2920.76904296875,2945.363643428506,2876.4493557293727,2880.369629580521,1477082
2021-02-11,2922.87353515625,2933.1900448807883,2866.7930285925245,2908.430421541896,757116
2021-02-12,2901.62158203125,2954.6484430553583,2891.016129228695,2918.293021774204,566161
2021-02-15,2918.168212890625,2952.4832582032504,2906.8843293050904,2937.9994028943465,809861
2021-02-16,2914.926513671875,2934.9260814155637,2890.0427998458795,2922.042108235781,759332
2021-02-17,3018.0400390625,3027.302996771676,2911.305503640856,2916.526402323041,1946207
2021-02-18,2966.546630859375,3055.976240014745,2952.35738094918,3014.3770138045015,1701157
2021-02-19,2854.4228515625,2966.5468820928418,2837.8337753582105,2966.5468820928418,995322
2021-02-22,2875.010986328125,2890.842261600268,2821.117423248576,2863.095538601057,921345
2021-02-23,2867.685546875,2930.084284814969,2843.7703548588,2875.0116637147203,1069537
2021-02-24,2898.126708984375,2947.304507677419,2821.917835285859,2896.7792875458063,823330
2021-02-25,2892.063720703125,2913.621231704559,2864.9907039210507,2905.200361092696,897962
2021-02-26,2714.888671875,2883.011270576612,2694.5102062123287,2867.3064291980068,1880371
2021-03-01,2821.15966796875,2831.9805675465773,2736.782596421229,2740.993031184954,1176879
2021-03-02,2927.431884765625,2938.8843530181957,2822.2552748253534,2822.6763184289375,1402320
2021-03-03,2883.60107421875,2956.4835490396267,2858.0436482230534,2955.7257528765226,965062
2021-03-04,2879.811767578125,2913.6214837747166,2836.3599892266443,2861.4120814643024,934953
2021-03-05,2915.052490234375,2940.14672363728,2858.04324216667,2875.727068944955,1017875
2021-03-08,2916.947265625,2938.4626299103793,2882.211176361838,2915.0104243788574,749107
2021-03-09,2904.232177734375,2938.883979672233,2876.9905778080756,2917.8739476399614,564852
2021-03-10,2879.390380859375,2926.2524420487775,2869.706379972019,2904.358179173017,787897
2021-03-12,2821.454833984375,2879.095652000936,2787.308162656653,2825.2020802758525,1098158
2021-03-15,2748.698486328125,2837.3281523487663,2730.8884266502555,2829.4126159558614,781236
2021-03-16,2741.035888671875,2778.887665912755,2735.0991329953417,2778.003433265154,523881
2021-03-17,2686.720703125,2761.118965783715,2673.6262092346838,2742.6773428275164,991815
2021-03-18,2616.532958984375,2709.5835822179165,2587.1442018452285,2709.5835822179165,1472097
2021-03-19,2626.595947265625,2637.4589944213685,2556.5764857618615,2597.8387544714565,1554560
2021-03-22,2606.9755859375,2647.479854505715,2594.596740360573,2637.0802015543295,619756
2021-03-23,2583.0595703125,2637.416323982084,2577.2492526000833,2617.1219462783306,944310
2021-03-24,2554.765869140625,2598.638480925819,2545.629142447884,2583.5230595534595,975533
2021-03-25,2477.125,2568.02845093426,2464.87279931908,2554.1340162269094,1075251
2021-03-26,2473.88330078125,2511.7772168697747,2468.1570678992316,2502.6826358909984,611318
2021-03-30,2495.81982421875,2506.3459125075624,2456.03121048704,2471.483384742419,899455
2021-03-31,2453.50537109375,2494.2623097197225,2443.7370772473446,2488.8730338244145,1212659
2021-04-01,2489.2939453125,2530.429779881248,2469.8416496079594,2483.3150442188453,1067722
2021-04-05,2431.020751953125,2503.4823756616297,2413.9265512100224,2493.4194776511827,1152927
2021-04-06,2431.9052734375,2465.630901164194,2415.1056777796816,2442.052463584755,788062
2021-04-07,2477.083251953125,2483.230322708372,2421.042319842687,2425.210609460167,649751
2021-04-08,2465.630859375,2518.1350686872593,2453.336306324748,2500.156428102587,953450
2021-04-09,2452.915283203125,2482.472620862982,2443.020760375737,2465.6308798801933,557093
2021-04-12,2346.138427734375,2433.5890301921104,2308.244516694761,2420.1577850633716,859305
2021-04-13,2412.874267578125,2424.3686738453134,2335.3179662179627,2357.001708264339,714921
2021-04-15,2410.5166015625,2433.631852609018,2374.6857523728136,2401.6325410522213,683426
2021-04-16,2437.71533203125,2463.06202423695,2390.0531315039016,2390.0531315039016,709663
2021-04-19,2345.67529296875,2376.8325094317447,2309.928743846975,2325.2968303456146,740714
2021-04-20,2377.801513671875,2398.980129464533,2358.559945085919,2392.5801847028433,740095
2021-04-22,2400.91650390625,2427.358161658947,2315.7394777155255,2318.5184062063176,1436707
2021-04-23,2411.779296875,2419.9896450685146,2367.990773176256,2373.0011496742563,682515
2021-04-26,2412.20068359375,2423.863466770372,2383.1065326867006,2408.411291580644,831133
2021-04-27,2446.68408203125,2474.894000030922,2417.000511598759,2421.0004253449815,811184
2021-04-28,2464.157470703125,2533.840180895584,2454.726135939627,2465.6311231845366,1389833
2021-04-29,2408.453125,2495.7775062924297,2399.990109483048,2495.7775062924297,1009327
2021-04-30,2373.969970703125,2408.3693139433,2362.0545194443903,2387.14875830861,670258
2021-05-03,2352.1591796875,2398.263436409201,2329.759586424193,2340.9593830558465,668727
2021-05-04,2338.265625,2374.4753744823083,2329.84475302737,2352.7916291527868,642256
2021-05-05,2347.906982421875,2357.843650351601,2330.8968657761543,2346.8122281809674,365152
2021-05-06,2453.252197265625,2460.5783133438817,2359.654100084089,2373.0012618080286,2249529
2021-05-07,2409.042724609375,2522.0507679873,2374.6855311266063,2483.2726173987107,2287493
2021-05-10,2388.41162109375,2424.3686982165245,2383.1064313833845,2409.04275451032,781259
2021-05-11,2390.137939453125,2394.600836495229,2358.7701958058046,2383.5274736574825,684120
2021-05-12,2391.653564453125,2406.6849012322778,2370.475156392184,2391.3589573244694,486996
2021-05-14,2368.24365234375,2401.548031475162,2360.159534240801,2391.6535084077,518143
2021-05-17,2403.9482421875,2428.9160434381483,2368.7911043956346,2387.3170213158987,926624
2021-05-18,2447.905029296875,2458.641639712528,2405.4639221241832,2422.0108512355932,1288013
2021-05-19,2454.6845703125,2479.0629574318486,2437.0007363582763,2454.6845703125,717841
2021-05-20,2412.66357421875,2456.199431511592,2409.84250050062,2451.6100984253208,637388
2021-05-21,2428.915771484375,2433.715832073693,2387.3167540197633,2420.158148519506,1658538
2021-05-24,2442.431396484375,2495.6934035620084,2435.31580187375,2458.89423978954,1587246
2021-05-25,2467.06201171875,2479.8197519264545,2448.2834322600124,2463.0199533797977,501532
2021-05-26,2496.535400390625,2515.103460695681,2459.3151944293086,2477.4200657459423,817054
2021-05-27,2518.93505859375,2550.2185105743247,2471.6517469179194,2500.9985631345457,2097924
2021-05-28,2519.145751953125,2554.386974390652,2489.672702905225,2547.313524854226,1077246
2021-05-31,2532.5771484375,2538.8928021742518,2492.5780081047383,2516.9985358868453,662303
2021-06-01,2506.682861328125,2572.576179174409,2497.630424691096,2540.1558247069083,971553
2021-06-02,2503.188232421875,2520.36672727885,2477.504575495044,2502.6828979193924,793261
2021-06-03,2533.29296875,2538.050678928977,2494.2621469766523,2512.7880643410977,851280
2021-06-04,2567.01806640625,2572.575923139749,2530.3453400571498,2530.4715708788694,1023321
2021-06-07,2570.260009765625,2590.7649101636093,2560.576009401204,2581.207140612362,612460
2021-06-08,2573.375732421875,2591.943791931899,2560.239298544399,2575.102051893355,555729
2021-06-09,2546.05029296875,2602.0490839336653,2535.1874518437053,2573.375977667931,845692
2021-06-10,2533.83984375,2563.228598519551,2525.418973548106,2559.060308887143,567660
2021-06-11,2529.9248046875,2558.260957215522,2522.0512069981855,2542.2613001427453,467264
2021-06-14,2514.17724609375,2540.534613212889,2478.2623138250333,2534.6821490361367,489598
2021-06-15,2532.197998046875,2547.313420033341,2502.935471982029,2513.629936793231,454939
2021-06-16,2505.545654296875,2538.7661519343646,2500.998466592677,2532.99777357265,444814
2021-06-17,2453.926025390625,2491.693507319426,2443.7366895567866,2481.6306078993284,782315
2021-06-18,2434.7685546875,2479.9464441774317,2401.6323459402497,2453.926035707886,904203
2021-06-21,2437.71533203125,2452.9991269517714,2412.5789559618347,2416.7893904399534,577938
2021-06-22,2447.9892578125,2477.4623052607117,2439.1473435780363,2442.8945899217765,522538
2021-06-23,2465.92578125,2522.0508028581717,2459.7363589812085,2491.6935225276043,1911546
2021-06-24,2447.905029296875,2475.736048785965,2436.5789990347585,2475.736048785965,844653
2021-06-25,2475.062255859375,2483.567417435576,2443.6945127447893,2448.7891805963686,631005
2021-06-28,2478.809326171875,2491.230109476277,2466.8095863693175,2490.0512699061724,407079
2021-06-29,2465.2099609375,2490.5147191604724,2454.6838722913108,2478.809585233309,470337
2021-06-30,2444.241943359375,2467.315046197972,2439.862926247532,2463.104610965552,758083
2021-07-01,2460.99951171875,2481.630645349925,2446.262987696482,2446.262987696482,634751
2021-07-02,2458.76806640625,2500.1144190790633,2448.073395917322,2492.5777807581558,928741
2021-07-05,2474.093505859375,2485.756286299,2463.1885214094636,2473.1249825529344,480881
2021-07-06,2458.262451171875,2487.524974141207,2452.494073042143,2473.2094952785123,452807
2021-07-07,2453.29443359375,2460.578404472541,2434.64208174729,2458.052143276984,668763
2021-07-08,2442.388916015625,2471.3989760138447,2433.7575247481896,2451.3151199516365,524837
2021-07-09,2439.357177734375,2458.5987385062576,2421.8838759583464,2442.3885669790984,328728
2021-07-12,2440.536376953125,2463.9464354684733,2437.9260307397626,2453.841391987399,392467
2021-07-13,2445.505126953125,2458.05214198272,2438.9368067306027,2458.05214198272,317264
2021-07-14,2442.64208984375,2458.894412523513,2438.6843214616756,2458.894412523513,429264
2021-07-15,2429.126708984375,2453.336715483451,2426.9374056622905,2450.473701297767,349469
2021-07-16,2446.01025390625,2449.336456691821,2425.210744541086,2431.1053539896234,459445
2021-07-19,2431.189453125,2437.336523737664,2416.8739741650993,2430.2630751925362,338468
2021-07-20,2390.68505859375,2441.2102799800214,2381.4221013396,2431.947322725872,481836
2021-07-22,2419.886474609375,2427.346707729372,2392.5606648076487,2417.158202413398,613062
2021-07-23,2417.115478515625,2441.8408220348324,2405.1791057822143,2429.9471208348054,430659
2021-07-26,2396.013916015625,2416.135315323054,2394.0955702061647,2412.852729231997,313614
2021-07-27,2382.031494140625,2409.6555917450873,2379.1752069932477,2405.8615714976568,427442
2021-07-28,2368.261474609375,2392.3473686345696,2354.0231293296683,2384.119881016692,415048
2021-07-29,2340.978515625,2374.3151839426923,2336.1187481810825,2374.3151839426923,611448
2021-07-30,2355.984130859375,2388.979632330392,2340.9783225696506,2356.5809078376888,745920
2021-08-02,2372.098388671875,2384.54640417495,2357.6468925290706,2361.782076569472,464874
2021-08-03,2403.5595703125,2406.032021729563,2373.8891125385026,2373.8891125385026,530085
2021-08-04,2391.963623046875,2416.5184864005905,2388.1269321526634,2414.386991459362,308031
2021-08-05,2403.303466796875,2414.3018985717586,2374.4856105745766,2392.39016993618,316844
2021-08-06,2416.092529296875,2430.7998464724838,2397.2500280886197,2412.852614896989,445529
2021-08-09,2418.223876953125,2443.460654195848,2408.58947741271,2429.9044285402565,422204
2021-08-10,2384.759765625,2424.661401822521,2378.748906863982,2424.661401822521,574570
2021-08-11,2371.5869140625,2399.9358003596426,2345.710478947787,2395.800616390107,551805
2021-08-12,2372.73779296875,2388.3403795152244,2365.9596798410525,2387.2746319116923,410605
2021-08-13,2363.572265625,2399.5518615983747,2346.349826696437,2384.588932387956,1083905
2021-08-16,2342.385498046875,2368.432203754026,2337.653536911109,2365.959752499434,396756
2021-08-17,2372.439453125,2378.7485955290313,2313.0985446846817,2348.0550652641405,877329
2021-08-18,2356.24072265625,2383.01222575922,2346.77679835501,2379.175533445833,613650
2021-08-20,2299.88330078125,2336.9713169384268,2285.9859105674504,2285.9859105674504,809463
2021-08-23,2285.474609375,2311.3081659516974,2264.926911370745,2302.8675278043975,758426
2021-08-24,2281.4248046875,2297.7519757247123,2261.0902558894013,2285.8156018248437,567946
2021-08-25,2279.804443359375,2308.835447690979,2276.4367227972357,2287.5204971029902,407780
2021-08-26,2257.295654296875,2284.9624150422824,2252.989993190012,2280.6994254619794,445529
2021-08-27,2279.89013671875,2284.8777110303704,2247.4487353085833,2257.6799131627954,517155
2021-08-30,2324.395751953125,2326.740396911537,2284.963086743466,2284.963086743466,518747
2021-08-31,2337.6962890625,2341.2344880753667,2302.9529149222703,2325.0351234455666,708031
2021-09-01,2336.84375,2356.581314141637,2328.1046188603646,2352.318323341815,442282
2021-09-02,2327.89111328125,2335.1381965325427,2304.2315179608527,2323.3296305615568,422436
2021-09-03,2386.8056640625,2399.1683362775966,2329.2979649409713,2329.2979649409713,981491
2021-09-06,2401.939697265625,2412.852996264662,2388.1276475396885,2408.419527089578,580935
2021-09-07,2385.356201171875,2408.5894981004544,2379.601164318007,2402.834461246586,311022
2021-09-08,2385.867919921875,2395.6301263050323,2370.2226618956724,2386.4220254122256,341207
2021-09-09,2384.4609375,2392.6459620851083,2355.7284246927816,2372.7803857835725,403669
2021-09-13,2378.578125,2398.2730154227206,2361.6966416706505,2361.6966416706505,279930
2021-09-14,2431.35400390625,2439.283208009751,2387.274722973542,2387.274722973542,880592
2021-09-15,2451.1767578125,2459.7454099701977,2438.4304584106635,2438.4304584106635,681873
2021-09-16,2489.927734375,2494.7023676224244,2457.1027032220736,2463.156233787144,1118060
2021-09-17,2499.903076171875,2518.9585196065527,2469.6783057476146,2507.491116315714,1024040
2021-09-20,2463.581787109375,2489.586024696098,2449.982891379209,2489.586024696098,442234
2021-09-21,2430.2880859375,2468.2713709449827,2399.551884402568,2464.0083806670123,580932
2021-09-22,2427.516845703125,2438.430141112289,2408.674555868626,2429.9041615979104,561230
2021-09-23,2432.50537109375,2457.188047707647,2427.5602598319215,2429.9049049156124,448036
2021-09-24,2415.793701171875,2440.3912361194525,2402.0669986067737,2429.9042393504424,603710
2021-09-27,2483.57568359375,2496.4073270936296,2422.231289710725,2422.231289710725,1187306
2021-09-28,2490.055419921875,2505.78581321928,2464.8611044630616,2496.3645625935924,788979
2021-09-29,2460.72607421875,2490.0555755527953,2443.1200056337216,2485.3236141763387,613787
2021-09-30,2414.984130859375,2454.5021362622438,2410.4653192750143,2436.1286054805432,920513
2021-10-01,2428.156982421875,2430.7574485416153,2389.1932866277593,2410.4655699149516,329726
2021-10-04,2434.63623046875,2446.956229785865,2429.9042699964166,2439.7518184055843,386779
2021-10-05,2425.258056640625,2438.1321635342442,2421.3786935114495,2432.462469221185,316991
2021-10-06,2385.697509765625,2429.9048085797485,2371.075534266765,2421.378826795258,468624
2021-10-07,2422.785400390625,2437.876553861648,2395.8007527537075,2404.326734080233,552458
2021-10-08,2423.16943359375,2448.6620365765093,2421.3788941076905,2445.0384942173696,300133
2021-10-11,2436.55517578125,2454.2465884181115,2424.1071588089517,2425.641877198583,658779
2021-10-12,2486.730224609375,2495.9809974772734,2434.3807832782186,2450.2816549621834,956819
2021-10-13,2494.02001953125,2512.478894021585,2478.54544666326,2494.702139669105,754779
2021-10-14,2496.236572265625,2510.176425266592,2472.534305226142,2501.5226384598277,572466
2021-10-18,2476.030029296875,2515.1641957247607,2469.2943799482373,2505.785617367821,440831
2021-10-19,2452.114990234375,2498.1126195332363,2443.1200379769584,2476.030410355898,447221
2021-10-20,2400.916259765625,2452.072145982222,2388.9798863150854,2440.9883706352925,424722
2021-10-21,2350.527587890625,2417.115581891387,2323.3297921178237,2417.115581891387,737326
2021-10-22,2339.657470703125,2387.275167575056,2325.419121155863,2365.1076124475735,387942
2021-10-25,2290.7607421875,2348.780087701284,2284.153106550566,2339.4866430099346,326076
2021-10-26,2302.441162109375,2308.835647840099,2289.225891599212,2299.3717256970945,282346
2021-10-27,2293.61669921875,2327.038711316683,2286.668107953876,2313.9085756628283,444512
2021-10-28,2274.518310546875,2313.780490009399,2267.910676058359,2313.780490009399,366561
2021-10-29,2265.4384765625,2304.4448393239763,2250.0063678150063,2285.8154877271813,614962
2021-11-01,2285.5595703125,2295.8760900661814,2252.56406712952,2280.699803017209,502481
2021-11-02,2288.629150390625,2303.336467801536,2282.0215150321,2297.7519085451763,813089
2021-11-03,2252.095458984375,2299.4573303144293,2250.859233233257,2299.4573303144293,504184
2021-11-04,2282.83154296875,2289.2260290835084,2259.3850938813025,2259.3850938813025,93301
2021-11-08,2287.435302734375,2310.28497288081,2276.863169817014,2308.579776722924,644351
2021-11-09,2314.24951171875,2344.6445477765833,2288.032122684521,2297.7089852894205,723569
2021-11-10,2318.043701171875,2329.255282660589,2303.592205348903,2313.95118875775,390217
2021-11-11,2302.7822265625,2323.32992494002,2289.737641580406,2323.32992494002,264937
2021-11-12,2287.563720703125,2319.0671836442843,2284.963254473045,2319.0671836442843,352693
2021-11-15,2296.260009765625,2374.3154134660294,2290.078673064316,2331.8559831835087,2023708
2021-11-16,2345.412109375,2360.8442187686096,2302.867546007228,2312.416603419511,1246961
2021-11-17,2344.090576171875,2364.8085426539697,2329.1701100158994,2345.4119366512014,570038
2021-11-18,2289.09814453125,2355.728604312428,2274.0069912921717,2353.1708099537827,559569
2021-11-22,2246.255126953125,2300.4802433797245,2232.698691731094,2289.225989642418,636253
2021-11-23,2244.208740234375,2256.7418910256943,2216.7551222739044,2238.0274038357265,626376
2021-11-24,2234.702392578125,2266.1205090899934,2227.8389359323332,2256.4009735724917,564230
2021-11-25,2212.236328125,2250.859065076975,2200.6411184396347,2250.859065076975,625134
2021-11-26,2156.561279296875,2207.9729798832273,2135.8857779755967,2199.702820985477,685448
2021-11-29,2123.651611328125,2156.178148985145,2085.5829772873512,2152.8104277685156,594113
2021-11-30,2088.268798828125,2142.280769542088,2066.740694423098,2111.033128984056,1527406
2021-12-01,2087.33056640625,2114.4432268326927,2077.824181127787,2114.4432268326927,769987
2021-12-02,2108.21923828125,2117.171518153081,2053.823438953074,2070.108145600507,921229
2021-12-03,2099.480224609375,2129.321159173896,2089.7606891841815,2118.7063540809986,499760
2021-12-06,2063.287353515625,2110.521203884162,2056.168076286385,2109.967098393716,347297
2021-12-07,2098.926025390625,2110.1802785789464,2071.8987074937336,2076.0763548847412,347226
2021-12-08,2123.5234375,2131.495313233027,2097.519194678557,2097.519194678557,308181
2021-12-09,2149.357421875,2156.135536032669,2115.6371209444983,2140.021513080183,402958
2021-12-10,2154.387451171875,2169.6915444339584,2142.493541932651,2149.143848307939,327197
2021-12-13,2127.232421875,2175.830517284569,2122.9694310495993,2174.125320954409,332491
2021-12-14,2117.683349609375,2121.264220247512,2097.391471788135,2114.4434349734042,365318
2021-12-15,2137.59130859375,2151.9576702800955,2111.160766684605,2117.939088310183,470021
2021-12-16,2106.855224609375,2152.810178423901,2096.7945255111226,2142.5790013383225,496003
2021-12-17,2084.303955078125,2105.0648030027305,2064.1400923732726,2105.0648030027305,492339
2021-12-20,2009.2752685546875,2076.0764142628313,1969.5016496702835,2076.0764142628313,687713
2021-12-21,2001.3887939453125,2037.709558032023,1989.154135508012,2037.709558032023,401977
2021-12-22,2002.58251953125,2017.247165664399,1992.777641084445,2007.8685862804987,367785
2021-12-23,2040.0113525390625,2048.793154256737,2005.7369518888784,2016.3944277225069,472868
2021-12-24,2039.7984619140625,2057.3193960390736,2026.284905734173,2057.3193960390736,343453
2021-12-27,2047.9407958984375,2054.9320592328495,2021.5102527373836,2037.70961790061,223494
2021-12-28,2061.41162109375,2067.5502854651913,2042.73959877808,2049.645726292091,265463
2021-12-29,2074.58447265625,2082.726826714377,2054.7615654378146,2064.140145197074,270407
2021-12-30,2073.433349609375,2078.506475105098,2056.7652223651794,2067.5505056589345,366389
2021-12-31,2099.181884765625,2117.5127440858546,2073.5185984557693,2073.5185984557693,253608
2022-01-03,2111.544677734375,2128.511297787869,2099.9492595439697,2099.9492595439697,234912
2022-01-04,2118.620849609375,2128.5964134983606,2104.552981529223,2124.6743791356976,181575
2022-01-05,2136.611083984375,2142.536599829139,2112.695662901983,2118.663850287414,294097
2022-01-06,2128.0849609375,2139.1687367757163,2100.80182041266,2122.9693720890928,406402
2022-01-07,2130.727783203125,2144.7103073918993,2116.1482738806176,2139.1684202926954,308537
2022-01-10,2198.083251953125,2203.1134974977977,2122.37249879844,2122.37249879844,783876
2022-01-11,2189.685302734375,2210.0623162256225,2183.333487845971,2203.667829796923,372092
2022-01-12,2208.655517578125,2212.4922092705015,2184.356470193073,2195.4402461932723,410716
2022-01-13,2211.29833984375,2216.7548839889655,2191.176943019862,2215.902285956662,243121
2022-01-14,2190.92138671875,2212.321683176992,2178.388235760213,2208.229170496654,267065
2022-01-17,2303.293701171875,2322.860785375607,2209.465241323836,2215.9023984252094,2357848
2022-01-18,2295.919189453125,2325.035335270973,2263.818741725109,2304.5729780848696,1082632
2022-01-19,2301.8447265625,2336.1191335331996,2280.7429205205485,2297.7522134569244,763040
2022-01-20,2310.072021484375,2352.5314510880294,2298.6472895082293,2302.015010578121,1022978
2022-01-21,2344.730224609375,2367.665031279934,2265.5664041658642,2305.169546079551,1170753
2022-01-24,2307.301025390625,2361.185185753705,2274.3481908188983,2336.118883910508,593277
2022-01-25,2371.970458984375,2377.895973831966,2261.814831981547,2305.510482271575,971148
2022-01-27,2314.803466796875,2361.6963547062037,2292.635919785192,2330.150230112655,559824
2022-01-28,2278.270263671875,2348.90810987466,2270.5117447166945,2319.237650013892,466238
2022-01-31,2322.7333984375,2331.0462311757688,2285.091061709841,2285.091061709841,442531
2022-02-01,2324.82177734375,2361.5261657296805,2283.257621610548,2342.9394862530944,414159
2022-02-02,2304.0615234375,2339.0180531424517,2300.3101742429103,2304.5731656703433,283071
2022-02-03,2371.501708984375,2402.578869328254,2288.373390945196,2305.6811746907883,1436881
2022-02-04,2320.55908203125,2370.2229257084136,2312.8856984588124,2357.4339530876846,585251
2022-02-07,2257.722412109375,2331.0031762574413,2238.069984519306,2320.5588496630176,688838
2022-02-08,2278.099853515625,2294.8959974176582,2259.3853635502,2268.3803167226547,625615
2022-02-09,2326.612060546875,2333.2196948338315,2279.037052050027,2285.303522255698,359950
2022-02-10,2331.088623046875,2345.497448136304,2302.910213309635,2340.722815362022,448648
2022-02-11,2317.873046875,2342.0867472398354,2263.6477298586683,2276.436700083859,1235994
2022-02-14,2258.1064453125,2304.700856004635,2242.9728265077815,2285.8158881943787,576694
2022-02-15,2369.071533203125,2376.9156019346224,2242.33291393376,2259.38487525645,1131545
2022-02-16,2376.020751953125,2425.30097050963,2358.457145427392,2358.457145427392,1127829
2022-02-17,2381.690185546875,2448.9176308206024,2370.6917530194787,2387.274744884426,1166885
2022-02-18,2365.14990234375,2402.621548814615,2343.7496058546594,2370.222819625489,662754
2022-02-21,2364.53955078125,2394.735088243694,2339.833956307976,2370.290970283119,522214
2022-02-22,2379.920654296875,2398.2210328176493,2305.8913084984656,2331.076030027229,644900
2022-02-23,2327.3291015625,2407.327953143554,2322.405512688475,2392.1212504052023,631227
2022-02-24,2170.250732421875,2287.199047386879,2126.329904737705,2281.9703672932615,1934361
2022-02-25,2229.5087890625,2258.789478515834,2182.7121514452756,2252.427876090826,715496
2022-02-28,2209.50927734375,2219.530913415765,2169.0742395119146,2202.1455959984605,1008620
2022-03-02,2114.39111328125,2177.3095207597007,2109.7724033457016,2176.873797421546,855090
2022-03-03,2106.635009765625,2150.730294586671,2095.8291565968166,2127.2012354481617,831912
2022-03-04,2014.1749267578125,2094.609504770473,2005.286212410681,2091.472211351224,1266961
2022-03-07,1916.0499267578125,1995.4388107885113,1891.1266773600532,1995.4388107885113,1284637
2022-03-08,1962.192626953125,1968.8157061315064,1870.865194633433,1900.625010544568,1081826
2022-03-09,1996.048828125,2013.5649933168602,1947.8141642684786,1974.6983822445973,670764
2022-03-10,2022.409912109375,2100.578637894456,2014.828368433896,2047.8997278711759,716132
2022-03-11,2031.5166015625,2043.542609148257,1993.0859279094611,2020.0135471239487,467988
2022-03-14,2040.8409423828125,2048.771192457963,1988.9028466969228,2030.4708117511927,382149
2022-03-15,2020.3616943359375,2074.042889519834,2004.3271621410158,2043.542258791601,612285
2022-03-16,2064.89306640625,2070.9931936334474,2034.8281536436355,2048.07410164301,493507
2022-03-17,2108.813720703125,2116.9618322048927,2069.6858501540064,2076.657423543999,781757
2022-03-21,2084.108154296875,2133.2576573289166,2074.042903537428,2121.7546047847704,516893
2022-03-22,2112.081787109375,2121.9727926207306,2043.5862016210253,2095.8293906582576,470208
2022-03-23,2086.809814453125,2126.1557617314193,2028.0307754161076,2111.515414203578,1137046
2022-03-24,2102.060302734375,2115.2192344490973,2033.0853739704376,2057.485884245265,692836
2022-03-25,2072.648681640625,2124.5869884456115,2062.4964130039584,2108.900948334036,467568
2022-03-28,2072.2568359375,2089.5987545796825,2047.0284941103687,2065.328876560908,493636
2022-03-29,1926.4635009765625,2092.3434601475324,1877.139746978759,2078.400313391031,2475877
2022-03-30,1979.62158203125,1987.769692836227,1940.1886234162394,1960.7548482601976,3115035
2022-03-31,1999.2291259765625,2019.0545360639771,1986.8982417276961,1986.8982417276961,1338490
2022-04-01,1952.1712646484375,1957.269313010277,1873.61042874982,1904.111063636445,3541517
2022-04-04,2014.566650390625,2020.8846381554492,1960.754823566089,1960.754823566089,1417392
2022-04-05,2032.431884765625,2050.2093151309555,2017.3994268334964,2030.3838995972787,715666
2022-04-06,2045.1978759765625,2047.1586307647628,2010.0351344281441,2028.7276208578846,812337
2022-04-07,2048.422607421875,2063.7599410094413,2036.440215827433,2047.8996543228136,853476
2022-04-08,2058.749267578125,2074.043200113263,2030.9502022250444,2052.2570320448463,694946
2022-04-11,2035.17626953125,2058.1389721484816,2031.4726215449555,2054.827432574339,408871
2022-04-12,2002.497314453125,2026.941437276451,1991.6914603262703,2026.069990564429,502227
2022-04-13,1982.0181884765625,2014.0438530711897,1977.225231870564,1996.9636262740405,426929
2022-04-18,1991.60400390625,1999.9263616100761,1960.0140641904206,1978.0965814070678,422209
2022-04-19,1972.3017578125,2028.292208686002,1954.1320088859634,2011.298997915056,484466
2022-04-20,1982.4105224609375,2017.399020808162,1970.9072563279294,1978.1839210516318,424461
2022-04-21,2019.7081298828125,2023.2811460494333,1984.2839106512586,1988.6411436566414,341987
2022-04-22,1999.31640625,2008.684457407105,1981.3645207909208,1999.9699912144492,598737
2022-04-25,1994.39306640625,2033.041601132032,1974.6982852551487,1976.7026552802597,596296
2022-04-26,2097.789794921875,2102.800612793222,2005.4600716522393,2013.9130609884528,1311255
2022-04-27,2178.616943359375,2203.5404062936304,2065.3288623046874,2082.7577978515624,2082863
2022-04-28,2193.6923828125,2215.1734545797412,2176.9170371842347,2213.2999296507323,1182758
2022-04-29,2184.411865234375,2223.9320596249936,2171.1659174617,2186.1113565658793,839920
2022-05-02,2167.549560546875,2183.497078746007,2133.388890234466,2143.933268337474,667551
2022-05-04,2099.750732421875,2196.0455885881406,2090.4262956881034,2126.3298556170885,1263034
2022-05-05,2180.054443359375,2211.8622463249567,2117.7026052846936,2117.7026052846936,1675043
2022-05-06,2233.82275390625,2264.8897404652917,2097.7898529184586,2100.186331097096,2491483
2022-05-09,2172.298583984375,2230.90336977234,2166.4163192398582,2226.5461366282534,996952
2022-05-10,2152.255615234375,2195.479459225401,2142.5390690541335,2165.5451781991787,644415
2022-05-11,2152.734619140625,2195.522520354472,2098.3562226215117,2148.551632830613,575504
2022-05-12,2092.517822265625,2142.887485250854,2066.200173863267,2142.887485250854,966472
2022-05-13,2134.3037109375,2178.6168630338293,2104.500274802308,2104.500274802308,691344
2022-05-16,2175.0439453125,2189.0307087611473,2126.3301551392,2135.0882378784886,473407
2022-05-17,2199.095947265625,2212.4727404282926,2180.403456403285,2191.6886496425786,517525
2022-05-18,2212.60302734375,2225.8489737708346,2188.8997211970413,2200.707865764889,332168
2022-05-19,2192.123779296875,2221.3172384924405,2179.095696027865,2187.41805306606,556405
2022-05-20,2257.177490234375,2277.4386251596015,2217.8317584817933,2217.8317584817933,751633
2022-05-23,2287.2861328125,2352.862497614615,2274.955246991795,2278.876757179297,744827
2022-05-24,2298.004638671875,2312.8192305783678,2277.4384142171266,2291.8608977124914,616849
2022-05-25,2261.142578125,2326.108968373876,2251.5130501002473,2300.793400663545,525893
2022-05-26,2297.525634765625,2307.024531552731,2243.975277016666,2272.7330184308603,362813
2022-05-27,2370.160888671875,2376.348032879511,2298.8765027084996,2305.1072618042945,654718
2022-05-30,2414.38671875,2429.1140830090144,2373.820831952421,2373.820831952421,924244
2022-05-31,2417.305908203125,2448.721604187543,2398.351942539478,2418.177354900304,1859231
2022-06-01,2403.101806640625,2439.963836472823,2380.356959813654,2439.963836472823,430807
2022-06-02,2320.749755859375,2381.6637941419085,2300.967745871914,2379.5724071965788,1093645
2022-06-03,2251.599853515625,2343.0581194798497,2244.1053286494293,2331.119345197599,753558
2022-06-06,2214.128173828125,2260.924818449927,2200.4901182551816,2235.2607560244574,965347
2022-06-07,2240.35888671875,2246.633260555854,2178.6168014630675,2200.402969477698,550257
2022-06-08,2253.517578125,2280.6196559196624,2225.10854302033,2251.8182995908915,539786
2022-06-09,2264.10595703125,2268.8552994160577,2230.9037497164486,2248.2890703711346,327503
2022-06-10,2267.460693359375,2278.310162198603,2244.367355861872,2248.3324808889665,324452
2022-06-13,2264.7158203125,2276.4803512497706,2210.4682609906413,2230.903644400938,625967
2022-06-14,2228.812255859375,2278.7459836000335,2204.760240856898,2262.232110513105,509259
2022-06-15,2270.38037109375,2290.1621707327563,2228.812401641837,2237.003916389264,673444
2022-06-16,2195.2177734375,2286.8939204377116,2188.24620008759,2283.625995429941,493824
2022-06-17,2150.20751953125,2194.30280800319,2139.96802072504,2194.30280800319,725864
2022-06-20,2137.266357421875,2179.8800101831916,2121.0137510128475,2139.488588757272,377385
2022-06-21,2177.919677734375,2200.2724145527695,2148.1162413987367,2148.1162413987367,381831
2022-06-22,2199.923583984375,2225.2391532248043,2161.1878206373663,2174.2595211654148,873408
2022-06-23,2330.335693359375,2341.272179182625,2241.840238887054,2241.840238887054,1846048
2022-06-24,2405.1494140625,2411.903126372055,2344.366003276508,2365.977925218194,1354569
2022-06-27,2401.271240234375,2447.8936359348063,2379.5723037862927,2429.2011478733093,1005184
2022-06-28,2411.031494140625,2433.689107887683,2379.049443441078,2394.7354837275025,714029
2022-06-29,2398.569580078125,2426.760963199729,2379.0492609876146,2387.80734202697,653929
2022-06-30,2370.073974609375,2416.5221346420713,2365.1067700752187,2392.121622644243,643735
2022-07-01,2408.50439453125,2413.907321436064,2338.396551158339,2365.9777536819183,393346
2022-07-04,2405.584716796875,2439.179025671536,2386.805000075274,2396.4781424068324,499627
2022-07-05,2385.367431640625,2414.648125274441,2379.049443192586,2408.068660270548,401190
2022-07-06,2467.762451171875,2476.6511636768964,2382.6221634304957,2385.584996680332,739745
2022-07-07,2474.428955078125,2499.9623824856385,2461.967226402562,2489.7228851456102,382303
2022-07-08,2483.012939453125,2509.7226937114756,2456.6516787465353,2482.2285098283737,532145
2022-07-11,2499.396240234375,2505.757630621444,2447.0658259683055,2453.1223376789644,428940
2022-07-12,2505.8447265625,2513.731360932554,2469.6796922546077,2487.5443477560966,422887
2022-07-13,2477.827880859375,2520.049427878472,2470.551216336913,2514.123548194707,539917
2022-07-14,2433.7763671875,2497.566222575157,2415.693848304585,2473.1657151668865,620757
2022-07-15,2440.09375,2454.385387117823,2425.017683399737,2440.006520250122,816619
2022-07-18,2455.693115234375,2471.292138370001,2444.6257850131205,2466.1504753342438,369313
2022-07-19,2441.09619140625,2480.8778566435085,2425.6280141419547,2453.122197126214,661056
2022-07-20,2463.36181640625,2473.819176199962,2448.765085027527,2457.4795515222872,201509
2022-07-21,2481.705810546875,2487.108737221689,2453.165932780929,2457.479551144065,314132
2022-07-22,2502.4462890625,2512.729189343774,2475.1699663247537,2484.538017826555,576270
2022-07-25,2473.90625,2506.1061591169923,2467.4574175471257,2505.4089592902606,421977
2022-07-26,2440.70458984375,2481.618973961624,2427.545658251606,2474.9088762496654,347002
2022-07-27,2455.52978515625,2460.295061902161,2409.464653303465,2440.042312560184,498259
2022-07-28,2453.897216796875,2481.518716438565,2430.68809040632,2469.1640713353863,294368
2022-07-29,2486.85791015625,2512.2290581763937,2461.751547639815,2470.9291984835827,400652
2022-08-01,2506.934326171875,2566.236586596484,2488.578808185036,2501.7717626778476,961562
2022-08-02,2445.734130859375,2496.476419192942,2419.7894643949353,2493.961495909494,1137765
2022-08-03,2472.605712890625,2477.812442757011,2426.2757923184545,2458.574451696507,600314
2022-08-04,2477.106201171875,2495.5940009446217,2452.5291973929156,2488.49003732799,396416
2022-08-05,2445.072509765625,2479.6654735233815,2436.512548609821,2477.9888578400496,512072
2022-08-08,2416.259521484375,2465.016241113787,2409.155558159199,2444.4545406963302,675310
2022-08-10,2449.26416015625,2457.6918359327824,2411.714821691825,2457.6918359327824,895054
2022-08-11,2457.956787109375,2486.8136662649517,2442.160360954127,2462.413327365261,422152
2022-08-12,2437.306640625,2466.5166376109346,2428.4379427836907,2462.060097555365,435760
2022-08-16,2485.93115234375,2511.213965530805,2454.6033014711184,2475.341456274128,1213957
2022-08-17,2571.0458984375,2584.76842325519,2478.0331502666886,2484.1663064060635,2510869
2022-08-18,2566.41259765625,2593.2399548593394,2561.9560578209966,2583.8414710675456,805655
2022-08-19,2505.036865234375,2591.740009502383,2499.918684037972,2569.7664743861546,510610
2022-08-22,2453.76513671875,2502.389364738646,2440.5280158597698,2501.8158423472623,570304
2022-08-23,2473.928955078125,2479.7533730230957,2432.232034481918,2448.8667651740534,396875
2022-08-24,2476.53271484375,2492.108305574429,2453.2794226263854,2454.4708495323616,324008
2022-08-25,2470.752197265625,2489.5047807631036,2463.7805193084223,2478.076778850687,363945
2022-08-26,2494.535400390625,2507.022331427524,2485.975438745519,2501.8158167886872,475372
2022-08-29,2494.800048828125,2499.1240885144784,2436.6008876664723,2461.133511034968,339203
2022-08-30,2504.1982421875,2527.407368303049,2498.771109332075,2507.9929262280957,918526
2022-09-01,2538.570556640625,2543.468333923678,2464.6633064238254,2488.5784550612007,838699
2022-09-02,2493.123291015625,2549.4693863036514,2488.666966177413,2548.8516971085655,776170
2022-09-05,2508.037109375,2513.287790426231,2478.032971427496,2495.6382975159345,930716
2022-09-06,2529.65771484375,2532.4815905937535,2495.4618226456464,2508.0370862281748,481401
2022-09-07,2519.24462890625,2537.114741432864,2498.2858549552825,2506.2281271893335,551689
2022-09-08,2521.494873046875,2535.790919358233,2511.522866362809,2531.863950235829,519141
2022-09-09,2504.860107421875,2539.982641304093,2499.7858782244466,2534.1142711071006,522672
2022-09-12,2522.02392578125,2532.6136203624196,2507.4191443630302,2512.405039382509,313906
2022-09-13,2532.702392578125,2561.8240577192673,2499.168353930749,2502.698252735736,766550
2022-09-14,2516.37646484375,2532.4374603865213,2497.4032598659696,2497.4032598659696,519643
2022-09-15,2462.369140625,2519.465209283451,2441.410366992607,2519.465209283451,1010823
2022-09-16,2369.621337890625,2474.7241748797064,2356.2077637483894,2474.7241748797064,1906557
2022-09-19,2386.564208984375,2404.6991050045904,2351.662511103929,2381.489980062178,534862
2022-09-20,2445.82275390625,2491.446651986488,2395.6098151101683,2398.522024657401,1009201
2022-09-21,2450.3232421875,2477.9447428528956,2442.3370186652905,2457.691991969161,447919
2022-09-22,2450.588134765625,2470.3556977958683,2411.803413845511,2450.3233492595905,328914
2022-09-23,2437.43896484375,2481.7391458167544,2420.0982100206343,2462.898227292254,408930
2022-09-26,2401.522705078125,2431.0856086859353,2356.383993136544,2417.9807726985237,610918
2022-09-27,2328.18896484375,2413.5683952800746,2320.9085482949163,2413.5683952800746,740040
2022-09-28,2286.80078125,2316.4959671834913,2272.4605681198163,2294.434100829363,923391
2022-09-29,2238.22021484375,2298.272650271722,2228.2482094702073,2294.4779666670074,1057406
2022-09-30,2249.604248046875,2287.506489714987,2215.011286188806,2249.4277962132537,706844
2022-10-03,2228.733642578125,2271.445324613911,2224.2329361945026,2240.1616449096937,658511
2022-10-04,2313.672119140625,2319.0550853268724,2260.1059500796637,2276.7846350643404,391128
2022-10-06,2335.1162109375,2350.6034683775592,2321.128901835008,2342.087674354191,463669
2022-10-07,2316.4521484375,2413.4802081530706,2303.17085980705,2369.356468814662,1065099
2022-10-10,2268.40087890625,2294.2574268594553,2233.8960370899663,2294.2574268594553,1076512
2022-10-11,2248.677490234375,2272.813255912349,2236.0141094187225,2272.3720186271785,407068
2022-10-12,2250.354736328125,2263.062286306139,2220.394762227677,2250.3105695018817,401910
2022-10-13,2247.177490234375,2271.75449498766,2234.425774853721,2252.957742180707,239037
2022-10-14,2237.867431640625,2281.1970241587455,2231.8226094140227,2272.8135147856283,250851
2022-10-17,2253.575439453125,2267.9598191388013,2225.203966027109,2227.36598580013,257635
2022-10-18,2260.89990234375,2291.5658943837366,2236.8083029177205,2264.871038003604,454003
2022-10-19,2242.544677734375,2271.4898911541295,2234.602405387682,2271.4898911541295,375698
2022-10-20,2264.03271484375,2267.9596836577803,2208.6132678110935,2238.3526182387386,364460
2022-10-21,2267.82763671875,2274.1372444852827,2248.5013120079234,2268.8423964189606,360297
2022-10-24,2278.461181640625,2285.609312387487,2272.3721928176756,2282.0794138355373,35097
2022-10-25,2281.726806640625,2296.1993064049707,2264.4743821366574,2282.1680440169516,410336
2022-10-27,2303.920654296875,2312.083544674064,2274.181302174428,2292.6691026958847,473043
2022-10-28,2338.425537109375,2360.046166030933,2311.2011079820445,2315.481196213028,717856
2022-10-31,2362.25244140625,2377.5190810640624,2344.293995427739,2354.4424542824045,511816
2022-11-01,2358.98681640625,2374.6067886919022,2329.115181407169,2374.0772177694453,368266
2022-11-02,2333.21875,2344.9115388229493,2321.2172243259433,2338.513597768883,565598
2022-11-03,2335.3369140625,2354.7953080520906,2319.1434177933384,2328.8506391006927,311401
2022-11-04,2284.638427734375,2327.2619944139065,2271.0042381228222,2312.965948845988,855256
2022-11-07,2313.01025390625,2316.4959857285253,2285.609372585478,2293.5516445365474,314060
2022-11-09,2339.8818359375,2344.3383765837484,2313.892997236268,2320.908628518056,459177
2022-11-10,2393.71240234375,2402.095911218318,2317.687300149856,2339.83728380234,706321
2022-11-11,2354.883544921875,2410.8765169813637,2347.4266774045277,2405.71416967608,474615
2022-11-14,2372.44482421875,2389.741413985106,2343.764397352237,2356.648613754515,352558
2022-11-15,2409.81787109375,2430.3795754106495,2375.6219752757943,2377.828162102759,1012827
2022-11-16,2417.49560546875,2431.2181320258555,2390.6684570876464,2409.6416657404798,647740
2022-11-17,2421.51025390625,2440.130553772515,2406.6846378335713,2418.862830159268,517393
2022-11-18,2403.11083984375,2417.186483355003,2384.976157519174,2413.568250986057,469583
2022-11-21,2362.78173828125,2402.5372648535335,2351.794971840098,2395.9187048952595,467604
2022-11-22,2369.841796875,2374.607289839162,2353.560180671975,2356.031153085103,361527
2022-11-23,2346.36767578125,2380.4752328832533,2337.454596144399,2374.7391479847392,264132
2022-11-24,2358.94287109375,2365.605381772398,2334.8512721221737,2351.794740861692,498023
2022-11-25,2389.87353515625,2397.462903001303,2350.4711298956368,2358.85463871261,423634
2022-11-28,2456.368408203125,2474.459140147858,2393.3156319048494,2400.287096084867,1223958
2022-11-29,2495.85888671875,2504.4188475896285,2447.1904967722035,2456.0591944966213,731879
2022-11-30,2516.7294921875,2524.7600980774364,2488.666969292828,2499.1241651419414,1379225
2022-12-01,2534.290771484375,2545.056919245971,2494.402959944999,2519.4651541079224,782249
2022-12-02,2488.975830078125,2528.290122719954,2482.4014363739025,2528.290122719954,526214
2022-12-05,2495.32958984375,2499.9625821869045,2458.2656510985153,2479.753997002604,397713
2022-12-06,2469.8701171875,2492.99091014957,2451.5587680244544,2490.34348617419,339117
2022-12-07,2435.23291015625,2472.6939151386296,2427.6877089744357,2464.79581028371,340800
2022-12-08,2434.04150390625,2452.220567631681,2422.6135004315524,2426.805254962852,190468
2022-12-09,2428.12890625,2455.2650006956433,2410.1704616328275,2437.394889719244,254995
2022-12-12,2445.734130859375,2448.77862506981,2414.49461691665,2427.687568793798,166357
2022-12-13,2435.14453125,2484.210205982417,2424.9519063656335,2456.720992479252,440848
2022-12-14,2424.466796875,2455.8385980785533,2407.037922673954,2437.792034716926,438317
2022-12-15,2445.204833984375,2456.6328369759894,2413.215129703039,2416.6566944672504,299314
2022-12-16,2404.61083984375,2442.3805778499914,2397.815613517987,2422.480949303613,271086
2022-12-19,2453.808837890625,2457.691639759923,2390.6677402858504,2404.6108813676033,276490
2022-12-20,2446.705078125,2462.6337882836656,2420.9808133956567,2444.45472472926,234062
2022-12-21,2433.379638671875,2469.208195024393,2415.333075479558,2446.705091836695,328455
2022-12-22,2407.125732421875,2467.884189992297,2397.9480834889123,2433.158731057204,483991
2022-12-23,2326.95361328125,2400.33130201477,2319.7171480271218,2395.918928297831,328855
2022-12-26,2370.591552734375,2380.9164624284917,2304.670743435738,2334.145308792943,175951
2022-12-27,2384.755126953125,2398.786385769367,2369.885344976965,2378.2246861771046,181947
2022-12-28,2379.681640625,2406.2881697638286,2369.444846728112,2371.739367395744,225857
2022-12-29,2402.2724609375,2422.39292614589,2357.4868722300666,2375.2688657836384,243791
2022-12-30,2416.9658203125,2439.9101615825466,2402.890177059658,2414.3183963198026,211762
2023-01-02,2396.713134765625,2426.4527067873823,2391.506619816787,2416.9661030371867,131296
2023-01-03,2400.683837890625,2417.8920927499694,2384.44639127943,2384.6228431114837,136701
2023-01-04,2390.888671875,2407.3909051513733,2380.6960463240903,2388.858937039871,178937
2023-01-05,2441.939697265625,2445.425644570965,2384.4465586859505,2389.6530730605386,258988
2023-01-06,2420.23095703125,2449.1761693893195,2412.465136820853,2441.807419692108,162618
2023-01-09,2428.879150390625,2446.5725944827636,2418.2011211166664,2432.982571268552,110658
2023-01-10,2393.3154296875,2433.9092637921453,2371.8270856725057,2426.8052997342497,206381
2023-01-11,2377.166015625,2400.330974477958,2368.6060548717737,2393.359511135659,150551
2023-01-12,2377.607177734375,2382.9461921240545,2350.02984663882,2373.8566607053795,163626
2023-01-13,2407.787841796875,2422.3045062542096,2367.944198751524,2367.944198751524,196440
2023-01-16,2434.39453125,2440.0422825421847,2391.50617927281,2410.9206205805604,362194
2023-01-17,2441.675048828125,2443.572283128819,2408.890986616715,2440.042384561641,254062
2023-01-18,2444.41064453125,2458.883358242672,2424.5549646556315,2441.719053725194,159791
2023-01-19,2444.0576171875,2453.0588151861098,2428.217240911098,2437.394890743425,140565
2023-01-20,2423.67236328125,2442.248497016612,2408.582176633467,2442.248497016612,300399
2023-01-23,2448.51416015625,2481.518624675114,2426.8493652047296,2428.0847434902,434312
2023-01-24,2446.13134765625,2459.4568007862104,2437.6155536317583,2450.6320544611795,129633
2023-01-25,2457.69189453125,2464.7516917148228,2440.924876220265,2452.397046643571,356744
2023-01-27,2414.5830078125,2479.842182711151,2395.565850830149,2460.3394061176364,464092
2023-01-30,2384.71142578125,2439.9983795775206,2366.003005223918,2403.02277581302,459196
2023-01-31,2438.498291015625,2446.2199448820456,2369.091739869771,2404.2582284955106,579601
2023-02-01,2406.72900390625,2491.0936671404847,2360.663869984592,2449.3525728510613,408279
2023-02-02,2348.220458984375,2394.329751242164,2324.9673853632867,2372.973911601816,453723
2023-02-03,2342.307861328125,2368.693761794437,2313.009752022071,2360.0015175361423,328028
2023-02-06,2378.26904296875,2386.917337123671,2334.233646682552,2340.3668020525756,252416
2023-02-07,2340.8525390625,2378.0929293257286,2307.7155700867006,2370.3271086649393,421543
2023-02-08,2307.3623046875,2371.1652662784736,2287.4185064578905,2346.5443092185146,793670
2023-02-09,2258.428955078125,2306.78860628727,2249.5160908795733,2306.78860628727,1266011
2023-02-10,2279.69677734375,2285.300362030996,2250.5751142653667,2258.4290523709788,283858
2023-02-13,2260.5029296875,2296.1989853517534,2254.7668445972668,2289.0950214965756,327921
2023-02-14,2243.69189453125,2274.2256049191824,2237.9999758824956,2271.8427509029357,409279
2023-02-15,2269.724853515625,2272.372277528279,2238.838240034658,2245.898037401736,643367
2023-02-16,2256.22314453125,2285.609596721543,2247.221945193594,2285.609596721543,433077
2023-02-17,2295.928955078125,2299.143508030925,2257.354761780957,2257.354761780957,705628
2023-02-20,2288.594482421875,2304.033224405659,2276.1892386911873,2299.958494788907,182493
2023-02-21,2282.3466796875,2304.485999992445,2278.679378774455,2299.95852258578,203273
2023-02-22,2263.24072265625,2295.114120597404,2259.21131182476,2270.077258013897,310260
2023-02-23,2259.66357421875,2275.1476326396723,2248.1638278523133,2264.2363698047807,294710
2023-02-24,2250.744140625,2271.4801141305857,2246.895785879371,2260.116104726918,255112
2023-02-27,2207.190673828125,2252.872879112558,2200.354138361542,2250.7448761893143,293892
2023-02-28,2190.484130859375,2238.3847517225886,2182.561045674273,2216.607541943034,542868
2023-03-01,2201.349853515625,2212.985336226349,2186.1374872858255,2186.7712898228583,293122
2023-03-02,2230.55224609375,2248.616835629044,2210.223696925207,2212.578073460126,525446
2023-03-03,2228.92236328125,2244.542159752545,2224.8023147809736,2241.73503543766,197868
2023-03-06,2245.35693359375,2256.2681975446917,2228.605268436902,2238.3846631204888,203422
2023-03-08,2243.86328125,2246.5344488961823,2209.952517276966,2224.8025557992423,286894
2023-03-09,2212.849853515625,2255.634514080941,2209.40892654752,2251.061717785711,244591
2023-03-10,2209.680419921875,2212.8496537517235,2177.988081623392,2188.5823333552435,224485
2023-03-13,2161.46240234375,2211.1286823642668,2155.0786168491136,2211.1286823642668,249618
2023-03-14,2149.148193359375,2183.602340435796,2144.575396991799,2168.616346093926,302570
2023-03-15,2154.581298828125,2180.2975045710014,2146.069729256897,2173.1892762194025,217071
2023-03-16,2146.88427734375,2167.7559905558523,2141.496623920046,2145.4807152581934,577586
2023-03-17,2132.577392578125,2151.0496312897953,2108.7177215443426,2150.551564608559,628419
2023-03-20,2118.270751953125,2133.7545906488044,2086.261401142854,2132.57740241542,352432
2023-03-21,2127.05419921875,2133.664360429283,2110.709961608691,2123.341579327452,291142
2023-03-22,2130.81201171875,2145.345259016588,2124.2924881936965,2127.0542937411005,166790
2023-03-23,2139.23291015625,2158.565325623467,2134.252685391865,2141.496648685516,371585
2023-03-24,2094.727783203125,2153.901772443285,2086.351951108251,2139.6855394796803,272040
2023-03-27,2090.427001953125,2110.6193747700354,2079.5157369528597,2100.7042432481257,238881
2023-03-28,2036.912109375,2090.426981382673,2033.7428751528118,2083.54512721577,456838
2023-03-29,2086.39697265625,2096.67443306161,2037.3644890471273,2037.3644890471273,712847
2023-03-31,2125.5146484375,2134.16195237962,2095.9954109032105,2095.9954109032105,302919
2023-04-03,2201.349853515625,2204.4284493059,2147.880308405902,2159.606429079717,787785
2023-04-05,2202.345947265625,2210.8124179889132,2190.4840897378303,2210.133296414368,289012
2023-04-06,2197.139404296875,2207.7789759014818,2182.515741114429,2202.346003167215,211340
2023-04-10,2228.107177734375,2234.6269214986505,2188.7181276549113,2200.353832025211,261131
2023-04-11,2236.438232421875,2244.587692225487,2216.69838557281,2240.1959504595757,575155
2023-04-12,2243.183837890625,2250.156108379001,2217.7393282780463,2241.101154220534,464883
2023-04-13,2215.792724609375,2243.183962459836,2207.597946427244,2243.183962459836,458472
2023-04-17,2232.90625,2235.66805507552,2190.8460345302638,2200.353735858045,656224
2023-04-18,2209.136962890625,2241.055674002821,2195.8262254489664,2237.4336926000187,397381
2023-04-19,2214.79638671875,2220.365315962318,2192.294959103468,2204.8812564935397,247426
2023-04-20,2217.15087890625,2229.5561220811783,2202.0291494418534,2218.463803065849,315314
2023-04-21,2226.930419921875,2242.368941159052,2217.1510244242945,2219.3241251712084,699932
2023-04-24,2264.689208984375,2285.470283233575,2212.48726896294,2227.4732613491306,686216
2023-04-25,2261.701416015625,2294.5256283389426,2258.1700719446885,2268.175620501756,538138
2023-04-26,2268.40185546875,2285.470533258929,2256.539997624071,2272.793596862089,560280
2023-04-27,2271.571044921875,2288.0512387684425,2261.067430469013,2263.7385978007733,685268
2023-04-28,2316.80078125,2324.4068547158186,2277.4568265078433,2281.8485679329424,721370
2023-05-02,2260.026123046875,2299.913243912406,2232.9518961077374,2299.913243912406,997629
2023-05-03,2266.137939453125,2280.037382056168,2244.632424034605,2254.6835112469653,863935
2023-05-04,2276.8681640625,2293.393454972876,2267.6321552741783,2270.937125028969,684323
2023-05-05,2306.5234375,2319.879496270488,2275.1027875213817,2297.2421085238984,1527593
2023-05-08,2332.87353515625,2347.044452004363,2323.5015678407385,2323.5015678407385,855245
2023-05-09,2346.636962890625,2357.910337919333,2331.877341676944,2342.924342825283,556418
2023-05-10,2341.656494140625,2358.045828734928,2329.0248771425827,2354.2881111386673,549062
2023-05-11,2341.113037109375,2357.9100209886624,2331.695973379102,2354.2880393896016,506829
2023-05-12,2359.63037109375,2366.9649722506565,2341.7921559526344,2349.7605596750013,718178
2023-05-15,2437.5029296875,2462.94743834177,2359.720964823034,2378.736367839643,1383562
2023-05-16,2432.160888671875,2460.7293156247615,2427.225982459885,2444.7925065568775,602177
2023-05-17,2465.618896484375,2504.962631250632,2428.90101020778,2434.832049871792,1169727
2023-05-18,2476.665771484375,2498.3976621075144,2466.7959595869884,2485.630309007354,610410
2023-05-19,2456.609130859375,2484.724808509505,2415.1373954576143,2481.64599136989,458137
2023-05-22,2437.729248046875,2464.758373003976,2427.723701160918,2454.3904953326437,241924
2023-05-23,2454.300048828125,2461.272319439112,2421.3401035389747,2437.7294382130844,224454
2023-05-24,2479.88037109375,2485.358662838198,2450.270713777271,2454.798191075455,402069
2023-05-25,2474.537841796875,2498.2617767608826,2453.0323263209525,2480.1065500086197,208718
2023-05-26,2485.720703125,2490.0218064380697,2457.1524990264506,2476.031946191308,167210
2023-05-29,2514.4697265625,2530.6782245346476,2477.480377427928,2499.1669449284354,462628
2023-05-30,2516.507568359375,2530.85975953753,2499.3484739528994,2514.425105698055,399817
2023-05-31,2499.076904296875,2523.6159204037313,2480.1974560478197,2516.4172755010486,773286
2023-06-01,2535.74951171875,2546.8418316022626,2487.260404511127,2498.126350519466,552629
2023-06-02,2619.281494140625,2637.3914043099708,2567.9852620132488,2567.9852620132488,2090599
2023-06-05,2599.315185546875,2643.865515045447,2594.244322875923,2635.036934889063,620625
2023-06-06,2630.283203125,2636.8027260912513,2590.5771395812612,2598.7719175418583,729992
2023-06-07,2678.455322265625,2697.470725162034,2632.3656960535163,2642.190188242403,996180
2023-06-08,2684.613037109375,2740.029316143576,2669.5817237488427,2696.1581044526765,1150017
2023-06-09,2625.302978515625,2739.123711331525,2614.4370332144754,2705.5297420148477,826404
2023-06-12,2653.4638671875,2660.572095135533,2606.106630419832,2631.6415587520282,617327
2023-06-13,2673.43017578125,2676.5540910788495,2629.6042815000314,2641.3304041474426,973087
2023-06-14,2654.55078125,2687.1033013039787,2647.3519149398376,2673.4302303887484,304861
2023-06-15,2574.368408203125,2681.533642290958,2544.441744890333,2662.065493709057,951322
2023-06-16,2564.408447265625,2576.043931220165,2539.9147509969116,2574.3235782831443,1029235
2023-06-19,2519.631591796875,2560.4693017499126,2514.606048106591,2553.4970313743415,671364
2023-06-20,2536.02099609375,2544.0800380283354,2485.630264050046,2512.749807852686,872568
2023-06-21,2556.711669921875,2562.552071241626,2535.387208295602,2536.2927037271356,407191
2023-06-22,2558.070068359375,2591.5280823720195,2550.599730595724,2562.5522268039185,578572
2023-06-23,2514.017578125,2571.3808055726395,2503.6950180150884,2558.251121029703,381689
2023-06-26,2581.7939453125,2588.8115351682377,2512.7499160866946,2514.0175213107623,583691
2023-06-27,2575.319580078125,2595.964698540047,2560.2429488837042,2587.905877830631,415101
2023-06-28,2561.419921875,2590.939158142535,2530.8594544023417,2580.6616976911178,781032
2023-06-30,2635.082275390625,2644.046591503024,2567.0794818188606,2571.56163987506,962194
2023-07-03,2624.804931640625,2636.667010444626,2591.890083656582,2603.2994147362815,818522
2023-07-04,2743.469970703125,2752.615341480756,2640.152858507787,2672.207527883061,2177103
2023-07-05,2859.7353515625,2872.231231524893,2743.8319475160984,2761.760799543166,3069147
2023-07-06,2872.322265625,2903.788233172562,2823.968674939752,2842.3502771739877,1676341
2023-07-07,2850.6806640625,2872.231499476504,2830.578709761523,2852.3106000476,931135
2023-07-10,2828.49609375,2885.2255163494533,2794.268321516691,2858.1510697458734,570281
2023-07-11,2809.39013671875,2832.3896316172563,2792.7288885977196,2806.130264827966,663715
2023-07-12,2787.884765625,2819.079039786547,2768.507030277849,2806.9452680678883,739038
2023-07-13,2782.677978515625,2835.060754319464,2766.7411711837963,2787.884577021371,665215
2023-07-14,2839.9052734375,2845.5193007161215,2782.6780082461282,2787.92970472303,811153
2023-07-17,2799.4296875,2859.0111084003074,2777.15441207013,2847.4660419660413,909246
2023-07-18,2821.885986328125,2825.1458584382303,2794.2683745709564,2806.130453621819,578275
2023-07-19,2804.002197265625,2846.560480386923,2791.1895259872413,2829.673079873521,486164
2023-07-20,2795.400146484375,2807.2169061364,2762.666574904195,2803.368550533862,735511
2023-07-21,2808.89208984375,2829.3110556186057,2761.308261681472,2788.065695346726,749722
2023-07-24,2837.867919921875,2856.838004454132,2798.0261220784573,2834.1099813479877,784541
2023-07-25,2843.52734375,2878.569972686073,2832.5254416318307,2878.569972686073,748386
2023-07-26,2848.416748046875,2888.439599283504,2830.6691713931086,2865.847533961303,509747
2023-07-27,2872.45361328125,2892.5986524039113,2836.604689901104,2845.532604966829,524436
2023-07-28,2905.006103515625,2907.295312423045,2867.4172485446816,2881.610343770684,445865
2023-07-31,2933.575439453125,2957.657962309357,2905.4639982686035,2920.801698227948,933273
2023-08-01,2840.542236328125,2970.477652094623,2776.581646289741,2953.0338344881934,3043469
2023-08-02,2741.052978515625,2813.8956522994417,2721.274347243929,2802.9074492966456,2692656
2023-08-03,2703.46435546875,2766.784014857556,2685.7460107345196,2721.4118446741636,1250490
2023-08-04,2696.41357421875,2733.315669679644,2675.123929555416,2725.9902005481745,642027
2023-08-07,2704.97509765625,2714.9559591580464,2682.6322843902453,2701.2665344825436,444210
2023-08-08,2808.309814453125,2828.317589616544,2728.737002689535,2751.6290916382727,2020469
2023-08-09,2801.717041015625,2821.5417249107,2750.8051674467683,2820.1681995230506,548711
2023-08-10,2779.923828125,2804.647286003644,2758.954762531638,2794.116924314592,476401
2023-08-11,2745.40234375,2814.2160958850827,2728.736948040194,2788.1647203387142,816082
2023-08-14,2756.802490234375,2769.9426381217327,2703.2808333923554,2756.115727596824,526850
2023-08-16,2730.339599609375,2762.4801836895344,2706.7607466908066,2751.6292435067235,753515
2023-08-17,2738.85546875,2744.6699254602263,2711.1102110373063,2744.6699254602263,565973
2023-08-18,2680.25146484375,2737.6189473698455,2673.7958513818735,2737.6189473698455,560922
2023-08-21,2684.326171875,2696.0927942355056,2666.8365276573504,2682.0369631321423,328451
2023-08-22,2707.44775390625,2715.5516439954577,2673.7963782552633,2692.1100520789296,255764
2023-08-23,2702.868896484375,2724.158538846791,2687.348105150627,2718.664437591974,325912
2023-08-24,2680.892822265625,2720.908153298001,2673.7962739358295,2705.845201876841,273751
2023-08-25,2665.46337890625,2696.688279991539,2646.3256805349906,2684.601300833082,429528
2023-08-28,2684.554931640625,2702.3649298801156,2666.3329205632544,2678.374068405842,303029
2023-08-29,2736.19970703125,2740.640861665325,2690.324095367913,2699.4351019677174,590653
2023-08-30,2702.960693359375,2754.3762374927405,2694.0783836958817,2754.3762374927405,415898
2023-08-31,2670.08740234375,2715.0017251728127,2646.3712878260135,2715.0017251728127,920121
2023-09-01,2680.57177734375,2698.656526393633,2662.807606939752,2685.6538654587494,331811
2023-09-04,2694.719482421875,2714.955955178219,2676.3141532493096,2701.266530522783,643279
2023-09-05,2687.851806640625,2723.1512287632786,2681.3045351035375,2715.0017345640435,306742
2023-09-06,2690.278076171875,2705.8446954009155,2670.9114599061954,2705.8446954009155,275916
2023-09-07,2711.247314453125,2718.1607699174724,2683.5022819302726,2692.109617816717,242002
2023-09-08,2755.062744140625,2771.773968097606,2710.5604364000915,2719.396916351766,569352
2023-09-11,2796.818359375,2801.0761987936967,2764.4946828177212,2773.5140323581663,486566
2023-09-12,2765.410400390625,2810.507819313231,2756.2077351683997,2810.507819313231,429664
2023-09-13,2741.9228515625,2779.008036945175,2733.407173022781,2765.4102697715325,290774
2023-09-14,2745.58544921875,2773.559626202233,2725.074227253045,2753.277325122554,311245
2023-09-15,2806.43310546875,2841.366347061797,2751.5835210650193,2760.4200023621256,949607
2023-09-18,2852.033935546875,2864.2584014587064,2781.846874562516,2808.1727789876877,897322
2023-09-20,2803.685791015625,2868.699323622752,2791.2324052066856,2851.988098692047,575906
2023-09-21,2747.92041015625,2804.692788303762,2737.893720339694,2799.244516079747,585566
2023-09-22,2767.83642578125,2783.677794785049,2738.0308836292697,2756.2072902312493,323540
2023-09-25,2723.8837890625,2767.836599100868,2718.114938033854,2760.9689725323733,408884
2023-09-26,2778.504638671875,2782.7624780166034,2719.6261381080244,2724.1587272456054,372568
2023-09-27,2752.865478515625,2778.184040617151,2747.05079823713,2778.184040617151,222370
2023-09-28,2719.580322265625,2763.7162275656906,2710.4693150553435,2753.0027740375763,331995
2023-09-29,2799.4736328125,2811.148598490269,2721.5488705135576,2733.3613228620497,375842
2023-10-03,2761.335205078125,2806.4782220162374,2739.267143681076,2800.1600953958655,387906
2023-10-04,2737.02392578125,2765.364286589994,2725.1200397793723,2761.6557235475298,307263
2023-10-05,2762.296875,2791.782066111173,2741.007231049652,2765.364504518299,537209
2023-10-06,2781.846923828125,2788.2567093668995,2767.6538272779817,2783.678291124918,180660
2023-10-09,2705.9365234375,2792.788973232411,2677.4128469808716,2766.3716371883065,976306
2023-10-10,2725.80712890625,2749.8896535670874,2715.917700793728,2724.1588536282334,467743
2023-10-11,2839.397216796875,2848.6913147242103,2735.6502334942365,2747.050448142922,1048795
2023-10-12,2827.859619140625,2868.012430751564,2806.5241485002753,2854.1396913466488,927642
2023-10-13,2837.199951171875,2856.017294827752,2820.351461490281,2823.968367184606,374642
2023-10-16,2894.475830078125,2906.6544665450238,2838.481867931456,2842.2818654104713,966651
2023-10-17,2905.41796875,2918.7870375121174,2899.5118547801267,2913.7966070586754,416816
2023-10-18,2887.28759765625,2915.5365255880192,2883.487600212523,2902.7169554378206,344063
2023-10-19,2990.485107421875,2998.863522191428,2873.460709081433,2883.945240654016,1129769
2023-10-20,2940.48876953125,2989.7067598348094,2933.438050980269,2985.1283421321527,458086
2023-10-23,2884.26611328125,2960.1761952569977,2874.7428695877284,2935.269645733794,313646
2023-10-25,2876.024658203125,2903.6324267648106,2829.4620620319347,2884.403072945176,391029
2023-10-26,2849.561767578125,2866.1357315171203,2824.884137249092,2865.174218947296,461475
2023-10-27,2849.79052734375,2887.058806095984,2842.327795237077,2861.694414445065,314423
2023-10-30,2848.096435546875,2864.761831541623,2797.4132613406255,2849.83614487966,265215
2023-10-31,2827.951416015625,2874.880198533122,2820.44263196838,2852.400122391678,207132
2023-11-01,2831.70556640625,2879.504203290743,2816.2306037410062,2834.9104588503997,473455
2023-11-02,2794.758056640625,2884.357564423445,2785.051720878986,2874.330873529225,1268028
2023-11-03,2828.91259765625,2847.9588597206425,2813.0256226030665,2824.883679561429,411691
2023-11-06,2899.878173828125,2907.5242209686653,2834.6815491327425,2847.775868738697,850503
2023-11-07,2866.318359375,2912.972390347991,2858.123036522367,2907.249368306271,355269
2023-11-08,2868.0126953125,2899.420463973566,2863.205356408594,2893.8349281423675,459324
2023-11-09,2906.288330078125,2926.5250287416575,2870.668324500969,2879.8251612617373,604807
2023-11-10,2843.380615234375,2911.0039372139145,2834.1779505205404,2906.242427296753,820659
2023-11-13,2855.833984375,2872.4535518736748,2840.5421133517316,2840.5421133517316,386501
2023-11-15,2909.9052734375,2913.3390870032936,2866.181380699728,2879.7791482869284,570652
2023-11-16,3003.48828125,3020.84044217063,2910.1343753459923,2917.368186952297,963718
2023-11-17,3053.57568359375,3084.7547528273485,3003.4878386901732,3012.3240954248395,947293
2023-11-20,3064.197998046875,3084.022459171278,3036.0407264852606,3073.9499392630587,677714
2023-11-21,3091.805419921875,3108.7455651220985,3049.2719649275587,3072.072395261316,742294
2023-11-22,3125.777587890625,3138.688592358296,3084.754918404675,3101.42031500834,775145
2023-11-23,3267.158935546875,3274.4844040122266,3131.5919400488483,3131.5919400488483,1726414
2023-11-24,3249.394775390625,3277.9640577950563,3234.8811015202823,3267.1589470594768,514405
2023-11-28,3316.60595703125,3322.1000585613956,3255.3009855018213,3259.8335745530785,659645
2023-11-29,3430.974853515625,3468.7468026992665,3319.9940438980757,3328.50994624332,1561256
2023-11-30,3497.04150390625,3556.9729509285053,3463.2984737601937,3479.5976865821394,2909100
2023-12-01,3442.970458984375,3539.117240418779,3424.977365023881,3534.538822255236,1060628
2023-12-04,3476.9423828125,3552.8524659224804,3464.946837899656,3552.8524659224804,1018705
2023-12-05,3485.7783203125,3502.489544938678,3460.4597598216346,3477.7660893273464,713163
2023-12-06,3443.931884765625,3502.489806891295,3415.087851061814,3466.045554516319,672675
2023-12-07,3454.553466796875,3490.5398751408197,3444.1605926036773,3461.283830333635,500651
2023-12-08,3402.451416015625,3481.5207861410627,3381.070114034972,3468.609557657858,779332
2023-12-11,3392.286865234375,3414.263269729201,3372.4624064352192,3402.451041735451,451738
2023-12-12,3431.20361328125,3474.057649235446,3401.9933967065854,3413.668362269605,598126
2023-12-13,3537.560546875,3543.695582371092,3419.8952026024717,3424.6567126790396,1355603
2023-12-14,3556.1943359375,3576.568294961679,3514.851313002792,3551.0208132929074,1067427
2023-12-15,3568.006591796875,3607.7929952183135,3558.4833492497755,3606.8773117169894,924599
2023-12-18,3561.780029296875,3615.668094739179,3556.835427631441,3571.1657855280705,725829
2023-12-19,3499.60546875,3584.7182149669757,3479.551863704071,3582.8868477603464,560186
2023-12-20,3493.79052734375,3576.5682294748976,3469.295992785646,3529.4563563163088,595832
2023-12-21,3525.51904296875,3541.772426499246,3435.690617984246,3456.7513403054522,410786
2023-12-22,3603.85595703125,3611.4561757430406,3525.519179096298,3543.6955882671314,573168
2023-12-26,3724.49755859375,3735.0737498630724,3603.3069570579732,3616.904725642313,1149831
2023-12-27,3721.61279296875,3751.50999578073,3682.879333093576,3721.3380431855526,683058
2023-12-28,3821.376708984375,3835.798726157203,3712.318699226666,3721.613022204722,1714818
2023-12-29,3790.51806640625,3839.827720275523,3764.8789242610846,3823.89491422183,383687
2024-01-01,3771.288330078125,3828.839130985162,3740.567325623993,3790.5176847508556,392408
2024-01-02,3743.49755859375,3771.655052170745,3685.809493183984,3767.1678449499764,507848
2024-01-03,3653.4404296875,3719.4610854417765,3636.8206376282146,3662.7345291329448,896596
2024-01-04,3614.1572265625,3668.365649265315,3598.499171628637,3660.4450757968216,630734
2024-01-05,3653.8525390625,3696.614921107821,3620.3842567079632,3626.107279560805,593042
2024-01-08,3671.433349609375,3708.5185349589647,3656.8282410778716,3676.377951567095,508360
2024-01-09,3765.748779296875,3798.9423095703123,3691.212224187851,3706.6413586091994,1043602
2024-01-10,3789.144287109375,3824.810341655884,3741.5747930468615,3748.991695965813,511944
2024-01-11,3976.081298828125,4024.429211535231,3811.074943892976,3822.978830070441,2133475
2024-01-12,4013.578369140625,4024.429308917952,3884.9248269556483,3884.9248269556483,905401
2024-01-15,4003.734619140625,4041.4149073730932,3971.456774369598,4013.5782171913643,490217
2024-01-16,4014.9521484375,4074.792163223016,3974.15862146812,3974.15862146812,972808
2024-01-17,4002.3154296875,4056.4780208369525,3974.9821870097544,3979.5606046404955,443836
2024-01-18,4023.513427734375,4039.675152604261,3934.6004676173425,3968.572415976509,570816
2024-01-19,4028.779052734375,4066.4137393649416,4005.2001992522655,4024.4295554901023,383901
2024-01-23,4069.481201171875,4175.517182352965,4030.5185960391627,4030.5185960391627,1399043
2024-01-24,4059.8203125,4078.088378304026,3947.4201558940536,4055.562473382771,596736
2024-01-25,4067.604248046875,4102.308570765174,4009.3210701143594,4073.7395076655316,664356
2024-01-29,4206.1923828125,4235.036414609299,4053.1359670018687,4072.960426417764,418127
2024-01-30,4201.4765625,4268.916564230849,4193.876121028043,4236.867641075963,709726
2024-01-31,4231.876953125,4245.932784446739,4137.195367471618,4182.384438179917,645505
2024-02-01,4199.96630859375,4320.058127933074,4189.2526312169975,4232.015235827103,660378
2024-02-02,4319.55419921875,4367.16974787143,4203.033457563874,4210.313321250426,994506
2024-02-05,4346.4296875,4371.794303330705,4303.713134849733,4322.026807763988,425966
2024-02-06,4380.126953125,4387.955869163965,4333.930536050302,4346.337870149747,261001
2024-02-07,4389.19189453125,4411.076642256764,4331.320514526261,4386.124265174093,265821
2024-02-08,4402.5146484375,4417.898399637667,4362.682415841793,4391.572498784183,444060
2024-02-09,4494.95361328125,4508.826130658265,4388.047550983453,4431.908706820878,718094
2024-02-12,4292.2666015625,4531.763453040975,4237.371194395141,4531.763453040975,1321957
2024-02-13,4344.7353515625,4422.6145097425815,4309.4815330831825,4329.352045979614,938269
2024-02-14,4408.14697265625,4418.173888096508,4268.093417879571,4310.123210625961,735284
2024-02-15,4410.802734375,4445.461004391729,4383.423434324115,4422.935543281212,530347
2024-02-16,4481.6298828125,4505.163129222192,4422.751608565689,4422.751608565689,848705
2024-02-19,4443.44580078125,4527.139182491667,4435.433570229712,4513.358324787455,524294
2024-02-20,4270.15283203125,4470.366944239075,4260.6754181778815,4443.445938175708,1153742
2024-02-21,4243.484375,4323.116761283708,4218.359405614483,4299.4420210863855,1112050
2024-02-22,4206.3349609375,4284.610328022381,4155.336604853409,4266.971812592064,1441798
2024-02-23,4228.88623046875,4309.08015112052,4196.930474138974,4243.624286148317,819122
2024-02-26,4207.2236328125,4238.945451097865,4182.9407492860055,4233.28434909784,605090
2024-02-27,4145.41748046875,4228.652593119037,4124.784383816932,4212.557516661777,830187
2024-02-28,4093.951416015625,4172.69511637039,4069.621924565639,4154.728539920639,569688
2024-02-29,4142.095703125,4167.828817738337,4070.510857018807,4097.647596065599,1548190
2024-03-01,4217.51708984375,4234.266916207836,4164.085696602182,4173.349526208332,510674
2024-03-04,4315.396484375,4332.520518780674,4269.825297450587,4295.043931182024,570306
2024-03-05,4295.0908203125,4346.323112777011,4278.107055836202,4315.349708507991,442519
2024-03-06,4337.4794921875,4350.299443153096,4244.653415556182,4285.7327273910905,353334
2024-03-07,4353.94921875,4401.766114651072,4323.911565233786,4351.235636294108,684934
2024-03-11,4371.5419921875,4421.417267702951,4304.9630364810055,4398.023525545793,644170
2024-03-12,4359.56396484375,4395.216117987383,4335.328140224728,4366.488420890755,312738
2024-03-13,4222.19580078125,4385.624374687594,4188.929628834585,4347.4925790363395,700123
2024-03-14,4374.90966796875,4381.3196437381785,4168.764225827764,4168.764225827764,708629
2024-03-15,4290.6923828125,4380.103529668678,4211.4812719444935,4355.914311551414,1278695
2024-03-18,4261.59130859375,4288.072841358884,4236.653214485585,4267.486348721701,232124
2024-03-19,4249.94091796875,4302.2026266277135,4219.856658491808,4261.403851033123,388757
2024-03-20,4220.65185546875,4294.108197143606,4192.15809813192,4250.174571811424,418716
2024-03-21,4229.49462890625,4252.982035821408,4159.594406225276,4236.8869595449105,633619
2024-03-22,4383.05078125,4432.037360334274,4227.34215145331,4247.179767265776,902115
2024-03-26,4371.02685546875,4420.995795045454,4335.8425774944435,4383.051329768468,551123
2024-03-27,4278.76171875,4396.15169070013,4267.018243846869,4390.537193010858,693528
2024-03-28,4418.89013671875,4444.810583304985,4288.727733374836,4308.1911422181365,1086607
2024-04-01,4380.01025390625,4472.649470941281,4362.558613998121,4435.453421677215,664163
2024-04-02,4267.76611328125,4384.407653339616,4231.459215645214,4351.235150984132,1342779
2024-04-03,4264.3984375,4307.489525611193,4235.670740819869,4290.318428354203,681469
2024-04-04,4232.3486328125,4295.090457715544,4176.016326834432,4290.411709940255,1378250
2024-04-05,4234.1728515625,4272.258039249462,4181.256399721223,4192.625664846048,605460
2024-04-08,4299.86279296875,4312.729349114823,4234.360325316014,4248.302902048877,711580
2024-04-09,4231.17919921875,4372.991870015491,4215.5519979499895,4318.484455169634,945922
2024-04-10,4206.10107421875,4259.251929290567,4188.321830599,4259.251929290567,515061
2024-04-12,4155.47705078125,4232.208525549463,4146.306886560368,4219.2953625594,438331
2024-04-15,4099.7060546875,4155.24242418697,4088.243122858077,4145.370449334191,645166
2024-04-16,4045.152099609375,4160.7642438412895,4012.541132691233,4064.8965087477563,719918
2024-04-18,3978.152099609375,4116.034894824742,3959.718106598191,4077.9967648910683,1103254
2024-04-19,3942.96826171875,3978.105476341009,3900.3445934075658,3978.105476341009,674079
2024-04-22,4034.858154296875,4056.474059003455,3936.604457365995,3967.437585975973,619635
2024-04-23,4065.878662109375,4088.196381700335,4011.464913643677,4059.2818101193193,547228
2024-04-24,4111.0751953125,4122.304189416582,4056.567786432269,4079.867857816451,658601
2024-04-25,4209.2822265625,4224.909427585379,4086.3248209820113,4118.233973599835,1103462
2024-04-26,4203.0126953125,4249.051298207247,4179.478685930897,4220.464332727421,497777
2024-04-29,4171.29052734375,4238.945030160899,4159.967867559109,4238.945030160899,590104
2024-04-30,4251.1572265625,4293.406688408492,4178.122149798273,4178.122149798273,828084
2024-05-02,4268.42138671875,4327.841480559951,4258.876558960209,4327.841480559951,808478
2024-05-03,4260.234375,4285.686949175394,4226.641052716987,4283.394179685355,347594
2024-05-06,4219.9970703125,4288.260191438389,4178.590147453954,4278.200882495352,241049
2024-05-07,4189.1171875,4243.110124319278,4147.4297239346515,4237.963501315704,456294
2024-05-08,4317.455078125,4362.464726205747,4131.00696643549,4203.995436758109,1313834
2024-05-09,4458.7529296875,4605.759275053632,4336.123134191072,4355.91414574861,3589872
2024-05-10,4564.02490234375,4636.03101516581,4468.016904217329,4480.930522544739,1520297
2024-05-13,4571.65087890625,4594.483532692608,4426.656765110497,4592.658638367331,624906
2024-05-14,4719.40625,4726.470976337851,4589.898146772345,4599.115371220249,1335266
2024-05-15,4732.3662109375,4775.130149893554,4698.1647462430055,4733.021418413011,882851
2024-05-16,4811.0166015625,4823.742888309033,4717.769239407876,4739.5254189836105,1296732
2024-05-17,4762.21728515625,4836.515715728779,4746.917687049596,4805.07443621517,609690
2024-05-21,4729.13818359375,4793.6578440443645,4706.118652167549,4748.92919615257,480490
2024-05-22,4674.95849609375,4742.3324687235345,4645.9968625955435,4725.535580283484,422368
2024-05-23,4814.619140625,4824.2105742559725,4644.1719813532545,4678.74811266948,644911
2024-05-24,4789.447265625,4864.166966790095,4753.654841401945,4777.095644352254,458258
2024-05-27,4757.25732421875,4799.272390090334,4725.535503999442,4796.652473960622,380940
2024-05-28,4850.87890625,4889.291241276739,4720.856327701656,4758.239703783704,727224
2024-05-29,4813.26220703125,4867.909894583228,4777.984262866905,4838.807989419912,409279
2024-05-30,4806.009765625,4853.686388723204,4767.363491355816,4799.459518670294,457454
2024-05-31,4790.66357421875,4856.4936476338235,4682.022958116789,4842.504008844685,1905070
2024-06-03,4829.02978515625,4972.573691570246,4823.415287198135,4940.75820314093,962485
2024-06-04,4969.48583984375,5005.324868608979,4604.122206912195,4833.146933326861,1945233
2024-06-05,5294.93896484375,5404.141122900662,4973.508986152608,4973.508986152608,2058534
2024-06-06,5178.671875,5366.9448646028095,5120.749070043082,5291.7572979251345,1498100
2024-06-07,5223.2138671875,5275.194573420571,5182.181156858747,5225.13197105655,637134
2024-06-10,5354.546875,5413.311770750332,5222.465445265113,5226.161839177286,1018162
2024-06-11,5414.80859375,5470.766235692045,5338.451336883595,5361.845076309027,1015127
2024-06-12,5418.177734375,5482.55712667804,5405.451447921887,5427.347898059845,668529
2024-06-13,5442.31982421875,5464.777815240285,5362.781106017479,5446.250155411118,547596
2024-06-14,5431.27783203125,5487.937285679771,5391.414809003613,5448.869741167706,573273
2024-06-18,5385.09814453125,5515.822076581527,5368.114382352187,5449.805131592043,527069
2024-06-19,5284.83349609375,5408.445659682981,5263.591796214755,5403.766911419679,447054
2024-06-20,5150.92724609375,5304.764386161042,5142.879708297952,5304.764386161042,840321
2024-06-21,5101.70654296875,5254.233719510185,5082.991551982071,5128.843279899435,669719
2024-06-24,5169.501953125,5178.438178855821,5043.690239254224,5043.690239254224,464982
2024-06-25,5155.97998046875,5221.342177410567,5121.778517445376,5208.288288525834,1118588
2024-06-26,5102.642578125,5187.795791880616,5079.248838082248,5173.759547854965,384494
2024-06-27,5132.77392578125,5155.980333265383,5072.6986182634555,5109.099186584747,874237
2024-06-28,5221.10791015625,5245.109793029172,5101.799850995424,5146.622159878765,539635
2024-07-01,5243.09912109375,5360.254706833031,5226.161960511362,5235.519457307264,1018344
2024-07-02,5209.41162109375,5309.443160637608,5146.622732376955,5305.700162286789,689851
2024-07-03,5221.2490234375,5266.352338586904,5196.2643254311415,5240.104287192089,329072
2024-07-04,5201.22412109375,5243.894396209009,5175.257068492797,5234.583504494794,676316
2024-07-05,5200.94287109375,5237.390500704303,5036.76587824815,5201.223870118577,613329
2024-07-08,5148.40087890625,5268.270499776755,5134.972780122709,5208.054918757186,478557
2024-07-09,5230.044921875,5239.683417151795,5151.348287080536,5170.063279568684,570084
2024-07-10,5154.810546875,5286.985176282051,5119.111791447032,5235.518948902314,354244
2024-07-11,5171.18603515625,5203.235457767261,5149.429857763374,5174.695096026069,491353
2024-07-12,5190.50927734375,5240.197671647777,5151.441732202447,5178.344532748853,265681
2024-07-15,5246.13916015625,5276.691289130934,5173.384638480434,5190.602337437363,249438
2024-07-16,5219.70458984375,5295.4066360940515,5204.638930898589,5256.105155493954,336316
2024-07-18,5148.68212890625,5219.611772669776,5069.049738877224,5189.199907733998,841644
2024-07-19,5078.9677734375,5172.589328693146,5025.9105937155055,5165.290665314293,370397
2024-07-22,5112.14013671875,5137.265103881823,5043.690147526963,5073.634133560518,415035
2024-07-23,5159.3017578125,5296.202191366294,4987.264568266274,5132.586290876082,908996
2024-07-24,5069.65771484375,5158.7878698599225,5057.726906691979,5158.7878698599225,723617
2024-07-25,5056.04248046875,5100.115921615735,5009.0676672371355,5053.983648561137,438831
2024-07-26,5126.8779296875,5189.854146233341,5050.567739453176,5062.4048794438395,517306
2024-07-29,5075.833984375,5177.175494277081,5050.521680805692,5151.536043839497,418301
2024-07-30,5094.50146484375,5191.538883038327,5062.9669768481235,5104.514168524527,412385
2024-07-31,5135.81494140625,5180.449922020818,5057.913789230864,5102.548769845431,870466
2024-08-01,5063.60986328125,5172.576752536752,5019.825010230653,5172.576752536752,868140
2024-08-02,4971.5634765625,5065.731063573277,4935.979593833317,5019.4483584874115,402666
2024-08-05,4886.4453125,4945.924697175477,4829.039874905655,4882.81613523974,439371
2024-08-06,4876.92431640625,4953.55955369375,4862.031113231839,4901.856784913508,552856
2024-08-07,4940.40966796875,5009.786549149306,4923.489925582688,4929.899553516321,515480
2024-08-08,4862.87890625,4950.636860393811,4851.5674739718725,4934.61233133313,243559
2024-08-09,4908.408203125,4945.594264413247,4892.90192900718,4906.287309354299,333635
2024-08-12,5007.05322265625,5019.448576383747,4887.481853248775,4915.5717287821435,569618
2024-08-13,4944.5107421875,5097.0263979612455,4916.703466066152,5043.01448302414,1042924
2024-08-14,4781.39013671875,4993.620810436242,4704.613599639905,4977.0306163291325,2185163
2024-08-16,4833.8466796875,4844.074192320087,4731.996376464097,4826.211370427702,679493
2024-08-19,4891.15771484375,4924.243747851554,4814.475534566012,4853.5472928192285,714915
2024-08-20,4943.47314453125,5043.013846335903,4892.194740651091,4900.678315345861,962948
2024-08-21,4981.46142578125,5000.785125414977,4915.76066292121,4943.473584001771,612911
2024-08-22,5024.1142578125,5074.120030913164,4961.4300701744305,4981.743333341273,761731
2024-08-23,5075.9111328125,5131.431323614576,5010.022128574052,5024.161419623649,757678
2024-08-26,5037.12255859375,5113.710386970029,5021.333683205409,5099.571095577485,553070
2024-08-27,5049.18798828125,5087.270181951346,5020.391148431562,5046.784492809347,672259
2024-08-28,5006.62841796875,5074.3087647333,4963.833590724255,5057.152908134377,688591
2024-08-29,5066.1083984375,5078.1737436837,4987.305317807391,4995.8832471334545,516725
2024-08-30,5142.3662109375,5201.374282344069,5076.80721031343,5090.145183881474,1569946
2024-09-02,5258.1201171875,5306.051949076663,5200.431621457484,5217.398771935323,1054947
2024-09-03,5322.5009765625,5371.988500031823,5231.443841326261,5280.554409050407,805935
2024-09-04,5357.61279296875,5362.844146316844,5283.381518291593,5283.381518291593,532554
2024-09-05,5405.16845703125,5466.250011282701,5325.79971783881,5363.504494602271,817503
2024-09-06,5414.17041015625,5439.196772190547,5325.517235902489,5391.783198449401,683920
2024-09-09,5415.63134765625,5439.244241061543,5359.875499182988,5414.217418479769,469914
2024-09-10,5344.36962890625,5527.6617030562575,5333.576452201111,5464.364899643854,775935
2024-09-11,5329.99462890625,5381.131733068538,5280.884064469144,5371.0455210454575,592210
2024-09-12,5470.162109375,5484.160100618847,5330.513126332,5372.93100266886,855863
2024-09-13,5463.2333984375,5511.590050382212,5438.914001737856,5492.548954173721,332581
2024-09-16,5447.822265625,5488.401849596083,5398.381690448564,5448.3405222267675,333195
2024-09-17,5619.14306640625,5641.5302776145045,5432.881377100895,5467.192631910553,1250736
2024-09-18,5622.4892578125,5793.292083020272,5587.942347677522,5641.859903037466,1446956
2024-09-19,5661.41943359375,5712.273937655636,5636.958734721735,5655.716769956074,532623
2024-09-20,5668.2060546875,5742.437331751757,5642.284021426966,5701.669043078372,993542
2024-09-23,5835.33251953125,5853.666651522616,5659.769650957001,5702.847542948764,887240
2024-09-24,5774.76953125,5887.8369218840835,5759.687619582976,5835.757195658893,631130
2024-09-25,5738.94970703125,5814.453615630427,5687.624355087454,5791.453793529116,341785
2024-09-26,5704.21484375,5716.987153615199,5565.319771139163,5660.995648483259,1255943
2024-09-27,5615.51416015625,5739.892522366987,5599.630930123167,5719.909265873132,718197
2024-09-30,5384.619140625,5552.028443468862,5363.97586715782,5552.028443468862,1346723
2024-10-01,5420.15625,5461.537152248963,5339.939241886499,5384.619312246072,742940
2024-10-03,5337.81787109375,5404.366891087657,5299.40613152427,5404.366891087657,1219791
2024-10-04,5204.06103515625,5325.753306448487,5169.325414017758,5323.01934164754,943922
2024-10-07,5185.86767578125,5286.634059791485,5124.1735110218,5250.343212192965,682783
2024-10-08,5212.5439453125,5226.824537071661,5100.513538339903,5148.5871274094525,473756
2024-10-09,5235.8740234375,5267.357420620455,5212.685493205282,5223.101253891951,439340
2024-10-10,5143.02587890625,5273.908676646986,5132.562711353843,5267.35728761162,579335
2024-10-11,5162.06689453125,5173.425735467998,5127.849991377974,5147.173690794013,303034
2024-10-14,5236.5810546875,5255.1034348311305,5184.265675201737,5188.177453867362,407147
2024-10-15,5189.732421875,5267.027212888244,5150.472415809363,5245.676975472018,302887
2024-10-16,5088.4482421875,5202.316481893108,5077.890720775172,5189.732420818277,504211
2024-10-17,4918.06982421875,5055.314842087548,4807.358990422203,5055.314842087548,1947589
2024-10-18,4916.8916015625,4985.184102367538,4850.766481054213,4918.0698758372255,427617
2024-10-21,4941.44677734375,4952.381254940268,4793.266816730509,4916.891724947645,740720
2024-10-22,4878.8095703125,4971.751940232487,4859.203269837335,4961.006170543917,531833
2024-10-23,4850.43701171875,4977.030617758266,4826.729764713219,4878.809488506996,411524
2024-10-24,4820.1787109375,4931.03084569607,4801.326322722211,4863.963106409476,349453
2024-10-25,4687.9287109375,4849.494038553483,4595.26941132324,4826.211156097434,709797
2024-10-28,4645.03955078125,4728.03746252853,4615.111385761839,4687.928732147649,419927
2024-10-29,4512.74365234375,4675.345506832282,4472.729272742516,4645.08733055304,953917
2024-10-30,4627.6015625,4748.445562203272,4468.110624936003,4472.729368268889,1039340
2024-10-31,4703.2470703125,4739.019665417898,4637.64111953507,4653.712598342747,897452
2024-11-01,4732.42041015625,4753.629345367586,4722.664207906365,4750.518885641931,49631
2024-11-04,4530.27587890625,4833.281075538542,4455.29068815854,4833.281075538542,1676556
2024-11-05,4544.0859375,4598.380451649819,4487.7170161134545,4541.540680783981,673746
2024-11-06,4612.0478515625,4637.687282432513,4563.220352491015,4579.244881718932,602657
2024-11-07,4539.6552734375,4634.812891067262,4513.308875691653,4634.812891067262,373373
2024-11-08,4495.2578125,4554.737191972688,4464.198777715265,4552.851953068726,333494
2024-11-11,4484.51220703125,4511.5181632668355,4446.854374440143,4489.696614207009,424955
2024-11-12,4453.12255859375,4520.991152421946,4432.950136106349,4484.511599133947,310558
2024-11-13,4260.26318359375,4427.248135940237,4234.246793345088,4422.440684438295,1304908
2024-11-14,4339.81982421875,4364.3279292208545,4210.6809632461245,4260.262836956906,889483
2024-11-18,4461.41796875,4562.231305561432,4443.60255275084,4556.763836456257,1783519
2024-11-19,4501.76171875,4575.42779589077,4462.831720145043,4486.8215688987675,704072
2024-11-21,4494.2685546875,4543.426070430026,4469.147836620486,4524.526733225831,572418
2024-11-22,4519.01171875,4532.490991948788,4469.901156379448,4504.212410191854,394712
2024-11-25,4579.52783203125,4626.988812792424,4538.712594466742,4571.704274800352,1174601
2024-11-26,4561.05322265625,4601.1614988378005,4525.563229773289,4581.130834182169,384827
2024-11-27,4591.7353515625,4612.614281944939,4534.565569543386,4564.1637305138565,296689
2024-11-28,4509.02001953125,4628.214429929013,4486.962817038714,4613.17946599476,778790
2024-11-29,4488.470703125,4528.767679979504,4460.5690785602055,4523.441512488637,462448
2024-12-02,4475.98193359375,4504.778776401758,4425.221779371311,4461.889587381821,510429
2024-12-03,4427.4833984375,4509.491287657015,4420.885062523286,4477.442227502262,664696
2024-12-04,4369.8427734375,4453.877211200372,4350.660374242395,4435.071767758818,586762
2024-12-05,4377.8544921875,4409.620489735061,4325.114752775692,4388.8359161191,796988
2024-12-06,4363.951171875,4449.163879549278,4350.188835618627,4389.7319063229515,733835
2024-12-09,4332.23193359375,4392.22956798608,4326.623163905552,4372.764568898312,329145
2024-12-10,4325.0205078125,4350.141683607635,4299.947199409866,4336.049339150041,384707
2024-12-11,4383.6044921875,4387.2806157271925,4323.088143715505,4323.088143715505,571443
2024-12-12,4295.28125,4392.748010693244,4281.377612881988,4383.6048780347,821540
2024-12-13,4312.908203125,4320.024795630382,4241.787383883203,4295.281035891063,552194
2024-12-16,4278.5498046875,4326.6233979985955,4256.586954986033,4326.6233979985955,835965
2024-12-17,4161.75927734375,4296.9777629646005,4143.378197840868,4254.324232323297,778939
2024-12-18,4137.5810546875,4175.709734598002,4121.320869466677,4146.064629585321,738092
2024-12-19,4154.0771484375,4202.292043331703,4076.8292970731377,4081.1180316502387,691740
2024-12-20,4090.921630859375,4205.543792384069,4076.8292854090664,4154.077136552417,800108
2024-12-23,4027.43603515625,4124.431486460156,4014.0037077234865,4114.533982036014,931177
2024-12-24,4014.710693359375,4067.403029897954,4006.1327640941613,4027.436056257086,561434
2024-12-26,4029.697998046875,4060.6631378740176,4011.4112734534447,4024.9849009731356,375676
2024-12-27,3994.774169921875,4099.121863945152,3985.9131791302743,4034.8824422863904,744900
2024-12-30,3947.313232421875,4028.7554594368953,3929.0734543279923,4008.7247964717494,1819173
2024-12-31,3921.86279296875,3975.450803722363,3911.8709341925846,3923.559323967366,492605
2025-01-01,3944.24951171875,3956.173554874358,3893.0180561427446,3935.2472204430123,329310
2025-01-02,4064.103515625,4074.1423201144576,3908.1000059796474,3944.86216233112,1062633
2025-01-03,3999.628662109375,4053.074908522618,3923.606495866217,4020.6962987734873,1269643
2025-01-06,3961.640625,4053.2634146647497,3947.454387154025,4014.616019315621,813031
2025-01-07,3923.229248046875,3982.4260279324562,3916.8665665156514,3959.0961956513042,396158
2025-01-08,3900.653564453125,3956.17375695722,3864.7396720335005,3956.17375695722,438731
2025-01-09,3903.622802734375,3925.444350979503,3876.3811926442186,3911.2581123426603,340998
2025-01-10,3885.665771484375,3925.067077251534,3851.919721703491,3907.1573091276678,355269
2025-01-13,3811.623046875,3885.430425966787,3768.1212513109203,3864.7397449342775,801718
2025-01-14,3867.237548828125,3897.0244151491024,3824.9140280755328,3833.633257885082,242769
2025-01-15,3875.956787109375,3918.657723941565,3848.8564781826235,3886.608662949929,281045
2025-01-16,3840.325927734375,3935.4361365629416,3825.1024857977536,3930.723039393405,349664
2025-01-17,3862.8544921875,3888.3052172458365,3817.6087587504576,3842.116864362189,211342
2025-01-20,3857.293212890625,3881.2356552992915,3813.4142306762615,3881.2356552992915,254936
2025-01-21,3793.854736328125,3882.649440805271,3779.903922706758,3858.0469815748747,287082
2025-01-22,3822.981689453125,3838.3464326435346,3795.928557037209,3795.928557037209,272889
2025-01-23,3865.06982421875,3878.8791073599496,3794.043355315625,3822.9817269310697,282745
2025-01-24,3819.399658203125,3888.3052320652528,3809.2195522463517,3869.4997899284485,216273
2025-01-27,3785.512451171875,3840.9856966403368,3770.4777173004786,3812.895591620109,328160
2025-01-28,3795.316162109375,3829.2032875208197,3770.47804592913,3789.3304361587757,444089
2025-01-29,3838.7705078125,3878.6903031777397,3801.631393780084,3804.412075112907,479893
2025-01-30,3938.0751953125,3946.747478008175,3827.0819896822,3845.133059369159,807120
2025-01-31,4090.1669921875,4121.886043834551,3936.3787248163776,3947.690157933666,1056018
2025-02-01,4149.5517578125,4263.420453598134,3992.9825887718544,4081.5418624799695,1141242
2025-02-03,4040.679443359375,4175.804029224545,3985.583614436556,4166.37783502765,846135
2025-02-04,3993.97265625,4100.394291911536,3977.8537728429155,4075.886188097812,554233
2025-02-05,4025.361572265625,4043.837003541937,3970.8783580481872,3994.8207974383986,408928
2025-02-06,3987.3271484375,4085.925233181514,3974.9317949462875,4042.894748117946,576470
2025-02-07,4029.3681640625,4072.0691015617103,3973.706669311441,4072.0691015617103,1344288
2025-02-10,3955.655517578125,4073.01163739782,3930.8174033788673,4059.201894445267,779450
2025-02-11,3851.118896484375,3995.7638034271054,3837.4037376154156,3959.0016452922487,593081
2025-02-12,3880.30029296875,3929.4352363374946,3821.6477278649922,3871.8454271121914,619474
2025-02-13,3823.09716796875,3889.335050544391,3812.0334191577017,3869.9129212961425,557075
2025-02-14,3732.122802734375,3846.819291139417,3720.141143802397,3826.479251470701,475952
2025-02-17,3745.69873046875,3755.0715058812425,3630.905763274472,3715.357935197997,913565
2025-02-18,3710.96142578125,3760.627629371038,3681.490178941951,3749.129106114113,482022
2025-02-19,3748.307861328125,3767.3917024079715,3686.321707322262,3711.34801721146,453662
2025-02-20,3777.24755859375,3805.1726776350806,3725.455372936022,3734.151806175919,438563
2025-02-21,3722.6533203125,3784.7361915597867,3699.510956235717,3768.4544414695583,426337
2025-02-24,3753.815673828125,3759.8548638539073,3671.9242570785145,3710.3335056424908,272543
2025-02-25,3699.12451171875,3752.3177423049005,3688.3506915494727,3746.230191845776,661184
2025-02-27,3632.741943359375,3681.7801663464465,3599.5988213317687,3679.7025434350053,877741
2025-02-28,3556.93798828125,3620.566751226765,3538.626975865343,3619.2624277579744,995134
2025-03-03,3508.2861328125,3589.6944111818325,3494.9999152744786,3521.137575866811,691809
2025-03-04,3396.29541015625,3517.127327848641,3377.1148494814065,3502.7299940973103,946922
2025-03-05,3467.702880859375,3487.8497129621346,3394.991033618785,3396.4404392116207,611959
2025-03-06,3525.67919921875,3534.6172006145084,3461.856990719756,3507.0784936113605,654829
2025-03-07,3529.302490234375,3607.763596292639,3502.7300553318573,3540.4145993754278,621576
2025-03-10,3462.001953125,3542.1056739074234,3455.0929783090487,3529.785726463566,675889
2025-03-11,3527.514892578125,3539.9315614086263,3432.9171160896676,3458.281713738631,618870
2025-03-12,3488.477783203125,3545.680944876083,3475.674700140334,3527.5150138020445,385877
2025-03-13,3410.113037109375,3503.26164382832,3405.4751279830007,3502.730147935048,359751
2025-03-17,3375.279052734375,3429.293470917625,3344.8415367203133,3368.418438889502,673556
2025-03-18,3375.279052734375,3375.279052734375,3375.279052734375,3375.279052734375,0
2025-03-19,3417.6982421875,3467.799454406051,3395.6188702356826,3464.0792191807145,674188
2025-03-20,3475.8193359375,3511.426493115277,3441.1303243276775,3458.2816232414903,771668
2025-03-21,3506.59521484375,3586.6989351164443,3489.9270507610677,3506.59521484375,1195882
2025-03-24,3504.03466796875,3562.977160830716,3462.0019066655445,3534.617030968396,663262
2025-03-25,3505.58056640625,3551.7199768994487,3493.06741220759,3529.302551338374,544164
2025-03-26,3522.9736328125,3545.536141752077,3483.7913196310406,3526.887075241544,755658
2025-03-27,3644.8203125,3661.1985486123035,3488.5744358726183,3511.4266364890764,1525094
2025-03-28,3597.37646484375,3680.2825152566993,3582.302787617857,3651.53596984708,509889
2025-04-01,3635.157470703125,3687.8675662497135,3582.3025289642515,3582.3025289642515,506307
2025-04-02,3656.31884765625,3661.971623881409,3606.990696355983,3642.839422703017,321687
2025-04-03,3626.7509765625,3678.6880087919108,3609.647802340878,3652.5019874822765,339509
2025-04-04,3535.7763671875,3618.6340485200626,3510.025357089047,3618.6340485200626,330498
2025-04-07,3407.93896484375,3425.428553371403,3231.2082038008384,3361.6063465427897,605866
2025-04-08,3453.59521484375,3500.7008962851546,3391.850631378282,3478.573398749894,450859
2025-04-09,3489.105712890625,3554.6672542667648,3418.6646946913525,3468.910755777828,584571
2025-04-11,3542.34716796875,3579.1621633402588,3498.3335055390867,3498.3335055390867,436704
2025-04-15,3675.595947265625,3687.28791368131,3562.155894598048,3622.547795700008,604277
2025-04-16,3654.337890625,3687.8676618555846,3615.7837964575046,3680.5239125351777,491227
2025-04-17,3644.57861328125,3669.50843590263,3540.7045489470443,3654.3378024333256,970749
2025-04-21,3784.881103515625,3799.858294504773,3629.3115713057664,3666.0298459888386,1031160
2025-04-22,3704.29443359375,3771.2567860076033,3692.312538657473,3769.420966543641,927543
2025-04-23,3807.58837890625,3820.8262357451317,3693.665197066827,3731.8328765407005,800615
2025-04-24,3821.1162109375,3853.486268610128,3792.5145133778515,3807.685147041647,1227984
2025-04-25,3764.106201171875,3859.3805533793047,3710.381474596685,3826.430639620235,652719
2025-04-28,3779.760009765625,3802.2741580606007,3716.7592246455147,3763.62334069785,521342
2025-04-29,3722.749755859375,3820.536268770531,3716.662205431351,3802.7569885706293,428581
2025-04-30,3698.30322265625,3737.0507599334824,3678.1082657238007,3722.7499108784864,892342
2025-05-02,3611.3388671875,3781.982312705647,3599.3572086940558,3675.306155835822,881303
2025-05-05,3640.520263671875,3666.512841714894,3616.073576644774,3641.872947799034,640182
2025-05-06,3741.978759765625,3776.1846367804656,3653.4682987888796,3657.3333803004252,1210118
2025-05-07,3737.533935546875,3763.4300296444526,3684.968919750546,3691.152955995104,448141
2025-05-08,3672.310546875,3744.2976895515394,3648.3469944807,3738.5000673225563,739365
2025-05-09,3723.909423828125,3764.686223691566,3609.019966901425,3609.019966901425,859973
2025-05-12,3850.49072265625,3864.5983644924227,3778.1171659370852,3797.3458520356517,547435
2025-05-13,3926.536376953125,3960.1623971648933,3824.0149961494803,3864.115216576569,1197629
2025-05-14,3930.014892578125,3969.2453289639548,3800.3414531061453,3932.720496857872,1199813
2025-05-15,4179.11962890625,4200.377578463693,3930.0150637292313,3945.282183774386,2629014
2025-05-16,4198.734375,4215.837548968028,4149.454587010688,4183.950627327885,765257
2025-05-19,4239.70458984375,4304.347981689417,4177.28343107129,4177.28343107129,753807
2025-05-20,4098.53271484375,4287.535303681332,4088.6765678182023,4260.286289066039,842529
2025-05-21,4119.98388671875,4144.237370145699,4069.9312645452005,4097.953108484377,396931
2025-05-22,4132.0615234375,4139.501993523077,4061.137377294561,4106.648803098291,394809
2025-05-23,4163.4658203125,4188.782294183121,4132.158752891332,4144.237133209046,461297
2025-05-26,4212.35888671875,4269.272116205031,4154.962522055486,4164.528504197414,765160
2025-05-27,4191.87451171875,4227.336352935315,4154.96279306497,4223.084857462896,411809
2025-05-28,4215.06494140625,4235.549590866292,4165.1085728379885,4220.669121019912,424160
2025-05-29,4209.65380859375,4236.129523754872,4185.980183289919,4236.129523754872,369150
2025-05-30,4163.94921875,4232.264730870259,4144.6238090199995,4195.160038551009,914311
2025-06-02,4089.546142578125,4173.032284983815,4054.4707147760378,4164.722264942947,771163
2025-06-03,4066.6455078125,4136.120251930193,4059.301758756861,4106.649006121556,417447
2025-06-04,4058.915771484375,4097.6633111289675,4049.9291731573057,4070.897430775388,353642
2025-06-05,4037.947509765625,4085.198040649598,4032.053165628172,4085.198040649598,394746
2025-06-06,4124.0419921875,4151.967111877224,4017.8489715213964,4047.7066319759692,551467
2025-06-09,4202.6962890625,4212.938849434936,4130.805867278521,4159.697257227671,495256
2025-06-10,4231.2978515625,4243.859366079584,4183.660912157004,4222.698139832373,469185
2025-06-11,4261.5419921875,4335.3654253522745,4218.639682442977,4227.4328371064985,1241569
2025-06-12,4215.64404296875,4275.7462467322375,4193.613267981449,4261.541884035367,813687
2025-06-13,4187.62255859375,4200.37751686586,4108.001970326754,4122.206334229253,521000
2025-06-16,4217.287109375,4265.214214992928,4167.041049187694,4170.422995546454,360242
2025-06-17,4223.56787109375,4241.927008488117,4187.622423891671,4221.635330315396,331648
2025-06-18,4210.90966796875,4282.510398735953,4203.2762261961625,4205.208766989816,370443
2025-06-19,4236.41943359375,4255.455150580585,4203.566237608342,4227.3365855366055,425692
2025-06-20,4192.1640625,4234.583238010598,4063.070244788574,4232.747418642676,1159015
2025-06-23,4109.64453125,4178.829582862617,4101.817647031135,4174.287923480449,580717
2025-06-24,4147.7158203125,4183.95096143346,4118.244572200786,4138.63297263386,469217
2025-06-25,4155.7353515625,4210.90948316219,4145.299820459449,4156.411929535272,412213
2025-06-26,4133.70458984375,4179.02257525319,4104.813200513633,4160.663438458652,795726
2025-06-27,4174.57763671875,4203.179333662652,4140.4684818242,4153.996266828994,543489
2025-06-30,4094.184326171875,4197.478535550403,4068.9645748625107,4197.478535550403,871009
2025-07-01,4083.458740234375,4120.177015702644,4048.769726983275,4114.669085657715,480538
2025-07-02,4100.56201171875,4178.733195128211,4087.4206395109572,4139.888935125067,808159
2025-07-03,4165.205078125,4203.2760356719655,4095.0537561328256,4100.851378250994,650625
2025-07-04,4198.44482421875,4227.143243387462,4161.823270977436,4179.119416512334,437195
2025-07-07,4161.7265625,4212.552479288045,4148.198777063501,4193.613485314604,353771
2025-07-08,4155.34912109375,4182.984548811605,4096.986483474522,4159.890780684553,467771
2025-07-09,4186.9462890625,4197.478541870136,4145.493384012727,4154.962645037197,276485
2025-07-10,4175.5439453125,4202.213101785646,4164.625278897612,4184.047407623257,368728
2025-07-11,4076.40478515625,4193.613186174189,4048.672638264942,4155.059094792665,556464
2025-07-14,4108.2919921875,4115.345577286293,4055.6302561081147,4076.694761815184,293675
2025-07-15,4303.76806640625,4314.397040077212,4116.408343059523,4131.578504211976,1756329
2025-07-16,4275.26318359375,4319.228484724616,4223.567719626688,4303.768159052223,791606
2025-07-17,4293.71923828125,4313.334338651341,4263.184999318169,4287.3417592871065,414759
2025-07-18,4248.40087890625,4332.7560886060455,4239.221310921916,4299.902897925269,370997
2025-07-21,4259.51318359375,4272.847525818028,4199.604421359305,4261.252281514587,269975
2025-07-22,4195.9326171875,4282.2208495978175,4173.128540697165,4268.982755993741,463290
2025-07-23,4216.51416015625,4229.365367224141,4179.988857448241,4212.938771098299,376802
2025-07-24,4219.65283203125,4237.406877933998,4173.747782431995,4227.598065716558,584473
2025-07-25,4149.814453125,4208.765032484859,4114.796801283032,4196.209944192804,630896
2025-07-28,4209.0595703125,4224.655486185809,4134.90485303373,4134.90485303373,462891
2025-07-29,4242.5078125,4251.531632714169,4184.047193681376,4207.98060060894,422393
2025-07-30,4170.02001953125,4243.09566832754,4135.101032256451,4228.578818265829,547169
2025-07-31,4179.24072265625,4220.731805860108,4120.681923406533,4129.509854211261,446590
2025-08-01,4229.16748046875,4239.368549166226,4158.936290713744,4173.747692632588,473918
2025-08-04,4449.17919921875,4463.00972073593,4227.696402897742,4233.385322611738,1454995
2025-08-05,4459.87060546875,4493.907375884438,4429.5614711117305,4449.277279714463,803505
2025-08-06,4389.34521484375,4462.911305325653,4376.790126979866,4462.617232542087,574216
2025-08-07,4571.59326171875,4585.521487577974,4337.750797346443,4345.30377426608,2121194
2025-08-08,4511.857421875,4621.91249067183,4500.381398516567,4570.906665222989,972461
2025-08-11,4474.9765625,4536.281639695783,4452.219926266559,4514.996325315041,455558
2025-08-12,4556.3896484375,4580.32305448836,4483.608070116058,4501.263932129204,723767
2025-08-13,4677.5283203125,4701.853982235643,4561.293899347667,4579.04746572229,1342794
2025-08-14,4618.0869140625,4682.236449316643,4600.823309001721,4678.803365086496,373862
2025-08-18,4888.7119140625,5021.1308764217365,4806.317893038974,4806.317893038974,3698091
2025-08-19,5020.34619140625,5040.748328145747,4888.711746930999,4888.711746930999,1509894
2025-08-20,5037.80615234375,5066.251708889305,5013.382304754166,5022.112052180685,916240
2025-08-21,4999.64990234375,5060.26817185994,4943.641487323186,5037.806087081723,819430
2025-08-22,4902.34619140625,5025.348601552422,4886.750275677314,4999.649800758037,1357460
2025-08-25,4966.986328125,4982.778612185291,4880.865145156597,4914.215107965143,693190
2025-08-26,4976.40283203125,5044.672262739089,4944.622375358303,4966.986276253286,1662083
2025-08-28,4994.35302734375,5145.702805826195,4981.307019938564,5130.008706532786,1584393
2025-08-29,4990.4296875,5049.8707076203555,4964.632223462689,5002.003894579548,783364
2025-09-01,5143.7412109375,5158.944870123147,5011.812684455598,5015.736209406733,659443
2025-09-02,5210.44091796875,5245.752641057394,5108.429273490446,5188.861531636801,962257
2025-09-03,5246.7333984375,5260.956175457008,5156.001889864782,5223.192250267281,659989
2025-09-04,5248.6953125,5413.483354454775,5238.886500478882,5399.75101762521,1187848
2025-09-05,5260.4658203125,5315.885607530038,5246.243043061982,5257.523176743427,517415
2025-09-08,5338.9365234375,5418.878343511017,5233.00135082474,5267.332193801098,726543
2025-09-09,5319.80908203125,5383.075918168618,5287.930443667459,5361.006091609071,608443
2025-09-10,5248.205078125,5353.649811495421,5215.8359971833825,5345.80276157018,536616
2025-09-11,5200.63232421875,5260.466079740693,5184.938224409716,5248.205064264886,765635
2025-09-12,5200.1416015625,5286.459145830632,5184.937943197091,5204.555566894393,537933
2025-09-15,5187.39013671875,5253.599616576652,5167.282072465609,5222.211418718091,588879
2025-09-16,5214.36474609375,5246.733827474693,5182.976545966774,5205.536814808038,925160
2025-09-17,5247.71435546875,5284.987840610397,5208.969548545196,5241.8290683411215,616629
2025-09-18,5267.33203125,5284.007011609637,5237.905595321229,5257.523219273743,420977
2025-09-19,5304.60546875,5331.0892608462,5269.293745955067,5286.949607352533,579031
2025-09-22,5325.6943359375,5393.865577552318,5296.758341295239,5305.586271864065,672445
2025-09-23,5267.82275390625,5408.579213302125,5248.695569528413,5345.802813292815,507377
2025-09-24,5176.1103515625,5273.217595224559,5164.339776573159,5267.332307729889,410267
2025-09-25,5252.12841796875,5271.255601487359,5130.989589017561,5169.243956054779,640474
2025-09-26,5226.13525390625,5349.726290316195,5207.008069699949,5252.128606801993,689941
2025-09-29,5199.16064453125,5325.203874947676,5168.2628876587405,5226.134876721536,8318930
2025-09-30,5367.87255859375,5378.662252178863,5221.2308139597135,5221.2308139597135,1141788
2025-10-01,5328.63720703125,5413.483432232944,5306.567379666648,5367.872455679432,701001
2025-10-03,5444.38134765625,5477.240869347356,5267.822723644336,5360.516001250591,1634394
2025-10-06,5474.78857421875,5488.030470797081,5421.330547291415,5421.330547291415,844413
2025-10-07,5507.64794921875,5540.997910086682,5465.960498133835,5474.788428951817,858678
2025-10-08,5407.10791015625,5550.807013800311,5387.490285085388,5504.705594883787,789561
2025-10-09,5406.6171875,5431.139217559416,5361.4966521906745,5409.55983110713,872880
2025-10-10,5394.8466796875,5461.056161665483,5371.795971147018,5406.617254261364,835407
2025-10-13,5452.71875,5474.298137030041,5379.643098466451,5394.846757510344,417645
2025-10-14,5464.9794921875,5484.106675189862,5434.081735029839,5475.769185163191,375269
2025-10-15,5431.6298828125,5501.762891683126,5342.860130325903,5473.317335637697,484777
2025-10-16,5472.82666015625,5504.705299183955,5445.361986532381,5470.374457154118,294066
2025-10-17,5485.578125,5517.456764081359,5444.3811144948595,5475.278872373715,435204
2025-10-20,5533.15087890625,5585.137582785355,5499.310477324569,5512.552373595661,368799
2025-10-21,5538.5458984375,5559.634845009076,5523.342239281247,5558.653963773189,40575
2025-10-23,5481.65478515625,5607.6980239309805,5455.170991795023,5605.736261459778,489097
2025-10-24,5434.572265625,5517.456726674601,5379.642918657218,5507.647914716068,546761
2025-10-27,5538.5458984375,5553.749557593753,5443.8908591743775,5463.508483892123,424721
2025-10-28,5502.2529296875,5556.691834687528,5468.412529282077,5532.169805408236,539756
2025-10-29,5445.36181640625,5530.698478214292,5421.330227736169,5529.717597044085,432099
2025-10-30,5409.56005859375,5480.673948756587,5387.980671233992,5463.998967614956,402078
2025-10-31,5438.00537109375,5517.456748268821,5395.827479506984,5409.069375702829,424188
2025-11-03,5433.10107421875,5472.826763604173,5377.190844713339,5472.826763604173,223771
2025-11-04,5207.49853515625,5370.324821996698,5152.078744755736,5370.324821996698,2003141
2025-11-06,5224.17333984375,5305.0960399070445,5203.574834373093,5250.166691985293,815323
2025-11-07,5194.7470703125,5222.211745155541,5157.473583025514,5203.575001512049,436406
2025-11-10,5257.03271484375,5306.567214722398,5199.160724886518,5208.479096150819,347961
2025-11-11,5313.923828125,5326.184842956853,5229.077605488578,5272.726818289974,348232
2025-11-12,5428.19677734375,5450.757045843733,5317.847637941659,5335.993940865558,534031
2025-11-13,5403.18408203125,5487.539865103718,5380.623814465358,5447.8141765637765,585663
2025-11-14,5432.61083984375,5521.871034197055,5358.063864339891,5415.935858481044,938647
2025-11-17,5687.6396484375,5698.9197822578035,5464.489175035839,5482.145036667619,1770568
2025-11-18,5688.62060546875,5769.543305693109,5678.811793320343,5708.728670372984,1182455
2025-11-19,5764.1484375,5803.383685947205,5723.441867236024,5739.1359666149065,935374
2025-11-20,5884.796875,5926.4843268189015,5808.288139897075,5836.2432546462205,1276202
2025-11-21,5887.7392578125,5922.560539553831,5843.599604900953,5855.860619598605,703572
2025-11-24,5867.63134765625,5933.350388159923,5857.822535640777,5888.229852888744,1349305
2025-11-25,5965.22900390625,5971.114291092543,5855.370309762125,5885.287186292444,707293
2025-11-26,6019.177734375,6028.496106162918,5936.293269524566,5967.191028610822,452071
2025-11-27,6033.400390625,6081.463570456023,5980.4328046887695,6019.668053530421,352120
2025-11-28,6056.451171875,6119.718011390092,6010.8401945501655,6034.381344137177,504441
2025-12-01,6175.1376953125,6212.411181520407,6091.762791952709,6110.8899756646615,912454
2025-12-02,6150.61572265625,6218.78696780809,6111.8709142606,6208.978155556027,809216
2025-12-03,6092.74365234375,6173.666352386954,6072.63558748453,6173.666352386954,543787
2025-12-04,6218.787109375,6229.576803097891,6120.208543997684,6128.546034601735,883433
2025-12-05,6229.0859375,6266.359422363396,6184.455843781985,6213.882279200457,651633
2025-12-08,6049.09423828125,6229.576375437688,6027.024411726794,6189.360247049568,707514
2025-12-09,5886.26806640625,6046.15170160442,5851.937224492533,6046.15170160442,1186776
2025-12-10,5831.8291015625,5928.936339146335,5802.402665931035,5912.751799549029,820197
2025-12-11,5865.17919921875,5904.414447645667,5792.593989628954,5831.8292380558705,695094
2025-12-12,5846.05224609375,5922.070542917956,5836.733874224977,5888.72058044024,679186
2025-12-15,5845.5615234375,5862.236503871838,5764.14838366985,5825.9438993971025,652031
2025-12-16,5832.81005859375,5871.554866012308,5819.077721787173,5846.542395400327,388048
2025-12-17,5705.7861328125,5856.8418427064535,5671.455289654783,5855.860961473375,538205
2025-12-18,5638.595703125,5674.3978677182085,5407.598175407171,5674.3978677182085,1016539
2025-12-19,5670.47412109375,5686.658660619446,5615.5447748247225,5615.5447748247225,769295
2025-12-22,5590.53271484375,5682.735552846261,5572.386411619852,5682.735552846261,1213460
2025-12-23,5634.181640625,5642.519130866176,5586.1184615876355,5600.831679660298,351302
2025-12-24,5589.5517578125,5640.0671417779895,5581.214267255089,5634.1818543256995,313655
2025-12-26,5529.2275390625,5610.640681823222,5503.724626872395,5589.551735204481,249826
2025-12-29,5459.5849609375,5542.959866018292,5444.381301775708,5529.227528710867,572147
2025-12-30,5601.8125,5632.71025761688,5460.075167440028,5463.508251619681,2980473
2025-12-31,5660.66552734375,5674.888305050644,5575.81930171297,5600.3413322420965,473265
