Price,Close,High,Low,Open,Volume
Ticker,HINDUNILVR.NS,HINDUNILVR.NS,HINDUNILVR.NS,HINDUNILVR.NS,HINDUNILVR.NS
Date,,,,,
2020-01-01,1732.31103515625,1735.3077042475215,1715.7173745343136,1726.4517898077297,543035
2020-01-02,1733.653076171875,1746.668490968314,1726.4520279210049,1735.3973752159322,663275
2020-01-03,1724.1707763671875,1735.3972299611075,1716.388368550451,1733.5187290256324,1598825
2020-01-06,1713.4365234375,1725.9153485736872,1709.679521209307,1724.0815086788934,683129
2020-01-07,1718.1328125,1727.3465638988878,1715.7176124070777,1716.8357808197518,808935
2020-01-08,1725.8704833984375,1731.8639313428869,1705.3856171453197,1708.56125897527,1889685
2020-01-09,1730.969482421875,1741.927532924243,1727.3465730671282,1736.7839581986416,1544334
2020-01-10,1747.9208984375,1751.0517700570147,1727.9280686492564,1736.2025150722588,1003336
2020-01-13,1784.462646484375,1787.1462507678905,1750.6045276132493,1754.1826666579366,2040089
2020-01-14,1796.941162109375,1802.4424625851912,1773.3254266468057,1785.0438081585603,1610737
2020-01-15,1808.436279296875,1813.222018582173,1786.6990402303834,1799.0436640057487,1559491
2020-01-16,1833.125244140625,1838.0004146042081,1803.4713968319531,1808.7491734304472,2468958
2020-01-17,1843.009765625,1846.229959299164,1824.8954391339948,1838.2686883464357,994719
2020-01-20,1845.291015625,1856.964518887726,1833.7961572337272,1843.1887716976073,829399
2020-01-21,1838.6268310546875,1856.1598013545208,1835.719592811602,1842.5181449831202,750000
2020-01-22,1835.316650390625,1845.872202666829,1813.4005520308783,1845.4249353533648,983169
2020-01-23,1839.9681396484375,1843.5017260480997,1820.3779191773306,1835.361373794638,708017
2020-01-24,1854.9964599609375,1859.7375372842193,1833.8408028460851,1840.0577749849156,914993
2020-01-27,1843.9488525390625,1850.568320746415,1839.8339063179162,1848.1083507732176,429312
2020-01-28,1843.2784423828125,1847.2143080309063,1827.2661388952645,1844.5307037093119,777052
2020-01-29,1855.443603515625,1865.8202921199638,1844.5750956004097,1844.5750956004097,873433
2020-01-30,1841.0419921875,1858.8431457353745,1833.3041358342336,1856.0700007500855,952768
2020-01-31,1819.7071533203125,1850.1213321149005,1807.0048046786706,1846.319559765577,1930834
2020-02-03,1949.1458740234375,1963.9952338435949,1856.0695171038105,1856.0695171038105,4012542
2020-02-04,1928.2589111328125,1971.733162559664,1914.3040837263225,1947.4018646131794,1932121
2020-02-05,1932.463134765625,1953.6635610491119,1926.737982305964,1938.8141993728882,1514368
2020-02-06,1928.9744873046875,1964.621781487904,1908.9817683383308,1937.5621075482297,1302116
2020-02-07,1932.150146484375,1942.9293331019971,1915.7355660729418,1936.6675903157568,908152
2020-02-10,1931.568603515625,1958.6282751384076,1924.7700532055687,1932.2842748733524,1389847
2020-02-11,1925.619873046875,1949.7723079205896,1921.191970331809,1940.2456015217435,777506
2020-02-12,2021.9619140625,2032.383157597311,1927.7225812597735,1929.6011917817243,4753325
2020-02-13,2042.580322265625,2047.545033226813,1997.540633898112,2018.0701603347702,2950407
2020-02-14,2017.220703125,2055.2832017643,2009.3487533676855,2033.2775587778517,1728651
2020-02-17,2015.0286865234375,2047.589657947359,2006.6199304183276,2010.9137400898483,1420851
2020-02-18,1998.748046875,2024.2870536900036,1987.7454458767197,2015.0287515042137,1194605
2020-02-19,2050.4072265625,2064.7645493842833,2004.87550654269,2012.881546872526,1299800
2020-02-20,2011.1375732421875,2048.439625328976,2005.9939988860694,2041.5069816315995,1555224
2020-02-24,1981.528564453125,2023.4376048548845,1977.011338678651,2000.8953728293855,1409245
2020-02-25,1998.0325927734375,2039.270507269838,1991.0104087262125,2003.6679861041148,2237493
2020-02-26,2000.3583984375,2017.8018246164022,1970.0785306956304,2002.684275951589,2896154
2020-02-27,2017.1309814453125,2021.3800212773876,1967.9763432769164,2005.502030325949,2446802
2020-02-28,1945.38916015625,1994.2753896645286,1927.7221014538309,1960.0148885148956,3837330
2020-03-02,1931.7027587890625,2005.50186560032,1915.9590803713402,1959.0308353533767,1707337
2020-03-03,1938.1435546875,1958.6733011295182,1915.824957206094,1942.8398619455863,1753148
2020-03-04,1946.3734130859375,1954.6030886421327,1925.03867314791,1949.1911100322006,1515878
2020-03-05,1984.0784912109375,2020.4412490603781,1951.741140579914,1954.5588382758783,2272645
2020-03-06,1958.046875,2012.7030313413268,1931.5240090772268,1954.5582771025774,2479414
2020-03-09,1897.75537109375,1940.7825776350098,1889.2572914211644,1914.3042630877328,2485118
2020-03-11,1927.721923828125,1940.6479041864868,1848.1083501758267,1848.1083501758267,2861629
2020-03-12,1839.1182861328125,1899.0968720977166,1817.3811618285424,1880.66937279301,3655780
2020-03-13,1818.767822265625,1896.413474228526,1688.9708652791146,1762.2332755802813,3667035
2020-03-16,1737.0966796875,1824.1348266466011,1729.9404032248674,1789.0691156581465,2948679
2020-03-17,1792.6920166015625,1867.7881487305553,1746.0866789818076,1749.3070907330607,3732382
2020-03-18,1720.90576171875,1846.140609689247,1707.979670821265,1819.5282044955163,3910994
2020-03-19,1644.4229736328125,1698.7211793414247,1571.9656721443157,1694.5169104643658,5095006
2020-03-20,1835.316650390625,1859.6479485646298,1654.8890598176079,1654.8890598176079,4252245
2020-03-23,1672.511474609375,1775.6961389756923,1654.8891848063752,1744.3426542553684,3574673
2020-03-24,1813.982177734375,1852.5366016389771,1726.4519787839586,1766.7060404654499,5788124
2020-03-25,1867.92236328125,1913.3647652636598,1790.5452285149152,1798.0593410973138,3959038
2020-03-26,1963.4140625,2012.703010241026,1842.7414227095617,1868.6829281748905,3201540
2020-03-27,1914.79638671875,2028.491621454064,1896.86092145334,2002.8632884385893,2918646
2020-03-30,1953.9769287109375,1979.6052601078025,1881.072351802313,1899.0971383682172,2809606
2020-03-31,2056.087890625,2069.05864303486,1954.558207968512,1999.1060771649627,2809269
2020-04-01,1949.772216796875,2079.7033649988043,1930.4504008362649,2051.3466623915283,2774626
2020-04-03,1926.9169921875,2016.3704486115569,1903.5247822972726,1998.3902165134305,4121436
2020-04-07,2187.0478515625,2200.5554132037055,1985.8670802082222,1985.8670802082222,8510114
2020-04-08,2201.315673828125,2338.581971756848,2162.4479686950917,2175.5082619005716,9791862
2020-04-09,2122.06005859375,2236.3368727934976,2097.6839866803007,2236.292102377587,4770068
2020-04-13,2098.98046875,2167.457129542124,2070.8474019356245,2129.8866799173743,3249551
2020-04-15,2225.199951171875,2251.186229222577,2130.334497676662,2170.0965234593573,29485531
2020-04-16,2179.17578125,2259.7284455966283,2165.7577625281097,2205.9222778787416,5388243
2020-04-17,2133.46484375,2235.2629164509804,2105.779043858606,2235.2629164509804,4540936
2020-04-20,2090.124755859375,2164.7736207133808,2076.2146998660155,2164.7736207133808,2985268
2020-04-21,2072.99462890625,2127.2035191480886,2041.3281878452224,2042.2227225462939,3227335
2020-04-22,2134.49365234375,2146.838273524814,2035.6475788626524,2073.4864361904247,2837815
2020-04-23,2073.084228515625,2158.512294890271,2064.6309190292573,2137.043461455805,4095570
2020-04-24,2042.3123779296875,2091.4222484162565,2039.5392328439116,2067.2698101325786,2169013
2020-04-27,2075.72265625,2083.7286968070953,2042.4460146142437,2061.902141108434,2013715
2020-04-28,2048.439453125,2092.0032442439624,2027.9099278383435,2092.0032442439624,2164023
2020-04-29,1996.37744140625,2050.004742910871,1986.7611951891033,2048.4840778852076,3642151
2020-04-30,1963.50341796875,2032.3825811503416,1932.1947074316627,2032.3825811503416,8448047
2020-05-04,1863.0025634765625,1932.1949083140632,1848.1086484152106,1905.3588679208124,8474573
2020-05-05,1826.1925048828125,1897.3080102162357,1818.678391914018,1879.5961803038008,4304136
2020-05-06,1798.1934814453125,1854.3703002594557,1789.069271837391,1833.7512332230806,5127656
2020-05-07,1781.9580078125,1795.3312587620935,1701.405109200549,1744.432209208086,185669922
2020-05-08,1869.0855712890625,1876.7338870046424,1821.2727330512162,1856.1148175418903,16100226
2020-05-11,1832.0069580078125,1893.3273517699708,1821.2277718274127,1863.3156706690788,11158755
2020-05-12,1799.4012451171875,1813.982094607069,1775.651306135017,1806.9600193414278,14881008
2020-05-13,1785.2674560546875,1856.1593242207073,1767.0636984973373,1856.1593242207073,8432979
2020-05-14,1794.4810791015625,1812.8190373908244,1771.7598796746693,1778.33468678306,8510002
2020-05-15,1817.7840576171875,1822.748769196328,1794.4367223018398,1802.4875351137623,5491136
2020-05-18,1793.7657470703125,1831.8729042986313,1778.8717221448271,1826.1926306665218,7675561
2020-05-19,1767.197998046875,1811.2538302215328,1760.5336492865356,1805.1709508316576,5963193
2020-05-20,1780.8843994140625,1798.0147608906298,1766.706046148753,1767.1980839160065,3926496
2020-05-21,1763.0384521484375,1792.1108297348444,1748.9941919197877,1788.1748552377665,4261625
2020-05-22,1778.245361328125,1784.6413055866585,1751.4987548263337,1766.705843096021,5339946
2020-05-26,1769.2108154296875,1806.9601369893282,1766.706074531645,1793.4973457555832,4628932
2020-05-27,1787.36962890625,1793.6313713391705,1754.1824158509962,1780.1239202159522,4261645
2020-05-28,1797.9698486328125,1802.4872922247778,1780.1239263162818,1789.0692726796801,5500796
2020-05-29,1840.370849609375,1849.897555757712,1789.0692028604567,1797.1200142733287,8778345
2020-06-01,1886.171142578125,1916.9878186156368,1852.7601849341047,1856.1594603954486,6592547
2020-06-02,1885.1422119140625,1900.8861089260663,1869.5773965437545,1898.2025050075824,3268728
2020-06-03,1896.860595703125,1922.3548314859777,1865.1046177981682,1891.9406554643288,4895117
2020-06-04,1896.950439453125,1907.5057745736663,1883.2192439642376,1891.9409575985571,3264730
2020-06-05,1867.430908203125,1903.570026231433,1865.1050304006287,1899.9918870843815,2981853
2020-06-08,1888.9886474609375,1900.438733875845,1858.9324163130682,1884.7843785720902,4298456
2020-06-09,1884.337158203125,1918.597877485266,1874.0947805849075,1878.522683231219,3127904
2020-06-10,1896.055419921875,1905.3584913962204,1874.944318294121,1892.7454675469942,2421659
2020-06-11,1884.6951904296875,1912.694171976442,1874.6316744227108,1891.9410093116205,2566927
2020-06-12,1885.008056640625,1895.518838306553,1847.2139693737765,1847.437603026243,2338438
2020-06-15,1864.4786376953125,1906.8794932719625,1839.8789345165649,1891.8067152686988,2830788
2020-06-16,1857.3673095703125,1896.413663925839,1840.0579748563448,1887.2894531835182,2806772
2020-06-17,1859.0662841796875,1877.627874650867,1844.7985028935357,1857.0535815984754,2293301
2020-06-18,1847.527099609375,1864.9705240841242,1837.4188150814582,1851.9102317358802,2326907
2020-06-19,1884.813720703125,1891.3433584883826,1852.6158516240966,1872.4299249034987,4673528
2020-06-22,1892.06396484375,1908.365411821042,1879.6350927503088,1900.3498062784627,2487234
2020-06-23,1941.7342529296875,1956.1895651013938,1892.7846137436586,1904.8530986139262,4308814
2020-06-24,1918.633056640625,1960.6027404130457,1913.8596216078256,1956.1896932386812,3023015
2020-06-25,1957.22509765625,1972.3108127973846,1902.1510673478315,1904.2225826571923,8208033
2020-06-26,1940.157958984375,1963.3494307958335,1925.657792033842,1963.3494307958335,3176048
2020-06-29,1966.05126953125,1977.7145089601543,1927.368840746092,1937.5911886722984,3295039
2020-06-30,1963.394287109375,1981.3620027786276,1954.3878912969467,1975.8231573070682,2373109
2020-07-01,1954.7481689453125,1974.0219889958573,1945.4717566437623,1966.096316259312,1532931
2020-07-02,1937.951416015625,1961.2778955888732,1931.872098224011,1952.3616507809322,2588838
2020-07-03,1957.7203369140625,1970.5995277124944,1942.0943711262328,1950.335135859875,1946252
2020-07-06,1946.822998046875,1963.3946817192939,1939.077408138367,1963.3946817192939,2375516
2020-07-07,1940.1131591796875,1959.3419070804694,1937.8615596541986,1959.3419070804694,2014667
2020-07-08,1968.8436279296875,1976.0036701782576,1913.8595255828611,1939.6179111508677,3349938
2020-07-09,1959.656982421875,1999.3750613275706,1955.3338678782154,1966.0964683343727,3039571
2020-07-10,2002.8426513671875,2010.2278530874655,1952.0915152413845,1954.3881905017026,3179516
2020-07-13,2040.17431640625,2048.955554496951,2012.9299623299719,2016.5325215466698,4556662
2020-07-14,2012.704345703125,2044.4068156403307,2005.3642209176583,2039.7686096543312,2403256
2020-07-15,2049.090087890625,2063.365313433374,2012.9745720382025,2014.955935171897,2474512
2020-07-16,2060.52880859375,2063.6359718581493,2015.6318276083514,2049.1806594128248,2495150
2020-07-17,2102.588623046875,2107.497065826201,2054.3593192946855,2057.961878381568,3088712
2020-07-20,2099.34619140625,2110.469180325471,2072.0119067916307,2102.588582474981,2816219
2020-07-21,2087.682373046875,2116.5028372131824,2078.675977994904,2114.701558202788,3037810
2020-07-22,2025.08837890625,2098.4905149439905,2018.558741037862,2098.4905149439905,6950011
2020-07-23,1991.6298828125,2041.8854070682532,1986.4061280664248,2035.4459205382386,3936886
2020-07-24,1989.783447265625,1999.420248631578,1952.6320575106463,1981.4074535988611,4203314
2020-07-27,2000.7711181640625,2013.7853180126192,1967.6726087818752,1997.3937192475128,2209409
2020-07-28,2019.729248046875,2021.8456190400725,1991.359102485699,2009.281741410949,1567837
2020-07-29,2009.597412109375,2037.4270909627614,1994.916940982482,2012.929735031985,2404978
2020-07-30,1985.8995361328125,2024.2951157427226,1980.9248381172722,2018.1898045418325,2044966
2020-07-31,1998.8336181640625,2009.7327736745133,1969.9804573701217,1987.6180234485043,1715659
2020-08-03,1993.9495849609375,2010.7279302373472,1979.5230036412245,1998.7434294431841,1683773
2020-08-04,1987.8896484375,2006.9742691743243,1967.3577542924124,1998.8338531044105,1981720
2020-08-05,1984.9501953125,1998.8339956615182,1972.739570336766,1991.6886071530403,1715477
2020-08-06,2008.3763427734375,2016.1097824697033,1982.688895067552,1989.8795520113715,1824483
2020-08-07,1999.421630859375,2021.3555267121487,1994.4016641388018,2010.682494050139,1777905
2020-08-10,1995.985107421875,2014.0749237347502,1988.7944496020978,2006.1606290978673,1476289
2020-08-11,1999.51220703125,2019.727661791695,1995.3064137539093,1998.0651544560944,1665204
2020-08-12,1985.4476318359375,1998.065232986791,1980.8346409183273,1989.9248166542498,1170430
2020-08-13,1988.658447265625,2005.2559404241993,1981.6939128369472,1989.8795980754346,1453227
2020-08-14,1966.27197265625,2004.3511141927704,1958.2673635612655,1993.4972272928096,1341664
2020-08-17,1986.306640625,1993.1806367408528,1961.2973428608275,1972.69401283221,1559579
2020-08-18,2002.8590087890625,2005.074966771893,1979.9300819142009,1993.4974420004105,1339001
2020-08-19,1984.0908203125,2009.3260216543465,1980.83456557417,1995.3064162815613,1585107
2020-08-20,1976.9451904296875,1987.889615739496,1968.3072604663328,1977.2165817921377,1768939
2020-08-21,1991.7337646484375,1997.7485393974084,1978.5281122680144,1988.9750238841048,1374411
2020-08-24,1984.814208984375,2000.4166728144237,1981.9198830471519,1995.3063889325879,1665474
2020-08-25,1970.9754638671875,1987.9797097044539,1967.266964249102,1984.8139927504897,1774886
2020-08-26,1974.322021484375,1977.2163470868045,1953.6995927298708,1973.68892226242,2148146
2020-08-27,1963.875244140625,1979.0254619135003,1958.2221778074627,1973.6890556241565,2172203
2020-08-28,1946.4185791015625,1973.9602747908127,1940.1324133487672,1970.8850949589573,1939520
2020-08-31,1915.123291015625,1960.4834070054121,1900.0181210945611,1946.463802480114,3534275
2020-09-01,1955.1920166015625,1967.1765170481342,1910.058024003633,1944.6095207491696,1738003
2020-09-02,1937.1025390625,1976.3123016603138,1932.4897687011292,1963.6494310775931,1667810
2020-09-03,1934.8409423828125,1948.6796924679177,1924.801229404796,1947.3682252870876,1590711
2020-09-04,1921.7261962890625,1936.4241710731665,1912.0934580674252,1912.99794882337,1590491
2020-09-07,1956.0518798828125,1966.3629866076014,1902.8225083145085,1922.9474284856306,2362992
2020-09-08,1937.645263671875,1963.9660322077705,1927.60532825354,1948.2730297347268,1804209
2020-09-09,1928.6002197265625,1939.408839004696,1908.4753024378224,1919.329190413772,2009898
2020-09-10,1930.092529296875,1938.8662653492613,1915.8920701123186,1937.418991965406,2137794
2020-09-11,1953.021728515625,1961.8405136739102,1921.590673720711,1922.0429191134435,1934110
2020-09-14,1920.6859130859375,1962.473337338859,1912.9977424896435,1960.0312567257954,2096908
2020-09-15,1921.54541015625,1932.8968137087875,1907.5710716480264,1932.8062763008204,1224058
2020-09-16,1938.775634765625,1952.7499706137005,1910.917279637302,1922.0425583750657,2087841
2020-09-17,1924.9368896484375,1940.1776448955345,1919.5552146342818,1931.087470017289,1741644
2020-09-18,1898.2545166015625,1924.349160645268,1890.3854919718133,1917.5202119522698,4475166
2020-09-21,1843.1710205078125,1898.5258020141541,1828.9704515969954,1898.254410664912,3483963
2020-09-22,1833.2218017578125,1858.502272752459,1809.0266754426266,1845.6585489291697,2345687
2020-09-23,1856.5123291015625,1863.250740284124,1832.362362483045,1840.6384740185401,2410295
2020-09-24,1864.0648193359375,1882.2451709695235,1840.6838669332203,1848.7790146380135,3798089
2020-09-25,1880.4813232421875,1909.3797552405304,1873.0645441036093,1883.1495264854495,2528873
2020-09-28,1866.235595703125,1892.5110931571924,1863.250732404109,1884.0540172804654,1523704
2020-09-29,1839.0103759765625,1871.6173086155154,1831.3674740216334,1867.7732232891335,2298844
2020-09-30,1870.7127685546875,1896.7168744876972,1839.7339640953628,1844.2111486044641,2417367
2020-10-01,1894.9080810546875,1907.480413883825,1872.2958127843453,1890.3856274006191,2131531
2020-10-05,1909.42529296875,1920.5053049522894,1883.3306458048696,1899.4306257496216,1646110
2020-10-06,1913.8116455078125,1935.6099581318251,1906.7115265196255,1916.6156548043632,1679499
2020-10-07,1935.0223388671875,1944.655076848917,1911.1889197124474,1920.2338270466282,2428544
2020-10-08,1954.423583984375,1958.2224008283247,1941.2631998973634,1941.9415679346018,1617365
2020-10-09,1935.29345703125,1959.9860975496033,1918.5153310389544,1944.6550241978382,2001026
2020-10-12,1934.162841796875,1942.4843329694138,1920.5051645988506,1940.3134227763019,1741166
2020-10-13,1933.98193359375,1947.5945625330337,1924.7561727947502,1933.7558109230738,1679160
2020-10-14,1952.026123046875,1958.2219714241821,1927.4692938129017,1928.91656697082,2123033
2020-10-15,1946.96142578125,1971.5182590152958,1936.5597831301657,1953.6998370732388,2344437
2020-10-16,1945.1524658203125,1964.4632092431175,1939.273276431197,1964.4632092431175,1640399
2020-10-19,1969.7998046875,1976.3120932788015,1946.554438876218,1947.8659061694173,1605969
2020-10-20,1965.5484619140625,1997.567338393204,1928.8713267049557,1973.6888766958323,5855290
2020-10-21,1956.548828125,1986.939801780128,1931.9919957220227,1980.834489995894,3954242
2020-10-22,1971.2020263671875,1978.3474150428526,1947.54946049664,1953.7000418299517,2632958
2020-10-23,1939.0928955078125,1979.840033709801,1935.6105172294021,1979.840033709801,2805684
2020-10-26,1959.80517578125,1964.5537518388714,1937.6904228774818,1944.6549569307429,1646050
2020-10-27,1968.804443359375,1979.9297207653458,1946.8705485541857,1950.98602452757,2334808
2020-10-28,1970.3070068359375,1988.1496510350494,1951.8725045196838,1988.1496510350494,1555483
2020-10-29,1931.8447265625,1966.3467401861135,1926.2915288119518,1949.960517351229,1934367
2020-10-30,1885.5994873046875,1929.9332877182997,1882.595301415775,1928.294620665037,2414313
2020-11-02,1886.236572265625,1900.4833956986206,1871.6710388890565,1886.236572265625,1486077
2020-11-03,1871.3975830078125,1904.2611511864955,1859.8362372414638,1904.2611511864955,2227402
2020-11-04,1875.3575439453125,1898.070622774567,1866.162964257791,1866.2085259893825,1479878
2020-11-05,1913.865478515625,1922.650226111822,1876.4957409866022,1899.891582336824,2083827
2020-11-06,1906.400634765625,1933.5289850037823,1898.9814051374049,1916.2779759416285,2127821
2020-11-09,1941.358154296875,1946.0007849416838,1919.0546801972118,1929.9332690320753,2194404
2020-11-10,1945.0447998046875,1951.9632940872907,1904.8984637115361,1948.1398864242235,2471703
2020-11-11,1940.083251953125,1946.8655055776426,1915.9137501455807,1945.0448140816388,2759942
2020-11-12,1995.5693359375,2006.4023632446144,1932.891931832635,1938.1264207567078,3010512
2020-11-13,1989.4241943359375,2019.5109438841703,1982.9606505428214,2007.312399608365,2799165
2020-11-14,1991.563232421875,2000.0294918355119,1986.3743064110545,2000.0294918355119,258276
2020-11-17,1982.3692626953125,2021.2865487807774,1977.2712369036208,2021.2865487807774,2733542
2020-11-18,1940.9483642578125,1975.4503810911199,1935.3040425099243,1975.4503810911199,3315051
2020-11-19,1939.7193603515625,1954.8765293878805,1924.9262407431086,1935.2131929828515,2704650
2020-11-20,1930.16064453125,1949.960665292271,1912.1813153344608,1943.5882448174596,2827038
2020-11-23,1938.4903564453125,1948.140111318224,1907.1745482297567,1948.140111318224,3244576
2020-11-24,1963.9342041015625,1967.2568766999084,1932.117447012011,1940.8568538288778,1989749
2020-11-25,1944.3621826171875,1976.3607488624832,1937.2158791245342,1968.1676365917497,1786536
2020-11-26,1961.0670166015625,1968.167758794225,1932.2546588948305,1948.1401497778174,1630887
2020-11-27,1946.50146484375,1973.174642874963,1935.3952898510595,1972.7194699469642,5687861
2020-12-01,1941.81298828125,1965.436415335151,1938.6723399883683,1965.436415335151,2226742
2020-12-02,1947.5025634765625,1957.1520943618928,1931.8446621843864,1952.6914894175488,1634682
2020-12-03,1936.9881591796875,1963.069475876432,1930.024103130469,1959.9743892439749,3469163
2020-12-04,1988.377685546875,1998.5735162799645,1942.314311372533,1949.0507828607062,3712143
2020-12-07,2053.876220703125,2057.017090953707,1990.9259087844746,1992.9741864684092,4147649
2020-12-08,2057.381103515625,2073.9493493678033,2039.310654037347,2056.9259307051125,2768211
2020-12-09,2086.6943359375,2090.153693993014,2042.1329590809355,2057.3812493136807,2123890
2020-12-10,2139.722412109375,2146.5044444107366,2071.082422206445,2084.692048553287,3041370
2020-12-11,2161.84375,2171.174794715233,2123.83681176966,2154.1058104800504,2611218
2020-12-14,2158.2021484375,2177.0006989397907,2144.9110118228778,2167.4876304719187,1575632
2020-12-15,2112.047607421875,2152.0116951612767,2100.4406996276957,2149.326219769176,2207176
2020-12-16,2133.80517578125,2143.773418692502,2096.526556536479,2109.3625223141976,1748634
2020-12-17,2107.723876953125,2132.0300676893653,2102.898999300783,2132.0300676893653,1912868
2020-12-18,2124.246337890625,2133.759406939671,2104.7194651578693,2113.8229230521506,2229891
2020-12-21,2099.2119140625,2139.3126921683047,2062.0244204032692,2132.9402713831228,2003069
2020-12-22,2103.80908203125,2124.1098372256897,2076.4987088330945,2102.8987362579783,1764488
2020-12-23,2157.83837890625,2164.1652381263393,2096.7540833440967,2112.0023763630975,1559556
2020-12-24,2186.878173828125,2193.9333536999816,2148.4616259441054,2168.898844477264,2489444
2020-12-28,2174.724853515625,2200.669707154904,2163.0270440858335,2189.3815088584142,1532477
2020-12-29,2170.537109375,2187.5605280433024,2143.135617272186,2180.2777630727046,1749013
2020-12-30,2190.838134765625,2198.1662401305193,2162.9814663735006,2175.72630666358,1924886
2020-12-31,2180.64208984375,2200.305646666921,2172.9952745527266,2181.1883861869846,1709836
2021-01-01,2173.49560546875,2188.4707456128467,2168.4431431155576,2180.6416848266085,830096
2021-01-04,2208.9541015625,2212.140311888265,2185.4671352820965,2189.3816667042292,1614486
2021-01-05,2230.84814453125,2236.6742692723315,2189.381845175265,2189.381845175265,2356303
2021-01-06,2200.5791015625,2230.347366865695,2186.2867159477605,2226.5239586872644,1641627
2021-01-07,2156.47265625,2214.598100045808,2152.9677361506615,2213.960902460215,2403881
2021-01-08,2176.81884765625,2184.8299352024715,2149.144424044643,2175.726477139128,2797948
2021-01-11,2211.321044921875,2223.0188549588847,2186.741708619308,2207.5885382860847,2787672
2021-01-12,2162.890380859375,2214.962335617503,2159.340121331494,2211.958150188783,2036708
2021-01-13,2159.658935546875,2183.0092162863457,2152.6037556360247,2168.3525600867197,1702740
2021-01-14,2183.509765625,2190.2917967713447,2140.359245254889,2153.8779680635917,2120413
2021-01-15,2140.359375,2191.202275316163,2132.7581211479046,2178.0022616094393,2042957
2021-01-18,2123.472412109375,2161.615807021529,2112.5936034825086,2161.615807021529,1733797
2021-01-19,2151.283447265625,2168.534676846025,2114.960741129001,2132.0297237594405,1495269
2021-01-20,2144.729248046875,2161.1154732490027,2135.944499547807,2145.685155634146,1380562
2021-01-21,2155.380615234375,2184.7392736967176,2139.313097255961,2162.982093225601,1521133
2021-01-22,2193.34130859375,2204.8570917865763,2145.6846264826427,2147.5053177227637,2548089
2021-01-25,2184.466064453125,2214.279892049113,2171.1749256925746,2203.037031520348,2124424
2021-01-27,2176.91015625,2207.5887680817254,2125.6576385446715,2207.5887680817254,2460297
2021-01-28,2094.15966796875,2195.3447504490805,2084.6921592904087,2155.608017642157,3867335
2021-01-29,2060.931884765625,2114.0962158564244,2049.1885121796404,2107.541770174656,4472694
2021-02-01,2047.003662109375,2080.140160447049,2026.611782764935,2072.538684088878,2717591
2021-02-02,2030.4810791015625,2071.0370356120557,2007.3128191316848,2067.441213561149,4215607
2021-02-03,2032.6656494140625,2054.6504109447947,2018.7828763671382,2031.4365937187904,2353429
2021-02-04,2044.2728271484375,2056.471373219201,2026.6119834647827,2038.2644553509479,2908003
2021-02-05,2066.07568359375,2080.140483991258,2040.0852624176844,2044.2729426649837,4036942
2021-02-08,2036.1248779296875,2083.508422044189,2030.344315356696,2082.871224424259,2780672
2021-02-09,2017.553955078125,2052.5567079531966,2012.319466531391,2045.5470894802243,3131481
2021-02-10,2035.077880859375,2040.0847823779286,2014.367515487176,2020.9675220343604,2055520
2021-02-11,2060.11279296875,2064.664522515742,2033.758323342148,2040.995528871382,1824480
2021-02-12,2040.585693359375,2068.533265255399,2031.8918464297722,2064.664295565736,1222094
2021-02-15,2016.597900390625,2058.9745403324137,2014.5951841519316,2049.1883233285125,2449407
2021-02-16,1999.2103271484375,2029.2061742103049,1993.7026910849227,2027.3399210314449,2396356
2021-02-17,1969.8974609375,2004.1721184127205,1966.3472007260473,1999.1196540714814,2447956
2021-02-18,1954.3759765625,1974.130436042084,1951.0530810292792,1969.988318186915,3205806
2021-02-19,1985.555419921875,1997.2987924716354,1957.2435751203354,1959.883489181164,3364030
2021-02-22,1973.2657470703125,2007.3125928508111,1967.8036719877252,2007.3125928508111,2678023
2021-02-23,1983.8714599609375,1995.7970810979964,1975.6327844618575,1989.105949301204,2062144
2021-02-24,1983.5067138671875,1992.2914605129433,1962.2956157132883,1992.2914605129433,924143
2021-02-25,1969.3514404296875,1989.1059031177163,1966.3472543406258,1981.8231355090475,2099460
2021-02-26,1940.90283203125,1986.7386102929042,1929.9331205512228,1964.5262613912919,3413194
2021-03-01,1951.235107421875,1960.884861845377,1937.2158709410223,1943.7703162794419,1229276
2021-03-02,1982.687255859375,1988.1037680042543,1948.6404175895425,1968.1672872517215,2095135
2021-03-03,1996.8436279296875,2007.3126052359064,1978.6367108753934,2007.3126052359064,2031893
2021-03-04,1999.9388427734375,2005.9472146864,1979.0920103146057,1989.1058153345969,2290915
2021-03-05,2003.7623291015625,2011.8187564814705,1980.229800098295,1988.741622653282,2129837
2021-03-08,1979.5921630859375,2017.4170690154747,1974.5397003151581,2011.86387169041,1440724
2021-03-09,2001.3951416015625,2007.312389006798,1968.2130832949877,1980.9123621219012,1711842
2021-03-10,2028.1138916015625,2036.3523429328743,1996.570277646153,2012.319303754605,2696085
2021-03-12,2007.0848388671875,2039.0834038209475,2002.7606964543882,2035.533144214551,2038930
2021-03-15,2012.637939453125,2018.6460878999426,1987.5578702236228,2008.3137972498446,1632022
2021-03-16,2042.8612060546875,2046.0018541055126,2015.778422891333,2022.19640419228,2633605
2021-03-17,2026.7025146484375,2059.2018090948222,2020.2845335250593,2051.919044075919,3703365
2021-03-18,2016.597900390625,2048.1868540829732,2007.3124180094935,2037.3538283470505,2597091
2021-03-19,2104.76513671875,2116.781657315713,1995.0229016266571,2006.4933480729046,5382214
2021-03-22,2142.225830078125,2145.230015862086,2095.6161665667396,2102.990056922607,2471516
2021-03-23,2127.751220703125,2160.2049586251746,2124.2007388352918,2151.1470626299606,1970612
2021-03-24,2110.72802734375,2140.1320212021783,2107.9514279841633,2127.751450696632,1762743
2021-03-25,2036.489013671875,2113.822841032649,2031.026939147243,2110.7277543696437,2495833
2021-03-26,2110.090087890625,2116.5536308901997,2047.1853369863338,2052.82943555157,1929236
2021-03-30,2183.692138671875,2190.2921461780224,2116.554131281755,2116.554131281755,3327203
2021-03-31,2213.506103515625,2219.9696484457777,2168.125270522428,2172.085364173671,2709756
2021-04-01,2184.010986328125,2227.434442276655,2177.5930031394214,2227.434442276655,1532653
2021-04-05,2160.432861328125,2200.488081222891,2136.1266700697392,2184.830176078148,2545447
2021-04-06,2192.385986328125,2194.84387570776,2164.2108263185673,2168.716993889966,3683538
2021-04-07,2189.60888671875,2216.691669955371,2173.3137883949694,2200.3054481651466,1713970
2021-04-08,2193.84228515625,2220.333437207158,2180.8245178363695,2190.2920253876273,1814515
2021-04-09,2254.016357421875,2260.3887784646668,2206.6783725325627,2206.6783725325627,2604858
2021-04-12,2241.27099609375,2265.1675694680234,2219.0586510772728,2222.608910220508,2261945
2021-04-13,2234.352783203125,2281.235594852962,2229.25497975381,2248.5542674776307,1811781
2021-04-15,2240.042236328125,2273.13339406133,2204.0382388256185,2273.13339406133,3352379
2021-04-16,2238.44921875,2256.701696653812,2221.2437718769925,2248.4630226396093,1225517
2021-04-19,2218.194091796875,2239.177607761559,2197.6204092602025,2221.243839247622,1746316
2021-04-20,2182.508544921875,2235.8093372118306,2170.082413361539,2235.8093372118306,1589508
2021-04-22,2138.765869140625,2175.725989494907,2122.925944561558,2175.725989494907,1721265
2021-04-23,2100.8505859375,2139.3126971955908,2093.7954057658976,2130.2092389096524,1949756
2021-04-26,2149.007568359375,2157.3373651780375,2103.8089915610585,2115.6434861046732,1946867
2021-04-27,2166.486572265625,2172.49472128081,2141.998136541135,2151.1471564135163,1668456
2021-04-28,2190.792724609375,2225.795476091709,2154.1513062401764,2166.622999222195,1951215
2021-04-29,2191.748779296875,2229.3914472196752,2170.400991098794,2214.8714752173346,3151150
2021-04-30,2142.7265625,2223.883806810668,2121.333434844663,2193.9335169941583,4010778
2021-05-03,2192.1123046875,2198.4847241778707,2130.2088010667567,2132.9398379912013,1692239
2021-05-04,2191.79443359375,2201.398628237297,2159.5227127035787,2193.205514328526,1453111
2021-05-05,2179.95947265625,2215.7816686489637,2156.290481947592,2215.7816686489637,1256857
2021-05-06,2175.726318359375,2199.896042204178,2163.9373854781543,2184.829775758368,1377740
2021-05-07,2195.025634765625,2206.678104852285,2182.2352324879316,2192.8408938597927,1169518
2021-05-10,2214.7802734375,2227.570676756349,2199.3955178633396,2205.7679386518507,988495
2021-05-11,2186.741455078125,2208.4986280112557,2179.5951525622213,2207.5882823278216,1019077
2021-05-12,2120.14990234375,2174.816214556524,2116.5996424641457,2174.816214556524,2053932
2021-05-14,2163.755859375,2168.8081015937273,2117.4646789332896,2120.104593286362,1388970
2021-05-17,2163.208740234375,2180.2777202993493,2154.3328706005886,2171.1742642646964,811243
2021-05-18,2161.388671875,2192.431554799734,2154.7431026041804,2186.741893138486,1153722
2021-05-19,2148.1884765625,2166.622978798072,2133.8505303792776,2148.4160630098527,1323590
2021-05-20,2133.98681640625,2150.236576300835,2130.208970594392,2148.4158848729767,856235
2021-05-21,2150.464111328125,2154.014370626641,2130.208919677347,2130.208919677347,771492
2021-05-24,2127.068359375,2148.3703605509727,2116.7814081779766,2143.864193639022,1194864
2021-05-25,2133.89599609375,2157.337399116217,2128.3883598651796,2143.8642375887503,1098457
2021-05-26,2142.953857421875,2157.7014138593495,2134.9883322509145,2144.546962456067,811095
2021-05-27,2117.82861328125,2142.0439031270444,2114.642402630615,2142.0439031270444,3755182
2021-05-28,2113.5498046875,2139.3126353423136,2111.4106254035937,2124.15546663542,1215325
2021-05-31,2130.2548828125,2134.761050387356,2112.138866773333,2116.5541331132636,1178704
2021-06-01,2146.86865234375,2151.147233368017,2121.652116868588,2136.58169983696,1141451
2021-06-02,2147.323974609375,2160.8424780066343,2139.312886159655,2144.77496161368,1113091
2021-06-03,2151.37451171875,2158.4752527486835,2134.760702414247,2156.608999581813,868532
2021-06-04,2132.07470703125,2157.518819118492,2124.7008196346014,2157.518819118492,1283795
2021-06-07,2129.572265625,2142.954306264613,2122.016350001195,2142.954306264613,1128300
2021-06-08,2147.505615234375,2150.2366524729096,2125.7937802870733,2129.5718484851404,1106664
2021-06-09,2144.775146484375,2159.295120534068,2135.30763711564,2150.237222409208,1072858
2021-06-10,2165.5302734375,2184.783995005313,2144.091588961535,2152.057113387143,1944339
2021-06-11,2154.33349609375,2174.40666692871,2148.416247953201,2167.5335111765135,1128097
2021-06-14,2168.178955078125,2177.806747553853,2142.504841809517,2162.49379376596,1761632
2021-06-15,2193.2568359375,2196.0535250734706,2163.9608848323137,2163.9608848323137,1215463
2021-06-16,2207.882568359375,2217.923162375375,2185.6469462595524,2186.8848951784075,2153668
2021-06-17,2216.867919921875,2224.386722529719,2188.167884540964,2198.8043923299633,1555777
2021-06-18,2276.65185546875,2289.305570079014,2205.2228957091074,2218.976884663634,3937751
2021-06-21,2305.490234375,2318.923211278076,2262.073373753663,2268.4460123814642,2506277
2021-06-22,2283.391357421875,2323.4612663971257,2275.5056476894124,2308.928019319932,1945883
2021-06-23,2274.45166015625,2305.1689069271565,2254.004015294853,2287.7471848779855,1035668
2021-06-24,2283.2998046875,2296.733002654792,2268.583214383539,2283.162354330843,759681
2021-06-25,2245.247314453125,2283.116682233866,2241.9005994215163,2281.328708122999,1112942
2021-06-28,2255.838134765625,2260.2394571825544,2234.8404622126955,2246.577247370988,694906
2021-06-29,2285.5,2290.0387708096932,2241.8998176695495,2251.069142077196,1354397
2021-06-30,2266.01611328125,2296.916704412817,2258.405526135237,2285.500935624073,1447245
2021-07-01,2272.15869140625,2277.660286300696,2258.4047041701347,2277.660286300696,735043
2021-07-02,2280.686767578125,2285.638114653202,2248.3189982391996,2272.1592486283594,860231
2021-07-05,2291.46044921875,2304.6182976574223,2278.6233928724373,2291.4145578168423,761700
2021-07-06,2267.116455078125,2290.4523511681928,2263.9071901265484,2283.1627798360087,461782
2021-07-07,2275.506103515625,2283.8961726198904,2242.680089663253,2253.8207331981093,623145
2021-07-08,2244.238525390625,2264.5943852046325,2235.8943488313953,2257.671499007976,1114426
2021-07-09,2247.814208984375,2259.7802232894096,2235.8940860779994,2237.3153762735483,538094
2021-07-12,2241.12109375,2255.5627845778477,2228.1465848679254,2249.2360381403378,543898
2021-07-13,2234.289794921875,2251.5740653165067,2228.1463907975403,2251.069707575293,994396
2021-07-14,2214.2548828125,2238.5535978555085,2208.890737305972,2237.132307486552,1377829
2021-07-15,2211.96240234375,2223.5615099545735,2201.555128000384,2223.5615099545735,693792
2021-07-16,2216.593505859375,2228.146949958946,2206.140560329722,2218.9776209467695,545405
2021-07-19,2208.570068359375,2216.226546676762,2199.2632901134525,2200.6845807057302,463873
2021-07-20,2232.63916015625,2255.654258599167,2203.389098948698,2203.389098948698,1061476
2021-07-22,2180.603515625,2299.667321979012,2178.173733397585,2246.485222826387,3546044
2021-07-23,2162.21875,2193.073440967377,2159.101044993088,2184.1333485457476,1517589
2021-07-26,2153.599853515625,2163.961238114295,2143.7887180979756,2161.439673112255,1311535
2021-07-27,2147.8232421875,2163.4569907702407,2138.287230873618,2153.5999634409563,1656945
2021-07-28,2165.244873046875,2171.7092936071863,2148.4651830680446,2154.7919294016497,912373
2021-07-29,2140.80859375,2174.4140872279304,2136.4531634811005,2165.2447603460373,1012663
2021-07-30,2139.47900390625,2160.7976880873966,2125.449889543974,2145.6224079089297,1708251
2021-08-02,2139.02099609375,2157.909678477186,2131.502191499934,2147.45673353707,1229936
2021-08-03,2188.580810546875,2194.2198568654876,2132.8771514141636,2136.4530992463797,1733476
2021-08-04,2179.640380859375,2195.824150278506,2170.883630529221,2188.580472921267,1588974
2021-08-05,2161.85205078125,2192.385952609774,2158.459444769305,2192.385952609774,921757
2021-08-06,2174.505859375,2182.9874866991486,2161.6688018033155,2161.85214356795,1432661
2021-08-09,2186.426025390625,2196.0538187504912,2177.5777143707664,2181.7954704787753,921476
2021-08-10,2183.949951171875,2195.136483298795,2163.135627451539,2195.136483298795,1061370
2021-08-11,2191.882080078125,2196.0541693054934,2165.978727141641,2191.4695050689475,1300594
2021-08-12,2193.577880859375,2213.016807004406,2179.9613423472815,2196.0535540814385,1226064
2021-08-13,2204.7646484375,2209.486762236795,2189.635259084529,2201.555384029294,1033159
2021-08-16,2224.845458984375,2234.4275849826727,2193.89897972999,2204.3062556308605,1146309
2021-08-17,2277.4775390625,2280.8242539526877,2229.109337990023,2230.8973120253363,1921902
2021-08-18,2279.54052734375,2292.331693420935,2250.15279026199,2278.5777032604096,1545643
2021-08-20,2401.813720703125,2411.53329806464,2270.3256448699804,2283.162704251313,5779927
2021-08-23,2415.337890625,2450.8233609202557,2378.981603002481,2406.9480469768787,2163220
2021-08-24,2414.2841796875,2437.20750080113,2393.194724262961,2415.2011125320455,1482854
2021-08-25,2425.287353515625,2444.9555180943307,2402.959949393669,2413.3672266363424,1746570
2021-08-26,2444.908935546875,2473.7007528019117,2412.449611841663,2412.449611841663,2117291
2021-08-27,2455.499755859375,2466.5488391115123,2430.880248417264,2447.2932533786716,1176229
2021-08-30,2464.440185546875,2480.990866981281,2449.677702120098,2468.016357701591,1168190
2021-08-31,2497.81640625,2510.057323226969,2453.3908387601336,2464.6232641041543,2535891
2021-09-01,2505.8857421875,2544.488705424837,2489.4727334156514,2516.9807194202444,1775792
2021-09-02,2568.374267578125,2576.5807700986857,2503.3636077813917,2519.7309452780028,1946183
2021-09-03,2536.877685546875,2575.4347507982197,2527.066550315939,2569.428796771917,1561823
2021-09-06,2549.622802734375,2590.3345194426574,2544.76301532403,2558.2418793787665,1444978
2021-09-07,2546.9638671875,2575.3887803425378,2539.9035303049654,2556.958567742195,1219915
2021-09-08,2568.236572265625,2576.5807489327076,2535.4105624530403,2557.2333804552363,946711
2021-09-09,2577.1767578125,2589.0968827002084,2550.9067259695657,2550.9067259695657,879454
2021-09-13,2554.89501953125,2587.996149224342,2544.4877458733067,2565.1187275966035,1341412
2021-09-14,2533.072265625,2571.0790781240266,2522.5275404472445,2569.2452128757213,1755061
2021-09-15,2544.901123046875,2553.6578761555324,2520.6941864041987,2543.571615244326,1362350
2021-09-16,2538.299072265625,2564.9360132896295,2523.398915153978,2523.398915153978,1259196
2021-09-17,2496.119873046875,2551.8235307886684,2474.8011892197687,2539.995189306219,3095032
2021-09-20,2567.732421875,2575.663799709753,2484.9333592624603,2494.056794307771,2671330
2021-09-21,2578.827392578125,2621.78578020403,2564.339810779536,2576.5809521784026,2277437
2021-09-22,2553.19921875,2603.9972030857475,2543.571424964087,2592.994010187561,1580594
2021-09-23,2551.18212890625,2583.6414599055934,2542.5171588722387,2566.4948616222055,1054473
2021-09-24,2518.492919921875,2549.0727126920774,2504.509697307287,2539.995169194678,1635284
2021-09-27,2484.42919921875,2535.3189650636073,2479.844535629123,2535.3189650636073,1465932
2021-09-28,2497.587158203125,2525.6451637627124,2484.795768288935,2498.641541235954,1078052
2021-09-29,2462.239501953125,2516.475983329204,2454.6289155303275,2489.4264678237337,1503894
2021-09-30,2477.368896484375,2480.5781610417043,2459.167692236451,2462.239506428393,1620199
2021-10-01,2479.431640625,2486.7212100194397,2457.4711496375253,2481.2196144220516,956111
2021-10-04,2463.064697265625,2497.724799832768,2457.1046344172723,2475.7184139311576,1025005
2021-10-05,2483.649658203125,2489.4263789617203,2462.881222176855,2463.0645639440045,562784
2021-10-06,2462.927001953125,2506.8938779743175,2453.7117840011974,2470.2624631907966,862471
2021-10-07,2447.660400390625,2479.6155989759154,2444.5429183210836,2473.884768803557,1082816
2021-10-08,2420.748291015625,2456.050201009896,2407.315092246942,2448.6688477844427,1579941
2021-10-11,2425.378662109375,2444.0839987798045,2416.576019052401,2422.7194230860855,1086252
2021-10-12,2453.84912109375,2464.7607534974495,2406.9481075143844,2406.9481075143844,1174337
2021-10-13,2426.8916015625,2469.849987709411,2423.0864204364584,2464.806857905465,1660007
2021-10-14,2429.459228515625,2454.3997547075774,2402.363820802784,2426.891772026629,2158809
2021-10-18,2433.5390625,2456.3705941525814,2423.498695540985,2450.7774397419553,1758177
2021-10-19,2335.244140625,2505.0600242932765,2311.128766922109,2448.118416627324,5431133
2021-10-20,2272.755126953125,2369.354075577072,2264.8237487133774,2355.60008520027,4864654
2021-10-21,2242.587890625,2296.9161467916283,2226.3123370898497,2295.448965097782,3254632
2021-10-22,2250.24462890625,2290.727118072295,2228.146461289173,2254.737509592624,1845622
2021-10-25,2251.84912109375,2258.909457673494,2209.807669863553,2250.24448896833,1560381
2021-10-26,2248.15869140625,2277.7267994467798,2229.8918099489006,2277.7267994467798,1595060
2021-10-27,2211.025634765625,2265.0879618277268,2205.9974610781574,2264.9034933520934,3083879
2021-10-28,2204.613525390625,2228.9232711953796,2184.6400273967956,2214.162189929185,2015791
2021-10-29,2207.8427734375,2216.0075875744797,2189.253124610425,2214.1624521976482,2453400
2021-11-01,2220.712646484375,2224.2182233118274,2184.8708037349224,2207.7043527236015,1941114
2021-11-02,2231.5986328125,2239.994087898703,2216.007330779524,2228.0007093391137,1350154
2021-11-03,2224.633056640625,2245.529118781317,2201.4303506947417,2245.529118781317,1591607
2021-11-04,2235.242919921875,2241.839187931794,2232.613512261293,2240.916620364744,245719
2021-11-08,2243.592041015625,2259.368036962324,2214.2545717250646,2259.368036962324,2555533
2021-11-09,2242.900634765625,2256.7853253136295,2229.338933044708,2250.8809814410465,1696949
2021-11-10,2214.300537109375,2232.6135940809363,2210.471971660299,2224.3566591004865,1794509
2021-11-11,2192.205322265625,2220.5742790221566,2182.979645271631,2216.6533662997094,1282647
2021-11-12,2218.729248046875,2226.709594164024,2192.20542544081,2203.091769853335,1651974
2021-11-15,2236.99560546875,2241.839084973322,2217.944676178585,2217.944676178585,1007999
2021-11-16,2220.297119140625,2246.1290107154628,2214.254481836201,2246.1290107154628,1245209
2021-11-17,2205.997314453125,2223.4339763480716,2202.3532176657022,2217.8523976046927,956809
2021-11-18,2213.608642578125,2220.0206676833723,2186.4852448254173,2204.936597102425,1236943
2021-11-22,2203.59912109375,2223.2958063131337,2193.081714190079,2222.834522463927,1629290
2021-11-23,2208.811279296875,2214.1622163670077,2155.579174392297,2202.9069368143873,1932539
2021-11-24,2190.8671875,2219.697422097063,2183.7172893199286,2219.697422097063,999070
2021-11-25,2167.15771484375,2202.1691142394766,2159.7309997631396,2202.1691142394766,1363272
2021-11-26,2154.28759765625,2181.8722775827873,2145.1540436781247,2162.498358838923,2450902
2021-11-29,2149.02880859375,2160.8838919689742,2107.790083240306,2153.641646446176,1724612
2021-11-30,2138.0966796875,2178.1821986087184,2123.750707834506,2142.202060639324,3931035
2021-12-01,2163.282958984375,2174.2614245074137,2143.355406592489,2158.8084155499514,1263139
2021-12-02,2198.75537109375,2203.0913936974166,2163.4209875294982,2174.4917985531033,1673117
2021-12-03,2162.17529296875,2204.8440410611165,2156.8705296924018,2198.7552305291224,1890178
2021-12-06,2127.90234375,2180.903811665437,2122.828221534251,2162.498631584652,1079171
2021-12-07,2141.8330078125,2160.330307809702,2132.976268850808,2147.645003442618,895313
2021-12-08,2159.362060546875,2162.913811069584,2138.742582244387,2138.742582244387,839769
2021-12-09,2158.57763671875,2166.7424504311375,2141.786950709996,2159.7308462692995,716666
2021-12-10,2152.165771484375,2165.266186534611,2140.356860997144,2165.266186534611,724539
2021-12-13,2125.918701171875,2169.8789564319695,2122.8280096726025,2169.8789564319695,1804894
2021-12-14,2138.788818359375,2144.9238036832908,2125.596054743187,2126.51862247528,1219031
2021-12-15,2141.233154296875,2144.785129532136,2122.366692557421,2136.6664898774125,755122
2021-12-16,2130.670166015625,2145.2467811529605,2125.549870082299,2141.233521445047,926493
2021-12-17,2057.55615234375,2130.1621690337374,2053.635240496441,2124.672937494746,2439222
2021-12-20,2093.39794921875,2098.241428466206,2030.7093090555736,2053.635200921345,2175705
2021-12-21,2096.85791015625,2124.3964185364493,2078.3142108560264,2112.6798547820667,1591415
2021-12-22,2101.2861328125,2137.958197159767,2093.3060126779696,2121.9056100305556,1661605
2021-12-23,2122.5048828125,2126.518141634147,2098.4721790146714,2120.936563069817,1423081
2021-12-24,2119.091796875,2133.8990532515572,2106.4988380819586,2131.1313501993504,895503
2021-12-27,2123.197021484375,2129.3784047009017,2101.839671267297,2119.0916406401966,584302
2021-12-28,2130.30126953125,2138.880969368551,2119.8300355336614,2131.1314904070323,783710
2021-12-29,2128.225341796875,2142.0638569909866,2121.029268848687,2135.651831428715,1410236
2021-12-30,2145.5234375,2149.5826451044118,2118.8149235874967,2129.2861566098636,963711
2021-12-31,2177.39794921875,2186.8083194384603,2149.5826246636298,2158.808301164332,1123597
2022-01-03,2178.458984375,2193.8658187106234,2170.8016280177026,2193.8658187106234,879278
2022-01-04,2215.3154296875,2221.6351077854724,2172.969667320708,2185.5164514267585,1484275
2022-01-05,2228.739013671875,2232.6137528237414,2206.781858162971,2217.668201674402,1202512
2022-01-06,2206.228271484375,2225.2332558870316,2184.3634624003967,2212.3173082989642,1198901
2022-01-07,2229.061767578125,2234.366531637317,2203.0915779741426,2203.0915779741426,1026186
2022-01-10,2220.666748046875,2237.226794114822,2216.0077358613617,2237.226794114822,919447
2022-01-11,2217.529541015625,2231.0452916154236,2206.7817184762353,2229.9842037244166,1321335
2022-01-12,2226.2939453125,2228.923353104157,2212.7784198759605,2220.80471306216,1487554
2022-01-13,2227.262939453125,2234.3666658335314,2217.160867989616,2230.768741828312,1586299
2022-01-14,2180.673095703125,2233.536266766787,2177.9977396292516,2232.613699122521,1596037
2022-01-17,2204.521240234375,2208.811089064635,2163.420812585561,2180.9495952888133,912205
2022-01-18,2186.023681640625,2222.1882824344107,2174.8605248452136,2222.1882824344107,1667579
2022-01-19,2131.038330078125,2185.193216212838,2126.5640133657107,2180.949316112394,2145255
2022-01-20,2086.66357421875,2145.477262424906,2069.3192571985483,2144.969805165682,2829711
2022-01-21,2145.339111328125,2153.59627347842,2075.777588028269,2089.431636765667,4596050
2022-01-24,2107.6982421875,2163.37506733587,2091.184145335836,2157.7934877442076,2231103
2022-01-25,2147.045654296875,2152.996170843873,2067.3818442545667,2106.6833179017785,1843543
2022-01-27,2117.615478515625,2145.5231464092967,2098.841139110851,2131.1310027894797,2620474
2022-01-28,2106.7294921875,2139.1576563755766,2101.6553698957737,2116.923910202673,1967721
2022-01-31,2097.688232421875,2132.8381506220467,2095.1511713381324,2112.6799570076278,1639875
2022-02-01,2127.11767578125,2140.356609559864,2101.977711293963,2124.9497772882905,1270508
2022-02-02,2147.64501953125,2152.3502043716894,2118.7226604993693,2144.139442850704,1246111
2022-02-03,2120.198486328125,2151.3813139975136,2112.679651027034,2148.6597848218175,1448039
2022-02-04,2127.994873046875,2133.6685746436697,2106.222183941843,2127.441242299558,1014561
2022-02-07,2082.78857421875,2137.3121808433843,2063.783592747155,2117.523152102328,1207402
2022-02-08,2089.01611328125,2092.3833950526905,2072.59436433985,2092.3833950526905,1190660
2022-02-09,2101.2861328125,2103.77724567414,2080.9436961748984,2091.9683346232428,1049611
2022-02-10,2106.3603515625,2108.067191899897,2081.1744335725684,2103.454353405586,1195100
2022-02-11,2083.157470703125,2102.5313887211787,2074.854362981102,2102.5313887211787,2100036
2022-02-14,2055.988037109375,2063.091762468393,2036.1066606004442,2048.1000392084215,1661501
2022-02-15,2112.7724609375,2125.73435743088,2050.4529653638756,2073.886095748568,1533070
2022-02-16,2109.451416015625,2125.36571163175,2098.841885604875,2112.7727504126383,995668
2022-02-17,2128.87060546875,2133.8985531212556,2099.763556811058,2105.298961618117,869374
2022-02-18,2133.48388671875,2147.553043530707,2116.370211582203,2116.370211582203,890713
2022-02-21,2117.108154296875,2125.64190451936,2107.836304953848,2120.060325542813,737919
2022-02-22,2094.182373046875,2103.454222892399,2075.869540502473,2103.454222892399,902667
2022-02-23,2085.371826171875,2097.872662877861,2077.852989918128,2094.2285657072484,1324411
2022-02-24,2003.26318359375,2068.3965458271337,1993.0228184416958,2029.6487068776512,2997629
2022-02-25,2002.6173095703125,2025.9583133275682,1994.7293120736385,2025.035745789623,2193728
2022-02-28,2003.9091796875,2011.1050267987432,1955.8433174978943,1996.4362920120016,2334036
2022-03-02,1982.68994140625,1987.9485312073057,1958.6570125347691,1964.100070792032,2034688
2022-03-03,1929.0888671875,2000.0803995338827,1925.029659809193,1990.8085500317177,2372998
2022-03-04,1863.1253662109375,1917.0494002204007,1822.3017477633841,1914.327870704479,6320118
2022-03-07,1793.4251708984375,1826.8221842843884,1777.787695736685,1826.2224928441972,2976453
2022-03-08,1798.084228515625,1806.3873368053328,1754.3084415243552,1775.5274960424974,3211938
2022-03-09,1843.1978759765625,1851.6393922481686,1799.929431946886,1811.9228110423805,2879079
2022-03-10,1939.1910400390625,1950.3080253443052,1890.3411276870772,1893.0164837957482,4879791
2022-03-11,1932.2254638671875,1946.8020767871385,1909.714904841804,1937.391932448207,2481643
2022-03-14,1899.843505859375,1932.7791241690913,1887.665545954839,1932.7791241690913,1730325
2022-03-15,1880.3770751953125,1919.6785416622495,1868.1992289722173,1886.6505793818194,2391023
2022-03-16,1911.6982421875,1918.9404874871664,1874.7034188925782,1900.4891366459435,2808685
2022-03-17,1939.2833251953125,1952.7988508350625,1921.108787992415,1935.6392281162618,2995889
2022-03-21,1892.3707275390625,1947.4479714560312,1887.573420783733,1943.3887638714239,1674982
2022-03-22,1839.1385498046875,1894.7232488895797,1816.5356431228643,1894.7232488895797,5356303
2022-03-23,1825.3463134765625,1860.4038850316479,1822.3017951100555,1856.206157074513,3212162
2022-03-24,1813.675537109375,1837.1548357958966,1800.2521344461686,1817.4580414741008,3054664
2022-03-25,1801.7744140625,1823.916035126248,1794.3938737079172,1821.9786658067917,2233647
2022-03-28,1822.163330078125,1827.4220332167306,1781.7549348653629,1808.186407756052,1794533
2022-03-29,1833.1878662109375,1840.3838254159855,1821.1944882510834,1826.6837200393122,1249125
2022-03-30,1859.8040771484375,1862.6640142306164,1840.5685649040033,1845.1352295498923,1476829
2022-03-31,1890.01806640625,1894.9538932724129,1861.7414589209975,1863.0330761138428,2540524
2022-04-01,1917.234130859375,1924.3380829134394,1880.5621744339312,1895.7844300980355,1714996
2022-04-04,1963.6387939453125,1967.329064027283,1909.8992358766163,1917.095307583701,1693019
2022-04-05,1974.1102294921875,1990.9009150538282,1962.3013189617668,1978.4462522395434,1277652
2022-04-06,1976.1859130859375,1996.8051631829535,1957.0426359627131,1969.6817666546574,1736115
2022-04-07,1997.17431640625,2006.5844605533246,1969.7741046818007,1974.2484222452092,1824732
2022-04-08,2014.0111083984375,2023.6518941209981,1995.9748679875904,2009.075281976827,1693462
2022-04-11,1995.559814453125,2024.2055823639428,1973.2796726397237,2018.5778301287842,1380107
2022-04-12,1967.1446533203125,1997.3587405034477,1960.4560386003818,1975.1247725123635,1370233
2022-04-13,1985.503662109375,1997.358745218206,1965.7146332143875,1972.172606062668,1071601
2022-04-18,2009.0294189453125,2013.8728992669708,1969.7281709056072,1981.6753773184475,1828131
2022-04-19,1949.4315185546875,2035.9684047628139,1938.360707318754,2016.4559648177424,1775996
2022-04-20,1997.312744140625,2000.726199322018,1930.6572329192002,1950.6769054291142,1511804
2022-04-21,2027.7574462890625,2033.1083835084473,2000.1265912405281,2015.8102407105875,2244813
2022-04-22,1962.2550048828125,2019.5003663917314,1955.8432054593286,2013.0423935435165,3520828
2022-04-25,1938.083740234375,1994.5910014931424,1888.495735456273,1937.3918145863086,2437310
2022-04-26,1981.998046875,1990.8545600378277,1956.7657347878471,1976.3241214131656,1447088
2022-04-27,1978.9998779296875,1985.7344413196465,1940.6209751113377,1981.4907654390372,2214481
2022-04-28,2068.25830078125,2075.777136759909,1997.358889371201,2057.325784433154,5865359
2022-04-29,2061.800537109375,2112.6800562293024,2050.4529092273547,2070.6108785522424,2678692
2022-05-02,2057.787109375,2077.622313522753,2035.091855464936,2048.1001492098185,1543544
2022-05-04,2003.401611328125,2076.561263202784,1982.2746792589307,2068.3502768534363,1608395
2022-05-05,1998.835693359375,2031.4483333377875,1986.8423107126275,2009.3528772781556,1101451
2022-05-06,1982.782470703125,2001.9719240546792,1943.1120593048065,1960.4563772424856,1585602
2022-05-09,1952.7528076171875,1973.7412225289304,1946.7561176424038,1957.2273510005652,1341414
2022-05-10,2011.566162109375,2027.711093962965,1954.9206055861223,1968.7591186034851,2162232
2022-05-11,1995.97509765625,2020.1463248801338,1952.1531345692745,2015.8103020008812,1858636
2022-05-12,1973.1875,1997.2204294691244,1945.8794107159674,1997.2204294691244,1531515
2022-05-13,2024.205810546875,2046.2550877185954,1987.3490520195735,2001.9718396525484,2057239
2022-05-16,2045.563232421875,2049.8992555637697,2004.0938593622986,2029.6489396000113,1396818
2022-05-17,2071.164306640625,2100.6864704769278,2049.2994990966104,2064.613986444951,2055096
2022-05-18,2113.97119140625,2123.7504975188517,2062.9533861422306,2062.9533861422306,2137455
2022-05-19,2089.20068359375,2106.9601114235707,2071.57955082135,2071.718071115021,1734602
2022-05-20,2145.845947265625,2166.1886067845894,2105.9449007394605,2112.679688899791,2599505
2022-05-23,2195.526611328125,2203.091621261757,2127.7640602356446,2130.2087744947225,2363306
2022-05-24,2130.80810546875,2195.7108243415714,2123.7967270537633,2195.7108243415714,3078655
2022-05-25,2120.7060546875,2149.5362916112877,2109.4507752396985,2149.5362916112877,1884260
2022-05-26,2103.638671875,2118.215285524726,2083.157715468132,2112.8181747767812,2299127
2022-05-27,2150.13623046875,2154.103091129157,2103.915501640559,2119.1378676905783,1011303
2022-05-30,2167.06494140625,2181.872195220209,2150.5048993904047,2160.8376106165097,939562
2022-05-31,2171.0322265625,2184.54775194411,2125.5034249495284,2177.2595579252097,3123979
2022-06-01,2129.700927734375,2226.893505204606,2123.7504123300405,2186.485003137357,2197599
2022-06-02,2107.8828125,2128.3175977989986,2082.3736794065308,2117.2929583788755,1460335
2022-06-03,2114.478759765625,2144.923490479133,2089.753903108621,2107.1443924137075,1845303
2022-06-06,2103.91552734375,2123.7045584032867,2073.5631417313366,2096.258170795974,2131405
2022-06-07,2040.3507080078125,2084.864597189544,2036.1529801465351,2075.7772157284135,2034730
2022-06-08,2026.92724609375,2047.1313869921405,2016.7328287875355,2043.4872899196664,1506843
2022-06-09,2027.5269775390625,2037.352458629099,2002.6638232148334,2026.881225200041,1497867
2022-06-10,2029.556396484375,2037.8135567883126,1995.3292732725188,1995.5137417473939,1641981
2022-06-13,2026.7886962890625,2045.3323953809202,1989.055771060561,2000.126582402271,1519441
2022-06-14,2002.8944091796875,2042.5186455116493,1992.7461648217986,2021.2074675018312,1592475
2022-06-15,1997.8218994140625,2009.316067845654,1983.3492678056143,2009.12997070331,1432377
2022-06-16,1997.9613037109375,2014.0626820577506,1987.118589496444,1996.3791372522528,1353485
2022-06-17,1964.222900390625,2010.711962076599,1954.496996495883,2010.3397678243368,3252189
2022-06-20,2043.7525634765625,2050.2675544053686,1962.0824986190278,1964.7351215299823,2022000
2022-06-21,2052.22216796875,2077.351419005102,2021.6481549845803,2042.9150379552864,1606187
2022-06-22,2050.220703125,2070.7427377919407,2034.5846832444008,2037.5163375611648,1741378
2022-06-23,2096.524169921875,2100.9450566196474,2040.216034087092,2055.014279722326,1585753
2022-06-24,2144.26953125,2158.1372909061834,2103.457903649479,2108.0648874286912,1930048
2022-06-27,2159.859130859375,2170.2832987136817,2138.8251524369907,2155.3918900359454,1450391
2022-06-28,2157.06689453125,2162.977012973852,2120.024698894455,2159.859033532507,1404108
2022-06-29,2078.700439453125,2140.5462590248326,2070.8359618071772,2137.1026671400464,1682914
2022-06-30,2076.04833984375,2093.17336676102,2060.039895765843,2070.743094395346,2387212
2022-07-01,2124.212890625,2134.124893111263,2050.919242420677,2071.7671225755216,1235612
2022-07-04,2210.62939453125,2213.5146956198773,2118.302713618169,2118.302713618169,2410245
2022-07-05,2235.107421875,2244.879909041224,2207.279192167795,2219.285299796351,2463079
2022-07-06,2325.29345703125,2335.2522687193914,2233.7113812883754,2233.7113812883754,4770394
2022-07-07,2301.606689453125,2355.634625053916,2294.6729229831803,2331.4360868273643,3333262
2022-07-08,2323.8505859375,2330.318995121599,2282.8526374119147,2304.863906518729,1346970
2022-07-11,2318.0341796875,2350.0506200167856,2308.168529759061,2314.6835215769293,1587197
2022-07-12,2279.827880859375,2318.033691707686,2275.081154072802,2303.5144792515607,1116476
2022-07-13,2324.688232421875,2344.7917226993836,2290.85672635887,2293.276670878791,2528792
2022-07-14,2324.735107421875,2348.095868699102,2297.185910184536,2329.342091585672,1663307
2022-07-15,2390.5361328125,2395.5618916859257,2328.690304780577,2354.703685425589,2996964
2022-07-18,2376.57568359375,2424.5074038620396,2357.542647883643,2402.170291504002,1566888
2022-07-19,2390.02490234375,2396.5864758098796,2347.956711397815,2373.272064842943,1473121
2022-07-20,2424.0419921875,2436.6066176029467,2359.9159578089752,2396.585958872264,4012897
2022-07-21,2426.78759765625,2447.68205933035,2412.1288677174807,2435.6759523656815,1990695
2022-07-22,2457.640625,2460.060342254695,2430.13801279636,2435.675709219891,1905780
2022-07-25,2441.818359375,2470.1119395332294,2431.021999269328,2462.2008801941065,1253821
2022-07-26,2370.619384765625,2443.1218430464637,2362.242967018037,2443.1218430464637,1685576
2022-07-27,2403.054443359375,2411.0120851479155,2350.050382165021,2359.6833528392845,1404133
2022-07-28,2438.561279296875,2443.1216822137303,2405.893161341902,2443.1216822137303,1442054
2022-07-29,2454.662353515625,2461.735863142762,2416.130926547679,2457.08229818408,1463059
2022-08-01,2413.338623046875,2455.220704819767,2401.2393549791504,2454.755348355624,1559918
2022-08-02,2452.66162109375,2456.244957308131,2418.923272259807,2419.853985331088,1359934
2022-08-03,2444.3779296875,2479.419179681581,2417.8989657522525,2434.0469255488947,1767904
2022-08-04,2445.8671875,2460.293239027102,2433.814499572328,2451.4980466055495,1189384
2022-08-05,2462.10791015625,2473.5091436229527,2445.4948205825285,2455.2207253193606,1176666
2022-08-08,2466.71533203125,2473.835195711357,2444.0989603049443,2462.108120823685,1024511
2022-08-10,2459.688232421875,2491.239310571789,2448.891871300013,2466.715160647105,1098949
2022-08-11,2432.604736328125,2482.909823841752,2425.9968097826154,2472.0205262302375,810674
2022-08-12,2415.1533203125,2444.1451625929203,2405.985934863655,2443.028125367328,1473527
2022-08-16,2461.270263671875,2464.853599226256,2411.058348169555,2427.2526617371354,1584117
2022-08-17,2498.638671875,2507.3409296886975,2461.2706342100078,2467.320268969836,1711381
2022-08-18,2496.218994140625,2526.885943852163,2480.024450651735,2498.964552207388,1465489
2022-08-19,2452.010009765625,2511.947836813186,2444.5177245784657,2502.6872877942105,1324508
2022-08-22,2444.70361328125,2482.0252927480765,2438.5610442643447,2464.527844179778,1410895
2022-08-23,2413.105712890625,2447.495506840632,2406.125366599359,2421.7613877367576,1305045
2022-08-24,2408.91748046875,2429.1604845063025,2383.8348151637333,2397.5162483096688,1242489
2022-08-25,2395.84130859375,2446.2859066842084,2387.6975700156136,2420.9705590634285,1106593
2022-08-26,2393.375,2433.5351740432916,2384.486645630063,2419.7605765470635,1048791
2022-08-29,2397.330078125,2427.2058227005255,2373.317642415599,2373.317642415599,1450034
2022-08-30,2475.556640625,2482.211146547152,2406.451212191882,2409.336285663628,2227943
2022-09-01,2425.437744140625,2471.042674863146,2414.269189677967,2466.3891105037055,1702269
2022-09-02,2423.204345703125,2441.260086178749,2405.8929938132164,2433.8143825228476,937600
2022-09-05,2420.412109375,2440.701469240513,2406.916772042064,2417.06145197482,1274074
2022-09-06,2394.817626953125,2438.467974227799,2385.4173350938354,2411.663395325669,1250776
2022-09-07,2386.90673828125,2416.9685875045343,2383.3699833064925,2393.6078266821864,1344964
2022-09-08,2398.587158203125,2416.131190906864,2385.417658819065,2401.2397814097494,1004533
2022-09-09,2409.3369140625,2463.5975322811782,2404.450670373616,2417.992591184927,1785443
2022-09-12,2401.61181640625,2424.507447878851,2395.6553438925766,2411.477465433437,1595709
2022-09-13,2407.38232421875,2428.230204420808,2400.308814565452,2417.9923614738445,1342130
2022-09-14,2393.235107421875,2425.437865287615,2370.246543782957,2373.3179418585637,1610054
2022-09-15,2382.99755859375,2418.737075392725,2374.2489469742636,2401.239624928891,1199906
2022-09-16,2352.98193359375,2386.2085688174784,2344.140160268356,2377.971668040198,2516820
2022-09-19,2400.54150390625,2408.685242651691,2334.274783788315,2355.6346016813873,1166725
2022-09-20,2404.543212890625,2439.863719865612,2400.866942602813,2418.550486633882,1253333
2022-09-21,2441.818359375,2463.3642712733895,2401.239187639688,2403.1006133665405,1960049
2022-09-22,2506.177490234375,2514.088550922145,2438.5146989733626,2441.3534191357107,2620240
2022-09-23,2496.218994140625,2535.0296830818893,2488.7267086043034,2510.9706597246945,1789791
2022-09-26,2476.208251953125,2539.9155045237885,2459.920776200407,2483.6073740643938,2678551
2022-09-27,2493.6123046875,2525.721896741888,2469.553287577115,2490.5874880446954,1898501
2022-09-28,2514.8798828125,2521.0690338515274,2468.2976481126043,2484.9573212119285,1526197
2022-09-29,2513.43701171875,2538.05432487034,2504.6418194042685,2523.256079212632,2019666
2022-09-30,2509.620849609375,2526.7924578252405,2483.0489498545553,2519.439916524358,1340054
2022-10-03,2440.794677734375,2544.5691702290874,2436.1876941403398,2534.331327920192,1683197
2022-10-04,2483.09521484375,2491.052854874618,2451.6370761819894,2466.3889652223943,1327939
2022-10-06,2432.883544921875,2505.758411165381,2424.5537098285663,2495.520569163032,1752351
2022-10-07,2419.57421875,2431.9527454481067,2396.5856561534156,2430.9288703943835,1025923
2022-10-10,2425.06591796875,2429.8124180009304,2365.872479442097,2391.93244381046,1043728
2022-10-11,2373.922607421875,2429.6724427075706,2368.664170781382,2429.1605052021246,1129783
2022-10-12,2411.802978515625,2424.134924513287,2377.226857742,2385.8359521177263,882873
2022-10-13,2388.581787109375,2426.5083424119284,2385.3242915619167,2404.031714024407,753331
2022-10-14,2397.330078125,2443.027940316629,2392.1179955497732,2410.5461544534905,1001536
2022-10-17,2411.05859375,2429.114334956377,2390.070970275546,2395.283053935558,778918
2022-10-18,2421.947998046875,2458.943841229645,2417.0617546076414,2438.4681544366654,1123374
2022-10-19,2404.031494140625,2436.1410901715394,2399.750123779902,2434.0935671739553,1241979
2022-10-20,2420.69140625,2429.160985633916,2390.2105548019117,2390.2105548019117,1428125
2022-10-21,2470.01904296875,2481.978795439789,2425.437982906568,2425.437982906568,2458302
2022-10-24,2394.817626953125,2457.082233573049,2373.3180665194227,2429.254006741838,719908
2022-10-25,2331.80810546875,2406.823659209532,2326.7823464902667,2406.823659209532,2923789
2022-10-27,2344.466064453125,2354.7039075293396,2315.6139612383386,2321.19823927991,1846329
2022-10-28,2349.35205078125,2374.1554588131044,2337.950817693374,2351.0739605456774,1164951
2022-10-31,2373.969482421875,2393.7937137544677,2365.9189062729406,2368.664464037761,1324443
2022-11-01,2390.92822265625,2413.4620965488507,2386.9930468593743,2407.0438460978403,1280132
2022-11-02,2359.540283203125,2402.359198201214,2343.705563094823,2402.359198201214,1338284
2022-11-03,2385.822021484375,2388.3048675676064,2350.1707398729995,2357.104134454052,730444
2022-11-04,2361.46142578125,2385.494299236469,2356.6828500214174,2384.5104479036286,889055
2022-11-07,2373.12646484375,2391.1160066043662,2358.3224877050116,2371.5336825328113,1283685
2022-11-09,2350.639404296875,2384.463438301821,2335.5074009596337,2351.7637077299682,1436444
2022-11-10,2355.13671875,2377.9983927279977,2343.377855100694,2346.141834275377,1459152
2022-11-11,2345.251708984375,2386.2436029803034,2337.7091547392424,2384.5570335917323,1162847
2022-11-14,2302.854736328125,2355.277475157068,2300.3716611135987,2348.765664734966,2137131
2022-11-15,2302.5732421875,2313.3482543076043,2290.064767052659,2302.85437521008,1558333
2022-11-16,2321.640625,2326.4658654402274,2275.026981501953,2308.2420847371077,1330395
2022-11-17,2304.915771484375,2340.520161450394,2299.528265107938,2323.6080304666507,960476
2022-11-18,2327.12158203125,2331.6659179626067,2294.4687464064905,2314.285308458912,1075675
2022-11-21,2343.705322265625,2353.637162940205,2314.331842851968,2327.1212208084785,1354881
2022-11-22,2357.1044921875,2364.8812870191077,2339.5834285605038,2347.922260774859,921265
2022-11-23,2349.28076171875,2365.817972083248,2344.267946991005,2362.070141632423,734152
2022-11-24,2388.4453125,2398.6113936957,2352.8409246248293,2358.3222179422173,999929
2022-11-25,2377.483154296875,2394.3014984426877,2359.4467194505132,2393.926806880716,783480
2022-11-28,2366.00537109375,2382.2147839081817,2362.8198066386367,2367.6919405844546,830905
2022-11-29,2468.1337890625,2473.5212955351185,2367.8793207894287,2367.8793207894287,2542932
2022-11-30,2515.122314453125,2527.911694647924,2457.6398721502983,2467.946406116617,3698270
2022-12-01,2494.97802734375,2513.857634440307,2479.9867033962864,2511.0467612001576,1675569
2022-12-02,2450.238037109375,2492.3073440103817,2442.789040807247,2492.3073440103817,2101890
2022-12-05,2454.688720703125,2459.5139613561055,2422.1761055286956,2436.090018867,1640511
2022-12-06,2487.201416015625,2492.260896721837,2439.697700498082,2442.46168030517,1484562
2022-12-07,2536.67236328125,2548.3374401729443,2488.7937362807015,2492.3542210697833,2368561
2022-12-08,2534.891845703125,2540.138899664637,2516.4338270786425,2525.1475783453566,1314703
2022-12-09,2550.6328125,2568.763033459541,2540.326278956975,2552.9283128574275,1883397
2022-12-12,2545.9482421875,2552.272706493238,2519.1511611848982,2531.846983430006,1163204
2022-12-13,2539.436279296875,2548.524722446894,2527.724309065042,2545.713849591254,1265839
2022-12-14,2515.403076171875,2548.524618131547,2502.9417233548033,2548.524618131547,886858
2022-12-15,2495.352294921875,2514.0914466719687,2481.4852768769233,2500.130870117913,990722
2022-12-16,2502.894775390625,2518.2607878724857,2486.0295393132346,2499.8027696932227,1793864
2022-12-19,2546.744384765625,2548.5245125945157,2502.894726078457,2502.894726078457,1546941
2022-12-20,2505.93994140625,2535.4541051770434,2485.9826992018316,2535.4072115481604,827567
2022-12-21,2498.11669921875,2525.2415802436117,2483.0318167422197,2518.495530215325,779092
2022-12-22,2478.58056640625,2519.0101902531287,2475.4416673419255,2507.7667004695923,852567
2022-12-23,2455.85986328125,2482.5162634919075,2443.632519823627,2466.072610479893,1189702
2022-12-26,2452.439697265625,2471.553770123414,2442.414296397516,2455.7190489630993,605144
2022-12-27,2429.765380859375,2468.7895747593143,2412.900143471746,2459.5137856958872,870960
2022-12-28,2420.723876953125,2438.994551135019,2415.5706098761807,2429.5311873666774,822651
2022-12-29,2406.154052734375,2420.442656385594,2379.3100797727616,2417.5848899054668,1345863
2022-12-30,2399.59521484375,2423.39384546772,2394.113921595018,2417.303621302198,696432
2023-01-02,2397.112060546875,2417.397328382743,2378.0451120029907,2411.6349023060693,681703
2023-01-03,2381.793212890625,2400.4854720460166,2375.1876157832367,2389.2888740055228,821843
2023-01-04,2376.21826171875,2397.1122332067716,2367.738749685802,2389.7103596638617,1672649
2023-01-05,2420.81689453125,2428.5467934194025,2377.529506507472,2377.5764001293965,2008493
2023-01-06,2414.0244140625,2447.2395159383605,2412.572084001759,2417.3506593630577,991782
2023-01-09,2458.623779296875,2463.683259131931,2407.981172315986,2426.1113944322215,1267078
2023-01-10,2477.17529296875,2486.076389632311,2450.2377635921844,2458.623487856922,1413088
2023-01-11,2429.765380859375,2480.923359101618,2424.9401405510166,2477.3159807161624,1471687
2023-01-12,2426.766845703125,2438.5257082092103,2410.55743502238,2423.065909286707,1703829
2023-01-13,2458.5771484375,2472.8657541972834,2404.842529703386,2426.907930577401,1348015
2023-01-16,2433.372314453125,2462.27731488711,2421.098080209278,2462.27731488711,930068
2023-01-17,2499.381591796875,2506.3618810053003,2437.7766221983334,2441.1964263492746,1892865
2023-01-18,2516.85546875,2523.6953050053735,2492.307225288396,2499.8028861163307,2038075
2023-01-19,2482.703369140625,2510.3905116196725,2447.239432930238,2501.7705475587823,1649842
2023-01-20,2388.070556640625,2440.7744188519187,2376.1712415001334,2389.2417535786535,4569549
2023-01-23,2432.716552734375,2439.837521793905,2391.1157279639197,2398.611388553148,1388360
2023-01-24,2436.55859375,2445.459692246683,2418.1005720909775,2439.8379458277254,1462462
2023-01-25,2457.03076171875,2475.4418863685496,2430.4679232551166,2436.558147426727,1591810
2023-01-27,2447.473876953125,2479.705357929131,2415.664209926572,2469.3519299648224,1581382
2023-01-30,2406.24755859375,2445.4593254849115,2370.6900635765246,2445.4593254849115,2744039
2023-01-31,2414.305419921875,2426.907453495928,2380.996532538842,2406.107041179538,2366794
2023-02-01,2411.96337890625,2438.9009130010563,2386.2908292165416,2436.277385669761,2014615
2023-02-02,2468.74267578125,2473.33367624611,2401.422184759458,2407.5124087941585,1980667
2023-02-03,2481.766357421875,2489.9178425109067,2465.275812730749,2473.567978704578,1638238
2023-02-06,2471.319580078125,2478.2529751629318,2435.855641655891,2465.1355681110294,1697446
2023-02-07,2437.214111328125,2478.7682732055678,2431.6861528791146,2478.252900765544,1495745
2023-02-08,2419.974365234375,2443.1171744059943,2415.804949267634,2429.250154856986,1061956
2023-02-09,2423.6279296875,2435.9957229896086,2404.2329551058538,2423.9090626885595,1102484
2023-02-10,2415.008544921875,2423.5816166368536,2394.2550227378433,2422.03572788479,1523011
2023-02-13,2418.287353515625,2427.4226893144537,2389.241670462938,2398.6112456412243,1146525
2023-02-14,2416.975830078125,2437.9635880682663,2408.168291703254,2422.035309437536,1944364
2023-02-15,2387.78955078125,2409.6676022484476,2377.0614320074883,2389.2418808116263,2009134
2023-02-16,2367.78564453125,2400.3915860402444,2363.8035747277663,2398.6114580984527,1982857
2023-02-17,2356.9169921875,2385.7284402136443,2348.859064817002,2365.8180899516747,1395341
2023-02-20,2353.1220703125,2382.683127733635,2350.076958175208,2359.259188216002,632091
2023-02-21,2357.525634765625,2383.573100260027,2353.918485467913,2368.6286731708738,862797
2023-02-22,2336.819091796875,2364.4593403317426,2326.231425421773,2357.5257170089444,885515
2023-02-23,2333.6337890625,2357.291972863595,2323.749067543192,2334.898773557589,757215
2023-02-24,2327.58984375,2352.9345906153176,2316.1121140396817,2335.0855039689836,732783
2023-02-27,2312.552001953125,2330.2137456869955,2301.1680576627505,2330.2137456869955,853991
2023-02-28,2305.5244140625,2318.360914996789,2282.10047622532,2314.0508189349907,1780454
2023-03-01,2310.771484375,2314.2850750760263,2293.672009630005,2303.041584832742,967339
2023-03-02,2300.559326171875,2314.285665848075,2289.924764102306,2310.772074250128,827174
2023-03-03,2315.222412109375,2332.930820645566,2300.840020315843,2310.5376237400724,1176008
2023-03-06,2328.199462890625,2341.316870862725,2319.532604051916,2325.482148275311,1214503
2023-03-08,2328.43359375,2343.7058207487166,2311.6619142323125,2330.213721820577,1448340
2023-03-09,2306.227294921875,2334.8513947284646,2302.0109858136857,2328.199133162967,1038910
2023-03-10,2310.02197265625,2314.7536540884407,2290.955023542525,2295.546024090945,772024
2023-03-13,2300.324951171875,2331.6192469936127,2290.861586859306,2310.537698648282,1314549
2023-03-14,2288.472412109375,2316.1595593883612,2285.942671932749,2306.789981882745,1250763
2023-03-15,2254.413818359375,2304.4472637094073,2242.139582051885,2297.326294305923,1738040
2023-03-16,2304.306640625,2313.6293224916835,2255.9595395760243,2272.0751636758823,1628035
2023-03-17,2293.110107421875,2326.653237719197,2285.98936638772,2315.831330893253,2127178
2023-03-20,2352.887939453125,2357.9943127536376,2272.1222380205863,2293.1099972967613,1561128
2023-03-21,2307.35205078125,2364.178441995041,2303.744672250196,2356.4485412137237,1595161
2023-03-22,2320.23486328125,2324.9663157926652,2299.6684625659,2316.7212725553104,1063244
2023-03-23,2328.43359375,2342.4410651457583,2310.5376107798725,2318.9702297973176,1578627
2023-03-24,2324.404541015625,2340.42637928558,2314.285352832304,2316.3466138744157,1449326
2023-03-27,2341.45703125,2347.0787768232294,2308.663515406163,2328.3396249124653,1387736
2023-03-28,2326.2783203125,2355.0428722060337,2316.065345463075,2351.5761749174585,1412387
2023-03-29,2371.29931640625,2379.685041469694,2323.7018229114383,2328.339717443786,2613254
2023-03-31,2398.939697265625,2406.528917254898,2357.900904964468,2397.4873671058185,2146167
2023-04-03,2376.21826171875,2407.9810328704666,2356.4952584817374,2407.9810328704666,918048
2023-04-05,2419.927490234375,2425.361890623062,2344.268156254537,2354.1062120661572,1489612
2023-04-06,2403.530517578125,2422.035430441264,2392.052786814912,2412.6658543080293,797414
2023-04-10,2372.516845703125,2406.9969275050007,2365.8176910677785,2403.5302304996508,853322
2023-04-11,2387.1337890625,2393.926731843661,2373.313664093931,2379.872367468845,913184
2023-04-12,2369.518798828125,2394.863546824328,2359.8680901156886,2394.863546824328,1109809
2023-04-13,2376.3115234375,2400.8130988758585,2365.817645374232,2365.817645374232,1261711
2023-04-17,2390.975341796875,2416.413649123673,2381.1839518825154,2410.7919035266423,1566977
2023-04-18,2380.856201171875,2398.611502284606,2370.5027737422083,2398.611502284606,1474786
2023-04-19,2372.002197265625,2387.3682119969135,2351.9980589345573,2387.3682119969135,1320243
2023-04-20,2335.46044921875,2372.751176207683,2323.654692747772,2359.0717334113074,1401364
2023-04-21,2340.473388671875,2351.2952956149684,2328.948763469482,2334.8985362313215,1206288
2023-04-24,2342.159912109375,2346.985152561744,2319.0639972751146,2344.268066845747,1735797
2023-04-25,2333.446044921875,2342.159796485265,2321.8278620036335,2333.8209652172677,1701098
2023-04-26,2352.51318359375,2359.2592325517194,2325.7161047822374,2333.02441979896,1245903
2023-04-27,2313.301513671875,2363.0071620979274,2302.1049156521044,2355.464607365137,2743893
2023-04-28,2302.385986328125,2312.2240412567344,2266.500464029124,2282.475637067844,3761927
2023-05-02,2297.138916015625,2321.7809467940324,2295.5461338359078,2315.971855388902,1760370
2023-05-03,2329.27685546875,2333.0246862900995,2298.0292244959724,2302.058188378811,1258140
2023-05-04,2348.718505859375,2351.1546871627665,2323.7953417533013,2330.1666992972782,1150227
2023-05-05,2343.096923828125,2361.133359210987,2337.4282841007675,2342.394205566455,1354871
2023-05-08,2357.66650390625,2367.551452542733,2339.7236282415865,2347.781555269767,972810
2023-05-09,2357.19775390625,2365.8177172648216,2342.440673095588,2365.8177172648216,1651327
2023-05-10,2363.66259765625,2375.187220452108,2347.8750013103713,2362.069815684325,2025658
2023-05-11,2428.968994140625,2435.153006318236,2364.506488862105,2377.01473661989,1749356
2023-05-12,2458.014404296875,2473.5679915007713,2423.3469741129625,2430.4679431640157,2170011
2023-05-15,2494.415283203125,2502.3794225240854,2457.6865923198716,2471.647168570969,1561055
2023-05-16,2507.20458984375,2509.5469836938037,2483.4997470807257,2501.676631857383,1477905
2023-05-17,2493.947021484375,2505.424752681213,2480.1737897980543,2503.55083738377,839404
2023-05-18,2461.903076171875,2500.927270115609,2456.5624634096835,2497.4605726208124,1434067
2023-05-19,2474.926513671875,2482.0005890356556,2436.698599279995,2462.933411093132,1174757
2023-05-22,2471.78759765625,2488.0436725410414,2457.6863419569195,2468.882937994151,768232
2023-05-23,2462.60595703125,2482.7505474861255,2459.513950885963,2466.072654754992,703864
2023-05-24,2450.09716796875,2471.6940858485823,2443.585358564482,2454.828849478122,628872
2023-05-25,2433.51318359375,2460.5911673681608,2417.866037057171,2445.4593932735347,1072231
2023-05-26,2485.139892578125,2489.2155213980545,2438.99472500857,2439.6036560249395,947073
2023-05-29,2483.21875,2510.6247595458312,2478.29972264562,2501.6767687989336,698267
2023-05-30,2489.074462890625,2496.9917079219636,2483.733850953765,2488.0906117774016,948051
2023-05-31,2499.381591796875,2511.0466695679274,2471.694445641863,2489.0750569590964,3388305
2023-06-01,2527.818115234375,2559.0657463740877,2487.154242105269,2498.8662134845554,1541080
2023-06-02,2545.432861328125,2565.577451272608,2521.962025898736,2539.155290676707,1509260
2023-06-05,2525.8505859375,2550.3988316606133,2514.934891601561,2545.1986707322853,1000190
2023-06-06,2521.493408203125,2537.187448342108,2501.8172981781318,2529.785574641997,655372
2023-06-07,2544.964111328125,2555.0832988556526,2510.437362049412,2520.415868691495,1428490
2023-06-08,2510.95263671875,2549.9770588783986,2506.2678486143086,2536.3442797445905,923536
2023-06-09,2470.007568359375,2519.4320815390515,2454.9226883162682,2519.4320815390515,1413808
2023-06-12,2476.800537109375,2489.49635841686,2467.00937587941,2478.252867148135,775484
2023-06-13,2507.20458984375,2526.9744854379633,2461.8559364064695,2463.8236387402744,1787924
2023-06-14,2528.614013671875,2531.752912747656,2484.811251230315,2502.6134434525534,1536248
2023-06-15,2520.135009765625,2546.182478850207,2509.313102882079,2542.8562333579403,1830192
2023-06-16,2544.44921875,2552.2729074514027,2514.044985554663,2520.1352109211957,1748145
2023-06-19,2534.625,2561.215681534716,2526.831966831268,2552.3364390198453,1068263
2023-06-20,2527.87109375,2531.932732545881,2501.4220118614003,2522.108880091478,1129279
2023-06-21,2528.343505859375,2556.917961609869,2520.644795113001,2537.175471993452,1201840
2023-06-22,2507.32568359375,2529.6656181838885,2501.9884986425827,2520.833422303501,830052
2023-06-23,2495.281982421875,2513.1822966173913,2481.9156119396744,2504.4446537175895,991214
2023-06-26,2505.2001953125,2526.0759372924686,2495.8011416107556,2495.8011416107556,758700
2023-06-27,2504.491943359375,2514.1741963527184,2489.992086873488,2505.200400895473,687747
2023-06-28,2513.843505859375,2538.7340730259034,2495.659762322393,2506.003196288723,1397573
2023-06-30,2529.807373046875,2537.128101107674,2504.4920076017515,2518.283176287608,1160181
2023-07-03,2551.43896484375,2555.973139106291,2512.143095391975,2538.167147813337,980665
2023-07-04,2550.44677734375,2556.7756176677017,2526.831529405382,2551.4386638806927,721907
2023-07-05,2603.20361328125,2606.5567943547785,2546.7631646422487,2550.399774845032,1717547
2023-07-06,2604.38427734375,2611.846603965153,2584.1222087067363,2607.029000802995,1265020
2023-07-07,2548.65283203125,2616.2395062641617,2541.9460074716203,2600.606392198823,1178930
2023-07-10,2509.403564453125,2561.16823492194,2504.1609331997333,2559.7983660245154,1518183
2023-07-11,2535.805908203125,2566.269585066433,2499.4384179942144,2509.9236827430877,2476367
2023-07-12,2525.556396484375,2555.122735165759,2496.1318876714754,2555.122735165759,2395826
2023-07-13,2507.656494140625,2538.5924762454397,2504.350358648507,2536.230950893927,1495067
2023-07-14,2528.62646484375,2537.694813263287,2504.2084342499597,2507.939597697386,1419016
2023-07-17,2533.160400390625,2553.4695138634424,2522.1085103452283,2522.1085103452283,912701
2023-07-18,2534.199951171875,2551.486361639526,2529.0045957679067,2536.797628873859,1215904
2023-07-19,2523.620361328125,2547.518811662444,2513.512849060663,2534.152671386877,1166542
2023-07-20,2553.516845703125,2565.8440516662677,2510.962121359329,2521.211231557335,1430764
2023-07-21,2459.7646484375,2528.107279975843,2448.4293274769584,2503.2167121195757,5198952
2023-07-24,2437.330078125,2461.606510252722,2432.3708753693927,2459.7645667813194,1777469
2023-07-25,2425.900146484375,2443.328385961522,2420.3743162018372,2437.2827434233677,1653775
2023-07-26,2440.21142578125,2454.852882981225,2429.8207142199776,2436.6218611183594,1300033
2023-07-27,2427.506103515625,2439.9276327827215,2411.589332750402,2419.1462127590203,2276136
2023-07-28,2441.439208984375,2450.082298629333,2423.1136357825694,2427.6478101117627,966450
2023-07-31,2418.95751953125,2439.8332637607236,2412.5341249153757,2432.418213062982,2003252
2023-08-01,2409.794921875,2431.2375250527625,2404.032708009508,2427.6479605439827,1758897
2023-08-02,2426.65576171875,2430.906506628262,2395.530909004859,2397.420128964642,2082908
2023-08-03,2409.983642578125,2419.193590473485,2396.664548759299,2416.2652071007064,1475310
2023-08-04,2404.97705078125,2417.2097041108245,2394.6336174444336,2409.983529885594,1359318
2023-08-07,2426.89208984375,2431.426264198894,2398.128759998035,2399.3095225583493,803823
2023-08-08,2423.727783203125,2442.005849255998,2413.9982535880167,2426.8920884923928,1002061
2023-08-09,2410.833740234375,2426.655958681791,2400.254153724417,2423.727805877062,1212549
2023-08-10,2396.192138671875,2410.0778595355646,2387.596326050389,2407.8581644082124,1313334
2023-08-11,2363.225830078125,2396.145356976824,2360.580875410703,2394.586842403414,1472199
2023-08-14,2392.791748046875,2399.3094649763125,2350.2842968957198,2363.225408122646,1060479
2023-08-16,2411.2119140625,2413.526162761276,2384.573723858393,2393.6420733684345,1155882
2023-08-17,2402.37939453125,2418.815516366493,2392.697141982761,2411.2115903225526,1532873
2023-08-18,2413.2421875,2425.522116431402,2391.8468651088883,2391.8468651088883,1970819
2023-08-21,2420.799560546875,2432.276481141719,2398.4123470528325,2413.2426796633026,977004
2023-08-22,2423.6806640625,2432.371030942716,2411.589608542429,2431.0486690370512,960025
2023-08-23,2431.4736328125,2440.400151982646,2420.563340218901,2432.3709662687493,1136112
2023-08-24,2438.274658203125,2448.193063592426,2424.7666885493973,2441.816945842161,1143934
2023-08-25,2421.55517578125,2437.755146132379,2410.1725783860866,2424.8140343786336,802955
2023-08-28,2414.14013671875,2425.758887795519,2398.3651931903514,2422.9250573191225,619841
2023-08-29,2386.226806640625,2417.1627886442957,2382.40132007785,2417.1627886442957,958564
2023-08-30,2391.705322265625,2395.5310390153495,2380.41727851683,2386.226537961375,1227377
2023-08-31,2366.295654296875,2399.1208563423525,2353.1183890956854,2391.800127828613,3235414
2023-09-01,2366.059326171875,2375.221997637154,2361.5251517569636,2366.295478687051,813413
2023-09-04,2362.84716796875,2374.749345239687,2353.9679269440335,2374.749345239687,1143301
2023-09-05,2368.184326171875,2383.675836482717,2363.5085532306725,2370.970879288943,844088
2023-09-06,2383.7236328125,2386.1797113664225,2368.5625942948077,2374.2302550029017,1094146
2023-09-07,2368.562744140625,2382.1652690712294,2361.5254444397383,2370.9715462174972,1894798
2023-09-08,2374.56103515625,2381.409458726338,2362.98956084817,2365.303809586244,1018234
2023-09-11,2395.767333984375,2398.270458468714,2370.073985732606,2374.560883647412,1121083
2023-09-12,2360.43896484375,2407.8110675906596,2350.1898533407457,2407.8110675906596,3946716
2023-09-13,2367.712646484375,2370.026895256559,2353.968522510699,2355.8577428337417,1231305
2023-09-14,2362.281005859375,2374.749813170141,2355.007554146237,2371.915982844162,2081195
2023-09-15,2332.9033203125,2352.078949842382,2329.4083093619734,2337.720923661659,3750697
2023-09-18,2350.8037109375,2354.865580279929,2325.629945327959,2334.462141550995,1499641
2023-09-20,2330.21142578125,2342.6329558606117,2309.571603660966,2313.9639482061284,1795159
2023-09-21,2336.351318359375,2345.466712934621,2307.587758348168,2329.4083423668044,2223720
2023-09-22,2344.947265625,2352.0791179092685,2321.851595108828,2331.2976959839657,1176741
2023-09-25,2338.713134765625,2361.2419484979387,2323.7409716241323,2344.9474233920378,1122778
2023-09-26,2341.641357421875,2351.1347358456396,2324.9218033748816,2336.9655831587434,1263548
2023-09-27,2363.17822265625,2366.059329468946,2332.242243125125,2338.8545135592585,1086791
2023-09-28,2324.071044921875,2362.469344865451,2317.3169458092666,2361.5247349714623,1612346
2023-09-29,2329.031005859375,2335.8321531889483,2314.767299564773,2328.983729225739,1249567
2023-10-03,2332.147705078125,2360.580560377366,2325.441111964675,2352.079069763762,1585626
2023-10-04,2368.940185546875,2371.962891301867,2328.605155673671,2330.4000529721457,1587335
2023-10-05,2379.992431640625,2384.951634682424,2357.1329132667297,2378.5282398571253,1909928
2023-10-06,2360.95849609375,2380.4175572613035,2355.857693575274,2380.370280630673,1083342
2023-10-09,2372.198974609375,2377.110900145193,2343.577247470783,2347.3556872087443,1468771
2023-10-10,2376.827880859375,2381.2204561827293,2364.6897794788897,2373.049440469926,1092373
2023-10-11,2414.801025390625,2421.932877349777,2376.8750243529425,2378.858797693367,1697398
2023-10-12,2415.367919921875,2425.33360216398,2398.553814754688,2413.478699804611,1625010
2023-10-13,2427.12841796875,2433.976841314084,2401.8600973497582,2411.6369043036275,1531977
2023-10-16,2416.595947265625,2438.9831594218304,2411.2117160813764,2418.201738233883,954899
2023-10-17,2414.564697265625,2427.647637676827,2405.4020266243865,2416.595747084089,1253538
2023-10-18,2407.1025390625,2428.8285700243123,2398.8844778222215,2427.695084097668,1084689
2023-10-19,2406.9609375,2412.911796263609,2385.1403533078123,2385.1403533078123,1272343
2023-10-20,2356.943359375,2402.662618062412,2347.402937514192,2380.4170082310075,3608160
2023-10-23,2345.93896484375,2370.9238535380587,2342.9635355529686,2355.8573699699264,922707
2023-10-25,2340.082275390625,2352.0787756327695,2328.4635268814363,2337.9569030030048,1435836
2023-10-26,2339.23193359375,2352.078720862391,2319.6312775865636,2324.6850329487324,2650560
2023-10-27,2344.5693359375,2356.8019895190832,2327.3774797727606,2330.6363382038703,1784812
2023-10-30,2341.593505859375,2353.96798841472,2326.007441730626,2334.1311795235847,875135
2023-10-31,2346.4111328125,2353.9680124672905,2331.108497635082,2333.375469284453,920414
2023-11-01,2335.312255859375,2355.8102483452603,2330.1641770787037,2347.3560343050044,1267131
2023-11-02,2366.28466796875,2375.0387708224666,2343.923525695381,2355.056473471797,1595123
2023-11-03,2387.64697265625,2390.7394714750735,2365.3334507176373,2375.990630954531,1125583
2023-11-06,2376.37109375,2395.734986484967,2370.3765897293997,2393.1182567807336,1338677
2023-11-07,2375.46728515625,2383.7932436780143,2364.810104710214,2375.0391394655244,1473411
2023-11-08,2397.25732421875,2402.6334209300708,2376.6563873825557,2376.941895240918,745022
2023-11-09,2356.67431640625,2399.779037894486,2353.2012953376957,2397.923585100202,1823094
2023-11-10,2366.047119140625,2367.997818715793,2345.874557796132,2356.9598837849217,771062
2023-11-13,2358.053955078125,2366.6654209997896,2351.250550859455,2357.150040381176,760809
2023-11-15,2365.90380859375,2381.747054462564,2356.0079070773095,2380.6526464611566,1457029
2023-11-16,2370.471435546875,2384.363983366674,2355.3896975279267,2360.004517474422,1420578
2023-11-17,2406.249267578125,2410.7214495801054,2345.54109856521,2345.54109856521,1756043
2023-11-20,2384.982666015625,2411.67335664948,2378.8452916250544,2411.6257332818254,944231
2023-11-21,2383.841064453125,2395.021638251079,2376.9424125352384,2383.6031799042325,1088806
2023-11-22,2399.68359375,2401.9198009778015,2382.6511564418797,2386.219423948532,816610
2023-11-23,2397.7802734375,2405.2499389139766,2384.7442506032494,2384.7442506032494,1023670
2023-11-24,2393.308349609375,2397.68551736679,2385.9339300524603,2393.2133351940906,735137
2023-11-28,2388.884033203125,2409.0565945439425,2378.8452597451787,2409.0565945439425,1880641
2023-11-29,2402.68115234375,2406.1065498709017,2386.5526291753827,2390.2635345737363,1265214
2023-11-30,2422.187744140625,2430.7039632772917,2394.212385917684,2394.212385917684,3095684
2023-12-01,2439.410400390625,2456.8235929635157,2418.80969477302,2424.0431539867304,1345599
2023-12-04,2476.1875,2481.9917426867814,2450.210464919808,2452.1135410090665,2188039
2023-12-05,2439.02978515625,2509.205712847764,2432.416642500019,2509.205712847764,3108717
2023-12-06,2443.21630859375,2458.4885390542995,2438.7917500784915,2445.4525156854165,1573754
2023-12-07,2396.210693359375,2435.747145781318,2377.51306360873,2427.468811211775,3925967
2023-12-08,2400.064453125,2411.1497784060275,2386.742920518536,2396.924331120229,1605805
2023-12-11,2382.318115234375,2407.3436120884426,2377.8935562825754,2400.0644390234593,2012243
2023-12-12,2381.461669921875,2395.9726240588475,2375.990326558754,2378.8449404873386,1677929
2023-12-13,2390.168212890625,2394.735641759348,2376.9895509561466,2386.3146698320634,1513205
2023-12-14,2394.40283203125,2402.4432819810836,2379.9868913870355,2399.160522215659,2166569
2023-12-15,2400.63525390625,2409.2943430866367,2385.505891831832,2397.8758864843303,2543337
2023-12-18,2412.62451171875,2421.188353408937,2393.1179834244354,2398.018311023524,1969036
2023-12-19,2436.603271484375,2442.5503838900313,2412.148791734133,2412.1964150951935,1656220
2023-12-20,2433.558349609375,2448.2595647317107,2423.5672009599525,2448.2595647317107,1468642
2023-12-21,2429.467041015625,2454.968308668264,2413.100632086325,2419.0477452371683,1945695
2023-12-22,2450.78125,2454.730039589909,2423.3769104321914,2435.1758881514215,1174984
2023-12-26,2459.48779296875,2466.0533121048866,2442.645617190292,2450.781313378341,893776
2023-12-27,2481.896484375,2485.41712833234,2455.8242051287975,2460.677141603151,1073278
2023-12-28,2506.1611328125,2512.0606226614736,2480.517227084653,2487.177993887164,1635216
2023-12-29,2534.849609375,2537.8470934613206,2494.218983225006,2506.160831590294,1305681
2024-01-01,2526.095458984375,2540.0353975040516,2510.157197777863,2534.754547548559,526353
2024-01-02,2487.13037109375,2525.334533481902,2480.6598654508516,2519.672928160282,1310629
2024-01-03,2480.2314453125,2501.2129048853863,2469.7645272072045,2473.0472868784123,1008270
2024-01-04,2466.91015625,2495.884445034577,2462.628234785015,2480.23168969662,1376844
2024-01-05,2493.077392578125,2502.4499032792064,2469.2413172160113,2469.2413172160113,1150738
2024-01-08,2453.302978515625,2498.738920423555,2442.1224064230973,2497.739759008787,1189828
2024-01-09,2454.72998046875,2463.5317063411544,2446.927415886918,2457.394333140588,1017205
2024-01-10,2452.494140625,2468.5752734716893,2440.695161423241,2454.968232542675,881278
2024-01-11,2413.29052734375,2463.5317780863525,2409.1514766037876,2454.9679364475815,2399600
2024-01-12,2420.712890625,2431.1798095703125,2390.1210340857506,2410.7217407226562,2979841
2024-01-15,2448.497802734375,2453.778885673361,2408.342941207669,2422.616012767572,1391204
2024-01-16,2444.5966796875,2459.34552056362,2432.46456864424,2448.497846598297,1599406
2024-01-17,2438.69677734375,2446.7374597198636,2416.6687643925234,2425.4704913619616,3047652
2024-01-18,2424.518798828125,2445.4526346107855,2414.5752732931774,2445.4526346107855,1273095
2024-01-19,2441.07568359375,2449.2113805931954,2409.2944048265504,2440.6951612875596,1323064
2024-01-23,2260.42626953125,2360.29014178768,2250.8156422669326,2332.219769208468,4369332
2024-01-24,2323.322998046875,2327.3670351269743,2252.4334068780736,2272.273069947619,1551469
2024-01-25,2310.619873046875,2348.3958868393197,2302.9123219857183,2335.835631151106,2364765
2024-01-29,2325.939453125,2330.3166209593796,2293.206638020459,2293.206638020459,1587091
2024-01-30,2339.498779296875,2373.6591324226742,2328.698962527643,2335.074220580043,1793711
2024-01-31,2361.289306640625,2365.428357794056,2323.418045593117,2331.268234546181,1445004
2024-02-01,2353.724609375,2389.8354318488737,2348.7290346210502,2355.151916447557,1727534
2024-02-02,2333.7421875,2366.3797549936667,2323.6557917946216,2356.9596217343483,1956115
2024-02-05,2302.24609375,2345.3031864312097,2295.8232125213112,2344.5895329613554,1315445
2024-02-06,2308.764404296875,2323.0374748228087,2300.8665921440406,2307.4321116623337,1557511
2024-02-07,2307.908203125,2321.6578831908423,2294.681915513385,2321.6578831908423,1149076
2024-02-08,2299.9150390625,2323.465605276218,2282.739731180173,2323.465605276218,1758661
2024-02-09,2306.670654296875,2310.7623139893262,2289.4955799550644,2299.9148741619647,886474
2024-02-12,2270.03662109375,2312.0947881032084,2266.563600188382,2306.623444399983,1292460
2024-02-13,2277.982177734375,2284.59532096982,2264.755891263485,2274.176025390625,957865
2024-02-14,2272.225341796875,2277.9821937190136,2255.1452794962665,2269.4183508854835,1397975
2024-02-15,2236.92333984375,2269.1327637686886,2233.021940876607,2253.575255883098,2553695
2024-02-16,2260.140869140625,2266.563751307428,2243.3463146207005,2255.0976707552395,2363302
2024-02-19,2271.4638671875,2278.8859101258126,2258.760974142025,2273.700074434181,576683
2024-02-20,2287.5927734375,2291.731824668169,2253.432417243069,2255.240478966608,1032995
2024-02-21,2290.447265625,2305.386366108225,2278.077271339296,2287.592651559068,1127778
2024-02-22,2272.367919921875,2303.0073961054027,2251.1009533608717,2303.0073961054027,2258516
2024-02-23,2278.077392578125,2288.9248336823293,2268.4191417555935,2272.796309813276,1210775
2024-02-26,2287.7353515625,2289.923935534392,2264.6605539019442,2275.2227191568054,831596
2024-02-27,2288.734619140625,2292.2076402527696,2273.3671395694214,2287.5451965256293,1120424
2024-02-28,2304.19677734375,2307.479536820918,2284.642625941041,2294.2532521932844,629152
2024-02-29,2295.395263671875,2311.0956413545705,2281.0745696873555,2307.4797503355253,2848084
2024-03-01,2292.921142578125,2320.610992152407,2287.4974222733213,2299.8197932900557,2326244
2024-03-04,2304.625244140625,2310.239225924015,2287.878080904484,2299.106276780367,1501261
2024-03-05,2283.548828125,2302.722228133959,2275.222869655507,2288.449156471972,1587199
2024-03-06,2284.452392578125,2292.1123196573326,2260.188174473341,2287.4972676039697,1354111
2024-03-07,2302.293701171875,2308.4310745083208,2286.545701584293,2288.401154131255,1820704
2024-03-11,2274.033203125,2296.0612151038335,2268.038467208084,2292.25506306885,2040761
2024-03-12,2262.900146484375,2269.4182751248295,2246.3911005141035,2264.6605848205845,1012157
2024-03-13,2200.527099609375,2259.902984034686,2192.201141247142,2259.902984034686,2322669
2024-03-14,2221.4609375,2228.216718613334,2190.2980647766744,2193.152679071941,2292515
2024-03-15,2214.89501953125,2223.6967462831662,2203.6668243480685,2217.131226818886,2751403
2024-03-18,2188.48974609375,2212.3258191228897,2185.682755494743,2208.3294060404837,2487402
2024-03-19,2157.08935546875,2192.248643531876,2137.9635781031657,2172.599473723718,4220638
2024-03-20,2133.301025390625,2155.662173136352,2131.445572358657,2140.9609543781153,2995013
2024-03-21,2133.68115234375,2149.666803586275,2125.7357177713375,2125.7357177713375,3504486
2024-03-22,2147.193115234375,2156.185102851086,2123.880434290045,2130.541200274139,3507809
2024-03-26,2131.4453125,2149.667173922062,2123.8330078125,2123.928254544735,3027027
2024-03-27,2131.159912109375,2153.330797091852,2127.6392674756435,2140.9608013507145,2168861
2024-03-28,2154.615234375,2177.023769167726,2131.540437113006,2136.20288054334,3186360
2024-04-01,2175.12060546875,2183.779694129453,2152.378940357657,2159.991244302335,1427873
2024-04-02,2175.882080078125,2186.6345068390233,2166.699830533969,2186.6345068390233,1221495
2024-04-03,2155.423828125,2171.267075188301,2151.4750383541527,2171.267075188301,1175309
2024-04-04,2155.18603515625,2171.409805184411,2140.2469344044857,2159.991348715431,1890255
2024-04-05,2157.08935546875,2169.9827438199663,2148.6683822548757,2155.1862791751128,1153449
2024-04-08,2158.991943359375,2178.0227019906465,2157.326751979139,2166.651870170275,1127294
2024-04-09,2154.424560546875,2164.3683179899913,2146.431734675745,2160.942688440038,1189343
2024-04-10,2151.33203125,2166.5566382590578,2148.287156310002,2166.5566382590578,2308993
2024-04-12,2124.118408203125,2155.0910177947553,2120.597763925149,2151.3322566982424,3388551
2024-04-15,2087.72216796875,2119.7889547581244,2083.868392288314,2119.7413313923703,4909564
2024-04-16,2113.17578125,2123.1193075676006,2066.7883005804556,2077.2075959305644,2821129
2024-04-18,2107.466552734375,2129.256681498311,2101.995208860857,2107.704437250615,3392171
2024-04-19,2123.45263671875,2135.013732362547,2089.577785523411,2112.4147012121916,2337694
2024-04-22,2132.872314453125,2144.3383932099023,2121.02571344006,2140.9603870263354,1804108
2024-04-23,2153.0927734375,2163.3218077163438,2139.72361705775,2143.8152772311073,1991778
2024-04-24,2150.7138671875,2158.4214182791357,2136.8213188005566,2156.232834312824,1404398
2024-04-25,2122.73876953125,2131.3026120529203,2107.752045118327,2129.589797086767,4951866
2024-04-26,2114.93603515625,2145.7183851799227,2111.0824917529876,2136.2030043143795,2307512
2024-04-29,2118.218994140625,2125.7360519827253,2112.414518980148,2125.7360519827253,1395292
2024-04-30,2122.358154296875,2131.683274339112,2117.1723180022423,2123.8807082132403,2119102
2024-05-02,2118.4091796875,2134.4900796001903,2098.188996387385,2098.188996387385,2140383
2024-05-03,2109.607421875,2127.305889730108,2097.1898042040793,2123.832868867289,2595307
2024-05-06,2146.860107421875,2151.9033055615523,2104.8021719664616,2117.1721666480007,1619256
2024-05-07,2264.089599609375,2273.7954738082717,2149.5245084609905,2156.185274976806,8277810
2024-05-08,2227.598388671875,2257.286331905682,2212.326155203166,2251.7197409141054,1813439
2024-05-09,2212.9443359375,2247.6280831254676,2207.0448465882805,2227.1700153936445,1558987
2024-05-10,2248.05615234375,2256.096601996175,2208.519701911903,2208.519701911903,2610266
2024-05-13,2246.248291015625,2266.230590832508,2234.1161804125177,2258.951417394285,1170617
2024-05-14,2235.73388671875,2257.333753909957,2233.0219103629047,2246.200805229027,689430
2024-05-15,2210.70849609375,2241.633484090581,2205.3321664872997,2235.6863710142675,812282
2024-05-16,2229.59619140625,2234.306490394986,2189.822088503335,2223.7443255783614,1880021
2024-05-17,2207.901123046875,2237.9219588129095,2202.90554892739,2237.9219588129095,1264582
2024-05-21,2198.71875,2212.135528356664,2190.2025315947476,2195.1981059581112,1663959
2024-05-22,2252.1953125,2258.9513255632746,2198.718920673421,2199.0044285495906,1914851
2024-05-23,2267.039306640625,2271.130966541499,2240.872011390838,2252.195220775294,1614718
2024-05-24,2254.2412109375,2267.7530044687405,2250.101927593456,2263.23319883726,974100
2024-05-27,2268.942626953125,2283.6438443145053,2248.008788499374,2254.2414095917443,1116934
2024-05-28,2279.83740234375,2292.255019584135,2263.2807342292895,2274.175797760931,1631747
2024-05-29,2258.38037109375,2278.9336864083803,2254.5742187991223,2265.802414530094,1592495
2024-05-30,2237.44677734375,2257.47670243921,2220.9377293518587,2253.242404011739,1837380
2024-05-31,2216.179931640625,2262.2342842817607,2205.28486649673,2238.969223428317,5529186
2024-06-03,2241.728515625,2271.749589125197,2230.6908130565757,2265.612214845417,1207445
2024-06-04,2375.32470703125,2388.4083564655443,2228.5975722008384,2258.9515459647555,7826048
2024-06-05,2476.615478515625,2591.9418352796642,2402.633400538643,2410.7690967329754,11061076
2024-06-06,2426.041259765625,2473.9986797102256,2395.97256750398,2473.9986797102256,4102547
2024-06-07,2452.874755859375,2470.668470382015,2402.6335019120306,2431.4651503967925,3974253
2024-06-10,2441.028076171875,2467.9564154482496,2422.6157231372044,2454.0164768149452,1449122
2024-06-11,2432.464111328125,2451.827769065352,2427.658798258475,2441.646359546205,1402423
2024-06-12,2406.154052734375,2443.54954195271,2395.0211047877615,2443.54954195271,1754677
2024-06-13,2366.855712890625,2384.364152841729,2327.8902752131453,2367.3791052932656,3123098
2024-06-14,2382.56494140625,2412.013628887546,2373.5812878627453,2376.0794838583147,1729552
2024-06-18,2388.81005859375,2400.099558116516,2376.2233738075015,2382.7088309801543,1820933
2024-06-19,2360.70654296875,2397.2172668730286,2355.4220960878674,2397.2172668730286,986976
2024-06-20,2384.918701171875,2392.413054038761,2350.7619136666053,2360.7063750093316,2163310
2024-06-21,2345.621826171875,2380.88345103012,2331.4499008681246,2378.0010255446114,3646215
2024-06-24,2346.486572265625,2371.1314520893884,2331.9304166962634,2339.568797683873,1945519
2024-06-25,2336.87841796875,2350.8101414046546,2332.7468944491416,2343.7483395788545,833789
2024-06-26,2349.75341796875,2370.314626534539,2337.070557805665,2341.4903708409693,1738656
2024-06-27,2365.654296875,2385.8793605123847,2340.5292511645553,2353.9324813657418,3402726
2024-06-28,2376.127685546875,2392.893748211309,2366.327485028409,2366.471512485225,2129791
2024-07-01,2406.921630859375,2424.1200103499796,2354.077159765737,2364.597966641717,3312865
2024-07-02,2387.753173828125,2416.4334016689368,2382.1806721302996,2416.4334016689368,1305210
2024-07-03,2411.965576171875,2421.0932564085983,2377.328384780151,2389.1942283444664,1406405
2024-07-04,2398.1298828125,2437.4270904546393,2395.1993700290486,2416.481418640606,1977010
2024-07-05,2447.179443359375,2453.9051033921646,2398.130118634334,2398.130118634334,1754286
2024-07-08,2485.755615234375,2493.2980557831365,2436.8505564470056,2459.6697583062924,2818809
2024-07-09,2488.637939453125,2511.553315058721,2467.356125887833,2485.755514072415,1479529
2024-07-10,2508.142578125,2523.0831976684753,2472.160345621092,2479.846813854659,1764036
2024-07-11,2506.60546875,2514.4840519117424,2488.542221172962,2514.4359645699687,1432671
2024-07-12,2519.47998046875,2536.053926378974,2499.062800724271,2499.062800724271,1912642
2024-07-15,2517.606689453125,2526.2058790576393,2511.2171718547897,2525.004868370629,920101
2024-07-16,2583.0859375,2618.2035401549106,2521.690359323134,2523.03539758819,3298003
2024-07-18,2631.077880859375,2643.376276472366,2550.9465464495743,2594.1829285927874,5569762
2024-07-19,2620.124755859375,2635.4976917206695,2609.5077751156914,2631.654457755346,1668862
2024-07-22,2628.099853515625,2642.175605907076,2599.6117373158368,2599.659824661106,1911629
2024-07-23,2657.932861328125,2701.121159308212,2624.9289933695,2638.380313247674,3906259
2024-07-24,2610.564697265625,2649.3812655791385,2570.258828910882,2640.3016724627655,3611927
2024-07-25,2601.10107421875,2618.0594872686443,2565.359040124754,2610.5651330459305,2166670
2024-07-26,2604.800048828125,2620.1248981828116,2581.9327585778365,2617.2424725522474,2135309
2024-07-29,2605.328369140625,2613.3990665465953,2587.2651227956057,2604.943905005056,957011
2024-07-30,2585.919677734375,2646.4027551967984,2580.154827236723,2609.1714290661307,1560399
2024-07-31,2599.611572265625,2603.4548064845294,2570.210971234448,2598.9871405340136,1751085
2024-08-01,2609.12353515625,2618.1550411098347,2589.570988606588,2607.634235086142,1886392
2024-08-02,2587.025146484375,2651.3512329439095,2576.0717881089126,2605.7128261438243,1738872
2024-08-05,2609.4599609375,2634.5371590152968,2561.70782083409,2571.0757046052054,3118731
2024-08-06,2642.271240234375,2663.120736017322,2602.493630934585,2613.495074992731,2296031
2024-08-07,2636.506591796875,2672.8251997421476,2628.291632268289,2672.680937724784,1713875
2024-08-08,2626.081787109375,2651.1108958474742,2613.783391199029,2646.066651142138,1464161
2024-08-09,2639.533203125,2649.909982385296,2612.0542193230376,2647.988365284219,1284031
2024-08-12,2640.974365234375,2655.098203741582,2615.7050539259953,2630.693760855518,1297178
2024-08-13,2633.96044921875,2649.5735880618686,2623.1035003273,2634.5370281742244,1051237
2024-08-14,2615.368896484375,2635.0654712777045,2600.524451664369,2633.5761711471446,946995
2024-08-16,2640.5419921875,2645.682411553872,2604.4635856599443,2630.5975302627953,1727926
2024-08-19,2635.065673828125,2651.5915348398116,2629.7812265261523,2642.271738330815,1130327
2024-08-20,2643.232421875,2648.2285794460054,2627.8594849965834,2635.065549158341,1097889
2024-08-21,2681.80859375,2685.555887581203,2635.449584394862,2641.742926879829,1417729
2024-08-22,2683.345947265625,2699.8718060680067,2673.065343530661,2693.0980594265625,1552947
2024-08-23,2705.25244140625,2710.440713352591,2662.7366663031476,2689.495041641558,2111401
2024-08-26,2710.5849609375,2723.84416591014,2693.7229584562397,2705.252661115509,1152244
2024-08-27,2658.461181640625,2713.419620394313,2651.399379279982,2698.9113169229367,1357212
2024-08-28,2656.010986328125,2672.728959867446,2638.139854967571,2651.8313756571047,1723549
2024-08-29,2676.091796875,2699.871806559106,2637.419255873575,2661.391380337622,2129934
2024-08-30,2669.125732421875,2705.9247410180456,2651.927355908721,2686.1319941697016,4029712
2024-09-02,2679.7431640625,2698.815073255556,2670.086991109642,2684.499119525131,957950
2024-09-03,2684.787353515625,2717.1184670971547,2666.2437017564966,2671.0477444623643,2022116
2024-09-04,2729.897216796875,2732.3954127863854,2663.0248497469543,2671.0476947453803,1640986
2024-09-05,2727.20703125,2743.1084599551136,2712.9870175378533,2728.7444187868173,1945173
2024-09-06,2727.6875,2754.1097362282353,2717.2628675406695,2717.2628675406695,1672730
2024-09-09,2807.29052734375,2823.0476940661742,2731.7708798965596,2741.2830254850464,3342754
2024-09-10,2784.99951171875,2822.4710418704444,2774.3344439235466,2819.0120375659517,1536584
2024-09-11,2790.332275390625,2834.3854446904593,2784.519570865381,2797.4904873071846,1913665
2024-09-12,2840.5341796875,2847.2598392446016,2780.7719373945893,2796.913567246111,2454564
2024-09-13,2818.00341796875,2840.534331776925,2804.1197811969887,2840.534331776925,1902001
2024-09-16,2754.734375,2795.9529692747783,2697.373915085818,2795.9529692747783,1489057
2024-09-17,2760.88330078125,2799.6998714212546,2748.008560355651,2754.734220040867,1098661
2024-09-18,2763.141357421875,2780.1476218120856,2749.5457757201657,2761.363767778583,464796
2024-09-19,2797.63427734375,2819.3005569204092,2760.7393230916587,2763.5255740396533,1713010
2024-09-20,2860.903564453125,2872.193064647857,2781.924915858446,2810.172827301893,3641632
2024-09-23,2909.856689453125,2916.05385749114,2853.5532163658545,2863.209388903986,1300470
2024-09-24,2834.91357421875,2901.64167780885,2830.6380232967213,2901.64167780885,1929308
2024-09-25,2833.376220703125,2844.3295785071546,2791.244908103834,2834.913608154621,1055354
2024-09-26,2869.070556640625,2875.5560144698934,2825.9301112254557,2835.4422567851584,1902889
2024-09-27,2849.998046875,2911.2495851769913,2837.0271328816375,2869.070188316413,2977081
2024-09-30,2842.35986328125,2880.4077395503314,2827.2752165821803,2848.0285396637546,1627702
2024-10-01,2809.163818359375,2846.587262073405,2778.0815699262566,2846.587262073405,1184642
2024-10-03,2779.955322265625,2808.5393746775317,2748.9692486426334,2794.7516790969526,1233447
2024-10-04,2737.103271484375,2799.7960274174525,2706.6456883133583,2777.6974314563677,2456486
2024-10-07,2722.35498046875,2754.109751462268,2714.3323694403375,2733.5004540047285,1280975
2024-10-08,2708.3271484375,2772.8934351480907,2689.0148030331857,2732.539476632422,1761488
2024-10-09,2660.430908203125,2715.1010579197173,2652.5042373063156,2712.746889207585,1476282
2024-10-10,2646.739013671875,2678.157403349832,2626.0816318144653,2661.4394300011586,2065078
2024-10-11,2674.1220703125,2680.6556147827187,2629.7808535241675,2656.4432884023827,679307
2024-10-14,2679.791015625,2694.7794871149144,2656.6354375124847,2682.193036816241,874010
2024-10-15,2672.440673828125,2689.591198858521,2656.8756235177616,2683.6342332548484,1082666
2024-10-16,2672.248779296875,2687.9100055740655,2647.6041338219375,2679.8390730118053,1170797
2024-10-17,2631.318115234375,2672.969257705141,2616.713872890363,2670.5191491058513,1368242
2024-10-18,2610.61279296875,2632.61521314749,2587.889531863665,2631.318027881403,1137277
2024-10-21,2587.985595703125,2630.6934835378315,2575.398911430661,2608.594889629369,792345
2024-10-22,2576.60009765625,2603.7910250164714,2568.961717025015,2579.8669872871565,1272253
2024-10-23,2555.078125,2587.5054123069553,2518.2791120453326,2518.2791120453326,1431962
2024-10-24,2406.921630859375,2543.2602724519998,2356.479181179084,2543.2602724519998,9216267
2024-10-25,2428.971923828125,2440.4535382451563,2402.1173737371087,2404.231105477805,2761166
2024-10-28,2474.8505859375,2488.1097901772814,2421.3335992998454,2444.2968286647133,852829
2024-10-29,2447.8037109375,2484.3625217211766,2436.6103856054533,2484.3625217211766,1695654
2024-10-30,2454.81787109375,2462.840716685124,2434.112398972091,2456.7875756265485,1200637
2024-10-31,2429.164306640625,2463.0328092843833,2425.1770448391885,2454.817848962692,1901355
2024-11-01,2438.051513671875,2446.170298398986,2412.9264657934314,2444.248681442397,118532
2024-11-04,2425.84912109375,2447.179020886652,2405.38385504112,2447.179020886652,1097260
2024-11-05,2422.53466796875,2431.08577001099,2408.7469718081425,2421.23748263124,702046
2024-11-06,2430.650634765625,2451.4513228337587,2425.1103499635406,2444.744462450784,1219166
2024-11-07,2406.15673828125,2439.5930367343426,2397.0201443149404,2430.650792943567,1322446
2024-11-08,2437.45458984375,2444.793147696757,2398.1863642528074,2414.3698717211782,1700877
2024-11-11,2421.27099609375,2444.452769822316,2405.719186544309,2438.7181349716725,1175577
2024-11-12,2392.548828125,2427.005760537496,2387.202893306927,2425.11043110781,1624222
2024-11-13,2395.902099609375,2403.5323013697825,2381.7596248219456,2393.1320758129814,1262017
2024-11-14,2322.274169921875,2395.659279336055,2316.9282347989874,2391.4796825977996,2443393
2024-11-18,2355.030029296875,2357.0712993634347,2309.200882252652,2333.8892867149557,1374215
2024-11-19,2342.831787109375,2371.845491684891,2337.728849202436,2363.7779423907036,1133370
2024-11-21,2316.053466796875,2356.828323206402,2309.5411934961326,2356.828323206402,1291829
2024-11-22,2376.75390625,2383.4121196689493,2311.242003100475,2323.9749048547187,1696471
2024-11-25,2402.219970703125,2435.5105635219556,2388.758077739939,2400.8106354018087,4368045
2024-11-26,2409.7529296875,2425.061742768364,2391.4795053433168,2416.6054934792924,982442
2024-11-27,2417.237060546875,2423.1176358895655,2389.1466999635395,2405.816200610109,948232
2024-11-28,2393.22900390625,2468.023439226603,2384.48111118336,2416.3623676782477,2540530
2024-11-29,2426.22802734375,2437.2601873197295,2386.328105245208,2386.328105245208,1795164
2024-12-02,2409.704345703125,2420.736506211275,2391.62550835502,2415.390571345119,1006993
2024-12-03,2413.30078125,2421.659736640615,2396.922686625458,2410.530520207273,1641588
2024-12-04,2395.464599609375,2423.1662596170304,2387.7373419097,2411.599696499456,1321495
2024-12-05,2424.7216796875,2444.550142583365,2381.4195611129917,2396.5340239678508,2071795
2024-12-06,2414.22412109375,2425.8879784428123,2405.670578244081,2425.110340492518,1308086
2024-12-09,2333.500244140625,2407.56568396696,2316.5391006147215,2395.9504745627996,3385021
2024-12-10,2330.196044921875,2345.4075655839893,2321.3995041053026,2341.2279687941573,2063838
2024-12-11,2334.083740234375,2341.859645105597,2318.191639733101,2337.631401911156,1718225
2024-12-12,2279.263427734375,2332.722772767621,2272.5081579587118,2318.240245124781,3231056
2024-12-13,2323.14892578125,2327.474225501901,2268.0856558037367,2279.2635193052206,2260902
2024-12-16,2299.86962890625,2325.9676052312534,2296.807961204117,2323.343284729169,1247552
2024-12-17,2297.05078125,2313.3315812440496,2287.428194383181,2287.428194383181,2131569
2024-12-18,2293.1142578125,2316.2476218485995,2284.220661696739,2284.220661696739,988403
2024-12-19,2293.746337890625,2320.087074457144,2270.5643255197165,2281.2561952032424,1655915
2024-12-20,2268.52294921875,2307.013773197231,2259.532059224196,2286.21332261703,2069691
2024-12-23,2273.3828125,2285.8729541778853,2250.395389459062,2271.536130079183,1066199
2024-12-24,2270.126953125,2290.9274044487324,2265.801653352284,2265.801653352284,683646
2024-12-26,2267.4052734375,2276.25046019758,2259.5807216577036,2266.919279380392,1033769
2024-12-27,2275.6669921875,2279.943644630648,2263.031147703384,2277.3679712526696,556816
2024-12-30,2277.854248046875,2293.0657677973463,2259.87246712566,2275.910271731068,924180
2024-12-31,2261.67041015625,2286.747511129924,2258.1711583776264,2274.451957647109,1878762
2025-01-01,2257.0537109375,2271.681942318693,2255.255437992742,2259.872381567988,559893
2025-01-02,2303.612060546875,2312.991651864243,2250.638703036409,2264.7325320988266,1650744
2025-01-03,2338.846435546875,2346.9626313452286,2298.5575750577605,2315.130020118565,1274239
2025-01-06,2309.63818359375,2351.190676808784,2295.4957086180993,2350.2673355310308,900419
2025-01-07,2323.829345703125,2334.958562700219,2308.714882320198,2310.5615649077026,922768
2025-01-08,2333.743408203125,2341.51931293683,2301.667801176593,2324.023527285994,953351
2025-01-09,2367.1796875,2404.358231754575,2319.5522713307405,2337.679991498679,2425267
2025-01-10,2373.6435546875,2387.2027410371884,2346.184891237052,2367.1796915296013,1651911
2025-01-13,2382.3427734375,2391.57666015625,2341.5679211240063,2349.3438257292696,2595013
2025-01-14,2301.619384765625,2398.866850538961,2297.8773726189215,2395.9508859718553,2052741
2025-01-15,2306.52783203125,2318.0943958552334,2284.2693987793928,2307.40252642736,1215150
2025-01-16,2279.31201171875,2313.3315939832087,2260.892885353062,2310.3669829255227,2762596
2025-01-17,2288.060302734375,2312.651652513846,2277.36843216085,2284.1723497985477,1333005
2025-01-20,2279.506591796875,2301.6679693677006,2270.224057382351,2290.441458627697,1382273
2025-01-21,2274.938232421875,2310.7074432888235,2267.113680466325,2287.5740781905074,1842885
2025-01-22,2277.3193359375,2295.835755601157,2266.8704644841923,2276.93063564134,2658047
2025-01-23,2256.664794921875,2275.7158571987056,2190.7155426543577,2250.152521908459,3408925
2025-01-24,2301.76513671875,2314.1093382473864,2257.9283780654696,2267.5025558634734,1688664
2025-01-27,2325.82177734375,2342.199634147266,2295.0095652975047,2298.7518143345746,2477358
2025-01-28,2321.933837890625,2339.575326759144,2312.7970074864847,2333.7433982337784,1892156
2025-01-29,2317.171142578125,2328.883647447392,2297.7800261125353,2318.3374809178226,699576
2025-01-30,2341.2763671875,2357.0711740237416,2317.2196613907627,2317.2196613907627,1419960
2025-01-31,2399.644287109375,2409.558518344911,2334.229440018275,2334.229440018275,2116148
2025-02-01,2435.85107421875,2529.1132944774954,2366.936968510051,2405.6707931713304,2970999
2025-02-03,2373.546142578125,2449.409856424974,2348.8090944646624,2434.830035851016,2528480
2025-02-04,2369.755859375,2381.371070811044,2335.5419224710554,2381.371070811044,1992474
2025-02-05,2324.072265625,2384.28688281628,2320.1356662382636,2384.28688281628,1357416
2025-02-06,2306.236083984375,2341.470652098705,2294.1835266397707,2332.7714061901434,1132113
2025-02-07,2297.634033203125,2315.226874422086,2270.6613649765723,2313.3315451962494,855602
2025-02-10,2295.30126953125,2330.827482329024,2286.164676239331,2304.486509688912,1326354
2025-02-11,2250.3955078125,2311.3391158277254,2232.2193773239997,2304.5838458151115,1389260
2025-02-12,2267.162353515625,2274.354970884732,2240.5299732010462,2260.552786653806,1341909
2025-02-13,2256.470458984375,2279.8954679957756,2248.5488505922667,2264.8296518793604,1334967
2025-02-14,2253.40869140625,2299.7238291391645,2248.597160502172,2256.9563530266864,1135380
2025-02-17,2264.149169921875,2270.5643868259226,2235.5728123714134,2253.4088903821407,1409168
2025-02-18,2231.684814453125,2273.042958104678,2223.908909176285,2264.149124063214,1035705
2025-02-19,2187.36181640625,2241.1128031202393,2185.0291400031115,2234.3575336219537,1521343
2025-02-20,2185.077880859375,2191.2985097365113,2164.1314899859503,2187.3619104978293,2206196
2025-02-21,2178.85693359375,2190.423733855982,2164.0341157208236,2185.077799541156,1781509
2025-02-24,2178.662841796875,2187.9453763046404,2156.647404610398,2167.533624682074,1627949
2025-02-25,2196.0126953125,2206.024219899787,2175.2606550849946,2180.169242301758,1988040
2025-02-27,2182.064697265625,2206.0727565313555,2170.546780346935,2206.0727565313555,1699658
2025-02-28,2128.89697265625,2186.584562304575,2124.620319863376,2182.1619689131203,3683249
2025-03-03,2115.872314453125,2137.4017551745787,2098.0362385376666,2137.4017551745787,1306470
2025-03-04,2096.918701171875,2118.934137542599,2076.166659537152,2118.8854906754163,1800330
2025-03-05,2109.651611328125,2130.500709473983,2089.7745013224167,2091.7184776027166,1145673
2025-03-06,2156.79296875,2167.3391346618955,2103.139272550152,2114.074138785248,1856868
2025-03-07,2142.79638671875,2164.3258279458114,2127.876274648227,2164.3258279458114,1738356
2025-03-10,2184.786376953125,2203.642852252801,2133.173710965246,2146.149847764431,1242387
2025-03-11,2154.84912109375,2199.074582727622,2149.3088359977787,2177.2534958213787,1325891
2025-03-12,2131.47265625,2167.4848636040488,2123.794045012546,2155.237955656902,1526212
2025-03-13,2113.879638671875,2148.0449233865756,2103.8194675285085,2123.793869228055,1845629
2025-03-17,2110.42919921875,2133.951264191827,2096.0923744917604,2100.4663210186386,1111886
2025-03-18,2110.42919921875,2110.42919921875,2110.42919921875,2110.42919921875,0
2025-03-19,2138.422607421875,2150.8641033799995,2132.007390619496,2145.177877700536,1341405
2025-03-20,2179.5859375,2185.9038599093537,2127.1472289627195,2142.164397075367,1426689
2025-03-21,2183.27978515625,2192.027678706935,2163.451321362083,2182.1134468098517,2152415
2025-03-24,2192.99951171875,2202.525042593678,2178.225340005486,2187.2162299631173,1454404
2025-03-25,2207.676513671875,2227.7966189216772,2180.5094950332496,2187.7021117094087,2229340
2025-03-26,2183.03662109375,2216.035569558241,2175.1150130163032,2208.3569585052783,1416907
2025-03-27,2181.773193359375,2197.5680014294758,2138.3740156444046,2181.3358461347175,3752627
2025-03-28,2195.575439453125,2231.684702856062,2177.5450125337175,2184.057285417061,2280152
2025-04-01,2171.27587890625,2220.652688338022,2157.8137477663568,2195.7212865784686,2495962
2025-04-02,2175.212158203125,2180.8497368615344,2128.7026682002793,2180.8497368615344,1351493
2025-04-03,2181.676025390625,2189.791983972201,2158.3969569161945,2163.110957010432,1310088
2025-04-04,2181.676025390625,2203.5457585235163,2159.7576453904135,2167.5335505043304,1120226
2025-04-07,2186.39013671875,2198.248582462212,2089.7746056836772,2089.7746056836772,3435185
2025-04-08,2225.123779296875,2241.598930289759,2189.2575129830993,2204.760675866648,2774874
2025-04-09,2284.172119140625,2288.205774983497,2225.3668369244515,2229.6921366684232,2989089
2025-04-11,2299.86962890625,2327.76587820031,2278.680477421297,2327.5228811667503,3836083
2025-04-15,2295.35009765625,2332.77164275884,2279.5066427888187,2332.77164275884,3042779
2025-04-16,2300.30712890625,2309.443722111737,2285.14401964844,2285.14401964844,1131979
2025-04-17,2308.4716796875,2313.2343263375133,2277.4653549947234,2291.0731880539342,1962402
2025-04-21,2285.14404296875,2305.9444935688916,2283.005716590514,2301.765134543979,1478430
2025-04-22,2331.5078125,2338.603373104022,2289.1292736394507,2303.6118014366302,2352346
2025-04-23,2355.90478515625,2369.706968604088,2326.35620477454,2342.49130202455,2226066
2025-04-24,2260.163818359375,2417.7229359717494,2252.193563957013,2355.904639515163,7065430
2025-04-25,2266.87060546875,2276.2988426038023,2230.129407729378,2266.5789615776075,2859858
2025-04-28,2253.65185546875,2283.2002007794895,2250.1526031522,2279.3122481174555,1555660
2025-04-29,2256.664794921875,2267.1623141907044,2247.8198453161813,2262.7883676038414,1896387
2025-04-30,2276.493408203125,2286.601989452575,2251.1244240476785,2255.012376420818,2083807
2025-05-02,2253.65185546875,2279.3122481174555,2245.2926623246576,2268.7176720341317,1424284
2025-05-05,2282.8115234375,2288.934859100469,2254.1378722660597,2258.997813142575,2074103
2025-05-06,2315.08154296875,2323.1490924917193,2274.646738914956,2274.646738914956,1888125
2025-05-07,2304.389404296875,2320.038270117709,2289.3235889472185,2302.639778279785,1610400
2025-05-08,2288.9345703125,2305.4583672078948,2275.424031301092,2295.544136531012,2323073
2025-05-09,2267.551025390625,2277.0765565746965,2237.8083308384716,2264.73235471963,1805685
2025-05-12,2315.761474609375,2320.1354207314075,2280.381205342974,2293.891743999213,1274873
2025-05-13,2293.891845703125,2330.8273923712263,2286.893579057945,2309.0549545191607,1929665
2025-05-14,2284.657958984375,2303.611726353103,2272.994102142081,2303.611726353103,1568111
2025-05-15,2289.226318359375,2303.514495923454,2274.4521467468458,2285.727303591603,3236681
2025-05-16,2314.6923828125,2320.135611131763,2283.2000630701764,2293.891932245899,1473000
2025-05-19,2315.9560546875,2337.6314373045693,2308.4717935959884,2308.4717935959884,936655
2025-05-20,2275.521728515625,2327.523098554208,2272.994464209847,2327.523098554208,1617408
2025-05-21,2297.6826171875,2309.1521244400974,2279.3121366782702,2280.284124796257,1570754
2025-05-22,2265.412841796875,2296.9054017400363,2248.305991922015,2289.0322024287943,2423653
2025-05-23,2293.1142578125,2298.2658421573706,2264.3435526876015,2271.438875913527,844118
2025-05-26,2327.037109375,2330.147424241296,2297.8774625625742,2301.6681217274645,892618
2025-05-27,2313.526123046875,2342.0054230052847,2294.183653984274,2327.0369005720772,1865258
2025-05-28,2295.836181640625,2321.1078754266778,2286.11629941522,2321.1078754266778,897517
2025-05-29,2300.404296875,2309.4438340900037,2289.518077103958,2302.6399170703785,1111275
2025-05-30,2282.519775390625,2308.374517293052,2277.8541849016656,2293.891989062484,3288892
2025-06-02,2305.167236328125,2317.2197947019963,2277.9515675984035,2282.1309268833143,1178205
2025-06-03,2286.407958984375,2312.8459913579845,2276.979720621593,2298.8494557783715,1643913
2025-06-04,2298.26611328125,2301.279371640828,2276.493672385733,2293.406172250839,3287896
2025-06-05,2309.83251953125,2313.3317717537793,2283.1028456979607,2298.2659555931978,1787978
2025-06-06,2322.857421875,2329.369695281899,2303.709302009238,2306.8196167541355,997488
2025-06-09,2326.161865234375,2331.799443654797,2311.679337516298,2326.939503171982,1293622
2025-06-10,2328.10595703125,2332.965897755389,2311.776508737784,2326.3563309102015,1778782
2025-06-11,2309.83251953125,2335.590205225147,2304.875522401424,2328.1059440121844,1977707
2025-06-12,2267.3564453125,2321.107431191998,2258.997490579552,2320.0381494311273,3339584
2025-06-13,2254.04052734375,2259.7751625270976,2237.5167287388153,2240.4326931985097,1740682
2025-06-16,2262.205078125,2271.1475587596,2248.3058377118327,2255.0124608859933,1105297
2025-06-17,2263.37158203125,2267.745528476323,2248.3057664982202,2255.012389459953,1119284
2025-06-18,2232.9482421875,2266.09289301594,2221.4787354933574,2262.496584614853,2056563
2025-06-19,2229.93505859375,2243.154191716161,2226.144399912506,2235.6699307829094,1214549
2025-06-20,2241.59912109375,2248.2086882601934,2228.1856365828094,2230.712900802916,2685864
2025-06-23,2234.62548828125,2245.3314785900775,2218.517104573964,2242.777637332428,842856
2025-06-24,2222.839111328125,2260.0647671143856,2220.0888759075924,2254.171508269237,2440747
2025-06-25,2238.1611328125,2249.751254907696,2230.9909542436453,2238.455843673713,1047270
2025-06-26,2240.22412109375,2250.2426129211913,2231.187839049338,2248.179876457905,1874722
2025-06-27,2265.859375,2269.395425704689,2238.7505321874146,2240.223846681488,1050745
2025-06-30,2253.7783203125,2275.7797201777867,2247.295640814318,2268.8059358629935,1403754
2025-07-01,2254.662353515625,2261.636138264844,2245.9207831543013,2259.082297140465,759914
2025-07-02,2266.05615234375,2267.9222549022306,2246.9030627072866,2254.171318752975,1128034
2025-07-03,2272.243896484375,2285.503727857006,2263.011220929018,2268.9044793168537,1060039
2025-07-04,2297.683349609375,2299.7458462360423,2269.199266444391,2276.762233670115,1242346
2025-07-07,2367.51806640625,2372.723825559003,2299.3528119827433,2299.3528119827433,2701583
2025-07-08,2350.133056640625,2375.474114379278,2343.552299734942,2362.607071634493,1471046
2025-07-09,2380.286865234375,2396.29693113012,2354.45494224249,2356.3210447333263,1741690
2025-07-10,2365.5537109375,2390.6983748083844,2354.946038170592,2380.2868562218573,1053695
2025-07-11,2474.77587890625,2484.9907647872415,2417.218289383953,2455.5244711336377,7242235
2025-07-14,2471.828857421875,2487.445894661949,2445.7019852747294,2455.5240816011337,2427712
2025-07-15,2481.94580078125,2484.8924301255456,2465.3465513939755,2475.8561480958347,1700294
2025-07-16,2472.811279296875,2487.8388961282812,2462.890865236824,2481.356455874828,1284379
2025-07-17,2465.14990234375,2480.472229470397,2461.613851577524,2468.2929253596812,807474
2025-07-18,2445.309326171875,2470.1590393490687,2437.353331809416,2470.1590393490687,771112
2025-07-21,2421.048828125,2449.2384410834075,2411.717835071157,2446.5862827986753,1169960
2025-07-22,2435.585205078125,2440.7909641482383,2408.967467617087,2426.057819495432,861632
2025-07-23,2406.806640625,2442.755612873297,2398.5561747634065,2436.8623544586453,1320795
2025-07-24,2394.430908203125,2422.1291744035116,2377.9297369143965,2412.2087602925917,693984
2025-07-25,2372.42919921875,2385.3945590187477,2362.6071022777146,2382.9390347834888,769388
2025-07-28,2398.163330078125,2404.7440871927433,2369.384537540986,2372.429243771511,987995
2025-07-29,2409.949951171875,2413.7804732980653,2386.4749941452433,2401.3064573670335,732282
2025-07-30,2394.037841796875,2409.262092241855,2355.829980147422,2398.5561023639793,1224146
2025-07-31,2476.34716796875,2503.652646914568,2377.0459063535795,2377.0459063535795,5505507
2025-08-01,2508.268798828125,2678.976888284892,2491.767628330378,2504.6346709904583,4259653
2025-08-04,2498.44677734375,2537.2440606709806,2489.9999177635377,2501.688117328015,1293028
2025-08-05,2489.60693359375,2507.5814194600316,2472.516580355361,2492.357168773925,756361
2025-08-06,2490.4912109375,2517.501979853343,2481.651322928679,2493.535917373264,885487
2025-08-07,2472.712890625,2498.741447368421,2450.613172635303,2490.5890589949863,847151
2025-08-08,2454.1494140625,2484.892387860569,2442.362896885792,2471.2397680498043,839794
2025-08-11,2473.596923828125,2479.5884991865532,2434.4068509541976,2445.800579905625,992436
2025-08-12,2439.612548828125,2491.47326996814,2435.9784208260676,2473.2040732697083,1406211
2025-08-13,2450.71142578125,2456.9974717047967,2429.397284258838,2440.7910122672074,969803
2025-08-14,2436.469482421875,2464.3641420365734,2429.200986749531,2454.44372812859,1104362
2025-08-18,2522.412841796875,2550.798606380226,2476.445379598451,2493.830443434499,3089136
2025-08-19,2558.4599609375,2568.47845225644,2512.8852854397333,2526.439827717028,1400717
2025-08-20,2622.303466796875,2632.3219576313877,2542.449771391361,2552.762973091036,3156954
2025-08-21,2600.891357421875,2619.651659128844,2580.559664029887,2619.651659128844,2235686
2025-08-22,2583.11328125,2611.20457553655,2572.4072910777595,2599.9091636055095,1223445
2025-08-25,2584.782958984375,2595.980052850747,2568.674577169291,2595.980052850747,667598
2025-08-26,2644.697998046875,2656.877302702266,2577.9077368329176,2577.9077368329176,4348648
2025-08-28,2607.17724609375,2699.1121669118434,2599.7125964973993,2699.1121669118434,3198743
2025-08-29,2612.4814453125,2674.5570512791683,2594.4086426961376,2617.392493882605,1972773
2025-09-01,2602.364501953125,2625.7411398904956,2592.346011350618,2612.4813094408382,1096729
2025-09-02,2629.37548828125,2644.5014224406004,2598.043093323752,2601.8736154116664,1525106
2025-09-03,2617.294189453125,2639.099197248745,2611.00814317238,2633.304255827349,1010692
2025-09-04,2619.16064453125,2701.0768426775303,2608.2580202655204,2701.0768426775303,2494678
2025-09-05,2586.551025390625,2625.348310000531,2577.1219557941918,2620.1427902324845,944879
2025-09-08,2577.219970703125,2597.5519036054347,2572.210845043877,2583.2115458729263,903410
2025-09-09,2594.998291015625,2599.123524215233,2564.844498121878,2590.087242016731,1610956
2025-09-10,2596.471435546875,2605.704111140776,2572.407297029418,2594.9981209437656,1031486
2025-09-11,2575.353759765625,2610.418597093595,2567.4960823902916,2596.765978572866,1212707
2025-09-12,2534.59228515625,2582.131141611505,2523.296872918584,2578.300619467218,1368380
2025-09-15,2535.083251953125,2547.262556392294,2522.7073137348634,2534.5921470999765,752745
2025-09-16,2534.985107421875,2543.9233122758214,2526.8329581431617,2542.1552867248165,1040928
2025-09-17,2523.984130859375,2545.0035615909655,2520.8411078875088,2540.9764060412954,970247
2025-09-18,2540.780029296875,2563.468928857849,2525.162751622593,2525.162751622593,1550153
2025-09-19,2514.064208984375,2558.3617254823207,2509.3495541555926,2553.745387548905,2214708
2025-09-22,2526.439697265625,2541.1728425025335,2514.6531810760985,2523.2966742412086,1174161
2025-09-23,2477.3291015625,2529.484529270965,2473.4002630096147,2523.1982437079832,1430474
2025-09-24,2504.143798828125,2530.1723576313984,2465.3465130647555,2477.3294242524616,1882881
2025-09-25,2493.142822265625,2521.8232963129217,2486.758459490149,2500.7057886709636,1624258
2025-09-26,2467.1142578125,2500.1163583210514,2454.9347142199126,2489.901473834488,885612
2025-09-29,2453.461669921875,2472.6147602913434,2399.538449877524,2450.6133575294402,2403556
2025-09-30,2469.66796875,2481.3564080346573,2447.273779473271,2453.461508732884,1678088
2025-10-01,2491.080322265625,2504.6348647874647,2453.4616408468078,2470.650311487506,1483899
2025-10-03,2499.625244140625,2503.2596116860273,2463.676514803471,2491.080068139014,1242611
2025-10-06,2496.58056640625,2504.2418497280028,2475.3647417917477,2490.0978867192407,818923
2025-10-07,2472.418212890625,2513.8674143383946,2463.676642465363,2494.812642046405,1291750
2025-10-08,2455.62255859375,2480.0794841222178,2441.8716228402013,2466.328548368669,1225128
2025-10-09,2472.811279296875,2478.1151158494545,2453.854583800399,2456.506502076689,1259173
2025-10-10,2483.909912109375,2489.8031700666565,2461.908511654435,2465.3462454628498,1018875
2025-10-13,2448.452392578125,2486.5621769669815,2441.183896906515,2474.3826327864285,1114750
2025-10-14,2457.783447265625,2464.560598461446,2438.139252730148,2448.648848847169,1461017
2025-10-15,2474.186279296875,2486.75861164498,2458.07813584284,2458.07813584284,881070
2025-10-16,2515.93017578125,2522.8056437611326,2462.498063399367,2473.0076593520143,1446646
2025-10-17,2557.37939453125,2568.478412302955,2514.4568778185712,2519.85903126701,2050690
2025-10-20,2548.244873046875,2578.00587635619,2539.6016191065405,2562.585231279587,1011485
2025-10-21,2545.5927734375,2560.3259186012747,2539.11033344381,2547.8519036554026,82020
2025-10-23,2555.31689453125,2619.7497080594576,2549.914741090149,2554.727472782394,3386744
2025-10-24,2471.632568359375,2538.0300447047853,2430.478074931111,2538.0300447047853,3110800
2025-10-27,2467.1142578125,2480.0793772907623,2461.4173938576832,2471.6322783442465,2127832
2025-10-28,2452.676025390625,2481.0617908155573,2437.7462455795494,2474.186322669988,2294976
2025-10-29,2443.836181640625,2468.8825303347708,2439.8090257355866,2467.900320582059,1870143
2025-10-30,2425.665283203125,2452.5777343086565,2411.22660810764,2446.684475836149,1195631
2025-10-31,2421.63818359375,2435.389120349099,2409.2622445950133,2425.075917782587,1401937
2025-11-03,2416.23583984375,2430.8706683206365,2396.8863568906377,2412.405317967791,1049185
2025-11-04,2402.1904296875,2419.4774178690022,2397.86880254078,2416.236077610307,1251588
2025-11-06,2392.662841796875,2420.066396652233,2389.3234247182095,2420.066396652233,1329256
2025-11-07,2389.693115234375,2400.582354781839,2376.4281382767645,2392.662907838229,817896
2025-11-10,2384.54541015625,2404.8389919884094,2379.7936938785956,2380.7836246996762,780558
2025-11-11,2403.05712890625,2409.194651815599,2378.9029129343594,2397.8104470854564,1422399
2025-11-12,2400.08740234375,2410.283738675327,2391.870927758796,2406.126077343887,1680827
2025-11-13,2383.357666015625,2406.5219517661053,2380.7837490734196,2404.542090020514,1256059
2025-11-14,2403.255126953125,2405.729954130381,2367.91464319838,2380.882834280137,975973
2025-11-17,2400.582275390625,2413.847251909541,2391.672897873711,2406.9177360630524,920038
2025-11-18,2379.793701171875,2398.503297074712,2377.7147497683018,2391.474933232895,1229034
2025-11-19,2417.015380859375,2426.023607035294,2386.7233986621463,2387.7133295616327,1465143
2025-11-20,2403.947998046875,2434.239978963932,2400.5823298037967,2420.480036715518,1396929
2025-11-21,2409.19482421875,2418.5991679296735,2388.703302574577,2411.6696515110984,1840712
2025-11-24,2399.790283203125,2420.281803162537,2388.703106181435,2417.312010655888,4092327
2025-11-25,2389.792236328125,2399.7903932161203,2381.7736995196474,2397.612593614541,1240672
2025-11-26,2400.7802734375,2403.2551005876053,2384.7434418412868,2387.713234421413,1242683
2025-11-27,2427.013427734375,2434.932874570679,2400.5823222546774,2401.6713428676044,1872248
2025-11-28,2441.763671875,2445.129340285854,2422.5588672698223,2425.3307221458876,973225
2025-12-01,2439.6845703125,2462.9479451967945,2434.042012825968,2441.7635217623283,1924828
2025-12-02,2452.850830078125,2459.3842290026473,2435.2300117380223,2446.119251627908,2179406
2025-12-03,2423.350830078125,2459.879183417393,2378.903029581739,2453.2466947597763,3535932
2025-12-04,2437.40771484375,2457.9983250655837,2398.8004113086886,2415.431298091029,2587753
2025-12-05,2315.052490234375,2397.6126302941066,2263.674931718664,2397.6126302941066,4008271
2025-12-08,2290.699951171875,2331.3862051452247,2278.8207811571547,2326.4365509724244,1898154
2025-12-09,2283.275634765625,2306.934886746879,2274.960311827886,2294.659840185007,1471488
2025-12-10,2278.52392578125,2293.570827267341,2271.891437024881,2283.2756424827394,2857290
2025-12-11,2282.384765625,2289.710157566845,2268.9216087951613,2273.1783599753567,1108032
2025-12-12,2237.837890625,2285.750449542293,2222.097844295659,2283.6714979780418,3203114
2025-12-15,2270.406494140625,2275.8511140306505,2229.32436224316,2237.83786456232,1274115
2025-12-16,2258.13134765625,2279.513708903146,2253.0826036728013,2270.3073037063286,1256042
2025-12-17,2252.686767578125,2263.179889712154,2245.460223944765,2258.230235399214,808100
2025-12-18,2242.6884765625,2255.35964054673,2232.5912296171614,2247.1431656574155,1057295
2025-12-19,2257.04248046875,2261.7941971851546,2240.906558258753,2240.906558258753,1237214
2025-12-22,2266.44677734375,2271.8913972500136,2257.0424338692947,2257.0424338692947,790773
2025-12-23,2279.414794921875,2286.7401862916095,2257.7351650294536,2266.2486667249427,1128801
2025-12-24,2259.22021484375,2281.790687332576,2255.161643229268,2279.414949884213,519380
2025-12-26,2262.387939453125,2266.9417181800486,2252.092754960529,2259.3192987304974,533626
2025-12-29,2270.20849609375,2275.554026080165,2257.0423672814736,2265.8526552878384,1086695
2025-12-30,2267.1396484375,2274.8611576222947,2260.0121944524367,2270.208530832208,1556717
2025-12-31,2292.580810546875,2302.0842435941418,2263.773967171593,2266.941697626568,1324220
