Price,Close,High,Low,Open,Volume
Ticker,HINDALCO.NS,HINDALCO.NS,HINDALCO.NS,HINDALCO.NS,HINDALCO.NS
Date,,,,,
2020-01-01,205.76014709472656,208.78461372215622,204.70397623872424,207.53641579707883,5085208
2020-01-02,211.3770294189453,212.385189910041,207.39241253833757,207.39241253833757,15238841
2020-01-03,207.82447814941406,211.18500336899575,207.4404239846099,210.56091168850722,8658243
2020-01-06,200.95941162109375,207.05635574603014,199.75922403932745,206.4322640638026,7798846
2020-01-07,200.52734375,204.70398767596419,199.42316240235442,202.15959590442486,12767569
2020-01-08,199.1350860595703,200.33527345060128,196.35065717266843,197.7908820419056,12470053
2020-01-09,202.3516082763672,203.50378532217283,200.57532495315255,203.07172076133645,8676205
2020-01-10,203.0717315673828,205.66413372107638,201.82353359687056,203.83985452236934,7800086
2020-01-13,202.78369140625,204.51196445858065,201.15143922099836,204.31993737515,6614653
2020-01-14,203.50381469726562,206.19223795936102,202.39964792122038,204.03190019261567,7981507
2020-01-15,205.13604736328125,206.43225575973773,201.63150562579034,202.68767651554947,9564560
2020-01-16,201.2954559326172,206.1922271406011,200.6713642485943,205.47211458946978,6986058
2020-01-17,201.67950439453125,203.55179390835443,199.85521065869065,201.15141898018987,8678002
2020-01-20,199.0391082763672,202.39963345105014,198.5110228187716,201.72753134625896,3977566
2020-01-21,196.9747772216797,200.19128575476898,196.4947021958889,197.79091062581492,4479791
2020-01-22,195.48655700683594,199.51918430662906,194.9104611136967,197.40685711633049,6268889
2020-01-23,196.4467010498047,197.16681356882785,194.67041764259025,195.4865510244405,5560681
2020-01-24,197.2147979736328,199.42314583473234,194.19033142848568,196.35066886094103,5749852
2020-01-27,190.3497314453125,195.43852921359212,189.53359811098173,195.43852921359212,7942736
2020-01-28,188.18942260742188,191.45392713930022,186.46114946965707,191.45392713930022,6308211
2020-01-29,189.8696746826172,192.4140664855826,189.2455830028641,189.77365381616568,8978837
2020-01-30,185.7410125732422,189.86966045900678,185.02090008098298,189.4375958937965,8588693
2020-01-31,181.80441284179688,187.37327125848904,180.7482419554716,187.0372275406413,6008376
2020-02-03,174.55528259277344,178.203855724888,173.11505751304878,176.57158891395167,7678833
2020-02-04,181.70838928222656,182.7645601528762,175.70745172336837,175.70745172336837,9235507
2020-02-05,188.47744750976562,189.67763500708872,180.79624752689776,182.52452045318827,7411014
2020-02-06,186.2691192626953,189.48562795561548,184.97291076835967,188.57347364070557,7348886
2020-02-07,189.5336151123047,190.49376516789027,185.16494407997197,186.26911078360453,6977770
2020-02-10,183.24464416503906,189.10155071994708,182.0444565942718,188.09339023035713,5385023
2020-02-11,185.93304443359375,189.10154241134978,184.348802770079,184.73285691555938,7530810
2020-02-12,185.93304443359375,188.57345697326937,183.5806798283917,186.50914030254086,10581151
2020-02-13,187.46929931640625,189.14956192231514,184.73286578363516,186.94121385297515,6711481
2020-02-14,186.2691192626953,189.14956956057205,185.741033777939,187.70934441163368,3798528
2020-02-17,182.66854858398438,186.9412134130964,182.1884735548543,186.26911130245975,3484321
2020-02-18,177.00367736816406,181.90043410357572,174.50728123979334,181.61238614249788,8152961
2020-02-19,180.60423278808594,181.08430781979192,177.05166583287973,178.58791179462983,4317249
2020-02-20,182.3804931640625,183.38865361407576,178.0118076478227,180.31617648367114,6207445
2020-02-24,171.9148712158203,179.45204039825495,170.8106898561099,179.45204039825495,14690243
2020-02-25,167.49818420410156,174.21923499194753,167.114130019373,173.78717037144588,10694830
2020-02-26,163.12948608398438,166.29798414900975,161.0651693563988,166.05794663879155,16855158
2020-02-27,161.6412811279297,163.51357096150184,159.5289391098192,163.1775125538765,7657497
2020-02-28,149.6873779296875,155.73632581093514,147.9591196642392,155.54429874263266,14033411
2020-03-02,143.782470703125,155.0162234138915,140.99804140455734,154.15209422488144,11441351
2020-03-03,152.95191955566406,154.05608635148914,144.79064340176006,146.0388415083852,21836942
2020-03-04,154.20010375976562,155.25626002343537,150.64753685719108,153.62400786996244,12074078
2020-03-05,149.30331420898438,161.20916748818885,148.67922261438162,156.21639077919102,12338386
2020-03-06,144.11851501464844,145.41470867163727,134.42099454770246,143.01433376899973,11173720
2020-03-09,137.7335205078125,139.989878965379,134.70905373771242,138.16558509629436,10550403
2020-03-11,132.3086700439453,136.67735537879145,131.6365679887519,136.34129702583175,9682790
2020-03-12,115.41001892089844,124.8194911866527,113.44171595509573,124.8194911866527,15926851
2020-03-13,122.37112426757812,124.81950989175418,98.99147137984923,109.36109513177122,15365436
2020-03-16,111.0413589477539,123.90737156948839,109.88917444895397,115.98613335736457,20577663
2020-03-17,110.80131530761719,116.03413005894382,109.31307982586053,112.33755389582069,11615932
2020-03-18,104.84838104248047,114.25785432914356,103.8402278995002,114.25785432914356,12105333
2020-03-19,95.77497100830078,103.60019566853796,93.66264375079456,98.8954587855136,11569487
2020-03-20,101.29582214355469,103.40814915384382,94.76679939752162,97.16717432983334,13928853
2020-03-23,84.3971939086914,95.96699803390094,81.51674365464298,91.1662476104869,14591356
2020-03-24,85.21331787109375,91.02222866738137,81.61275514414613,85.50136581939502,16845493
2020-03-25,90.78219604492188,93.32658798213629,84.5412203151911,85.40534955593952,7876385
2020-03-26,90.78219604492188,93.7106494921156,88.57384785656384,93.61463594596178,11013083
2020-03-27,87.90174102783203,95.34290400169408,86.70155345140267,93.61463096149035,9158997
2020-03-30,85.26131439208984,87.80570577700433,83.1009771084257,84.58920506417687,9970397
2020-03-31,91.8863525390625,93.37458797680728,87.37365044616413,88.28579002067661,15557731
2020-04-01,87.99774932861328,91.5983118434881,87.37365036096234,91.1662399464852,9270755
2020-04-03,85.26131439208984,89.7260055847058,84.87725296547707,88.42980467957979,8216768
2020-04-07,99.8075942993164,102.30399027790062,86.41350409477212,88.47782815766439,23639659
2020-04-08,96.83112335205078,107.34476995596961,94.95883383407111,95.53492235303695,24227474
2020-04-09,103.2641372680664,104.65635186270013,97.79127777544119,100.81575179434417,14943427
2020-04-13,109.26508331298828,109.79316146795067,100.91177312400255,104.6563599449021,23259069
2020-04-15,110.51327514648438,119.05861250940998,109.2650844105557,115.21801210588063,45561393
2020-04-16,115.74609375,117.0422948780986,109.88917246871269,114.1618446710512,18971910
2020-04-17,119.2026138305664,120.69084180882062,114.35385381265866,119.05858987773857,14577288
2020-04-20,111.8094711303711,120.1627810157266,111.13736902108019,120.01875704220323,18342210
2020-04-21,102.83206176757812,109.16905019359324,101.58387118424837,109.12104708963615,22935311
2020-04-22,103.98426055908203,104.41632518141121,98.65542448174715,102.25598741903718,14419829
2020-04-23,106.81668090820312,108.7849912168814,104.0322446149617,104.65634354152037,16545796
2020-04-24,99.5195541381836,105.56849505739478,98.75143116811064,105.56849505739478,16901936
2020-04-27,103.88822937011719,105.32845440200622,101.1038001687557,102.15996372706833,18657007
2020-04-28,104.41632080078125,106.24060741087914,102.44801021416126,104.8483854049838,13489808
2020-04-29,111.66545867919922,112.9616598389005,103.98425793979742,104.65636007434954,35702215
2020-04-30,125.01152801513672,126.93182802965718,114.73792586759754,115.21800087122766,45993216
2020-05-04,111.28138732910156,118.09845091695908,110.03318938926483,116.5622123701038,22496677
2020-05-05,111.28138732910156,115.93811340018543,110.41725085731946,115.21800089459421,19405341
2020-05-06,113.87379455566406,115.89010819719799,110.89733086336507,111.3774058887476,15993752
2020-05-07,112.96165466308594,117.138305908692,112.04950772185751,112.3375556665325,16729796
2020-05-08,112.43356323242188,118.09844968225299,111.23337573565102,118.00243614758395,21602930
2020-05-11,114.97796630859375,116.56221532614393,112.86563916876912,114.20984335300476,13916698
2020-05-12,116.27416229248047,117.37833624575445,111.76146027084619,114.16183524519698,13673363
2020-05-13,118.62654113769531,121.89104543447185,116.75424415239446,120.49883079763265,13922270
2020-05-14,112.52958679199219,116.08214649413803,112.33755970554704,114.25785987145382,12778232
2020-05-15,114.49789428710938,116.08214334609178,112.72161814688941,113.68176820380438,12509914
2020-05-18,110.75331115722656,116.17816061810333,109.7451579603043,115.74609600876005,14500038
2020-05-19,112.62560272216797,115.60206638373866,111.90549019152843,113.0576673104063,15916351
2020-05-20,115.98612976074219,117.09029646547769,111.61744407331848,112.62560456283583,8718400
2020-05-21,124.33943176269531,125.5396193279723,115.84210526560699,116.56221780477318,34325670
2020-05-22,119.87472534179688,121.45897429770919,118.6745378487365,121.45897429770919,17058546
2020-05-26,123.95536804199219,125.25156172208563,120.49882226029106,120.54683268934474,18786655
2020-05-27,127.98799133300781,129.42821625877147,124.81949356618269,125.2035476860961,32423355
2020-05-28,132.88475036621094,133.84490033894576,128.27604221766444,129.04415047527158,21951352
2020-05-29,133.31683349609375,135.52516677776222,129.236195991937,130.53238970282158,19390589
2020-06-01,133.6048583984375,139.65380595545994,133.02877722440823,136.2452707355665,14504755
2020-06-02,135.52516174316406,137.781520021932,133.31682854353255,135.28512425183666,12836264
2020-06-03,137.63751220703125,140.9500268694653,136.62935174870955,137.2054329743743,12470626
2020-06-04,136.9654083251953,138.88570855913133,132.83677454281536,137.58951469166138,11358214
2020-06-05,143.30239868164062,144.98266131274863,137.6855148830743,138.06958370347832,21825018
2020-06-08,140.51795959472656,149.63938467485735,139.7018262272664,148.8232513073972,16211802
2020-06-09,136.91738891601562,144.3585510386094,135.57317019375688,142.10219279275847,19223606
2020-06-10,141.09405517578125,142.10221571743566,136.14928798914815,138.16559442172905,17278002
2020-06-11,138.6456756591797,141.57413654385715,136.77338579872313,140.0859008827199,12532780
2020-06-12,140.2299041748047,140.9980270706857,130.7724212363912,132.5006940894421,15804914
2020-06-15,139.98988342285156,146.27886932437718,138.0215728451749,143.11037115674247,34911162
2020-06-16,144.11851501464844,148.43918983939602,141.0460234186918,143.92647330185684,28477417
2020-06-17,142.10220336914062,146.0388243227656,141.33408042078372,143.7344554776949,13573256
2020-06-18,144.79061889648438,145.36670008999977,141.4300939901038,142.53426059905277,9854686
2020-06-19,145.03067016601562,146.2788681799521,142.58228457151088,146.2788681799521,14631215
2020-06-22,144.11851501464844,145.41470867163727,143.06234419719763,144.88662326291185,8037341
2020-06-23,152.0397491455078,153.14391571829628,144.5985870964997,146.8069202420766,22570926
2020-06-24,145.36671447753906,153.72003179217063,144.45457484281704,153.04791502379163,15907046
2020-06-25,140.75799560546875,146.2308476654157,138.83769560894518,143.06234974100653,18500612
2020-06-26,145.03067016601562,145.94280979710206,142.29423662202905,143.0623596037382,12107599
2020-06-29,140.03787231445312,143.49440325137482,137.58948707743036,143.49440325137482,13110757
2020-06-30,140.37391662597656,145.55873503065968,139.41376669741211,142.1021894275376,14655358
2020-07-01,141.67013549804688,142.9183334287904,138.74167506649803,141.6221250678786,8255166
2020-07-02,141.86216735839844,144.31055287239434,140.90201732551586,142.96633403592264,9519798
2020-07-03,140.56597900390625,143.49443995205615,138.78970998014438,142.6783210981317,10780269
2020-07-06,148.19915771484375,148.96726599091738,141.23807024516114,141.9101723120887,24254504
2020-07-07,146.23085021972656,150.64753149844412,145.7507752122099,148.82325233017133,13160047
2020-07-08,148.82325744628906,151.70370759041077,146.32686146109273,146.66291983819778,18306575
2020-07-09,158.2327117919922,159.81695332018538,150.64751853548546,150.743539389017,45180719
2020-07-10,157.1765594482422,157.94468241444568,153.9600655876851,157.1765594482422,16256492
2020-07-13,162.50540161132812,163.7055892155477,157.5606345422346,158.71281171213982,21894776
2020-07-14,157.2725830078125,161.97731244899026,155.4962995337018,161.01716238746604,16396492
2020-07-15,158.8087921142578,161.78526274916155,157.94466303998263,159.72094626576796,11233286
2020-07-16,159.43292236328125,160.15303491717978,154.63217200395766,158.32874099020037,12766387
2020-07-17,155.68832397460938,162.36137850957616,154.7281739293741,159.86498253167363,14372019
2020-07-20,154.48812866210938,156.4564390861696,153.28794116581975,155.73632658839583,14067880
2020-07-21,153.62399291992188,156.5044427871704,151.2716284584807,156.36042615409823,13098754
2020-07-22,153.52798461914062,157.36858475621207,151.12760953347097,154.15209093185084,17455691
2020-07-23,155.5443115234375,155.97637612530156,153.33596342968764,154.29611350081998,8258361
2020-07-24,149.97543334960938,154.53614604057503,148.1511541335139,153.57599600037173,15793319
2020-07-27,151.89572143554688,153.43196723885305,148.43919035419668,150.74354440843015,12745516
2020-07-28,158.13671875,158.66480423584733,152.2318014874442,152.2318014874442,15539141
2020-07-29,157.5126190185547,161.7852838213774,156.79250647929038,157.75265653164277,15845599
2020-07-30,155.5443115234375,159.09686385648163,153.62401138117283,158.37675130313238,8980592
2020-07-31,156.60049438476562,157.94469872640104,153.23996887994858,155.44830249110268,9872721
2020-08-03,154.9202117919922,160.82512856250392,154.34411591894033,156.60047432921237,16525131
2020-08-04,155.88037109375,158.04070877022235,154.34412510796756,155.54431270600776,13653194
2020-08-05,168.74636840820312,170.3306101033806,156.9845304963938,157.36858464954992,47894708
2020-08-06,170.90670776367188,171.77083694263558,167.25813466778516,170.90670776367188,23198186
2020-08-07,170.5226287841797,171.86683278928075,168.36229150051554,169.41844760431644,10117475
2020-08-10,171.48280334472656,171.86685750119824,167.45016144813923,169.85053655290457,9378730
2020-08-11,171.81884765625,179.16400429237453,170.90670804346678,172.8270081338428,30405569
2020-08-12,168.7943878173828,170.28262337878667,165.81791669457508,170.28262337878667,17437072
2020-08-13,176.2355499267578,177.24371043983137,170.90671405827837,170.90671405827837,26526442
2020-08-14,177.57974243164062,181.90041750127045,173.40309865476772,177.0036612127926,28520464
2020-08-17,184.8769073486328,185.74103659079103,176.90765847367575,177.77178771583397,25968766
2020-08-18,188.18942260742188,189.38961025160188,184.39683258195873,185.5009993543131,20401535
2020-08-19,188.95751953125,189.77363822613418,186.55714457442704,189.00552996053167,16328384
2020-08-20,191.06983947753906,194.28634766069237,184.78085439373626,185.35695022230047,28491717
2020-08-21,188.42942810058594,195.0544569098195,187.56529900398178,193.71025283716287,18332315
2020-08-24,185.59701538085938,189.91769078710982,184.7808819438321,189.5816323952215,10628826
2020-08-25,183.67669677734375,188.5734529561747,182.47650928487644,187.61330296220083,13439855
2020-08-26,185.78903198242188,187.22925703654917,183.62869440123092,184.34880692829458,8427317
2020-08-27,187.13323974609375,187.85335228690846,184.92490634151034,185.78903553019714,7659778
2020-08-28,186.07708740234375,188.33343128739574,185.3089644124575,187.32528542956797,8153155
2020-08-31,177.8677978515625,189.14956100813933,176.90764779568363,187.2292608963816,17662183
2020-09-01,186.31710815429688,187.661312277587,177.62774783029144,177.81977489780058,24334797
2020-09-02,188.38143920898438,189.05354132214876,184.8768973434454,186.2691120030132,11183054
2020-09-03,185.29322814941406,189.29825818003883,184.85895009109544,189.29825818003883,11310236
2020-09-04,181.7224578857422,187.22334709757658,178.3929734727199,181.48119068587417,16804686
2020-09-07,180.95040893554688,184.81068432617187,180.08185286296904,181.72246695882828,6839463
2020-09-08,173.95364379882812,181.62593748724026,173.27809861272667,181.62593748724026,9202151
2020-09-09,176.4145965576172,177.37966545046433,165.75058234649956,171.1549740367567,22609497
2020-09-10,170.47940063476562,178.82725473738384,167.29468531925295,178.5377311471241,19154786
2020-09-11,172.40956115722656,173.71241012346593,168.69405455394474,172.45781754963977,15780805
2020-09-14,169.6591033935547,174.19492395299147,168.50102374179363,172.74732070684473,11605907
2020-09-15,170.575927734375,173.0851127596775,168.40452271371112,171.20321662780924,10726507
2020-09-16,177.37966918945312,178.1517272651616,169.3213378740046,170.91371041623765,14453126
2020-09-17,169.70736694335938,176.31807987765606,169.22483250761002,176.31807987765606,18642039
2020-09-18,173.22984313964844,175.8355258573171,170.3828932309775,171.2514492282735,28529202
2020-09-21,161.31124877929688,174.3879343494799,157.40273180484044,173.13334192738373,26161690
2020-09-22,157.74050903320312,163.04838799240153,155.18308233408428,162.13157548096927,18465421
2020-09-23,159.67063903808594,161.6007767471611,156.6306780366054,159.71889542596924,17256291
2020-09-24,153.54244995117188,156.63066712540441,149.0066148701948,152.48086839481957,19292629
2020-09-25,156.38941955566406,159.0916154444147,152.1431075231179,156.29290677450825,20236970
2020-09-28,161.842041015625,162.80710985260043,156.43766436403163,158.2230328769671,12412713
2020-09-29,170.23812866210938,171.10669940855976,162.2280694859026,163.53090351690656,36624865
2020-09-30,169.12831115722656,171.4927268273924,166.66738271449006,171.29971600803262,15625518
2020-10-01,168.0184783935547,172.988576658278,167.43943124246155,171.01018273878728,12663078
2020-10-05,172.7955780029297,173.61587767792756,166.763897778908,168.88704627260728,13647813
2020-10-06,170.72067260742188,176.0285512492395,169.4660948908905,174.29143911072472,13192286
2020-10-07,166.81216430664062,171.7340068331801,164.83377012773533,170.7206815487864,11851388
2020-10-08,168.16323852539062,170.2863869418175,165.55755570860396,166.8121480946957,11214012
2020-10-09,164.0617218017578,175.11175835442538,163.33792008792653,170.81720446418313,30474092
2020-10-12,166.1365966796875,168.88704879320392,163.77218094173904,167.92197994295702,16792391
2020-10-13,167.19818115234375,168.79053889205315,163.82044011896306,164.49598538048275,9712302
2020-10-14,168.114990234375,168.88704825727896,165.07502925605678,166.95691056291005,10703596
2020-10-15,167.58421325683594,172.02353621064987,165.70233179463904,168.7905494153959,19813786
2020-10-16,173.51939392089844,174.2431956073935,166.32963344687107,168.01850404869282,15546394
2020-10-19,176.31808471679688,177.42792278494986,171.4927402268693,174.67747053537806,17095601
2020-10-20,174.4844512939453,176.75235425946977,173.0368480167153,175.449520145432,10427991
2020-10-21,179.4545440673828,180.95040368298513,174.67745635530832,174.7739691275852,24286914
2020-10-22,178.00694274902344,181.1434164465354,175.7390398339838,178.44122077736876,17453750
2020-10-23,175.88380432128906,180.08185986206905,175.30475709987715,179.11679097690424,9732876
2020-10-26,166.3778533935547,176.51107568172526,163.67567256400073,175.93204324358416,15615702
2020-10-27,168.3562774658203,169.27309003450952,165.0750488855272,166.86041762965172,15437539
2020-10-28,164.49598693847656,170.91370379815345,163.33790723264823,168.35626244175924,14425414
2020-10-29,162.03504943847656,164.54423426776984,159.52587933496486,162.61409662240013,12266096
2020-10-30,164.68899536132812,165.9435878267139,161.06998712989738,162.32457959528315,12957793
2020-11-02,164.78550720214844,166.47437770055993,161.7937878575067,165.50930884432478,11083051
2020-11-03,173.4711151123047,174.0984039358893,165.84707755679122,166.42610999568907,22507173
2020-11-04,170.33465576171875,174.87047651106698,168.0184963612208,170.81719019730437,11618409
2020-11-05,180.80564880371094,181.38468125859717,171.8787622440689,172.65080551725057,23733769
2020-11-06,181.5776824951172,183.70084556167293,178.92374338770327,179.50279053781497,14037270
2020-11-09,187.89889526367188,188.91222046419165,182.6875295549723,183.21832034817612,14673743
2020-11-10,185.63099670410156,193.64105627130272,183.4595918206546,191.13188613034418,23544708
2020-11-11,196.9223175048828,200.97560405323685,185.3897467720746,185.77576845257187,42959437
2020-11-12,201.31336975097656,204.0155507738497,197.11531432665657,197.88737235852696,40805593
2020-11-13,203.1952667236328,203.67780118997922,197.1635858943026,198.80420013472377,15133046
2020-11-14,201.98892211914062,205.07713962958252,199.817517111298,204.59460518339526,1794824
2020-11-17,206.09043884277344,208.4548543848529,202.76095453039378,202.95396533929764,22284208
2020-11-18,211.68785095214844,212.55640699735284,203.19524241527043,205.02886727771593,16606283
2020-11-19,206.37997436523438,219.31189074550366,205.27013637967812,209.85421330395158,28576299
2020-11-20,208.02061462402344,212.31516849617574,204.691129699581,207.05554567631353,17773062
2020-11-23,210.43325805664062,214.19702054484117,208.0205860191322,209.4199328557308,22567883
2020-11-24,218.10556030273438,219.31189636635568,210.964056696409,212.31514719735205,18538052
2020-11-25,215.64462280273438,221.965826457887,214.2452759723953,218.10555121514113,18591189
2020-11-26,221.8693389892578,223.17218792257853,212.65294257675725,216.3684490861606,16363181
2020-11-27,218.44334411621094,222.5448868043491,212.84594173783069,221.96583959335786,42583153
2020-12-01,221.29029846191406,223.4134470655446,214.727827093234,222.7379017906325,16869243
2020-12-02,223.751220703125,228.62480665726184,220.56649052535144,221.33854855720293,20100114
2020-12-03,233.5466766357422,234.65649999390465,224.95756921176567,226.4051725793426,28072333
2020-12-04,243.87290954589844,247.0093834896892,234.51174410497177,236.0076038540901,41978766
2020-12-07,242.47354125976562,245.07922413113215,239.81960200219604,243.48686646690302,17202162
2020-12-08,237.11740112304688,244.16240630547574,235.9110651235139,243.0525830762179,14240101
2020-12-09,232.5815887451172,239.38532696269291,231.56826352534517,237.88946732643728,14737004
2020-12-10,234.22219848632812,236.92439411384188,229.6863780003844,231.4235048127705,19673032
2020-12-11,235.13900756835938,239.33706274471837,232.53332474976267,235.7180547395059,12610389
2020-12-14,237.74472045898438,239.48183263299066,235.52505912735361,237.35868407804125,10448747
2020-12-15,236.00758361816406,237.4069304664073,234.12570235840374,237.02090882750625,15446054
2020-12-16,242.66656494140625,243.34211020671145,237.3104297561606,239.33708027785863,19222530
2020-12-17,237.26217651367188,245.99603759919015,235.91107132321935,243.1008311242254,13711470
2020-12-18,241.1707000732422,242.61830335033437,236.63487941684315,238.0824826939353,18866376
2020-12-21,224.18548583984375,241.02593350386655,220.66297587408823,237.406925493298,16278713
2020-12-22,223.79945373535156,230.89271546114773,219.0706224020085,225.72959137766,18337596
2020-12-23,227.9492645263672,229.58987866292787,219.55316828861825,223.26868933458474,13095413
2020-12-24,228.67306518554688,236.1040925193793,227.85276548372525,229.5898776644215,14541771
2020-12-28,231.52001953125,232.72635563703136,229.39687093023127,230.79621786778117,8213627
2020-12-29,227.37022399902344,233.54665866853986,226.11563156515177,233.4501458944798,9405315
2020-12-30,229.10733032226562,230.79620074506263,224.523253460388,228.14226150923875,8480116
2020-12-31,232.14730834960938,233.4501424253689,226.5016498439733,228.14226389814175,10380624
2021-01-01,230.02415466308594,231.61651229480017,229.30035306216467,230.65144349357183,5091899
2021-01-04,245.41702270507812,248.98777466795033,231.18225651766622,232.48509068918008,24902369
2021-01-05,241.55674743652344,243.92116328483016,238.3720171369062,242.32880549791287,12297457
2021-01-06,250.0010528564453,250.91787996772123,239.09578754616513,241.99099385348498,18029077
2021-01-07,263.3673095703125,265.77998193620317,251.88299499898628,252.3172878054734,32739259
2021-01-08,258.8314514160156,264.86313112414837,255.8879740475102,264.38059674749775,20606695
2021-01-11,255.45372009277344,259.9895257277186,248.98774742929479,258.25241368906933,13163440
2021-01-12,255.11595153808594,261.05111896244625,251.35218898494745,251.35218898494745,13136084
2021-01-13,253.475341796875,259.0244879960044,249.8080917415549,256.2257940641479,13300126
2021-01-14,252.2689666748047,255.83973284904403,250.48358358768502,253.52357372728173,7601547
2021-01-15,244.5001983642578,254.10261572436644,242.32879345773966,252.84803800344818,17738049
2021-01-18,234.656494140625,245.3687646838001,232.19558025775572,243.4868832980484,17989695
2021-01-19,242.76307678222656,243.82464370195805,234.84951500679475,237.88947605182977,10254337
2021-01-20,243.2938690185547,244.78971399258478,239.91612795965406,242.81133458156887,11090894
2021-01-21,240.20562744140625,245.65827520144026,237.84121173785746,244.01766112504612,8781513
2021-01-22,230.84446716308594,241.074202916055,227.32197173276714,238.61327439073128,16005359
2021-01-25,231.90603637695312,235.38027523334648,225.44007834003267,232.29205800795864,8297942
2021-01-27,223.31690979003906,231.6647635720722,221.72455219343448,231.6165071879185,14139166
2021-01-28,221.0490264892578,223.99248947287535,216.7062165964464,217.1404946405711,13756664
2021-01-29,218.3950958251953,226.11564705383125,217.1405033053854,222.06236060395395,14992241
2021-02-01,232.72634887695312,235.42854462056837,218.63635240617282,219.4084104366032,12417894
2021-02-02,246.4303436279297,248.40872304511896,235.38029320584806,235.66981681409945,18251184
2021-02-03,248.26394653320312,254.19911370869903,243.7281261597741,245.127472961841,15670948
2021-02-04,252.70327758789062,258.0593977832881,249.90458388712833,250.86965271163695,21296401
2021-02-05,252.8962860107422,256.70831983401604,246.96111834098295,254.77818209090313,12833374
2021-02-08,269.20599365234375,270.75008040116285,254.34390835664163,254.7782011619763,27556901
2021-02-09,268.3373718261719,275.9131679028299,266.0212125639712,268.81990623294547,22066741
2021-02-10,269.6402587890625,273.45229292288735,265.10445239417214,271.18437499965864,16789592
2021-02-11,285.08135986328125,286.9632560827012,270.074549580711,270.9913474055932,47356292
2021-02-12,280.64202880859375,286.8667350933483,276.4922442531347,286.62546786450616,15454237
2021-02-15,281.22100830078125,285.70857178585925,278.90484935218217,282.2825897422605,8041775
2021-02-16,292.1263732910156,296.6139378698908,282.76519300477054,283.2959691291018,27519511
2021-02-17,293.2844543457031,297.7237775018464,290.48576022060223,292.12638925164464,18221106
2021-02-18,299.0748291015625,301.6805267630466,294.3459976525394,295.3593081589144,16202053
2021-02-19,297.2412414550781,302.40436631222497,291.69209490193947,297.2412414550781,17410357
2021-02-22,305.0582580566406,316.54257105522174,299.17133239975226,299.17133239975226,45975603
2021-02-23,321.4161682128906,326.3380252305625,305.58904498777434,310.7039275557721,50677230
2021-02-24,321.1748962402344,325.7107315415871,316.5425776167128,322.5260161693614,14777374
2021-02-25,338.4496765136719,342.21343935007354,325.2282207443295,325.80726797721417,35967464
2021-02-26,328.36468505859375,337.43632660266957,323.0568062406003,331.0186244675904,20379210
2021-03-01,332.0802001953125,334.8788939954515,322.9120460369356,330.05354970156895,14556212
2021-03-02,333.19000244140625,337.0985192918825,326.91705525568824,332.2249336436035,12878208
2021-03-03,346.7975158691406,348.6793825573462,338.2566501950161,338.4496757560675,20104887
2021-03-04,337.2433166503906,345.2051345504495,334.8788862206568,339.70423040251063,13623173
2021-03-05,326.04852294921875,335.4579444123661,321.51268748892187,333.19002668221765,15127687
2021-03-08,324.8421630859375,331.8871535261327,323.008538261242,328.1716327659356,10555735
2021-03-09,321.60919189453125,332.3697036024901,316.9768732292641,328.0751649225487,13883599
2021-03-10,328.461181640625,330.3913192974507,318.9070061296505,324.0701008004085,10886045
2021-03-12,318.6657409667969,332.9487479383076,316.0118016716365,329.6192486782991,15035151
2021-03-15,322.13995361328125,324.1666039833038,313.64735995512143,320.30632878385615,14049436
2021-03-16,322.2364501953125,324.9869020270563,314.9019217945159,324.2631004635217,13294567
2021-03-17,314.99847412109375,321.89871066975616,313.6473835897891,321.3196929074576,11028678
2021-03-18,320.2098388671875,328.60594980584824,317.84543780971416,317.84543780971416,23744146
2021-03-19,323.39459228515625,327.8339150880813,309.401093321488,318.47273503520813,16753538
2021-03-22,327.8821716308594,330.68086566027966,319.5343312088639,323.39460696022053,8470164
2021-03-23,320.1133117675781,330.4878006878668,318.7621919748502,329.9569952117064,13880498
2021-03-24,306.650634765625,316.83209960742977,305.73380755454326,316.83209960742977,20388678
2021-03-25,303.0316162109375,308.7255164850978,294.73201828427426,307.90520207956433,20856373
2021-03-26,315.7222900390625,317.0251389662232,306.9884281282298,306.9884281282298,13857627
2021-03-30,314.9019775390625,321.27143831601364,313.59915805532137,319.0035204584884,9159261
2021-03-31,315.4327697753906,324.26314414987326,309.690598150444,311.8137614701465,10387652
2021-04-01,338.015380859375,339.70425142755175,316.9768907049994,318.2314684893045,25631843
2021-04-05,338.4013977050781,340.5728026903615,326.19328223368655,337.67759604331695,14771653
2021-04-06,338.2083740234375,345.7841405709221,336.3264780756745,340.37977883167355,11185963
2021-04-07,339.8972473144531,348.1003322151843,336.8090153359056,338.1601057821841,12542475
2021-04-08,352.4431457519531,360.93573960919116,342.26165200380404,343.46798803190967,28768469
2021-04-09,348.4380798339844,357.0754574086844,342.3099164910584,354.1802509972626,16371164
2021-04-12,324.4561767578125,341.634391439393,320.016853916592,339.80076641520094,16096812
2021-04-13,336.5195007324219,338.0635872437928,324.45614079007186,324.45614079007186,12942071
2021-04-15,341.2000732421875,353.98723524629514,337.5328234669178,341.63436599653727,21825520
2021-04-16,357.0754699707031,363.3484174161344,340.37979085810383,344.28830787040096,28438547
2021-04-19,348.7759094238281,353.2152324432091,341.48965069913726,346.1702409537937,15435944
2021-04-20,346.7975158691406,358.5230971396533,342.16516746799846,355.72440321380225,15526407
2021-04-22,343.4197692871094,352.8291909342044,342.3099459575086,348.1968426062339,12756931
2021-04-23,337.29156494140625,349.98221449881726,333.23826396835165,341.68261645257854,12805877
2021-04-26,336.1817321777344,345.73590768614565,333.431280127183,340.6692963383375,16472269
2021-04-27,353.4564514160156,357.0754594509919,337.8705960356971,337.8705960356971,41263319
2021-04-28,349.9339599609375,356.0138817452459,345.4946374994035,355.9656400848796,15197329
2021-04-29,359.1503601074219,364.12045870424697,351.86410220302,354.56628315326566,34391622
2021-04-30,351.67108154296875,363.8309548911831,348.6793622304738,356.01389134936215,19935239
2021-05-03,357.0272521972656,360.1637261298351,345.1568870276787,351.6711021183999,15890242
2021-05-04,349.8857116699219,371.0207437639749,347.1352889152614,359.00562439278394,29767756
2021-05-05,354.27679443359375,360.6462549803646,351.5745838780968,354.18028165454655,15192338
2021-05-06,372.4683532714844,375.02577996298436,354.95232919705904,357.07549255503955,31912131
2021-05-07,387.089111328125,390.804632192099,371.7927645722194,376.37684148777566,46343220
2021-05-10,410.8780517578125,412.5669221995651,392.4935024439308,393.55505458892475,39516234
2021-05-11,398.38043212890625,405.90798725743855,394.5684276258082,400.3588410547258,27497466
2021-05-12,384.8694152832031,403.060967563067,379.94758809714676,401.46860997630984,18242276
2021-05-14,369.4283447265625,389.55003617898313,355.29009193654537,388.9227473155612,41384078
2021-05-17,379.22381591796875,381.5399752647844,364.0722232111279,371.0689723649534,20821967
2021-05-18,388.0541687011719,398.38038714581813,382.64977755410536,386.9925871354256,30540086
2021-05-19,389.2122497558594,392.252240150336,380.4301469100138,386.0275343778674,16113667
2021-05-20,371.7445373535156,379.46508824807205,366.19539139805323,376.3768561096237,30689219
2021-05-21,376.1838073730469,378.2104577482817,369.959131268866,375.1222552517186,22406993
2021-05-24,375.7012939453125,379.9476204739261,366.19538927280973,379.17554771801264,23694105
2021-05-25,377.5349426269531,385.54500223187085,375.94255547700976,380.2371236028964,18155697
2021-05-26,367.69122314453125,375.89430817531473,366.967421524168,375.65304096852697,15340621
2021-05-27,372.371826171875,374.8810111025716,366.72616744069876,368.7045468265294,17374666
2021-05-28,374.2054748535156,384.9177457879914,371.3585097503414,379.2720866987276,14862168
2021-05-31,380.4783935546875,381.5882168402476,374.4467132510304,377.87269588288206,13703439
2021-06-01,380.9127197265625,382.9393409250925,372.99914269344873,382.167297559135,11399189
2021-06-02,384.8694152832031,388.6332070629804,375.41175307880894,375.41175307880894,9587386
2021-06-03,385.2555236816406,391.33544608181677,384.0974291999089,388.92277378784746,12441261
2021-06-04,381.25042724609375,386.0275297068412,378.5964879793592,386.0275297068412,10040657
2021-06-07,381.2021789550781,387.37861343264535,380.4783773494672,382.312002193369,6176784
2021-06-08,374.2054748535156,381.68475900597144,367.7877724065603,381.20222454452266,17334691
2021-06-09,369.7661437988281,377.29369890308425,368.94582934206386,374.4467338624215,11807015
2021-06-10,371.93756103515625,376.32864235298484,370.8277376520801,372.6613627351928,5796380
2021-06-11,379.4168395996094,381.2022229900024,369.76615040998905,374.8327622345397,9630564
2021-06-14,381.0091857910156,383.61488357327147,368.02902689828056,379.22383190670666,11601461
2021-06-15,377.19720458984375,382.5050838091028,376.37689009291756,377.34195904187374,7929361
2021-06-16,366.9674377441406,377.6797080893121,363.83096391726764,373.77116149565467,17978012
2021-06-17,356.3516540527344,367.0156525017173,352.2983533160593,362.86586844638623,14321673
2021-06-18,358.3783264160156,360.30846413259405,347.23176343183655,355.8691414941508,22723111
2021-06-21,354.75933837890625,357.02725621521563,347.8108304233129,354.08377835904696,13172227
2021-06-22,354.71099853515625,358.86081172876374,353.4564209717169,358.04049742117945,9787216
2021-06-23,355.2418518066406,363.8309587352773,354.51805016459434,355.19358069289905,14295574
2021-06-24,356.15863037109375,359.4398878662711,353.3116950699474,356.11038871151396,9066954
2021-06-25,362.7694091796875,367.06397774951745,358.5713533943103,358.5713533943103,12815999
2021-06-28,368.9458312988281,371.50328746316876,361.17703837950774,365.664602905934,14518487
2021-06-29,361.177001953125,370.1038884409444,359.68115707903445,370.00737566968246,9106037
2021-06-30,359.0538635253906,366.1471256541103,357.9923113230714,363.3966734672723,10110801
2021-07-01,366.1470947265625,367.4981851484894,359.0055915378953,359.2951003956074,8232292
2021-07-02,362.91412353515625,367.3052044043042,361.12876975208,364.7960195435859,5070326
2021-07-05,375.9425354003906,377.34189692665143,364.313468260386,365.76107144552657,12836172
2021-07-06,371.8892517089844,377.3418843002486,370.5864029956406,375.79776839745455,6153733
2021-07-07,379.8993835449219,381.2022325083651,366.9192239317164,369.52489240703596,10577866
2021-07-08,369.7178955078125,379.17555879440516,367.88427051774636,378.78953713095416,12333337
2021-07-09,376.4250793457031,377.72792813569663,368.75279994074214,369.62135598355013,7375406
2021-07-12,374.7845153808594,379.27207990159565,373.0956447960558,379.27207990159565,5679273
2021-07-13,378.5482177734375,381.15391518309514,376.3768130825765,376.8593474583234,5467940
2021-07-14,377.9692077636719,380.62314709100104,377.34191890388865,378.54825496176556,3341557
2021-07-15,387.4269104003906,388.8262425936906,376.3768600366378,378.1139722254118,10347950
2021-07-16,391.3353576660156,391.81789201578874,385.4001910541179,388.9226859171499,9287112
2021-07-19,383.0840759277344,390.8046264080893,382.3602743202011,384.09738639765584,5708367
2021-07-20,369.6213684082031,382.6015561812317,367.88425626419485,382.6015561812317,9214553
2021-07-22,379.7546081542969,381.3952370476607,375.41179814999106,376.56989259843203,7381389
2021-07-23,378.06573486328125,382.6980537204185,377.14890764393124,380.3336526283325,5217004
2021-07-26,386.0757751464844,388.3919639086477,376.5698706956566,379.27205164942916,7083799
2021-07-27,402.7714538574219,405.03937133925854,389.4534872660439,389.8877799897263,28240273
2021-07-28,401.75811767578125,404.7498367568571,393.3137659276584,404.36381513868383,12775129
2021-07-29,442.0980529785156,457.44264204280313,402.2406911802188,405.81145776160065,61414603
2021-07-30,429.2626037597656,443.5938817741224,426.7051772508381,442.09803686839973,12987115
2021-08-02,430.2276916503906,436.4523976596618,427.2360017064021,432.3508549508645,7683565
2021-08-03,433.1228942871094,435.101303128812,424.82332561979024,432.1095837607585,8879300
2021-08-04,427.2359619140625,439.58883055292716,425.59533320272425,430.42067711658734,8621637
2021-08-05,427.62200927734375,430.131194153904,417.778295319901,429.45563418467344,11790679
2021-08-06,426.7051696777344,439.92662419336403,423.9547176710157,429.1661128212459,18059875
2021-08-09,419.5154724121094,429.4556705337242,413.821542207825,426.5122221005802,13778833
2021-08-10,412.0361633300781,424.4372746731724,408.46539675209203,421.2525592020985,10417993
2021-08-11,421.39727783203125,428.97307366215904,414.06274919743896,414.3040163929745,19239106
2021-08-12,424.8955993652344,431.74639133507094,421.591671533365,424.5554826056351,8349354
2021-08-13,429.5599670410156,436.8966613203886,423.19504764691203,425.04135765277096,13343808
2021-08-16,429.2684631347656,434.3701256847543,423.8752888726164,430.0944525263023,8288547
2021-08-17,424.2640075683594,431.30916105409096,416.87873729363326,427.6651161476781,8413999
2021-08-18,414.88665771484375,427.22780493472465,412.4086894662764,426.40181551853556,12169397
2021-08-20,392.2449645996094,404.2460243794362,389.76702607190816,404.2460243794362,23309477
2021-08-23,395.35455322265625,404.00307984879004,388.21221984267373,399.38729000084834,15943020
2021-08-24,408.9589538574219,411.77700887203304,400.8934512886901,403.2742387773303,15050015
2021-08-25,418.5306701660156,422.66058727256666,411.72845375522564,411.72845375522564,17974391
2021-08-26,412.1171875,420.085481163698,408.9104102180654,419.30809678612707,7695674
2021-08-27,425.5272216796875,426.5961473421308,414.9352048179723,414.9352048179723,15558923
2021-08-30,435.39044189453125,439.7147200644721,428.1995330665281,428.49107443102827,11735730
2021-08-31,455.0682678222656,457.8377475886907,432.23225549558794,435.3418520149618,20847646
2021-09-01,445.156494140625,460.60723730917437,442.19265340694693,460.60723730917437,10038500
2021-09-02,444.0390319824219,451.86156987840656,442.8243503429638,447.05141872402714,5360608
2021-09-03,448.2660827636719,451.37567950072105,437.2853730362206,444.3305262684708,8516918
2021-09-06,455.9914245605469,461.57895933140065,448.6547603322452,453.7564225143291,12183840
2021-09-07,449.2378234863281,459.05245657944846,447.8773860483924,456.72027387794265,5684070
2021-09-08,443.4073181152344,452.68750246832326,442.33842213101167,451.71575727880463,6689343
2021-09-09,450.45245361328125,453.46486951732055,443.11578957347547,445.3022161667656,6926659
2021-09-13,464.8343505859375,466.92359696178005,455.3112292542999,462.5507432961651,16632808
2021-09-14,464.4456481933594,469.79024700039315,459.8298583145575,469.45013023615604,15253798
2021-09-15,473.0455627441406,473.82297671580903,460.9473525097018,464.6885775497083,12415050
2021-09-16,469.6444396972656,474.2116539643743,466.87498962274617,469.3529280016246,8011765
2021-09-17,459.68408203125,471.7337469441219,456.81745131585353,470.32470445913407,12113274
2021-09-20,431.84356689453125,450.88977900782027,429.90007646777343,448.9462885810624,18031539
2021-09-21,438.2571105957031,439.666153079477,426.40180660659934,432.42663905784457,18750888
2021-09-22,449.91802978515625,451.2784671407016,439.4231934363091,440.1033972864267,13613171
2021-09-23,469.59588623046875,471.1020794871383,454.7767713520111,460.1213701606352,12757667
2021-09-24,465.2230224609375,471.92805852461265,460.21854052636235,467.4094491983518,9226843
2021-09-27,467.79815673828125,476.10659640687925,458.9552690450855,461.4818126224717,6825039
2021-09-28,464.63995361328125,473.1427239698911,461.6275376130204,467.3122528682158,6148679
2021-09-29,480.1878967285156,482.8601960957398,460.0241833212785,461.5789816114529,9508220
2021-09-30,474.1631164550781,489.7596161796258,471.87950913905115,481.25684506539625,14333358
2021-10-01,470.664794921875,472.26816857548283,460.0727781420877,469.45011341833725,8072310
2021-10-04,491.4115905761719,495.0556353066003,467.40947075629157,472.26819706352956,10303925
2021-10-05,481.3053894042969,491.8974358901118,480.23649340031363,481.9856229116592,8162109
2021-10-06,462.45355224609375,484.4150005280779,460.6072422272997,483.9291279096946,11231113
2021-10-07,464.00836181640625,471.8795043562914,459.635508144838,471.29645126901994,9774465
2021-10-08,460.26715087890625,476.8840012762424,459.2954055884809,467.360909292199,7086881
2021-10-11,473.7257995605469,476.15516263521636,462.79366572453426,464.98009249173674,5565678
2021-10-12,484.56072998046875,485.3867193177771,473.67720171487747,478.87601472406345,8685800
2021-10-13,493.6951599121094,497.5335654923881,481.01389632564866,485.82404715102973,8901206
2021-10-14,501.5176696777344,508.5628223170763,493.98667409788555,496.9504850702434,8876529
2021-10-18,527.4633178710938,536.2576006554052,511.62388191698517,520.3210138990663,23481789
2021-10-19,518.6690673828125,532.2249265329759,511.1866165158201,532.2249265329759,11017925
2021-10-20,498.4567565917969,515.9967471516828,496.0759687776537,515.9967471516828,9440844
2021-10-21,479.7991943359375,506.0848902343949,477.7099480790051,501.6148860215386,14173662
2021-10-22,457.15753173828125,478.0986285026453,451.3756360558511,475.183392962995,19392383
2021-10-25,459.87841796875,464.49420768951404,446.37116555905004,460.16992966793737,9196105
2021-10-26,472.3167724609375,474.21168758287087,459.1982114314933,461.62757458509407,8120433
2021-10-27,466.2919616699219,473.92016777301717,462.2106197794484,469.35295326012124,8972879
2021-10-28,455.5541687011719,463.6682476008852,440.63790259682384,442.9700853034575,12659503
2021-10-29,446.8084716796875,460.8016275548775,443.74747995273196,456.18583743564386,8306338
2021-11-01,464.63995361328125,467.5066137670621,450.25813675793927,450.6954042973792,7466267
2021-11-02,455.1654357910156,467.40943097420853,453.95075431758994,466.437685795468,5953912
2021-11-03,464.7857360839844,466.8750120726786,456.5745066052819,457.692007699388,6928590
2021-11-04,459.2467956542969,468.38119476639685,456.7202521581048,468.38119476639685,1615558
2021-11-08,456.5259094238281,467.8467653809029,446.2254334340905,466.43772289752525,13018619
2021-11-09,451.4728088378906,462.7450586641724,449.23777716892886,457.4004602655767,8628327
2021-11-10,437.0424499511719,450.88982051660645,435.827768322625,450.5497037295507,14672997
2021-11-11,441.1237487792969,443.40732629253154,433.98141557355433,436.36217353859496,7789754
2021-11-12,455.31121826171875,457.20613333319443,445.9824877245465,447.48868097754735,17010073
2021-11-15,443.0186462402344,460.2185487437976,442.28983731474966,460.2185487437976,8882843
2021-11-16,433.00970458984375,446.90565029239684,430.5317363218359,444.087594899154,8937525
2021-11-17,432.8153381347656,436.5079879608451,427.0820469621272,429.5114101416615,7474301
2021-11-18,427.85943603515625,441.1723582679212,423.9724549050424,435.4390670320658,9688141
2021-11-22,429.6571350097656,435.0503386725018,420.66849189384874,430.094432212664,10007050
2021-11-23,437.479736328125,440.5893034267438,424.7012621891085,426.8391136643503,9020906
2021-11-24,439.3260192871094,443.99038447455166,431.6492379907599,441.0751488185726,7761523
2021-11-25,434.4186706542969,445.8366765139724,431.11474297489946,438.74294856540416,8633424
2021-11-26,405.2177429199219,430.19160608430474,402.9827408522716,429.3170116918845,14826141
2021-11-29,408.27874755859375,421.2515521546253,395.5974843212535,402.30252039680477,19069247
2021-11-30,401.0878601074219,417.8504660113662,398.4155606154887,407.11269264226877,14850682
2021-12-01,412.8945617675781,414.06066796069473,404.34321520243066,407.64714320917795,8183556
2021-12-02,419.89111328125,421.640242805912,409.104735465006,415.90695196917477,7775405
2021-12-03,412.651611328125,421.5430743666178,412.019982851514,415.71260291117187,5938378
2021-12-06,409.44488525390625,420.27983934289756,406.38389351114193,412.943174240771,8160853
2021-12-07,429.9972839355469,431.8435940259026,413.1861025500222,415.3239243605821,18303734
2021-12-08,444.5248718261719,445.49661706601023,427.6650859839145,433.3983769678984,13700443
2021-12-09,442.7757263183594,445.73956718487216,439.42322293024415,444.5248855974437,5586232
2021-12-10,442.24127197265625,447.9259876517813,440.6378982311881,442.5327836873553,5308752
2021-12-13,445.30224609375,456.23437979490586,444.5248617815698,447.0028002250409,9401208
2021-12-14,448.65478515625,451.27847948759046,441.8525685371058,442.0468997901805,8027659
2021-12-15,445.3994140625,450.7440126110391,443.16438233083414,448.5575859320913,3651118
2021-12-16,437.771240234375,450.8898012624861,435.87632511263416,450.8898012624861,8879417
2021-12-17,437.43109130859375,444.0875517905646,432.18367321412165,436.7994628662118,14337902
2021-12-20,420.86285400390625,432.66955230762846,414.64369062611075,432.2322551034753,5952052
2021-12-21,432.8639221191406,436.99383932329897,424.99277986956497,425.6244083344329,5029410
2021-12-22,450.2581787109375,451.5214357052145,434.7102543244521,438.1113627839958,7765878
2021-12-23,448.2660827636719,455.21408519283057,446.3225922168442,451.9101275389737,6986665
2021-12-24,445.9338684082031,451.2784670328838,440.05482178317845,450.88977488215085,3122116
2021-12-27,440.0062561035156,445.64239658707595,438.3543069012493,443.99041772949676,6146709
2021-12-28,445.2050476074219,446.1767927859409,440.0062049712833,443.6988544428412,2889804
2021-12-29,441.4152526855469,444.71918040144334,437.7712082219898,444.0875519588221,3050356
2021-12-30,436.9452209472656,443.11580886582317,435.7305394536641,441.1723184760608,3843627
2021-12-31,462.1134338378906,463.8625930510332,442.629953772173,442.629953772173,18257598
2022-01-03,464.54278564453125,466.38912526724755,458.76091943988337,462.1134226202312,5549693
2022-01-04,462.6479187011719,467.8953371115475,458.66375725161043,465.46597399051143,5063834
2022-01-05,461.9190979003906,465.854654193259,458.66374547075424,459.82985160102453,4489031
2022-01-06,465.5631408691406,471.9766652526998,460.1213617056568,461.0931069257321,12132277
2022-01-07,479.5562744140625,481.2568285786514,466.48628911552635,467.5066394074664,9300149
2022-01-10,478.97320556640625,483.24887853692434,476.20372580136615,482.95736683757707,4746931
2022-01-11,472.6083068847656,483.15174874745674,471.9766784051773,478.0014811443498,5346073
2022-01-12,483.8805847167969,486.6986401599255,477.126943009627,480.0421789139628,9296587
2022-01-13,493.1606750488281,494.61829280759315,485.04659692730775,488.01043749664876,9366574
2022-01-14,492.0431823730469,495.10417378728414,488.7878300588889,491.70306562584057,5461072
2022-01-17,491.6545104980469,494.6183215845134,481.98563360691287,494.6183215845134,6721706
2022-01-18,481.9856262207031,497.87363674788315,479.84777488743873,494.42395309975836,6194537
2022-01-19,490.5369873046875,491.94602977059947,476.4466812668135,481.2082566866201,5799747
2022-01-20,489.1765441894531,493.64657819074654,484.0263063184851,489.6138414062741,4243563
2022-01-21,492.3833312988281,501.2261893722382,485.14381730565265,486.8443714975102,14173177
2022-01-24,464.8829345703125,486.3585111223624,462.06487919816846,484.85231780518734,11020372
2022-01-25,472.0252380371094,472.7540469481291,461.23886022295534,462.1134249851169,5498495
2022-01-27,475.3291931152344,478.92466247806726,464.9315365144825,468.9642734558357,6746500
2022-01-28,476.4952697753906,492.28612944189484,474.6489598069845,479.11896404986976,6616401
2022-01-31,475.23199462890625,485.62968049052773,474.3574298497304,484.8036911109073,4846015
2022-02-01,496.5617980957031,498.1652014028434,473.92014675698596,478.87602356167736,9809417
2022-02-02,499.4284973144531,503.7527756621562,493.30648427202027,500.44881799386906,7283452
2022-02-03,498.1652526855469,501.90644837317774,494.61835860977243,498.50533981692195,5078613
2022-02-04,510.31201171875,513.567334390354,497.58211410680843,498.50528390208433,12631663
2022-02-07,507.83404541015625,518.1831560771561,504.77308345008294,512.9357079875684,10939353
2022-02-08,511.9154357910156,518.0374196012793,499.52568264451304,511.13805137728247,9863290
2022-02-09,526.9774169921875,529.0181175252575,517.0656039603897,520.8554340142191,9235351
2022-02-10,531.78759765625,537.8610055783178,525.7141897341822,532.2248948887637,10906403
2022-02-11,527.3662109375,538.2011359549376,524.2566139693465,532.273513070824,9110193
2022-02-14,506.5221862792969,518.8633622004081,505.01599307910357,515.9967019938737,4995178
2022-02-15,518.7661743164062,521.1955374242111,499.18554325387254,511.57529510367743,8233217
2022-02-16,514.3447265625,522.7989217314336,511.3323401429426,521.6813910183542,4348474
2022-02-17,517.5028686523438,525.4711907580473,513.3729517578053,518.7175500919138,5340469
2022-02-18,514.6361694335938,522.6044909329789,513.0814010334949,515.9966362666397,3344269
2022-02-21,497.5335693359375,514.0532386302948,496.75618499597476,513.5673660039902,6308263
2022-02-22,501.6148986816406,504.5787097656602,487.3788073636183,487.7189241245659,10664925
2022-02-23,504.04425048828125,508.4656793158603,501.08043947049447,505.113146491214,8928934
2022-02-24,503.02392578125,512.4984414676322,490.82850574559245,490.82850574559245,24819208
2022-02-25,518.8148193359375,531.447507747535,508.31992305318806,510.16626277605576,13815949
2022-02-28,557.538818359375,563.6608013655106,516.774094636378,521.8271816278595,35212827
2022-03-02,583.1443481445312,596.8945682726206,558.9965004457875,558.9965004457875,41248362
2022-03-03,589.1691284179688,596.554427844238,580.034758728682,596.554427844238,18676314
2022-03-04,567.3048706054688,600.5385703408235,564.1952739131002,590.6267568322968,20490598
2022-03-07,602.2391357421875,605.3973078941232,570.1715415840719,570.1715415840719,20963374
2022-03-08,573.2811889648438,600.5386345444183,570.7546154337805,600.5386345444183,19477245
2022-03-09,571.434814453125,582.0268619965002,568.5681539427045,574.5929866927722,15686460
2022-03-10,577.0223388671875,579.6460630010693,553.7004520071276,557.2959214268453,14824703
2022-03-11,572.455078125,585.9623602361172,569.199755403492,578.1883985746099,7635725
2022-03-14,574.1071166992188,576.779416298988,561.9117249333061,569.3456002714604,7904911
2022-03-15,543.9343872070312,565.4585675666273,540.2417672310372,563.6122279233196,13005715
2022-03-16,556.5184936523438,559.1422175815774,547.3840649537144,552.6315128121817,10485661
2022-03-17,560.502685546875,567.8879855235224,557.636025006947,558.8021312464837,11581454
2022-03-21,573.2811889648438,583.970387961589,566.0902495518721,567.4992921908419,14159371
2022-03-22,576.6821899414062,585.8165590630056,570.6087825557873,582.8527481209474,7490300
2022-03-23,591.2583618164062,594.5136844186391,580.6177403199669,584.0188484222596,13581577
2022-03-24,604.3770141601562,608.5069317737372,592.7646457139622,592.9590066402562,12139664
2022-03-25,605.1057739257812,613.1226721705623,599.2267270750664,603.5023705525759,11087146
2022-03-28,612.3939208984375,616.8639257072979,599.5668706369477,603.9397246367308,7075442
2022-03-29,613.4627075195312,618.0299216327141,606.8548522950157,612.199450673915,5245788
2022-03-30,582.852783203125,604.4255393974412,581.9296133628211,604.4255393974412,11195965
2022-03-31,553.4088745117188,583.3386138962342,552.0970422559998,583.0471022072542,23497993
2022-04-01,554.380615234375,560.6969587909455,545.5863333754274,553.7975918610925,15300787
2022-04-04,570.9002685546875,572.9895443255597,552.9715588971021,555.8382189162234,15845385
2022-04-05,570.2686767578125,574.2528678728163,565.6043114156876,574.2528678728163,7065571
2022-04-06,564.8269653320312,572.795288791099,559.7738778230645,566.4789442325472,9648592
2022-04-07,558.5105590820312,568.3737966813254,552.9230241281875,564.9726884485509,9357569
2022-04-08,565.3128051757812,568.0336800424785,561.9602721656437,563.0292275383409,7157576
2022-04-11,560.0653686523438,570.8517768515065,558.3162390096924,566.9162203278846,8297062
2022-04-12,527.0260009765625,554.6721645907622,523.3819563695228,554.4778036829291,16701775
2022-04-13,531.3016967773438,536.3062083633266,528.192100224433,531.5446330813114,7396320
2022-04-18,529.9412231445312,539.9502461917227,522.2158962231608,529.5525606494008,7550655
2022-04-19,525.5198364257812,540.4847374866322,522.4102396625443,536.4033954417978,8143101
2022-04-20,529.6011352539062,533.4881160631093,521.4384518303319,529.5525598559153,4725779
2022-04-21,524.9853515625,531.8847188536959,516.4340055463272,529.6011413263535,8575442
2022-04-22,499.6228332519531,514.8791858998962,498.79681422086827,514.0532261794333,23871439
2022-04-25,481.4997863769531,494.1324750205463,478.3416142160549,488.4477591998669,10749312
2022-04-26,479.5076904296875,486.747174521856,475.9122212553736,483.929119316337,11623406
2022-04-27,478.3901672363281,483.5404347740238,462.9880289887906,475.1834198235696,17623544
2022-04-28,474.7947082519531,487.81608793509486,466.43769364311856,487.81608793509486,25042778
2022-04-29,469.0128173828125,483.73475131128674,465.7088896160248,479.0703861882112,12462169
2022-05-02,470.71337890625,472.2681771902017,456.2343810510282,464.34845957373267,14625673
2022-05-04,448.6061706542969,469.35293683684256,446.0310517766268,469.35293683684256,10366562
2022-05-05,448.5576171875,462.45356251984464,447.1971797568661,456.72027142661545,6328868
2022-05-06,431.2119445800781,441.4152694659166,426.59615475077027,437.28535225022006,8595262
2022-05-09,431.55206298828125,435.8763114727452,417.3645766856014,421.5916743712209,10773327
2022-05-10,411.0482177734375,429.8028881879739,408.42449388297246,422.70916012162013,9661841
2022-05-11,410.6109313964844,417.7532647040718,402.25394621758767,411.04822860819183,14197501
2022-05-12,394.3828125,410.07649223134587,383.4506785246383,404.24602077781964,23831422
2022-05-13,377.0371398925781,402.73981245098753,374.07332887668065,399.3872796284784,17007818
2022-05-16,379.9038391113281,389.4755066478644,374.1219426805041,384.6167801195462,13900633
2022-05-17,416.2956237792969,424.9441498380161,386.8031520179144,387.72632178905957,37772554
2022-05-18,423.778076171875,426.0130782092098,411.5340810524751,422.22327796292893,18052317
2022-05-19,405.2177429199219,413.9148742044278,402.1081464598514,410.17364930396127,10319381
2022-05-20,416.97589111328125,422.70918213531866,409.15332408747526,419.79394639645443,9703961
2022-05-23,401.4765625,408.81325726681604,388.066489297745,406.18953310948604,15828786
2022-05-24,389.4754638671875,403.76013015351526,388.69807957017116,402.69120450363533,12840838
2022-05-25,385.6371154785156,393.6054088817228,378.6891427444293,393.55683348045494,11103850
2022-05-26,396.3262939453125,398.9014128474924,381.5071793389196,395.01443196712705,13391224
2022-05-27,397.589599609375,414.8866844406176,394.62578818689036,411.14545895357116,20350558
2022-05-30,404.9748229980469,407.6471223699596,394.13986965753566,398.4155427215338,7161082
2022-05-31,410.6109313964844,416.3928273253196,400.3590311739362,403.1770863846324,39115757
2022-06-01,399.0471496582031,410.0764633110187,394.72290142832225,409.1047181372959,12551513
2022-06-02,398.318359375,402.6912128609168,394.91725110817583,396.47204938978615,7202046
2022-06-03,395.2573547363281,405.1205624514216,393.8483123533249,402.30250734072484,12229014
2022-06-06,397.589599609375,399.0958226783492,384.76257892490554,391.22467949963254,8810058
2022-06-07,392.7794189453125,401.3307647831689,390.8359285589533,396.4234634197359,7636671
2022-06-08,392.0992126464844,395.50032105853563,389.76702995214015,390.64159475560524,6911005
2022-06-09,388.4551696777344,390.9331082413212,382.2845813140175,387.72636072899564,8798828
2022-06-10,374.8507385253906,380.729785556535,371.93550271054636,378.9806559297533,14541630
2022-06-13,356.0960693359375,367.1253545278501,350.31417306401806,367.1253545278501,12269608
2022-06-14,348.17633056640625,359.15707029496235,347.25319032078005,353.5695347968768,11273145
2022-06-15,347.3988952636719,352.64631320512433,345.9898529172621,349.8282581676136,8393144
2022-06-16,326.6035461425781,353.4722932220742,322.9108968325716,350.21694108539344,16614475
2022-06-17,324.2713928222656,332.8713143227615,316.6431868895939,323.5911593039468,18606308
2022-06-20,312.41607666015625,325.1459445017875,300.2206864629178,321.64765590827903,20646347
2022-06-21,329.6645812988281,333.79449867692693,316.4002643567026,318.34375488757263,15208306
2022-06-22,307.5087890625,324.5629059406714,306.5370438351327,324.5629059406714,19176515
2022-06-23,308.6263122558594,318.3923406285081,302.3099678254086,308.0432591466013,18756690
2022-06-24,313.1934814453125,315.7686300757507,307.65455132707405,312.6104580209906,11621311
2022-06-27,320.6273498535156,328.44988707710337,317.1290611015139,322.13354309485135,15014176
2022-06-28,333.8430480957031,335.49502678049714,316.10869838174494,319.1697194538814,15742835
2022-06-29,334.4261169433594,335.8351593972837,325.58322936720856,329.8589321286432,12659696
2022-06-30,329.08148193359375,340.01361463247866,327.52668379646855,335.25206943247036,21225418
2022-07-01,331.5108947753906,333.2114490073598,320.9188772044735,325.5346672626756,11278576
2022-07-04,330.8792724609375,332.33689040129406,317.42059421391605,328.4499092270099,10905377
2022-07-05,335.4950256347656,346.8158511262816,332.0939174820598,332.0939174820598,20928565
2022-07-06,331.3165588378906,332.6283912169327,318.53808492231883,330.1990280626889,22317536
2022-07-07,351.4316711425781,354.2011510945444,331.6566489569918,338.0215982719055,18699515
2022-07-08,347.447509765625,357.602259709165,341.17977056119247,357.602259709165,25506273
2022-07-11,346.1356506347656,353.03501780126936,337.9729672651213,342.05430894994345,13745531
2022-07-12,337.098388671875,345.94127552218356,331.9481512074042,340.11080458641646,16896696
2022-07-13,339.04193115234375,341.9571670687961,334.28038508653424,336.2238756975025,13690887
2022-07-14,339.23626708984375,344.4836854219079,336.70972355060957,344.4836854219079,9511166
2022-07-15,340.6452941894531,341.95715624138177,334.8634275980823,334.8634275980823,10062417
2022-07-18,356.7276916503906,357.6994369124972,344.19218370027806,345.8441328526721,13863266
2022-07-19,357.5536804199219,360.8576083741605,353.035041234893,354.20114740947696,10868823
2022-07-20,358.9140625,365.57052243809335,357.0191476723716,364.4044164433517,10150339
2022-07-21,365.32763671875,368.7773204763648,360.371730038203,361.14911437207604,12521152
2022-07-22,370.4778747558594,371.20668368980535,366.10502115218367,368.0485116427062,9498042
2022-07-25,376.11395263671875,377.5715703779622,369.5546728011234,370.2349062758272,7734139
2022-07-26,371.1094970703125,378.3975862887213,370.2835076944973,376.45409583047893,5532712
2022-07-27,377.6687927246094,378.83489890909834,368.4372126725603,371.10951216131133,4744697
2022-07-28,381.3128356933594,384.08231562704566,374.99649147684886,382.8676340469475,7586494
2022-07-29,403.3228454589844,405.02339960983835,384.0337263864038,385.2969833220567,15509534
2022-08-01,412.0199890136719,415.9069700421027,407.01550687062945,408.13300798524097,15535311
2022-08-02,406.57818603515625,408.61885688765483,396.08334972989223,407.1612390866287,15535733
2022-08-03,402.54547119140625,410.5623695313679,398.0268616944902,405.21777063806013,6883530
2022-08-04,409.78497314453125,420.7656823222248,406.57819610962804,414.93521097364896,20678616
2022-08-05,399.1929016113281,414.4493125521596,397.4923475738926,410.99962908119954,12217436
2022-08-08,409.4934387207031,410.61093981704835,402.30252986670826,403.17709465274754,7643955
2022-08-10,427.66510009765625,431.84359290473463,404.8290862078245,411.09682541844205,23766201
2022-08-11,425.1153564453125,437.8639138473634,423.6443690527682,437.8639138473634,14865139
2022-08-12,427.8121643066406,434.137422030639,424.6250249736972,427.2237633674035,9420634
2022-08-16,420.60430908203125,426.3411657160015,414.1810096430896,425.60567204311593,11154059
2022-08-17,430.4599609375,433.84321402322183,418.34882527955216,422.6146947528945,12297570
2022-08-18,429.57733154296875,432.4702853318742,425.26244125754675,428.5476523583425,6755688
2022-08-19,419.08428955078125,433.45092625686397,416.87780859132886,433.45092625686397,8116871
2022-08-22,410.4054870605469,417.1720231556519,408.29707776003585,413.8377910144583,7407485
2022-08-23,419.6236877441406,423.4482491939319,405.8454503649834,407.02222238867165,8605014
2022-08-24,420.5552978515625,423.79145811605247,416.9759012130048,421.6830488572293,6538727
2022-08-25,424.3798828125,428.30251604473574,421.3888869438469,422.6147098289206,6818164
2022-08-26,431.53863525390625,436.8342135532486,427.56698145671317,427.7631250705087,11051127
2022-08-29,421.87921142578125,424.62504268701093,409.96418917296484,409.96418917296484,7716457
2022-08-30,430.50897216796875,433.05868960590715,424.96825903555236,425.6056809132083,8824878
2022-09-01,413.78875732421875,423.2521033772895,412.66097640368173,415.79909475007986,14093149
2022-09-02,406.8750915527344,416.97588922626767,405.257011467004,415.8971591933428,10102220
2022-09-05,420.99658203125,421.8791984133584,406.9731807847731,406.9731807847731,14707728
2022-09-06,422.61468505859375,424.5269506908369,418.8391448083959,422.1243559333035,6180669
2022-09-07,424.4779357910156,425.1643786198036,414.5242603914114,416.04426873052023,7043379
2022-09-08,412.4158020019531,428.498620734329,411.04288648090767,427.07665434594855,12076714
2022-09-09,417.7604064941406,422.3204612837899,415.06359635832166,417.7604064941406,8000436
2022-09-12,422.8108215332031,424.5269735641846,420.3591757746581,423.64438707657166,5530132
2022-09-13,428.20440673828125,430.80314504164915,423.88951654606285,423.88951654606285,7628228
2022-09-14,433.4509582519531,439.23683609835996,415.89718108648873,417.76042582654304,12387075
2022-09-15,416.19134521484375,430.99929041596306,415.55392335327497,430.99929041596306,13039806
2022-09-16,404.52154541015625,416.0933012836901,397.951122883477,415.79911576704546,14826674
2022-09-19,404.17828369140625,408.1989884216833,397.80400519353014,406.580908326916,6080201
2022-09-20,413.2984313964844,419.2314018375282,407.75768834262783,407.9538319635362,8758050
2022-09-21,403.393798828125,415.7010485569077,402.8544188052141,409.81709874031367,6859320
2022-09-22,404.1292724609375,406.9731754120891,395.69560549103124,401.08922588805893,8704463
2022-09-23,388.68389892578125,404.7176671152916,386.82065425756275,402.7563506377322,9228856
2022-09-26,366.17779541015625,382.456728827776,362.4513059207093,382.456728827776,13092570
2022-09-27,366.3739318847656,372.6011178206049,358.03833667560053,368.0410329702096,14934966
2022-09-28,353.7724609375,364.9029379739418,351.86016539393904,360.8822331947332,10751444
2022-09-29,364.0203552246094,369.6100893063293,358.9209203417245,359.65641403094935,14020084
2022-09-30,382.9960632324219,387.70324073554224,367.8939323387872,368.72749782731717,17706821
2022-10-03,373.581787109375,381.9173825646232,371.7675632895343,381.4760743637131,8504297
2022-10-04,386.4283752441406,393.1458903082059,382.7509067704533,388.3406708213841,9017446
2022-10-06,404.6686096191406,405.9434832650624,391.6748881681264,394.22460553265614,11758976
2022-10-07,403.14862060546875,403.9821861200659,397.9511138203614,402.02086958092696,5241693
2022-10-10,399.6182556152344,401.2363358181519,392.2633183953221,395.69562243128115,6519737
2022-10-11,388.3896789550781,404.47249782480833,386.2812697518251,395.2052656058061,7054654
2022-10-12,392.45941162109375,393.63618346875484,384.17283811332743,390.35097261365706,6584436
2022-10-13,393.7832946777344,408.44414697837584,392.2632864138063,403.05052679018604,16565725
2022-10-14,389.4684143066406,403.295701485906,388.7329206261192,403.295701485906,6115990
2022-10-17,380.78961181640625,388.2426209972951,378.8282951860311,387.40905544392234,8966396
2022-10-18,385.8399963378906,390.694236667476,383.78060804928725,383.92770079976293,7081590
2022-10-19,382.7508850097656,390.40003695654406,381.966370417574,386.37933233510694,6208852
2022-10-20,387.55615234375,389.0271397186469,372.7482067843254,375.59210972366304,8222063
2022-10-21,386.1341857910156,390.35100429349,378.7792489188058,389.51746872315806,7988528
2022-10-24,387.89935302734375,391.1355431604338,386.7225811012954,387.3600029688192,793366
2022-10-25,390.6942443847656,395.0091347387328,383.9277083833949,386.77161134892,6156624
2022-10-27,404.4234619140625,405.4041201776404,397.50983312676436,400.10857153978276,9752346
2022-10-28,397.1175842285156,404.52154230461935,392.0181491788402,404.52154230461935,6569623
2022-10-31,397.80401611328125,400.8440626965653,395.2052777167359,397.16659423145916,4257977
2022-11-01,406.384765625,406.9731665500533,398.1472424561967,398.1472424561967,7483252
2022-11-02,413.15130615234375,418.5939773619586,405.9925129433506,406.728006626219,11554760
2022-11-03,402.4131164550781,407.85575773895033,401.0402008987902,406.9731713047163,7304472
2022-11-04,422.222412109375,423.6443785917784,404.0312129162331,404.47252111485915,13317485
2022-11-07,429.0379943847656,430.41090998133376,418.05460975758945,423.64437388392855,9887999
2022-11-09,409.0325622558594,424.62502245284503,407.5615748801567,421.78111951194944,13898567
2022-11-10,407.07122802734375,412.2687045575554,404.7666752536411,407.267341712508,5574432
2022-11-11,421.53594970703125,423.4482153152746,412.17064557513726,412.21969644343955,14060782
2022-11-14,446.7388610839844,449.7789076939019,425.6547083659939,426.58634568957535,30135088
2022-11-15,448.062744140625,451.6421407333197,440.8549000868173,447.1801577095559,11841577
2022-11-16,438.7464904785156,446.7388491470121,435.5593511993294,446.7388491470121,7137989
2022-11-17,431.9309387207031,435.80452085663256,428.0573266574588,434.87291347436263,6533823
2022-11-18,430.11669921875,435.31417578894724,426.04697361069213,431.979943842369,6128677
2022-11-21,422.222412109375,435.8535861957316,420.11400278471706,431.2935012343147,6372470
2022-11-22,422.32049560546875,427.9102599485498,420.70241537794,424.37988404383105,6108017
2022-11-23,424.96826171875,430.8031603923669,423.2030588995021,426.09601272900244,6031033
2022-11-24,429.8715515136719,431.0973743308505,424.2817874964113,427.12569044680276,4733568
2022-11-25,432.1270446777344,433.25479566098295,425.94890977658895,429.5283063439927,4800030
2022-11-28,422.8108215332031,428.0573494419526,420.7024121663177,426.58636198682564,5613201
2022-11-29,427.5179748535156,432.3722152209457,423.88952736781613,424.6250210532432,6518828
2022-11-30,441.9826965332031,443.208519377008,429.6754172250131,430.26381817550254,13921394
2022-12-01,454.43701171875,457.4770581765543,445.26785140541847,446.19948868238413,13243436
2022-12-02,452.1815490722656,461.301659310637,449.1415023503697,454.3389793804409,6621056
2022-12-05,471.89276123046875,474.49149960397875,457.13383663161085,457.13383663161085,14599958
2022-12-06,460.9093933105469,468.26433043784283,458.1635620872827,468.26433043784283,7409338
2022-12-07,455.3196105957031,462.96876285323276,454.1428386596087,460.9093745559242,5510513
2022-12-08,462.5274658203125,463.80233952428466,452.37764676755427,456.0551152701974,4902003
2022-12-09,453.897705078125,466.79335587794526,452.96606771206376,464.83203925660933,5405738
2022-12-12,453.0151062011719,457.918397620484,445.6601690722037,450.1221522928514,4809486
2022-12-13,449.23956298828125,456.9867573964489,448.4550184097521,455.31962635347554,4359377
2022-12-14,460.222900390625,461.8410104296352,452.1324699048317,452.7208708347159,6639699
2022-12-15,452.08343505859375,461.5467808048348,450.12211863751526,457.9673843218293,3986930
2022-12-16,447.9156494140625,453.7995988316528,443.79687285082355,449.14147220939384,6460140
2022-12-19,451.2498779296875,454.0447598668143,446.24851497808913,450.1221269521982,3690005
2022-12-20,448.2098388671875,450.3672989769249,435.6574253032094,449.14147617078197,7580480
2022-12-21,448.30792236328125,454.9273656890037,443.1594664432749,450.41633165934456,5557133
2022-12-22,446.6898498535156,454.0447870080741,438.550398040064,450.5634620591761,4435416
2022-12-23,421.2417297363281,444.1401053385163,419.3294641487074,444.1401053385163,7766201
2022-12-26,434.3825988769531,436.78519371640914,420.80047565783275,422.66372041200486,3939359
2022-12-27,461.8900451660156,463.2629607585407,438.1090821187208,439.28588401363675,13898138
2022-12-28,456.937744140625,464.53784592046225,454.9764275522799,458.60484528432863,7519133
2022-12-29,460.8113098144531,463.0668417660322,446.4446723088143,450.41632628594033,8427104
2022-12-30,464.194580078125,472.9714532976725,462.6745418622168,464.78298100275674,8024424
2023-01-02,477.6296081542969,481.50322037056696,465.9597804892311,466.744325077589,11255811
2023-01-03,470.6178894042969,479.0025354198282,469.24497383621605,477.09023985646627,5906501
2023-01-04,452.57379150390625,468.2153028778385,451.10280409923485,467.7739946855109,9899885
2023-01-05,456.69256591796875,458.4087178814803,449.7789071942903,454.2899411981265,7087634
2023-01-06,453.7015380859375,464.832015324422,452.1815297535875,457.9674075031753,6004013
2023-01-09,461.6448669433594,464.83200622655835,457.1828839178066,461.8900315036054,6047398
2023-01-10,468.3133239746094,471.2062777129716,464.14552651304825,468.75463214734737,7092319
2023-01-11,481.4541931152344,483.9058388079949,471.69663128712136,472.579217751052,11383752
2023-01-12,476.2566833496094,486.01424511747564,472.87343027087866,485.425844169383,7278634
2023-01-13,479.0515441894531,480.5225315308742,473.31468757244824,478.21797871051837,7445162
2023-01-16,473.7069396972656,483.1703154320947,471.94176687779105,481.45416355253906,3294109
2023-01-17,478.463134765625,479.83605027442655,467.7249453204464,472.43209275842696,7819426
2023-01-18,493.2220764160156,494.25175560259515,479.0515528013249,479.0515528013249,12045667
2023-01-19,489.2503967285156,493.2711015536805,481.5032025106504,483.61161177039696,7945795
2023-01-20,480.4735107421875,491.8491222442522,478.80637978379144,488.3677975060484,5664588
2023-01-23,484.641357421875,490.67240015054216,481.6993824393723,484.445213785448,5559031
2023-01-24,475.2760009765625,488.269722409033,474.1972709476494,487.0929504998391,3293586
2023-01-25,479.6399841308594,486.21037683399544,474.7366925938997,474.7366925938997,7341066
2023-01-27,469.7353210449219,485.22971006044594,458.89905890823576,483.95486625400616,4591590
2023-01-30,463.2139587402344,474.00120015084616,454.9764349212305,469.7353305166409,5804476
2023-01-31,459.34033203125,467.13657732248555,456.496429006789,465.7636617169508,5679604
2023-02-01,458.80096435546875,471.30435693688923,445.8072426532082,463.851348314658,6075062
2023-02-02,456.39837646484375,461.8900690461853,451.8873422041947,457.9674357634152,3356544
2023-02-03,450.75958251953125,459.8797226843328,441.4923795222124,458.70292075103055,5707642
2023-02-06,438.6974792480469,448.16082548563946,437.3735846096175,448.16082548563946,4398369
2023-02-07,421.2417297363281,433.35286483384914,417.27007588508087,431.4896201866876,16652967
2023-02-08,428.05731201171875,431.29347215909485,423.6443500322165,423.6443500322165,6121515
2023-02-09,435.9516296386719,439.0407271854515,423.39921553243516,428.5476715406466,11431814
2023-02-10,424.7721252441406,436.3439108295483,422.6637159412656,435.9516235782377,6648361
2023-02-13,419.42755126953125,431.29349231601935,418.29977032465507,426.09601549039974,6437475
2023-02-14,426.39019775390625,426.8315059400488,417.12299519074674,421.1927209678368,3951666
2023-02-15,425.5566711425781,428.7928314847443,422.27145993018786,427.07667950052866,3623450
2023-02-16,426.29217529296875,429.52833571441107,424.62504421082195,428.4496055981582,4282249
2023-02-17,421.1927490234375,429.528344754984,418.3488458769615,426.34120521056917,4014137
2023-02-20,425.8508605957031,427.125704396278,420.70240459540963,421.58499106713964,3749802
2023-02-21,423.1540222167969,429.82248614639093,421.6830348857999,429.28313609595097,3761409
2023-02-22,421.38885498046875,426.0960025311763,418.49590122020595,422.1733695964819,5276939
2023-02-23,428.0083312988281,430.0186688630652,421.7811450459065,422.0753305679307,5037774
2023-02-24,407.2183532714844,429.5283292785314,406.23769498546034,429.5283292785314,10814032
2023-02-27,403.8350830078125,406.9732015934356,393.7343143126853,406.9732015934356,8301373
2023-02-28,391.4787902832031,405.894448782702,390.3019883975107,405.5021914632429,12174759
2023-03-01,405.06085205078125,406.8750756816624,393.8813547077183,394.22459105853034,7935816
2023-03-02,402.8543701171875,408.7383192226614,400.10853917222477,406.97314646194434,4804013
2023-03-03,408.83642578125,411.2390505078213,404.22734987987104,405.2080081474813,5102333
2023-03-06,406.4828186035156,414.03389861605007,405.89441770571983,410.89578044601456,5071598
2023-03-08,399.8634033203125,402.02086345139713,388.43874063948084,402.02086345139713,7044653
2023-03-09,400.942138671875,410.40548496823624,400.1085731589974,403.05054796163705,6982179
2023-03-10,397.80401611328125,401.5795563895865,387.75226897532457,395.2052777167359,5239128
2023-03-13,394.4697570800781,406.92412806882055,390.79228886615573,401.0891998651385,5962595
2023-03-14,394.91107177734375,400.0595273621059,391.72393260582436,396.48010096608715,5841181
2023-03-15,398.2943420410156,404.76669247304943,397.1665910395761,400.0595448464693,5681268
2023-03-16,377.5044250488281,393.0968860537237,375.69020120599606,392.8517214784036,16739755
2023-03-17,389.0271301269531,390.3509947898678,379.0734251937138,381.7212143741712,9861244
2023-03-20,378.2889404296875,386.42839237468166,373.6308134898534,386.13420685467133,6331283
2023-03-21,381.0347595214844,383.04512693498197,377.50441368500015,380.20122393234055,6080002
2023-03-22,385.1535339355469,389.0761669991807,380.7405717389588,382.5547955163525,6511605
2023-03-23,391.08648681640625,392.9007105118905,378.5340735504265,379.5147317720597,10453779
2023-03-24,380.8876647949219,393.2439649406137,378.68118369488104,393.0478213163506,8833099
2023-03-27,382.40771484375,388.929086532615,381.86833482406996,382.4567357876681,7066058
2023-03-28,385.3006286621094,392.06716474604883,384.17287763600535,385.39870047466525,6424209
2023-03-29,391.3316650390625,393.14588879790847,382.35864798319886,387.2619392626123,6959623
2023-03-31,397.50982666015625,402.36406702950995,393.34202910775105,396.23495298185526,7468634
2023-04-03,394.76397705078125,399.0298465370379,391.82200222264777,398.6375892120832,5200766
2023-04-05,395.49945068359375,396.77432433413264,386.6735266471676,394.22460696036893,5607641
2023-04-06,397.4117431640625,398.6375659375482,391.03746474193684,393.24394573421114,4174551
2023-04-10,403.4918518066406,405.8454256379372,397.65692320666494,398.93176696981703,5327008
2023-04-11,409.4738464355469,409.9641755678741,403.1976395272213,404.91379149036663,4965642
2023-04-12,409.5718994140625,414.23002595697585,407.5615620348886,411.7783804080741,4701591
2023-04-13,413.88677978515625,414.5732524935042,407.3163878262124,409.96414699988355,6368113
2023-04-17,420.408203125,420.8494813804594,413.44552357482064,414.18101726123433,6920340
2023-04-18,423.20306396484375,424.62503042564794,419.6236672688897,421.6830556190037,4866068
2023-04-19,424.6740417480469,428.89089016510206,422.9578898163803,425.99793636650975,5982454
2023-04-20,421.53594970703125,427.2728063863901,419.77074692175154,423.54628712456474,3830118
2023-04-21,414.1810302734375,422.51662564800307,410.89581905211617,421.6830601250834,5139533
2023-04-24,419.52557373046875,420.65335462313,410.2583715258515,410.895793382151,2308450
2023-04-25,421.4869079589844,423.3501825938723,416.779760284346,416.779760284346,3648159
2023-04-26,416.5836181640625,418.74107831365376,413.9358588102716,417.3681627308753,5184973
2023-04-27,422.4675598144531,423.10501161531243,413.88680017396547,416.7797539665414,3271257
2023-04-28,427.6650695800781,428.54765602120347,422.5656346999754,425.11535214002674,4913550
2023-05-02,437.5206604003906,441.1981287382746,429.52830186485215,430.5089600882879,5178547
2023-05-03,433.7451171875,435.3141763193645,425.85083051559184,432.4702734769741,4826725
2023-05-04,436.88323974609375,437.8148770318539,431.97994861538564,436.39291063302295,3100187
2023-05-05,425.8508605957031,434.9219497390773,424.28180135300767,434.43162059619226,3034975
2023-05-08,436.4419250488281,438.25614872553126,427.7631238190695,429.7734611816807,4090222
2023-05-09,431.8328552246094,438.06004093680906,430.70510425168675,435.9516018118895,2941913
2023-05-10,428.0083312988281,434.2845384963149,425.2624700748975,432.47031463765506,3075599
2023-05-11,412.71002197265625,425.6056717083093,411.43514831760234,425.6056717083093,11081500
2023-05-12,396.9214172363281,410.8957969660815,395.9897799500856,410.8957969660815,11152831
2023-05-15,402.75634765625,404.86475686855545,396.5291619006342,400.59888757598,5148782
2023-05-16,404.4725036621094,409.6209594297872,403.05053724106307,405.6002546543283,4010692
2023-05-17,399.8143615722656,405.4040953763084,397.7059224927086,403.8350362651108,3727878
2023-05-18,398.6376037597656,405.4041401259441,397.804038209245,403.0505661630103,4078918
2023-05-19,398.88275146484375,400.5008316254581,392.65556546265844,400.10857430278116,5523299
2023-05-22,399.8143615722656,401.08920526599996,394.9110705543439,398.1472306552469,4237198
2023-05-23,402.36407470703125,405.7963786392098,399.0298425869495,401.28537455591305,3690618
2023-05-24,399.0298156738281,402.5601911799923,395.79365558411035,400.99113207421783,7866105
2023-05-25,396.43109130859375,397.90207866038816,390.10583372495205,396.6762558672262,8018242
2023-05-26,405.55120849609375,407.26736043858506,395.3033477101774,397.26466421588174,6401768
2023-05-29,411.7784118652344,416.7797751525279,407.4635213550008,408.93450879671565,8350721
2023-05-30,405.10992431640625,413.34744753447745,403.6389369586323,413.34744753447745,5596603
2023-05-31,398.0491943359375,402.75637208918033,396.5291859557967,402.56022846005175,22945527
2023-06-01,398.4905090332031,406.38479643359267,398.04920082412843,401.1382685057019,4269628
2023-06-02,412.6119689941406,413.73972002434783,404.0802300351003,404.0802300351003,11695310
2023-06-05,411.582275390625,417.7604103330757,410.3074017219523,416.63265934228735,8039709
2023-06-06,407.51251220703125,413.83776971025816,405.79636031842233,411.5822677704406,4383684
2023-06-07,414.42620849609375,415.50493862439123,405.8454482690043,409.91517427696056,6911473
2023-06-08,410.1603088378906,417.4662246960664,409.62095877687176,415.7500727762425,5571023
2023-06-09,407.022216796875,413.69071121542856,406.4828667010089,413.69071121542856,3518826
2023-06-12,408.73834228515625,412.85711886230933,405.9925111852638,409.86612320252243,2813911
2023-06-13,413.2493896484375,415.7991071399474,408.8364274264333,410.895815782165,4247391
2023-06-14,416.8287658691406,421.68303604570866,415.9461794535775,418.74106137562234,7213168
2023-06-15,414.8674621582031,417.4171796026798,412.61196014615547,416.6816859125797,4863359
2023-06-16,418.69207763671875,423.1050400339458,417.56429663779636,419.42757136958994,7931068
2023-06-19,417.90753173828125,423.64438882238096,414.8674849996944,416.04428693957203,3950931
2023-06-20,420.65338134765625,424.8701999824415,414.8674735514554,417.9075202061524,5090801
2023-06-21,412.8081359863281,421.3888963738676,410.0132537603518,420.65340262636425,5689533
2023-06-22,411.9255065917969,417.1720344777733,408.14999608187867,413.7397304307086,3566261
2023-06-23,400.598876953125,408.88545076065725,399.569197808259,407.95381349449207,5403772
2023-06-26,406.6789855957031,407.9538293414694,400.30470701224266,402.0698798798136,4460980
2023-06-27,409.66998291015625,411.1899912229186,405.9925144818784,407.9538309769599,3047635
2023-06-28,412.0726013183594,413.39646599054663,410.2583776025473,411.63129314275415,4613401
2023-06-30,412.8081359863281,414.47523719094545,406.6299705509093,411.7294058378597,4115005
2023-07-03,417.41717529296875,420.4572218327912,413.9358505000312,415.7990951769177,3693861
2023-07-04,417.5643005371094,420.6533981858683,414.96556197549364,419.67273986621575,2721964
2023-07-05,413.3474426269531,419.13332018004076,411.23903342463905,416.7797464210085,4783528
2023-07-06,418.1526794433594,419.7217386574484,409.0815904653654,410.84679330395886,5021705
2023-07-07,414.5242614746094,416.77976351801607,410.4054847818582,415.70103343874166,6769909
2023-07-10,419.5746154785156,427.7631174071055,414.8184172386617,414.8184172386617,6502214
2023-07-11,416.4365539550781,423.49730590380295,415.79913202587926,420.9475882596903,3055356
2023-07-12,416.63262939453125,419.8197684461482,414.0829121677752,417.27005121939214,2854995
2023-07-13,426.782470703125,430.99928909191556,421.879179587176,421.879179587176,11590791
2023-07-14,438.3052062988281,439.82521457895575,431.0973623486935,432.470277880311,10801568
2023-07-17,438.45233154296875,445.3659605811686,434.8238838651248,439.13877439599577,8441112
2023-07-18,435.902587890625,440.3155499727573,433.6470859084609,438.3542334918096,3963196
2023-07-19,430.7051086425781,435.8045135065279,430.0186359073761,435.41225619811854,5062700
2023-07-20,433.0096435546875,434.33353819366556,429.77348326146557,433.45095174345187,5156038
2023-07-21,426.09600830078125,432.9115950880257,425.26244280540885,432.9115950880257,4309067
2023-07-24,424.57598876953125,429.0869926444571,423.1540223780999,425.6056679306961,3399581
2023-07-25,440.8058776855469,441.7865359228896,426.58633324407765,427.71408423155884,8482756
2023-07-26,440.3155517578125,442.91429012014066,437.7658343367809,440.80588088003725,4218466
2023-07-27,442.66912841796875,450.710538045315,439.43296816131084,442.2768711031185,5615100
2023-07-28,442.7672119140625,443.89496294676366,434.82387388761623,441.7865536373979,3886408
2023-07-31,453.65252685546875,454.28994875276715,444.23820137075774,444.28722231389,4974267
2023-08-01,455.1235046386719,462.429390722288,453.1621881178651,456.0060910875719,6249656
2023-08-02,445.70916748046875,452.2795896210735,440.9529690587457,451.1027877690113,5986653
2023-08-03,444.5323791503906,449.6318140946916,436.392927529199,441.2962188497519,4026983
2023-08-04,448.16082763671875,456.9867520321902,445.12078102614885,455.02543549986325,7576934
2023-08-07,455.8589782714844,458.3106238145952,450.2692144622663,450.31826532951675,3770469
2023-08-08,445.954345703125,458.21257400722413,443.2575354762232,455.85900015830015,6448476
2023-08-09,459.8306579589844,460.7132444187122,442.1788090551668,445.954349389502,6171305
2023-08-10,459.8306579589844,461.8900463165595,454.044780137085,458.94807149925657,4285159
2023-08-11,453.50543212890625,460.90939014866603,451.1028073795455,457.96741531792986,4422888
2023-08-14,444.96734619140625,452.6664445540317,441.8087672234073,452.6664445540317,4566085
2023-08-16,439.4397888183594,442.2035489502077,433.31999551147584,441.21648745701526,5066857
2023-08-17,441.8087463378906,443.437391835948,434.8006034585088,437.2682572806343,3558210
2023-08-18,433.81353759765625,441.7100297496045,432.4809985224696,441.7100297496045,3990678
2023-08-21,443.58544921875,445.0167004981543,434.2083646063528,437.26826139915426,3775298
2023-08-22,444.5231628417969,448.52074996026425,442.54903979608906,443.9309199035391,3254685
2023-08-23,455.2821350097656,459.27972219490664,447.04016513192676,448.8168939763332,9182054
2023-08-24,450.5935974121094,459.8719699542096,447.97789033010054,457.9965590344332,5950400
2023-08-25,444.17767333984375,448.4220257248895,443.0918996693566,447.13885782877605,3304204
2023-08-28,440.5255432128906,446.99081422617724,439.7359060479783,444.7205546622821,4259997
2023-08-29,450.1493835449219,452.5676962610562,441.56196659681024,442.20355054515414,6062408
2023-08-30,450.84033203125,459.13164245785424,449.85327054897033,454.2457061942053,5510658
2023-08-31,453.9002380371094,458.9835987514239,450.84034135422127,456.269179619023,9294166
2023-09-01,467.1268310546875,472.30890366543684,456.12110191545065,456.9601101722122,11151562
2023-09-04,480.3534851074219,485.93037669901867,468.85422436593956,471.4205903554354,10359653
2023-09-05,479.81060791015625,483.41337641118685,472.0128279752358,479.7118957342252,4941534
2023-09-06,471.96343994140625,478.6261049215802,468.1139061996287,478.6261049215802,5138246
2023-09-07,468.95294189453125,473.29600662946365,467.42297843971505,469.397101512205,4055611
2023-09-08,469.9893493652344,472.6050564390463,461.6486973705237,466.8801115181475,5637990
2023-09-11,478.5767822265625,481.4885956261572,470.2854715137728,471.8154048150236,5960678
2023-09-12,471.5686340332031,484.54848679994325,469.24903347181214,483.6601374699519,6817270
2023-09-13,476.9481201171875,478.5273943900932,467.71908923660607,472.3089191030308,4162140
2023-09-14,490.9150390625,502.31558724581805,479.7118851039429,479.7118851039429,16108768
2023-09-15,490.1253967285156,501.4272634357551,488.5461223591836,501.22983907822476,8515363
2023-09-18,478.2312927246094,487.6083768956802,476.89875368628043,487.6083768956802,6238600
2023-09-20,472.11151123046875,480.10671553760756,469.1009856546324,475.7636508901269,5861905
2023-09-21,473.3453369140625,480.156085457757,470.2360991700041,472.8024651305399,5146457
2023-09-22,472.6544189453125,475.5662323807421,465.3995106863144,472.8024721500416,3684720
2023-09-25,463.27734375,472.60505730841936,461.20450847388634,472.60505730841936,5768069
2023-09-26,465.3995056152344,468.16326581582047,460.1680916202939,462.43832106200915,4666823
2023-09-27,468.80487060546875,469.59450775491507,460.2174235222894,460.2174235222894,5656858
2023-09-28,460.8096923828125,473.3947271928541,458.44075067840913,469.84129957488494,5869780
2023-09-29,486.2758483886719,488.101918212394,468.0645815461934,471.8154032467631,11604605
2023-10-03,473.74017333984375,478.2806320876624,470.433511329625,476.8494110033199,4657602
2023-10-04,467.27490234375,471.7166790392661,463.9188993094608,467.8671452610307,3302259
2023-10-05,464.4617919921875,476.15847717492903,462.29027469468207,467.2749233838941,4801287
2023-10-06,466.48529052734375,470.28548348658205,463.2773405175382,468.8542322023469,3134022
2023-10-09,463.72149658203125,467.3736363065908,458.5887946793335,466.3372337450759,2681298
2023-10-10,474.43109130859375,478.527390399897,460.9577082171556,466.88007705934604,7863825
2023-10-11,477.6390380859375,479.6625321678937,473.8882165586279,479.3663956540163,7006735
2023-10-12,478.1325988769531,487.60839558493046,476.30652902278797,476.8494309376627,6895255
2023-10-13,474.38177490234375,481.1924933997642,471.3218781505383,472.8024704379222,4652247
2023-10-16,477.1455383300781,480.2054351024501,469.15033389992146,473.5427697644408,5043158
2023-10-17,478.083251953125,482.1302101988063,474.4804834393421,480.2054281908826,4495043
2023-10-18,478.7742004394531,488.3980507059479,477.2936080907616,481.48861974538755,7437952
2023-10-19,473.74017333984375,476.0104027137531,464.9059609708195,472.2595811074526,6035837
2023-10-20,465.6462707519531,473.6414750660392,463.91891309680545,468.8542206829417,2777724
2023-10-23,450.791015625,467.81782712419954,449.1129989643936,464.70855918703325,2994345
2023-10-25,455.2327880859375,466.88010204993157,453.45605926454243,459.9706713642032,7854105
2023-10-26,450.74163818359375,452.5183669975665,442.94385818110686,450.7910093333505,6625855
2023-10-27,450.24810791015625,458.39136547885363,448.57012139387916,452.07417775313684,6193726
2023-10-30,450.74163818359375,455.77565797242585,448.1259311737549,452.8144734051984,7523779
2023-10-31,453.5547790527344,458.9836175397639,447.38564440838275,458.9836175397639,5236060
2023-11-01,456.71337890625,459.9706698842364,450.10005465066905,452.5677084590609,4931538
2023-11-02,468.0645751953125,469.6438494966125,457.2562397247729,457.2562397247729,3933951
2023-11-03,469.0516357421875,475.2207701026291,468.1139152703098,472.7531163584525,3274345
2023-11-06,475.7143249511719,478.52742626386396,472.0621851756823,473.789542884114,4294682
2023-11-07,478.2806396484375,485.1407291493862,474.0856282570135,475.76364486267374,5425669
2023-11-08,481.7353515625,485.09138475048627,471.96344876673027,485.09138475048627,8220612
2023-11-09,478.1819763183594,482.4756699300984,476.8987782394589,482.4756699300984,3271496
2023-11-10,475.07269287109375,481.9327824169542,473.34533522802224,475.81298900383865,3498064
2023-11-13,481.1924743652344,485.979728596285,474.8752868801642,475.7636361929086,4918873
2023-11-15,498.86090087890625,506.85610545097455,487.80582960288206,490.56958989120614,11674265
2023-11-16,497.7751159667969,500.884383874715,490.7176320740042,497.4790095578176,4171759
2023-11-17,491.30987548828125,499.8973228296837,490.42152613776,496.5412895368054,3595049
2023-11-20,490.8656921386719,499.4037985638682,490.1253959831504,493.67882355419897,4305637
2023-11-21,500.2921447753906,504.33910309130135,495.406178130627,496.2945274871129,7154476
2023-11-22,493.77752685546875,500.2921389314807,492.4943589247253,498.36735691263834,4337970
2023-11-23,495.4555358886719,496.49193842276986,485.28878428470875,492.5436923915749,6628259
2023-11-24,501.22979736328125,506.11576363960893,496.0477246980293,498.3179841297748,5973059
2023-11-28,508.92889404296875,511.5446311610767,503.2039492937301,505.1287313008799,7804926
2023-11-29,510.7549743652344,516.57860094415,507.2509181638226,512.2849076086168,6275280
2023-11-30,508.978271484375,513.0251994162215,504.73388908656506,512.581009705299,7599701
2023-12-01,510.5082092285156,518.0098523742708,508.632768319351,513.321310346811,4933886
2023-12-04,512.5316772460938,519.835956349804,509.8665991814724,517.269560335725,5985489
2023-12-05,513.91357421875,521.9580889856882,508.7808425679563,511.64328466009755,6399021
2023-12-06,516.2332153320312,520.1321206900361,508.92893541461825,514.2590921376449,4831956
2023-12-07,509.37310791015625,515.6409849870713,508.4353873755281,514.2590746996764,4628885
2023-12-08,513.617431640625,518.2566327777764,507.34961516238394,512.778453456923,3733998
2023-12-11,515.6409912109375,517.0228412695548,510.4095166636955,513.5681257548254,2597347
2023-12-12,520.6256103515625,531.5326280896408,515.394196348889,518.2072975804297,9498031
2023-12-13,525.9556884765625,528.3246601400607,516.5292633386607,522.1061848301929,4000017
2023-12-14,536.0731201171875,538.8862817680781,530.2988339711063,533.0132533167007,7190654
2023-12-15,550.0400390625,551.8167377721574,541.1071442412175,548.8062121467026,8191005
2023-12-18,559.0716552734375,560.0587167691565,544.364414889043,549.7932531154976,5076184
2023-12-19,557.5416870117188,560.6016139343141,548.5101100640896,560.6016139343141,4484733
2023-12-20,541.1071166992188,563.5134243987249,539.1823347594539,562.1315142251881,6959868
2023-12-21,549.052978515625,554.3831348996216,534.6419042114194,536.9614747191011,4591119
2023-12-22,563.0692749023438,564.5992082602514,551.7674080725185,552.1622567918619,7865384
2023-12-26,572.3475952148438,573.3346567295683,563.1185941503508,567.5110299399657,4649730
2023-12-27,597.764404296875,599.7879285140581,572.7917610645998,574.469777618762,12430827
2023-12-28,606.3519287109375,608.5234762795997,597.3696922508983,600.1334526812597,7139743
2023-12-29,606.8947143554688,610.0039820514842,600.2320495029647,606.3518426017622,3995822
2024-01-01,602.5023803710938,612.4716776987907,599.097006052767,606.5493085349024,2961919
2024-01-02,609.0169067382812,611.9780910498126,599.5411410395606,602.5023253510919,4975013
2024-01-03,585.3768310546875,603.4894463621566,584.3404284924321,600.3801784299355,7226455
2024-01-04,582.8598022460938,588.1405570505661,580.0467011344498,586.3145174160536,6592370
2024-01-05,579.4050903320312,589.8679179502382,574.0255932023454,582.9584875714917,2990123
2024-01-08,570.1760864257812,584.8339252646125,568.9916006040031,579.4050871397933,4425767
2024-01-09,568.4981079101562,577.3323207717424,566.1784771361384,574.4204771699295,5314029
2024-01-10,572.5450439453125,574.4698260300715,563.2667014591109,568.5474566895554,2408792
2024-01-11,569.4851684570312,579.4051249007035,568.0539171726659,575.4075377064422,3899383
2024-01-12,574.5191040039062,577.924478050046,568.3006289279488,573.4827015321549,2440863
2024-01-15,567.2149047851562,578.4180285087753,564.8459331299431,578.26994518828,3778987
2024-01-16,572.051513671875,577.2829278781907,562.0822160380555,568.4981161626113,5187155
2024-01-17,553.001220703125,565.290148767841,550.8790143211204,563.5627910949619,6148035
2024-01-18,547.720458984375,554.0869575622343,540.7122860778812,553.0012139934942,3784905
2024-01-19,549.8919067382812,553.7414704707497,547.3255710802687,549.2996939696474,4451789
2024-01-23,534.3950805664062,554.5310975258085,530.6441989482166,550.7802761530672,7867972
2024-01-24,557.8378295898438,559.4664449139713,539.9226393062717,542.8838237997247,8619429
2024-01-25,559.861328125,562.6250884401762,551.1751984578219,559.1703729848418,5366990
2024-01-29,560.55224609375,564.5498330921714,554.7285591856132,560.6509281448903,5126212
2024-01-30,561.884765625,576.7400293293678,559.9106426012846,562.5757207323911,7968815
2024-01-31,571.8540649414062,573.087891835856,560.8977062168736,561.8354267057463,5644545
2024-02-01,563.85888671875,574.272373584115,562.9211662366041,570.5215519009847,3509803
2024-02-02,575.9503784179688,581.3792166035709,565.6849148415585,569.5344787440754,7145858
2024-02-05,572.39697265625,583.2546488661807,568.5967498355035,575.9503698631377,4801118
2024-02-06,577.332275390625,580.1453764697117,561.8847393541189,571.1137399603057,4099573
2024-02-07,584.5872192382812,594.359152953111,577.0855753479275,582.761179418202,9415146
2024-02-08,593.5200805664062,601.0711253007239,580.244091059011,584.3404204696063,11844758
2024-02-09,583.6494140625,594.2109834587807,568.8434925477463,593.2239220244638,5105348
2024-02-12,574.9140014648438,594.0136180142622,572.2489232788784,584.2417449929953,4595403
2024-02-13,503.5000915527344,533.0132252209802,489.9279955401631,532.0261636927933,46100123
2024-02-14,501.22979736328125,510.21209279698826,496.63996759860316,508.33665192471693,16634538
2024-02-15,506.55999755859375,511.7914117043591,501.03244687533186,506.0664667854941,13303658
2024-02-16,509.0276184082031,513.222629707459,504.33907636785835,513.222629707459,12066565
2024-02-19,505.6716003417969,512.1862424656059,505.1780695859986,512.038159140685,5580597
2024-02-20,504.9806823730469,509.22506500551543,500.58824653632735,505.9677137756295,5186970
2024-02-21,505.1780700683594,531.0390937459714,503.4013713948799,528.0779092083544,18106978
2024-02-22,514.4071655273438,515.3942271054483,507.59641654023966,509.61988072626235,8727844
2024-02-23,511.643310546875,518.0098693471197,510.3108016041173,517.9111872941204,6445580
2024-02-26,498.5154113769531,513.0252278500869,497.4790088243267,512.6797804143629,7605543
2024-02-27,503.055908203125,505.57293320559626,498.16997165020035,498.9596088336848,6741206
2024-02-28,497.8738098144531,507.79379586822745,495.2581028890116,505.8690139125429,4406098
2024-02-29,497.3309326171875,501.42723173377453,492.5436784156565,499.9466395140882,16860796
2024-03-01,512.3836059570312,515.7396391906157,503.4013703104574,503.4013703104574,9882296
2024-03-04,518.157958984375,522.9945243038761,513.3213334194195,517.2202384876443,5989974
2024-03-05,515.3447875976562,521.464580976979,513.4694068856635,517.2202285551023,5729926
2024-03-06,520.132080078125,521.0698005713331,507.30028031652057,515.2954545313386,4637732
2024-03-07,529.7559204101562,533.8521894980222,522.4023001678665,523.9322334475623,7909060
2024-03-11,526.7947998046875,536.221226247381,525.2154650619289,533.0132759753074,5527908
2024-03-12,522.106201171875,529.9039510045062,518.5034025386748,526.2024703178432,3703670
2024-03-13,500.440185546875,523.142600275826,494.7152408382303,522.5009861961742,5712435
2024-03-14,518.4541015625,519.5398452162799,500.4402274958353,505.37553545930507,10349338
2024-03-15,525.6596069335938,527.1401992319207,510.80434292280415,515.246119817785,8467660
2024-03-18,524.2777709960938,528.6208057070535,520.1814414293499,525.1167492227972,4282437
2024-03-19,526.745361328125,532.7664120113614,522.4022668958091,525.1166858546443,7119131
2024-03-20,521.0203857421875,528.5714302728376,509.6691785561228,526.1037765367366,5005234
2024-03-21,532.7171020507812,538.6888120593343,527.3376048423258,531.4339341536013,8795679
2024-03-22,540.6629028320312,543.5254051012979,530.3974397754707,532.7170703027589,5518261
2024-03-26,551.4219970703125,553.74156777475,537.948581884561,538.590196034534,7198061
2024-03-27,550.4348754882812,557.3443060625316,549.595837056993,556.9001163336676,5320703
2024-03-28,553.001220703125,559.3184385764072,548.1152540936049,553.7415168486446,8326754
2024-04-01,561.2431030273438,566.5732588287905,556.8013266079543,562.6250131226665,6192790
2024-04-02,563.8095703125,564.8953139210573,554.2844022415552,563.6121459530925,4626877
2024-04-03,569.1396484375,576.5426098388486,559.811965268164,562.8224908556216,7514291
2024-04-04,570.2747802734375,582.3662836197805,561.5886511431144,582.3662836197805,7246259
2024-04-05,562.6744384765625,567.560405319272,560.2561255700236,565.0927513831014,4884617
2024-04-08,569.3370971679688,572.1995997972358,563.1186213736698,564.5992137173342,3276169
2024-04-09,580.9844360351562,587.7458441700522,566.5733607144701,570.6202891928184,7829711
2024-04-10,595.2474365234375,597.0735364794474,583.4026983045993,588.486089221699,11748104
2024-04-12,590.9044189453125,601.1698228822455,587.5977266170688,601.1698228822455,15994496
2024-04-15,604.7725830078125,617.3082758977316,597.8631526231037,607.0428123708407,27067692
2024-04-16,600.9723510742188,613.3600207018246,598.9488871126274,604.772573875696,10722248
2024-04-18,604.8712768554688,616.9134392384948,601.910092347124,608.4247344127543,9953539
2024-04-19,606.7960815429688,608.326014880444,592.9278789589915,601.1204776895778,6443897
2024-04-22,610.5469360351562,614.3965003443632,604.7726498168045,612.6198015268286,6503652
2024-04-23,603.8842163085938,610.7443058128755,602.502366349784,610.4975404367894,6154126
2024-04-24,627.8698120117188,629.3998055719721,600.8243623715189,603.8842290011169,11775700
2024-04-25,638.4313354492188,639.8625866044815,619.9732742377627,627.474977424283,11897458
2024-04-26,640.8990478515625,653.039892781954,634.6805721794552,642.5277234957729,7545608
2024-04-29,641.6393432617188,646.9201586581464,632.9038727141034,646.4759689152013,4157501
2024-04-30,636.0625,645.2421605547057,633.9896345550941,645.1434182504014,4771959
2024-05-02,633.150634765625,638.5301321897338,620.5162591449497,627.6724552860283,17929526
2024-05-03,638.7274780273438,646.5746290687044,630.1400911000902,646.5746290687044,10633995
2024-05-06,630.534912109375,646.5253214210949,621.1578272948706,641.5900136239874,10094421
2024-05-07,612.1755981445312,638.5301541290439,603.8349158237428,638.5301541290439,10787196
2024-05-08,625.303466796875,626.2411872807834,607.1415109085397,607.1415109085397,7683352
2024-05-09,611.3859252929688,629.498479959599,607.0428305372848,625.7969992855911,6588118
2024-05-10,617.505615234375,621.4045199870512,610.0039723585659,612.0767772926725,4364788
2024-05-13,625.303466796875,627.9192038974427,606.3518737493628,617.0121260118842,3582386
2024-05-14,638.2833251953125,641.0964262933384,629.9426437048386,636.0130356125394,8339846
2024-05-15,645.2421264648438,650.4735404619569,640.3068188740854,644.5511713530468,6764257
2024-05-16,644.8966064453125,657.3829585091707,634.9273094009371,651.4605895135927,8781056
2024-05-17,646.969482421875,650.2761144008143,641.9848338173956,644.551169659666,5026205
2024-05-21,684.6258544921875,686.4026134461388,654.6192200668721,657.6790867178686,15976672
2024-05-22,675.6929321289062,689.6598763353608,668.6354786101596,689.5117930134172,8004434
2024-05-23,668.043212890625,669.7705705201233,657.3336196859162,666.4145975586555,9749101
2024-05-24,664.5391235351562,681.5165925835848,662.3675762884765,670.4614922558558,15930052
2024-05-27,669.0796508789062,680.5789420914696,666.760080323115,676.1865061231513,10475785
2024-05-28,672.4850463867188,688.9689869194124,669.573202659386,673.1760015459014,12925385
2024-05-29,696.1744384765625,704.2683545300627,673.4720248056565,686.0077174469426,22684652
2024-05-30,686.1558227539062,703.8241873776013,684.3790638654916,695.730271064716,10361716
2024-05-31,680.4308471679688,694.3484510019797,675.4955394776362,689.8573330528681,13620282
2024-06-03,686.9454956054688,705.9957714113069,683.8362276345907,705.749006024585,7081956
2024-06-04,640.6522216796875,687.9818302271904,586.5612663020199,687.9818302271904,24250212
2024-06-05,686.2545166015625,691.5846728675231,599.1463381188759,618.8875683699097,25836374
2024-06-06,668.734130859375,686.007706195226,664.292354344442,686.007706195226,10420244
2024-06-07,671.5472412109375,678.1112240278737,663.749491812618,668.7341401439365,7172942
2024-06-10,667.6484375,675.9890591635499,664.3417452544186,668.2899913419516,4054802
2024-06-11,664.2430419921875,672.4356403131509,663.3546625526754,671.201813450191,5157918
2024-06-12,665.1807861328125,674.1630219166832,663.1572618091734,665.2794681871808,10783822
2024-06-13,671.892822265625,675.7917275134167,667.3029618702379,669.2277439794473,9555904
2024-06-14,674.7552490234375,681.072467018604,668.6355156320986,681.072467018604,8326865
2024-06-18,669.968017578125,679.098336786372,668.2406598900783,674.7552419296725,4013739
2024-06-19,653.82958984375,673.1759719783774,651.8554667587694,671.2511899214303,4770356
2024-06-20,667.7471313476562,675.4955403331091,653.1879736427369,656.3959236455157,6646966
2024-06-21,675.6436157226562,682.2569400074547,668.2406542647747,671.2018388479273,11973903
2024-06-24,676.3839111328125,678.8022239221813,666.365212539194,670.806989409092,8014595
2024-06-25,676.630615234375,686.9947603254924,672.090156721208,679.8879059282078,5778636
2024-06-26,665.9703979492188,674.7058680191365,662.663705817413,674.7058680191365,6069407
2024-06-27,676.3839111328125,678.8022239221813,663.4040279592618,669.2277150646433,7135387
2024-06-28,684.5765380859375,688.4754433266277,677.1242353004538,681.3192469623008,6101211
2024-07-01,680.9243774414062,692.7691158895834,679.4931864086157,689.9560146063235,4870114
2024-07-02,685.760986328125,694.2003502172932,679.4931698171902,680.9737620870601,5482768
2024-07-03,682.7011108398438,693.9042347710385,674.557853461663,689.857306717639,5875690
2024-07-04,682.8984375,696.618615701258,681.6152696689459,688.6727831079178,5924057
2024-07-05,690.1041259765625,693.4107581628572,684.527203965753,685.0207347544809,5174673
2024-07-08,688.1793212890625,696.7667687804768,682.7011417628785,694.545880304014,2636146
2024-07-09,697.8525390625,701.4553379380214,686.5506718899776,692.917231148338,5507357
2024-07-10,684.3297119140625,702.8864556856952,676.4332200754569,698.8395277165905,5327276
2024-07-11,687.2909545898438,692.9172175506714,683.0466019160464,692.9172175506714,6856272
2024-07-12,683.095947265625,693.3614116887454,677.2229188767857,688.4754448696116,3839953
2024-07-15,691.041748046875,692.5223403311452,679.5425174529821,683.0959148370489,2848268
2024-07-16,681.862060546875,694.0523060116913,680.0853619262017,691.2391446372943,4570179
2024-07-18,681.0231323242188,686.8467593548901,675.248786076779,677.124227130571,7841505
2024-07-19,654.4218139648438,676.8281234151447,650.1281202790941,675.0514246570916,6207375
2024-07-22,663.6014404296875,666.2665185529902,642.4289590132463,646.5252883736423,3291634
2024-07-23,645.0447387695312,664.489863831262,630.4362395197871,663.6014843162579,9602846
2024-07-24,643.1692504882812,648.1539592688389,636.6546686744449,644.5511606890116,2610134
2024-07-25,638.1846313476562,640.6029441875943,625.1060658461375,633.6441723283302,6171776
2024-07-26,658.9622192382812,659.8505986675026,646.5252687018912,651.460576096562,4730539
2024-07-29,658.221923828125,667.9938565781321,656.3958841883381,667.9938565781321,6032470
2024-07-30,651.9541015625,656.3958781817752,646.1304147857143,656.3958781817752,6714850
2024-07-31,660.9363403320312,665.279434925273,655.655585532808,658.3700045922212,8551592
2024-08-01,664.7859497070312,681.9608446662414,658.715497114865,671.2018497413234,8831127
2024-08-02,639.6652221679688,656.9881402330808,638.1846298505154,651.2631953213527,6717210
2024-08-05,606.3519287109375,625.6489709380277,601.3672796810156,619.9240257082522,13451475
2024-08-06,602.4036254882812,620.8616877126117,600.1333960719681,616.9134416858225,7063441
2024-08-07,615.6303100585938,621.305914056597,608.7702201336549,616.9134780438335,4839670
2024-08-08,606.1051025390625,622.835807027318,605.0687000122756,616.9134380223038,5396272
2024-08-09,618.365234375,621.9390016886817,610.3241670329971,617.4717622511732,3629264
2024-08-12,624.7682495117188,629.7815335169479,612.0118229374267,614.4936227060294,3586449
2024-08-13,616.8761596679688,629.7815181498023,614.6921638067265,629.7815181498023,6793767
2024-08-14,616.92578125,629.3347797440831,607.1474540821747,622.2864322449561,8646288
2024-08-16,629.5333251953125,637.3261518815266,625.612069619312,629.3347691046014,6566337
2024-08-19,654.053466796875,655.4929227368455,631.8662017798162,631.8662017798162,9510274
2024-08-20,668.001220703125,669.3909921581986,656.2374539605688,658.1732698134767,10295836
2024-08-21,680.6087036132812,691.5286219422569,662.9383024354648,664.030330622849,7815238
2024-08-22,680.55908203125,686.9621371911506,672.2698955081148,686.4657772654344,6188728
2024-08-23,680.1123657226562,689.6425129275399,672.8655227149969,685.0263412480542,7774920
2024-08-26,706.6676025390625,707.7100068565021,684.4803380791309,689.3446895911446,11517668
2024-08-27,698.37841796875,707.7596327163433,697.6338780775253,706.717288986791,6465241
2024-08-28,699.9171752929688,705.5260671399226,696.0456039162289,700.8602713456622,3599946
2024-08-29,695.4002685546875,697.2367760768582,686.366541978953,692.5710411630597,5728640
2024-08-30,696.2440795898438,703.3420511311629,690.039580197367,693.9112120545982,7404373
2024-09-02,678.921142578125,701.5551434709189,678.2262265517314,701.5551434709189,6186645
2024-09-03,673.9575805664062,687.6571033979487,672.617372314663,682.6438799004587,4457291
2024-09-04,661.9456176757812,668.8946569807566,656.4360343449993,661.7967460451632,5816848
2024-09-05,665.0726928710938,667.5048686848227,662.3923370884295,665.1223167467183,3749608
2024-09-06,662.243408203125,672.0713592587435,660.6054567543973,663.3850603022975,6311131
2024-09-09,653.7556762695312,659.166011828151,646.2606531628409,659.166011828151,5144488
2024-09-10,654.6987915039062,661.9456348489402,648.9410280485703,660.0595033431455,3304741
2024-09-11,642.9846801757812,653.8052905432758,640.7014365636173,653.8052905432758,3825823
2024-09-12,671.2772216796875,672.9648576609895,646.7570275500342,653.2097070267422,8594764
2024-09-13,668.3486938476562,681.4029851825295,665.7179617929914,681.0058729736237,5977861
2024-09-16,680.1620483398438,682.5445396914765,671.6246210384243,675.1487644855649,4258546
2024-09-17,678.0277099609375,686.9621893015648,676.141517863812,683.9840295213558,3395470
2024-09-18,680.2612915039062,682.9416472733793,668.4479008043978,680.0131115361924,3404940
2024-09-19,679.2189331054688,685.8204837497625,663.3354155144181,684.9766961140624,5134590
2024-09-20,689.3447265625,693.7126577918754,683.7358348605306,687.0614223073741,9753966
2024-09-23,685.522705078125,692.9184803461137,682.9416576111554,690.436680631407,2808114
2024-09-24,712.6239624023438,714.4605305883873,687.9548969012999,692.5213842461369,15201960
2024-09-25,713.2196044921875,725.578979022566,710.3406926257078,719.7219075386848,9525319
2024-09-26,729.3016967773438,730.7907766232724,705.5260431191858,713.2196223231508,10573166
2024-09-27,741.710693359375,752.1838761274441,736.6974094198546,741.5121372623263,12936973
2024-09-30,750.6947631835938,758.8847019514988,743.9939041916714,744.5398879913695,8566640
2024-10-01,756.0057983398438,759.927053910582,739.7748528420888,749.5034953657602,4402151
2024-10-03,741.6610107421875,767.0250525807884,739.2785193441014,744.5399226795407,5649089
2024-10-04,742.4552001953125,752.0349103951836,734.6623130168144,737.2434209818017,4624509
2024-10-07,725.9760131835938,747.5180460169865,717.2400906338283,747.5180460169865,5862059
2024-10-08,716.5452270507812,726.6709823658455,702.8457042554899,718.2328630350945,5418558
2024-10-09,722.2533569335938,730.393672297203,704.8311346666858,704.8311346666858,3733320
2024-10-10,724.83447265625,732.8258558812088,721.01246461592,726.5717325134505,3890250
2024-10-11,741.9091796875,744.4902877355744,727.7132974909363,730.6418332614376,5224383
2024-10-14,737.5908813476562,749.5035200773626,734.0667378416142,740.5690410300829,2540789
2024-10-15,721.65771484375,744.5398955143968,715.4035918395914,740.5690160716533,3056619
2024-10-16,727.762939453125,733.5207633853304,720.7642762282097,723.1964521180807,3207796
2024-10-17,729.4505615234375,741.8595601224032,727.0183856798775,735.7046846991535,6213860
2024-10-18,748.0144653320312,750.9430012361659,719.7715712779739,729.4505905705914,5474367
2024-10-21,734.215576171875,759.8774206260804,731.6345288004908,754.4670853302212,2981749
2024-10-22,715.0064697265625,740.3704496965831,713.0706539069539,727.6636477744815,5672302
2024-10-23,711.87939453125,725.8271571772152,708.1070711434623,710.7874269105894,6522834
2024-10-24,685.671630859375,709.7947117416634,661.8959776975581,709.7947117416634,14909729
2024-10-25,673.8086547851562,689.8411059456525,663.5836515894526,689.443993735972,4091651
2024-10-28,687.8556518554688,691.9257792618596,675.8437045554008,676.0422606561353,2587719
2024-10-29,688.5504760742188,691.1315840850028,671.5253666958257,687.855620639404,4293867
2024-10-30,683.3883666992188,693.7126167503309,680.4102071591423,685.9197901901216,3284187
2024-10-31,681.0554809570312,684.5300006360097,674.3049976988932,681.849644765492,4478581
2024-11-01,685.8701782226562,688.8483378144336,682.1971026079684,682.4949064489838,472898
2024-11-04,669.3909912109375,684.8774574214739,656.7834368381709,683.9839853088386,5245661
2024-11-05,692.4717407226562,696.3433724940387,669.8873634348222,670.6815272212867,4931994
2024-11-06,703.0442504882812,709.0501938094563,682.8423640196553,700.8602545739953,5500043
2024-11-07,643.3817138671875,682.6934564844411,641.5948302461331,677.0349411920927,26671445
2024-11-08,645.7146606445312,655.6418594842017,642.2897649266823,649.9833440274269,7886228
2024-11-11,650.5789794921875,652.812599326458,634.0502290730755,642.7365284285718,4933389
2024-11-12,646.9059448242188,668.596850327547,643.4314251862879,663.1368908965129,12009560
2024-11-13,622.0382690429688,645.1686913321023,618.0177655406702,643.2824992738316,7867492
2024-11-14,622.7827758789062,631.8165629005623,620.5988406737782,625.4135077270988,6937416
2024-11-18,646.3102416992188,658.2725036898031,635.2414518037032,637.2268914898021,13618683
2024-11-19,635.3406982421875,650.7774796516285,633.0078308521537,646.3598642410012,5015887
2024-11-21,643.3320922851562,649.1395398127926,629.6821942286088,636.3334293997797,7910597
2024-11-22,647.3526000976562,652.514755516749,642.6868652021573,648.1964483378725,3586402
2024-11-25,655.0462036132812,658.173295543365,649.6855524927561,655.2943835889763,5760810
2024-11-26,661.2506713867188,665.3704830225863,654.450564614159,658.0740163223709,3604133
2024-11-27,656.287109375,664.9237847247748,655.3440739315564,662.3427371907339,2910507
2024-11-28,645.51611328125,658.3222241939741,642.885381316827,656.1878521782487,4686850
2024-11-29,651.4227905273438,653.8052818598146,644.3744430989381,647.7497148917872,3412007
2024-12-02,657.7761840820312,658.5704084777958,648.2957211180325,651.4228130516158,2174126
2024-12-03,662.6901245117188,664.7251880883978,652.2169422003323,660.5558131862501,3306465
2024-12-04,658.222900390625,666.3632154762441,654.8476891732404,662.6901398239853,2785457
2024-12-05,665.9661254882812,669.0435935549953,653.9046149706616,659.1660183604965,5156111
2024-12-06,665.271240234375,671.5749871262866,662.3923283961784,668.5472036631701,2723680
2024-12-09,666.0158081054688,667.6041357162001,649.4869974607047,662.0945523648836,5079369
2024-12-10,664.0303344726562,671.078621198625,659.8608989683487,670.0859013447808,3950822
2024-12-11,665.6187133789062,674.850996614097,663.186537431096,666.1150733441403,3418716
2024-12-12,663.831787109375,674.8509533955602,657.1805518830308,670.0859101526372,6585440
2024-12-13,657.27978515625,660.7046807397563,643.2824595776895,658.1732572530989,4198819
2024-12-16,648.742431640625,661.7470376330564,647.3029757185162,656.4856344678288,2619582
2024-12-17,634.7947387695312,648.8416887034427,632.4618106993023,644.7715614357087,4800541
2024-12-18,628.3916625976562,637.3757650869329,623.6762433285585,637.2765173386447,3753662
2024-12-19,624.7682495117188,628.6398813870647,609.6292709232422,616.0819503216093,5198027
2024-12-20,618.1170654296875,635.9363390311083,616.1812495207481,624.7682402381664,5964142
2024-12-23,629.5333251953125,631.2705849551141,620.9958980212285,620.9958980212285,2921238
2024-12-24,622.882080078125,633.4545100935063,621.1944442201717,630.3771028043293,4830151
2024-12-26,624.172607421875,628.838402848002,622.1871677163581,625.4135072378231,4476967
2024-12-27,612.9052734375,628.2427469929648,611.2176375363086,624.1726197525733,3391148
2024-12-30,596.723876953125,615.7841101706674,594.788121720368,610.9198192654163,8023050
2024-12-31,598.0640869140625,601.4889825213871,593.100487654407,597.0217431876971,3807525
2025-01-01,588.6332397460938,599.3546018726094,583.2229045137193,597.1209822383015,9217246
2025-01-02,594.6392211914062,596.1779249210675,584.3149099761313,590.5690938302616,8525001
2025-01-03,586.8463745117188,595.3837411446628,585.7047224265963,594.6392012432732,6291674
2025-01-06,569.9204711914062,589.5266892452256,567.4386714377582,588.2857893684017,11202314
2025-01-07,580.2447509765625,584.1163826188896,567.8853767546224,568.8780966023154,5379682
2025-01-08,582.379150390625,583.3221858178232,573.2461152423429,578.5075185654445,4077369
2025-01-09,584.960205078125,592.5048521334305,574.4373983024387,575.7775459402843,7595188
2025-01-10,570.2679443359375,584.9601863683939,567.4386563375807,581.733846774508,10613705
2025-01-13,559.6458129882812,569.7715675321293,557.9085532583841,567.4386395403525,7689295
2025-01-14,586.5982055664062,587.6405493297744,564.2123236380213,565.7510879357891,8506497
2025-01-15,587.243408203125,591.859579687347,582.279809011837,589.6755839250183,4390121
2025-01-16,598.2129516601562,602.5809431947621,586.2506897000699,591.6610249490581,4959410
2025-01-17,612.5081787109375,614.4936185122696,599.3050161502422,599.4538877808536,6414327
2025-01-20,613.6498413085938,617.4221648773588,607.7927695583529,612.5578130447307,2995173
2025-01-21,610.4730834960938,623.7754931233362,608.9840037220197,621.4922495879181,3529837
2025-01-22,608.9840087890625,610.919824629628,600.9429415876698,610.5227124502463,4426051
2025-01-23,603.8218994140625,611.7140350017561,602.7795556022878,606.5518792305667,6826419
2025-01-24,602.4817504882812,610.8701854343614,595.5327109698043,604.2686342462979,4608870
2025-01-27,582.6273193359375,597.2202530373618,581.0885550558169,595.6815493480539,2919161
2025-01-28,569.6723022460938,587.3427653068563,564.1627188044808,585.8040009571495,6250865
2025-01-29,579.84765625,583.5703557908727,567.4386577804245,572.3030094168232,4618198
2025-01-30,583.5703735351562,597.4684522436715,577.4651824569758,582.6273380954444,4604752
2025-01-31,589.973388671875,592.0581366899304,580.0461902739272,585.7047054789195,3750965
2025-02-01,582.1806030273438,591.0654583352708,577.7629873120355,589.6756262256857,1740719
2025-02-03,569.870849609375,572.4022732501272,553.540595046446,570.813945637722,8169543
2025-02-04,579.6987915039062,591.5618062997976,575.976091918845,576.2738957674871,5318376
2025-02-05,596.2275390625,600.0991708527138,580.2447731404652,580.2447731404652,3974704
2025-02-06,591.1150512695312,602.3823974158887,586.9456157498478,596.6742582352348,3571342
2025-02-07,602.9780883789062,606.1547435698315,589.6756175513548,591.1150735170756,4687823
2025-02-10,591.6610717773438,601.6875187238217,585.208392303262,600.5955510491493,3434505
2025-02-11,591.5121459960938,602.5809974508334,587.342770763156,589.7252622404325,5303293
2025-02-12,594.5399780273438,600.5459213615696,582.0812946906457,594.6888496592777,3764143
2025-02-13,598.1137084960938,603.5240437865442,585.8039581430032,591.7106533575169,4415122
2025-02-14,601.7868041992188,611.5154469183942,590.7179532857181,604.566407748867,11475440
2025-02-17,606.4028930664062,607.4452973762783,585.3572808255935,601.7867821417609,4470099
2025-02-18,606.9985961914062,609.2322159708891,597.3195771469806,604.5664203133621,2956837
2025-02-19,621.740478515625,623.7755422489695,602.1342599462216,602.580996031789,6101855
2025-02-20,634.1494750976562,639.5101869215928,620.4499522697043,622.4353921169674,6904537
2025-02-21,648.7920532226562,651.4227850913782,633.3056476229826,634.546547449585,7490723
2025-02-24,637.2269287109375,643.1832481171498,631.6180370337619,637.3261764647153,5931712
2025-02-25,614.9403686523438,633.8020471964546,612.6074404779249,631.3698712660246,10249548
2025-02-27,627.349365234375,629.2851811955265,614.9899901186697,620.5491974314388,7263151
2025-02-28,629.7318115234375,631.9654311820793,614.9403221384736,625.413504419721,13041185
2025-03-03,631.9158325195312,638.8152478585438,616.1812465327674,629.8311449912833,5368388
2025-03-04,636.978759765625,639.1626951130686,619.5564767281178,623.4281086455228,4430660
2025-03-05,652.5643920898438,657.6769237333034,633.3552865537322,633.3552865537322,7876653
2025-03-06,676.9853515625,682.5941826731635,657.0316451107444,660.1091131717767,10993614
2025-03-07,686.31689453125,689.5432342810072,673.6597155129718,673.6597155129718,8142832
2025-03-10,684.1329345703125,704.1362039449543,681.5022026326376,684.7781661425706,10707412
2025-03-11,690.4367065429688,693.9112262739542,671.8728318621119,679.0204274268737,5262297
2025-03-12,684.8278198242188,696.8893912162104,678.8218763628121,694.9039513551955,5219333
2025-03-13,672.4187622070312,687.90522813045,668.34863508229,685.1752485590036,4877884
2025-03-17,675.7940673828125,682.4949266627742,672.9151554558367,673.3122676494933,4033068
2025-03-18,675.7940673828125,675.7940673828125,675.7940673828125,675.7940673828125,0
2025-03-19,693.4644775390625,697.8820932345994,685.473094421751,697.8820932345994,5462686
2025-03-20,700.8106079101562,704.682179068366,692.5213605989959,697.385712223069,4670064
2025-03-21,690.2877807617188,709.7947516698099,689.1461891939423,709.7947516698099,7595841
2025-03-24,696.3930053710938,700.6120649189586,690.0395738156307,699.7185927783793,4296847
2025-03-25,688.401611328125,699.2222216408643,678.2758564571445,695.3506504722158,4552278
2025-03-26,686.2672729492188,697.2865004858983,685.4731091263232,689.9403487947786,3646226
2025-03-27,688.3023071289062,692.8192310724038,684.1825559660282,685.9198157625078,5002247
2025-03-28,677.481689453125,692.3724875482594,674.3545976168218,685.4730723126846,4362212
2025-04-01,658.9178466796875,678.1269528889386,657.130962942448,667.1077860169491,5131883
2025-04-02,656.3864135742188,664.1296167182417,647.9979182553545,663.831812864782,8357384
2025-04-03,647.898681640625,653.2097089895482,642.8853975594661,653.2097089895482,5646497
2025-04-04,595.5823364257812,640.3043573271333,592.207064414397,640.3043573271333,9393865
2025-04-07,557.7100219726562,565.8503371871961,542.4717959005195,554.9304183993731,13117998
2025-04-08,564.2123413085938,580.0958600008058,551.9026506766187,570.8139530013706,8831753
2025-04-09,559.89404296875,563.6167427225316,548.1799598616806,563.6167427225316,7009318
2025-04-11,595.9297485351562,603.5240800661645,571.9059146481939,580.7411460639541,12562852
2025-04-15,613.103759765625,614.7913956415647,601.9356613685687,608.5372726573755,4871858
2025-04-16,605.4598999023438,614.841054618811,597.6173883438968,613.649839194432,4447732
2025-04-17,605.062744140625,611.5154231183348,599.6027850056399,604.4671364713146,4518317
2025-04-21,617.4717407226562,620.3506524961118,602.6305669906618,607.04818239856,2655716
2025-04-22,615.5855712890625,626.4558660568025,614.5432275367176,620.449922921089,4970919
2025-04-23,624.5200805664062,628.391712510141,616.1812695510929,624.1726528289907,4674766
2025-04-24,623.7755126953125,627.9449483117052,621.5418929641178,625.4135247345138,3367773
2025-04-25,617.571044921875,629.6822401998679,608.4876939064924,627.7961086852038,3925971
2025-04-28,624.0733642578125,626.9025916226351,617.8688651324895,617.9184890073298,3965901
2025-04-29,618.0177612304688,629.6325961711824,617.1243496755303,626.455880375057,4528870
2025-04-30,620.1024780273438,627.9449284813884,610.5227072464211,618.0177299895767,5905186
2025-05-02,625.909912109375,645.3671983842997,617.2732366520341,619.4572326030927,5494275
2025-05-05,628.788818359375,636.9290731892316,624.9668103323667,630.6253259656881,2552160
2025-05-06,625.463134765625,638.0210652126947,622.8820873697017,634.2983657431063,2778131
2025-05-07,631.6676635742188,634.050215583076,624.7682481147671,628.391700005151,3587997
2025-05-08,615.6848754882812,631.6676411588555,610.5723439214885,631.1712812238586,5791783
2025-05-09,622.5842895507812,625.7113207809874,599.3546203995902,604.6656474579036,3870212
2025-05-12,647.2037353515625,649.4869789484652,633.4049048372341,635.4896529315639,5474816
2025-05-13,630.1289672851562,641.644494085471,627.3989875135387,640.3043464339122,6025310
2025-05-14,645.8139038085938,648.1964557495138,629.3844019638207,630.8734817791924,4819584
2025-05-15,656.5352783203125,658.818582551458,641.5948560187619,644.771571800917,7133226
2025-05-16,652.762939453125,658.1236509960959,649.5862237458391,654.6987553209096,2701320
2025-05-19,653.55712890625,656.9324008386111,647.253381710275,650.2315414420707,3320756
2025-05-20,657.9251098632812,666.1150489902101,650.7775145070715,663.1368893076905,7950974
2025-05-21,658.1732788085938,666.1150378289086,649.834407600938,662.24340607018,8623519
2025-05-22,644.8211669921875,658.8681771178376,637.8225041619578,658.1732611040903,6784976
2025-05-23,645.3671875,650.7775231129528,637.9217881952432,648.2460994674985,3448707
2025-05-26,656.6345825195312,664.8245216015652,648.5438911900451,650.2315271190512,6826417
2025-05-27,654.649169921875,660.8536694840453,651.7206340103675,656.5849859034354,4223074
2025-05-28,645.2183227539062,657.1805856463759,643.1832590403849,654.6491619739071,3546275
2025-05-29,645.2679443359375,648.7920879137631,640.4035925192329,645.2183204583824,4545776
2025-05-30,628.8880615234375,646.1614121536194,627.547913884378,643.0839440852827,9054009
2025-06-02,626.5054931640625,631.1216648507312,613.5008869488823,624.3711817726926,8397065
2025-06-03,627.3989868164062,636.2342183037862,625.0164347820432,631.3698664798012,3783426
2025-06-04,631.220947265625,636.2342314166376,626.0588520694724,629.4836873770846,3066925
2025-06-05,632.6107788085938,636.7305907766671,628.8880790509912,633.3553187601143,3565664
2025-06-06,645.4168701171875,646.5088377757612,630.476387082501,632.6107591134032,5492102
2025-06-09,646.0620727539062,649.8343961036509,644.5233690891065,648.6431807443297,2822003
2025-06-10,653.55712890625,658.6696606821587,647.4023139331907,649.0402654311895,5693888
2025-06-11,650.4300537109375,658.074008625596,649.3380255283802,655.6914567643897,3928464
2025-06-12,646.3102416992188,656.9323561380106,643.481014382852,651.224217040476,6539340
2025-06-13,637.1276245117188,643.2825000563467,630.37714125892,630.37714125892,4543933
2025-06-16,644.8707885742188,646.3102444709759,631.3698228871697,637.1275858833874,3422978
2025-06-17,637.0283813476562,645.6650567232551,632.9581933431112,644.4241568299453,4199339
2025-06-18,640.6517333984375,644.1759373519938,633.3552667095037,633.3552667095037,3412544
2025-06-19,636.6808471679688,640.006494997008,630.4267242742856,638.3188591454907,4392425
2025-06-20,644.4241333007812,649.7351604139051,633.9508901109931,636.6808697765978,7166880
2025-06-23,656.5849609375,661.1514482052952,635.489663228247,639.311610576892,6080547
2025-06-24,664.5267333984375,669.0932207577878,659.8609376933879,663.9310650966863,5510353
2025-06-25,667.7530517578125,672.0217351251808,663.5836161421546,672.0217351251808,5533268
2025-06-26,685.5723266601562,687.9548786146274,667.802677116806,669.1924485979032,8196123
2025-06-27,692.273193359375,694.9535491894592,686.3168739995497,689.9403258464356,5666934
2025-06-30,687.8059692382812,694.9039408706432,686.4161977110291,694.9039408706432,4919088
2025-07-01,689.2454223632812,694.506825775511,679.3678471267395,687.35929088612,5468762
2025-07-02,693.2659301757812,700.6120818018827,688.6001950360086,690.6352587487968,4566893
2025-07-03,687.8059692382812,702.944947950106,686.7636254451384,695.8966607861727,4216075
2025-07-04,694.35791015625,695.6484338411466,684.3810877969188,686.9621351667121,2680991
2025-07-07,687.0614013671875,694.3579288041572,683.0905218665171,694.3579288041572,2481724
2025-07-08,680.6087036132812,691.2308181059925,678.1269039930595,687.0613826258577,3923236
2025-07-09,669.0435791015625,686.9621609207103,659.2652518726974,686.9621609207103,6703774
2025-07-10,670.1355590820312,674.5531747730271,667.6537593220128,670.0859352049938,3641238
2025-07-11,666.0654296875,671.128276946224,656.7338383818669,668.100493366367,4450346
2025-07-14,661.6478271484375,675.5955299161492,660.1587472673833,666.1150667916003,4338084
2025-07-15,665.9661254882812,669.3413974089831,658.074050698936,665.1223378035131,4815703
2025-07-16,661.89599609375,665.7179434884117,659.1660163573304,663.1368959739408,4497141
2025-07-17,669.63916015625,673.0640557439056,663.5339694564224,665.1222969740659,4022119
2025-07-18,670.9793701171875,674.3545812490079,666.1150186211852,671.5749777902114,3400654
2025-07-21,677.7298583984375,682.1474738796396,674.0567828098826,674.0567828098826,4912558
2025-07-22,685.0263671875,687.4585431043716,678.2262599866204,678.2262599866204,3802270
2025-07-23,690.3374633789062,690.933071100425,684.5796393137499,686.962191381457,3640968
2025-07-24,690.5359497070312,699.2719334452119,686.565070040882,691.9257818265096,4593102
2025-07-25,688.401611328125,693.7126384376406,682.9416520006251,691.9257547758942,5220901
2025-07-28,684.3314208984375,688.8979686732774,677.8291178419679,688.4016087362826,5031797
2025-07-29,687.6571044921875,689.9403482026086,680.0131489478948,681.105116629587,2985507
2025-07-30,683.7854614257812,692.4717606323862,679.8145817884762,684.1329497485343,2829322
2025-07-31,678.0773315429688,687.2599908341853,670.0363243999594,672.1706358807257,6136890
2025-08-01,667.5545043945312,678.3254910009429,665.9661162106992,675.0495274710842,3475656
2025-08-04,682.6934814453125,683.7854490895452,666.9092109354642,671.0786465975764,2286286
2025-08-05,682.0978393554688,686.9621912465758,677.1839241768636,686.9621912465758,3302614
2025-08-06,679.8641967773438,686.9621682725548,678.3751169328223,686.9621682725548,2498667
2025-08-07,681.7999877929688,684.8774557137408,669.440613416662,676.9356968330054,3417324
2025-08-08,672.75,686.4000244140625,669.0499877929688,684.0,3471816
2025-08-11,672.8499755859375,683.4500122070312,667.25,673.75,3235082
2025-08-12,667.0499877929688,677.75,657.5,658.0,12238878
2025-08-13,700.5,704.9500122070312,670.9500122070312,673.0,13151356
2025-08-14,695.25,702.3499755859375,688.0,701.0,4179259
2025-08-18,714.1500244140625,719.0,697.0999755859375,700.0,7211389
2025-08-19,706.7000122070312,715.1500244140625,705.5499877929688,714.0,5641195
2025-08-20,700.8499755859375,705.9000244140625,698.0499877929688,701.0,5358070
2025-08-21,707.2999877929688,709.0,700.5,701.0499877929688,3231092
2025-08-22,704.2000122070312,709.5999755859375,701.5499877929688,708.0,5623045
2025-08-25,715.8499755859375,720.9000244140625,707.5499877929688,708.0,4539337
2025-08-26,705.7000122070312,714.0,701.25,714.0,5229246
2025-08-28,701.4000244140625,707.0,698.0999755859375,700.7999877929688,5620555
2025-08-29,703.9500122070312,708.75,697.0,701.0,5335149
2025-09-01,719.5999755859375,721.0,702.4000244140625,704.5,3771744
2025-09-02,720.9500122070312,726.0999755859375,714.2000122070312,720.0,4660894
2025-09-03,742.9500122070312,744.0,723.0999755859375,725.0,8986550
2025-09-04,739.0499877929688,745.0,737.2000122070312,744.0499877929688,3763325
2025-09-05,743.7999877929688,746.6500244140625,738.0,738.0,2778157
2025-09-08,738.75,749.8499755859375,737.4000244140625,745.0,2703395
2025-09-09,742.9000244140625,750.5499877929688,739.0,740.7000122070312,3393363
2025-09-10,743.1500244140625,749.7999877929688,741.0499877929688,745.0,3351988
2025-09-11,742.6500244140625,747.9500122070312,738.0,742.0,3756027
2025-09-12,758.0499877929688,759.5999755859375,745.1500244140625,748.9000244140625,5698959
2025-09-15,753.6500244140625,763.4000244140625,752.5999755859375,758.1500244140625,2554957
2025-09-16,755.9500122070312,757.2999877929688,749.1500244140625,754.4000244140625,2662690
2025-09-17,750.0999755859375,759.7000122070312,744.4000244140625,756.0,4182521
2025-09-18,750.1500244140625,751.4500122070312,736.25,746.3499755859375,4915450
2025-09-19,743.2999877929688,756.7999877929688,739.0,752.0,5132517
2025-09-22,745.7000122070312,752.5,741.5499877929688,743.2999877929688,2232330
2025-09-23,745.9000244140625,752.25,739.6500244140625,745.0,3783529
2025-09-24,741.0499877929688,748.9500122070312,737.7000122070312,744.0,2415165
2025-09-25,745.6500244140625,769.0999755859375,740.0499877929688,746.0,4702510
2025-09-26,743.8499755859375,749.5,731.9500122070312,745.9000244140625,3636265
2025-09-29,753.7999877929688,758.7999877929688,744.8499755859375,745.0,4347158
2025-09-30,761.9500122070312,769.7000122070312,758.0499877929688,759.9500122070312,4718308
2025-10-01,765.9500122070312,769.4000244140625,755.2999877929688,761.9000244140625,3663841
2025-10-03,780.3499755859375,790.5999755859375,764.0999755859375,766.0,6522416
2025-10-06,776.7000122070312,784.9500122070312,774.3499755859375,782.0499877929688,3544658
2025-10-07,767.7999877929688,780.75,765.9000244140625,771.0,4918764
2025-10-08,768.2000122070312,781.5,766.1500244140625,770.0,6393179
2025-10-09,774.0999755859375,780.0,769.25,770.25,6806889
2025-10-10,773.9500122070312,775.75,764.2999877929688,774.5,4365229
2025-10-13,770.2000122070312,774.5999755859375,767.2000122070312,772.25,3077938
2025-10-14,760.0999755859375,781.5499877929688,754.4500122070312,776.0499877929688,3510594
2025-10-15,764.25,768.7000122070312,759.3499755859375,765.0,5690264
2025-10-16,780.0999755859375,780.8499755859375,763.5,765.0999755859375,4180590
2025-10-17,772.7999877929688,781.9500122070312,766.0,780.0,3254932
2025-10-20,786.3499755859375,789.4500122070312,772.0499877929688,774.2999877929688,4845432
2025-10-21,784.9500122070312,791.9500122070312,782.5,791.0,457667
2025-10-23,792.4000244140625,799.8499755859375,784.0,791.5,5916416
2025-10-24,824.4500122070312,826.5,811.3499755859375,811.3499755859375,16905398
2025-10-27,840.8499755859375,845.0999755859375,827.0,834.9000244140625,7308067
2025-10-28,848.9500122070312,859.9000244140625,837.0,838.0,8010504
2025-10-29,856.25,858.8499755859375,849.5499877929688,854.0,5663683
2025-10-30,861.3499755859375,864.0,848.0999755859375,852.0999755859375,4704178
2025-10-31,847.8499755859375,860.5999755859375,845.7000122070312,856.9500122070312,4138495
2025-11-03,847.2000122070312,856.0,842.5999755859375,847.8499755859375,4885067
2025-11-04,831.4000244140625,847.0,829.25,841.5499877929688,4673187
2025-11-06,788.4000244140625,795.0,770.1500244140625,788.0,34786635
2025-11-07,790.4000244140625,802.5999755859375,783.0,788.5,13189011
2025-11-10,785.2000122070312,799.9000244140625,783.8499755859375,792.0,5914226
2025-11-11,793.75,794.7000122070312,778.0999755859375,790.7999877929688,5411465
2025-11-12,794.4000244140625,809.0,791.75,798.0,7589035
2025-11-13,811.9500122070312,816.5,799.0,803.0,5854638
2025-11-14,803.6500244140625,812.5,796.0,807.0,4113598
2025-11-17,807.1500244140625,809.0,799.75,801.0,2770547
2025-11-18,797.1500244140625,804.5,788.3499755859375,804.5,7299555
2025-11-19,790.9500122070312,798.7999877929688,790.0,797.1500244140625,3005726
2025-11-20,799.7999877929688,802.6500244140625,789.2999877929688,799.7999877929688,6016713
2025-11-21,777.7000122070312,787.0,776.25,786.0,5099356
2025-11-24,774.6500244140625,788.0999755859375,771.8499755859375,782.8499755859375,5666985
2025-11-25,789.3499755859375,791.75,772.6500244140625,777.9500122070312,6090783
2025-11-26,800.7999877929688,803.0,787.2000122070312,790.1500244140625,3842280
2025-11-27,807.5499877929688,813.9500122070312,800.4500122070312,807.9000244140625,4481695
2025-11-28,808.4000244140625,815.0,807.2000122070312,812.2000122070312,3200488
2025-12-01,810.7999877929688,817.9500122070312,808.2000122070312,817.9500122070312,2064678
2025-12-02,806.8499755859375,813.5,802.5999755859375,811.0,4237151
2025-12-03,816.2999877929688,819.5999755859375,800.9500122070312,810.7999877929688,4948661
2025-12-04,810.7999877929688,826.25,809.0,824.0,3381601
2025-12-05,823.25,831.9000244140625,808.0,811.5499877929688,4273147
2025-12-08,819.4500122070312,833.5,817.25,825.7999877929688,4354685
2025-12-09,812.9000244140625,819.4000244140625,803.0999755859375,819.0,3394966
2025-12-10,821.75,831.75,813.5999755859375,816.0499877929688,5280811
2025-12-11,824.3499755859375,830.9000244140625,821.1500244140625,826.0,3098584
2025-12-12,852.0999755859375,855.0,830.5999755859375,830.7999877929688,8178645
2025-12-15,847.8499755859375,856.25,845.2999877929688,851.9500122070312,2521938
2025-12-16,837.1500244140625,845.0,831.1500244140625,845.0,2713249
2025-12-17,848.7999877929688,851.9000244140625,840.0999755859375,844.0499877929688,3270389
2025-12-18,856.7000122070312,861.9500122070312,847.5,850.0,4174631
2025-12-19,852.0,864.4000244140625,847.5499877929688,858.0,4939377
2025-12-22,864.5499877929688,872.3499755859375,857.25,860.0,4865457
2025-12-23,863.8499755859375,871.7999877929688,860.8499755859375,871.0,5452783
2025-12-24,864.4500122070312,882.2999877929688,862.1500244140625,865.9500122070312,3683590
2025-12-26,872.9000244140625,874.75,861.0,865.25,2334952
2025-12-29,865.0,887.4500122070312,860.9000244140625,886.0,9836341
2025-12-30,884.1500244140625,888.2999877929688,863.8499755859375,868.0,15280248
2025-12-31,886.7000122070312,890.0,879.4500122070312,886.4000244140625,3539118
