Price,Close,High,Low,Open,Volume
Ticker,INFY.NS,INFY.NS,INFY.NS,INFY.NS,INFY.NS
Date,,,,,
2020-01-01,619.7402954101562,622.3896774086668,616.1237170110657,618.1843417505002,2112415
2020-01-02,617.9320678710938,623.062557139031,614.7360228516574,621.4645602966463,5658200
2020-01-03,627.43603515625,629.11816929876,617.2591441279282,617.2591441279282,7882938
2020-01-06,621.42236328125,633.9963258227109,619.4458762669432,627.5200993341153,6519403
2020-01-07,612.2127685546875,624.576413976731,609.8577395841436,620.7075258131158,7899363
2020-01-08,604.0543212890625,613.1378344961485,595.7277375706849,609.7315234603232,8639443
2020-01-09,611.9183349609375,615.2405601459508,600.7741963116773,606.9981131477696,13521186
2020-01-10,620.8336181640625,624.828686359881,614.3994351674611,622.7680619708962,9341405
2020-01-13,650.6074829101562,653.9297084159871,635.0056975615051,639.2110333069456,36952038
2020-01-14,652.3736572265625,653.4670340900385,645.2666306119829,647.5795649263063,11414418
2020-01-15,645.5609741210938,650.859686024242,641.0192430618195,650.859686024242,6047430
2020-01-16,645.0985717773438,649.7244415880026,639.4213679188077,648.2105308259938,5740586
2020-01-17,645.8132934570312,650.0607229934084,641.1033386593202,648.2103652747873,3762957
2020-01-20,646.3179931640625,651.3223524429509,641.6921243294809,648.9673236048908,3887680
2020-01-21,641.3137817382812,648.042319776191,639.8419140424884,646.318142170911,4448374
2020-01-22,647.7899780273438,654.3502920249273,644.2574854641315,646.3181104038944,9733935
2020-01-23,659.6910400390625,660.658287856233,653.2569067378898,653.5933028182379,12528017
2020-01-24,658.3453369140625,661.4993388475377,650.6495516625163,652.4578666382421,7540490
2020-01-27,654.434326171875,660.0694863204792,651.3224187974897,655.2333502280002,3741610
2020-01-28,654.350341796875,657.5463871839612,649.3039381326317,656.8735436289966,5121009
2020-01-29,664.1907958984375,666.7980837544111,659.6069692687182,661.5834567077947,6832757
2020-01-30,656.6211547851562,664.1907593716351,654.3502631422793,664.1907593716351,3859680
2020-01-31,652.6260375976562,660.195641626236,648.9673648497117,656.4949257895097,6092028
2020-02-03,645.4349365234375,665.242057181126,642.9958213109562,657.7144960957066,6416745
2020-02-04,662.6347045898438,664.3589332396054,647.7057633307895,647.7057633307895,5771311
2020-02-05,659.8592529296875,661.0788106207942,651.3224517612754,656.8734746753693,6310409
2020-02-06,648.7571411132812,661.7516391580695,647.6217209675293,659.6910143244213,7341622
2020-02-07,653.761474609375,655.0651184033688,648.4627619189931,652.6260545095304,2853344
2020-02-10,650.313232421875,654.3503451067559,647.411540033323,650.986075980243,3827682
2020-02-11,650.6074829101562,655.2753953206621,646.9488613454889,655.1913091396193,4312817
2020-02-12,656.9153442382812,658.7657018324144,651.9109855182347,652.4997426620026,2948825
2020-02-13,666.33544921875,667.8073167304354,657.8827346328608,660.2377123846245,4387430
2020-02-14,661.457275390625,672.1808816342858,659.9012703505496,668.2278557324347,5321680
2020-02-17,663.9805297851562,667.3447986787821,658.8079458273388,664.695416391184,2929629
2020-02-18,670.8772583007812,672.0547215548595,659.1023177519982,660.2377379139069,5083346
2020-02-19,673.2322387695312,676.9329035842115,669.6156601395177,672.8537482691964,3985192
2020-02-20,670.3304443359375,677.9841340197113,667.6810625728916,675.5871134414577,4564569
2020-02-24,669.36328125,682.6100890694331,666.2513738141197,672.9378166933391,6627536
2020-02-25,671.5081176757812,677.9002082870512,668.9849159079635,672.0127374954762,6996695
2020-02-26,658.3453369140625,674.073303489259,656.4529357539774,667.7652996223086,8760569
2020-02-27,654.2240600585938,656.6631753198726,649.4720614766744,654.3502406645673,5223386
2020-02-28,615.4087524414062,636.5195142344251,607.2924351165311,630.800268731524,14123957
2020-03-02,623.2728881835938,644.173440577401,617.1331073990622,619.8665760178656,9821523
2020-03-03,628.2772216796875,638.3700284536584,623.4410851004932,635.0057595290015,7826587
2020-03-04,638.1597290039062,640.472663771301,627.0576318534781,634.080573675277,11013444
2020-03-05,634.6692504882812,650.6074832384764,632.2722296460365,642.3650354401867,7755293
2020-03-06,621.506591796875,625.7539707128719,613.2220494214494,623.2307692180619,9216022
2020-03-09,592.48974609375,610.4885517564255,586.2237857495801,609.353131672268,10308654
2020-03-11,576.9719848632812,585.3406121118303,562.7158883814333,580.8829671021214,16165009
2020-03-12,530.8816528320312,563.5150515187185,527.7696937731281,561.832917036573,13965574
2020-03-13,540.2594604492188,560.9917861223903,479.40827299814464,497.9117502015818,16903113
2020-03-16,490.46832275390625,523.2699411824093,487.8189407315845,523.1437605776648,19140152
2020-03-17,466.75018310546875,497.91170793839757,462.58689082114637,494.63152581507444,16059887
2020-03-18,449.3821105957031,486.1367506243738,444.08339849423766,477.72608019834655,15390183
2020-03-19,458.84417724609375,469.3154736179433,428.31344971314985,428.31344971314985,16583991
2020-03-20,492.19256591796875,519.3169847828797,460.90485389057915,462.1664547680168,21354894
2020-03-23,442.7798767089844,471.79669766491696,433.90662723432206,454.17632800590167,17146150
2020-03-24,496.0613098144531,505.6074511322419,439.03697708118455,439.03697708118455,20027097
2020-03-25,509.8550109863281,534.0777391237458,475.79178510520734,502.1171815068917,18339548
2020-03-26,540.8062133789062,547.4085704111733,514.8172161834398,517.2563316143504,14843813
2020-03-27,548.9644775390625,567.6361764431037,540.1753165397977,559.3516351434106,13495283
2020-03-30,527.0968017578125,558.0480631150446,522.3867948402923,525.7510634950928,14624804
2020-03-31,539.5446166992188,556.786494551649,532.9843027101059,546.6936880038849,15175521
2020-04-01,506.99517822265625,536.1802134407963,499.5937988766008,533.5308318522852,13083824
2020-04-03,492.6130676269531,509.6867214617925,489.62728934406925,507.5840534689633,10221655
2020-04-07,537.4419555664062,541.8575584877266,515.4901215771391,517.2563422117995,15145605
2020-04-08,531.2179565429688,551.4456612406818,526.8023542952592,529.8722697251504,11806896
2020-04-09,535.12890625,549.0485555483924,531.6384574867653,544.0021532890604,11931114
2020-04-13,536.09619140625,548.1234406992095,526.5500489967274,529.0312072148263,8330276
2020-04-15,537.4839477539062,549.4691545480491,534.5822558420756,547.8711577762954,11963447
2020-04-16,524.6995849609375,533.9934156266671,507.58389342968775,521.4194547271373,17783287
2020-04-17,528.8209228515625,543.3293298800944,526.5079883977386,541.6471957318588,8878320
2020-04-20,549.4691162109375,555.9453430305707,537.4418671657106,538.282934250477,13322913
2020-04-21,532.5636596679688,543.7498410261695,528.0218771208939,528.0218771208939,11660575
2020-04-22,539.8389282226562,542.488310271803,528.2322118512158,532.5637281957789,8266728
2020-04-23,571.3369750976562,574.9956484515812,536.6849939827592,544.2125561693358,14451289
2020-04-24,553.4221801757812,567.7203216088942,550.7307550508507,562.2954282688096,7319940
2020-04-27,558.9730834960938,572.7666022335231,555.9873060421302,555.9873060421302,7183306
2020-04-28,555.693115234375,569.402500473676,549.258930551876,566.0382316377902,7296571
2020-04-29,569.02392578125,573.6077516589464,553.4221416298926,560.1506783062439,8639056
2020-04-30,601.7835083007812,605.5683102397799,587.1489202694552,588.7469682886748,16253821
2020-05-04,566.626953125,589.7562999093207,563.8093473522927,580.168113799409,9122740
2020-05-05,566.626953125,576.6356214781432,563.5149943816311,573.3975334622045,6393053
2020-05-06,560.0665283203125,573.1451097279262,558.5105235903936,569.3182651961962,7934250
2020-05-07,559.2676391601562,567.1736399581171,557.1649711817623,559.7722589411038,4779548
2020-05-08,567.0474243164062,572.6825839071761,562.2533317888959,565.4073332761186,8400321
2020-05-11,574.36474609375,587.5274154760135,570.2434967485754,574.0282987181456,7370186
2020-05-12,578.3598022460938,581.1773564504479,568.1408166168994,570.6640178750056,7356039
2020-05-13,583.8267822265625,588.6629183350881,575.0796633398852,584.3734450728143,8287101
2020-05-14,553.54833984375,564.9868320237259,548.8803763082393,554.2632263545,16888262
2020-05-15,548.6281127929688,559.1414525725928,543.9181571055639,559.1414525725928,9255353
2020-05-18,558.384521484375,563.9775874320625,549.21686868607,554.9781583367356,10435442
2020-05-19,562.3374633789062,567.552089859209,550.8989709286053,558.4685751093036,5902208
2020-05-20,563.1365356445312,566.0382277625507,554.8100011335205,562.2534253480909,5794636
2020-05-21,565.3653564453125,571.4630933685396,559.6461100118395,560.5712633559801,7213225
2020-05-22,582.3126831054688,585.2564174345474,566.458591609863,567.720192036611,11867731
2020-05-26,572.3882446289062,588.2844344633843,571.0846007997575,582.8595410224328,7099606
2020-05-27,593.330810546875,596.484812249405,567.7203064553988,577.0140878719212,8774636
2020-05-28,594.970947265625,597.1577014129889,580.3363577112145,594.6344998577227,9440091
2020-05-29,589.0885009765625,597.4431465895127,575.4056308612918,590.3672748571195,28290128
2020-06-01,596.3775634765625,602.4304583583724,589.5148200132496,595.6955610762953,12276438
2020-06-02,603.6666259765625,606.6930997401761,594.6725915821884,597.1875244687976,7059304
2020-06-03,598.0826416015625,606.9062141918644,593.3511877952305,605.8831844958719,11378568
2020-06-04,603.3681030273438,604.8173904035074,594.6298154172692,598.4661368070581,10782424
2020-06-05,599.78759765625,606.7356235946554,597.2726651490909,602.7287881465396,7718679
2020-06-08,614.5361328125,618.7560973850326,600.1712591421498,603.2829633303422,10719105
2020-06-09,611.7654418945312,621.99563357861,609.5915365683536,613.8115010447252,10078029
2020-06-10,610.2734985351562,613.3425870572468,604.6042989056473,609.5488808188883,7263049
2020-06-11,600.1287231445312,608.1850107518366,596.9744031460655,606.9914673902158,8825715
2020-06-12,589.983642578125,592.6264731974438,575.8745142565444,576.1302586304287,9795316
2020-06-15,586.1472778320312,600.5122015062036,584.1865017316301,590.7934997446474,7857344
2020-06-16,597.7843017578125,606.9914652624055,596.0366541535651,598.4663042334391,10131760
2020-06-17,599.8729858398438,605.5421867912,595.0562489710375,596.6760504048275,7291916
2020-06-18,608.6111450195312,610.9128964105056,601.876248339466,603.7517937976373,6670195
2020-06-19,601.4927368164062,606.9062453872928,597.6137988851125,604.4339278310197,22438862
2020-06-22,599.9154663085938,604.1780459298948,596.7611469821425,602.8139892310129,7804096
2020-06-23,614.3656616210938,617.6478273297574,590.0262887724396,593.0953775196116,12157390
2020-06-24,608.8243408203125,619.6086373298346,604.7748896965528,611.1687598919627,10220838
2020-06-25,597.1875,601.5353110924012,591.2198875802998,600.8959240474334,14945284
2020-06-26,637.8524169921875,640.7509398784986,605.2862986844485,605.4568122738649,26030458
2020-06-29,623.82861328125,634.8687064238363,622.4219409995899,626.9403176456741,8954428
2020-06-30,627.4091186523438,629.9666664813226,617.4346717126376,624.7236726185384,10411290
2020-07-01,623.95654296875,632.8226790261972,622.123612573959,628.5174832067848,5477468
2020-07-02,645.0135498046875,652.5583472155681,626.94025321164,628.6026176947248,17263756
2020-07-03,650.2139282226562,651.3221885556562,641.5182550891772,643.6495449731943,7796572
2020-07-06,651.3222045898438,660.6998803103781,649.1909146533586,652.3452341660457,8810958
2020-07-07,677.0255737304688,679.4126080233551,652.6435859361666,655.9258036181499,19362533
2020-07-08,660.4441528320312,669.1398264021884,658.3128628409852,669.1398264021884,8476642
2020-07-09,666.4116821289062,673.487553614625,660.6998152548535,664.9623947081107,6854166
2020-07-10,666.53955078125,673.4023455592946,659.4210636675116,659.4210636675116,5206452
2020-07-13,679.497802734375,686.5736744543672,670.1201276267259,671.7825440752249,10804688
2020-07-14,667.733154296875,687.4689204303594,666.1133530900535,676.0025698700881,8961822
2020-07-15,708.3981323242188,723.3171613073787,677.5796602113422,681.1602375739893,30060599
2020-07-16,776.6420288085938,814.5789885034153,762.3623866762733,767.3495841598553,90432109
2020-07-17,769.949951171875,784.2295961184561,760.5722738935232,776.6421818707715,31682878
2020-07-20,796.5057373046875,805.6276694715315,773.0189304691123,774.5108335607263,18421053
2020-07-21,798.5942993164062,809.6343910427079,792.1578144363707,805.627555755542,12877784
2020-07-22,782.5244140625,800.5124798572022,775.7895172205048,800.4698644662415,14354201
2020-07-23,774.0419921875,780.7342226621627,767.8186351543536,780.606376469087,13051307
2020-07-24,786.7444458007812,789.2167632530321,770.0351513997313,770.0351513997313,18209580
2020-07-27,808.5686645507812,812.2770876675309,783.1637027464993,785.6359674798532,16827870
2020-07-28,820.8449096679688,824.8517447859435,802.3879717392343,806.4800376334346,15818463
2020-07-29,813.42822265625,818.4154208134515,804.4341365611746,812.6609373858569,11152710
2020-07-30,819.6514892578125,829.1996785226145,817.3496857335426,820.1203626343344,12492320
2020-07-31,823.5304565429688,840.9644191611527,812.7034929291409,826.3011335447954,12704346
2020-08-03,815.7724609375,823.0188458691074,807.7161755186133,818.4152393344751,8479792
2020-08-04,809.7623901367188,827.5373818961489,801.8340008783717,818.7990919427473,11133170
2020-08-05,805.3719482421875,819.2253344916073,799.9158245367275,811.5953051967749,9614176
2020-08-06,827.6651611328125,830.6916346449389,803.4963526644548,812.8740289289736,10976491
2020-08-07,810.657470703125,826.4716318133721,809.0376695187394,826.4716318133721,8010948
2020-08-10,811.0411987304688,815.6874220414684,805.8834865553126,808.9525758406171,5716319
2020-08-11,808.5686645507812,820.1202438574708,806.5652210926052,809.8048229341771,6802442
2020-08-12,814.1100463867188,817.3922116967243,803.2404689651308,808.1850506404202,6908726
2020-08-13,810.9131469726562,825.661661863057,808.3982146222446,813.982183446535,5097703
2020-08-14,812.959228515625,820.9728996474734,811.6378391357582,814.8773894961097,4663873
2020-08-17,816.2841186523438,829.0292440186709,813.3855432662033,813.3855432662033,9008210
2020-08-18,824.851806640625,826.2584787879165,817.3070612084666,821.7401546068832,6141761
2020-08-19,817.818603515625,828.2619247087329,816.241469699841,827.7078205185552,6622744
2020-08-20,814.2805786132812,823.1040973206389,810.9983611946828,817.4775132222428,5656501
2020-08-21,808.8671875,821.3565679775162,806.9490264594328,821.0155407569249,6513773
2020-08-24,807.673583984375,811.5951363086242,800.6829432019192,807.332556811205,5798574
2020-08-25,799.7452392578125,808.7393246898694,795.9089172555522,807.7589104759129,6233918
2020-08-26,810.5721435546875,813.5133339478789,800.0009771421063,802.4306267523615,5153601
2020-08-27,807.3751831054688,819.2251750817397,805.7980494834962,818.4152745596017,6154280
2020-08-28,797.3154907226562,812.0213899100028,795.4399453471472,811.1262586270263,7593610
2020-08-31,791.646240234375,810.3163591706738,779.711017690041,797.31549175631,12808355
2020-09-01,779.3275146484375,797.1024522625171,777.5798152386446,789.6429373349267,6907773
2020-09-02,787.7247314453125,789.7707905221844,778.7733140425248,780.0520879572088,5678118
2020-09-03,797.5712890625,809.3786662262877,787.7247402164828,789.8560300980209,8827948
2020-09-04,783.590087890625,792.4136075159664,779.5832523571739,780.0521257419142,8650342
2020-09-07,788.619873046875,790.7511629324314,778.3896815962045,783.3769311484731,6700385
2020-09-08,800.7682495117188,811.5952128631155,789.0461547881181,792.7972459130488,12891964
2020-09-09,790.9216918945312,806.4801083613328,789.4297889456599,797.1024326827127,5528947
2020-09-10,801.4076538085938,803.070070411996,788.4067848343019,797.3582028166012,5171884
2020-09-11,806.2244262695312,813.4281971859399,793.6924301240407,797.0172634803677,6671903
2020-09-14,834.1016845703125,844.885980871222,808.4409214623822,815.8578211522744,21871587
2020-09-15,837.5543212890625,847.4008702906807,828.3471592620098,835.0393887824163,11608203
2020-09-16,854.0079345703125,857.3327679066014,837.1707429478881,840.5808070739487,10059251
2020-09-17,861.8936767578125,870.4188367653081,848.2534207458194,848.2534207458194,15628241
2020-09-18,854.3488159179688,868.5431741989687,851.7486008390696,861.8935606952483,12897633
2020-09-21,860.9559326171875,878.9439994749248,852.9422613721263,853.3685193738115,14140637
2020-09-22,858.9097900390625,871.6975288485771,845.0137909394118,860.188563920014,12625762
2020-09-23,869.3531494140625,884.0590497105984,859.4213176757776,869.6941766111281,13486204
2020-09-24,831.5441284179688,860.1886452460848,826.9405211979209,855.073549238675,14427432
2020-09-25,862.2772827148438,865.2184731991076,831.2030654016025,831.885067766525,13311078
2020-09-28,861.3821411132812,866.2841078509341,851.2371804428481,865.133180092462,8554526
2020-09-29,860.1885986328125,876.3864017785245,856.0112496397511,867.8612422281498,8708463
2020-09-30,859.5492553710938,872.9337669524186,856.7785783763444,860.188642369882,8048817
2020-10-01,867.5628662109375,875.1076114583554,862.5330013570299,870.0777466044478,5563358
2020-10-05,894.033447265625,899.3191086674569,867.903864263749,867.903864263749,14212509
2020-10-06,900.043701171875,903.666893906879,879.2422914798864,899.404314218639,9090819
2020-10-07,909.2509765625,913.8971471108864,882.7803132773535,890.7939844478612,9284008
2020-10-08,932.3966064453125,958.227880070405,927.878334575502,929.2423392141828,21482613
2020-10-09,943.5648803710938,949.106235134229,927.921126363177,933.5903793573049,10567867
2020-10-12,965.13330078125,971.8681977015069,948.0829815233288,957.375426332274,14633537
2020-10-13,987.0430297851562,994.0762865240634,968.0745494893155,968.0745494893155,17523825
2020-10-14,969.3104248046875,993.095635461553,964.280560977816,990.6233189296806,16649573
2020-10-15,944.8008422851562,1011.0839602528268,931.3737154942777,1005.9688643324922,44288251
2020-10-16,961.2117919921875,968.41551058036,935.1248231514991,949.5749277546903,18365685
2020-10-19,959.84765625,971.0155935361174,950.8110086775264,967.6055299942873,12902123
2020-10-20,969.73681640625,975.8748891338935,946.292629635989,953.880041804104,10448776
2020-10-21,978.9866943359375,984.1017901611614,967.6056269381925,972.8486209724251,19811433
2020-10-22,962.533203125,987.2134989725573,958.0574942566011,973.5732433736274,11271335
2020-10-23,967.229248046875,978.0001750852589,965.2043348006257,976.2768267591174,9069862
2020-10-26,958.5692749023438,973.3470062059658,950.5557691805893,967.0137228429343,6309368
2020-10-27,939.9571533203125,956.1996887637388,928.1522604456292,952.7529924283772,10172479
2020-10-28,927.6353759765625,951.934545658751,922.0344938341937,943.9640595330724,7608392
2020-10-29,926.1704711914062,932.3314626144114,913.4607770383909,921.991372456026,6935616
2020-10-30,913.8916015625,933.7101074269049,906.7827896763548,923.7147081148677,8800386
2020-11-02,923.9732055664062,930.5649284694773,905.7056510202381,917.6829423850463,7183119
2020-11-03,915.572021484375,930.0912116403529,911.2205244238265,923.714801118054,7204782
2020-11-04,942.6284790039062,961.6284377922875,919.2341078775322,920.2680748764902,15702690
2020-11-05,951.288330078125,967.6601401066434,946.9799590179886,956.3722289660541,9568890
2020-11-06,958.8280029296875,966.0229617394616,940.6897182480938,954.7350503222591,8807127
2020-11-09,979.3357543945312,987.4785326817189,966.0659520283349,973.0886170804454,10160320
2020-11-10,940.1295776367188,959.7756841888363,928.8846884530361,959.7756841888363,15622869
2020-11-11,967.229248046875,970.5466725377303,936.6398152578646,944.394882725501,12514800
2020-11-12,963.1361694335938,984.0317651470938,959.6894732334288,972.0544748145564,9180976
2020-11-13,968.69384765625,976.2766207652447,962.4898370651176,965.0748590088915,6363212
2020-11-14,976.66455078125,982.0069937727832,974.6396375086227,979.7235361739331,1136144
2020-11-17,968.2633056640625,986.61700913056,958.7418683811762,986.4015905696144,12813968
2020-11-18,956.9323120117188,976.0183111371115,949.0909927493254,972.3993216197281,9839468
2020-11-19,945.041259765625,960.5082709059944,942.4993627319201,947.8417011554023,10092343
2020-11-20,950.7282104492188,955.5966907311198,940.1727014668417,953.0116681231907,8063554
2020-11-23,982.1792602539062,986.4446104134439,949.5217888849451,952.1499371201602,10546363
2020-11-24,982.3515625,995.1474013624497,976.5782831381923,986.616807059209,8515426
2020-11-25,961.3267211914062,985.3243236020288,957.5353341519498,979.7234420074393,8958701
2020-11-26,959.215576171875,965.0318764082738,946.3767160942049,965.0318764082738,10962256
2020-11-27,947.8416137695312,965.936771850586,940.0865460205079,963.3517492675782,25306145
2020-12-01,980.4558715820312,982.5239104968241,952.1930236959578,952.1930236959578,8933802
2020-12-02,983.0841064453125,988.7280092906063,965.9367689918088,977.1385334850233,6741637
2020-12-03,970.6329956054688,988.340444953867,967.4017169057504,988.340444953867,16212632
2020-12-04,977.6986083984375,979.7235216410278,960.7666900877274,969.383431702864,10564055
2020-12-07,985.324462890625,993.5103679168261,978.8619062909926,988.5988669750417,7792141
2020-12-08,993.8118896484375,1005.573763185388,986.616931317283,986.616931317283,12308330
2020-12-09,1012.6395263671875,1016.3447676789543,996.9570972484528,1006.47863968937,10039346
2020-12-10,1006.2198486328125,1009.5803983871111,990.9251345987877,997.3015434583871,9488782
2020-12-11,1002.2994384765625,1009.8390881110338,995.4491703111808,999.283578622774,10574009
2020-12-14,1003.462646484375,1010.3990600945316,989.3741903626923,1007.6417449625785,6728187
2020-12-15,994.8892211914062,1002.730437036712,992.6488888334419,996.0955863641135,6905926
2020-12-16,1004.4534301757812,1007.210850334972,994.0271948738754,999.5419300074329,7788404
2020-12-17,998.8528442382812,1007.2111483750988,996.2678212405788,1004.6261253773964,6658153
2020-12-18,1025.2198486328125,1029.7005117144608,1012.9840137509185,1019.2311507466757,15995676
2020-12-21,1014.4490966796875,1042.4103829179542,992.6918227233508,1023.6689687179414,10858352
2020-12-22,1051.67333984375,1054.559927318439,1013.4149851000539,1018.4988838142667,10901851
2020-12-23,1079.720947265625,1084.7185947409778,1060.3332768878963,1066.7527078945845,15878346
2020-12-24,1065.072509765625,1077.0066772141781,1056.4126413899178,1077.0066772141781,7313885
2020-12-28,1068.7344970703125,1075.3693459932929,1065.0292561279728,1067.1403157348757,4607051
2020-12-29,1077.351318359375,1080.9271822212474,1064.1676607314378,1064.1676607314378,6878105
2020-12-30,1074.33544921875,1079.9363315947858,1066.881946250596,1079.6777872573402,5194690
2020-12-31,1082.0904541015625,1084.3307858845285,1067.6142861142157,1071.0609827602664,7430470
2021-01-01,1086.0970458984375,1090.4485420516723,1082.090345597035,1083.8998401178012,4253550
2021-01-04,1110.0517578125,1111.5596876212885,1086.7004086676557,1093.4645299158258,7208454
2021-01-05,1114.834228515625,1119.3148927096533,1098.6778357224719,1104.6664299105278,8145280
2021-01-06,1104.75244140625,1121.8997785672482,1092.6459823290795,1120.1764302130741,7161715
2021-01-07,1087.5621337890625,1118.151568485968,1081.8319792102795,1116.7297849912563,10954918
2021-01-08,1130.6026611328125,1134.6525928560131,1101.435011419496,1101.435011419496,13186251
2021-01-11,1185.8358154296875,1191.9968060794633,1154.6432561072857,1156.452750620937,20528626
2021-01-12,1182.0015869140625,1187.3870506780231,1171.8769150378166,1187.3870506780231,8309868
2021-01-13,1195.271240234375,1200.13971990124,1171.8767675510776,1183.81093271307,14442997
2021-01-14,1180.924560546875,1192.5571629309559,1136.0743737254254,1171.8769809148123,27521697
2021-01-15,1158.90869140625,1175.7113385699836,1154.6434461232384,1171.8769303937345,15018441
2021-01-18,1130.559814453125,1154.6435692146695,1125.3466428316106,1152.9202206039013,8861765
2021-01-19,1134.5233154296875,1146.8883187154604,1130.5165095076513,1137.4099028583078,5585744
2021-01-20,1154.16943359375,1161.8814805840243,1137.883875806407,1137.883875806407,8225838
2021-01-21,1154.3851318359375,1172.7819641087622,1150.3353042992405,1163.2604200778837,6142421
2021-01-22,1155.3759765625,1168.4303633850782,1143.0540970506927,1143.441808415928,9646591
2021-01-25,1141.8043212890625,1161.4505327125012,1131.3780857852798,1158.9516568021336,6542611
2021-01-27,1121.0379638671875,1143.9154524750704,1107.337325131923,1137.0650805150267,8133665
2021-01-28,1099.6685791015625,1117.1174817647845,1096.5235523990264,1113.1107808566571,4660690
2021-01-29,1067.6575927734375,1112.5508031568647,1060.7210725241762,1108.3285780131775,12183519
2021-02-01,1086.485107421875,1101.1765906055678,1069.3377684222917,1077.5667997697462,8880279
2021-02-02,1095.4034423828125,1115.351223255505,1088.811613019999,1102.943092428712,6892490
2021-02-03,1106.9495849609375,1123.6229567250703,1096.9110612814527,1100.9178666349594,8182968
2021-02-04,1102.3828125,1114.4893764883388,1096.0926542603552,1107.251292527457,5032240
2021-02-05,1096.135986328125,1110.482886166001,1087.4330959002857,1108.4579723572006,5477481
2021-02-08,1123.2353515625,1128.7931076138423,1099.0653501995846,1107.6820914790796,6921922
2021-02-09,1124.958740234375,1147.7499796635198,1118.3237860998943,1126.1219793119321,7965949
2021-02-10,1117.16064453125,1123.924766232091,1106.0450258741864,1116.5575146413062,5951207
2021-02-11,1113.8431396484375,1116.7297270881256,1105.5710886329,1110.6980078831743,4673317
2021-02-12,1128.620849609375,1140.6411619904115,1121.5120378349307,1124.4847715939468,5797875
2021-02-15,1128.49169921875,1144.648091358565,1126.2943878137974,1137.410006642959,4363513
2021-02-16,1111.904541015625,1137.1946607577725,1108.1131530475434,1132.240033518252,6896421
2021-02-17,1104.0631103515625,1115.4371668503802,1098.6345212315448,1111.9043239367195,4575741
2021-02-18,1113.670654296875,1125.3463804868834,1098.6344832471489,1099.4961573516564,6437551
2021-02-19,1112.679931640625,1119.7456179756161,1100.1856557955718,1116.8159046715325,5389696
2021-02-22,1090.1904296875,1127.5440997908606,1085.709764795623,1115.8683693732792,7371303
2021-02-23,1091.1810302734375,1112.4213189416287,1083.5983609236966,1095.3171082349922,6612942
2021-02-24,1098.031494140625,1100.013281724026,1078.8161170740752,1085.7526365780805,4537258
2021-02-25,1098.2469482421875,1119.9610970869585,1096.049636849095,1110.2241360693142,8788221
2021-02-26,1079.936279296875,1098.0314368662373,1072.5689230697005,1093.4645216914641,15132388
2021-03-01,1091.7413330078125,1106.8206331874785,1084.8479386399652,1088.5531801866234,5756286
2021-03-02,1124.0540771484375,1128.7932855994275,1102.253676199945,1104.8818247785234,10461434
2021-03-03,1157.7022705078125,1160.6750040567447,1127.0697144069948,1136.7204221811978,9056399
2021-03-04,1146.328369140625,1175.194457817251,1142.4939606291623,1150.3351756207683,12041941
2021-03-05,1134.56640625,1154.6434577003683,1124.5279857096573,1144.7342041454772,6486176
2021-03-08,1150.9813232421875,1159.8996302572925,1134.9972246111543,1141.5460327392925,5119392
2021-03-09,1159.42578125,1163.6479007526516,1136.33287023034,1145.5958680350614,6518173
2021-03-10,1178.8994140625,1183.94018639556,1167.5683788689837,1169.2055806586063,7925984
2021-03-12,1184.672607421875,1199.1917948727676,1180.536634880443,1183.0785313845056,9462061
2021-03-15,1183.595703125,1189.0242928563487,1170.5844432688077,1180.493696929162,6658635
2021-03-16,1192.556884765625,1211.5137138587202,1189.5410255917236,1194.3233586414099,9352771
2021-03-17,1195.1422119140625,1206.3439774186643,1190.8338405661386,1199.6660018293824,7626744
2021-03-18,1152.1446533203125,1200.9585220891945,1131.809161445135,1200.9585220891945,10961755
2021-03-19,1158.477783203125,1167.740780430042,1135.6865437280399,1146.026633655761,12767112
2021-03-22,1181.1829833984375,1185.663646967112,1151.2828268647472,1163.346265133308,4862758
2021-03-23,1181.829345703125,1191.910892235116,1171.5322754263343,1182.6047683710906,7165335
2021-03-24,1166.4913330078125,1180.8812486522415,1160.0287771462733,1170.0241758418215,6134303
2021-03-25,1149.3013916015625,1165.414661295622,1143.9589470488438,1160.4600333455667,8749994
2021-03-26,1151.3690185546875,1169.0333395716661,1147.750029005632,1158.6932492202639,4922071
2021-03-30,1193.677490234375,1206.3440607988207,1151.326175920074,1160.5891749583507,10546381
2021-03-31,1178.8135986328125,1196.003959287828,1174.7206456021086,1190.833913354307,8220987
2021-04-01,1193.5911865234375,1199.105923026061,1181.3554536579588,1189.110522281534,5675155
2021-04-05,1214.874267578125,1227.8855247330691,1195.1419107401873,1198.5886069499645,9479572
2021-04-06,1215.865478515625,1228.7474663306377,1211.9016928634576,1226.162443610447,5793571
2021-04-07,1232.3665771484375,1236.4595301908835,1212.031084121887,1215.1762164441059,5879234
2021-04-08,1240.681640625,1250.8924593912707,1224.4391021437357,1232.1941703487278,5654434
2021-04-09,1241.7156982421875,1253.7360117447722,1232.23728165855,1253.7360117447722,6052712
2021-04-12,1228.5318603515625,1273.1666212515227,1219.2688636839985,1270.107636092024,20384532
2021-04-13,1203.88818359375,1236.7179510500807,1184.8020781702567,1234.7791840130749,14855206
2021-04-15,1172.5230712890625,1177.3915511559262,1137.4098505247566,1148.0084843876693,25342491
2021-04-16,1166.4913330078125,1181.225939335156,1160.3303420495129,1176.1851668001211,10879878
2021-04-19,1174.07421875,1188.851847075062,1148.0515948995885,1154.6434235411007,12508028
2021-04-20,1164.42333984375,1188.248651092987,1156.7113982865865,1188.248651092987,8560766
2021-04-22,1164.2080078125,1176.013007638109,1159.0810883205606,1168.0425211701513,6622446
2021-04-23,1149.3013916015625,1161.8818171855994,1146.8886611345456,1157.2287542477045,7316262
2021-04-26,1157.7022705078125,1164.3802447330834,1138.271477623578,1147.9653111763905,7088606
2021-04-27,1161.9677734375,1165.8453077203837,1154.7728141940079,1159.8135877247869,3636115
2021-04-28,1168.43017578125,1171.4460353795055,1158.6070691956795,1170.1535241231102,4879234
2021-04-29,1168.7315673828125,1179.6317650655612,1164.4663229431724,1178.7700910224162,5412357
2021-04-30,1167.0084228515625,1183.8541954072941,1159.7273179909107,1160.0720087052553,8354677
2021-05-03,1165.026611328125,1172.7385531266991,1152.920047085616,1155.3327768515082,4560337
2021-05-04,1145.5096435546875,1167.5253551205797,1140.9427284558226,1166.706806746648,4887060
2021-05-05,1155.935791015625,1158.003829867303,1144.1308980639017,1155.5911003428744,3939788
2021-05-06,1173.255615234375,1175.9267843211148,1152.4031408587186,1158.9518439960027,4810090
2021-05-07,1165.4576416015625,1183.1219651314254,1161.967818537575,1176.4439891628188,4991435
2021-05-10,1154.255859375,1165.7591903300936,1150.3783249956527,1163.1310416212618,7195348
2021-05-11,1146.586669921875,1155.5049758799562,1141.804336560745,1151.972133083135,6420988
2021-05-12,1143.4415283203125,1146.0265506149326,1132.6706020927286,1146.0265506149326,5241898
2021-05-14,1134.307861328125,1143.3123140362059,1129.913344241812,1143.3123140362059,4824609
2021-05-17,1145.5096435546875,1150.2918720076307,1137.6684297752622,1137.6684297752622,5017129
2021-05-18,1154.6434326171875,1158.6071129160698,1145.5958534810081,1152.9200842102962,5620150
2021-05-19,1152.05859375,1169.6797919469534,1148.8273149717184,1156.3669654543755,4435878
2021-05-20,1154.0404052734375,1162.4847501064953,1150.3351637955125,1161.8816201844372,4490092
2021-05-21,1167.1378173828125,1169.7228402341586,1160.1151509330189,1161.1060973963379,4969733
2021-05-24,1161.579833984375,1174.4618199428319,1159.0378322316353,1168.990210343967,4225371
2021-05-25,1173.255615234375,1178.770351365451,1167.0946234282085,1170.1536090309082,4099340
2021-05-26,1203.97412109375,1206.3437248389694,1173.6432352288718,1178.6840076135552,6850024
2021-05-27,1208.2825927734375,1220.346031032541,1199.1918882971079,1209.9628153141646,15365391
2021-05-28,1210.6954345703125,1218.4073769544673,1202.983387001314,1214.7452614296749,4261312
2021-05-31,1213.91796875,1220.6680058856502,1204.5550140134528,1220.6680058856502,4429904
2021-06-01,1208.213134765625,1220.2325990400163,1200.7663829103165,1219.361626449695,4791325
2021-06-02,1200.766357421875,1212.3502288353206,1188.8775605523726,1202.595378558746,9272276
2021-06-03,1210.3470458984375,1218.4906181150707,1199.3728128462976,1208.9969958950846,5115645
2021-06-04,1206.863037109375,1216.6614775007154,1199.895257275533,1214.0920448950565,4194328
2021-06-07,1210.3470458984375,1212.3938101616714,1199.5905559874905,1211.5228375969002,5154576
2021-06-08,1230.6405029296875,1238.3051031560915,1215.4856670818356,1215.8775621634632,7360630
2021-06-09,1232.6875,1241.1358912581513,1223.3680298666877,1231.0326308810106,5394317
2021-06-10,1240.526123046875,1244.6196510998668,1235.90992645956,1240.2647887797134,3496575
2021-06-11,1260.2100830078125,1264.3036110722962,1245.011549675881,1245.5777030430665,6140828
2021-06-14,1273.187744140625,1286.426484664051,1265.9150381321408,1281.2006492490314,7132294
2021-06-15,1283.7264404296875,1285.5554614889663,1274.2328185354727,1275.103791070357,5403104
2021-06-16,1289.561767578125,1297.2698523733502,1278.1520499296114,1282.6810640692133,7661710
2021-06-17,1302.365234375,1308.7668610479423,1284.7715259128947,1284.7715259128947,7677951
2021-06-18,1309.3331298828125,1320.2202871980096,1295.4846445139028,1314.297631090584,13533974
2021-06-21,1306.72021484375,1311.5105640723955,1292.6974711367075,1300.3620724304985,5454052
2021-06-22,1316.7796630859375,1325.1409772519048,1308.2876817899016,1314.907051074631,6427862
2021-06-23,1309.2022705078125,1328.2329974366169,1305.2828944498028,1328.2329974366169,5529809
2021-06-24,1358.020263671875,1366.3380934780537,1316.2135841582835,1321.2652671274627,10785137
2021-06-25,1371.0850830078125,1374.3948215572673,1343.9107792540326,1369.1689857338558,9780240
2021-06-28,1368.9947509765625,1376.267350793857,1359.2397942372882,1369.9527995556255,5019178
2021-06-29,1361.373779296875,1370.6060676901361,1358.0204496956374,1359.5882429201095,5913567
2021-06-30,1376.83349609375,1385.7173738759964,1369.2124860237218,1369.2124860237218,6058722
2021-07-01,1359.0654296875,1373.3928839350976,1357.8896381461875,1373.3928839350976,4814317
2021-07-02,1365.5107421875,1366.9477617714929,1343.562171167975,1357.8025504266625,5166064
2021-07-05,1375.2220458984375,1380.491472279574,1359.6317225292362,1366.6865788207563,4058338
2021-07-06,1360.63330078125,1382.015719815571,1356.1913619563304,1370.6494852954324,4089574
2021-07-07,1362.7237548828125,1367.9061058203963,1345.3478934518514,1363.986728987557,4797120
2021-07-08,1359.370361328125,1372.6526922653372,1349.1364342125682,1365.684912101554,3326813
2021-07-09,1361.2431640625,1367.3399725592622,1350.8785683540239,1355.2334315659969,3436594
2021-07-12,1348.1346435546875,1374.3944833697385,1335.8539536554729,1367.9057813469253,4588982
2021-07-13,1345.60888671875,1355.5815853790407,1338.0750598435359,1355.5815853790407,4456160
2021-07-14,1373.4365234375,1378.5752823277203,1339.6427487234016,1353.4912324038655,5657716
2021-07-15,1376.83349609375,1390.8125422016935,1355.2333335958833,1356.8882027607826,10021355
2021-07-16,1354.754150390625,1371.4768864021955,1349.6589824626813,1370.6929898779226,6265593
2021-07-19,1342.7783203125,1352.5332765373414,1339.1638693330044,1345.3912379284575,5669162
2021-07-20,1350.0511474609375,1356.7140029248317,1339.5558848985,1339.8172192115505,5069939
2021-07-22,1385.0205078125,1387.3286063361954,1359.936562140339,1359.936562140339,7854575
2021-07-23,1385.23828125,1392.2496529655537,1380.5351144285212,1383.5835184231282,4179719
2021-07-26,1396.952880859375,1403.7029180573702,1388.4173074229864,1388.4173074229864,4586710
2021-07-27,1395.777099609375,1401.6561643095713,1391.7270559963727,1397.9109398244527,5892859
2021-07-28,1398.4334716796875,1400.1754167381625,1380.9269451059924,1397.9979854150688,4686788
2021-07-29,1408.3626708984375,1410.9755886552064,1393.6432129379934,1393.6432129379934,4660873
2021-07-30,1402.701171875,1413.9367380735853,1398.9124628703291,1402.2656856372244,6234257
2021-08-02,1421.0350341796875,1423.8221032776687,1410.2784401924682,1417.4639623530684,5553389
2021-08-03,1441.6336669921875,1444.638585966481,1424.562626930286,1434.4917348838053,5513668
2021-08-04,1436.4515380859375,1463.14686912244,1427.5676602328276,1453.7403226615859,6740391
2021-08-05,1440.1966552734375,1451.0402206367958,1434.5353338843984,1436.6691740338504,5420536
2021-08-06,1437.2789306640625,1446.3806580542653,1431.8789431145817,1443.2015868253418,3754855
2021-08-09,1448.6885986328125,1452.3030494440573,1433.9691421507919,1446.6853193592076,5018477
2021-08-10,1460.8387451171875,1463.2339196881055,1446.7290319910098,1452.7822488331904,6846517
2021-08-11,1461.099853515625,1466.7175832036262,1452.7820242183186,1458.7046793150253,4899639
2021-08-12,1471.5953369140625,1477.605069335375,1458.008185126683,1462.4937154428749,5659579
2021-08-13,1491.279052734375,1500.2501118966013,1473.0758127751071,1478.0403134331104,5612790
2021-08-16,1484.4857177734375,1498.0292778847625,1472.030767090066,1487.359863555825,4564109
2021-08-17,1516.92919921875,1523.2437495245933,1468.9386381583163,1484.0499890055655,9510390
2021-08-18,1509.7872314453125,1528.9922175200145,1504.1695013711565,1505.9114463640587,6686090
2021-08-20,1509.351806640625,1519.8470681780625,1494.6759407419665,1494.6759407419665,6206972
2021-08-23,1514.403564453125,1526.9455907943864,1508.524499573149,1511.7906467286912,6189051
2021-08-24,1498.81298828125,1530.298665061431,1491.7145412231635,1524.2018576309072,7602939
2021-08-25,1511.6163330078125,1521.5018494102508,1496.3307234273852,1496.3307234273852,6153253
2021-08-26,1504.779296875,1520.718137753988,1498.072850479301,1510.2664667041324,5302248
2021-08-27,1488.31787109375,1504.7791665153063,1485.1822849945138,1502.427583260766,6698514
2021-08-30,1478.9549560546875,1496.8969690174113,1472.2919948958422,1483.3098187310713,6559667
2021-08-31,1486.2711181640625,1493.7179762587919,1468.3291042613178,1480.7840546962734,12255438
2021-09-01,1461.274169921875,1488.9275478953632,1457.267717526702,1488.9275478953632,7801974
2021-09-02,1471.1595458984375,1475.688666436114,1448.122367094647,1460.9256195979472,6830050
2021-09-03,1481.2196044921875,1485.8356955769768,1467.066299445612,1477.2131517122136,5339139
2021-09-06,1507.1307373046875,1508.5242719501346,1480.0870004095007,1485.1386831091097,4876026
2021-09-07,1486.4453125,1511.0502868517522,1484.137213995946,1506.782500124992,3520341
2021-09-08,1474.7740478515625,1481.3934169692038,1465.802989411685,1481.3934169692038,4584896
2021-09-09,1473.3369140625,1476.2111655562676,1465.1062672792443,1468.37241383131,3331674
2021-09-13,1473.5982666015625,1481.9595806146374,1459.0529633172687,1465.8465907578222,4662374
2021-09-14,1468.5904541015625,1477.12592169284,1462.0145685181678,1477.12592169284,4945167
2021-09-15,1490.6258544921875,1493.8049254065334,1472.117688719493,1474.7741973936459,4062344
2021-09-16,1482.613037109375,1497.4195705979105,1473.2064909534074,1493.8920892094495,3246568
2021-09-17,1473.075927734375,1496.3308524712506,1467.1096806648243,1478.0404287798092,7454864
2021-09-20,1470.0709228515625,1487.3597058300793,1461.4482737789863,1467.5886724736702,5660743
2021-09-21,1496.7227783203125,1503.9518932175802,1467.2839690902401,1480.6533768466115,4672222
2021-09-22,1495.3726806640625,1514.5340753328271,1492.0194578610053,1495.4597566485802,4553892
2021-09-23,1517.7132568359375,1519.8470970516926,1499.030831879671,1508.5244539217945,3826090
2021-09-24,1536.264892578125,1557.2989006716446,1526.3357843635558,1531.1697244858785,8280446
2021-09-27,1499.0743408203125,1540.750353714178,1496.4178321652648,1540.5326105890063,5045337
2021-09-28,1469.417724609375,1489.3630166815442,1458.878978328413,1489.3630166815442,6557197
2021-09-29,1473.9031982421875,1481.872617800693,1441.4594729447897,1445.1611060324121,7792548
2021-09-30,1459.0531005859375,1483.2661787983272,1454.6111620660795,1483.2661787983272,6914031
2021-10-01,1450.2996826171875,1462.3190376924388,1446.9028690646644,1450.2560914701553,5733906
2021-10-04,1462.1451416015625,1470.2016375418839,1450.517679535455,1456.7015632635075,2947154
2021-10-05,1474.38232421875,1483.2226102398492,1448.4273005977032,1455.3950807569224,4373310
2021-10-06,1457.6160888671875,1488.492021865943,1454.524093924005,1482.4822902737767,4271698
2021-10-07,1472.8145751953125,1484.3113702738483,1460.3161404249604,1469.330685011527,5476108
2021-10-08,1501.4259033203125,1508.0888641225727,1479.2596960117546,1485.2258362951297,4738376
2021-10-11,1472.77099609375,1506.7825168192749,1449.036994022464,1464.975834271688,8840633
2021-10-12,1467.71923828125,1471.0724609335527,1447.5562048973147,1460.6207915841135,7439300
2021-10-13,1488.666259765625,1492.5421514566985,1463.2774946507823,1477.125873324372,7104171
2021-10-14,1494.37109375,1553.4665576738048,1479.085483572147,1527.6857924741366,19655776
2021-10-18,1560.913330078125,1566.8794702210494,1515.4920945995696,1515.4920945995696,13438109
2021-10-19,1587.0426025390625,1597.799091923905,1552.3343687944996,1579.944155219386,10324260
2021-10-20,1569.7972412109375,1609.5571565198998,1562.5682333583247,1593.3570895202022,5876115
2021-10-21,1527.3807373046875,1579.943899237507,1521.4580825855512,1579.943899237507,8779629
2021-10-22,1497.8985595703125,1535.6986813056806,1486.7500689564513,1524.11481075835,7369809
2021-10-25,1487.2291259765625,1506.564672832556,1469.5047506520364,1499.8582271507623,5905209
2021-10-26,1497.026611328125,1517.1486674004602,1490.1728822340883,1502.6063879603894,5871709
2021-10-27,1519.2135009765625,1523.7827607577628,1494.785943644436,1501.77149758961,5090259
2021-10-28,1497.2022705078125,1515.522964410046,1486.7897990608278,1510.7780094844702,5329972
2021-10-29,1465.437744140625,1504.8470363291535,1459.5505540155075,1492.8968534222288,5875091
2021-11-01,1493.8193359375,1500.1018935472132,1472.6867651673283,1474.0048022483252,3636806
2021-11-02,1491.93017578125,1499.4429230262488,1481.7812470277015,1489.3819492239559,3471772
2021-11-03,1495.971923828125,1509.1083157316355,1492.8965043077735,1501.6834172230635,3530713
2021-11-04,1501.419921875,1508.713103252184,1498.1688066656807,1506.955720487767,483407
2021-11-08,1526.726318359375,1529.80173828125,1496.4114648437499,1520.1361328125,5245903
2021-11-09,1531.119873046875,1537.710059014078,1516.621463919028,1524.3100142140984,4016134
2021-11-10,1529.0546875,1538.5444891849152,1513.0624414790395,1516.6211841497086,4780368
2021-11-11,1523.0357666015625,1528.7032829292987,1501.6835237971957,1522.7281388179986,4731349
2021-11-12,1564.246337890625,1566.5748914793885,1527.20958236198,1531.559061749532,5069009
2021-11-15,1570.353271484375,1581.6444339073435,1560.1164957791602,1565.9158372510615,4354074
2021-11-16,1574.878662109375,1589.508788323187,1561.4346405883132,1572.8576289550256,6034233
2021-11-17,1570.616943359375,1583.401946486974,1564.6857762457305,1575.0983554327267,4732492
2021-11-18,1563.5435791015625,1572.3743637688792,1545.6182521663638,1565.4766573762213,4326924
2021-11-22,1545.9697265625,1568.815703789317,1538.7205222501445,1567.5855143323686,6621839
2021-11-23,1526.1990966796875,1535.293531113381,1502.5622768372482,1524.6174092729004,8436160
2021-11-24,1490.2606201171875,1529.3623875671963,1483.2310888902196,1528.9230418655106,7333061
2021-11-25,1513.4581298828125,1516.7970929361409,1491.0953687886788,1493.7754205362603,4476260
2021-11-26,1486.4383544921875,1509.8993723813282,1479.716343711144,1496.0161123736239,4494181
2021-11-29,1490.568115234375,1504.319656915026,1466.6677523751573,1485.867137758942,3942776
2021-11-30,1504.8909912109375,1520.048419306774,1493.8194999672771,1497.7736116444519,14808963
2021-12-01,1506.8677978515625,1530.5924639911489,1505.198262855981,1506.9556455329875,5193264
2021-12-02,1536.172119140625,1538.1491746350146,1503.7483875802125,1506.9556323902027,5559574
2021-12-03,1525.0128173828125,1569.913923973845,1522.3767433293804,1556.2502305587047,6754012
2021-12-06,1489.6456298828125,1523.6069679725288,1486.3065595311832,1520.1361797156055,3991449
2021-12-07,1504.0123291015625,1515.6549914895222,1488.50340265687,1494.7420908613853,4202122
2021-12-08,1540.653564453125,1546.3211884129332,1522.4207176698017,1522.7722156867264,3029169
2021-12-09,1549.5283203125,1554.7565985466379,1530.680432518433,1545.6181864523098,2082171
2021-12-10,1545.8377685546875,1549.7918796579963,1534.1951080838337,1546.4967870719056,1823469
2021-12-13,1533.0089111328125,1556.4699276693766,1527.8685881008832,1552.691619157812,4040584
2021-12-14,1539.5992431640625,1549.1330239292365,1502.869897706602,1520.927049880741,4768144
2021-12-15,1523.8265380859375,1535.9085444800232,1512.4035502224383,1533.3164478312353,3053149
2021-12-16,1556.6895751953125,1561.9617232986577,1544.7393942801555,1548.8253305126736,4481031
2021-12-17,1599.9652099609375,1618.549554473689,1587.5756827064808,1599.2183437253605,18887243
2021-12-20,1580.677978515625,1607.6977390246545,1570.4851797435072,1583.1382500746142,5773891
2021-12-21,1591.8372802734375,1615.0347541246067,1582.523173111217,1582.523173111217,5353584
2021-12-22,1603.3480224609375,1607.258263225774,1592.4962060182195,1603.6116727640501,4156428
2021-12-23,1632.2569580078125,1635.7717232521284,1605.3690253412217,1609.103463413307,4112933
2021-12-24,1637.4412841796875,1648.2052529112148,1629.0937165919725,1645.7448742963015,3780347
2021-12-27,1639.769775390625,1647.1068262235926,1621.2294105889453,1634.365802494469,2647733
2021-12-28,1658.96923828125,1665.910921270975,1650.5338229288552,1652.5547486394014,3340933
2021-12-29,1656.816650390625,1664.0658546078334,1648.7766024427483,1655.0152900742216,3236635
2021-12-30,1663.2310791015625,1678.124963441618,1646.9752873799528,1655.8940269931556,4584738
2021-12-31,1658.7498779296875,1668.0639863705464,1644.6029662423111,1660.7269338032627,4619420
2022-01-03,1668.1517333984375,1681.8594057710459,1658.7497778274603,1658.7497778274603,3329616
2022-01-04,1668.7667236328125,1675.3569088558613,1650.1823798513894,1668.1515753213837,3921999
2022-01-05,1620.8779296875,1672.061697965869,1616.7919936858152,1669.5134717407875,6995719
2022-01-06,1597.2852783203125,1606.2478877431283,1581.6445284122708,1606.2478877431283,6449205
2022-01-07,1594.2099609375,1613.2775227404143,1587.6197749785931,1595.2203703081527,4834389
2022-01-10,1626.2381591796875,1643.065121465988,1593.0675577969869,1594.8249406516995,7857560
2022-01-11,1630.499755859375,1643.1529335918676,1625.7109305887875,1629.9725624667992,5142287
2022-01-12,1649.698974609375,1659.8479022527206,1634.3658539915618,1642.1862281862043,5362535
2022-01-13,1666.701904296875,1680.497316486841,1639.9456865869017,1673.9071309319909,14277630
2022-01-14,1695.30322265625,1698.5104677026313,1652.8185151312207,1653.6972065268249,7688506
2022-01-17,1704.2220458984375,1716.8752240721528,1696.3138229476326,1703.3873319362635,5262464
2022-01-18,1687.74658203125,1709.0548494342218,1679.574708740925,1688.9327940218743,3690315
2022-01-19,1640.560791015625,1683.5726913474412,1636.8702228464153,1683.5726913474412,5747770
2022-01-20,1602.469482421875,1623.8217266018507,1595.2642557606387,1620.3069609598556,5533463
2022-01-21,1569.0791015625,1588.6739615819963,1560.5558383681557,1577.2509740263736,8252758
2022-01-24,1526.111328125,1554.0976288940496,1518.378800587523,1550.890383701955,7116712
2022-01-25,1513.2384033203125,1528.923023226851,1494.214713216816,1517.1485371127924,9137653
2022-01-27,1474.971435546875,1502.2987179861893,1463.0212533681874,1495.5328367763693,11231734
2022-01-28,1481.649658203125,1517.9836398382624,1475.7624676852465,1477.0805050186957,10998502
2022-01-31,1525.583984375,1537.2706230423364,1507.2632899140617,1509.591843604878,8788872
2022-02-01,1557.085205078125,1564.0707591029711,1524.265994070383,1551.856926666537,5119935
2022-02-02,1570.3094482421875,1575.3180537987653,1557.0412289736769,1571.9789834277135,4253717
2022-02-03,1527.6490478515625,1563.1920737397209,1523.6509588896436,1563.1920737397209,3832922
2022-02-04,1529.8896484375,1541.1808120164233,1502.6941912084785,1521.8935777665583,4700077
2022-02-07,1506.9556884765625,1521.8934416567965,1489.7333592035418,1513.2822233892216,4310209
2022-02-08,1508.976806640625,1515.7426876167267,1490.2606366365032,1502.5623164200595,6053401
2022-02-09,1526.55078125,1531.5592798800335,1515.7428329277438,1524.5297479012381,3867244
2022-02-10,1554.932373046875,1558.7107891978585,1536.6116777128484,1542.6746701881318,4334630
2022-02-11,1512.5352783203125,1534.1510632840202,1505.1982272697005,1528.9228928483824,7551371
2022-02-14,1478.1346435546875,1510.0751620435087,1474.6638553981247,1484.9884794415796,7459637
2022-02-15,1527.3853759765625,1534.8542531207022,1485.3838827787808,1492.8967373992116,4669915
2022-02-16,1523.0357666015625,1542.4986942805128,1517.368143011698,1527.3852458984643,5350642
2022-02-17,1515.5670166015625,1536.8313062358195,1511.6129051790003,1532.4378490996394,3937950
2022-02-18,1499.88232421875,1513.5460191396417,1496.8508816280867,1502.5623760399344,5602215
2022-02-21,1520.7513427734375,1526.5507925084316,1486.3066787281666,1494.65424801455,5120890
2022-02-22,1523.9583740234375,1538.5886069583632,1485.911101612414,1493.687498875911,8878515
2022-02-23,1531.4273681640625,1544.9592379110045,1523.1237768881938,1537.7100334675147,5478811
2022-02-24,1474.5760498046875,1506.9118301831932,1467.8540388895212,1485.0763695246333,13592379
2022-02-25,1489.0302734375,1518.5104098119332,1473.5653278239133,1506.9555976255285,9737281
2022-02-28,1507.4827880859375,1518.42255923894,1463.0210293083312,1478.134476916457,15076542
2022-03-02,1496.2357177734375,1506.4285162813565,1485.8671166330619,1502.5622527750063,6771489
2022-03-03,1512.09619140625,1523.563157969651,1498.6522763017938,1511.5250204995646,7344147
2022-03-04,1514.2489013671875,1525.408239012716,1477.0802130071288,1489.6015651994855,9074499
2022-03-07,1528.791259765625,1538.5886906416126,1490.260662094903,1491.139353523025,9742588
2022-03-08,1562.489013671875,1581.644529208251,1509.9872022162124,1509.9872022162124,10984500
2022-03-09,1593.375,1609.411117760778,1573.7362690166242,1573.7362690166242,10193515
2022-03-10,1604.402587890625,1620.9658987002945,1590.6070690763233,1620.9658987002945,6547182
2022-03-11,1600.9759521484375,1609.2356739028405,1591.3103454120858,1593.9464199765455,4758657
2022-03-14,1661.341796875,1665.1202128221414,1609.367286068122,1609.367286068122,10289724
2022-03-15,1616.1771240234375,1659.2768725454414,1608.0052511537049,1659.2768725454414,7140443
2022-03-16,1660.1995849609375,1664.1975665515567,1624.7004302568198,1638.7594929307566,5233979
2022-03-17,1629.6212158203125,1689.9873855375893,1610.6854785690437,1689.9873855375893,17731459
2022-03-21,1628.259033203125,1658.002713659227,1617.7586073153645,1635.2445864629065,8362085
2022-03-22,1658.442138671875,1660.7267148165508,1615.9134542580089,1625.579059476518,5709382
2022-03-23,1645.2618408203125,1669.5137026271,1631.7299714623814,1666.877628359794,6192824
2022-03-24,1657.8271484375,1664.7688324815458,1630.9831884689734,1630.9831884689734,3784303
2022-03-25,1648.908447265625,1664.2415698272353,1632.6086783204876,1662.4841869657494,3438588
2022-03-28,1646.5799560546875,1652.7307963034818,1627.907762442276,1639.6382720357626,4008555
2022-03-29,1657.2117919921875,1660.1993638649583,1634.8491413094428,1646.579648713379,3917785
2022-03-30,1672.984375,1686.208722896825,1665.1201302185948,1678.3005006424887,7795839
2022-03-31,1675.5325927734375,1680.9365660718338,1664.4171256540967,1669.5135784299448,5399145
2022-04-01,1672.633056640625,1678.5642235880214,1650.4460988003643,1657.9588459097863,6171518
2022-04-04,1654.5318603515625,1663.362751461479,1645.788924187718,1660.5070045294929,7364074
2022-04-05,1635.3323974609375,1660.3751001308806,1631.8616096448654,1655.2787548219912,5472024
2022-04-06,1606.99462890625,1632.1691571431443,1601.1074398580135,1629.9724288024402,5407453
2022-04-07,1591.310302734375,1606.379883376144,1588.278859971407,1600.1411951933362,5797544
2022-04-08,1594.473388671875,1615.0347888286492,1588.6740468999988,1601.854417864324,5131446
2022-04-11,1552.2523193359375,1593.946182924903,1548.7375537727073,1593.946182924903,8248407
2022-04-12,1531.0758056640625,1544.300154299906,1518.1590848316712,1544.300154299906,6456184
2022-04-13,1536.435791015625,1544.3000356322013,1521.8934063812078,1542.0593298022513,6257693
2022-04-18,1424.710205078125,1449.8407567425704,1397.1192746792042,1410.738990878907,30523965
2022-04-19,1372.5159912109375,1438.110326839995,1361.9716942234015,1438.110326839995,17044923
2022-04-20,1395.0982666015625,1402.6550983089535,1373.3946323351558,1383.9389289365774,10678747
2022-04-21,1422.4256591796875,1429.8065810155888,1396.4602858072528,1401.5127612789481,7766514
2022-04-22,1393.1212158203125,1415.3081733294175,1390.4412714487692,1409.728504477574,8134245
2022-04-25,1371.72509765625,1382.0058512029284,1365.5742579702844,1382.0058512029284,7000570
2022-04-26,1389.211181640625,1398.8767875849937,1376.5141331003783,1385.8721112277144,5345435
2022-04-27,1364.4320068359375,1381.961856821622,1362.2791486149092,1381.961856821622,8819356
2022-04-28,1390.616943359375,1407.4878820528004,1368.5178339093395,1379.5454535287045,9245177
2022-04-29,1377.392822265625,1403.533892844543,1371.4616549914167,1397.1194023690618,9831395
2022-05-02,1354.0633544921875,1364.387977733773,1345.2764410950936,1362.7624202077359,7072627
2022-05-04,1349.274658203125,1379.545534836563,1344.5297030639988,1359.5553049527848,6220959
2022-05-05,1392.8577880859375,1396.592226787759,1368.5179703073688,1370.8026539111372,6144870
2022-05-06,1355.68896484375,1372.3841009487683,1348.8352364842315,1361.9716296199067,6171472
2022-05-09,1379.85302734375,1394.3075653232786,1337.5001444983088,1353.1847646359806,6832202
2022-05-10,1364.6077880859375,1378.7986761047448,1358.5009255643938,1369.0012452272317,6212545
2022-05-11,1341.5419921875,1361.927588201104,1328.2297970447912,1361.927588201104,7846080
2022-05-12,1325.7696533203125,1342.201139918884,1321.8155419424827,1330.3388057853947,7034979
2022-05-13,1321.9031982421875,1343.7386553481426,1316.3674002098628,1334.9957199167382,6723761
2022-05-16,1308.459228515625,1328.449456127453,1299.276947088888,1326.8238986312238,6145331
2022-05-17,1334.2490234375,1340.0044954869074,1301.254223004272,1313.555903618578,6516378
2022-05-18,1326.1212158203125,1361.7082228295687,1322.6944046587707,1337.3685103231596,6594126
2022-05-19,1254.0245361328125,1304.593165199384,1245.6769672791786,1301.3420497086145,16561140
2022-05-20,1278.6278076171875,1288.8206063685275,1271.2028009563014,1276.7385996614764,10488908
2022-05-23,1290.2706298828125,1307.4929619615978,1274.1466621873956,1278.5839899389152,5887569
2022-05-24,1266.1942138671875,1291.2808943889067,1261.14173869041,1290.446073263294,5693167
2022-05-25,1239.35009765625,1267.512196646024,1229.508798029081,1260.9220119147622,9630092
2022-05-26,1251.21240234375,1256.5285274802447,1236.3626055559514,1245.984232144746,13040065
2022-05-27,1284.07568359375,1289.040311563104,1263.0310670153488,1268.7864314520264,8284860
2022-05-30,1341.586181640625,1344.397951444672,1304.856835225711,1306.614218168776,10904213
2022-05-31,1335.192626953125,1347.9798088750379,1321.4731129690717,1341.4973856707466,16033857
2022-06-01,1312.9483642578125,1345.0938210281101,1307.220717013551,1343.5398258561022,8738508
2022-06-02,1339.099609375,1344.2943706627866,1310.3284820297667,1317.787679252321,7205840
2022-06-03,1351.26513671875,1380.835483354974,1347.9795908249841,1354.1067924628962,9395707
2022-06-06,1358.6800537109375,1364.496369880414,1325.779716646575,1346.2036506605543,6624883
2022-06-07,1337.9453125,1349.6224971381034,1334.3045457286844,1349.6224971381034,4904592
2022-06-08,1331.995849609375,1349.933350358208,1324.8918717447916,1349.933350358208,4697608
2022-06-09,1345.315673828125,1347.0472249005495,1315.5677694893513,1318.675759494895,4361061
2022-06-10,1311.39404296875,1326.62310514879,1308.5523874648798,1319.6523502188877,6516436
2022-06-13,1264.9517822265625,1281.912503994141,1253.585376766595,1281.912503994141,6987685
2022-06-14,1279.2044677734375,1286.619223049743,1245.9933493091928,1252.0761087251524,6090247
2022-06-15,1262.909423828125,1284.3990185434857,1259.9346552426048,1278.8933715213977,4651958
2022-06-16,1240.7095947265625,1282.0459060881565,1236.0920528309707,1276.9399223929138,6641772
2022-06-17,1231.91845703125,1240.487542584052,1214.0252932515164,1235.2484462558373,9692047
2022-06-20,1255.7613525390625,1263.0428867444693,1227.2122188224364,1234.360640156729,4595194
2022-06-21,1287.5069580078125,1292.9237183901334,1263.397816167282,1264.5078124914492,6270787
2022-06-22,1276.27392578125,1296.1206407453685,1274.2759321593971,1275.208372542165,6253366
2022-06-23,1289.771240234375,1294.6996671000559,1272.4997413953224,1278.5381645462396,6254281
2022-06-24,1279.6927490234375,1303.1358968889983,1268.8592264937179,1294.6999234508755,6114340
2022-06-27,1309.440673828125,1317.787869343207,1301.0491434910748,1303.6243570986562,4511097
2022-06-28,1314.368896484375,1321.561651135481,1290.2597541406712,1304.4677073865423,4412178
2022-06-29,1299.3619384765625,1311.5719003108716,1293.811955824604,1300.6494910925776,5060038
2022-06-30,1298.1630859375,1316.01180739461,1292.035883778109,1300.9602987057103,9165177
2022-07-01,1313.702880859375,1318.6756427483724,1280.8025462113708,1291.147733707834,4651635
2022-07-04,1321.3397216796875,1325.1137094600226,1298.2517964352844,1314.4577439626057,4800224
2022-07-05,1310.639404296875,1340.8313086434368,1307.1318587687915,1330.9302267306132,7379669
2022-07-06,1324.5809326171875,1331.9956869281368,1305.3557731895742,1316.1892947506883,5209162
2022-07-07,1330.84130859375,1344.3832653678094,1328.1773170972135,1334.7041829822008,3323472
2022-07-08,1344.8271484375,1347.0471411605954,1331.9511906435466,1345.315590195814,3652582
2022-07-11,1308.153076171875,1331.9070008962192,1302.1590951666665,1327.5557930054122,4702638
2022-07-12,1277.47265625,1304.1125702899615,1275.1638853794875,1298.0742548130895,4710356
2022-07-13,1282.66748046875,1296.4758799465965,1277.4727186568018,1287.5959081661404,5264025
2022-07-14,1268.814697265625,1290.215406752036,1255.6279613595361,1288.4838556808252,6157606
2022-07-15,1270.146728515625,1284.0439058847987,1252.6532276522264,1284.0439058847987,5620018
2022-07-18,1323.0269775390625,1326.3125236399783,1285.8643184329112,1287.5958695188904,5835171
2022-07-19,1317.9210205078125,1320.3185695057068,1305.4446169198009,1306.7322778541525,3418540
2022-07-20,1345.5821533203125,1354.9061235932559,1331.9957532776436,1333.1057497387085,5079392
2022-07-21,1361.2108154296875,1363.475143060979,1334.7484577291702,1347.0916394538826,5008061
2022-07-22,1337.5902099609375,1367.515671889144,1325.0250280493503,1362.1876887519136,7020642
2022-07-25,1335.192626953125,1347.225032901467,1314.3246918354944,1314.3246918354944,7859626
2022-07-26,1288.6170654296875,1329.0209351127858,1283.1558613643324,1329.0209351127858,7268273
2022-07-27,1306.2882080078125,1308.019759034265,1283.1558396500427,1288.483822375233,4517285
2022-07-28,1347.447021484375,1353.7073369309664,1322.982654384117,1328.7990796128186,6636841
2022-07-29,1376.129150390625,1381.457133330871,1356.859655449305,1361.122085160738,7009465
2022-08-01,1377.327880859375,1388.8273994069982,1365.6506978612158,1388.8273994069982,2983249
2022-08-02,1370.71240234375,1373.731614384653,1357.170445576222,1373.332059019602,4374635
2022-08-03,1390.692138671875,1394.1553487975477,1367.4266596498978,1375.5074110110838,6011955
2022-08-04,1420.7066650390625,1424.214210429917,1398.5510710597634,1409.6954786756162,7402209
2022-08-05,1435.58056640625,1443.6168753071975,1422.8378294078434,1428.2545901627868,5361971
2022-08-08,1438.0224609375,1440.331231614356,1417.2433080496378,1435.8912463134488,3763409
2022-08-10,1422.9710693359375,1439.6210168307325,1410.22833119954,1439.6210168307325,4423829
2022-08-11,1438.5111083984375,1448.6342987746457,1435.003562604036,1447.4355241612493,3462090
2022-08-12,1415.55615234375,1433.2273162748345,1412.0486071656317,1432.6057616654232,3562286
2022-08-16,1417.6429443359375,1428.7873514369574,1412.8921814722432,1428.7873514369574,3004430
2022-08-17,1426.3453369140625,1431.4513202213034,1407.4753986046935,1417.6429220050966,4067324
2022-08-18,1405.6549072265625,1419.1968624345182,1397.707376873584,1415.5560961565852,4635706
2022-08-19,1418.2200927734375,1425.1465132491517,1407.5641279788495,1407.7417924309402,4739884
2022-08-22,1399.1727294921875,1419.907441241582,1397.7075125167294,1408.3634783046587,3950555
2022-08-23,1369.646728515625,1380.3914715875098,1361.2995342191398,1374.619490522654,5551574
2022-08-24,1365.2955322265625,1372.8435075266768,1359.5235511147102,1363.0755394912346,2888426
2022-08-25,1348.1129150390625,1375.2411633369209,1344.205705841227,1374.6196086818957,4331088
2022-08-26,1351.132080078125,1371.911126256518,1347.4912051170422,1363.2088193983936,3079136
2022-08-29,1298.0296630859375,1304.0680862700244,1287.595697947398,1304.0680862700244,8079050
2022-08-30,1325.735107421875,1328.532319714009,1301.8036310962184,1308.10838825752,6725875
2022-09-01,1300.2052001953125,1303.6684102712275,1288.5281260390675,1296.5200992612988,8140604
2022-09-02,1290.259765625,1312.4596927692705,1285.819780196146,1312.4596927692705,5175653
2022-09-05,1297.630126953125,1302.6916667571634,1284.3545060737747,1288.4837140181623,3669352
2022-09-06,1292.12451171875,1305.355689709022,1283.5553183345817,1297.6301585781393,3428442
2022-09-07,1294.38916015625,1301.581915907194,1276.9844364483333,1278.7159876557116,3600574
2022-09-08,1310.5950927734375,1315.2126348669317,1299.672683824082,1309.7958736116145,4061475
2022-09-09,1342.3408203125,1349.755574320764,1314.2356907860071,1321.3396674929586,4816910
2022-09-12,1364.1409912109375,1372.754627422371,1350.7767009768484,1354.9059088371373,5494819
2022-09-13,1371.9111328125,1379.0595531212691,1368.6700299824238,1378.0827779506399,4947158
2022-09-14,1310.1510009765625,1331.0632685678052,1307.1317890233854,1329.33171750544,14332197
2022-09-15,1272.322265625,1309.9732552773253,1268.9922765591873,1309.7956992197146,12784100
2022-09-16,1222.8165283203125,1265.3959486362396,1215.0908880161,1265.3959486362396,20464045
2022-09-19,1234.58251953125,1248.5240318620802,1225.9688818685945,1236.092071374122,6595241
2022-09-20,1233.0283203125,1255.2282460795461,1229.9646655178026,1250.2553759892678,7219797
2022-09-21,1222.9940185546875,1233.250428524418,1215.1352658184694,1225.3472325735095,7917054
2022-09-22,1214.7357177734375,1228.9436728727633,1207.676183442698,1213.3149439431238,9168498
2022-09-23,1212.5155029296875,1238.5783025146602,1209.4519565311844,1214.3359402029328,10426200
2022-09-26,1225.658203125,1242.7077069492407,1203.2362725842238,1207.676258829922,9414587
2022-09-27,1237.4683837890625,1248.967902705002,1223.6599857287542,1237.3794973619085,8561254
2022-09-28,1238.4896240234375,1248.390814263547,1222.7721172911329,1224.5481116517592,7022098
2022-09-29,1241.9971923828125,1251.9427167580907,1236.9799869799815,1247.547174377518,6119965
2022-09-30,1255.1395263671875,1260.3343964051253,1221.884076510353,1233.3835962258331,8120130
2022-10-03,1237.64599609375,1253.8519436659194,1230.7640183576234,1253.8519436659194,4943169
2022-10-04,1269.30322265625,1271.8339930032037,1255.6280440611135,1260.689584755021,6631341
2022-10-06,1292.1690673828125,1296.2982757871803,1282.3566555701389,1283.1558746803535,6180672
2022-10-07,1288.661376953125,1294.5665794796807,1278.8490738177404,1284.3546126015165,3994466
2022-10-10,1298.8289794921875,1300.9157509967636,1266.5946414154234,1266.5946414154234,5274677
2022-10-11,1264.330078125,1313.9246852146446,1261.044424430007,1298.8287373350138,12824774
2022-10-12,1268.6815185546875,1279.6927051868731,1255.2284480932105,1276.0519384547556,5481467
2022-10-13,1260.8671875,1276.8954711779975,1256.515979742123,1270.7239342833766,4821514
2022-10-14,1309.1297607421875,1326.6677039503666,1302.913780870934,1318.6757298301836,14990688
2022-10-17,1323.0711669921875,1327.5555954732513,1310.2396529236003,1311.4828704785755,4286396
2022-10-18,1335.2813720703125,1341.7193518946553,1329.5538333789295,1340.8757978976014,4692004
2022-10-19,1319.0753173828125,1336.3912617326525,1315.3902159447794,1335.54770780305,3553171
2022-10-20,1332.794921875,1335.5476913144482,1309.085333326775,1309.7957743941563,4583939
2022-10-21,1332.4398193359375,1337.323804011944,1324.314623149871,1332.2622632524126,3594485
2022-10-24,1347.846435546875,1351.3540892842454,1341.7636768252662,1348.423655366755,982837
2022-10-25,1355.3499755859375,1361.2107345868535,1350.6879909536958,1356.9483052781436,3914341
2022-10-27,1368.0523681640625,1377.8822668553057,1357.7737282362873,1374.201712053986,6760137
2022-10-28,1358.4471435546875,1371.6433151587364,1352.8365077395763,1369.892840617514,3053981
2022-10-31,1380.35107421875,1388.2059642832278,1373.70805956196,1373.70805956196,4542336
2022-11-01,1412.084716796875,1413.8801201240165,1388.8342217938466,1394.1756124417263,4542692
2022-11-02,1394.4000244140625,1411.8602777690894,1386.9490568451713,1411.1870015279026,2938906
2022-11-03,1374.1568603515625,1385.9616594777258,1365.9877968987141,1381.3384738631173,3174027
2022-11-04,1359.120361328125,1364.9104934069014,1347.5849165055247,1364.9104934069014,4509682
2022-11-07,1353.240234375,1371.598297862103,1338.5628351175721,1365.763237456549,4898592
2022-11-09,1356.606689453125,1372.5858226539308,1347.5399247059643,1372.5858226539308,3334755
2022-11-10,1348.302978515625,1357.32492412614,1333.086979052459,1333.086979052459,3435763
2022-11-11,1409.481201171875,1412.5334084004994,1388.430143367214,1388.430143367214,7214098
2022-11-14,1423.12646484375,1428.602422973989,1408.0001044253945,1414.014771210018,4908813
2022-11-15,1430.9365234375,1434.392653098893,1411.8603621306952,1416.4386189277827,3497614
2022-11-16,1438.8363037109375,1444.4020103215976,1430.4876342122222,1433.7642672771042,4497697
2022-11-17,1425.01171875,1438.8363470236297,1421.0168803841925,1433.8091297730527,3469515
2022-11-18,1430.3978271484375,1434.5272328106976,1414.3289457404594,1428.8716685979427,3126064
2022-11-21,1407.775634765625,1425.4154934915452,1404.0502607137878,1420.2537091834579,3071764
2022-11-22,1422.902099609375,1425.5502757469735,1402.2100319375143,1408.4939437323687,3399329
2022-11-23,1421.196533203125,1429.141171694554,1417.7404034167669,1426.3583182139566,3245067
2022-11-24,1463.07421875,1468.639925244856,1422.6327148727294,1426.4479469523692,5282215
2022-11-25,1468.32568359375,1475.8214702395546,1448.710925020796,1464.5104516907584,4563255
2022-11-28,1457.328857421875,1484.34965474194,1454.276649943721,1461.4582630298628,3825766
2022-11-29,1462.40087890625,1471.1085408527335,1449.8330561316118,1455.3538334700106,3131710
2022-11-30,1467.6973876953125,1477.3926101335646,1448.12755589009,1454.2318618548122,11868134
2022-12-01,1487.5814208984375,1501.49579683449,1483.272518616262,1486.7734674759286,5407928
2022-12-02,1470.345458984375,1491.8005489428745,1466.7994719474775,1486.5938358778496,4283343
2022-12-05,1472.0062255859375,1476.5844819133267,1457.2390778283009,1470.4352477571372,3824966
2022-12-06,1447.903076171875,1459.6629463817758,1443.100394052047,1458.765244692734,4822398
2022-12-07,1441.2598876953125,1457.6878704538565,1433.3600699527174,1443.504141646878,4898087
2022-12-08,1454.4114990234375,1457.7778805554876,1434.976234395189,1441.260146588349,4206837
2022-12-09,1408.76318359375,1461.4582243868986,1401.4019646254637,1461.4582243868986,8880658
2022-12-12,1388.924072265625,1405.7559796963715,1373.5285752684867,1391.4376809417088,8037679
2022-12-13,1411.32177734375,1416.1244596167126,1383.4930240961316,1388.924053738368,6135067
2022-12-14,1417.830078125,1425.9991416279158,1412.0847653639985,1420.164080614015,4976020
2022-12-15,1382.909423828125,1409.3916231159728,1378.1964900565588,1408.7632757795202,6443866
2022-12-16,1366.4815673828125,1390.9888691230103,1357.3699822373837,1368.995176129455,9630453
2022-12-19,1353.150634765625,1361.7237298285659,1342.1089696118938,1353.689233868756,6222740
2022-12-20,1353.105712890625,1360.9156732509964,1330.7977396833635,1347.4501487795155,7396259
2022-12-21,1355.1256103515625,1365.4042507201466,1348.662092527513,1360.0180406581342,6236361
2022-12-22,1366.346923828125,1373.4386796309227,1357.100552434212,1365.8531440573202,6302640
2022-12-23,1343.9493408203125,1355.4399676759397,1340.2687853624557,1354.3626597679338,6283822
2022-12-26,1348.7071533203125,1355.439916556154,1343.2760138103065,1347.0014980506858,4115459
2022-12-27,1359.88330078125,1365.808109659706,1344.3081993200292,1355.4845408502367,4860076
2022-12-28,1355.664306640625,1368.9502266632046,1345.206059437163,1351.1308690136332,5029860
2022-12-29,1362.3072509765625,1365.673632332556,1347.4502440923538,1350.1433491771486,4624745
2022-12-30,1353.91357421875,1373.8426164441485,1350.188200066258,1371.6881105842783,5060544
2023-01-02,1368.0972900390625,1370.341544123772,1350.1881862761663,1359.1202737002234,3801140
2023-01-03,1366.795654296875,1375.862418801588,1360.107711434535,1364.3717941574034,4551130
2023-01-04,1341.884521484375,1365.4042617792377,1338.5629595029297,1365.4042617792377,7059590
2023-01-05,1324.2894287109375,1351.8489350836053,1318.948147732721,1351.8489350836053,9868404
2023-01-06,1300.32080078125,1324.109893788294,1298.5253975354353,1319.6213856737572,6443714
2023-01-09,1332.59326171875,1336.9920220213673,1300.0515746789345,1300.0515746789345,11498717
2023-01-10,1319.3970947265625,1332.0995959017448,1305.3032216437111,1330.3939407278556,7158624
2023-01-11,1320.7435302734375,1341.166242466281,1314.2351934207732,1319.6214032298747,6173092
2023-01-12,1329.136962890625,1333.0868718348268,1306.1558239189717,1330.3488381302957,6591385
2023-01-13,1349.8291015625,1363.9679024832087,1317.8260159746374,1331.7403914839063,11610426
2023-01-16,1369.444091796875,1371.6883462901508,1348.6174539323713,1355.5297139385652,6073063
2023-01-17,1382.01171875,1384.435469422026,1368.097342887301,1370.7904478929847,5922644
2023-01-18,1387.3082275390625,1393.0983596644714,1382.1015138518171,1386.7246995181722,5843098
2023-01-19,1381.47314453125,1391.0336893900567,1370.0274480510775,1382.3708462159693,6165284
2023-01-20,1369.4888916015625,1386.9491460799632,1368.0974101138277,1380.6652340912512,6496429
2023-01-23,1389.64208984375,1394.3999522014951,1371.7778059195255,1377.9719689342094,4855020
2023-01-24,1393.143310546875,1408.3144914155778,1391.2132299470666,1400.414672506807,5200802
2023-01-25,1385.1536865234375,1396.8238083152746,1381.338454399183,1388.744493228618,4158617
2023-01-27,1363.7435302734375,1392.2903779726057,1353.1955355242728,1387.8467984858346,6209955
2023-01-30,1381.38330078125,1386.0513053859913,1364.5064664421677,1372.4062845546568,6964719
2023-01-31,1376.8499755859375,1390.450178190422,1358.2226654027863,1390.450178190422,9448126
2023-02-01,1392.4249267578125,1395.9709138195835,1371.7329706732953,1384.4353606189748,6194199
2023-02-02,1421.7349853515625,1424.607586792744,1393.2329580209157,1393.2329580209157,6916834
2023-02-03,1435.7843017578125,1440.4972362764863,1412.084951975934,1434.0786463964112,7040194
2023-02-06,1409.2568359375,1434.527157913661,1401.8507977317506,1434.527157913661,4570612
2023-02-07,1402.5692138671875,1414.822864476851,1396.0159473630506,1408.494023406654,4336238
2023-02-08,1427.7945556640625,1439.0158269283195,1405.3520131355485,1405.3520131355485,7983338
2023-02-09,1451.5836181640625,1454.0522977867906,1423.79979497045,1432.9113793663391,6904911
2023-02-10,1443.998046875,1450.955234729636,1433.1357691390035,1447.9478465069383,4786762
2023-02-13,1407.1024169921875,1433.6295447624907,1405.8007934239577,1433.6295447624907,4001199
2023-02-14,1430.2633056640625,1432.7319854635768,1416.7080312269122,1422.5879119088431,5043736
2023-02-15,1433.674560546875,1435.4250350492096,1414.7778957082892,1421.9595093920875,3465747
2023-02-16,1437.9385986328125,1449.2944372484508,1434.3926112378667,1436.3226917714796,4290289
2023-02-17,1421.7799072265625,1431.8341218036317,1414.328939750233,1430.9364201598676,2857734
2023-02-20,1429.544921875,1439.0157179378093,1420.6128344582553,1422.8121596263827,2417716
2023-02-21,1417.9197998046875,1437.80391388057,1414.7778439330089,1435.1556281819492,2723288
2023-02-22,1402.030517578125,1413.8801358358503,1396.1954567000723,1403.1077157532914,3656244
2023-02-23,1392.0660400390625,1409.257050222941,1389.7769663588479,1409.257050222941,4766854
2023-02-24,1392.0211181640625,1408.4939219116857,1386.9490818059621,1400.4146068720393,2790986
2023-02-27,1354.901123046875,1382.4605194389667,1348.3478572709923,1382.4605194389667,4920268
2023-02-28,1335.376220703125,1368.0974041544362,1329.7655850233577,1360.5566878842833,9679811
2023-03-01,1343.006591796875,1347.3154939495362,1329.9449890099597,1339.7299588712954,5125043
2023-03-02,1321.551513671875,1336.3186620674148,1317.197682560526,1333.0869580251103,4644499
2023-03-03,1327.97021484375,1337.39608302168,1322.3146501038996,1334.6580489083317,4615015
2023-03-06,1353.240234375,1364.8655358556944,1340.40316723241,1341.6599713901492,6561742
2023-03-08,1339.999267578125,1342.961726985448,1329.585949900398,1338.0692966126087,4137080
2023-03-09,1328.95751953125,1345.0712200119858,1323.7508062262864,1342.0639414577045,5104656
2023-03-10,1321.012939453125,1323.481619051477,1308.5348642940003,1310.6444413069564,3699580
2023-03-13,1288.2916259765625,1327.0724033065608,1281.9179661287412,1314.4147222773474,8798403
2023-03-14,1274.7364501953125,1300.1862721963982,1266.6571346659055,1293.5881864305952,7402784
2023-03-15,1274.4222412109375,1295.2488768323813,1271.9086326160925,1290.8950455008883,7556182
2023-03-16,1260.4630126953125,1272.7615924925153,1255.6154013001644,1272.7615924925153,7323117
2023-03-17,1275.3646240234375,1295.2936653670802,1267.016064862061,1283.7132927675293,9090018
2023-03-20,1260.05908203125,1274.4671293545564,1243.1822453152042,1274.4671293545564,8221829
2023-03-21,1248.43359375,1261.2707706940655,1247.80524645178,1255.8845609971513,8536755
2023-03-22,1247.132080078125,1263.2907105920037,1240.7584199586402,1259.475478387338,8356487
2023-03-23,1233.935791015625,1242.3740984776875,1229.851204859829,1242.3740984776875,7607718
2023-03-24,1239.411865234375,1255.8397404782686,1236.584082982878,1246.0099507660507,7559127
2023-03-27,1246.86279296875,1252.967208658463,1233.5319439925304,1244.4390420940674,4170193
2023-03-28,1236.673828125,1254.9869645456447,1235.1028501650894,1249.6905026499728,6633366
2023-03-29,1242.0152587890625,1247.7156427956638,1224.9589261056296,1237.9306721291487,8813966
2023-03-31,1281.873046875,1283.6684502024389,1251.3063709749888,1260.37313586201,8711975
2023-04-03,1266.5223388671875,1288.2018554237902,1261.4054833442367,1288.2018554237902,5242764
2023-04-05,1277.92333984375,1281.469217839355,1256.7824202977913,1256.7824202977913,7506334
2023-04-06,1276.4420166015625,1282.277077411361,1266.073518560293,1271.1455548730469,6948465
2023-04-10,1281.558837890625,1287.304150296638,1270.247819156027,1278.2822049918059,4993788
2023-04-11,1262.30322265625,1286.7206641982061,1246.907617130072,1282.7259356078043,6942255
2023-04-12,1282.1873779296875,1285.059979527605,1256.7823760661174,1268.4974270475386,5831169
2023-04-13,1247.0872802734375,1266.7021520108399,1241.5215730199645,1265.5350958531417,11267238
2023-04-17,1129.578125,1132.1365530010617,1064.0458990402255,1122.396511196189,53171705
2023-04-18,1130.5205078125,1140.0361230223534,1124.9098727143887,1140.0361230223534,12430884
2023-04-19,1106.14794921875,1126.0320630409092,1103.6344503031144,1126.0320630409092,11307230
2023-04-20,1098.248291015625,1111.2200368576048,1096.4528876003903,1104.801447731595,8621249
2023-04-21,1101.7940673828125,1107.0905288861618,1095.1959823564707,1102.467343601474,8691352
2023-04-24,1100.8514404296875,1104.1728922888556,1093.400473827501,1102.3774892119632,8313774
2023-04-25,1099.5947265625,1109.110341734084,1090.7074586862907,1100.537247505562,6808576
2023-04-26,1101.9737548828125,1106.8661852668383,1095.6898430443146,1102.3776768107684,5680192
2023-04-27,1118.7606201171875,1120.152101431663,1100.0435636550399,1104.1729691026203,8020704
2023-04-28,1124.5958251953125,1130.2064609226888,1117.5937079744554,1127.2440014255426,10118277
2023-05-02,1146.76904296875,1148.8338008021124,1126.2117608061656,1126.2117608061656,8886401
2023-05-03,1139.318115234375,1142.3253939620522,1132.9892745231455,1136.4903330105763,5549783
2023-05-04,1143.2679443359375,1145.2877729850925,1133.3482975814445,1139.1384292092687,4505401
2023-05-05,1130.2960205078125,1148.1603035984033,1125.9421898266594,1148.1603035984033,5373791
2023-05-08,1136.13134765625,1140.350611760026,1126.7952272539592,1133.3035651406553,5260842
2023-05-09,1140.70947265625,1141.8765286648618,1131.7324559214633,1136.4903186239899,4969897
2023-05-10,1134.0216064453125,1145.8264050289897,1130.3410516063245,1145.8264050289897,6515734
2023-05-11,1127.6031494140625,1145.377687946898,1124.8652248185404,1140.3056511286572,6888461
2023-05-12,1117.8179931640625,1127.513214317715,1112.2972159671344,1125.1342831512181,8292212
2023-05-15,1129.622802734375,1139.0935985840445,1118.222036083044,1122.0372679380657,5534710
2023-05-16,1134.9642333984375,1143.6269666049225,1133.5727520158546,1135.5925807167341,5236469
2023-05-17,1119.3443603515625,1131.9570044864442,1115.349521720346,1131.6428307830922,10465667
2023-05-18,1118.5362548828125,1130.7899043107132,1115.3493701951222,1129.8472737459822,6948732
2023-05-19,1139.09375,1143.0436595385552,1124.6407740269224,1127.5583046568154,11094136
2023-05-22,1160.5487060546875,1163.0622048581356,1140.3054905530537,1142.7292411104354,7625947
2023-05-23,1167.0572509765625,1179.7148242453716,1164.364145617976,1166.2941167921063,7436031
2023-05-24,1165.80029296875,1171.500676643536,1159.202207626038,1163.6907159656682,4824077
2023-05-25,1170.9171142578125,1173.2960455245018,1157.361841386736,1162.0747750049484,4334121
2023-05-26,1182.677001953125,1188.063211884976,1172.398361832931,1172.398361832931,5521606
2023-05-29,1179.939208984375,1196.3670853553535,1175.8546221650074,1196.3670853553535,4419365
2023-05-30,1188.42236328125,1190.7115464294097,1175.2261922392356,1180.477725221967,6274719
2023-05-31,1183.4400634765625,1194.9305782104627,1179.7145799188752,1184.831435207361,17800782
2023-06-01,1184.5174560546875,1193.4944735314186,1183.2606516913986,1187.2554902181837,4277841
2023-06-02,1181.7880859375,1194.4338775054596,1179.104315999841,1190.8857617337856,10909311
2023-06-05,1186.791748046875,1191.2950529177192,1180.2414662246276,1186.3368642798964,5002553
2023-06-06,1163.5926513671875,1172.326397297681,1158.1340462786784,1172.326397297681,10008100
2023-06-07,1172.644775390625,1177.2391456905614,1166.7768194344242,1174.0549594386935,5397578
2023-06-08,1167.0499267578125,1175.4197442918237,1165.5032551977433,1170.1430477667195,5034942
2023-06-09,1151.72021484375,1166.7769126021076,1149.9462124982956,1166.7769126021076,5339073
2023-06-12,1175.3741455078125,1178.785773831074,1158.1340948031748,1158.5889785796096,4785588
2023-06-13,1187.1102294921875,1188.611368241848,1180.0141088524708,1182.6069242988215,4846587
2023-06-14,1183.061767578125,1188.7932366228665,1176.5113744554915,1188.474840185205,3457981
2023-06-15,1170.68896484375,1177.1937141878004,1166.9134071805377,1177.1937141878004,6161155
2023-06-16,1175.1011962890625,1184.0623838210365,1165.457683142132,1170.8707552652124,8536287
2023-06-19,1177.2393798828125,1182.2431021311552,1170.9165389185205,1177.2393798828125,4451787
2023-06-20,1185.7911376953125,1187.2467436756685,1174.6009515510648,1177.2392998592454,4009180
2023-06-21,1182.1064453125,1186.154977548267,1178.1489786763307,1182.6522836320391,4041529
2023-06-22,1165.91259765625,1173.0542504034897,1158.588924773524,1173.0542504034897,6676607
2023-06-23,1150.85595703125,1163.9110992338817,1149.354818354435,1161.27275111336,7239467
2023-06-26,1155.72314453125,1159.0438181837924,1148.3540498449702,1155.6321899905513,3403244
2023-06-27,1163.729248046875,1166.322063496411,1159.2258317923613,1164.5025282959484,3240024
2023-06-28,1176.64794921875,1179.695648586696,1165.7762703962558,1173.600249850804,5662358
2023-06-30,1214.99462890625,1218.0878609550978,1186.7463005247835,1190.1579290222737,12821692
2023-07-03,1213.35693359375,1224.5471188494619,1208.5806539697087,1209.9908380904787,7732412
2023-07-04,1223.7738037109375,1224.5470838930623,1211.2645002907818,1223.0005235288127,5797775
2023-07-05,1225.7298583984375,1235.4187939129251,1219.9982784398992,1235.3278393695025,5414936
2023-07-06,1222.63671875,1225.8663271465525,1216.4957873550766,1221.4085546821386,5963897
2023-07-07,1210.1727294921875,1224.3651918692738,1205.7603791627248,1213.6298905441663,6295647
2023-07-10,1209.217529296875,1220.8170652524432,1200.256341377616,1215.9498311998555,3940315
2023-07-11,1226.91259765625,1229.0051076173486,1207.2616391546826,1213.129595917475,6126128
2023-07-12,1212.9931640625,1229.9148189122855,1207.26158386156,1229.0960058756348,8102770
2023-07-13,1241.9237060546875,1252.5680534152623,1210.7641663190607,1214.4487694545699,9977644
2023-07-14,1297.2830810546875,1300.9676843031073,1256.0706748916025,1256.0706748916025,12833381
2023-07-17,1294.5535888671875,1327.3052180870611,1286.6841890241146,1297.282891302177,11569884
2023-07-18,1342.089111328125,1344.5909722136412,1300.0578928736984,1304.6067308473641,16743977
2023-07-19,1341.8616943359375,1363.559740717556,1328.8975058703597,1351.9146708665796,13687062
2023-07-20,1318.7080078125,1338.2680093081667,1310.7020092897064,1338.2680093081667,8347221
2023-07-21,1211.446533203125,1228.1862795203028,1187.2467368696261,1201.0751601871634,45548305
2023-07-24,1215.995361328125,1228.0953149237007,1213.8574296627578,1219.998361010124,8859789
2023-07-25,1214.1759033203125,1221.681486555465,1204.7598302000642,1216.3593679271178,6801982
2023-07-26,1227.139892578125,1228.186147433356,1218.5426339683336,1221.817774817035,5528885
2023-07-27,1231.0521240234375,1240.7411717559758,1225.5025635415454,1236.0103133187197,9191861
2023-07-28,1219.54345703125,1240.7865080925476,1215.4495028674003,1231.6888321728816,6122735
2023-07-31,1233.3719482421875,1235.0095744205735,1212.9477090948283,1227.0491075504592,7902180
2023-08-01,1242.0147705078125,1245.4719320533654,1234.5547200850378,1239.1035584051742,6064652
2023-08-02,1234.4180908203125,1248.1555587567932,1226.7760211098619,1245.7447635687552,7419145
2023-08-03,1241.1959228515625,1243.2428998554956,1227.2764348025732,1228.186202359877,6503741
2023-08-04,1253.97802734375,1260.8468164782487,1239.1033507409106,1245.3807687817762,5712345
2023-08-07,1267.306396484375,1269.1259318705693,1252.7501133948201,1262.6666034607047,3729093
2023-08-08,1264.7589111328125,1267.8067215289614,1259.482325527499,1267.1698175564386,4161877
2023-08-09,1268.5799560546875,1270.0355619948482,1257.7536994683937,1259.1183508602219,4090828
2023-08-10,1263.7581787109375,1269.853688398212,1260.5739920409878,1266.0325977609016,3873025
2023-08-11,1248.0648193359375,1270.8090122423607,1243.698000931282,1266.3966610296404,5783517
2023-08-14,1267.8067626953125,1269.1258813755687,1242.378690051583,1248.0647379072082,4304135
2023-08-16,1290.5052490234375,1291.8243675275844,1278.5873165202784,1283.5000834227826,7735313
2023-08-17,1284.1826171875,1291.8701096855618,1279.1333621252818,1291.8701096855618,5618346
2023-08-18,1263.4853515625,1281.589638878783,1261.0744450887594,1277.0408006474313,5134103
2023-08-21,1278.5875244140625,1280.0431304963236,1261.9842641926284,1264.3496379582555,3032722
2023-08-22,1277.086181640625,1279.1786914005518,1270.626854331071,1277.9504163795991,2890714
2023-08-23,1280.9072265625,1288.7767383819312,1278.8148277508842,1288.2309000421885,2559125
2023-08-24,1295.14501953125,1296.4642490688886,1286.820624510391,1293.2345299499723,5171963
2023-08-25,1291.9609375,1294.14440193583,1284.0460038576823,1285.5016097963642,4307172
2023-08-28,1287.91259765625,1296.2369938760085,1284.0460851385783,1291.9610192819164,3133464
2023-08-29,1289.7320556640625,1295.8729869417455,1287.594124022955,1295.509057691945,3074444
2023-08-30,1305.6529541015625,1307.0176054605395,1295.5090234553786,1298.2383261733323,3070887
2023-08-31,1305.9259033203125,1314.5232740786394,1299.7395500542452,1305.653039664003,9792735
2023-09-01,1313.5679931640625,1315.524015813637,1299.3301072963106,1301.8319683222358,3582133
2023-09-04,1332.9005126953125,1337.3583962271932,1305.243554943164,1312.794670582204,4609014
2023-09-05,1345.455322265625,1346.5015772139598,1325.0765058688094,1332.8095304482017,5496840
2023-09-06,1344.135986328125,1349.0942859762029,1331.2628646848657,1348.1845184505673,5075786
2023-09-07,1333.901123046875,1340.4515159698167,1330.1256765994524,1337.90412243496,4411743
2023-09-08,1336.9945068359375,1341.6798324116455,1328.4426687748935,1331.4449464210497,3125838
2023-09-11,1343.226318359375,1344.6820353527714,1332.3546400444875,1336.994432557999,4182226
2023-09-12,1365.6522216796875,1368.2905701230975,1343.8177976883615,1348.7305652975347,6793161
2023-09-13,1363.1502685546875,1369.2002453382354,1354.3255672096375,1369.2002453382354,4804686
2023-09-14,1370.97412109375,1376.068908054887,1363.878001064633,1369.200118850372,6444213
2023-09-15,1375.2047119140625,1381.3911761511094,1372.839338313645,1381.0272468920564,8657816
2023-09-18,1357.1912841796875,1369.1092169496771,1353.7341230453653,1369.1092169496771,3991916
2023-09-20,1355.7811279296875,1360.193478454991,1342.9988490854248,1342.9988490854248,4169337
2023-09-21,1366.243408203125,1368.790801746706,1342.8168939622524,1352.4149859666784,6779195
2023-09-22,1361.1488037109375,1370.9742270619945,1351.1867819544711,1357.282291448548,5455613
2023-09-25,1341.1337890625,1355.4170944618959,1338.768415761757,1355.4170944618959,4217863
2023-09-26,1328.8519287109375,1346.3649531864253,1327.3507901162034,1345.6826275575102,3996528
2023-09-27,1334.6290283203125,1336.994401796738,1319.2085123948889,1324.6215850268404,3863586
2023-09-28,1309.5648193359375,1339.723634998435,1305.5163982722486,1335.447772053514,5814602
2023-09-29,1305.9259033203125,1316.251854791077,1288.2309672949007,1302.8782039633304,6068968
2023-10-03,1304.6068115234375,1307.3361144764153,1292.143039127087,1306.4718796302209,4181867
2023-10-04,1314.022705078125,1319.1173810169118,1290.2322620419864,1296.41872564626,4510406
2023-10-05,1331.3992919921875,1342.4985228636597,1319.3448718155562,1320.982497846701,7384621
2023-10-06,1345.273193359375,1350.5498894209854,1331.262862333814,1336.903376560551,3598672
2023-10-09,1342.3165283203125,1356.4634585781648,1330.2621079137662,1332.7185470073355,3567552
2023-10-10,1360.239013671875,1361.9220614766054,1336.5395238912695,1350.0041284403374,5688951
2023-10-11,1359.556640625,1381.254574348816,1347.7750842911132,1361.9220140294271,7220129
2023-10-12,1333.264404296875,1368.654385789573,1320.982541821264,1357.2822909047482,11081662
2023-10-13,1302.013916015625,1308.2458018313064,1273.6746332154582,1278.2234711912276,17973439
2023-10-16,1304.7432861328125,1313.3405459284356,1300.967728206962,1302.8782180442538,4850745
2023-10-17,1312.2943115234375,1322.2108011891066,1308.291422679862,1310.2928671016498,3923764
2023-10-18,1310.565673828125,1322.8020028156968,1308.5641186072812,1311.8847923385383,4264837
2023-10-19,1304.2882080078125,1309.7468130472434,1297.4194189109537,1297.4194189109537,6795691
2023-10-20,1298.4656982421875,1308.7005828841384,1296.6461631947295,1300.9675589324422,3928622
2023-10-23,1281.5440673828125,1303.1055136577397,1278.4508355358098,1296.964582762976,2636516
2023-10-25,1262.560302734375,1292.5104566531788,1254.4967997562355,1289.2389333048216,6940777
2023-10-26,1252.7919921875,1266.2004921783227,1246.940214740459,1248.7372916684367,6357656
2023-10-27,1272.0521240234375,1276.3373223697179,1256.6623976967833,1256.6623976967833,4634358
2023-10-30,1269.0111083984375,1272.0521334622172,1256.155513264206,1272.0521334622172,2667696
2023-10-31,1261.039794921875,1272.7894712580314,1256.0634389161826,1271.6835518717269,3451595
2023-11-01,1247.9078369140625,1269.3797275291213,1245.6039787476566,1265.3250271507063,3090672
2023-11-02,1262.6524658203125,1268.3199791238953,1254.819348447591,1262.5142118386507,3758060
2023-11-03,1280.069580078125,1282.7880874213406,1269.6560973022642,1271.7756915818663,3349045
2023-11-06,1293.20166015625,1296.8417109189295,1281.6823697767961,1284.5391312922866,2736381
2023-11-07,1294.1231689453125,1295.5976155760281,1285.4145181543718,1290.1604881630135,2272209
2023-11-08,1281.86669921875,1294.7683051059266,1277.6736323081873,1294.7683051059266,3550635
2023-11-09,1266.9376220703125,1287.8566074771882,1262.5602919196745,1286.3821608724284,5498051
2023-11-10,1261.4544677734375,1265.4171487849635,1254.2203756878132,1262.4681428598753,2943649
2023-11-13,1265.78564453125,1273.9872886097166,1263.2974105189112,1271.5912989072524,3462092
2023-11-15,1299.836669921875,1303.062071087934,1283.7096640915788,1289.2389232333946,8551860
2023-11-16,1331.537841796875,1339.3709592887674,1299.9288638617754,1304.9973516506468,6673907
2023-11-17,1324.764404296875,1337.1591147047359,1322.4605464148888,1327.9898053316556,4901251
2023-11-20,1323.8890380859375,1338.0808269307881,1321.170530438921,1328.8653942384274,3584210
2023-11-21,1326.1007080078125,1336.2376835381015,1324.0272357402534,1328.8653376978914,3793135
2023-11-22,1343.4256591796875,1344.4853438157159,1323.5202369954038,1323.5202369954038,3108786
2023-11-23,1335.546630859375,1352.7334359458998,1334.1181937435772,1352.7334359458998,3186928
2023-11-24,1324.626220703125,1338.6797545299087,1321.3546973396635,1332.1368202960523,2973195
2023-11-28,1329.5103759765625,1331.6299704076575,1315.088314388403,1330.7084271755414,3755373
2023-11-29,1345.08447265625,1346.0981477081089,1336.0534165206054,1337.251355220777,3875778
2023-11-30,1340.983642578125,1346.0521303013406,1335.8230230312827,1339.2326879569457,10120867
2023-12-01,1338.357177734375,1345.3608832594507,1332.6896647955414,1345.3608832594507,3489187
2023-12-04,1349.4617919921875,1356.4194883018783,1335.592634024112,1345.8677509348179,5511948
2023-12-05,1339.877685546875,1351.8117374373267,1328.8652893459846,1350.798062419795,5123039
2023-12-06,1358.631103515625,1361.1192250096171,1337.2052253968209,1342.4579763254974,5269178
2023-12-07,1350.89013671875,1357.2948166644478,1347.1118322726165,1357.2948166644478,4424453
2023-12-08,1374.1591796875,1377.4305905862009,1351.2127312666094,1355.0371580856024,6323433
2023-12-11,1371.7171630859375,1380.4718241872586,1365.7271318060862,1373.0994779966725,3862018
2023-12-12,1360.243896484375,1373.0993792323097,1352.5029110424384,1361.5800891380788,6103494
2023-12-13,1335.316162109375,1360.2439518858023,1320.7097241735976,1360.19782972632,8549258
2023-12-14,1383.651123046875,1392.4519064335434,1346.6972597427207,1348.5864684779983,12489858
2023-12-15,1454.5638427734375,1463.917528966799,1401.6672393803897,1403.5564479809898,18395389
2023-12-18,1441.6160888671875,1468.0183241638513,1437.88390638634,1444.9336219034078,6467243
2023-12-19,1436.040771484375,1450.4628321473872,1422.1715017334877,1446.9149134299466,4221721
2023-12-20,1415.85888671875,1459.2635456213156,1409.9609881911038,1442.2611198785871,6592367
2023-12-21,1415.4903564453125,1425.3048140325604,1401.897594233354,1401.897594233354,5319038
2023-12-22,1440.2799072265625,1443.1366686825568,1403.5103106025122,1414.522706978693,6741060
2023-12-26,1422.8167724609375,1426.549067926583,1403.5104847882335,1414.5690046946413,6878067
2023-12-27,1444.150390625,1446.8228885227966,1422.8627642542663,1422.8627642542663,4225849
2023-12-28,1440.0494384765625,1445.855092876647,1432.9996108186176,1445.855092876647,5702253
2023-12-29,1421.8489990234375,1437.1004712006081,1419.1765012951132,1420.144166634131,4388990
2024-01-01,1429.635986328125,1434.8427277811138,1414.799163664711,1418.254950581332,2808451
2024-01-02,1414.0157470703125,1427.608507717753,1403.5101332916463,1424.7056244707057,5396313
2024-01-03,1373.0994873046875,1400.6996635455614,1371.2564007445471,1400.6996635455614,7550363
2024-01-04,1394.0184326171875,1400.5153575424802,1375.771943719321,1386.8764724125788,7056038
2024-01-05,1412.31103515625,1418.8999788505123,1388.07440470264,1388.5351762892633,8895403
2024-01-08,1403.3260498046875,1415.4903752195028,1394.52526712299,1408.9934505703893,4440136
2024-01-09,1409.3160400390625,1431.1565685607613,1406.1366485499625,1420.9274616897512,4412074
2024-01-10,1400.6534423828125,1414.983370728282,1386.9224270844938,1405.3071677486228,4096845
2024-01-11,1376.9697265625,1405.3533005143752,1369.9660211372372,1405.2611686981993,11296088
2024-01-12,1486.2188720703125,1491.056974118596,1433.3683893367258,1439.450552270239,26754401
2024-01-15,1522.4815673828125,1534.3233755421343,1507.6447436874366,1515.8925107048797,13228305
2024-01-16,1503.5438232421875,1519.1639351762556,1497.5076704042556,1515.7542704008683,6500917
2024-01-17,1511.51513671875,1518.2424471875822,1493.1303945709744,1493.1303945709744,9209876
2024-01-18,1513.726806640625,1519.6247054977496,1500.5026844916376,1513.7729287969016,6375464
2024-01-19,1529.0245361328125,1534.8303036837544,1515.1553775281222,1522.020829836473,4522736
2024-01-23,1513.3123779296875,1543.30854535104,1509.2114426801818,1520.6386022901127,9401255
2024-01-24,1543.953369140625,1548.1924450033323,1515.9384357324295,1529.6694507492252,8999681
2024-01-25,1538.147705078125,1548.6994420250173,1527.9185982399085,1541.6956238359799,8865304
2024-01-29,1526.6282958984375,1547.593401683499,1518.334407895556,1534.5075344983973,4253785
2024-01-30,1521.88232421875,1557.407856111292,1518.9334312635722,1532.0192984301252,4995943
2024-01-31,1530.591064453125,1536.442841049227,1509.5798353047996,1518.93352092331,6763779
2024-02-01,1527.043212890625,1545.4279548337279,1520.8688059210901,1529.3470709031976,5760011
2024-02-02,1560.4952392578125,1583.6720744845543,1534.3695106294924,1535.3371760388302,7858483
2024-02-05,1554.8277587890625,1567.3147150838886,1549.8975247974827,1561.785455468717,3634135
2024-02-06,1593.7628173828125,1597.034340689009,1542.6171705805966,1554.4129683538292,7694265
2024-02-07,1560.86376953125,1593.3481668011993,1554.5050990563916,1593.3481668011993,4613877
2024-02-08,1559.34326171875,1572.4752526176906,1550.7729772594932,1564.7803892211357,5919715
2024-02-09,1538.3780517578125,1560.0804381745947,1529.5773820750176,1552.5237167662156,4600004
2024-02-12,1548.2847900390625,1560.126598289278,1539.2997433619348,1539.2997433619348,3555808
2024-02-13,1552.3856201171875,1556.5785741207376,1532.9870910403704,1550.9571831806093,2696481
2024-02-14,1535.4752197265625,1538.4702350970776,1507.1838887623073,1529.9459605809961,3768579
2024-02-15,1544.8289794921875,1555.3345948697918,1531.2362167759502,1545.428005093551,4834391
2024-02-16,1568.14404296875,1574.917363137815,1555.5188333576436,1556.486498735968,4880654
2024-02-19,1566.39306640625,1577.2211990906292,1555.2884257624896,1571.2311682439513,3690993
2024-02-20,1553.03076171875,1561.324650966914,1537.8252980971156,1552.800375906301,3706389
2024-02-21,1525.660888671875,1542.6633157025528,1516.2150708785946,1542.6633157025528,4300508
2024-02-22,1549.4366455078125,1552.4316609246032,1515.3856690741432,1534.3694366019563,5841277
2024-02-23,1545.289794921875,1565.1951068635992,1540.7282007765268,1563.858914132195,5373072
2024-02-26,1529.89990234375,1543.5386736406174,1515.9385009458492,1543.5386736406174,2782438
2024-02-27,1533.079345703125,1539.9909201570279,1523.1267459853489,1530.6833557243867,5159088
2024-02-28,1540.129150390625,1555.380736114235,1531.6509975218291,1538.9772213327412,3188916
2024-02-29,1542.571044921875,1550.2659074446117,1523.587279224107,1534.3692886879348,7814722
2024-03-01,1524.8775634765625,1540.7741844629486,1521.4678984651173,1538.0556768856939,6387291
2024-03-04,1508.7506103515625,1533.862664687169,1505.4791992091916,1527.7805015485362,4445156
2024-03-05,1480.459228515625,1508.888815229402,1476.312283897934,1505.8016678459578,4596579
2024-03-06,1490.6422119140625,1493.0382016771937,1452.352047887815,1477.049450044554,6420684
2024-03-07,1489.628662109375,1500.6871820049978,1478.3397563825936,1489.7669161066867,6348359
2024-03-11,1475.02197265625,1487.186409973432,1463.4105512344881,1481.9796685740168,6752895
2024-03-12,1486.4029541015625,1497.5075938718044,1472.3034116366352,1474.469015504546,4614222
2024-03-13,1484.9747314453125,1497.046924837975,1473.1329238521018,1486.3570462420234,5688997
2024-03-14,1523.58740234375,1527.6882245455754,1481.8414508033693,1487.7393497230903,8803799
2024-03-15,1505.8016357421875,1516.6758908384104,1491.3794617139743,1512.344570167545,11809997
2024-03-18,1476.9111328125,1504.5574269562098,1473.4092238904066,1502.1153151415704,4958904
2024-03-19,1438.9434814453125,1473.5474711208267,1435.764202630549,1467.4191867817187,6870411
2024-03-20,1432.9534912109375,1451.3843544053573,1430.5575014942751,1440.371958643916,4759059
2024-03-21,1432.7230224609375,1453.2273565774512,1422.3096528549004,1441.293418347309,11062497
2024-03-22,1390.470458984375,1408.9474454626866,1380.6560012352104,1401.6672315575609,14673890
2024-03-26,1375.5413818359375,1389.1801527269931,1371.164051948253,1374.9423563000637,8351081
2024-03-27,1367.431884765625,1381.3932870499673,1365.3124028550521,1378.628657389427,6857402
2024-03-28,1380.5177001953125,1393.188917951044,1370.472857803067,1370.472857803067,12499530
2024-04-01,1378.12158203125,1409.9148189381892,1375.6795828140007,1405.353225596589,6580002
2024-04-02,1366.5103759765625,1376.0023163808078,1364.6672894897633,1368.353462463362,7279400
2024-04-03,1364.4830322265625,1377.799287158803,1359.2762903783632,1362.9624633692197,8736248
2024-04-04,1370.058349609375,1378.306229462609,1352.825535267705,1373.6063812324333,11186915
2024-04-05,1363.0545654296875,1370.0582714607572,1360.24392608138,1363.93009899174,5072482
2024-04-08,1360.8427734375,1373.9747637962018,1358.4467836601393,1366.6485404880466,6610887
2024-04-09,1377.5689697265625,1395.0322826334318,1370.6113853568038,1373.0995072519083,9423230
2024-04-10,1388.58154296875,1391.3921826462563,1368.0772037532827,1382.6375209587534,6744595
2024-04-12,1368.26123046875,1388.581302495331,1363.4231287950938,1386.0009366054892,12275616
2024-04-15,1352.9637451171875,1374.8964069734686,1346.420810540168,1363.884010132131,8531224
2024-04-16,1303.4766845703125,1340.9835588768526,1302.1866141339272,1337.1591322439795,16173541
2024-04-18,1307.9002685546875,1331.3534994670702,1297.072135276183,1309.6051010829012,22107945
2024-04-19,1300.5279541015625,1314.9040067731753,1270.5777974969205,1276.3374429978132,20603621
2024-04-22,1320.341064453125,1324.1193692022916,1302.1867077963823,1308.4992564312556,5859087
2024-04-23,1329.23388671875,1333.334708815105,1320.5713584494295,1329.7867901203954,4856174
2024-04-24,1318.498046875,1330.985003306902,1315.0883817387778,1330.985003306902,4268213
2024-04-25,1325.5938720703125,1331.5378936591642,1308.5914437317322,1308.5914437317322,9089398
2024-04-26,1318.0372314453125,1331.9986341616486,1315.0422158870554,1326.7457701482465,8062444
2024-04-29,1322.1842041015625,1326.838042603384,1316.1941728580287,1317.7607514168,5055957
2024-04-30,1309.0982666015625,1323.8429581264434,1306.3336369406475,1322.1380131744238,6936588
2024-05-02,1303.4766845703125,1312.2774667921617,1301.0806948402314,1302.1404919784582,10076354
2024-05-03,1305.181640625,1313.0147575937467,1293.1093350669514,1310.526523531366,8842345
2024-05-06,1314.028564453125,1332.27505360971,1305.9189387214822,1308.5914366893924,6445422
2024-05-07,1327.8975830078125,1330.1093091097507,1304.5364861962978,1313.1528923189749,6080661
2024-05-08,1315.318603515625,1326.791770914921,1313.751912640343,1322.6448266752147,6234983
2024-05-09,1326.6075439453125,1336.1915031252968,1313.0607915586831,1315.5490256671164,6088406
2024-05-10,1313.10693359375,1323.289918499904,1302.1405469699123,1322.460619610937,8777481
2024-05-13,1311.7706298828125,1313.1990668474873,1300.481725623948,1313.1990668474873,3735954
2024-05-14,1312.9224853515625,1321.2624958851497,1306.7943133773022,1314.4891762078207,3463230
2024-05-15,1308.545166015625,1319.4655424641765,1307.255095585117,1314.120547134986,4327544
2024-05-16,1339.324951171875,1341.5366776212318,1315.0423073779823,1321.4469884047705,9249145
2024-05-17,1330.98486328125,1342.6884167000094,1326.3310252131012,1342.6884167000094,7542860
2024-05-21,1321.6312255859375,1331.3534390178734,1316.332352094495,1317.8067987413262,6752663
2024-05-22,1340.6610107421875,1345.4068679388222,1315.9636094884577,1316.6547668463822,7173285
2024-05-23,1356.88037109375,1362.17924504405,1336.237778771356,1340.5689872639355,8641428
2024-05-24,1350.15283203125,1359.7369031866842,1345.4529845154584,1353.0557154211108,5277938
2024-05-27,1355.9124755859375,1363.5152064855856,1345.6833692377497,1356.3732471556132,5821844
2024-05-28,1351.9500732421875,1360.1978403527887,1345.7296562893546,1359.7370687266528,6186922
2024-05-29,1337.113037109375,1350.5215354265988,1336.237616082271,1350.4294036068611,7401634
2024-05-30,1315.4569091796875,1336.0995011368218,1310.0198938256992,1329.6026885129104,9663150
2024-05-31,1322.459716796875,1350.5181357141773,1315.9738228639974,1325.18568552157,37113815
2024-06-03,1321.5198974609375,1353.5732408404072,1319.733909819397,1353.5732408404072,10589244
2024-06-04,1310.0050048828125,1330.0735833506835,1276.8236180013437,1324.4336953647442,13736134
2024-06-05,1344.2672119140625,1351.6930870098186,1316.1148183429186,1316.1148183429186,9233424
2024-06-06,1383.8875732421875,1385.8145809499692,1351.2232206049546,1358.2260359203012,12660930
2024-06-07,1441.555419921875,1447.289283385155,1388.5874921626576,1392.1124223339962,24075302
2024-06-10,1409.737060546875,1437.983546630723,1407.4341520864498,1433.7536304630544,6810606
2024-06-11,1405.97705078125,1416.0348049461413,1404.2850385180848,1410.0190163300265,4853054
2024-06-12,1396.060302734375,1418.1969101793593,1393.7573942458623,1416.5519427607585,9564320
2024-06-13,1404.2850341796875,1414.6718735675256,1399.9611430962834,1405.27206045412,7307565
2024-06-14,1399.5382080078125,1413.4498626747718,1396.8592841989566,1413.4498626747718,4237727
2024-06-18,1408.280029296875,1416.5519111720494,1405.6481503320965,1407.152097561087,5420939
2024-06-19,1420.640625,1424.6825902320104,1406.86987687676,1414.6717670710855,5493456
2024-06-20,1424.4476318359375,1426.4215695435462,1409.125891319924,1425.2936379231433,7927010
2024-06-21,1440.7093505859375,1464.2559289959652,1432.249518545518,1452.271166938704,17301941
2024-06-24,1435.4925537109375,1437.325471461373,1424.4477727552649,1433.0486251290843,5564989
2024-06-25,1449.404296875,1451.2373294804354,1429.1007212609798,1434.411639204177,4551525
2024-06-26,1448.2291259765625,1455.889996430208,1442.8712785271127,1448.5111662607692,4851004
2024-06-27,1478.9195556640625,1483.6665071274144,1440.0983968135813,1446.1141853395814,14757754
2024-06-28,1472.7156982421875,1493.1602914681441,1470.3657449978248,1478.1676356666337,8197544
2024-07-01,1495.3223876953125,1503.8761950899986,1465.900925341744,1465.900925341744,6801771
2024-07-02,1523.7567138671875,1535.7414752975033,1491.2803144467298,1500.3980870491325,10493173
2024-07-03,1529.7257080078125,1537.8095248596555,1509.6100836947476,1527.469729765856,7269965
2024-07-04,1551.5802001953125,1560.3690026530594,1530.2896001922775,1530.4775505601317,8008311
2024-07-05,1548.572265625,1565.8679458210338,1535.3185512266714,1552.332191113537,7065022
2024-07-08,1561.9200439453125,1566.008939897241,1541.5694246287367,1544.483343885064,5880533
2024-07-09,1557.68994140625,1566.7137383996742,1551.9090338070268,1560.2748898271884,5191182
2024-07-10,1549.32421875,1573.5287378659184,1539.2664644712022,1557.5490553427878,9852770
2024-07-11,1553.5069580078125,1565.068773221021,1543.4962495417126,1556.608942014421,8857679
2024-07-12,1609.0130615234375,1616.5329122564228,1566.6199259649964,1579.1686539269024,17078316
2024-07-15,1604.59521484375,1624.2877782953476,1600.4592739409936,1622.5957659620963,6942230
2024-07-16,1622.454833984375,1633.593589888385,1597.9682742375035,1615.4519041715741,6886281
2024-07-18,1652.5343017578125,1659.4431419133819,1615.827983176718,1615.827983176718,11248896
2024-07-19,1685.339599609375,1733.3256958168,1679.2297205297605,1733.3256958168,29819116
2024-07-22,1702.165283203125,1713.586080081119,1685.3395933133556,1692.1075281917851,8462126
2024-07-23,1726.6517333984375,1729.5186076175692,1676.2217119382558,1701.3662125939957,7113056
2024-07-24,1723.8787841796875,1731.7746506207213,1710.3900744958235,1727.2157639340674,6002845
2024-07-25,1715.3248291015625,1721.0117617869892,1703.2460925090763,1710.7659428071297,5815599
2024-07-26,1766.1309814453125,1769.9848820315087,1715.7949342558115,1715.7949342558115,11369047
2024-07-29,1758.7991943359375,1788.784624281326,1752.12534926978,1779.9487760733678,4635931
2024-07-30,1764.48583984375,1767.1177185175402,1748.3651383345386,1758.7989073403546,2721265
2024-07-31,1756.1202392578125,1772.005947764429,1753.112344694683,1764.3450764549252,5004209
2024-08-01,1741.4095458984375,1755.7913074406626,1734.3596852882927,1744.6994808498382,7475014
2024-08-02,1711.8939208984375,1747.895251074617,1707.147084115294,1732.3855594141,7400938
2024-08-05,1646.7532958984375,1689.6164211011132,1615.4049418548652,1677.8196096487513,10736703
2024-08-06,1646.0013427734375,1689.0994653436978,1640.126459251215,1654.5551502330297,7690163
2024-08-07,1684.1175537109375,1689.9924369566963,1656.341059827465,1688.206449501223,5094329
2024-08-08,1638.528564453125,1673.1198103688212,1623.4418174161967,1673.1198103688212,6227910
2024-08-09,1664.4720458984375,1673.8718597959298,1650.6073203996366,1664.9420365933122,4258524
2024-08-12,1689.5223388671875,1695.2562016016923,1661.980842064797,1666.633818145862,4315329
2024-08-13,1689.5694580078125,1701.3662700318037,1681.6737063397366,1701.3662700318037,4176918
2024-08-14,1713.8209228515625,1715.465890143481,1689.569359164612,1693.8463200211247,7450718
2024-08-16,1747.378173828125,1750.1041425189478,1719.6957707243737,1738.9653871768742,7335657
2024-08-19,1752.8773193359375,1755.46226812506,1738.2135180462226,1748.3653628246682,2585989
2024-08-20,1759.8330078125,1772.5227558229078,1756.0730824760828,1767.1649081160394,3870333
2024-08-21,1760.302978515625,1766.2249067508462,1755.0391060531026,1762.5589566406527,1966902
2024-08-22,1767.3997802734375,1779.9955522213554,1757.4829319922503,1770.924710030664,4300287
2024-08-23,1750.3392333984375,1769.6088509029312,1745.5453515046195,1765.4729100507645,5015935
2024-08-26,1763.5460205078125,1775.3897624868237,1752.125224235838,1757.7651122966831,3728589
2024-08-27,1786.0584716796875,1788.5494451104064,1761.431007151832,1763.54596510821,3830679
2024-08-28,1822.7177734375,1833.903574209478,1783.5205978872887,1792.450420519267,6514531
2024-08-29,1817.3128662109375,1833.4335688344042,1805.610144647818,1816.9838956969513,7228284
2024-08-30,1827.0416259765625,1832.9635541258785,1812.2839653100993,1821.6837784081808,13466759
2024-09-02,1846.5933837890625,1857.1681741009113,1826.195834151735,1826.712755054023,5573739
2024-09-03,1824.73876953125,1848.9432889467964,1820.2268132183985,1848.9432889467964,4694322
2024-09-04,1807.0670166015625,1811.5319278069883,1786.0115271331308,1805.7980647866775,4778310
2024-09-05,1817.1248779296875,1823.5637269032381,1794.9882723576418,1810.638983993486,4081810
2024-09-06,1787.7034912109375,1820.2738676395406,1783.00358450389,1806.6441381891027,5848106
2024-09-09,1780.9356689453125,1805.5631341580754,1775.6247514250556,1776.564732765143,4772612
2024-09-10,1797.5263671875,1818.8638977650467,1782.2046254069915,1790.5704823041315,6909600
2024-09-11,1795.50537109375,1810.4040523138208,1790.6644442667855,1799.7822173243185,5312946
2024-09-12,1833.3865966796875,1838.9795546148218,1796.1164275717779,1809.464116978717,8555092
2024-09-13,1827.4176025390625,1841.0473312410704,1819.47480653783,1833.38646078049,3843127
2024-09-16,1833.1986083984375,1834.8435757434945,1817.0309752474043,1828.9686923682912,1570181
2024-09-17,1835.3604736328125,1840.906271327735,1825.5846454813945,1830.8485176417557,2793127
2024-09-18,1778.5855712890625,1822.388675234394,1768.386797525358,1822.388675234394,6385468
2024-09-19,1780.5125732421875,1809.370068657787,1766.036952686509,1795.9282898631557,7976570
2024-09-20,1791.3695068359375,1800.0643345616268,1755.3212440246816,1790.664520804125,15242974
2024-09-23,1782.6275634765625,1803.73021337189,1765.7078993837924,1794.4243751721033,3636672
2024-09-24,1784.6485595703125,1796.210376017183,1759.0811128709156,1774.6847802570394,7277616
2024-09-25,1781.546630859375,1787.4684442930745,1764.156976545127,1773.1337292502485,4268341
2024-09-26,1786.199462890625,1802.8370859804254,1779.3845984749128,1783.896554606288,8952803
2024-09-27,1792.3094482421875,1856.0871602157958,1789.0665584656958,1816.137952637302,14908931
2024-09-30,1763.0289306640625,1787.1394743316184,1758.2350489085036,1767.1648713969455,6986955
2024-10-01,1790.0533447265625,1794.3772357071236,1762.464916843665,1762.464916843665,4029072
2024-10-03,1779.7606201171875,1797.1032292411892,1768.1048290238766,1776.0946700907043,7503887
2024-10-04,1803.025146484375,1836.8174281895435,1772.8047248589348,1776.141704358394,10001483
2024-10-07,1818.2060546875,1825.4438655173053,1801.0513942623245,1807.7721694283628,6112575
2024-10-08,1831.6005859375,1840.4363182559603,1791.933306709296,1821.5897622643915,5637391
2024-10-09,1835.548583984375,1858.3431317562972,1828.3577036972526,1835.3606336116181,4857163
2024-10-10,1803.8240966796875,1846.1232547571165,1799.2181654069389,1840.3893918331603,4782119
2024-10-11,1818.957763671875,1830.1435639245415,1795.4582315208152,1802.884106629312,4709431
2024-10-14,1841.32958984375,1851.2933697481615,1815.1980609916643,1816.1850873604988,3751378
2024-10-15,1841.70556640625,1871.9258760220825,1834.6086610794148,1842.3635074756771,5353705
2024-10-16,1804.858154296875,1841.9404871358424,1801.3332242595482,1837.6635261263593,3111512
2024-10-17,1849.977294921875,1859.2831333510103,1814.3050481446446,1819.0518851747047,8162822
2024-10-18,1766.788818359375,1820.6027474745542,1757.0600349091483,1780.1366215888147,10526196
2024-10-21,1741.5504150390625,1784.8366013292746,1727.6856903747387,1777.5986762175419,4654601
2024-10-22,1740.4693603515625,1765.0969393741664,1736.098424337156,1746.6732140121014,4125240
2024-10-23,1760.9609375,1772.8046785756571,1733.3254651609286,1734.5004417506527,4311910
2024-10-24,1751.51416015625,1770.9247972575436,1748.3652457001226,1749.6812424897346,2906475
2024-10-25,1750.292236328125,1763.7339001545147,1735.581505943881,1751.60811836117,4689120
2024-10-28,1753.3941650390625,1768.9509020729429,1745.5453438193326,1748.0832475331754,7018940
2024-10-29,1748.59326171875,1760.2866061853301,1738.8011693476826,1754.9627985871089,4621252
2024-10-30,1713.2276611328125,1748.3079249245552,1707.76122797984,1741.653136738328,5919715
2024-10-31,1670.589599609375,1699.728089871948,1660.3697457491953,1699.728089871948,7395236
2024-11-01,1674.011962890625,1678.9080088899161,1665.6460129974564,1677.4819828348002,371966
2024-11-04,1676.674072265625,1679.8588408591163,1633.2753189564019,1639.454765739415,7336722
2024-11-05,1667.6900634765625,1681.2373124025844,1658.9438158532193,1673.204077880611,3160880
2024-11-06,1733.762451171875,1737.0898453384439,1675.723259696614,1677.0066599508023,10421494
2024-11-07,1714.1309814453125,1735.6638830746192,1698.8724555004114,1723.5426610222241,4550965
2024-11-08,1739.7042236328125,1749.82903193321,1723.732801289501,1728.3435957027407,4210960
2024-11-11,1768.367431640625,1775.8778590726738,1732.669314114394,1738.8011800020988,3804234
2024-11-12,1776.638427734375,1788.2367269114475,1769.223045604574,1778.8249314544848,5012450
2024-11-13,1776.2581787109375,1780.8213927172376,1764.7549244206982,1769.3181384269985,4257495
2024-11-14,1772.59814453125,1783.4834314212399,1764.469748783487,1773.5962932395464,4311431
2024-11-18,1722.11669921875,1758.005024675079,1706.477991896976,1758.005024675079,4839244
2024-11-19,1734.7608642578125,1767.9872281436544,1730.7680373364465,1735.473877354507,4669769
2024-11-21,1743.6021728515625,1774.9271666789355,1730.8154024223286,1751.16006482196,5436504
2024-11-22,1808.438720703125,1819.6568388300636,1743.5545347717343,1762.6632608249854,6301486
2024-11-25,1796.507568359375,1824.647908539123,1789.187347735094,1821.5106048142616,12764638
2024-11-26,1829.2587890625,1842.9961275482167,1803.7329448177684,1811.00558516297,6850495
2024-11-27,1829.591552734375,1845.6581372544963,1817.4703304442407,1834.9153604909611,4447143
2024-11-28,1765.0875244140625,1820.4648690644453,1760.3341042723987,1820.4648690644453,8468790
2024-11-29,1766.2283935546875,1784.4340168837268,1754.0121263454853,1759.811276019277,5244346
2024-12-02,1787.0960693359375,1789.9481217185034,1744.6954644082105,1767.321793063357,2868263
2024-12-03,1798.7894287109375,1806.0621855541033,1778.8726425018424,1793.9409628322635,4715792
2024-12-04,1796.0799560546875,1819.56180716774,1782.5327074778559,1791.0888644737497,4705573
2024-12-05,1839.4310302734375,1853.7388717964993,1795.7946087095554,1806.2997139926326,9050038
2024-12-06,1827.5950927734375,1842.3781605401093,1818.088252003757,1837.4822303839658,3573331
2024-12-09,1828.7835693359375,1835.0104808234832,1803.637904199797,1829.306375982813,4274645
2024-12-10,1852.4554443359375,1868.6645376907804,1836.7215769538172,1843.3763652761136,6174921
2024-12-11,1876.79296875,1880.4530791874988,1855.7352935156714,1858.5873457085745,5025612
2024-12-12,1889.0093994140625,1900.2275187647786,1873.3706916216245,1877.7912800633462,6462130
2024-12-13,1901.0828857421875,1907.500003205855,1857.4465798294907,1872.6099443049989,5362693
2024-12-16,1882.402099609375,1900.9879041439099,1880.0728539329739,1897.042541916786,3119221
2024-12-17,1879.1220703125,1884.255787393359,1861.4393701898068,1870.9462106912868,5811050
2024-12-18,1881.54638671875,1887.060284654621,1864.8618349910091,1869.8054617493733,3064095
2024-12-19,1850.22119140625,1863.1030062841562,1825.3133165279144,1838.6228927942636,5323592
2024-12-20,1827.3575439453125,1882.3070176382269,1816.9950636033855,1877.7438033938301,11056720
2024-12-23,1829.4013671875,1844.3270603797318,1814.8558547757257,1834.8678004850174,2781793
2024-12-24,1814.9034423828125,1846.2284355881454,1749.2586619372746,1832.015755380025,2360544
2024-12-26,1813.3348388671875,1825.0757640546135,1808.4863732653307,1814.9034908105154,3623321
2024-12-27,1822.2237548828125,1829.25884045684,1810.007487366256,1815.236249934069,3937500
2024-12-30,1812.00390625,1821.510747311123,1793.4655661808106,1821.2254956591669,7789055
2024-12-31,1787.2860107421875,1803.4476395627287,1754.0596496753712,1798.9794709559926,3613063
2025-01-01,1789.6627197265625,1799.5973216045268,1781.5819053214227,1781.5819053214227,1838368
2025-01-02,1861.2967529296875,1865.8600828114977,1792.324694404524,1793.9408108770863,7083645
2025-01-03,1843.138671875,1856.6383387446942,1827.2147142972276,1856.6383387446942,6218003
2025-01-06,1842.283203125,1875.6997732327457,1832.9189877307317,1855.7354066651392,7164403
2025-01-07,1835.6282958984375,1861.9623140172655,1828.7834170796311,1849.08049857111,4294832
2025-01-08,1837.81494140625,1842.9961231909604,1795.6045452981161,1834.8202633622047,5482050
2025-01-09,1822.7467041015625,1855.5927707165636,1816.3295863112587,1838.670663062687,6833503
2025-01-10,1869.947998046875,1880.2630131182193,1836.9593070090002,1841.475056372847,8036913
2025-01-13,1865.4322509765625,1885.0164358188285,1852.8832675701437,1859.538056114521,5804152
2025-01-14,1844.374755859375,1874.5589763818855,1835.8660634362316,1871.7543886244132,5792162
2025-01-15,1853.501220703125,1861.4869901029845,1841.5700892018165,1850.981884706997,2985439
2025-01-16,1833.3466796875,1869.948017007702,1822.3187674971882,1868.9973329214629,7533579
2025-01-17,1725.9193115234375,1766.3709642563163,1722.6394979722525,1759.7161759087412,16409953
2025-01-20,1723.87548828125,1737.8029172097529,1704.7191808636662,1733.0494968108637,4333011
2025-01-21,1711.896728515625,1741.3204695981628,1704.6240883474466,1729.3418737355341,7169109
2025-01-22,1764.8974609375,1773.7864501626696,1716.1274359637641,1718.2664752007781,8373913
2025-01-23,1773.4534912109375,1786.8582289789933,1761.3322697336553,1766.370941552174,5907471
2025-01-24,1782.96044921875,1801.4513245969808,1772.312833717117,1773.501188842313,4887027
2025-01-27,1732.1463623046875,1771.1244088768565,1722.6395216773292,1757.577160982871,7652371
2025-01-28,1739.51416015625,1771.599747206543,1734.9033656716754,1739.7518311714375,6999495
2025-01-29,1788.474365234375,1795.5094503993766,1749.7339902797964,1754.0120684956396,5145155
2025-01-30,1768.224853515625,1794.1309953598945,1753.0614884709362,1780.7739533235829,7336056
2025-01-31,1787.0960693359375,1803.8755513464537,1778.7300025936208,1778.7300025936208,5820470
2025-02-01,1760.0489501953125,1797.3633003755383,1754.9628135718901,1787.571323971164,1701402
2025-02-03,1771.40966796875,1784.0062318529979,1742.0335070965566,1745.4559465267448,4823228
2025-02-04,1805.1590576171875,1816.9474478919842,1782.5327290891591,1795.8423067996916,7334787
2025-02-05,1803.495361328125,1825.0282638663168,1800.880979990787,1812.0039378058837,4996744
2025-02-06,1821.177978515625,1829.116167362465,1806.2997494743677,1822.46137881177,4765255
2025-02-07,1809.769775390625,1828.8309215990796,1796.2699917999128,1824.648004479721,4126260
2025-02-10,1787.5712890625,1811.0531389851265,1785.9550565261386,1811.0531389851265,3828734
2025-02-11,1783.150634765625,1809.1518213900456,1777.7792464526458,1790.2331848086437,4411601
2025-02-12,1771.26708984375,1801.1660581275596,1755.9135185424811,1792.0395140512057,5633947
2025-02-13,1752.348388671875,1781.1065814060805,1745.1232130462338,1776.353161119435,5237744
2025-02-14,1764.849853515625,1767.606860408019,1738.1831200991312,1762.5681886374266,5292961
2025-02-17,1751.4453125,1761.3799146336082,1732.2890052365772,1747.880247229523,4428956
2025-02-18,1760.619384765625,1769.8410902296603,1746.977091046225,1751.445375977347,4365260
2025-02-19,1721.498779296875,1758.004955145868,1716.840404092615,1756.2937934312417,4611411
2025-02-20,1735.14111328125,1740.7025920720746,1716.5077280780874,1716.5077280780874,2218020
2025-02-21,1725.4915771484375,1739.6092122968646,1717.1255109603246,1731.956275207461,3379879
2025-02-24,1677.1016845703125,1718.8367369576058,1663.9347338827708,1711.2788452920981,7594720
2025-02-25,1680.524169921875,1690.744023588038,1659.0863139546623,1659.0863139546623,5092963
2025-02-27,1677.2919921875,1688.2723238346587,1664.7428925260701,1668.640674098442,5757079
2025-02-28,1604.469482421875,1668.5456129045258,1599.478390980019,1668.4981483304996,12182167
2025-03-03,1624.3387451171875,1643.3524261230082,1608.8426647276233,1608.8426647276233,7504969
2025-03-04,1605.0400390625,1615.2123126810395,1587.6424733239176,1611.4095762179882,6759673
2025-03-05,1627.0958251953125,1647.4879525703643,1608.9852468032536,1608.9852468032536,8180782
2025-03-06,1631.2313232421875,1637.3633054431778,1607.7018912844446,1630.42326495067,10610547
2025-03-07,1602.8533935546875,1620.9163914654462,1592.871210498742,1619.1100684643093,8019331
2025-03-10,1617.54150390625,1634.2260571930049,1593.5367290696454,1602.8534801788285,7558981
2025-03-11,1579.6566162109375,1597.1492261839649,1556.3173920894415,1597.1492261839649,12671234
2025-03-12,1512.395751953125,1556.174800445261,1486.6798171088662,1556.174800445261,14870008
2025-03-13,1501.938232421875,1526.8462251444753,1492.8592690164621,1520.381526929375,7822888
2025-03-17,1511.6353759765625,1515.3905319411103,1468.9496345204805,1468.9496345204805,7526032
2025-03-18,1511.6353759765625,1511.6353759765625,1511.6353759765625,1511.6353759765625,0
2025-03-19,1508.307861328125,1523.9465678973438,1495.2359553339961,1523.9465678973438,7387068
2025-03-20,1535.877685546875,1551.4213467784741,1513.4890294263832,1513.4890294263832,7186750
2025-03-21,1514.011962890625,1524.8022038807094,1486.5371700431922,1500.131882621123,10074677
2025-03-24,1514.2021484375,1527.844442496362,1495.140885206093,1519.1456594946171,8857726
2025-03-25,1548.141357421875,1555.461694060302,1525.8478634077803,1525.8478634077803,9890140
2025-03-26,1520.571533203125,1556.9827781599724,1516.3410356679321,1545.8122407498795,6651302
2025-03-27,1524.469482421875,1540.0606082841557,1507.7849306219216,1516.8640098840594,9426573
2025-03-28,1493.1920166015625,1519.620965158934,1483.0672076469882,1511.5877308709687,6799047
2025-04-01,1451.21923828125,1471.0885586286036,1442.9957978349414,1463.3404602190724,12680733
2025-04-02,1473.7030029296875,1478.9317655581158,1459.4902057913214,1459.4902057913214,6193478
2025-04-03,1422.69873046875,1458.9673514518697,1411.8134441365378,1458.9673514518697,10459504
2025-04-04,1380.0606689453125,1399.4070681791675,1376.5906485892897,1388.4742004590178,9590254
2025-04-07,1327.8680419921875,1336.5668248830998,1242.5441423903983,1285.3249277060586,21715252
2025-04-08,1358.3375244140625,1384.671428260199,1345.218037067066,1360.4289830692378,12805001
2025-04-09,1334.4752197265625,1339.9416532809853,1313.7503760547593,1335.758736096975,8546854
2025-04-11,1339.941650390625,1367.844321400648,1328.1532604606723,1341.652928180614,12567440
2025-04-15,1355.675537109375,1376.3053358191778,1339.513907284088,1374.3089224037624,10178530
2025-04-16,1343.41162109375,1357.10149475882,1327.915540556106,1354.724784610381,12022740
2025-04-17,1349.49609375,1359.2881865002564,1310.327954849587,1329.0563853909828,14264227
2025-04-21,1379.442626953125,1399.2169026224717,1340.4645789137878,1340.4645789137878,15648970
2025-04-22,1352.6334228515625,1368.985143422317,1349.3060284057444,1368.985143422317,9399738
2025-04-23,1402.1640625,1414.427911126592,1368.6048659090611,1374.6892676203474,11136642
2025-04-24,1398.8365478515625,1409.7694145318515,1389.4247524558623,1397.4105217628291,7114292
2025-04-25,1407.2025146484375,1427.642222162945,1391.3261370921732,1402.7343459374797,8329979
2025-04-28,1409.0087890625,1416.1389193452367,1393.0373668593481,1407.2024661808139,5886253
2025-04-29,1423.6494140625,1435.3428747016321,1401.4033833138335,1408.9138107783806,8056743
2025-04-30,1426.1212158203125,1434.3922372400868,1409.4842438297574,1422.9840278751349,7704183
2025-05-02,1432.5859375,1448.082019175758,1422.4135476873855,1425.740942139582,7402310
2025-05-05,1434.201904296875,1447.8917775374923,1428.6880065536338,1440.2863052982934,4282493
2025-05-06,1436.958984375,1440.856765886036,1425.170478593818,1431.7302219442606,4270530
2025-05-07,1433.9168701171875,1443.8990531370239,1422.7937965506155,1426.026145690909,5691799
2025-05-08,1436.8638916015625,1441.7123570303784,1427.166844693632,1433.6315426322524,8424409
2025-05-09,1433.2513427734375,1436.8639888159648,1420.4171072727893,1426.6915991963783,4478653
2025-05-12,1546.66796875,1551.516434397431,1456.4480254270004,1461.2014458755218,11372857
2025-05-13,1491.2430419921875,1532.6928451513845,1487.4403056280353,1529.6507024801845,12846210
2025-05-14,1513.869384765625,1516.3411402167324,1492.0986956552736,1496.3767741072957,4870057
2025-05-15,1533.4534912109375,1538.7772990924948,1493.524758023796,1511.3976659657826,11151167
2025-05-16,1511.49267578125,1533.0731584594146,1503.5069061207216,1533.0731584594146,4576751
2025-05-19,1482.877197265625,1506.8343916464403,1478.9792993744286,1498.753576296917,8855798
2025-05-20,1483.6375732421875,1505.4082621953962,1481.1658178089215,1492.5740269319685,7143998
2025-05-21,1491.14794921875,1493.5246593705174,1475.556707413097,1490.577561992386,4157309
2025-05-22,1471.18359375,1483.8277382618005,1464.0534632471729,1478.789066286349,6158990
2025-05-23,1487.6304931640625,1508.9257236923431,1473.5603223754533,1473.5603223754533,5038421
2025-05-26,1502.55615234375,1505.693456152503,1485.6339297061554,1489.3416207391451,3170102
2025-05-27,1492.6690673828125,1504.8378701621398,1479.6447417622219,1501.985817890451,7775714
2025-05-28,1494.2852783203125,1509.4010623010483,1492.5740005619675,1503.0315254066693,3623370
2025-05-29,1507.4046630859375,1529.555648703017,1498.8485063145804,1510.6370121874,8609500
2025-05-30,1506.5369873046875,1515.5027951891782,1499.2101525439637,1514.5387348868949,13148092
2025-06-02,1497.9569091796875,1503.9340358386107,1483.6887699715526,1503.9340358386107,4374509
2025-06-03,1487.5450439453125,1510.9717563250315,1480.410974183671,1502.9700087561519,6853403
2025-06-04,1495.4503173828125,1501.3311794658816,1486.0025968815146,1487.545069852834,4548307
2025-06-05,1498.43896484375,1511.3572786610305,1486.195328477135,1492.2689554139665,6948539
2025-06-06,1507.5975341796875,1512.5142181403369,1487.641415492617,1498.8244913615613,3960020
2025-06-09,1516.3704833984375,1530.9277705261318,1514.5387452749073,1521.2871674371763,2903202
2025-06-10,1538.6402587890625,1549.726952383094,1520.8051430073597,1527.0715350387688,8591925
2025-06-11,1572.478759765625,1575.8529708756475,1532.9522867625028,1532.9522867625028,10597410
2025-06-12,1550.787353515625,1569.4901466126246,1540.6647205061456,1558.8854834598367,10483574
2025-06-13,1544.424560546875,1551.1729824718614,1513.7673967286814,1519.3589933969258,6968315
2025-06-16,1565.441162109375,1576.0458254086714,1539.7006814911979,1542.4964798976407,5591842
2025-06-17,1580.9625244140625,1588.192976732241,1557.5358118299073,1562.45249586964,7622083
2025-06-18,1574.214111328125,1585.589952431105,1562.7417700471647,1562.7417700471647,5629707
2025-06-19,1560.2352294921875,1571.4183055533617,1553.5831898154863,1565.5375611980423,5147760
2025-06-20,1564.573486328125,1572.0930860674746,1551.076642111549,1560.8136276168789,9202821
2025-06-23,1527.071533203125,1543.4605584963404,1518.7806380620095,1543.4605584963404,7943676
2025-06-24,1524.7576904296875,1551.172965207259,1519.9373891083474,1543.4604830931148,8083992
2025-06-25,1556.8609619140625,1561.6812632899293,1528.1319186406413,1532.8558375256184,7813533
2025-06-26,1557.92138671875,1565.6338688312192,1548.8591966999713,1550.9801998907828,6519233
2025-06-27,1550.208984375,1571.0326636135578,1544.8102701550988,1560.8136478253264,8912268
2025-06-30,1544.2318115234375,1556.9573602116636,1536.8084767193552,1556.9573602116636,6294505
2025-07-01,1549.05224609375,1559.5604099565173,1542.9786187031953,1551.1731318297038,4178937
2025-07-02,1552.619140625,1589.735462831807,1545.7743359105034,1559.8495930029494,8653641
2025-07-03,1560.5244140625,1573.7321112354073,1556.9574379034102,1560.331649069145,5259695
2025-07-04,1581.733642578125,1584.3366759246808,1554.3544249759318,1566.5979433677658,4411273
2025-07-07,1568.5262451171875,1584.915271648836,1564.670003580329,1581.0590301119776,3294523
2025-07-08,1579.8055419921875,1587.035994129852,1563.2237521630664,1569.490144015709,4590681
2025-07-09,1574.9853515625,1579.1308581535004,1565.2483655342028,1578.9380931561673,4580828
2025-07-10,1557.728759765625,1579.9985303020203,1549.3413641152463,1579.9985303020203,5330179
2025-07-11,1537.5797119140625,1549.341199857552,1506.826166489392,1522.3475129338776,11391755
2025-07-14,1513.8638916015625,1534.5911874414394,1503.7412587495296,1534.5911874414394,9173426
2025-07-15,1528.614013671875,1545.967099361679,1507.790334380739,1508.8507771918205,7614807
2025-07-16,1550.1126708984375,1554.0652948238287,1521.769272878048,1522.2513030563432,6223491
2025-07-17,1526.589599609375,1552.1371994765352,1523.3117708067696,1540.5684750083872,7374814
2025-07-18,1529.095947265625,1541.821613244393,1523.2152032454187,1534.8803087969368,5161833
2025-07-21,1527.36083984375,1531.8918763569468,1510.4897839367352,1523.2153333190533,3682661
2025-07-22,1514.4423828125,1528.806905141675,1508.7544033781517,1508.7544033781517,8473741
2025-07-23,1517.9129638671875,1534.6876368616054,1494.2934861823694,1519.648319505044,8035026
2025-07-24,1496.70361328125,1525.14339208434,1492.558106924831,1523.21527148752,14169664
2025-07-25,1461.2261962890625,1493.8114825426642,1456.9844249801497,1487.930738061539,10851259
2025-07-28,1461.515380859375,1464.6968268487494,1429.2193615593824,1459.4908778130184,6439855
2025-07-29,1459.2979736328125,1462.6721845547067,1442.3305365336291,1458.5267960319763,7070448
2025-07-30,1464.40771484375,1467.0106307922656,1451.8749299240865,1465.2753927209724,5719051
2025-07-31,1454.76708984375,1472.21655890233,1443.198365471235,1455.4418850255533,6851407
2025-08-01,1416.782958984375,1444.8370894973941,1412.83033538686,1440.2096707795008,8702978
2025-08-04,1427.291259765625,1429.5086455065348,1398.8514812022438,1408.9741142502269,8610216
2025-08-05,1407.8172607421875,1425.5558755811649,1402.7076942328947,1425.5558755811649,10213323
2025-08-06,1385.0654296875,1403.768223634903,1378.895537719122,1399.8155998166778,10566934
2025-08-07,1385.2581787109375,1390.1748623852432,1363.3739407112198,1378.60613953599,9892020
2025-08-08,1371.9542236328125,1381.6912093691872,1366.169861688454,1373.785961785155,10048009
2025-08-11,1376.870849609375,1381.884033692687,1363.1812406590395,1368.8692198674414,6625368
2025-08-12,1372.9183349609375,1389.2109785794498,1369.9297713819558,1376.8709588997938,9899184
2025-08-13,1375.3284912109375,1382.462561438393,1371.279484756972,1373.7860181657672,10318063
2025-08-14,1395.6700439453125,1417.1686356270611,1374.9427475738962,1374.9427475738962,12902347
2025-08-18,1384.19775390625,1412.0590009823861,1378.2205097468736,1412.0590009823861,7254561
2025-08-19,1388.2469482421875,1397.309139357621,1381.2092603896435,1381.2092603896435,3986094
2025-08-20,1442.427001953125,1445.1264179190935,1388.921654258322,1388.921654258322,10413061
2025-08-21,1442.619873046875,1453.802949118853,1430.9547668193538,1453.802949118853,6565539
2025-08-22,1434.0396728515625,1450.2359327005538,1432.6899649169563,1444.258688328196,5543397
2025-08-25,1477.0367431640625,1483.6887826854402,1452.549588321255,1452.549588321255,10694531
2025-08-26,1474.6265869140625,1483.1103644867733,1464.021923789744,1468.2638125760993,15994798
2025-08-28,1446.1868896484375,1474.6266696224122,1444.162386475055,1474.6266696224122,5443364
2025-08-29,1416.782958984375,1447.922152992462,1414.951220922169,1447.922152992462,8169075
2025-09-01,1445.5120849609375,1449.368326287933,1423.1458146544753,1423.6278448203498,4546057
2025-09-02,1444.837158203125,1458.4305028963795,1432.8829043510907,1445.5120710387366,5218763
2025-09-03,1425.9415283203125,1447.9221496497632,1420.0607841831338,1446.0904115917858,4623483
2025-09-04,1410.4202880859375,1430.665555379037,1407.6244895421655,1430.665555379037,5787724
2025-09-05,1392.681396484375,1419.771465639559,1381.4983212585462,1417.1685500698275,5466487
2025-09-08,1381.402099609375,1405.5999908675153,1376.967445534214,1398.8515684147906,3811567
2025-09-09,1450.2359619140625,1453.0316426482493,1419.5787971834648,1427.7733097648295,13072640
2025-09-10,1477.518798828125,1479.7361846012639,1455.056264347903,1455.8274419814547,7281071
2025-09-11,1455.4417724609375,1472.6020926929066,1452.3568266067848,1469.1314991861996,8003662
2025-09-12,1470.7703857421875,1487.4486761823323,1466.4321143461764,1481.7606968153777,12856963
2025-09-15,1454.1885986328125,1472.6021270614033,1447.2472937742573,1470.7703889313757,6167414
2025-09-16,1456.9844970703125,1459.5874130189484,1449.4647790449067,1454.18869843609,8923112
2025-09-17,1467.685546875,1471.830935901443,1459.58741614181,1462.3832147820146,4795698
2025-09-18,1485.2313232421875,1499.1138155530703,1483.2068200825713,1494.2935138953433,9331945
2025-09-19,1484.845703125,1495.546867150236,1465.4681136380061,1489.0875921991392,12988129
2025-09-22,1445.6083984375,1460.2620677071914,1428.7373434373958,1429.4121385641438,15655204
2025-09-23,1443.6802978515625,1458.6232324870878,1439.3420265057648,1439.3420265057648,9832164
2025-09-24,1440.884521484375,1442.909024606748,1429.4121802134027,1433.7504516255494,4937004
2025-09-25,1431.436767578125,1448.6933526456728,1423.4350200871756,1435.4857737282794,9491867
2025-09-26,1396.8270263671875,1425.555953399892,1389.4036912657584,1421.9889772759154,8597058
2025-09-29,1389.982177734375,1412.3483294621576,1384.872611107433,1407.5280279964163,10513117
2025-09-30,1389.982177734375,1400.0083106366037,1386.4150840398418,1391.1390030128964,7556305
2025-10-01,1393.83837890625,1397.405354815276,1376.099646484765,1394.031143886091,6250692
2025-10-03,1394.609619140625,1396.2485922754322,1381.6911874663804,1387.282784330546,6877533
2025-10-06,1422.9530029296875,1425.6524188431904,1390.4642178899833,1394.6096065704758,4630590
2025-10-07,1406.0819091796875,1429.6050033943986,1401.743637948074,1424.5918193613172,5570320
2025-10-08,1441.2701416015625,1444.1623224877194,1402.707729786136,1404.6358503769075,4657192
2025-10-09,1455.0562744140625,1459.5873108023447,1433.557682406266,1448.0185870707542,7028753
2025-10-10,1460.4549560546875,1467.0104954131987,1444.933608930849,1455.7310370996563,3738353
2025-10-13,1439.5347900390625,1450.6214834671307,1430.087069727637,1443.1982662450723,5859355
2025-10-14,1436.353515625,1459.9729938155936,1433.075686951717,1445.1264411305913,5600789
2025-10-15,1421.41064453125,1435.1002548224249,1414.7586043879573,1430.569218120133,6986098
2025-10-16,1418.61474609375,1421.5069270236047,1408.0100826842827,1420.9285143742625,8005748
2025-10-17,1389.307373046875,1405.9856644896408,1382.4625679694304,1402.6114532010124,16959378
2025-10-20,1408.395751953125,1414.276496397426,1397.8874708768014,1401.4544470050912,6994246
2025-10-21,1419.482421875,1432.5936185349226,1417.1686535978035,1424.881136066363,1698704
2025-10-23,1473.566162109375,1490.4372172856354,1451.8748054541832,1455.7310466373283,20358624
2025-10-24,1470.57763671875,1487.5450748262833,1463.4435668090073,1484.1708637038648,8652257
2025-10-27,1472.633056640625,1483.2043487095048,1466.3685916918344,1478.0165606695539,7273211
2025-10-28,1468.4241943359375,1474.5908017388306,1458.9296979699484,1467.9347848431598,8211019
2025-10-29,1478.408203125,1488.0005573851865,1465.1941469679696,1468.4241778932897,4884976
2025-10-30,1462.1597900390625,1476.2546872805226,1457.5592692997866,1475.0801523386458,5608867
2025-10-31,1450.9034423828125,1465.3898918009988,1449.3372364048548,1458.4403008415877,4819814
2025-11-03,1454.0355224609375,1459.8105780526128,1442.974820743242,1450.9033496746388,5470600
2025-11-04,1436.808349609375,1450.511814804534,1431.9142548968182,1448.3583414401685,8691330
2025-11-06,1435.6336669921875,1451.58846323567,1430.9354078512456,1447.2816360762577,7944752
2025-11-07,1445.5198974609375,1449.533031326473,1418.4065403991735,1438.8638806951196,8765759
2025-11-10,1481.4425048828125,1487.8048281611332,1458.4402591842686,1458.5381171839108,9787975
2025-11-11,1497.88671875,1500.9210336624128,1479.0933228205395,1492.6989304110698,13692989
2025-11-12,1518.8333740234375,1526.1745164244364,1505.5214596999074,1507.3812396717751,14635417
2025-11-13,1509.14306640625,1524.5104757353395,1497.8866487683968,1524.1189242683809,19655689
2025-11-14,1470.9691162109375,1497.59294295853,1457.2656513734084,1487.8047537888665,9739549
2025-11-17,1475.66748046875,1478.212385937251,1460.8873376663598,1464.3132041198487,7910354
2025-11-18,1454.91650390625,1474.1013313334302,1451.784211591062,1474.1013313334302,7525119
2025-11-19,1508.4578857421875,1510.317665675936,1458.9296699222182,1458.9296699222182,10981126
2025-11-20,1503.955322265625,1522.0634729079381,1501.5082748815287,1522.0634729079381,7387584
2025-11-21,1512.2752685546875,1518.6375916910017,1493.9714020948772,1498.5718033380108,9186302
2025-11-24,1515.2117919921875,1551.4280945139647,1508.3600590826622,1530.4813442936104,19270381
2025-11-25,1498.1802978515625,1517.7566773334454,1493.5798964672151,1516.1905908718425,8107952
2025-11-26,1524.902099609375,1527.251289037942,1499.6485223505715,1499.6485223505715,7575038
2025-11-27,1533.2220458984375,1540.954739594805,1519.3227449478784,1530.8728564928056,7552252
2025-11-28,1527.055419921875,1535.179665000364,1524.0211050739736,1531.8516566735827,4453221
2025-12-01,1530.872802734375,1540.6609920101703,1523.042251313739,1529.4045743430058,5341800
2025-12-02,1527.9364013671875,1546.4361036663386,1523.1401645511503,1533.8093151456649,6335969
2025-12-03,1545.261474609375,1552.406900951154,1521.182551618934,1522.1613705980963,12895312
2025-12-04,1563.7611083984375,1565.1314788059085,1534.7880917871573,1534.7880917871573,12609619
2025-12-05,1581.9671630859375,1597.2368345243183,1566.1103436503722,1575.8985332981872,10344725
2025-12-08,1576.681640625,1595.4749170068917,1566.306063981828,1582.8481284293375,7550413
2025-12-09,1565.1314697265625,1572.8641631737528,1548.883099378693,1567.2848235795727,6957599
2025-12-10,1551.2322998046875,1573.9408513587562,1549.2746619298632,1573.9408513587562,5116140
2025-12-11,1564.1527099609375,1573.3536321517727,1547.023378030827,1564.1527099609375,5159319
2025-12-12,1564.348388671875,1567.8722324584342,1549.0788370408115,1567.4806809838458,4633912
2025-12-15,1572.766357421875,1576.6816332735752,1551.4280562362142,1551.4280562362142,4190558
2025-12-16,1559.1607666015625,1569.0468143358012,1552.0153403019585,1566.1103574156468,5499258
2025-12-17,1568.0679931640625,1572.8642300238714,1552.4068896118622,1553.5814245843821,4817628
2025-12-18,1592.3427734375,1595.4749463972676,1572.6684162407605,1576.3879761796316,6577293
2025-12-19,1603.9906005859375,1619.847539612933,1595.2792073285575,1615.0513027562847,13149023
2025-12-22,1653.8125,1657.3362243784013,1628.7547583833573,1628.7547583833573,23098923
2025-12-23,1632.9637451171875,1643.4370603643276,1621.3157754082474,1643.4370603643276,6593060
2025-12-24,1628.16748046875,1632.2784723030877,1617.4983299175808,1625.8182910699556,4271167
2025-12-26,1621.0220947265625,1633.453167508233,1616.7152673020842,1628.167521100225,2006491
2025-12-29,1609.863525390625,1637.6620082639456,1602.4245250544589,1622.8818655924697,4062817
2025-12-30,1587.2528076171875,1612.9957941560388,1582.554548282334,1612.1148331917736,9395937
2025-12-31,1581.1842041015625,1594.1045668429529,1575.1154547350545,1586.6655664923117,6538656
