Price,Close,High,Low,Open,Volume
Ticker,ITC.NS,ITC.NS,ITC.NS,ITC.NS,ITC.NS
Date,,,,,
2020-01-01,168.796630859375,169.15108762175117,168.08769486652156,169.15108762175117,4370931
2020-01-02,170.0372314453125,170.81706543682176,168.79661045883464,168.86749730912237,8726602
2020-01-03,169.0802001953125,170.85252893744607,168.7257322000757,170.85252893744607,9642051
2020-01-06,166.66986083984375,168.938442899874,166.59896273556993,168.37129176784026,7930726
2020-01-07,166.8470916748047,168.6548641684643,166.3153952042051,167.3433447097783,8740894
2020-01-08,166.0317840576172,167.16607482269652,165.35829154350623,165.88999911623847,7314466
2020-01-09,167.1660919189453,167.7332317424621,166.63438429183475,167.02429572901525,9816703
2020-01-10,168.72572326660156,169.25741961427994,167.8750023698862,168.4421533790464,10357864
2020-01-13,169.61190795898438,170.49807238954875,168.9029719209124,169.080211547456,12715178
2020-01-14,172.4476318359375,172.83755452567107,168.93842873479804,170.32084616278075,12299570
2020-01-15,171.84506225585938,172.27041717759715,170.92344307434905,171.95140379480688,5687654
2020-01-16,170.67529296875,172.90843127580052,170.21449467574408,171.91592536155585,9730522
2020-01-17,170.108154296875,171.63235660857052,169.71824286137505,170.67529411794737,7677106
2020-01-20,171.4906005859375,172.44765200397651,170.1790698688469,170.1790698688469,8329721
2020-01-21,169.04476928710938,171.17155494795975,168.72574469755102,171.17155494795975,9939680
2020-01-22,168.7611846923828,169.8600321664133,168.0877033291002,169.8600321664133,7949731
2020-01-23,168.65484619140625,169.25744070307923,167.94592138418918,168.79664238690097,6356150
2020-01-24,168.8320770263672,169.5055583666629,168.0167994979612,168.30038064013107,7063834
2020-01-27,166.31536865234375,168.3003804753357,166.10268560443726,168.01679933344346,7100949
2020-01-28,163.58599853515625,167.2369980810814,163.4087701283656,166.42173168217147,15144538
2020-01-29,167.76864624023438,168.47758213142106,163.86953254085432,164.1176589793648,21258057
2020-01-30,165.9254608154297,168.0168029736344,165.18108136568026,167.981359542899,10794458
2020-01-31,166.7052764892578,169.0093016003741,165.92545364248465,167.1306313418476,19166671
2020-02-03,147.1741943359375,153.76726706240552,145.33097888324502,152.4202932823229,82836335
2020-02-04,152.881103515625,154.2635094949294,148.27304239309495,149.4427765785331,37145337
2020-02-05,153.44825744628906,154.19263687867561,149.93904333190986,153.34191592251233,22072147
2020-02-06,151.39236450195312,155.89407346266808,150.1517320676435,154.5471107346043,28443398
2020-02-07,151.28604125976562,152.9165853370742,150.8252316615961,151.56961121215343,17793265
2020-02-10,149.2655487060547,151.746813259799,148.91108073636983,151.71135859899573,9987781
2020-02-11,150.71888732910156,153.80274701486567,150.15174743483135,153.48372239879947,30951617
2020-02-12,151.0378875732422,152.27851993433143,150.1517232058999,151.28601404546004,10310789
2020-02-13,150.22262573242188,151.3214732574321,149.72638397027868,151.03790332647839,9505645
2020-02-14,147.2451171875,150.93155994694317,146.60707923363583,150.47075038924348,14260540
2020-02-17,145.189208984375,147.91858901970514,144.6220579319884,147.45779072581996,16161290
2020-02-18,144.51571655273438,145.04742417552188,142.14079328445266,145.01196951130223,21741128
2020-02-19,146.53616333007812,146.85518788527335,144.51570818265876,145.50821404231039,9403278
2020-02-20,147.06785583496094,147.84768987143485,145.6499951729126,146.74884252217373,16193373
2020-02-24,143.9131317138672,147.06787806158314,143.06242192849885,146.7488647005829,17233132
2020-02-25,143.06240844726562,145.6145600309762,142.8497254039396,144.48026918998812,15903285
2020-02-26,140.7938232421875,143.16874638639868,139.16327949694028,142.24712737774794,18557438
2020-02-27,140.04945373535156,141.18374462807463,138.87971941180774,140.65204822955934,17936226
2020-02-28,140.04945373535156,141.71544102658993,136.1503280894878,138.24168148677919,33885063
2020-03-02,138.454345703125,144.23214137599064,137.28461144381214,141.4318633457945,19274852
2020-03-03,137.42640686035156,139.97855861470816,136.5047990010675,139.6595452624392,18638624
2020-03-04,132.9246826171875,138.63157997854913,132.25119009019735,138.20621391222906,28729502
2020-03-05,133.31460571289062,135.54773282070403,132.2512016878858,132.96013770455568,20797182
2020-03-06,128.8483428955078,131.0460380432645,127.4304819436322,131.0460380432645,27795285
2020-03-09,125.62271118164062,126.89878717870586,123.70859718604277,126.89878717870586,22633662
2020-03-11,124.52383422851562,125.30365701682217,122.18435462954639,123.35410004605582,29032759
2020-03-12,110.45154571533203,119.91577182035421,106.72964894679566,119.80944154186703,54043896
2020-03-13,115.02416229248047,116.26479465842048,95.42220461277974,106.33974696495086,63962722
2020-03-16,104.39020538330078,112.08210472911618,102.9723331916913,112.011217859967,34535653
2020-03-17,105.73716735839844,110.45157101159819,103.53948345416207,104.92190096564929,49492914
2020-03-18,106.83599853515625,109.63627656274977,104.4610753558129,107.82850441512365,52178352
2020-03-19,114.74058532714844,115.94576295555522,102.61785478454897,106.8359933350474,93204936
2020-03-20,124.41753387451172,125.1264700442561,117.04464713900485,117.04464713900485,64384067
2020-03-23,109.38815307617188,114.84692433082279,105.77259744825989,112.0112027970472,53330913
2020-03-24,106.12705993652344,116.05210725735742,104.49651620737106,115.52041090164579,54576761
2020-03-25,104.4610595703125,107.75759003973869,98.54147984792985,107.04866539978333,64913270
2020-03-26,110.87692260742188,113.00371957945991,101.55446835091522,106.33975872948787,60694283
2020-03-27,115.69763946533203,117.6826511795652,109.88440050283496,114.8469185543678,33893412
2020-03-30,112.86193084716797,116.90284158900958,110.62879241592348,110.62879241592348,29203338
2020-03-31,121.72355651855469,123.24775867032807,114.52790058086312,116.26478576024893,44272500
2020-04-01,117.96622467041016,122.46794459278458,116.6547054529556,121.72356517723996,18840671
2020-04-03,126.11897277832031,129.55728951710464,118.39160693281748,119.02964497471505,65288649
2020-04-07,128.70652770996094,131.64859046041482,123.10597208605,131.64859046041482,37509626
2020-04-08,126.65062713623047,130.44341068840404,125.23276654086776,128.2102726677245,39007671
2020-04-09,131.32957458496094,132.03849926356747,127.607677894592,130.44341031116585,44268652
2020-04-13,128.74200439453125,132.32211714416778,128.35209290442072,130.79791461899413,18427550
2020-04-15,134.2362060546875,137.35550862625428,129.5218143857226,130.47886559735142,50983406
2020-04-16,132.1094207763672,135.54773697098562,131.47138283544885,134.44890071576867,28122965
2020-04-17,133.35006713867188,135.68953608809468,132.53478948607733,135.01605464520978,27694463
2020-04-20,128.1039276123047,134.6615453227045,127.25321801905693,134.6615453227045,37141676
2020-04-21,127.32413482666016,130.65612083671286,124.80742641119386,126.18984386805636,24232310
2020-04-22,129.20278930664062,130.1243970859263,124.7719675526996,126.89876424140134,26132520
2020-04-23,127.99758911132812,130.443410143003,127.35955128438016,129.69903080588887,34237726
2020-04-24,127.64315032958984,129.59270750981386,127.11144270402801,128.31663167656708,18744844
2020-04-27,127.50137329101562,129.23824752886193,127.11145059670868,127.78494321955564,13589672
2020-04-28,127.2177734375,128.1748358482747,126.22526759937803,127.60768484046936,18488267
2020-04-29,129.13189697265625,129.66360459407437,127.35956819206447,127.96216267363786,22287597
2020-04-30,129.06103515625,131.08149080754754,127.92674406720484,131.08149080754754,31326446
2020-05-04,123.38955688476562,128.84832823031704,120.97919017070329,128.84832823031704,31461042
2020-05-05,123.2832260131836,125.79993446997649,121.93626320113373,124.06304895364441,18389548
2020-05-06,116.19390106201172,121.51088749260028,113.78353432950695,121.51088749260028,68112675
2020-05-07,114.13798522949219,117.57630080843377,113.7835172737762,116.26478172973881,25183509
2020-05-08,112.18843841552734,116.3711341263295,111.3731720730542,116.22934916390162,26281664
2020-05-11,112.33023071289062,115.91034337566123,112.01121733510983,113.4290782860234,18792383
2020-05-12,117.00916290283203,117.61175737145629,111.65673324599717,112.33021457325341,22211224
2020-05-13,117.25729370117188,123.07053308973747,116.61925577969765,122.9287481331933,20785966
2020-05-14,116.12300872802734,119.27775506542234,114.81148938766988,116.61926171822778,15525762
2020-05-15,116.72559356689453,117.32818803844432,114.24434005576978,114.98870824527182,15526021
2020-05-18,116.7964859008789,118.60425799233948,115.66219510673601,117.682650232739,21602419
2020-05-19,121.05005645751953,121.68810550055267,117.04460124769322,118.03710700256843,20917906
2020-05-20,124.59474182128906,125.48090619089041,121.2273127231838,121.90079404918467,26295911
2020-05-21,133.95263671875,135.01602945480454,122.39704540110243,124.48839867847343,60630670
2020-05-22,132.1094207763672,136.04398995103895,130.86878832623393,133.27915512904232,40516307
2020-05-26,135.90219116210938,138.20621620132133,133.137356621435,134.6970135003578,55283582
2020-05-27,136.22122192382812,137.46184307020366,132.4993247825497,136.46934839991334,25491463
2020-05-28,135.1578369140625,136.75293751785293,133.98810246277736,136.32757136534764,25524647
2020-05-29,139.90768432617188,140.3684826802039,133.9881027208571,135.01605220130452,37214719
2020-06-01,142.17625427246094,145.50822894185995,141.07740678189265,142.49526762627193,29606349
2020-06-02,139.83676147460938,143.1332924092014,139.44685005910227,143.1332924092014,23502975
2020-06-03,139.4468536376953,142.4243713242157,138.6670307866687,141.78633342482573,19710133
2020-06-04,141.89266967773438,143.55865684015956,138.24167079801106,140.1912278531788,22843181
2020-06-05,141.7863311767578,143.20419190469383,140.82926872582206,143.06240695530525,15193091
2020-06-08,140.120361328125,144.3739556136784,139.659562957126,143.84225913649738,20304292
2020-06-09,140.72293090820312,146.1817021565297,140.1203364319075,140.54570252531647,41451482
2020-06-10,141.11285400390625,144.0194738682782,140.58115757723914,141.39643516764005,28247205
2020-06-11,137.70997619628906,142.67250595763366,137.24917788562934,141.78634153368657,20611505
2020-06-12,137.4618377685547,138.38345677792645,133.17280098110203,133.95263504304359,23431727
2020-06-15,132.71202087402344,137.4973112494431,132.0739829062376,137.4618565821954,25404661
2020-06-16,131.15237426757812,135.3705251132575,128.95469025465673,135.2641835711068,28700454
2020-06-17,128.45838928222656,131.15232533062604,128.10392135200465,130.4434007042306,24952658
2020-06-18,132.28665161132812,132.92470079807796,128.1039558694051,128.45842389513786,30000032
2020-06-19,130.47886657714844,133.24370118092733,130.15985324889337,132.64110671927287,31707306
2020-06-22,131.15237426757812,132.924714580002,129.84085479384234,132.21577845503245,32605144
2020-06-23,131.7549591064453,132.92470474954166,130.97513616708227,131.43594573763852,27569189
2020-06-24,136.008544921875,138.02900025006082,131.96763426550334,132.85379868604008,56757828
2020-06-25,143.2750701904297,144.26757601081985,135.86674243231684,136.29209725503418,78484846
2020-06-26,138.38348388671875,148.45030699871847,137.03650977118923,146.03993995212255,74727243
2020-06-29,139.83676147460938,143.9131152402156,139.0923820720821,143.55865848724568,95027403
2020-06-30,137.9935760498047,141.36099457670312,137.53276644264793,141.36099457670312,42797633
2020-07-01,143.8422393798828,144.51572074287316,137.99355646609823,137.99355646609823,46004000
2020-07-02,145.93357849121094,146.57161636044793,143.59409881464202,144.941072642609,40835235
2020-07-03,147.13877868652344,147.81226008668065,146.03993115232865,147.45780328705163,39352660
2020-07-06,149.22320556640625,150.82895991070768,148.5883694259526,149.6339791078467,36046969
2020-07-07,145.07809448242188,149.74598600253603,144.89138355566718,149.37256414902663,32467210
2020-07-08,146.6091766357422,147.8414972203398,145.07810198371538,145.07810198371538,22093693
2020-07-09,145.974365234375,147.13200637448887,145.00344689741382,147.05731488620233,19492371
2020-07-10,145.1527862548828,146.75854046772344,144.89138385580995,145.75027068983528,16815128
2020-07-13,147.54275512695312,148.43899365983398,145.71293824089958,146.31043454119524,21079233
2020-07-14,146.31040954589844,148.99911285008454,143.95778823717396,147.43069864426823,19185879
2020-07-15,148.40162658691406,149.37255649463359,145.2648098004041,146.6465013589101,24692471
2020-07-16,144.7793731689453,148.51368692420033,143.39768134014645,148.40165561792247,22997164
2020-07-17,144.9287109375,145.93698062677876,144.14450380919953,144.36856637017786,15455455
2020-07-20,143.9204559326172,145.8996437001123,143.6590535513419,145.63824131883703,19643434
2020-07-21,143.58436584472656,145.0407488878113,143.02422125164568,143.47233455908554,29089491
2020-07-22,146.79588317871094,147.80415297646684,143.77109745569308,144.14451931733421,33826583
2020-07-23,149.8953857421875,150.4928702428517,146.98261921363462,147.61744353680882,32700809
2020-07-24,149.07383728027344,150.64225195745806,147.35605146742267,150.11944706506318,62500933
2020-07-27,146.68385314941406,149.7459905530672,145.75027481702136,149.7459905530672,23517850
2020-07-28,145.93699645996094,148.36429773845182,145.6755940555004,147.1319771896199,20029937
2020-07-29,146.9079132080078,148.02821428867267,144.4432721337698,144.48061195258785,15402845
2020-07-30,144.40594482421875,148.17761037930032,143.771120456792,148.17761037930032,16943579
2020-07-31,145.00343322753906,147.09465268088942,144.51796818726098,144.51796818726098,17294202
2020-08-03,143.84576416015625,144.89137368303585,143.32295939871645,144.89137368303585,13776301
2020-08-04,144.62998962402344,146.23574392754134,143.84578238252047,143.84578238252047,17849565
2020-08-05,143.9951629638672,145.33951494190913,143.17361584785556,145.26483529597687,50646546
2020-08-06,145.899658203125,146.08636913611406,144.21921246572316,145.04075950707517,18574935
2020-08-07,146.4224395751953,147.13196710158263,145.00340819266893,146.0116660870825,21717194
2020-08-10,148.51368713378906,149.1111834897388,146.6838700772964,146.6838700772964,17108987
2020-08-11,151.65048217773438,155.12339271850897,149.37255224427597,149.37255224427597,57266693
2020-08-12,152.50938415527344,153.0321889628225,149.67130936795354,151.2397237906007,22106836
2020-08-13,150.4555206298828,152.50938826117394,147.20666040477204,151.98658343954978,23573090
2020-08-14,146.68385314941406,151.87454962432759,146.01167722349632,150.5675494270778,29858596
2020-08-17,148.43899536132812,148.99914001262738,147.01995198759462,147.9161905307487,12192938
2020-08-18,148.28964233398438,149.29790046230084,147.31871219581615,149.29790046230084,12969115
2020-08-19,148.2149200439453,150.64222121463214,147.95351765109444,148.32695133161346,16070316
2020-08-20,146.2357635498047,147.2813733454444,145.3021850658588,147.13200220822827,17561721
2020-08-21,146.9826202392578,148.7750855888839,146.60918650617393,147.87884699650783,17897538
2020-08-24,146.9079132080078,148.62569873026075,146.64651080603184,147.3186867203808,15304895
2020-08-25,145.93699645996094,148.10289533399128,145.71293387467335,147.3186881206096,15784633
2020-08-26,145.60093688964844,146.79591790087807,144.63001851650176,146.75857807290683,23502769
2020-08-27,145.07809448242188,148.5510171351065,144.8166920838905,148.25226308312443,49030500
2020-08-28,146.04904174804688,146.60918642981792,144.92874054937872,145.33951410501922,35979788
2020-08-31,142.72549438476562,148.6257068248524,141.90394731527576,148.6257068248524,100730476
2020-09-01,142.0532989501953,143.65905304808285,140.59691595035267,142.72547480895932,41311165
2020-09-02,142.91220092773438,144.14452149405923,141.64254054170652,142.87486110803138,21378178
2020-09-03,143.0989227294922,144.33125522453568,141.90395372723958,142.9495516042106,16295787
2020-09-04,139.43927001953125,141.90392263445852,138.69240272164458,141.90392263445852,42983034
2020-09-07,141.23175048828125,142.27736008619775,135.03279620795442,139.85005885396285,33918419
2020-09-08,140.52223205566406,142.31470899903638,137.8708682934723,141.60518145118613,26574542
2020-09-09,137.2733917236328,139.1031967543211,136.15309061114237,138.54305211563846,28901363
2020-09-10,138.0949249267578,138.69240932541734,136.82525282692032,137.4974286929743,18469229
2020-09-11,137.38543701171875,139.28993371127132,136.4891983974655,138.0949528373091,19997552
2020-09-14,136.93728637695312,138.8044429063542,136.675883989432,138.76710308960097,32185628
2020-09-15,135.7796630859375,137.57214021344282,135.03280747874837,137.422769092005,31956903
2020-09-16,134.9207763671875,137.0493355621172,134.47266300224862,135.81701493219097,52591750
2020-09-17,133.38970947265625,135.55560842392052,132.79221316895814,135.03280359635667,35240133
2020-09-18,133.76312255859375,134.32327900498044,132.1947200140848,134.09921642642576,30929813
2020-09-21,131.26113891601562,134.8834207380241,130.73833413396036,134.43529559047712,24811451
2020-09-22,130.10353088378906,132.00802773590243,129.7674369383487,131.26117202680274,19242719
2020-09-23,128.83383178710938,132.60549671993633,128.23634734336937,130.66364860753163,64164525
2020-09-24,124.3900146484375,128.27369940890634,124.09127239804589,128.2363595863889,32698988
2020-09-25,127.52680206298828,127.86289589226261,124.72606749286163,126.14511060237015,27650738
2020-09-28,129.4313201904297,130.55160937183805,127.34010109433498,127.7135347665125,24087933
2020-09-29,126.51856231689453,130.51427801441463,126.21982009383926,130.51427801441463,26602326
2020-09-30,128.23634338378906,128.53508559643473,125.99575311869752,126.9666712273582,19193371
2020-10-01,127.60150146484375,130.40223620922845,127.04135688299161,130.3275565770476,20517295
2020-10-05,126.40654754638672,129.05791175157876,126.03311380119568,127.7882393849545,25234767
2020-10-06,126.89199829101562,128.16165867935362,125.54764642801061,126.59324422747274,22728054
2020-10-07,126.59323120117188,127.63884072816708,126.21980937163693,126.96666486583072,16913783
2020-10-08,124.83811950683594,127.26542083713348,124.6514085718612,127.04137008218882,26484289
2020-10-09,125.36092376708984,126.14513099370704,124.24063449199392,125.09952135821744,23234939
2020-10-12,128.6097869873047,130.8503655900958,126.96668102076569,127.34011473293934,68801924
2020-10-13,127.0787124633789,130.58896332455305,126.59324745348498,129.09524030927417,37058708
2020-10-14,125.32357788085938,127.7135392648254,124.76343327042585,127.37744539749053,39688050
2020-10-15,123.26970672607422,125.32358621440517,122.8962848510371,125.24889473832253,28161148
2020-10-16,123.7551498413086,124.57669675726447,122.3361067277609,123.60577875069146,21006060
2020-10-19,125.65968322753906,126.14514829205275,124.09128039435396,124.57673362374089,19748904
2020-10-20,125.06218719482422,125.6970233358165,124.5020425319416,125.47296073661317,16770677
2020-10-21,125.21153259277344,126.14511078416106,124.42732549179306,125.58496623635314,17113482
2020-10-22,125.88374328613281,126.29451685731507,124.7261022209138,125.13688762722258,22893091
2020-10-23,127.52680206298828,127.71352480207065,125.28622387498554,126.18245041613734,20921450
2020-10-26,125.88374328613281,128.16167375728043,125.65968067089648,128.08699410895267,16699886
2020-10-27,124.87547302246094,126.44387567094199,124.5393791323487,125.84639120202071,47652264
2020-10-28,123.60581970214844,125.84641047397513,123.23238593432279,125.84641047397513,17468592
2020-10-29,122.37348937988281,123.94190398140293,122.0747352878364,123.23237632730978,21816186
2020-10-30,123.4190902709961,124.57671939239668,122.00004689961344,122.48551190866878,16976909
2020-11-02,124.53938293457031,124.8754768349436,122.8215972812891,124.57672275623655,14924105
2020-11-03,127.04136657714844,127.5268197287393,124.80077624364297,124.87546771664726,23473408
2020-11-04,126.81730651855469,128.311029492261,125.62232577256464,127.00402928722117,19533203
2020-11-05,130.5142822265625,130.70099316321662,127.11605086548023,127.90025810265305,28037401
2020-11-06,129.9167938232422,132.3441071580456,129.50602026953337,131.8213023014842,35571152
2020-11-09,129.0579071044922,132.41878701994094,128.3483912987658,129.9167940358912,36645472
2020-11-10,133.20298767089844,134.09922621541625,128.34838490541728,130.7009948114791,59672371
2020-11-11,138.39369201660156,138.84181723131684,133.38971785491447,134.13657348756308,65757234
2020-11-12,140.41021728515625,140.97037379280965,137.31073984006144,138.31900971871173,48153554
2020-11-13,139.738037109375,141.00770937504433,138.58040797699326,139.81272858652488,29284742
2020-11-14,140.85830688476562,141.90391632123905,140.44753343974003,141.19438886927614,8066280
2020-11-17,139.9247589111328,141.45582174836025,139.21523130608495,141.15707951209032,21757459
2020-11-18,137.46009826660156,140.746298189078,136.48918013489538,139.51397765632115,27620283
2020-11-19,140.3355255126953,143.2482917602601,136.45184112765057,136.52652076546642,50871154
2020-11-20,143.17359924316406,143.39766182522723,138.953821013348,141.00770040030264,47052232
2020-11-23,142.53875732421875,143.77108964006771,140.89566334991915,143.3976559636021,24073204
2020-11-24,146.04904174804688,146.72121773319734,142.35206791215623,142.35206791215623,47160760
2020-11-25,144.7793731689453,147.84151092165948,143.77111508269724,146.38512761029992,43263598
2020-11-26,145.48887634277344,146.27308358339363,143.8084424001233,145.7129389358436,25155854
2020-11-27,144.62998962402344,146.19840410702938,144.2939075691652,145.22748592784131,32594141
2020-12-01,145.1901092529297,146.64649218830937,143.69638650347247,145.63823436235316,16505446
2020-12-02,146.34774780273438,148.43896672157314,144.55527106226597,145.638232170324,29520716
2020-12-03,146.53448486328125,147.28135227765344,145.30216428117984,147.28135227765344,29087754
2020-12-04,148.02821350097656,148.88710033997026,146.75854131667094,147.01994371725593,23005484
2020-12-07,151.72518920898438,152.17331441460868,147.58010206771476,148.02822727333907,37068111
2020-12-08,151.20236206054688,152.88280766356192,149.03646333653236,152.28532325767824,32042241
2020-12-09,153.40560913085938,155.1980741450125,152.84546455363179,153.1068669343545,41212760
2020-12-10,158.85769653320312,159.56721215981258,151.72515311340615,154.33917674058264,67739601
2020-12-11,161.54641723632812,162.77873772148268,159.3431786569722,160.16472564707524,62645643
2020-12-14,161.2476806640625,163.2642083925583,160.57550475456392,162.77874341092746,28029531
2020-12-15,159.49256896972656,161.62112817095075,158.0361857354613,160.76222942503753,24151252
2020-12-16,159.82864379882812,160.98628473650103,159.4552100929538,159.64193286345358,20304621
2020-12-17,159.11912536621094,160.65018814888379,157.77477351577258,159.9780122236646,23248344
2020-12-18,160.2020721435547,161.28502156976185,156.6544698091564,159.15646253614784,24690701
2020-12-21,151.57582092285156,160.35146039738075,148.73774585298344,160.20208927108516,43445980
2020-12-22,151.9119110107422,154.04047021836303,147.05729627022717,151.68784840937394,42564860
2020-12-23,155.16075134277344,155.53418504691388,150.8662933329714,151.6131489061271,24608258
2020-12-24,155.7956085205078,157.3266715288269,153.5550178278533,156.8412182994217,23645158
2020-12-28,156.4677734375,156.99057828984422,155.23545278631403,156.094339709379,16347233
2020-12-29,157.9988250732422,159.45519628028234,156.9158638694796,157.2146179093749,27568853
2020-12-30,157.70008850097656,159.45521394231827,156.50510771440608,158.85772946659577,19654130
2020-12-31,156.09432983398438,157.8121154065636,155.75824778452605,157.25197076738291,18947950
2021-01-01,159.71661376953125,159.97801618220277,156.31839423992702,156.76650758945306,20279389
2021-01-04,159.3805389404297,161.3223753781856,158.40962072155173,159.8286523102674,27927482
2021-01-05,157.92413330078125,159.26848505479006,157.2892972405204,158.6710006463969,18718244
2021-01-06,153.40560913085938,157.9614690504922,152.7334332711615,157.92412923471008,50957586
2021-01-07,151.46380615234375,155.0487490801294,150.94100123567955,153.92845959306462,36298522
2021-01-08,150.49285888671875,153.8537385371591,149.55928054853393,152.62141797118514,58600546
2021-01-11,151.23971557617188,153.92841910603286,150.30613730412992,152.36000476857254,44625924
2021-01-12,154.18983459472656,154.52591664694873,150.56755248509452,151.61315029710536,36989137
2021-01-13,157.7747802734375,159.08179236043472,153.2935993566258,154.93669350306484,66387977
2021-01-14,159.94065856933594,161.69578378697142,158.0361622518085,158.33490445159242,50164605
2021-01-15,162.70407104492188,163.18953604824767,157.7374370563878,160.5008204549724,60567280
2021-01-18,164.1230926513672,165.8035263599716,160.27674846003853,163.11482295810558,70211602
2021-01-19,163.45089721679688,165.57945594821607,162.44263940645905,165.05666305385918,33009228
2021-01-20,162.55471801757812,163.562976121518,161.09833468066358,163.18955420754122,46392916
2021-01-21,159.60458374023438,163.93638133753066,158.48428268791238,163.56294765342332,30116008
2021-01-22,157.36404418945312,160.38883078483065,156.20640294614773,159.82868599569616,25663922
2021-01-25,155.19808959960938,158.70835218102644,154.48857385347588,158.33491848064696,25929487
2021-01-27,157.32664489746094,158.8203796631308,154.67529290918387,155.34746881968542,50338134
2021-01-28,154.30186462402344,157.58805281933553,153.66702850988355,156.2810526062683,22984352
2021-01-29,151.79989624023438,155.94498380616923,151.12772019805917,155.75827284144776,24679902
2021-02-01,161.2850341796875,162.77875723485778,150.7169296580851,152.3600238352598,59968324
2021-02-02,162.96548461914062,166.92386088706314,162.06924602666032,164.30983659029806,50324035
2021-02-03,161.88253784179688,165.80356251876972,161.09833053937706,165.43012877926606,55709225
2021-02-04,171.74110412597656,172.8240535415729,161.32235980791654,161.39705127991013,109894300
2021-02-05,175.0272979736328,178.38818945700945,169.72458201089154,173.38420388673765,130323308
2021-02-08,174.0937042236328,177.79067742698098,172.89873541904453,177.37990394162276,43093963
2021-02-09,171.03160095214844,178.64961143624902,170.43411643150407,175.21403993716467,73377134
2021-02-10,169.94863891601562,172.60000291092584,166.6250989671229,171.03158840659154,49104142
2021-02-11,169.12710571289062,171.25566504758524,167.67072238730344,171.0316024328406,45311749
2021-02-12,162.4053497314453,168.60430510172958,161.1730171542924,168.60430510172958,114826417
2021-02-15,163.2642364501953,165.0567137403194,162.44268929019128,163.15220514017173,33000365
2021-02-16,163.00282287597656,165.65418697004534,162.25596725202294,163.60031921026544,30271502
2021-02-17,162.62936401367188,163.11482897056237,161.7331374034305,162.51733272861065,20615018
2021-02-18,163.45089721679688,164.7579090404969,162.7413815846982,162.9654441359391,24997592
2021-02-19,161.2850341796875,163.4882848582861,159.8286509462369,163.45093320144068,29208388
2021-02-22,158.44786071777344,162.2359189757715,157.64433247354873,162.2359189757715,53531490
2021-02-23,159.5574951171875,161.12629185630135,158.40960452893054,159.17487300557852,27703323
2021-02-24,159.82534790039062,160.55235663684053,158.0269802068067,160.01667109491564,13667471
2021-02-25,160.05491638183594,161.6237130772557,159.7870736351406,160.3227591285313,26953713
2021-02-26,155.9990234375,159.1748767767887,155.34854642960948,158.60091934234688,45101885
2021-03-01,158.33306884765625,158.98354582377254,156.15206708345988,157.22343807313032,16850430
2021-03-02,160.6288604736328,161.31759722766054,158.02696472211525,158.40959894695615,26590262
2021-03-03,160.66714477539062,162.23592945349318,159.78708477771534,162.23592945349318,21648963
2021-03-04,160.47579956054688,161.70022173039143,158.86874318886706,159.78706284792895,25858155
2021-03-05,159.5957489013672,160.70537957776418,158.56263778791418,159.1748549250343,17990773
2021-03-08,159.17486572265625,161.31759553114463,158.94528276482325,160.47580752137623,23874105
2021-03-09,159.0218048095703,160.51406980529654,156.68775179096565,159.7105415670813,23463213
2021-03-10,158.02696228027344,160.09317251042947,157.49127679911658,160.01665294267244,20358192
2021-03-12,157.03213500976562,159.17487709809967,155.73118099135843,159.17487709809967,31973696
2021-03-15,157.22344970703125,157.64434375172988,154.27719139414097,157.52956438867028,42699297
2021-03-16,159.0601043701172,159.8636327480085,156.8408303197292,157.95047340828157,50641203
2021-03-17,161.16455078125,163.68992703932688,159.5957661772309,162.38897306131744,81604999
2021-03-18,166.5596466064453,167.66927727627873,162.15937158164385,163.00117165604388,95536034
2021-03-19,170.61557006835938,173.06441485092603,164.95262408787147,167.5927799425978,139352860
2021-03-22,172.94961547851562,173.25571800925047,169.50591956424753,170.88339307926893,47823778
2021-03-23,170.04159545898438,174.55664997598785,169.35285874034702,172.18433730661786,43165463
2021-03-24,165.2587127685547,170.50077637518305,164.72302725945815,169.12330281656764,28672557
2021-03-25,161.9298095703125,165.25870176077854,159.97839084670926,164.6464967207125,42248040
2021-03-26,161.39413452148438,164.11082184735753,160.97324049757452,163.9577705774553,27083832
2021-03-30,164.18734741210938,164.53172187699596,161.01150616060514,163.19250805807386,28862387
2021-03-31,167.21011352539062,167.82231849557834,162.7715789846785,163.80469003026127,37890481
2021-04-01,168.39630126953125,168.81719531214873,166.29183105644387,168.35804148203388,30182056
2021-04-05,162.6568145751953,168.35803191021654,161.08802998312458,166.52139244074635,32586507
2021-04-06,162.7333526611328,164.49346050234212,160.82019354591165,163.6134005183798,26663018
2021-04-07,163.6134033203125,164.68477438345838,162.5803041713615,162.77161523547375,15790468
2021-04-08,163.1925048828125,165.37350673784513,162.8864023377906,164.4169271896153,14660557
2021-04-09,163.0777130126953,165.25871486259157,162.65681898260263,163.57513874222084,16994483
2021-04-12,157.10865783691406,161.47066167751757,156.87908698463505,160.70540529206158,35840817
2021-04-13,159.71054077148438,160.4758092212242,157.64433050924424,158.4095989589841,21027436
2021-04-15,158.18002319335938,161.0497618203388,157.64433767951934,159.9401310064459,18205903
2021-04-16,159.1365966796875,160.1314480970825,158.026965908022,159.174868591159,13824608
2021-04-19,157.33824157714844,157.72087583508548,155.92250816216855,156.87908774365337,16400507
2021-04-20,155.76943969726562,158.40959517030885,154.96591148227108,157.79737799981643,22187707
2021-04-22,157.5677947998047,157.87389729765914,153.47363447918335,154.58326512894067,24030915
2021-04-23,157.14694213867188,158.40962436924457,156.30515398495675,156.30515398495675,20381213
2021-04-26,157.10865783691406,158.21830081757744,156.64950400564047,157.49129209299983,20652091
2021-04-27,157.18516540527344,158.37132777900632,156.9173226798084,157.10863371512042,11885588
2021-04-28,157.26171875,158.0269751233358,157.10865534861748,157.6443408733102,13197445
2021-04-29,156.34339904785156,158.83050348409924,156.15207585939228,158.48614114761713,13601150
2021-04-30,155.0424346923828,157.4147596095508,154.58328089876056,156.0372861019695,17130954
2021-05-03,153.77976989746094,154.4685067284315,153.05277327774644,153.97108096789657,21405441
2021-05-04,152.74664306640625,154.85112526093232,152.36402096441486,153.97106532223688,18962501
2021-05-05,154.12413024902344,154.5832840520117,152.6701250161551,154.16239003426043,14396547
2021-05-06,155.15719604492188,157.6060400555003,154.6597704367158,154.81283379825015,14872429
2021-05-07,157.14694213867188,157.988730292387,155.3103024153693,155.3103024153693,20213092
2021-05-10,157.29995727539062,158.75395025155598,156.87906329526763,158.5243794339431,16922951
2021-05-11,156.11378479003906,158.0269435309776,155.92247376663036,156.03726523136075,14277000
2021-05-12,155.5398712158203,157.0703960943987,155.2337686654477,156.03729695521233,17174525
2021-05-14,162.42721557617188,163.15422418581633,156.11379379235328,156.87906218354314,64021335
2021-05-17,162.695068359375,166.06223251139312,161.9680718314961,165.90918124903519,39465392
2021-05-18,160.74365234375,164.22560803352087,160.43754981382045,163.84297380775166,31653409
2021-05-19,158.98355102539062,161.77677007223627,158.83049975424655,160.74365883361997,25345241
2021-05-20,158.40960693359375,160.1697147552306,158.2565556612838,159.51923775287705,21688686
2021-05-21,159.97836303710938,160.59056797075365,158.71566913972183,158.8687203731329,23509878
2021-05-24,161.853271484375,162.2741654644753,158.98353318730196,160.32274681794547,29977506
2021-05-25,161.39413452148438,163.30729358533463,160.8967087992659,163.0011910455302,26310600
2021-05-26,161.16455078125,162.58029624281497,160.93497994085388,162.0828705229793,18253046
2021-05-27,161.58543395996094,163.88122709686766,160.93496914132055,161.47064248410848,49385674
2021-05-28,162.9246368408203,163.3837905870995,161.8915378800138,162.61853434330087,26583388
2021-05-31,165.7561492919922,166.75098867654322,164.07256095654148,164.53172692380795,75852502
2021-06-01,164.72303771972656,167.89889119010536,163.95778132007536,166.8275201038779,40247686
2021-06-02,159.9401397705078,162.5803076981655,159.63403721060183,161.088042560229,100377464
2021-06-03,159.97836303710938,161.27930458445957,159.71050822024986,161.27930458445957,48454441
2021-06-04,159.74880981445312,160.4758063399529,159.17486455081044,160.3227550780958,31286264
2021-06-07,161.8150177001953,162.5420142151847,160.85843823238224,161.01148949202664,32643869
2021-06-08,163.4985809326172,163.95774680245665,161.6236940531502,162.3889502916939,22080199
2021-06-09,162.61854553222656,164.34038129427896,161.85327710906049,163.76643604026148,25846432
2021-06-10,164.80079650878906,166.45431883520683,163.3834952225287,164.32835442847423,31902690
2021-06-11,163.6984405517578,165.7062818661419,163.5803300372632,165.58818382898878,22249404
2021-06-14,163.2259979248047,164.13149100132011,161.57247580872559,163.7377934769193,18358717
2021-06-15,163.02914428710938,164.09212636414568,162.98977827754229,163.4228418148021,15426377
2021-06-16,163.6590576171875,164.84013768532822,163.02913909746297,163.02913909746297,20878518
2021-06-17,161.9268035888672,163.77718080571756,161.41500800912107,162.95041970304175,22304032
2021-06-18,161.0606689453125,162.5567145579304,159.4465253041258,162.20238304020225,24475206
2021-06-21,160.98196411132812,162.2024104313608,159.36780772021785,159.9189818559782,19809308
2021-06-22,161.49374389648438,162.3992495208972,160.9032038025386,162.28113900663973,18737552
2021-06-23,160.58822631835938,162.08427180911744,160.31263931946552,161.92678282917274,13059519
2021-06-24,160.03704833984375,161.13939630799965,159.48587435576582,160.98191980931153,23299321
2021-06-25,161.45436096191406,161.88742448390704,160.43075740787063,160.6275999261074,14411660
2021-06-28,160.31265258789062,162.12365123374792,160.11579758533665,162.12365123374792,15190488
2021-06-29,160.07643127441406,161.65120890517827,159.95832076857215,160.3126522860979,13839294
2021-06-30,159.60398864746094,160.94254515683505,159.4858781512992,160.86381314428692,16556397
2021-07-01,159.84019470214844,160.47011317953536,159.17092269643274,159.76146269081218,10583793
2021-07-02,159.36778259277344,160.3913861932189,159.24967208554114,160.07643315882655,13187847
2021-07-05,160.3520050048828,160.7063364930399,159.6039884996705,159.84019701443572,10642939
2021-07-06,159.44650268554688,160.4701061293221,159.24964771117627,160.03704265398108,11515716
2021-07-07,160.4307861328125,161.57250039315662,159.28907187246836,159.4465484107218,18568033
2021-07-08,159.0528106689453,161.0212856161284,158.89533417045138,160.23389064631948,21730892
2021-07-09,158.54103088378906,159.32842599361848,158.18671181850482,159.05283895291234,12289809
2021-07-12,158.34417724609375,159.4858913411806,158.226066740164,159.0528278043318,13589278
2021-07-13,158.93470764160156,159.2102946462463,158.5410101382034,159.05281814035501,11247522
2021-07-14,160.70635986328125,161.53312097853757,158.81661660631212,158.93472711954036,21269167
2021-07-15,162.39923095703125,164.1708510363546,159.76147136460884,160.9425514174911,29963443
2021-07-16,163.6984405517578,165.07637575862591,163.1472664690106,163.54096402487883,30137464
2021-07-19,163.58030700683594,164.95824201970493,162.47795899654074,162.83229049013835,17099088
2021-07-20,162.83229064941406,164.80076567619818,162.51733763969014,163.93463866078753,24567907
2021-07-22,162.98976135253906,163.9739988308965,162.08426836247955,162.98976135253906,19016769
2021-07-23,167.24166870117188,168.18654019911614,162.59606817917705,162.98976567643214,46241640
2021-07-26,166.25746154785156,169.56450615570452,165.98187449719714,168.50152396679695,49084040
2021-07-27,164.28895568847656,167.71411017911274,163.73778168946245,166.92671518699555,25378089
2021-07-28,164.64329528808594,165.3519458249621,163.34409223936285,164.01337676789592,15304399
2021-07-29,162.2417449951172,165.50941043138877,161.926779519006,164.6432834460965,16204679
2021-07-30,161.3756103515625,163.06851084452896,161.10003582741226,162.28111584674642,15515733
2021-08-02,163.2259979248047,163.38347443909691,161.76931833225575,162.55671338105736,10046707
2021-08-03,165.273193359375,166.06058835229933,162.55670184526338,163.38346284463205,19179805
2021-08-04,164.2495880126953,166.21806299564176,163.85589052063813,166.06058649428675,11421835
2021-08-05,169.48573303222656,170.66682554017152,162.91102341775309,164.2495924312894,48995450
2021-08-06,168.6983642578125,170.0762869134104,167.3991611454184,169.60385735812034,24489836
2021-08-09,168.34402465820312,170.9817842893946,167.47789760971403,169.2888962008004,21142199
2021-08-10,165.2338409423828,168.85583824397807,164.21023734926786,168.50150672481868,18855165
2021-08-11,164.28895568847656,165.82436718896733,163.34408419340386,165.23382718354924,16012451
2021-08-12,164.48582458496094,168.65898345953536,164.05276104587622,165.54879418913586,28758718
2021-08-13,166.49365234375,167.1629368419656,164.7220198431415,165.2338278377781,19576945
2021-08-16,166.0605926513672,167.91095720756906,165.7456396369796,166.4542901580216,11621038
2021-08-17,164.72201538085938,166.53301383896817,164.40706238223333,165.9818398527029,8161139
2021-08-18,164.52520751953125,166.5330489052304,164.05277792211436,165.03701560807264,11149120
2021-08-20,164.48582458496094,165.9031257087546,162.7535579512815,162.98977896436065,20168965
2021-08-23,162.4385986328125,165.50942177464665,162.20237762887444,164.9582477503513,10319044
2021-08-24,162.00552368164062,162.9897611588283,161.17876270352227,162.9897611588283,12971124
2021-08-25,162.517333984375,163.6984139829449,162.20236850439548,162.517333984375,10994627
2021-08-26,161.1000213623047,162.87164123223286,160.90316639186474,162.51732224918266,15407558
2021-08-27,162.12364196777344,162.871658493641,161.33624695724134,161.41499144923048,10879860
2021-08-30,163.7771759033203,163.93465242140078,162.20238576783393,162.20238576783393,12550267
2021-08-31,166.37554931640625,166.6117703210501,163.18661566307497,163.81653418301187,26802390
2021-09-01,164.95823669433594,167.16293264375184,164.80076019471187,166.13931668018628,16867486
2021-09-02,165.15509033203125,166.53302539329775,164.56455029929995,164.56455029929995,14872714
2021-09-03,165.82437133789062,166.33617934330618,165.1550868255795,165.1550868255795,10622796
2021-09-06,164.80079650878906,166.2968423008826,164.60395396021926,166.13935328921627,11041632
2021-09-07,166.72988891601562,168.77709613116127,165.47006429233338,166.06060435526612,38933378
2021-09-08,166.33619689941406,167.7141320768607,165.11573824548404,167.12357951699698,17897021
2021-09-09,167.4385528564453,168.42279053236845,165.7850305663324,166.17872813217002,19784972
2021-09-13,168.61959838867188,169.40699335836646,166.76923393496278,167.9896923947876,16661794
2021-09-14,170.15501403808594,171.06051952328042,168.65896854973911,169.2101425466385,20377545
2021-09-15,170.07626342773438,171.02113488517887,169.5251019280091,170.9424028755063,21028598
2021-09-16,181.69027709960938,183.97371757815284,170.31249062252212,170.82429861341524,154986538
2021-09-17,182.00526428222656,186.84770786057976,180.39110810454815,183.46193146136088,82563658
2021-09-20,184.0524444580078,188.46183631236283,181.2965745490359,181.88712701334362,73101936
2021-09-21,190.15475463867188,190.9027712431659,182.43833013825062,184.99734547545646,58854434
2021-09-22,191.7295379638672,193.5405367496249,189.52484161992882,191.7295379638672,54648494
2021-09-23,190.94212341308594,193.38304053896022,190.3122173659831,192.9105985262928,22630330
2021-09-24,187.75318908691406,192.1232025345025,187.16263661237014,192.1232025345025,25779310
2021-09-27,187.95004272460938,190.43032583256678,185.4303936084641,188.81616976878303,23772123
2021-09-28,187.20204162597656,190.23348653066995,186.06031499827827,188.85555135701787,16319138
2021-09-29,187.4776153564453,190.07599651893244,185.58787225887255,185.82409326540423,16045073
2021-09-30,185.94219970703125,189.2885973473177,185.23354918025598,188.89491231481816,16987893
2021-10-01,185.31228637695312,186.61147696614174,183.38317725894132,185.19417587296502,16570661
2021-10-04,186.29652404785156,187.67445913294048,185.35165249274198,185.82409450896697,11098123
2021-10-05,184.8004608154297,186.9657907359382,184.64298431750277,186.1390297638174,9578825
2021-10-06,182.083984375,186.13904508167212,181.57217635661507,184.8792205172433,18179336
2021-10-07,183.42254638671875,184.9973239124191,182.91073838799676,183.46191239359283,10770973
2021-10-08,182.4383087158203,184.87921325467937,182.04461121540055,184.83984724783932,10114327
2021-10-11,187.43824768066406,188.5799618158465,182.4383275878769,182.67453613069122,22000303
2021-10-12,189.9972381591797,191.33580712872276,187.39885718631047,187.87128668755778,30347455
2021-10-13,196.21763610839844,197.5561926521574,189.09175244542632,190.98149547787875,52091422
2021-10-14,202.0049591064453,206.17813037151106,197.12313729423073,199.40657792601294,88696178
2021-10-18,206.7292938232422,208.89461136276043,202.63486726293698,205.50883531332843,62614961
2021-10-19,193.65863037109375,206.72930581202263,192.94997981912402,205.82380025946435,61336411
2021-10-20,194.17042541503906,195.66647101077237,190.82401518718382,193.6586298649954,49663940
2021-10-21,192.6743927001953,195.5483609157645,191.4145681109761,195.27277389695593,23385990
2021-10-22,186.29652404785156,193.54051850812448,184.01309589389874,192.67439144816584,36905793
2021-10-25,183.77687072753906,186.33588584060786,181.49344262525247,184.32804474910344,23194065
2021-10-26,186.37530517578125,188.18630414680825,183.14700483218405,184.32808515021162,19663381
2021-10-27,187.75318908691406,189.99723858082325,185.98155661796116,189.17049007114062,26909428
2021-10-28,177.24154663085938,185.78473183439743,176.4935175841915,185.11544728429377,48064941
2021-10-29,175.74551391601562,179.72183054423863,175.03686330427942,177.162815139488,27668175
2021-11-01,178.6194610595703,179.17063507818324,175.19431892448145,176.4935094780662,24090945
2021-11-02,177.63522338867188,180.50920398031298,176.76909635360414,179.5249664445833,14896284
2021-11-03,175.15496826171875,178.61947670813132,174.56441570622468,177.95020460747324,18530527
2021-11-04,178.3832550048828,178.97379503947474,176.375401418994,177.04468594762358,7295341
2021-11-08,180.94227600097656,181.65092656091036,177.71397623298014,180.86353150438808,21051238
2021-11-09,180.11550903320312,181.8083971196507,179.4068584964888,180.98163608059394,11964518
2021-11-10,181.76904296875,183.34382065558341,178.89506214873856,179.09191715793088,13948380
2021-11-11,181.09974670410156,182.28083925097576,179.95803264292795,181.41469972566526,8448263
2021-11-12,183.3831787109375,184.20993976806014,180.43046599721686,182.04462210226785,12312123
2021-11-15,187.4776153564453,188.18626589870001,183.54065264939214,184.209937183005,40247848
2021-11-16,185.39100646972656,188.69803775939988,185.03667500440153,188.2256082829719,15241184
2021-11-17,188.5799560546875,193.10745892352983,185.54851128289675,185.82409830554505,48496295
2021-11-18,187.0051727294922,191.33582046342798,186.06030118380758,188.9736478378866,21005037
2021-11-22,181.8083953857422,189.56418520729864,180.74542582947836,187.3201231162149,23443628
2021-11-23,182.35955810546875,183.22568509092432,180.43044915228364,180.43044915228364,13950744
2021-11-24,179.2887725830078,183.2257233218805,178.69823246764528,183.02888077587363,14684422
2021-11-25,182.12335205078125,182.8320025949266,177.75333828232814,178.73757584238228,24825493
2021-11-26,176.3754119873047,181.13912351250804,175.6667614078644,180.23363040218916,28067913
2021-11-29,174.4069366455078,176.09982483282278,173.3833330264511,174.80063418432684,22985358
2021-11-30,174.13133239746094,177.3202659260209,173.2258393773218,174.80061689953843,24408641
2021-12-01,174.72189331054688,175.82422889511213,173.6982772660115,174.8006253279171,13496307
2021-12-02,177.5171356201172,178.06829719281234,174.24945732994973,174.72189935988953,16517389
2021-12-03,174.52503967285156,178.10767090197103,174.28883114155934,177.162799344781,14325920
2021-12-06,171.57232666015625,174.95810288343574,171.2573736341164,174.52503935329582,13644352
2021-12-07,173.7376251220703,174.76122850880395,171.7297718730098,172.35969028761843,9246755
2021-12-08,177.12344360351562,177.67461767071597,174.0132542113658,174.0132542113658,10241656
2021-12-09,185.35162353515625,186.17838445704427,175.5879939155356,175.5879939155356,39714672
2021-12-10,185.90281677246094,188.1468787997626,184.052452245576,185.9815612634802,36517117
2021-12-13,184.7217559814453,187.98942186818215,184.36742445097596,187.39888179474096,22903720
2021-12-14,179.99737548828125,186.69019496061404,179.17061455506328,185.03667309417813,38953007
2021-12-15,176.41476440429688,182.8319846816125,175.90295643137156,181.09973073838705,35987634
2021-12-16,175.50927734375,178.06829252188194,173.85575523701598,177.95019449483559,25131188
2021-12-17,171.61167907714844,175.46989701125088,170.66682007386325,175.43053100544884,30827201
2021-12-20,167.24166870117188,170.27312570496238,165.19446167918886,170.27312570496238,38778895
2021-12-21,167.32041931152344,169.6432134188103,166.17870526186178,168.5014993691486,20142586
2021-12-22,166.9267120361328,168.65896601328555,166.21806154753946,168.50148951330252,17903428
2021-12-23,171.09988403320312,172.0053770331392,167.87158456988493,168.4227585619641,23065082
2021-12-24,171.65106201171875,173.58015855145786,170.43060350415095,171.65106201171875,17220191
2021-12-27,171.2967529296875,172.00540353191394,169.800719701288,171.9660375199406,8467106
2021-12-28,173.2652130126953,173.69827653843848,171.65106941262357,171.65106941262357,12014352
2021-12-29,170.66683959960938,173.46207587814067,170.3125080748343,173.22585486162396,11923119
2021-12-30,170.07626342773438,171.57230886224323,169.68257842469333,170.54870539512615,10116360
2021-12-31,171.6904296875,172.28096970494306,170.1943841629497,170.7849366577326,7875890
2022-01-03,172.51719665527344,173.1077366930921,170.9030405760728,171.6904356113912,8064567
2022-01-04,173.4226837158203,174.56439774339023,172.4778246789389,172.83214369843446,9398805
2022-01-05,173.658935546875,174.4069522032182,172.16288975684654,172.950284904723,11663111
2022-01-06,172.20225524902344,173.54081192655678,171.808557704805,172.43846379368162,9295303
2022-01-07,171.96600341796875,173.73763581087934,171.25735295627229,173.06835135334967,9196075
2022-01-10,175.82423400878906,176.92658210275536,172.35972568757003,173.14710827087404,16451394
2022-01-11,174.7612762451172,176.5722750254542,174.17073614828462,175.8636244137868,8329596
2022-01-12,175.39114379882812,176.09979425471536,174.48565084638173,175.19430130226897,13665682
2022-01-13,176.3360137939453,177.79269317501937,175.3911423680241,176.29664779042236,11944029
2022-01-14,175.27305603027344,177.0053100287112,175.03683503872665,176.33602553755497,10976796
2022-01-17,176.8478240966797,177.63520656428395,174.28880924162283,175.27304668413228,12792728
2022-01-18,173.81637573242188,178.97378417460632,173.46205672411227,176.84783269273032,14948456
2022-01-19,173.50143432617188,175.11557792910602,172.2022437466385,173.81638734957264,11915686
2022-01-20,172.2416229248047,174.91874878308457,171.65108284144054,173.65892411581513,17997322
2022-01-21,170.9030303955078,173.61953437139798,170.0762694008751,172.04475687190978,17225050
2022-01-24,166.7692413330078,171.4542079217043,166.06059081978196,170.90303391393533,18023332
2022-01-25,168.7377166748047,169.05266968629255,164.997609112032,166.9267181427398,19028606
2022-01-27,168.97393798828125,169.68258850412488,166.2180679392561,166.33617843812,24041247
2022-01-28,171.3361053466797,172.63530841212494,169.36763022142728,169.36763022142728,15865353
2022-01-31,173.38333129882812,173.81639484401165,170.9424265462173,172.04477465299018,15618203
2022-02-01,179.32810974121094,180.15487076062183,172.55655755632915,174.01323708081785,44871108
2022-02-02,182.79263305664062,183.69813858171662,180.31234996135345,181.0997449851291,42714702
2022-02-03,184.6036376953125,185.19417774387864,182.51705204335036,182.7926390629933,28918394
2022-02-04,184.4855194091797,187.79256350541536,182.3202018299825,186.80832597353665,58889867
2022-02-07,181.25721740722656,184.83984846407847,179.91866086979937,184.24930844823294,25101983
2022-02-08,182.083984375,182.91074541515704,180.35173027791294,181.3359678289561,16825239
2022-02-09,181.2178497314453,183.46191175286648,180.115501724103,182.91073774919533,12351873
2022-02-10,182.8713836669922,183.77687674501678,179.32811841881986,180.07614745963028,20317032
2022-02-11,183.02883911132812,183.69812357914313,180.94225369833958,182.6745076363652,18793513
2022-02-14,176.94302368164062,182.22430618154957,176.17704082514516,182.22430618154957,23621214
2022-02-15,179.80540466308594,180.20855825834957,176.21735938618892,178.1928030590604,13371177
2022-02-16,179.6038360595703,181.17612626483762,178.8781646399877,180.45045484525502,11664158
2022-02-17,179.523193359375,180.89390021216605,178.0718506789946,179.8457111156754,14564261
2022-02-18,178.91847229003906,180.16823181034263,178.59594175144989,179.52319628722194,9004891
2022-02-21,175.77391052246094,178.43470149865473,175.08855062482428,177.6284070105794,16750193
2022-02-22,173.2340545654297,174.88698062987757,171.74240017602617,173.35500193319785,26741024
2022-02-23,174.12098693847656,175.37075938405545,173.3953155003731,174.8063468458605,11438476
2022-02-24,168.114013671875,171.9842651736251,166.90456566752826,169.32347445325067,42933709
2022-02-25,172.5083770751953,174.56444392392865,169.7669503512076,170.53293328412147,24543858
2022-02-28,174.0403594970703,174.52413618462094,169.96852446299005,171.90365676725256,20806226
2022-03-02,173.59689331054688,174.64508251587702,171.29893169849586,172.8712091179761,20039140
2022-03-03,176.90272521972656,177.54776077240024,174.1612857897752,174.20161009458937,29631546
2022-03-04,181.8211669921875,183.35313282642218,174.96759393504138,175.53200643513716,69409780
2022-03-07,181.37770080566406,183.03061399137795,177.46713763260496,178.99910345799256,47001716
2022-03-08,182.9499969482422,184.19975656628327,180.41014062901002,180.53108799331105,37424203
2022-03-09,184.8448028564453,186.5783519123669,182.30494656552446,183.5950304753054,43923809
2022-03-10,187.06211853027344,187.46527212609863,183.71596796127955,186.25582411565208,37523806
2022-03-11,190.56956481933594,191.17428890090787,185.57048770941546,186.98151908443702,43305144
2022-03-14,192.7062530517578,193.06908236240744,189.72293162439257,190.4889145512315,36465969
2022-03-15,191.77899169921875,194.6413656631645,190.20670159540308,192.70624626148398,34269168
2022-03-16,195.60891723632812,195.9314349831692,192.786855008898,193.51252632780455,22462538
2022-03-17,197.46343994140625,197.86659356756599,195.68956654170944,197.74564620201505,35541798
2022-03-21,197.14089965820312,199.76139171057582,196.5764999418318,198.2697246450044,29052540
2022-03-22,201.37400817871094,202.18031545063138,196.37493120227074,197.1812384741912,38368305
2022-03-23,203.18817138671875,204.55887826971855,200.36610901432374,202.74469349074622,42051087
2022-03-24,205.48614501953125,206.81654045540617,202.74470553659432,203.1478591533221,39712133
2022-03-25,204.27667236328125,206.21180450092265,200.9708333404203,205.84896243372904,30412482
2022-03-28,207.25999450683594,208.0259773936977,203.63163770455793,204.80077418656813,25876007
2022-03-29,205.2845916748047,207.62286510401213,204.59923170440652,207.26003574011582,18820674
2022-03-30,200.93051147460938,206.7358820347403,200.48704637776763,205.6876929673896,18281803
2022-03-31,202.09967041015625,205.08299184798207,201.1724285889963,201.25305164629907,26644916
2022-04-01,204.2363739013672,205.88928713001454,200.60801688248176,201.57557023616474,14856664
2022-04-04,205.9699249267578,207.94536873581413,202.4625152379283,204.07511695312473,16520039
2022-04-05,209.19512939453125,211.13026168398704,205.68771968830882,206.45370263199385,28230046
2022-04-06,209.3160858154297,212.33971896861513,207.46158928156564,207.62284818315854,20352716
2022-04-07,206.93746948242188,211.41244484442637,206.25210967241398,208.02597009640755,16679649
2022-04-08,215.9277801513672,216.77438620109152,206.41340262180066,208.02600443498747,39283623
2022-04-11,215.68585205078125,220.24145051021586,214.47640407219458,216.6937296252797,47924937
2022-04-12,213.5088348388672,216.61311630671662,212.1381279200194,215.2020723065873,24460888
2022-04-13,217.33877563476562,218.18538159443972,212.58159376450095,213.9119891605937,22239115
2022-04-18,217.78225708007812,219.71738941664793,215.48430819307558,216.08901947983708,25339139
2022-04-19,210.8883514404297,219.71736790467094,208.67102583127604,219.3142015322425,24280577
2022-04-20,209.2757568359375,214.03293875590498,207.66315517742856,211.97687196073184,25454589
2022-04-21,209.96109008789062,213.2266045188949,209.3160418400074,209.3966776623782,24313956
2022-04-22,210.52554321289062,212.05750914085087,208.46946350373835,209.63860010345599,16274820
2022-04-25,205.80865478515625,208.83228762728925,203.59131636804125,208.67102874228564,25140992
2022-04-26,208.7919921875,210.20301073425622,206.61496512964095,206.8971713943982,21327644
2022-04-27,207.6228485107422,208.42915579700934,206.21182992532042,206.57465926021928,17219401
2022-04-28,210.52554321289062,212.62192167547732,208.14694570596043,209.2354592447487,28999835
2022-04-29,209.2757568359375,212.0574950162911,208.42913809038868,212.0574950162911,21206335
2022-05-02,212.17843627929688,213.26694971430175,207.25999561252246,208.02597850347055,19696250
2022-05-04,209.43699645996094,214.51669568899095,208.50975474414105,212.8637826547382,26951488
2022-05-05,211.29151916503906,213.83137548657163,209.9611237105824,211.25120763591215,18623544
2022-05-06,215.0005340576172,215.5649466312936,208.751684213923,208.83232005746154,35818441
2022-05-09,212.01719665527344,214.5973773569641,210.08207710029316,214.5973773569641,22228031
2022-05-10,209.43699645996094,215.12143243520853,208.9128955389151,211.2511811445572,18727774
2022-05-11,206.1311798095703,211.41246278167694,202.98659949875966,208.83229497675688,18012072
2022-05-12,203.9138641357422,206.73591402717284,200.89023103826133,205.60708895978848,20816708
2022-05-13,208.509765625,210.32393762723868,205.2039266069546,205.56675589659076,12380764
2022-05-16,204.88143920898438,209.5983104067031,203.99450878418907,209.5983104067031,8502159
2022-05-17,213.42822265625,214.0732582327937,205.4458243458276,205.60708323996352,18483427
2022-05-18,215.12142944335938,215.9277365757501,212.1784199094585,214.47639395906924,20978307
2022-05-19,222.25718688964844,225.15987201474834,211.73494692264757,211.73494692264757,81302807
2022-05-20,225.76463317871094,227.65944101962165,223.3457116098055,223.3457116098055,33617466
2022-05-23,221.3299560546875,226.12747488133505,220.16083235255715,225.76463281347753,22535903
2022-05-24,218.386962890625,221.7331133082493,217.70160308642866,221.7331133082493,16146766
2022-05-25,219.8786163330078,220.84619519381042,218.10475582694733,220.0802122983805,15877459
2022-05-26,220.283935546875,221.5641535626375,217.92993224900852,221.5641535626375,19129574
2022-05-27,222.3488311767578,223.58776783884613,218.92108197967306,222.18362740582583,13986762
2022-05-30,222.22496032714844,223.83558602533859,221.02730483788181,223.42258963929734,12274291
2022-05-31,223.5464630126953,226.72640659123277,220.03613806547608,222.22493753796832,24102167
2022-06-01,224.5376434326172,226.39603544320983,223.1747842317455,223.5464731047105,15265925
2022-06-02,225.9004669189453,226.6851259439993,221.23376790201527,223.58777115429237,14789457
2022-06-03,225.23968505859375,227.71758467425326,224.33112971932005,227.13941071497763,12968807
2022-06-06,226.97422790527344,227.80019452013295,222.7618321997438,224.9919394421526,11345943
2022-06-07,226.2308807373047,227.13943617843194,224.8680475756138,225.6527067132129,11245578
2022-06-08,221.27508544921875,226.64382876002753,219.87094493154248,226.2721398858574,14915091
2022-06-09,223.711669921875,224.41374015658437,219.4992616021764,221.19248904538387,10239939
2022-06-10,223.1334991455078,223.83556939019513,221.9771512339188,222.2249438117044,8693455
2022-06-13,218.5906982421875,222.26621379010152,217.2278522224148,220.03613305797234,11519902
2022-06-14,219.25148010253906,220.90340014110433,217.26917867397242,217.39306187880416,7708043
2022-06-15,217.55825805664062,220.77949612937883,217.26917107835615,219.70576319369067,5254329
2022-06-16,215.32818603515625,221.275117256824,214.3370417386783,220.53173940162552,14843837
2022-06-17,217.4756622314453,218.17773249664828,213.55234071513075,213.9240295926705,17296080
2022-06-20,218.1364288330078,219.82965627786217,215.86502744001368,217.4756529971805,17738981
2022-06-21,222.92701721191406,223.71167626793147,218.13643480874302,218.87979946406426,14417711
2022-06-22,219.12759399414062,223.25741391534424,218.79721258878322,220.53172151118915,11756920
2022-06-23,219.2927703857422,220.73821838910845,216.73229502848073,219.2927703857422,9416459
2022-06-24,219.5818634033203,221.64677983019354,219.04499691203588,219.78836159028685,7283228
2022-06-27,222.96829223632812,223.5464661840021,220.11872998604753,220.5317001584795,8487729
2022-06-28,224.5376434326172,224.86802481621402,221.81195120798998,222.10105127933483,11673046
2022-06-29,226.35476684570312,227.1394259479608,222.30754885934925,222.39013766560856,16635367
2022-06-30,225.9004669189453,226.8916110278901,224.66150406137047,226.27212959910267,20003893
2022-07-01,234.86216735839844,235.39903385180315,224.00075795552715,225.900483693465,36520000
2022-07-04,241.09811401367188,242.2544617674865,235.2337864556439,235.9358566045394,41417701
2022-07-05,236.96836853027344,242.00673095256107,236.01853177223742,242.00673095256107,19283789
2022-07-06,238.95066833496094,239.5288423233504,235.64682819150005,236.30759098476878,18997440
2022-07-07,241.13949584960938,242.13064015401167,238.28993306947257,240.35483666981753,14326277
2022-07-08,242.04800415039062,243.20435203531412,239.8592046665794,241.92410786435488,11538313
2022-07-11,243.65863037109375,245.2692559169339,241.22203830841744,242.00669733742146,12828405
2022-07-12,241.75894165039062,243.94771506014015,240.27218614796118,242.00670805701247,14616684
2022-07-13,242.87399291992188,243.49344822974726,241.7589524205421,242.00671883820172,9634877
2022-07-14,240.23089599609375,244.7736726070882,238.8267555246535,243.08045825000076,13930984
2022-07-15,242.46096801757812,242.83265686602522,239.1158469128977,241.1807500570067,11450042
2022-07-18,243.90646362304688,244.7324302776393,242.62621923499648,243.65867100895716,11751684
2022-07-19,243.3282928466797,244.15425951235213,241.75897450588607,243.65867427752468,9542292
2022-07-20,246.30174255371094,247.37550179604554,242.50231697751036,243.57607621984496,16397373
2022-07-21,247.416748046875,249.60554753792005,246.13650387168468,246.96247038894765,16660697
2022-07-22,248.2427215576172,249.8533471496641,246.2191257838622,247.78844388689194,10351425
2022-07-25,248.69703674316406,250.22507376479004,246.7973369727836,246.96251459953672,11050533
2022-07-26,249.8120574951172,250.8858166921778,248.16015047323685,248.61442817639366,10114261
2022-07-27,251.21620178222656,251.9182720932452,248.28405041467175,250.14244256941248,9706094
2022-07-28,250.63804626464844,252.08349448590755,249.7707982735891,251.83570186642768,11256515
2022-07-29,250.30760192871094,252.66160504508807,248.90346155593252,251.91822737345942,17584873
2022-08-01,253.98318481445312,255.05694406650312,250.34896300308267,251.0923146567179,16501510
2022-08-02,256.00677490234375,261.54072247929173,254.56135294553908,256.04808239546793,40483892
2022-08-03,254.52001953125,256.79143405649836,250.80320937351948,256.79143405649836,18376724
2022-08-04,255.6350860595703,256.3371563082533,253.6940790920237,254.39612316359086,16514348
2022-08-05,256.75018310546875,257.5348423278723,255.30476097758026,255.6351424303227,10477269
2022-08-08,258.6498107910156,259.3105996891377,256.0893487028322,256.83270021968724,8627072
2022-08-10,257.03924560546875,259.4345568410696,256.66758284839733,258.64987147651317,9267241
2022-08-11,252.95074462890625,258.89766283853464,252.16608544529143,258.52597390615273,11305242
2022-08-12,254.85040283203125,255.55247308622108,251.5052815179966,252.95070333848875,6669853
2022-08-16,256.5023498535156,257.2870089516655,254.8504166742715,254.8504166742715,8941455
2022-08-17,258.1542663574219,258.73244031509876,256.874022152772,257.4521961104488,8283028
2022-08-18,260.7147521972656,261.0038522908399,258.19557104865856,258.52595245765906,10264507
2022-08-19,257.7000427246094,261.127779700608,257.03925365076765,261.127779700608,10823811
2022-08-22,259.6822814941406,261.8297997613308,256.87402663436967,257.03920423823575,11793184
2022-08-23,260.9212646484375,261.003853456777,257.7826019832349,258.4846722969165,9698555
2022-08-24,259.4345397949219,263.8534206873481,258.567265672125,260.79737295362673,11783894
2022-08-25,257.9891052246094,261.3342532343233,257.36964985284914,260.5495940571549,8057930
2022-08-26,258.44329833984375,260.50820125712465,257.6999469017207,259.9713348753073,7224507
2022-08-29,258.980224609375,260.13654631062417,255.09818463080086,256.0480474259818,11798961
2022-08-30,264.7206726074219,265.4640241874967,259.5583881513092,259.5583881513092,18516092
2022-09-01,262.3253479003906,265.87698036201425,261.00382241565404,263.89469213490935,13765474
2022-09-02,266.90948486328125,267.8180665355072,262.69708882441705,263.2339553868557,26750910
2022-09-05,271.6174011230469,272.2368825291938,267.4050060925905,268.4374576514259,18144801
2022-09-06,270.2132873535156,272.5672643466169,269.59380594632364,272.5672643466169,12431779
2022-09-07,269.3460693359375,271.1631802716919,268.64399898764697,269.2634805235267,8397233
2022-09-08,272.4847412109375,273.06291527126564,270.50242640736667,271.74136334317825,11331350
2022-09-09,272.98028564453125,275.2929553629705,272.56728927625824,273.0628744473392,9770432
2022-09-12,273.3106994628906,274.5496363604841,272.56732161806275,274.2192549329338,9048240
2022-09-13,276.2015380859375,276.69709708202555,273.062875617502,273.9714309836329,10925371
2022-09-14,276.9861755371094,280.0009152997951,273.35192817916004,273.3932356660749,12739464
2022-09-15,275.9537353515625,278.39032746072826,274.9625650416018,277.8534348171276,8742900
2022-09-16,273.6410217285156,276.36668754934885,272.31947012691785,274.5082695161938,12973988
2022-09-19,277.19268798828125,278.2664471600607,271.8239444836186,271.8239444836186,14918717
2022-09-20,277.5230712890625,280.49653005595815,276.6971047033432,279.7944597669526,9892945
2022-09-21,281.61151123046875,285.1218619360744,277.1100427141573,277.52301283147,21800547
2022-09-22,284.9980163574219,288.0540638295993,281.5702800072844,281.65286881001447,25111230
2022-09-23,286.1130676269531,288.7148636938839,283.5526052286243,287.0216230226694,23718397
2022-09-26,274.7148132324219,285.7413740994733,274.0127429512819,284.8328187184961,16829922
2022-09-27,276.57318115234375,280.4552211049659,275.87111093252213,276.6970774368484,10375837
2022-09-28,268.396240234375,275.29299525331317,267.85934749553525,274.17795463392656,16151900
2022-09-29,275.0865173339844,276.61455442151623,270.7089173794172,271.7413692110747,18985406
2022-09-30,274.3843994140625,277.31657676720016,272.6911849859782,275.08646967922056,12906555
2022-10-03,267.94189453125,275.0451859223406,266.9920578666383,274.9625709433268,9462192
2022-10-04,274.9212951660156,275.8711318497507,270.91538480226563,271.49355878142114,9142294
2022-10-06,278.0599365234375,280.2487361859203,274.673507567667,276.6971034429115,23091432
2022-10-07,275.9537353515625,278.2251236833629,273.6410395311418,278.18381619474263,10910698
2022-10-10,270.79150390625,273.7649627746661,269.3047744720419,272.5673072579149,9750594
2022-10-11,269.51123046875,272.9389666779915,268.5200601682649,271.7413112906105,11018577
2022-10-12,272.64990234375,273.7649690779184,268.2310214320715,270.87409895119845,10735673
2022-10-13,271.4522399902344,273.6410395218355,270.91537352376776,272.5259991002834,7546587
2022-10-14,274.3017883300781,275.7885175422597,273.26933676114334,274.46699209903807,6672357
2022-10-17,274.4257507324219,276.49065436780756,272.2369507847434,273.47588773055065,7195922
2022-10-18,281.0746765136719,281.6528504493247,275.49944841618117,275.8298297826807,21691854
2022-10-19,286.07177734375,286.98033271098154,280.6617264534334,283.387392555128,16923690
2022-10-20,288.8387756347656,289.8712273837353,284.7915574492113,286.60866833905885,19186222
2022-10-21,285.4523010253906,291.72959990597735,284.54374564177084,291.72959990597735,28426343
2022-10-24,287.1868591308594,288.83879249649436,286.60868507059917,288.21931094010114,3292671
2022-10-25,286.03045654296875,288.6735337184043,283.8416570300089,288.63222623013723,17906260
2022-10-27,285.6175537109375,287.72373874395413,284.00692776838974,286.3195979371953,19273344
2022-10-28,285.6175537109375,287.930223879743,285.0393796244557,287.06297583858117,13572499
2022-10-31,288.0127868652344,289.4995162224048,284.7502280712986,287.43461288316155,14358449
2022-11-01,288.6735534667969,289.49952004883465,286.7738538875155,288.4670683655667,20422565
2022-11-02,292.9272766113281,294.24880229164387,287.8476066512364,287.8476066512364,17427813
2022-11-03,292.142578125,296.1071808091715,291.56440417344214,292.39037070096987,11149636
2022-11-04,292.0599670410156,294.0422814980806,291.15141170175997,292.39037459812306,8709851
2022-11-07,291.97735595703125,294.33135910335125,289.08648638133735,293.21629258172464,10437370
2022-11-09,297.9243469238281,298.54382847907294,291.7296360798615,291.9774287019594,21404869
2022-11-10,294.0423278808594,297.26357956529773,292.4730095340736,296.52022788733814,20071989
2022-11-11,294.3314208984375,298.1308465417395,292.92728021299814,297.346161210145,11372654
2022-11-14,286.77386474609375,294.82696723881736,286.27827954268247,294.33140821252437,18319254
2022-11-15,285.1632080078125,288.21925534997126,280.1248200675382,288.21925534997126,16046491
2022-11-16,284.2133483886719,286.4847367209948,282.18972645678036,285.53487389943587,7897812
2022-11-17,283.8829650878906,286.98031993201676,282.9744097611162,284.21334646334356,10379179
2022-11-18,281.6941833496094,284.7502308982674,280.6617316697377,283.8829830051067,8140173
2022-11-21,278.5141906738281,280.82688643696554,276.2015210878058,280.08353490002287,9553090
2022-11-22,281.03338623046875,281.6528676912749,277.27526850722194,278.3490276469138,6746019
2022-11-23,280.6617126464844,282.478823291556,278.7619870250983,282.478823291556,8067471
2022-11-24,281.4464111328125,282.8918331184242,278.80333359391636,280.66175198764506,8454385
2022-11-25,281.0746765136719,282.39622815678473,279.0097733402139,281.6528504493247,7200274
2022-11-28,280.86822509765625,282.27236570642077,279.79446589499196,280.8269176054745,10284123
2022-11-29,282.7265930175781,284.9566736555353,280.8268675497193,280.8268675497193,10582296
2022-11-30,280.826904296875,284.2546406719797,280.00093773220857,281.85935595842886,23425220
2022-12-01,280.4552307128906,282.2310338897691,278.1838162038997,282.2310338897691,17270904
2022-12-02,278.4729309082031,281.4876971310472,278.14254951321044,280.29004166922135,8711914
2022-12-05,278.142578125,279.877100259975,275.9950595709625,278.88592979592084,10090597
2022-12-06,278.5968322753906,279.34018388337773,275.9537548902143,275.9537548902143,6571118
2022-12-07,280.9095153808594,282.06583714281305,278.0599268457191,279.5879636603009,10191144
2022-12-08,279.50543212890625,282.60278770525423,278.76205422556427,280.9921617584684,6439244
2022-12-09,281.9832458496094,282.89180119697886,279.1749910060446,280.62041282855523,8445424
2022-12-12,283.469970703125,284.1307596357325,280.9095084813154,281.65286003696474,11646572
2022-12-13,285.4523010253906,285.78268242151444,282.809223679283,284.54374564177084,11105261
2022-12-14,285.287109375,286.8977351103185,283.9242762415949,285.7826945788267,7664099
2022-12-15,279.8770446777344,285.86524288227514,279.1749744641637,284.7502025087757,8469001
2022-12-16,276.7796936035156,279.9183296855148,273.64103134440154,278.76198180989985,12907968
2022-12-19,281.2398986816406,282.7679093295101,276.9861957719093,278.1838250316687,8113695
2022-12-20,280.95074462890625,281.61150727817784,278.1424902809462,280.8681558420252,5693354
2022-12-21,276.8210144042969,281.85937679089994,276.284147877286,281.652891678751,7316532
2022-12-22,274.5909423828125,278.67944197608153,272.4847313442147,277.2340199661604,6838031
2022-12-23,269.8415832519531,274.13659301903834,268.7265429591678,273.3106265818551,10461859
2022-12-26,276.36669921875,276.7796955641752,268.85046415112413,269.67640448774426,9934633
2022-12-27,275.1690979003906,277.85345662057523,272.69119810816125,277.19269381349454,6986433
2022-12-28,276.2015380859375,276.69709708202555,273.80622720019244,274.92129383990306,8035558
2022-12-29,276.9861755371094,277.3165569010839,273.8475133136792,276.1602090386157,8417520
2022-12-30,273.8475036621094,278.1425135966331,272.98025588438105,277.02744708326475,7228324
2023-01-02,274.9212951660156,275.8711318497507,272.2782178580357,273.31066952244794,6181118
2023-01-03,273.475830078125,275.3342481936164,272.7737598488454,273.80621144888335,6228015
2023-01-04,270.0893859863281,274.63216229648236,269.26341951799634,274.09529587176786,6947412
2023-01-05,275.4168395996094,275.7885284616498,271.08054807381785,271.45223693585825,8486143
2023-01-06,276.7384033203125,278.80330662983584,275.1277776917996,276.4493032448786,8603181
2023-01-09,279.2162780761719,281.9006628614671,277.64695993055625,278.30772271006634,11027747
2023-01-10,275.3755798339844,279.5053865963529,274.67350954312764,279.09239021384553,7217255
2023-01-11,274.0540466308594,276.779739173355,273.6410763974821,276.779739173355,4760847
2023-01-12,272.44342041015625,275.5407756869876,270.9979984184826,275.3755980647434,6894087
2023-01-13,271.5348205566406,274.42569024440866,269.59381366137814,272.4433758617799,14967746
2023-01-16,272.73248291015625,274.3843897904284,270.5436833888196,272.8563791983161,8571826
2023-01-17,274.4257507324219,275.4582025501147,271.82398052851454,272.7325360339146,14240647
2023-01-18,276.40802001953125,277.9773381472333,274.5496018183956,275.87112736233075,13039078
2023-01-19,274.3431396484375,277.2340097387525,273.9301432486104,275.8711504141537,8667564
2023-01-20,276.36669921875,276.8622843624142,271.9478189447949,274.2192072247305,13608325
2023-01-23,278.968505859375,279.29891345037254,275.0864915248994,277.5230839015149,7399204
2023-01-24,279.95965576171875,281.4463851037806,278.84461529945156,279.00979290572695,12776694
2023-01-25,280.2074890136719,281.652911075375,276.90362228328684,279.91838889505897,12978859
2023-01-27,285.78271484375,288.1367185517315,282.0658779057245,282.3136705252089,21850457
2023-01-30,284.79156494140625,290.5319978637795,282.3549724672283,286.5260870665607,14634225
2023-01-31,291.0275573730469,293.2163572360525,281.6942100555176,285.7827096716558,17794183
2023-02-01,298.50250244140625,302.05413539091774,271.8239609151385,291.5644403392269,67003785
2023-02-02,312.7090759277344,317.7474385902798,297.6765767540571,298.66772105292637,57892084
2023-02-03,314.4022521972656,315.7237777677234,307.257679322767,315.4347038656046,23153980
2023-02-06,316.6736145019531,320.63824324042014,313.53495226542634,315.9302629741873,26783409
2023-02-07,308.2901611328125,317.0866418304203,304.32555785670064,317.0866418304203,21438758
2023-02-08,310.1898193359375,311.635241026563,306.8859534537413,309.52903045323,10821785
2023-02-09,309.1161193847656,313.8654078652711,307.38159731824504,308.9096342719434,12318006
2023-02-10,306.7207946777344,311.3461600776877,305.85352066847634,307.42286491190487,10674456
2023-02-13,309.0748291015625,309.85948828025045,305.6057847753545,308.0836847985546,10282470
2023-02-14,319.1928405761719,320.18401098988426,308.7031194861325,309.7355973927891,30246745
2023-02-15,320.85595703125,321.4016217851001,317.79178430847446,320.4781768449944,12679568
2023-02-16,321.14971923828125,323.4163734032337,319.8484943108186,320.68799683880496,10151755
2023-02-17,321.86334228515625,322.8287716643076,318.3794315586062,319.8905256882678,7967611
2023-02-20,322.4089660644531,325.3052538338516,320.1003540216937,322.9546573517298,8105569
2023-02-21,320.8979187011719,323.9620914605294,320.4361962256067,323.20655768511017,8577674
2023-02-22,322.2410888671875,323.12254926502857,319.00903193362467,320.68801045477653,9306194
2023-02-23,325.3892517089844,330.7620369844762,321.61150291630275,322.7448435177751,19555814
2023-02-24,323.2904968261719,326.5645385687466,319.84854390951875,326.5645385687466,13407431
2023-02-27,320.85595703125,324.71764796537934,317.41400412221884,323.29049611026613,8455904
2023-02-28,316.2387390136719,322.576954138968,314.81161361444356,321.10784429036556,16997837
2023-03-01,317.91766357421875,319.34481521626765,313.63623525418024,314.1818999265662,8065784
2023-03-02,315.27325439453125,318.7991224382744,314.5596785768632,318.58925345804454,5212922
2023-03-03,323.1645202636719,323.54230039250865,315.7349774270894,316.49051107865483,8495772
2023-03-06,325.8509521484375,329.50277396052957,323.41641314241326,323.9620778799033,11126980
2023-03-08,329.4188232421875,330.0484569017967,323.29050424848003,325.725043388781,9261146
2023-03-09,325.3052673339844,330.4261984799356,323.7521888925352,329.16695791400014,10005328
2023-03-10,325.72503662109375,327.57192650942363,321.9472879541555,324.84357612206804,8684320
2023-03-13,322.07318115234375,328.15954154604185,321.1077784696601,326.7323898332363,9130473
2023-03-14,318.7572021484375,324.42379831258455,316.6584588867369,323.79419129774107,10623744
2023-03-15,318.50537109375,322.61891562561215,317.3300726560751,319.84855410474245,8748113
2023-03-16,320.2262878417969,320.9818481304396,316.3645973363221,319.5127119934485,16315136
2023-03-17,315.27325439453125,323.2065040536425,310.32020810934387,323.2065040536425,50787703
2023-03-20,318.00164794921875,318.463370411472,312.2930672313096,313.3844233266862,10512002
2023-03-21,316.44854736328125,318.0016258127998,314.01400849486106,318.0016258127998,12057999
2023-03-22,317.12017822265625,318.0436231202378,314.139947920916,316.44856016486983,4958761
2023-03-23,319.5547180175781,321.3176655373776,314.3078599013099,316.4905454279664,10127917
2023-03-24,317.91766357421875,321.5275005119195,317.3300144631462,320.2682600185091,10317108
2023-03-27,319.17694091796875,322.70283599148394,315.9448837369688,317.2880666567205,11232922
2023-03-28,318.7991638183594,320.9818759931685,317.45598088565663,319.17694399547383,9523719
2023-03-29,321.3176574707031,322.36702906761235,316.61646420259467,319.1769298348087,10551626
2023-03-31,321.94720458984375,322.78670703246354,319.0089859498325,320.68796422896673,9877493
2023-04-03,318.0855407714844,322.36699559876325,317.74974508806974,322.36699559876325,7331070
2023-04-05,324.3818359375,324.9275006639533,318.08557963436516,318.08557963436516,12055499
2023-04-06,325.1793518066406,327.65584858262633,322.53491726045695,324.591702641501,13394394
2023-04-10,326.186767578125,327.40405045770467,322.99666802959206,325.17938032358916,7044256
2023-04-11,332.4410095214844,334.2039571512757,325.72504135609034,326.18676383488474,18939829
2023-04-12,330.38421630859375,333.95209564371703,329.1669601754004,333.9101112023239,10122932
2023-04-13,332.1051940917969,332.9446967142466,330.51015773342004,332.02125181138524,6292395
2023-04-17,335.9249572753906,337.4780093303229,329.83859597233095,329.83859597233095,11466474
2023-04-18,334.5397033691406,337.47794898377504,333.2804628503284,335.7989704940616,9860308
2023-04-19,334.7496032714844,336.932288639274,332.4409645834719,332.48294902354615,10119480
2023-04-20,336.05084228515625,338.0236587472074,333.8681302200744,335.79898884640755,6924577
2023-04-21,342.72479248046875,343.35442601689675,335.0014385348951,336.05081002487003,14801099
2023-04-24,343.10260009765625,344.1939561128873,339.32485178856473,344.1939561128873,6212135
2023-04-25,345.4952087402344,347.17418742929436,342.0112714224472,343.1026275249201,9180650
2023-04-26,346.08282470703125,346.712431677691,343.3964324563322,345.87292911070205,7914219
2023-04-27,349.2309875488281,350.40628598350224,345.03350074102445,346.04088799669665,13100076
2023-04-28,357.2481384277344,359.51476613463143,347.30008736382564,350.9099245244589,13208557
2023-05-02,356.3247375488281,358.4654388022184,353.5963604694285,357.62596272189217,10648421
2023-05-03,358.5913391113281,359.7246796272577,354.30991031392773,355.9469311197148,7607609
2023-05-04,356.4506530761719,358.4654275329511,355.9469461589209,357.03830227759386,8292456
2023-05-05,359.9345397949219,362.57894772161086,356.2407602648026,357.58394314626037,12890455
2023-05-08,362.201171875,363.88017710294014,360.4382509736069,361.82341831390767,7522610
2023-05-09,355.77899169921875,363.62829937621586,353.848159761522,363.3344881143071,10377820
2023-05-10,357.0802307128906,357.9197333038093,354.4358228273012,355.9049324068264,10130159
2023-05-11,352.92474365234375,358.80123542986723,351.66550301604906,358.67530870562666,16597954
2023-05-12,352.9667053222656,354.855552851783,349.2728993263859,352.92472088152385,11564770
2023-05-15,359.13702392578125,359.89255764989645,351.79142265487985,352.5889408216,9503538
2023-05-16,355.90496826171875,360.9839421544759,355.52721467294293,360.9839421544759,8302077
2023-05-17,358.96905517578125,360.10236888320355,354.7715694086254,356.07279425342074,9844782
2023-05-18,352.3371276855469,363.04071401212815,350.9939446418551,360.9839549991824,24919291
2023-05-19,352.4630126953125,355.19138951321884,345.327280453651,353.38645758005697,26759905
2023-05-22,356.5765686035156,357.4160446310784,351.83339069600646,354.2259718716724,16015615
2023-05-23,360.2703857421875,361.99134902627384,356.11488319146616,357.6259774468298,9068926
2023-05-24,363.9221496582031,364.9715212398601,358.4653961486987,359.5567521718216,11921823
2023-05-25,370.3442687988281,371.43559810661037,365.0134425411715,366.8183742518995,18905572
2023-05-26,372.40106201171875,373.3664913098744,368.95913601863043,372.233150853127,13496209
2023-05-29,377.018310546875,379.2849650000539,372.8208239793013,373.57638433239805,20589822
2023-05-30,386.1734313964844,387.5038840272775,378.5340810421522,378.5340810421522,19627897
2023-05-31,382.3966369628906,387.97595767203387,379.7786593147629,385.6583907555271,14821960
2023-06-01,377.4182434082031,383.6842413870993,376.81739465959294,383.6842413870993,9142172
2023-06-02,380.5940856933594,381.881637964553,377.5040146499432,377.6756973540104,9558309
2023-06-05,378.2336730957031,383.5554840410403,377.76157959607434,381.9675208133215,7427630
2023-06-06,380.0791320800781,380.76580856133046,378.01907543259387,378.36241367322003,6703067
2023-06-07,381.0662536621094,382.5254344111713,380.03621171720954,381.1091539406617,7833952
2023-06-08,380.1649475097656,382.61126980001274,379.30658833417493,382.568342319929,7294955
2023-06-09,376.3452453613281,381.70995582008555,373.51268476799805,373.51268476799805,7329661
2023-06-12,375.0577697753906,378.491179481239,372.3968643315873,377.6757477365194,9054977
2023-06-13,382.310791015625,383.1691500995419,376.21647688465555,378.53404369085877,16732376
2023-06-14,381.538330078125,384.3279634120257,380.8945538913721,383.0404382422464,9039402
2023-06-15,384.62841796875,385.18633921886635,381.7529295500169,381.9675125536211,7787525
2023-06-16,388.920166015625,391.0660503441356,384.4567146426835,385.40090157093005,12181426
2023-06-19,389.3493347167969,391.32356354688983,388.19056478835836,390.3364491318434,4350517
2023-06-20,388.7055358886719,390.37929934637066,386.3879691252716,390.37929934637066,4644353
2023-06-21,383.72711181640625,389.8643540714859,382.01042067086826,387.975980209531,6292873
2023-06-22,384.2420959472656,385.95881413204916,382.6970604624499,384.54250666755473,6892713
2023-06-23,381.7528991699219,384.24212166183725,379.99328059518047,384.11336642917564,6325479
2023-06-26,382.5683288574219,387.4609460620195,381.10912103063964,383.5983435096489,5688287
2023-06-27,382.0533142089844,383.8558602828028,380.3795233692762,382.9116733684778,5052984
2023-06-28,385.7013244628906,386.7742665852522,381.5383112044259,381.9674771718805,12548096
2023-06-30,387.63262939453125,387.93304013384915,383.34083366071934,386.2592493189664,9456776
2023-07-03,397.6324462890625,399.9499860582149,386.3021762961916,387.6326288913875,11111199
2023-07-04,400.2933654785156,401.7096731766668,394.67117098382835,399.1345954746655,8022597
2023-07-05,407.8039245605469,412.5678138010311,398.53371095448574,400.29332954380067,16878943
2023-07-06,406.7739562988281,409.778200088993,403.85556747676003,409.7352726049446,9835812
2023-07-07,402.052978515625,408.147293213273,401.3662748624045,406.0014089058079,7605499
2023-07-10,399.8641662597656,404.1988623491033,398.0186926997213,403.42633094153337,6772454
2023-07-11,406.1301574707031,407.3318276357208,399.9929153943561,399.9929153943561,8783282
2023-07-12,405.4005126953125,410.07851926245405,403.8125497887183,410.07851926245405,12816220
2023-07-13,405.14306640625,409.22025219887996,404.28470720721316,406.7739298418112,8214385
2023-07-14,405.9155578613281,407.718103961429,404.58510522527325,406.00141282113736,5277090
2023-07-17,405.44342041015625,408.40473610914245,403.94131242490107,407.28889378994376,6325310
2023-07-18,405.5721740722656,407.03138178038427,404.28464906075277,405.6151015473479,5558415
2023-07-19,411.02276611328125,412.39611896102673,401.7954530539886,405.7867835710082,14401395
2023-07-20,422.4388732910156,423.76932589488507,408.83396371516045,411.92403489665855,21030102
2023-07-21,420.9796447753906,427.2027143115705,418.0183289722278,422.1384146106013,14510084
2023-07-24,404.5850830078125,428.9194404210098,401.8383501304543,423.55470269148583,40477929
2023-07-25,396.8170471191406,402.1388307320241,390.89438757174213,401.62380976171266,45211370
2023-07-26,405.357666015625,406.0014422422148,396.6024453526449,399.0487678099579,18842179
2023-07-27,399.177490234375,407.8468552185177,395.78698105932125,407.203106248586,14528232
2023-07-28,402.09588623046875,402.95424541008026,397.7612172595792,401.45213724855495,10362522
2023-07-31,399.73541259765625,403.16882205833537,397.847038754469,402.5679733624371,8510403
2023-08-01,398.9628601074219,402.43916942327365,398.10450104520106,399.9928746598532,6686176
2023-08-02,394.9286193847656,398.96290470782736,393.12607331371055,398.7912219947016,10715605
2023-08-03,391.4523010253906,398.0616092694034,389.9501657308603,394.92861065300184,11026824
2023-08-04,390.508056640625,396.04444953587483,389.90720801016164,391.6668536303406,7097614
2023-08-07,390.4651794433594,391.8814597552039,387.074670427447,389.7785030261726,9513953
2023-08-08,388.2763977050781,392.26775569479224,387.160528038295,392.26775569479224,6638681
2023-08-09,393.6840515136719,394.75699374163827,383.59837824855066,388.27641289137904,10134166
2023-08-10,387.7613525390625,394.24193273120994,385.4008853179906,393.8985945175745,13702317
2023-08-11,385.1863098144531,389.6068336069002,381.75290040770386,389.6068336069002,12028396
2023-08-14,385.57257080078125,387.3321893597199,382.01040620449373,385.18630510626537,7854074
2023-08-16,386.4738464355469,392.61108871575766,384.71422780276777,387.1176226200887,15494896
2023-08-17,378.5340881347656,386.25926638958845,377.6757289500683,386.25926638958845,16896158
2023-08-18,379.0920104980469,380.5512183960282,376.38820490169604,378.5340892680003,20068497
2023-08-21,384.3708801269531,384.97172881651846,378.83448668712066,379.392435101255,9940689
2023-08-22,389.9072570800781,390.67978850377847,383.6842142287713,385.400905386339,10234488
2023-08-23,386.6455383300781,391.10896263642394,385.0575751730007,391.0660623589204,8770272
2023-08-24,387.03173828125,389.26345005518573,385.658358356251,386.77422784508,6322751
2023-08-25,380.55120849609375,387.1176166624597,379.43533886130297,387.0317889070838,9628041
2023-08-28,378.87738037109375,383.55541423659986,378.53404217964237,381.9674512978794,7176903
2023-08-29,377.76153564453125,381.1091172355908,376.9890314639849,380.2078578243325,9845106
2023-08-30,380.0791320800781,381.1091468019567,378.1049031918186,378.5340963953967,7648569
2023-08-31,377.4182434082031,381.88169514126866,374.32817190213024,380.2508044214819,20666732
2023-09-01,378.57696533203125,381.9674743835826,376.21649812081193,377.67570592546565,11879159
2023-09-04,375.52984619140625,380.5512188793833,374.8002422414889,380.5512188793833,14128562
2023-09-05,380.33660888671875,381.53830622437647,376.3881786635184,376.73151687374565,8701612
2023-09-06,384.0704345703125,384.97172118866524,379.39242758395017,381.0662183857372,13358433
2023-09-07,382.74005126953125,385.4009295313947,381.62418154440905,385.22927400674706,8401953
2023-09-08,379.95037841796875,384.4567302500349,379.26370193386344,384.4567302500349,10322317
2023-09-11,383.8558654785156,384.6283968936341,379.950362534242,382.8258507954172,9679540
2023-09-12,387.2463684082031,389.9501739098533,382.4825063700108,385.3150671054277,14961276
2023-09-13,389.26348876953125,392.26773215076497,387.2034322790102,388.147619169723,12268130
2023-09-14,386.21630859375,391.323535820513,383.81294115046234,391.323535820513,14986708
2023-09-15,384.8429870605469,388.0618136094338,383.68421711999105,384.58547658403967,15657801
2023-09-18,388.01885986328125,389.6926506435505,382.9974875224736,384.8429610100351,8513132
2023-09-20,388.7913818359375,390.63682807513425,385.8729663086368,387.7184397515577,10343224
2023-09-21,384.11334228515625,389.30636992909905,381.53829220123356,388.6626210099802,11132308
2023-09-22,380.33660888671875,384.88588777874793,379.6070049885891,384.1133564029431,7795399
2023-09-25,379.9074401855469,381.79581406526216,376.2594476637083,380.33663337876266,6005673
2023-09-26,379.7786865234375,381.538332376587,377.4182191640011,380.76580094782963,5533023
2023-09-27,385.5296325683594,386.08755375350273,376.6456850646556,379.7786564006256,10894817
2023-09-28,378.31951904296875,386.21635310270807,377.33240458410353,386.21635310270807,10610213
2023-09-29,381.45245361328125,382.48249545401796,376.98902964917204,379.39242433925773,8474326
2023-10-03,377.4611511230469,380.1649567483239,377.0319579229584,378.5340933176777,7770032
2023-10-04,374.328125,379.13491438660606,371.9247303066969,377.46112359689323,13912656
2023-10-05,374.2851867675781,378.1048616803135,373.4268548621111,377.67569572758,10416552
2023-10-06,379.5211181640625,380.7657428748817,374.8001841652087,375.83019870939796,8742804
2023-10-09,378.0619812011719,380.42244847223975,375.31524823018594,378.4911471763749,5827256
2023-10-10,381.45245361328125,381.8387193035575,378.0619717641228,378.0619717641228,5207891
2023-10-11,384.7571716308594,385.78718636616406,381.7958282598694,383.85588493420624,7946195
2023-10-12,386.860107421875,388.4051430421808,382.95460449328624,385.95884797824914,12227957
2023-10-13,384.8429870605469,387.8043031329266,383.68421711999105,386.1305122393563,7926432
2023-10-16,385.3580017089844,387.11762033136023,382.9975071821044,384.5425428121438,4377288
2023-10-17,389.2205810546875,390.12186771668456,385.40090581968064,386.08758228347983,7203352
2023-10-18,387.6755676269531,393.29778930443706,387.11764636860767,389.90727986406307,7160492
2023-10-19,386.6026306152344,390.46523360420406,383.5554865889753,386.0447093493473,9830006
2023-10-20,376.21649169921875,385.40087713097085,375.40106005869103,381.9674678638267,13521824
2023-10-23,374.15643310546875,377.632769829808,371.75306567489804,375.95897908119,7555671
2023-10-25,371.40972900390625,375.9590081702813,366.56003908686273,375.0148212342857,11308597
2023-10-26,372.8260498046875,374.75732402155757,368.7059364802493,368.7059364802493,19525305
2023-10-27,372.31097412109375,374.928951643101,370.980521622353,372.82599501188975,13638258
2023-10-30,369.4784240722656,375.22937296590027,367.67587810725513,372.9976610489118,7911426
2023-10-31,367.71875,371.9676177337881,367.28958408114477,369.0921299070364,8952141
2023-11-01,367.4613342285156,370.03638462181203,365.22959487034984,369.09219766402157,8297973
2023-11-02,370.0793151855469,371.40974067080435,367.93343077201723,369.135128219892,8465990
2023-11-03,371.8818664550781,372.8689809880856,370.03641984508636,371.49562790192704,14334179
2023-11-06,373.6843566894531,374.9289815402163,371.2809891494467,372.0964208224146,7589690
2023-11-07,371.40972900390625,373.2981300796239,370.93763553590844,373.2981300796239,5321353
2023-11-08,375.0577697753906,375.52986326989816,371.0664116096857,371.7960155927843,7248663
2023-11-09,372.86895751953125,375.959028972627,372.43979150805103,375.78737344952606,8085620
2023-11-10,374.71441650390625,375.9590142105664,371.23807945474016,372.86894287880256,4236307
2023-11-13,374.2423095703125,376.3023389149238,373.3839504081949,376.3023389149238,3888975
2023-11-15,379.3494873046875,379.8215807352238,375.5298123835396,376.04483329093347,7722827
2023-11-16,376.5169677734375,381.5383405568395,375.61568108723014,379.3495286654918,11276031
2023-11-17,377.0318908691406,378.96319191674627,376.2164592988392,377.0318908691406,6911592
2023-11-20,374.928955078125,377.9331982957535,372.95475365152544,377.5469326241177,4502356
2023-11-21,374.4568786621094,377.07485632698126,373.81310251348316,375.22938283673597,6228803
2023-11-22,377.4182434082031,378.0190921568133,373.21230216793174,375.10070338051264,5074887
2023-11-23,377.9761047363281,379.6069951974984,376.1735859800582,378.4911256402476,6611803
2023-11-24,375.787353515625,379.6070287486021,374.971921814831,378.5340865730886,7084608
2023-11-28,373.5985107421875,376.8173370021395,373.2981000157129,375.95897789207413,9082513
2023-11-29,375.2723083496094,376.38817793347715,372.6543306984454,374.2422937209255,14316126
2023-11-30,374.0705871582031,376.3452264547424,372.9547448492221,374.84311848324194,15710110
2023-12-01,386.0875244140625,387.0746386851475,375.4439592093255,375.8731251339421,20081576
2023-12-04,389.735595703125,391.752724785251,387.1176179239576,390.55102739116836,13293194
2023-12-05,387.7613525390625,392.95440762914575,386.3450722064194,390.5510129299725,12603697
2023-12-06,397.6324462890625,398.70538842019147,388.061794862349,389.60683044302573,21203900
2023-12-07,393.2119140625,398.962890290366,392.6110653938614,398.9199628127044,11746535
2023-12-08,385.5296325683594,396.216153262856,384.97171138321596,394.7998457558044,19386851
2023-12-11,388.3622131347656,389.3493275315955,385.65840761706403,387.5467814518858,6854157
2023-12-12,388.920166015625,394.8427980571218,388.27638983558137,389.86435294387155,10549319
2023-12-13,391.1089782714844,393.8557114943193,388.92019351204266,391.66692673487756,11718443
2023-12-14,394.9286193847656,395.7011507882431,385.7871609993032,394.84279163006556,14924265
2023-12-15,393.2977294921875,397.3749148156606,390.55099669356895,396.47362823907736,16397959
2023-12-18,387.6755676269531,391.4094153189034,386.55969790653415,390.5510560880987,12490839
2023-12-19,391.4952087402344,393.1260720931,388.0188718428308,389.1347414653695,10664235
2023-12-20,387.11761474609375,394.19901661338577,385.6584068932969,393.98443362414525,10766954
2023-12-21,387.5038757324219,389.47807729462164,381.49538888446534,385.40089173377436,11584223
2023-12-22,390.72271728515625,391.32356599323725,386.73135932353364,388.834316199954,11450973
2023-12-26,391.7956848144531,393.89864182694373,390.2935493451927,391.45234655958086,6097422
2023-12-27,392.35357666015625,393.55527406397204,389.478088387006,392.26774890380545,7833901
2023-12-28,398.362060546875,398.8770542846564,391.4952144071042,392.4394013307172,21493169
2023-12-29,396.6453552246094,401.6238004767668,396.0015790266033,398.3620736168077,13384631
2024-01-01,401.7525329589844,403.3834235003086,397.1174262070781,397.8470301222474,9706230
2024-01-02,403.7267761230469,404.5851080974229,397.93287207365034,403.4263381690342,10924918
2024-01-03,409.6493835449219,412.610699407938,402.8683926924601,403.6408968636394,24961710
2024-01-04,408.9197998046875,413.25449592440776,407.03142595569284,412.00987104917436,12240910
2024-01-05,406.8168640136719,411.494898602191,405.1430730693269,411.494898602191,9564086
2024-01-08,399.56378173828125,408.1473195214147,398.74832279775234,407.71812631002143,8311403
2024-01-09,398.748291015625,403.3834249883553,397.9757868226536,401.2804409887197,5916180
2024-01-10,397.67535400390625,400.63669719235435,394.8857207330158,398.74829615510856,6123200
2024-01-11,397.117431640625,400.4650133189814,395.7869790243903,398.3620565020552,6786448
2024-01-12,400.59375,401.4521091194677,395.14321175715304,397.6324341610022,9714589
2024-01-15,401.3663024902344,403.8555523975188,400.07877725787444,403.42635918424696,7167978
2024-01-16,405.4005126953125,407.71805224165365,398.49076712330265,401.53791051311356,12531058
2024-01-17,400.5079040527344,409.43477864142636,399.3062067808217,404.6279895537756,11536527
2024-01-18,399.56378173828125,401.5809109410194,390.16478501461893,399.3491715307208,9495938
2024-01-19,404.7138366699219,406.00138895410885,400.33624051486,402.1817139863782,12673308
2024-01-23,394.2419128417969,406.64512419993554,391.7526905157267,406.64512419993554,8728196
2024-01-24,397.9328918457031,401.1946460030682,393.2119569371608,394.9286481749363,22459072
2024-01-25,391.1089782714844,399.09166744976585,388.0618342792077,397.88999716827067,20435547
2024-01-29,386.0875244140625,392.4822762354172,384.1133230756149,391.3235064759745,18557346
2024-01-30,376.0019226074219,389.43514944296885,375.4440014019763,383.68420026968823,45190319
2024-01-31,379.00616455078125,379.8215962182456,376.5598423446629,377.6757119549288,20648695
2024-02-01,380.1649475097656,384.3279609474678,377.07487624062026,379.3924432943424,19903526
2024-02-02,377.76153564453125,383.85585015123644,377.2465419254087,381.9674763724285,17816750
2024-02-05,376.0019226074219,380.8087120811852,374.71439748515684,379.39243172632115,12505666
2024-02-06,370.29388427734375,378.44822842023024,368.66299368578547,377.6757242063142,19487043
2024-02-07,370.63720703125,373.3839399508634,369.7788478931724,373.3839399508634,13376903
2024-02-08,361.260986328125,373.9406232696203,356.07584440751333,373.85348568627575,50039587
2024-02-09,362.0888671875,369.67052751049914,356.07584909868194,357.3830233416138,33527317
2024-02-12,354.55078125,364.2674916906546,353.8536253524433,363.8753311411971,11326971
2024-02-13,354.4636535644531,357.99304337034437,351.4571445057712,354.5943737512555,16207766
2024-02-14,358.64666748046875,359.25668585200435,352.41576356986315,353.81010311289634,12618012
2024-02-15,351.9800109863281,361.2609781597971,351.3264100788086,359.91022136351324,21169031
2024-02-16,352.5900573730469,356.9037408495518,348.0584884974271,352.93863534518886,38963810
2024-02-19,356.64227294921875,359.692364493742,352.59003016919024,352.9386081144379,17602580
2024-02-20,353.897216796875,357.68804696525905,352.3286021787309,357.68804696525905,14626643
2024-02-21,351.500732421875,357.3830304413687,349.714232381529,354.6815166984585,20162369
2024-02-22,361.1738586425781,361.7838769804783,351.5878680265273,354.5943771137186,19321180
2024-02-23,358.51593017578125,362.43745298945976,357.73160904171374,362.43745298945976,11576964
2024-02-26,356.5987243652344,359.9538113149577,354.94294457199726,358.2544765395862,8289561
2024-02-27,358.29803466796875,359.69237410510254,356.03226415387263,357.29588340568495,8083518
2024-02-28,355.81439208984375,359.34378171395946,354.50721790803016,358.29802027340105,8949664
2024-02-29,354.07147216796875,358.21088006238347,352.50285763753504,356.42440777306143,15468800
2024-03-01,356.86016845703125,360.04098051981117,355.11727854645085,356.337315293301,12873024
2024-03-04,356.5115661621094,359.86668079658443,355.94513043216057,359.25666246476044,7103794
2024-03-05,353.9407653808594,358.5159165850442,352.02357283988704,356.99085697735416,10108373
2024-03-06,355.4222717285156,357.25232683748783,349.19139545598193,354.245817593779,11534613
2024-03-07,360.3895568847656,361.60959362614113,351.76216210472074,355.4222723288473,23907135
2024-03-11,356.7730407714844,364.5289770408403,355.55300399076174,363.22180266689134,18298683
2024-03-12,352.4593200683594,354.245792445932,348.0148889968415,354.245792445932,36226074
2024-03-13,368.14544677734375,381.6965418107758,367.01257538721455,379.0821934747563,105525827
2024-03-14,365.7054443359375,370.80344943423944,364.26754971111734,367.709802384273,31949569
2024-03-15,365.22613525390625,373.4613697646107,361.87104789588255,363.57038287805614,76074975
2024-03-18,363.7882080078125,366.62044193009535,363.3089098568447,365.13896487478166,16547358
2024-03-19,356.90374755859375,365.6182798826193,356.1630089967851,364.2675229533733,21803126
2024-03-20,362.2632141113281,363.09109031208556,356.90376868157074,357.2959292878945,20364534
2024-03-21,367.0997314453125,367.75330475277406,362.69888298530844,365.13895628515684,19968509
2024-03-22,373.5049133300781,374.419927016119,367.0997346711346,367.0997346711346,40358503
2024-03-26,372.6770324707031,374.0277893005211,370.8469775031,370.8469775031,10669833
2024-03-27,372.9820251464844,373.7663462493522,371.6312683263577,372.1105664607041,12698464
2024-03-28,373.28704833984375,377.55714895063414,372.1105666848334,372.98202537113855,29009002
2024-04-01,371.84918212890625,375.9014252800758,371.02127836187066,373.94064999194785,9743648
2024-04-02,371.1083984375,373.592026579895,370.01908203422835,373.592026579895,9194659
2024-04-03,370.5419921875,373.67924932140846,366.8819094992353,371.23917578330645,13152268
2024-04-04,368.40692138671875,372.4156094618312,365.9232929984776,370.84699479060345,19065447
2024-04-05,372.58990478515625,376.20643221522545,365.96684064487147,368.1890562257562,16768902
2024-04-08,373.9406433105469,375.94500116709133,372.76418920624536,373.24348736865613,8844633
2024-04-09,371.54412841796875,376.03211438370613,370.8469725212621,375.1171007216393,6967273
2024-04-10,380.7815856933594,381.5223242781882,371.0212915110397,373.24350726552603,14547618
2024-04-12,374.81207275390625,379.73580180355174,373.24345819780376,379.0822008973071,18785009
2024-04-15,371.1519470214844,373.98418066873637,368.5375987462391,372.9820018617095,9083087
2024-04-16,371.1519470214844,372.11054323033323,368.79903909754034,368.84259407683487,10357752
2024-04-18,365.00823974609375,372.0234367437925,363.96250587237773,371.2391432432269,22133191
2024-04-19,370.14984130859375,371.45701560681107,362.52462568029154,364.26751553828564,17221280
2024-04-22,370.629150390625,372.6334806910874,368.9298154672141,372.11059990884166,7386048
2024-04-23,374.0278015136719,375.1606729933093,370.45482904533475,370.62913183698697,12484384
2024-04-24,373.7663879394531,375.4221402938995,373.24350714588553,374.0713833231087,6070285
2024-04-25,381.3044128417969,381.95798612312706,373.8534730548878,375.5963903762039,30337038
2024-04-26,383.4394836425781,386.31527251993987,380.30225439111325,382.78588270732047,15342965
2024-04-29,381.87091064453125,385.57457603103137,378.7336810510775,385.1824430460164,12075706
2024-04-30,379.64862060546875,383.87516597072283,379.1693225007147,383.3958678659688,12528665
2024-05-02,382.5680236816406,385.70525292282576,378.9514962957991,379.9536751869483,24123523
2024-05-03,380.3458251953125,383.4830821961626,375.9014215073461,383.4830821961626,23786388
2024-05-06,378.8644104003906,383.83169531311324,377.64437357137876,381.6966170528977,10753860
2024-05-07,383.7444763183594,388.6682055521619,379.2564902446458,380.73796727495403,26969062
2024-05-08,384.3109436035156,387.5353104505702,381.87087026244257,384.52880137635015,10916481
2024-05-09,370.454833984375,384.74666881049484,368.9298019173525,383.4830771249932,24314298
2024-05-10,377.644287109375,380.2586353621918,371.67482453548735,371.67482453548735,14524604
2024-05-13,376.3371276855469,379.47435675904427,374.2891874108763,377.5571366640098,7584217
2024-05-14,374.4635009765625,377.6007301404288,373.4613221101125,375.1606568754472,11423749
2024-05-15,372.8077392578125,377.5571378637732,371.89269799745216,375.3785050214278,7856433
2024-05-16,375.9885559082031,376.9907348358264,368.5376430939357,374.7249642167052,23911954
2024-05-17,380.21514892578125,381.26088289164886,373.7663870890437,376.8164790131012,11894830
2024-05-21,378.9079284667969,380.91228632724113,377.5136165803025,379.9536900005545,11175153
2024-05-22,383.35235595703125,385.13882840102065,379.4308054819888,381.1301403386556,11036895
2024-05-23,384.6159362792969,387.70961053618345,380.4329731658347,384.65951888111425,27244733
2024-05-24,380.1279602050781,385.5745427258716,379.34366668390487,384.310951047624,13252938
2024-05-27,376.0321350097656,382.48089645524146,375.33497907481865,382.3937588680947,12282545
2024-05-28,373.8535461425781,376.9036382417265,373.19994511458566,376.5550602330938,9668761
2024-05-29,375.5528564453125,376.81647580985464,370.80342960528895,370.80342960528895,10832067
2024-05-30,369.3655090332031,375.55282998521824,368.0583347743574,373.4177796163997,21314885
2024-05-31,371.63128662109375,374.3328003943377,369.7140939893284,371.8927270015866,29300711
2024-06-03,375.0299987792969,378.9951323007733,373.5485491536301,378.21081107051765,16116836
2024-06-04,368.4967956542969,378.34825137293643,357.5359728112726,378.0819920118962,47791986
2024-06-05,381.8983154296875,386.95715897011706,371.0262361922414,374.5319094827672,28197030
2024-06-06,386.42462158203125,388.4658963975464,382.60830317461443,386.95714028519546,32318523
2024-06-07,389.7528076171875,391.9715980453364,382.60830356366677,382.8745629155196,29543660
2024-06-10,387.75592041015625,391.3947516185539,386.82404073501334,390.50722975348344,11872688
2024-06-11,384.29461669921875,388.55471053198954,383.6289963758289,387.844704269185,13158571
2024-06-12,383.6733703613281,385.53715797573835,381.80958274691795,382.1202280799728,10751658
2024-06-13,381.8983154296875,387.7559089354638,381.4101826375395,387.7559089354638,9641349
2024-06-14,382.6527404785156,383.3183608188586,380.78895289520483,382.51961078485255,9572809
2024-06-18,380.5226745605469,385.3596448481991,380.0345417507453,384.29460735192566,14641141
2024-06-19,375.996337890625,382.2976782837194,375.4638191590513,381.6320579972225,11329972
2024-06-20,375.6856994628906,378.5257525366393,374.08817136690516,376.351347889539,15147549
2024-06-21,372.40191650390625,377.46076039319195,371.47000866410593,377.1945010103919,26176371
2024-06-24,375.6856994628906,376.26257601400545,372.7569026415791,372.7569026415791,9723008
2024-06-25,375.6856994628906,376.3069619517722,372.53502920868647,375.41944009223124,10655609
2024-06-26,376.2625732421875,378.43700600124004,374.5763014110614,375.41943732662446,11511714
2024-06-27,377.72698974609375,379.19138810710024,373.73315557755257,376.2625632571175,38438054
2024-06-28,377.105712890625,379.8569938905909,375.86318800239445,377.63820346560334,18554411
2024-07-01,380.7889404296875,381.8539498161556,376.8838497566948,378.3482763390493,13391362
2024-07-02,377.63824462890625,382.20895565283456,375.02006489132174,381.6320790804071,11177863
2024-07-03,380.1233215332031,381.3214607021172,377.63827131028984,378.1707901089066,7435499
2024-07-04,380.7889404296875,382.9633451417158,379.0138966576025,381.6320763766379,9478861
2024-07-05,384.87152099609375,385.1821381877556,379.5020318353326,380.7445568579234,13427543
2024-07-08,393.7023010253906,394.54543698466966,384.8715242308732,386.20279301541757,21311436
2024-07-09,401.68994140625,403.8199883358948,394.0573037136591,397.25236004414035,27489709
2024-07-10,400.6692810058594,404.13059639943066,396.27605786049696,402.6661699323303,12065662
2024-07-11,407.0594177246094,407.81380990765183,398.22861309156133,399.38239433526815,19556596
2024-07-12,407.4144592285156,411.14203455660714,404.5744058539659,407.0594560726936,19693114
2024-07-15,411.2751159667969,413.98203932408734,405.77249737770325,407.41441139257415,16876907
2024-07-16,413.1832580566406,414.24829551887325,409.5000691316833,411.31947062570373,13497253
2024-07-18,417.3546142578125,417.9315189735093,410.6094983275924,410.92014365573266,21907158
2024-07-19,421.1708984375,425.47537796795797,416.6001876694199,418.02022824325525,25939326
2024-07-22,414.0707702636719,425.51972582046176,413.4495078011498,421.2152745186909,18762384
2024-07-23,436.8355712890625,441.4506680930601,413.93765914854197,414.07078883419376,56125835
2024-07-24,438.47747802734375,453.210261927794,435.4599375014016,440.20813578403585,43693692
2024-07-25,434.83868408203125,440.20814495659073,430.13484351054876,434.8830418921205,18567567
2024-07-26,445.7107849121094,449.438331919922,432.57552818447857,438.47750808548517,21534703
2024-07-29,440.2525329589844,449.2608250855603,438.47748921984754,448.63956258965953,12978187
2024-07-30,434.7942810058594,441.80565564865844,433.6848857498221,440.47438696700766,13891052
2024-07-31,439.63128662109375,441.9388210644049,435.3268349298526,437.057492794329,11982586
2024-08-01,438.1669006347656,440.8738242304474,435.72620830215726,440.1637898116665,12114803
2024-08-02,434.0843200683594,443.2701002450131,430.26800111466224,430.26800111466224,22141163
2024-08-05,431.3329772949219,436.56933654734354,425.60848524167875,426.0522602329523,25022076
2024-08-06,431.5992736816406,436.3918583538408,429.602356369564,431.5548877403152,14251363
2024-08-07,437.2349548339844,439.8531344481693,433.19676276137596,434.8830345877464,11320399
2024-08-08,439.0987243652344,441.9831632296735,437.1018073150819,438.4331041004964,21349889
2024-08-09,440.1194152832031,441.98320282176905,437.6343652317819,441.98320282176905,9556181
2024-08-12,438.96563720703125,443.7582217148487,436.65810276874254,436.65810276874254,9425644
2024-08-13,434.8830261230469,441.8500429794937,433.3298840108808,440.1637430579755,8056478
2024-08-14,436.8355712890625,442.87070869735584,434.7942963223527,436.61369785563306,9609981
2024-08-16,446.1101379394531,447.48579265284656,437.23497527546624,438.87688936925474,13643352
2024-08-19,445.0451354980469,452.01212479668385,443.40322137860943,447.97393247220106,10591508
2024-08-20,442.6932067871094,446.7757849749655,441.7169411474016,444.645738066525,6888634
2024-08-21,448.5508117675781,451.7458679452625,442.91506345507685,443.75819937308097,8801221
2024-08-22,447.7964172363281,451.3020905746001,445.0451079369473,450.72521402910553,8686423
2024-08-23,448.9058532714844,449.9264767710972,443.7138795067736,448.24020479089086,8195369
2024-08-26,448.81707763671875,450.85838087482534,445.5332774585128,449.08333702673025,8126402
2024-08-27,444.2907409667969,450.50336614741735,443.7582222004659,450.4589802075658,8260450
2024-08-28,441.3619384765625,445.79951979911414,440.65193221566744,444.11321976952377,8081932
2024-08-29,448.2845764160156,450.5921108617591,441.4063027627872,441.9832074702022,19389694
2024-08-30,445.44451904296875,451.87901762056,443.9357346345459,445.4888768545288,15523349
2024-09-02,452.6777648925781,455.20720087112886,446.6870413627012,447.30830387252314,16497266
2024-09-03,452.1008605957031,457.91409626795934,450.76959190714877,452.67773713088366,12481552
2024-09-04,449.39398193359375,452.6777821087004,443.7138753786177,443.75823319159593,8739052
2024-09-05,453.69842529296875,454.3196878148697,450.01523610168874,451.16898926523896,11318636
2024-09-06,445.2669982910156,454.40842025952134,441.2288060631329,454.40842025952134,14245025
2024-09-09,454.1865539550781,454.98530397420916,444.06886619293823,445.5332646679885,14265060
2024-09-10,455.82843017578125,457.0709269769429,451.5239507318818,454.31964588641193,11332248
2024-09-11,456.49407958984375,461.06479055779437,454.36403269993195,455.29594052025584,15497555
2024-09-12,461.0647888183594,461.95231069647195,451.3464903537594,457.15972630822966,19085324
2024-09-13,456.0503234863281,461.50852809733834,454.4084094452432,461.06478122957145,9165077
2024-09-16,453.60968017578125,458.84601159207153,452.36715513571806,457.8697459360179,7821668
2024-09-17,450.636474609375,455.78406201482926,449.30517775626555,453.56527143027444,10889862
2024-09-18,450.2814636230469,454.76343093157726,448.2845745094767,450.72523863670733,5638729
2024-09-19,451.0802307128906,456.89346666395045,450.4145822727039,452.63337290269794,14461616
2024-09-20,456.5384521484375,459.15663177722325,450.8583460271267,454.4084053209533,24725118
2024-09-23,458.8016357421875,461.0204264871007,455.8284808966198,457.4703669208341,8105508
2024-09-24,457.2928466796875,459.55599507559924,456.31658107204504,458.84598883876305,7015487
2024-09-25,459.3341369628906,460.88730730174024,454.67468220228506,457.51473537232573,8802667
2024-09-26,463.9492492675781,464.836771186585,458.84601932926836,459.4228959190351,16086557
2024-09-27,463.9048156738281,469.0524028961381,461.7304111043963,461.7304111043963,17916386
2024-09-30,459.8666687011719,465.3692595674388,456.22783728937105,462.041073483364,10936940
2024-10-01,458.1360168457031,461.28668733714517,456.18348548447455,459.86667475733265,5285319
2024-10-03,455.0740661621094,457.6922177343659,450.9471020792447,451.3464911442906,16481353
2024-10-04,446.908935546875,459.15667068272745,445.13389168557245,452.6333999628257,18930962
2024-10-07,452.8108825683594,457.0265903354445,449.7489560397519,449.97082947423615,17114457
2024-10-08,450.8139953613281,454.89657371344003,449.0833374525847,452.63339702416863,9868331
2024-10-09,436.3918151855469,452.4558677197935,435.37116365980967,452.4558677197935,24874940
2024-10-10,436.7024841308594,439.8975404359125,434.39492158878744,439.63128105582945,13292273
2024-10-11,433.2854919433594,438.3887213162133,432.57548573801415,437.54558543136966,14949380
2024-10-14,441.0513000488281,442.8707297967612,433.6849216890066,435.7705826929564,6970606
2024-10-15,442.4713134765625,443.2257056420901,438.8768682699775,441.98318067862937,8347216
2024-10-16,437.7231140136719,442.73760011362725,436.9687218016791,440.2081640936547,6939430
2024-10-17,433.90679931640625,439.3206464164686,433.1080492847109,439.3206464164686,7669729
2024-10-18,431.9542541503906,436.25870575391593,424.58787595548876,433.77365572961855,22616838
2024-10-21,429.247314453125,432.7530159179544,423.65595210991864,431.95423781408044,7680088
2024-10-22,427.60540771484375,433.46302952571807,426.71788584919966,429.24732175988674,12772970
2024-10-23,426.31854248046875,428.9366941192119,425.56415026999287,426.8954190593147,10553961
2024-10-24,418.6414794921875,428.1379038851162,417.13269521294427,427.78290078317127,13596626
2024-10-25,428.0491638183594,437.9893351421083,420.86027359030857,422.2802860102857,32154050
2024-10-28,429.6910705566406,431.24424086047924,422.45782216873073,427.73853932024565,8946214
2024-10-29,433.0636291503906,434.1730244214629,427.1616496836426,430.4454495599473,7131161
2024-10-30,436.2586975097656,437.76748187143,431.7767303629288,433.0636412897533,6640080
2024-10-31,433.81805419921875,437.5456293433338,430.17922280768573,436.6581074335961,8111694
2024-11-01,435.1493225097656,436.74685069430546,434.26180060102746,435.7705850330851,1517892
2024-11-04,430.0904541015625,437.9449648846851,425.60848700060944,437.9449648846851,8754385
2024-11-05,426.1853942871094,430.48984579156854,423.3009552621551,428.6260583162402,7610046
2024-11-06,426.9841613769531,429.91298645719,424.2328800557218,426.18541135723177,11749720
2024-11-07,424.14410400390625,428.40419782708676,422.54657585220644,427.5610618759079,9267980
2024-11-08,424.2771911621094,426.6291112785613,421.215264855626,424.1440614854824,6325023
2024-11-11,423.30096435546875,427.3391565747761,420.771556524025,424.2772299880931,5700343
2024-11-12,419.66217041015625,424.1884955450853,418.1533859891892,423.8778783496949,5236095
2024-11-13,419.08526611328125,421.30405680700125,415.57959256886795,417.1771207432275,11548660
2024-11-14,413.5382995605469,419.75092490711046,410.25449937906205,418.19778263445596,12087836
2024-11-18,414.0707702636719,415.1801655090349,410.0325783212632,413.58263748083095,8448573
2024-11-19,414.78082275390625,420.46092929422525,413.8045570792864,415.35772747288905,7121472
2024-11-21,405.7281494140625,411.8520025055283,404.17497910804383,409.14507908254996,20313155
2024-11-22,421.2596740722656,422.90155996145944,404.26371361127775,404.8849760938828,20214206
2024-11-25,423.1678161621094,427.9604003657754,419.26275380237485,425.12034734197664,14427013
2024-11-26,423.3453674316406,428.3598254865603,420.7715735570813,426.00790505967507,6791715
2024-11-27,423.30096435546875,426.0966596925035,419.79529089140067,423.78909717178095,7339184
2024-11-28,421.4815673828125,429.3804644079403,417.6208626211006,423.3453549185364,14967609
2024-11-29,423.12347412109375,425.03161943508326,419.4402569251216,419.9727756769193,8668142
2024-12-02,423.5228576660156,425.38664526883133,420.15031373251634,422.45784823353785,5689595
2024-12-03,419.3959045410156,420.150296739833,410.69822941298054,413.5826685185779,23073942
2024-12-04,414.5589294433594,424.41035759923045,413.93766694127874,421.0378138404822,13957078
2024-12-05,414.9139404296875,419.57339521958045,410.4763590816044,414.9583263692382,27432375
2024-12-06,418.1533508300781,421.52592252373137,415.0914244336676,417.1326993219514,7842234
2024-12-09,412.6507568359375,418.9077678081534,410.87574120351246,418.4639928040686,12154116
2024-12-10,413.0945129394531,413.982034779044,410.5650771030177,413.00576919388504,9163636
2024-12-11,412.9169921875,415.5351717369577,412.42885940098836,414.64764990839933,7005617
2024-12-12,408.79010009765625,415.2689566944341,407.5031890897079,413.13893783213524,13380617
2024-12-13,417.1327209472656,421.0378115655174,400.84679442097826,408.2575584671943,32976794
2024-12-16,417.22149658203125,421.0378437429753,415.35773707139464,417.3546262796443,9354160
2024-12-17,416.7333679199219,422.28034494961406,410.9645174346367,417.1327570167734,20608409
2024-12-18,417.57647705078125,420.50527378595007,414.38139282481444,419.5290082075605,12841386
2024-12-19,414.0707702636719,420.99340109521216,412.9613750183089,416.24517481851433,15161531
2024-12-20,412.3845520019531,414.86960217449706,407.63632510913385,414.02643805111927,20231570
2024-12-23,420.9046936035156,423.96662024396306,415.00268563723716,418.19777009680405,19562956
2024-12-24,424.6322326660156,426.22976080207064,419.48464513072406,421.4815623327857,12009880
2024-12-26,423.30096435546875,427.64980189132285,422.4578284116542,426.49602063096154,9188830
2024-12-27,424.765380859375,427.6942060097115,422.4578463685404,425.78603247431005,16906420
2024-12-30,423.3453674316406,427.294816060941,422.45784551297163,426.67355353066995,13578360
2024-12-31,429.247314453125,430.1348363036615,421.1709021796047,424.6322177071176,13787501
2025-01-01,429.51361083984375,432.0874047386494,427.9160826223791,431.3330125070726,18931186
2025-01-02,434.0399169921875,434.8830529409553,428.0491934724373,430.75611694752047,27131131
2025-01-03,427.42791748046875,435.7705610825458,425.8747471935482,435.104912655584,38500784
2025-01-06,407.98931884765625,425.5937435344478,406.69894820698454,419.9253105618029,22009958
2025-01-07,406.56072998046875,412.551763098371,405.68510619666324,410.61619292699265,14294780
2025-01-08,414.3490295410156,416.65327289988676,402.8739144906199,408.31192319196157,13482926
2025-01-09,414.8559875488281,424.57988345002826,411.1230963623607,414.21078814534843,19732649
2025-01-10,410.06317138671875,416.6072286121951,407.8511032320716,414.7177601760944,9145729
2025-01-13,404.6712341308594,409.23364753360545,400.93837089441075,400.93837089441075,17799607
2025-01-14,402.4130554199219,406.92936666100724,401.72178243012405,406.468518001142,18048459
2025-01-15,403.1043701171875,407.2059067375744,401.2609752869984,402.4130970558666,9786805
2025-01-16,398.9566955566406,405.03990357000157,397.3437252265509,403.7495048035536,15774070
2025-01-17,405.7311706542969,407.20586386079185,398.63409005416764,399.09493871318983,11270061
2025-01-20,403.42694091796875,406.65288163954455,401.86004417344355,404.6251362205085,8742771
2025-01-21,403.2886962890625,411.99874818990406,401.16880346679136,403.70347138071133,15686500
2025-01-22,402.78173828125,407.34415137338146,402.36696322633964,405.45465494630946,9619648
2025-01-23,405.7311706542969,407.25196560347604,400.10881138863255,400.9383333492785,8888248
2025-01-24,407.02154541015625,410.1553106977586,404.6712003484769,404.99380003866463,9665384
2025-01-27,405.6390380859375,410.1553497951661,402.36699538494514,406.28420939984284,10480203
2025-01-28,401.3531494140625,407.2059054794515,400.4775256212389,405.54686138859637,20813072
2025-01-29,399.41754150390625,403.24257977791996,396.4220251969846,401.81396017503766,15158510
2025-01-30,402.04443359375,403.7034777304941,397.6663707644809,399.09499054178985,22496695
2025-01-31,412.4595947265625,413.1047941706201,401.0305523642032,402.3209231243453,13546181
2025-02-01,426.3310852050781,434.58028749136196,405.13204679086533,412.9204004159707,30393007
2025-02-03,418.7732238769531,428.77364640147414,416.88372730958895,425.8242034381593,16991730
2025-02-04,419.5105285644531,424.3033658681254,413.6116713562202,422.1373715457356,18923681
2025-02-05,413.05865478515625,420.1557355112139,411.53785980899255,419.5105361259467,12836283
2025-02-06,406.56072998046875,414.76383123938655,403.88781313807607,414.76383123938655,17469129
2025-02-07,397.1133117675781,410.6161724179037,394.8551419924304,405.5468369559543,18875982
2025-02-10,393.7491149902344,399.37144626315796,393.103915600897,393.5647642710035,12227140
2025-02-11,385.5459899902344,396.83678252001545,384.8086433619268,395.22381215861816,14288751
2025-02-12,383.76715087890625,387.4185038147077,381.61379694988227,386.80994975406657,13884574
2025-02-13,383.5799255371094,387.55897028927046,382.92454203150083,383.8139869931189,12989029
2025-02-14,384.0948181152344,389.6654917445899,382.3627577670518,385.49918673722794,14124236
2025-02-17,382.550048828125,385.1715257026187,380.8179883419268,383.6735266720701,11975265
2025-02-18,379.4136047363281,384.6565868517638,378.243297503952,381.98828064755554,12998403
2025-02-19,380.49029541015625,382.7372796630362,378.7114340671244,378.9922963842513,7079032
2025-02-20,376.4176330566406,378.14969359579993,370.9406176845331,374.4515396266307,15355585
2025-02-21,375.3409118652344,377.5410950710494,373.7493112486519,376.4175887530304,8240986
2025-02-24,376.2771911621094,377.6815598988965,373.3280225292474,374.49832980990334,7037625
2025-02-25,379.03912353515625,381.05204632098673,374.96644852961964,376.3708172507043,15760891
2025-02-27,375.9963073730469,380.5839059368619,374.0301855394252,379.03910612899966,19051003
2025-02-28,369.81707763671875,376.8389208829856,367.1956009202271,373.5620607013944,31954776
2025-03-03,372.11090087890625,373.5620704254616,366.2593646880312,370.7065321930963,10702826
2025-03-04,369.6766357421875,371.8768189431307,367.80414426427035,370.19155946983375,13404774
2025-03-05,379.226318359375,386.4354218493058,369.34893741865807,369.34893741865807,15665018
2025-03-06,379.8349304199219,383.57991359952393,375.01324171862086,383.06496126915613,17869996
2025-03-07,378.1496887207031,379.97537953583947,376.08996501773333,377.82199696260744,11180761
2025-03-10,379.1795349121094,380.9115952921479,374.8727986777293,375.48135271072846,9785018
2025-03-11,380.30303955078125,382.36276308182994,375.6218107457345,375.902673045256,11099475
2025-03-12,386.1077575683594,386.9503730638485,378.2432986572043,380.49028283582663,13844306
2025-03-13,385.7800598144531,387.9802430981233,382.17553644149433,386.66950472868797,8196569
2025-03-17,381.9414978027344,389.7123267634701,381.052052835393,386.66952781576737,5257805
2025-03-18,383.01812744140625,385.68643344159955,381.7541900126882,383.86074286990106,13861897
2025-03-19,377.3538513183594,384.56295527450226,376.9325578592833,383.8607709374216,12830387
2025-03-20,378.1965026855469,380.72434920469203,376.27718165061447,379.17954934766647,16994037
2025-03-21,379.6944885253906,381.5201793399715,376.08996490330134,380.06900971850354,25302035
2025-03-24,384.7033996582031,386.5290904261833,379.7413082676257,381.0520466941976,14362572
2025-03-25,383.6734924316406,388.77604313821394,382.6436449762537,385.73324448631945,20338110
2025-03-26,381.3797302246094,384.9842822489654,380.34985413594273,384.14163817608556,13891436
2025-03-27,383.3458557128906,384.5161629673909,379.78810451603715,381.98828786888856,18642328
2025-03-28,383.626708984375,389.10375252075136,382.12871001952664,384.70338591875066,12981873
2025-04-01,380.724365234375,387.9802704965241,379.74131853086607,383.67353391685737,15206240
2025-04-02,382.9713134765625,383.8607583698592,380.1625762201977,381.0988219723193,8001323
2025-04-03,383.29901123046875,384.0480249871138,380.77116480316903,381.09882796400086,7059566
2025-04-04,383.5799255371094,386.4822647340628,378.7114358233303,381.520173295444,18627592
2025-04-07,380.16259765625,382.0819186994949,365.27629507252,365.27629507252,26762866
2025-04-08,386.2481994628906,389.29099836095855,381.2861080732848,385.639645397668,18600796
2025-04-09,389.7591247558594,392.3338007695701,385.0310947776454,386.66952496818857,21785572
2025-04-11,394.67437744140625,395.51702145893296,390.4144707836984,393.2232079835811,8939356
2025-04-15,393.59771728515625,401.8366972313636,392.2869789172459,401.8366972313636,11685880
2025-04-16,397.3895263671875,398.8874967335651,391.3507297543969,391.3507297543969,13034594
2025-04-17,400.0110168457031,400.5727700384027,394.6744043729881,397.9044638020452,22410217
2025-04-21,395.89154052734375,401.7430767519647,394.6276029884348,400.76000152305585,27388236
2025-04-22,405.9561767578125,407.0796545529523,396.5468895062768,398.7939022404639,32031936
2025-04-23,403.3815002441406,409.5607281098517,401.5090086831345,408.39042088422286,19566317
2025-04-24,402.6324768066406,408.2499513547456,401.9302924881275,404.317736314244,26064089
2025-04-25,400.52593994140625,405.11356719755287,396.3128338610747,402.63249298157206,22944377
2025-04-28,401.462158203125,403.05378737531595,397.67037441966426,399.4492355949674,6287095
2025-04-29,398.8406982421875,402.21118873045583,397.90445247166593,401.5558052623093,11189930
2025-04-30,398.6534423828125,401.9303026184644,395.0957198414577,400.151441347787,10026546
2025-05-02,402.1175537109375,403.990045229964,397.06183232395665,397.06183232395665,9263372
2025-05-05,409.0926208496094,410.5437904360518,401.9771469315377,402.8197624517931,11525305
2025-05-06,407.7818603515625,411.6204739738847,405.3944449107777,409.60755115118997,15026568
2025-05-07,403.662353515625,407.2669054042834,402.30481430744925,405.76890647461266,9710361
2025-05-08,403.1474304199219,403.9900458904708,396.54688066139005,401.6494314878609,19937960
2025-05-09,396.5469055175781,401.7898878224534,396.031981745509,398.7939183424925,8226512
2025-05-12,407.73504638671875,408.3904298762828,400.85363403411344,402.1175715800131,8031891
2025-05-13,400.61956787109375,410.02885520481095,398.23215253511023,407.1732884018215,14976369
2025-05-14,401.74310302734375,404.31777913456966,398.7471048556076,399.8706113129977,9557309
2025-05-15,405.06671142578125,407.64138719634747,398.84068300407523,401.7430504961949,24263510
2025-05-16,407.92230224609375,408.3904251412249,404.5518116867584,407.17328847071144,16402035
2025-05-19,407.5946044921875,410.54377297361634,405.0667294669892,407.266912756039,7543854
2025-05-20,407.17327880859375,412.69712312567145,405.30078727250276,409.13940063587995,9868414
2025-05-21,405.3944396972656,410.2629293856914,404.4581938781033,408.7649303606408,5776672
2025-05-22,398.934326171875,405.3944162358384,395.9383282951614,405.3944162358384,19451749
2025-05-23,408.4840393066406,411.01191444613914,401.6494562583,406.3306853522196,18536884
2025-05-26,414.66326904296875,415.2718231131618,408.90536294937203,410.30973168302756,13107662
2025-05-27,406.237060546875,415.8804097538671,403.381522189769,414.6632730298236,26986022
2025-05-28,400.65911865234375,402.9475037342144,393.79393430833676,398.2753781298962,431851622
2025-05-29,399.2765197753906,403.1381676108757,397.22650883681956,402.37538231693094,21478547
2025-05-30,398.60906982421875,400.5160622005545,397.03580693342064,399.61025828083166,30656239
2025-06-02,399.8009338378906,400.8974777159352,395.2718270145734,398.8474376645607,14973380
2025-06-03,397.5602722167969,402.0893793944988,396.32070963544066,399.5149278857097,13216486
2025-06-04,397.60791015625,399.5149025311001,396.60675079881145,397.7509287646849,12598933
2025-06-05,399.6102600097656,401.37423378518696,396.4160419459044,399.0381564747108,13212523
2025-06-06,401.4695739746094,401.7079480309055,399.5149183523392,400.7544518057209,8774988
2025-06-09,403.3765563964844,403.9009967663349,400.94515272206996,402.375397024289,10473123
2025-06-10,407.14288330078125,408.62079079284285,403.3765616168375,404.75914276623337,13041075
2025-06-11,406.3323974609375,408.1917266795449,405.09286404746234,408.0963712404173,20789182
2025-06-12,401.421875,407.3335627082408,400.0392939574362,407.1428518408551,18508835
2025-06-13,394.6520690917969,399.8486349912841,394.27067643366814,395.70092072544685,17873926
2025-06-16,398.75213623046875,399.4195661344484,394.0323182383462,395.65327347360335,7006629
2025-06-17,397.98931884765625,399.5625818006199,396.3683927227586,398.65677784510535,9028406
2025-06-18,396.5590515136719,398.99048420762057,395.60555534311806,397.6079031209599,8036215
2025-06-19,396.6544189453125,398.799785393935,395.51021186668925,396.3206894558478,12601006
2025-06-20,399.0858154296875,399.9916484421562,396.6544118043789,396.6544118043789,13203184
2025-06-23,394.6520690917969,398.08466121174473,392.6020580932596,397.60791311448514,14839890
2025-06-24,395.0811767578125,401.0881914896625,394.50907318849437,397.51258055441934,16690068
2025-06-25,396.9881286621094,398.7044100961672,395.7962584722378,397.0357918303469,9946718
2025-06-26,400.7544250488281,401.32652856542074,396.89277723401676,397.7986102268212,13703918
2025-06-27,399.1811828613281,402.37540098742386,398.370705262409,401.4219047765532,21409935
2025-06-30,397.08349609375,401.1835180314217,396.46370029757674,400.27768502039476,12317124
2025-07-01,395.7962646484375,399.3718752738479,395.6055537757248,397.60790154563335,13670465
2025-07-02,393.7462463378906,397.512538667108,392.5543761517345,397.512538667108,15990899
2025-07-03,394.1276550292969,396.65441410717574,392.125307215327,394.7474217316605,14185298
2025-07-04,393.3648376464844,395.70091492818915,392.60205234140216,395.60555949045533,8256733
2025-07-07,396.7974548339844,397.7986433459749,392.8404512538974,393.7939474948049,6845218
2025-07-08,397.79864501953125,398.656785820279,395.3672121359503,396.7974565033287,6807192
2025-07-09,399.9440002441406,400.7544487506528,396.13001537247743,396.84513753591426,9930533
2025-07-10,397.46490478515625,400.75444928229246,397.0358198471668,400.75444928229246,6220360
2025-07-11,397.4172058105469,398.6090760644153,396.1776723858816,397.6079166905238,8578844
2025-07-14,399.89630126953125,400.42074163962934,397.1788312743534,397.6555793753181,6896989
2025-07-15,402.47076416015625,402.75680138955454,399.5149200299927,401.3265570457718,8532755
2025-07-16,404.8544921875,405.66496977687433,400.7544410700043,402.47075168839604,9780773
2025-07-17,404.2347106933594,406.0940107556235,403.3288776974709,405.99865531946784,7240795
2025-07-18,403.09051513671875,405.4265924462953,400.56375604779373,405.4265924462953,6730256
2025-07-21,400.5637512207031,403.09051027917883,398.9427960746048,402.3753881438521,4822343
2025-07-22,396.6544189453125,400.8497964029397,395.8916336251602,400.5637591824813,9869507
2025-07-23,395.65325927734375,398.46605560438246,394.74742624924966,397.7032702848046,12196187
2025-07-24,390.8857727050781,396.5113943772586,390.4090246125477,396.5113943772586,9005157
2025-07-25,390.361328125,391.1718056932205,388.7880652563331,390.93343164953177,5824089
2025-07-28,390.8381042480469,391.7439373183991,389.59857077130863,391.69624504720383,8123337
2025-07-29,389.4555358886719,392.2683322294525,389.02645095781634,390.9334433644723,6811772
2025-07-30,388.6450500488281,390.26597610105154,386.8810762904252,389.979938885481,10915863
2025-07-31,392.79278564453125,394.7474412869076,386.6903864618624,387.07180823457605,19364174
2025-08-01,397.08349609375,399.8486291981142,392.6497155747587,393.22181910286025,14324065
2025-08-04,397.46490478515625,402.85215260384814,395.79628640159,400.6591229390907,18352458
2025-08-05,394.89044189453125,398.5137448813091,393.7939270939727,397.798622737676,8495104
2025-08-06,392.8404235839844,395.700912105227,391.4101793233631,394.8904345378628,9080543
2025-08-07,394.36602783203125,395.4625426248142,392.5066986324122,392.84042811675334,11514878
2025-08-08,395.22418212890625,396.03465973340934,393.74627463123227,394.6520785787631,9814361
2025-08-11,397.46490478515625,397.6079233983543,394.74743474081214,395.22418285040254,8514272
2025-08-12,396.9881286621094,400.277672927119,395.9869402435813,397.60789534116395,13635738
2025-08-13,394.8427734375,398.08465462555023,394.3660253481281,397.79861741128474,10874910
2025-08-14,392.3160095214844,395.7485724437067,391.8869246070097,394.98578714952254,9580361
2025-08-18,387.4054870605469,394.4613820852118,386.02293505585004,393.79392311853456,30950814
2025-08-19,390.0752868652344,390.36132407533586,385.68919868718467,387.45317241186046,16681331
2025-08-20,387.1671142578125,391.17180987394187,386.5950398255606,390.07529508093324,18188129
2025-08-21,386.69036865234375,387.9299311597819,384.59269449100873,387.16711674788274,15028966
2025-08-22,379.7774963378906,387.5961762308591,379.01471107445633,387.1194281666145,13087624
2025-08-25,380.7787170410156,381.92289503325094,377.82287297221643,380.44498754804886,10440286
2025-08-26,384.59271240234375,386.5473680457286,379.87289439733723,380.7310351895941,13715752
2025-08-28,382.2566223144531,385.6892144680879,381.39848155064317,385.6892144680879,12471719
2025-08-29,390.695068359375,391.3625273394323,383.21011736185324,383.3054728016321,25255050
2025-09-01,386.9764404296875,391.12415473908817,386.1659628361549,390.69506980769,12268090
2025-09-02,387.8345947265625,388.88344640782555,385.6415650189729,387.6438838396435,19808255
2025-09-03,392.60205078125,394.03229504639114,388.3589811553069,389.50318820677745,12936588
2025-09-04,396.5590515136719,407.1428648264985,395.7009107798522,404.2347131456668,27274123
2025-09-05,388.40667724609375,397.60790962272006,385.59385185760647,397.5125541844266,16000675
2025-09-08,388.5973815917969,391.4578703163545,387.88225941065747,388.5020552463618,7419022
2025-09-09,390.9811096191406,391.8392794876205,388.4543504800707,389.5032021316832,8825896
2025-09-10,393.8415832519531,394.46137904411546,389.9322722150785,391.8869277335158,9252397
2025-09-11,395.74859619140625,397.32188823995943,393.26952928734954,393.8416037431192,8274406
2025-09-12,394.509033203125,397.65555886786507,393.6508924853225,396.03463286721455,7803379
2025-09-15,393.460205078125,395.03346800431143,392.60206430915014,393.84159774229215,5707331
2025-09-16,393.8892822265625,395.0811524650244,392.84043059703714,393.98463766531836,8239087
2025-09-17,390.2659606933594,395.31950772328065,389.0740905115468,394.6997410484167,14113882
2025-09-18,392.4113464355469,393.84159072448466,391.02879441527705,392.22066465605855,15647808
2025-09-19,391.5531921386719,393.4125212893377,389.932266126311,392.411332862674,19505321
2025-09-22,388.0252990722656,391.8869471309128,387.16712919399254,391.5532176336283,8930779
2025-09-23,384.4496765136719,389.1218020379517,383.4008248820839,388.16830584530703,14936357
2025-09-24,382.3519592285156,385.83221438435834,382.0659220205699,384.4496624147626,12380865
2025-09-25,381.49383544921875,384.2589686096089,379.4914876094897,382.7810611389299,22006368
2025-09-26,386.26129150390625,387.02407677530545,381.20774451111,381.49381081167934,14414044
2025-09-29,388.3113098144531,389.02643193197514,384.44966201919163,387.97758033993085,19717660
2025-09-30,382.8763732910156,387.8345649867495,381.7798585213034,387.8345649867495,9465490
2025-10-01,386.7380676269531,387.1194602903188,381.16010899274613,383.6392049522153,17643039
2025-10-03,385.4985046386719,386.6427117258004,383.5915122257209,386.0706081822361,16987141
2025-10-06,382.11358642578125,385.1170935125061,381.20775343369894,384.25895278749806,13989077
2025-10-07,381.2077941894531,383.8776011840606,380.92175695000077,383.78224573811093,12298968
2025-10-08,381.16009521484375,383.0670875611344,379.4914769118394,381.3984692581301,8402463
2025-10-09,381.3031005859375,382.73334479601107,380.3972967119267,380.4449598795719,15656267
2025-10-10,384.0682678222656,385.0694563176354,380.92174191886477,381.82757497204756,15085738
2025-10-13,380.683349609375,382.3043047536442,380.0158906444655,381.3984717438948,9508594
2025-10-14,378.3472595214844,382.2089363761892,377.77518511195166,381.3984588314936,10291102
2025-10-15,381.3031005859375,382.2089335583413,378.7763416344861,379.4914637395229,16043867
2025-10-16,386.3089904785156,387.11946809099607,380.96940578861586,382.3519869568705,22962049
2025-10-17,392.9834289550781,394.60438403521437,386.40431139747704,386.49966683131913,21071344
2025-10-20,393.8415832519531,395.5578938251509,392.17296494651845,393.3648351646861,13083621
2025-10-21,393.6509094238281,394.6997610566706,393.1741613269356,394.27067613010945,1142130
2025-10-23,396.60675048828125,400.89748332833454,394.3183363615374,396.65441365825745,24305990
2025-10-24,397.4172058105469,398.5137497228218,394.22301680889524,396.6067573166322,14935678
2025-10-27,401.0881652832031,403.0428499257912,397.22651736481293,397.60791001997336,11603679
2025-10-28,398.466064453125,402.04167527754,396.559072013437,400.9451604443985,17163147
2025-10-29,401.9940185546875,402.56612211545064,396.7020969906232,398.7521371748908,11470661
2025-10-30,399.2765197753906,402.08934510630013,396.7974239224796,401.9939896699586,12938674
2025-10-31,400.8021545410156,406.5707952146441,398.7521434230218,400.94517315884843,18599864
2025-11-03,394.69976806640625,402.041671429904,394.07997225072296,400.42074533071906,7635440
2025-11-04,389.88458251953125,395.22416695182824,389.36017125943533,394.7474188614159,10085404
2025-11-06,388.5496826171875,394.07994866906864,387.6438496318514,390.933423001342,10095563
2025-11-07,385.2601318359375,390.0753051532848,384.3543278958865,387.1671242550703,8411611
2025-11-10,386.69036865234375,388.1683052075514,384.8787317089743,385.26012436572665,6650003
2025-11-11,387.929931640625,389.07410961230016,385.7845652080402,387.11945405752516,12005318
2025-11-12,388.07293701171875,389.1217886071048,386.6903559407471,389.0264331714527,7987236
2025-11-13,386.83343505859375,388.54971664613856,385.68922793463327,388.07296852755434,6617185
2025-11-14,389.1694641113281,389.74156764498133,381.49383142153096,385.87991971501265,64020258
2025-11-17,388.1683044433594,392.8404299507648,387.1194528155595,390.69506352506284,7855399
2025-11-18,386.9764404296875,390.74273297855876,385.73687790475674,389.26482550088946,7661681
2025-11-19,384.78338623046875,386.6903786619881,384.06826406864894,386.0229487699935,7882450
2025-11-20,386.59503173828125,388.07293915467255,384.49732853592553,384.78336574606783,6693410
2025-11-21,388.8834228515625,389.5031895489138,385.8799157040955,386.1659529187517,5808131
2025-11-24,384.78338623046875,389.78924136320717,384.1159563384741,389.40784869658233,11037491
2025-11-25,382.1612548828125,385.6892023658129,381.49382502007865,384.78336936119564,8199785
2025-11-26,383.5915222167969,385.16481427717554,382.3043255832445,382.3519887554517,11443953
2025-11-27,385.4985046386719,387.07179665807234,383.40083044346284,384.7357193128495,8679529
2025-11-28,385.4508361816406,386.1659583266901,383.782217843192,385.4984993519528,6883500
2025-12-01,385.4508361816406,386.6427064233897,379.6821958509331,384.0682550618539,13442658
2025-12-02,382.3043212890625,386.64271745343586,381.8752363504342,385.45084717768543,8093808
2025-12-03,381.875244140625,383.496199388071,380.3019811642192,383.0194512680452,10772192
2025-12-04,384.3066101074219,384.7833581805478,380.49262552241476,381.493813935015,8057989
2025-12-05,386.1182861328125,386.49967878158014,383.3054607886625,384.3066201289768,4419747
2025-12-08,383.5915222167969,386.40434773852076,381.92290381200377,386.11831050848593,6056866
2025-12-09,382.399658203125,385.6892318944884,381.3984987831776,383.30549127709355,9426717
2025-12-10,384.4019775390625,385.5938477590759,382.35196658031816,382.447322017598,6969146
2025-12-11,384.1636047363281,385.2124563530077,382.44732325332086,384.40197878110104,6980147
2025-12-12,381.49383544921875,385.21246480963276,381.2554613992128,384.1636131699276,12407516
2025-12-15,383.5915222167969,384.5927107187102,380.9217444084862,381.49384796695153,7756564
2025-12-16,383.0194091796875,386.8810568881978,382.39961341304394,382.7333428800691,12347384
2025-12-17,381.2077941894531,384.35434931541226,380.54036426459874,382.35200134405585,8087490
2025-12-18,381.7798767089844,383.2578132936943,381.2554654327811,381.3984840446188,7227668
2025-12-19,382.399658203125,383.9252580179369,381.63687284491715,381.63687284491715,10654835
2025-12-22,383.9729309082031,384.87873483805475,382.5426866099581,382.92407926981116,6847871
2025-12-23,388.40667724609375,389.8845846952617,383.114755953949,383.78221492360865,10081997
2025-12-24,387.6915588378906,390.45669198464753,386.7857258129762,388.9787845212552,5777430
2025-12-26,385.3554992675781,388.21598798528635,385.0694620351657,387.5962212494621,3152453
2025-12-29,383.8775634765625,385.97523758942174,382.7810487018413,385.30780773012765,6647710
2025-12-30,381.9705810546875,384.6880510266874,381.68451473751173,384.258966100121,12340527
2025-12-31,384.25897216796875,384.97409432460887,382.2089611386127,382.4473351908261,9945109
