Price,Close,High,Low,Open,Volume
Ticker,M&M.NS,M&M.NS,M&M.NS,M&M.NS,M&M.NS
Date,,,,,
2020-01-01,504.35382080078125,505.669712889065,497.7274912410379,500.87621253538055,2611808
2020-01-02,507.40850830078125,508.48942373810365,501.44012488776025,504.72979768458714,2776519
2020-01-03,500.7352294921875,506.60964560542294,498.52647198054893,506.56266174998603,1930883
2020-01-06,492.98095703125,498.15044275798374,489.22133104817084,498.05647505534273,2059404
2020-01-07,495.00177001953125,500.03024673430343,491.618072275362,497.11655959688494,2111349
2020-01-08,493.1219787597656,494.81379902262273,487.81148397380787,489.59732930908785,1612378
2020-01-09,508.724365234375,509.85226444600636,494.1088314341343,498.0094087748825,2897598
2020-01-10,513.7529296875,514.6928362967836,506.84463905620396,511.4031631642909,2355888
2020-01-13,521.6011352539062,523.5279321483088,513.7528813838813,515.9147122758534,3442869
2020-01-14,528.6973876953125,529.8722707790798,521.6011053428252,521.6011053428252,2793249
2020-01-15,535.51171875,536.6866018538833,523.2459506189264,528.2274435059237,2564513
2020-01-16,533.3499755859375,535.5587329996744,530.1542704150471,535.0417958780915,2243200
2020-01-17,535.0888061523438,539.5063785652846,531.1882282538555,532.7390396951779,2646260
2020-01-20,533.1149291992188,539.5062813374145,530.4361615004004,534.8067492700154,1847978
2020-01-21,519.5802612304688,530.9531634144693,517.0425024047936,530.1072246834657,3101684
2020-01-22,520.332275390625,523.0580275015429,516.0087279395276,520.2383076767368,1862669
2020-01-23,532.45703125,533.3029700453473,516.5256046314526,520.238246772948,2113303
2020-01-24,533.6319580078125,537.6265609519485,530.2012760617931,532.0810892119748,2284717
2020-01-27,543.5479736328125,547.4955928141261,529.167414170563,531.0472273647747,3654906
2020-01-28,538.096435546875,554.309821596104,534.3368097963291,546.3206168761941,3689004
2020-01-29,543.0310668945312,545.8038029847711,537.7676126028567,542.7960902320931,1934080
2020-01-30,533.7260131835938,552.2421872207196,529.9663862671156,543.2660894310987,2901951
2020-01-31,533.0680541992188,542.3261113154645,531.3291925588219,536.4986788885187,2352196
2020-02-03,525.1256713867188,531.7519994557416,503.03787291175644,512.2489433555089,3818209
2020-02-04,542.2321166992188,544.0179047404686,525.2197735651424,528.2274860266633,2793702
2020-02-05,549.2344360351562,554.4039226859675,542.7021306157385,545.3808416605824,3320830
2020-02-06,545.2868041992188,553.745963091351,541.4331529501751,549.8453279885974,2207104
2020-02-07,534.9006958007812,546.5555578137337,527.5694375391711,544.2057918730039,4083215
2020-02-10,496.6466369628906,532.9270063343031,494.43782218113495,532.7390135534856,9648880
2020-02-11,492.5579833984375,505.3877299022886,491.28913258699697,501.1581507077011,5404802
2020-02-12,499.09033203125,502.1920118867902,492.4170190885018,495.0017618626749,3426829
2020-02-13,501.5341491699219,505.6697612422622,496.5526555605215,498.57347773919065,3392352
2020-02-14,491.57110595703125,504.6828132777281,489.36234859995415,503.0849607332715,3507540
2020-02-17,491.33612060546875,493.8268957658997,484.99175175977405,492.6049714276718,2652464
2020-02-18,491.7590637207031,493.3569161513958,483.20588064691833,489.22130484458376,2868873
2020-02-19,494.76678466796875,497.82148067023576,490.44318052128045,496.41162097688175,1952880
2020-02-20,493.3099365234375,500.97019795695894,491.57113232924866,494.2968843082222,2077458
2020-02-24,482.36004638671875,490.63121244099113,480.3862369217736,490.63121244099113,1911411
2020-02-25,478.3654479980469,488.2814505835906,475.68670860556045,484.56880825390414,2105613
2020-02-26,472.77294921875,481.65507673618805,469.9532298397117,477.1905210527108,3058370
2020-02-27,463.8438415527344,473.7128594581117,458.251386599553,473.7128594581117,6039260
2020-02-28,429.5842590332031,455.85465746796973,426.34159878306616,455.85465746796973,8613275
2020-03-02,430.7591552734375,444.0588557448535,417.64747626692775,426.2945992139834,9225488
2020-03-03,438.2314147949219,442.695970763342,427.8924430785806,434.2368120863355,4582866
2020-03-04,446.1266174316406,448.3354034579474,430.007226587025,438.0434157415767,5912943
2020-03-05,450.4971923828125,453.5049047791687,440.816166510736,444.29383217629345,4081050
2020-03-06,442.6960144042969,445.2807575881861,429.06736852560834,431.2761548013029,4502562
2020-03-09,435.3647766113281,437.7145432625471,414.49883727503334,426.2946543906828,4540694
2020-03-11,424.4617919921875,441.4270932776008,422.67597533324994,435.03574038761235,5104905
2020-03-12,397.909423828125,409.75225150403827,375.6336282309627,402.185986943805,9408350
2020-03-13,403.07891845703125,422.7229590671648,324.8786842056016,376.43256277131627,6230411
2020-03-16,368.25537109375,402.8439489942888,365.4356514722552,395.7006535497677,3156508
2020-03-17,350.9610595703125,383.4818281876669,347.7183995568677,368.4433251214839,4526913
2020-03-18,325.5835876464844,360.6421153451209,318.72228205385045,356.22454356882116,6595508
2020-03-19,295.31866455078125,311.86099772784246,283.85179258226685,311.814013871414,10486153
2020-03-20,303.2138366699219,308.47731870307814,289.7261729236057,297.0104481552616,8819518
2020-03-23,275.7685546875,285.63757269859224,263.73776325220774,281.0320366968164,6001358
2020-03-24,252.83486938476562,291.27704267344717,248.51129339089388,281.9719732915602,6690908
2020-03-25,261.153076171875,271.0220962890928,230.65309300281262,247.57141320375746,9393732
2020-03-26,268.3432922363281,276.3324970839946,256.6884579599954,261.15301361016196,7557558
2020-03-27,276.8024597167969,286.67147780517166,263.9257294042115,279.1522259283147,9505126
2020-03-30,257.91033935546875,267.73237381076456,253.77475646827534,264.7716740553687,8942833
2020-03-31,267.8263854980469,269.9411752560932,261.1060306533177,266.79248254626765,6236559
2020-04-01,256.4534912109375,265.99353633571417,249.54517278138553,264.1137233580766,5980392
2020-04-03,263.8317565917969,272.5728752558443,255.0436253942281,257.53437179345286,6961905
2020-04-07,301.7099914550781,304.3417182248318,275.15763239400036,277.7423753114504,10795407
2020-04-08,306.7854919433594,329.34324912571924,294.0027571366212,296.0705630184728,8451195
2020-04-09,358.4803771972656,368.11442000029,312.42495306573437,315.5736459624819,11027315
2020-04-13,341.0450744628906,357.1644649743408,333.66680280497627,357.1644649743408,7717484
2020-04-15,331.9280090332031,357.0705105059366,328.3093628975891,350.632144578988,11300538
2020-04-16,335.2646484375,338.7892976906963,322.38791835902185,322.48191474250757,6155773
2020-04-17,341.3740539550781,348.4703365915664,334.1837462477226,348.4703365915664,6178483
2020-04-20,334.4656982421875,345.3686182210546,332.7268656651138,344.945648867505,4834154
2020-04-21,312.095947265625,328.0743580428109,304.059758024685,328.0743580428109,8003757
2020-04-22,319.7561950683594,324.972664544191,301.3340223755412,307.34941809385526,9071476
2020-04-23,326.61749267578125,328.6382858145955,311.6259732651089,317.6883813652203,6738333
2020-04-24,314.21075439453125,324.0327895094018,312.04898076032316,321.4480464458751,5754928
2020-04-27,310.4510803222656,322.7168763636328,308.4302872477342,317.26540189513594,5770537
2020-04-28,315.7615966796875,317.6883935100528,308.759281858143,314.35173694517545,4244512
2020-04-29,327.08746337890625,330.65909662049523,316.04356195734835,316.7484918353201,7748491
2020-04-30,344.6167297363281,345.8856093115695,333.6668242000195,334.2777577188627,7422465
2020-05-04,335.5936279296875,340.62213379471456,320.6021354116164,329.01428196743547,7125034
2020-05-05,346.0265808105469,358.8562991166496,339.7292243147415,341.8909978448281,13401536
2020-05-06,363.884765625,369.3832239317093,336.7214757596307,349.1752358540204,7015473
2020-05-07,376.5735168457031,379.2052721395954,361.95798289010065,364.2137526536735,12971483
2020-05-08,363.46185302734375,383.38785350770854,357.8224140583154,380.66213040941216,9444781
2020-05-11,366.65753173828125,377.8424133622712,361.25306935809954,365.1536756001054,7658595
2020-05-12,369.43023681640625,371.451058729945,357.3524612885301,365.52963059434876,4686856
2020-05-13,388.2283935546875,393.72685267337255,379.95722729120484,390.0612228221398,7361621
2020-05-14,376.3855895996094,383.0119193067857,372.2029939766556,377.37248000410915,4765875
2020-05-15,358.3863525390625,379.6752586354457,350.7731325054029,378.5473593129999,14226503
2020-05-18,354.53277587890625,360.45417590001364,345.18069387035206,359.1383124157312,7717665
2020-05-19,359.8902282714844,367.50347740196815,348.89333835738364,360.9241312592219,5950003
2020-05-20,380.7091064453125,388.83932040569675,356.88250023722736,359.89018374876406,10608175
2020-05-21,383.76385498046875,387.42951368339646,373.8948356374211,376.10362189379026,6249309
2020-05-22,400.7291564941406,404.48878263001404,374.74074656664993,379.72223972321376,10016203
2020-05-26,403.36083984375,409.04729097160646,396.31154159872233,401.3400467502423,5895376
2020-05-27,406.50958251953125,408.81236503848623,390.0612179089144,400.8701432244626,7591278
2020-05-28,413.934814453125,417.3184835701575,398.37937344216476,403.6898393995105,7449375
2020-05-29,410.12823486328125,422.95795372280526,405.1937254031819,407.91944870155,9539035
2020-06-01,433.390869140625,442.22598401980235,414.9686970132683,415.2976700069774,9668047
2020-06-02,435.0357666015625,450.0742718923419,433.1559534402151,437.1505564080784,8520940
2020-06-03,455.94866943359375,462.9979685012632,438.46640200903926,441.756074907285,9873294
2020-06-04,449.69830322265625,457.0295628864927,441.19213168006706,456.13664018476254,5829493
2020-06-05,455.102783203125,460.03729280985914,446.83158798544304,450.2152574525096,6265829
2020-06-08,442.55499267578125,464.45480321713677,440.1112299760195,456.3246175191831,5955200
2020-06-09,449.98028564453125,453.78689590862933,435.4587171721941,445.3277364918131,7656301
2020-06-10,443.682861328125,454.63279523393993,440.6751776740861,447.5364837971683,4849036
2020-06-11,446.03265380859375,451.1551561171428,441.28613707708024,443.63590351519036,4331683
2020-06-12,477.8954772949219,482.07807274499635,428.69136567608905,429.5372757997922,18368009
2020-06-15,477.6134948730469,489.64431560151206,468.731395423282,474.793775298454,17605860
2020-06-16,476.297607421875,487.81146177001114,471.17510564658346,486.0256165160178,6712936
2020-06-17,467.6974792480469,474.5587852115415,462.9039503704212,474.5587852115415,9273745
2020-06-18,476.15667724609375,478.31845089791403,462.43403549665373,467.0395719833615,7114752
2020-06-19,470.0002746582031,476.15667997792065,466.56962137207876,476.15667997792065,9811021
2020-06-22,468.77838134765625,472.06805419921875,464.4078217244574,471.5981009347098,5149581
2020-06-23,485.36773681640625,488.65740954789953,467.69747750561163,469.9532473561874,9132472
2020-06-24,484.38079833984375,495.94169433913487,481.7490715779321,488.75138657053583,7568963
2020-06-25,476.767578125,485.3207044357029,473.10194846560296,479.25832464461143,5248401
2020-06-26,471.2691345214844,484.28684586766485,468.7314040677518,484.0518692321153,4079405
2020-06-29,476.95556640625,480.2452391666495,463.4208898165273,464.40780885484924,4459947
2020-06-30,480.01031494140625,484.52185517470434,476.62664542459606,478.41246223845684,5487685
2020-07-01,468.96636962890625,490.0672824764392,464.5487975114244,482.8769746514806,8990865
2020-07-02,497.86846923828125,500.0302426484441,474.08881830814437,476.0626276342799,16513522
2020-07-03,498.62042236328125,503.31995509055065,492.69902260039044,499.4663612011269,7982179
2020-07-06,536.2636108398438,539.0833301754672,501.5810974320779,501.5810974320779,16728066
2020-07-07,526.34765625,533.8669084821428,518.4994596796377,531.0471888950892,9208254
2020-07-08,518.1234130859375,534.1018221969778,516.0086236447704,530.1072199192176,5172833
2020-07-09,526.6295776367188,530.3892034736646,515.1157235110721,520.7081784169966,4123902
2020-07-10,521.507080078125,534.7597956784023,518.8283695950856,521.9300494615886,5752443
2020-07-13,522.4470825195312,526.8176713393125,516.1967377884571,526.347718019652,3165043
2020-07-14,512.4370727539062,520.6612552304357,505.66973398546463,519.7683325166579,3097258
2020-07-15,517.089599609375,526.0656954832233,510.13426835142843,516.948590683161,5671780
2020-07-16,538.8945922851562,542.2927483416591,512.133897289787,516.3344357578547,11751032
2020-07-17,555.7910766601562,558.1037379213776,533.797317200066,539.8857331364427,9124092
2020-07-20,560.6995239257812,564.097679813289,549.5138746504155,555.885460149572,5771917
2020-07-21,555.319091796875,564.0033388295753,552.6760751208642,559.6140010970728,3850519
2020-07-22,558.8115844726562,577.6903542183541,549.3721995998073,555.6021705705143,11559026
2020-07-23,569.5253295898438,574.8586057095364,551.7321100775436,557.8205255523276,7605913
2020-07-24,565.1361083984375,567.2599704628611,557.0182010507953,560.7939558319928,3531702
2020-07-27,561.0770874023438,566.3631201449892,555.0358577420895,564.6168569032499,3345182
2020-07-28,585.5723876953125,590.7168654685655,555.7439458750426,558.4341483001406,10289416
2020-07-29,570.9412231445312,589.8672376342364,567.3070826818779,585.2419155786428,5182915
2020-07-30,564.8056640625,580.3334662644307,562.8234159573354,572.026817727707,4958267
2020-07-31,572.4515991210938,576.6048945644604,558.953288106628,566.2688125585822,3962668
2020-08-03,563.6730346679688,585.7139809291081,560.8884038967041,575.8026242816372,5002825
2020-08-04,568.8174438476562,575.4250148205259,563.6730239666794,563.6730239666794,4889709
2020-08-05,579.814208984375,585.241855222324,569.3837003454378,571.9323457537699,3834812
2020-08-06,575.4722290039062,583.3540937954084,571.6020459171325,583.3540937954084,3857553
2020-08-07,566.7880249023438,581.9382300750383,565.1361321162426,575.8969991262037,7679198
2020-08-10,593.6430053710938,604.8758400822095,571.0828499078698,571.0828499078698,12341769
2020-08-11,594.256591796875,604.6871028167658,587.5074647197436,594.6813757308005,5128836
2020-08-12,599.3538818359375,612.238610366974,589.3480971689327,592.7934964276243,8891590
2020-08-13,596.050048828125,609.1235755755753,593.1710475805518,599.5426332196549,5773589
2020-08-14,580.0030517578125,602.0911791907301,573.48985273779,598.4570388299608,3622823
2020-08-17,588.64013671875,596.5692446615279,579.3895491944721,592.7934899484802,5687622
2020-08-18,587.743408203125,597.277165275139,583.9204106791608,589.9616409276364,3989439
2020-08-19,588.9232788085938,596.4747871370209,587.1297725352177,591.8494652404847,2762486
2020-08-20,577.7376098632812,588.0737490784394,575.8025472517625,585.2419332722832,3165784
2020-08-21,575.61376953125,586.1387083830411,573.9146915067147,585.2419551548735,4191258
2020-08-24,568.203857421875,581.1830133004593,567.3071042203029,578.6343675325219,3707968
2020-08-25,575.18896484375,578.0680236744083,567.7790698536298,571.0828549649976,4248590
2020-08-26,578.9646606445312,590.4335365583037,576.2744589429966,578.6343052122145,5814785
2020-08-27,601.052978515625,603.4600107231513,581.0886515902218,584.4396801289269,7637436
2020-08-28,596.0028686523438,610.7282881021663,594.0677483875421,606.2445796501025,7809917
2020-08-31,572.87646484375,604.5927845968954,568.3455126389144,601.2889988887157,5012805
2020-09-01,573.4898681640625,586.7050081782417,571.0828363270247,575.8025291892316,5572232
2020-09-02,606.7164916992188,609.6899211216487,568.2981819079074,573.9146276983664,7887097
2020-09-03,608.510009765625,619.2236892708976,596.5691640536696,604.5926417347712,9194655
2020-09-04,596.5692138671875,613.3713099502522,591.18875215614,593.7373979785774,5889085
2020-09-07,576.2273559570312,598.3154856280739,571.366048901765,596.8523922545822,9387992
2020-09-08,574.48095703125,589.489602461143,571.3659714552632,576.746432512023,6825892
2020-09-09,579.4839477539062,582.4101344602749,563.9089603655844,572.7819489157149,6589023
2020-09-10,580.9470825195312,588.9233760308845,578.540050365168,584.7700227192196,4699612
2020-09-11,579.814208984375,587.0353613724105,577.7847182152473,580.4277920392552,2837723
2020-09-14,580.805419921875,594.1149889989082,577.5960631899046,580.522249859266,4918699
2020-09-15,579.0591430664062,589.017683728552,577.643235172828,584.5339753988875,3805649
2020-09-16,603.6015625,613.3713041783942,581.4661903229714,581.4661903229714,18993356
2020-09-17,601.10009765625,607.4244978904627,592.4630939093219,595.6252652197079,6363964
2020-09-18,617.4774169921875,622.4330943111828,598.9761870998767,604.1206636489495,13518207
2020-09-21,587.5545654296875,629.2294180895054,580.9469955407824,620.1676310015247,9301954
2020-09-22,581.2774047851562,589.2536978404873,569.1950016785164,587.5546198059266,5369370
2020-09-23,578.2567749023438,588.4041150556868,569.430971860859,587.1770063737847,4116481
2020-09-24,542.8590698242188,572.4043943131945,535.6851594566077,571.0828572180576,8991885
2020-09-25,559.0948486328125,562.0682784137794,544.275000364486,551.1657985726387,5415792
2020-09-28,580.7581787109375,583.354009660072,559.8499172934426,561.643423540037,5494528
2020-09-29,578.8231811523438,591.3775534458238,569.289366393053,580.7582438268844,5747565
2020-09-30,573.8204345703125,588.0738877776478,571.6021437642347,581.4191305863217,4990827
2020-10-01,575.9442138671875,587.0354934577083,574.0563364900776,580.2391233774235,3842191
2020-10-05,572.9707641601562,581.702196727671,563.6257484208983,580.5222734077365,5977261
2020-10-06,592.2271118164062,597.5131450303824,574.8586182045859,577.3128355653374,9071955
2020-10-07,596.1915893554688,601.1945099644666,589.9616177177451,594.5869398460278,6086867
2020-10-08,598.5986328125,605.0174031969588,592.4157894435456,598.5986328125,4683786
2020-10-09,597.701904296875,611.153028699958,593.0765823339487,598.5986574464346,4972397
2020-10-12,598.8346557617188,603.8375186926827,594.6813029812363,602.1384407782812,3247640
2020-10-13,592.6990966796875,606.0086084937527,589.34806840801,598.7874548331464,3769222
2020-10-14,588.8760986328125,592.6046677905556,581.7493734100168,588.4513723347628,2776984
2020-10-15,582.6932373046875,597.5130836023458,579.6726225157643,586.1386359506122,3794955
2020-10-16,572.640380859375,588.9705072913266,568.2982286848747,582.8820917335272,4274910
2020-10-19,563.9561157226562,580.0502569769532,561.8322539192418,578.3511790569094,3646287
2020-10-20,568.487060546875,574.8586465305884,557.2069819863528,563.9089810706214,4377671
2020-10-21,567.1654663085938,576.5576665956519,559.0004322523547,572.8763407435092,3684706
2020-10-22,570.46923828125,572.9235130734359,560.7938681669158,566.1743294117207,3818694
2020-10-23,590.103271484375,592.7934735978414,571.4132400795484,575.5665931947194,6421723
2020-10-26,563.6730346679688,590.7640300802974,561.2659448199676,589.9145197928685,4800537
2020-10-27,563.6730346679688,571.0829306399844,560.227635264183,566.7408355350431,5712121
2020-10-28,570.2804565429688,578.6342890573966,560.8882571310145,565.4191503187285,6811118
2020-10-29,558.7645263671875,570.280590058308,557.1598190505366,564.6641432567527,3680773
2020-10-30,560.6995239257812,568.0150480174055,553.9031545373264,559.3308014440153,4209087
2020-11-02,562.6346435546875,566.2688420721681,555.9798873258532,558.8117033903312,4085120
2020-11-03,562.398681640625,571.5077133953462,560.6996034558725,565.7024671828734,3669816
2020-11-04,563.3425903320312,569.8086048309037,558.8116962097761,564.2865290080613,2475177
2020-11-05,568.3453979492188,573.3483185313689,565.6551960322382,569.4781357718459,3794240
2020-11-06,579.20068359375,584.5811449662469,567.9678491771232,569.1949577956202,5908936
2020-11-09,581.7965087890625,587.1297847019066,575.9913212093489,586.1858461412926,3819808
2020-11-10,585.19482421875,592.510349339154,576.7465611054004,587.129887082748,7876161
2020-11-11,597.701904296875,608.4155838462365,587.2713947912068,589.9615966264486,7561527
2020-11-12,597.22998046875,617.7134601850997,594.2093653414665,597.560335942626,6913788
2020-11-13,594.5396728515625,603.1295482272171,592.8405949837371,598.4098554757927,4107823
2020-11-14,595.9556274414062,598.9290571535023,594.5397195048731,598.9290571535023,295788
2020-11-17,601.52490234375,609.784365498725,598.1267462625088,603.176794974745,6173551
2020-11-18,666.1846313476562,670.1491847784699,601.2888560658264,601.4776552984246,32986476
2020-11-19,664.4384155273438,687.5649116429968,653.4886930024802,659.8130932588367,15336768
2020-11-20,675.482421875,678.2670521966188,658.3027858842096,670.1963888952857,6730897
2020-11-23,665.901611328125,680.3438628673433,659.8131947891404,676.2377522970826,4484068
2020-11-24,688.461669921875,703.7063030192465,666.6567089300373,670.1964790659491,16121626
2020-11-25,679.5886840820312,691.8598872812415,675.8601146641972,690.9631339863022,5423034
2020-11-26,687.6593017578125,695.4939809758101,679.6358232884352,681.5237005753474,6798860
2020-11-27,681.5236206054688,701.2991443881068,671.1402967458287,695.588327787992,11302666
2020-12-01,693.3701171875,695.210809060042,668.3557432023118,695.1164382413239,5710611
2020-12-02,711.3521728515625,715.5055261277614,689.5943975968836,692.8509975960117,6337698
2020-12-03,704.03662109375,713.9479769474215,702.007187558445,708.0011749579072,2957787
2020-12-04,708.4730834960938,721.5938526886425,701.5351580391867,707.1043610443844,5356456
2020-12-07,710.1251220703125,713.4760931665978,702.3376272515669,707.9540744314128,3525945
2020-12-08,711.729736328125,721.169122751575,701.8655659929314,711.1161531652237,4333519
2020-12-09,712.6736450195312,720.1779684334846,708.1427512493799,714.3727229816581,3213975
2020-12-10,694.8804321289062,712.6264665082359,690.0663106406137,703.2342657980437,3814006
2020-12-11,686.7625732421875,704.8390219603677,681.6180959274999,697.4763117990954,4197494
2020-12-14,671.8010864257812,696.060319003702,670.1963793469109,690.6326722695545,4183639
2020-12-15,677.70068359375,679.6357460702907,661.7009138823247,670.1963607082033,5495877
2020-12-16,690.9159545898438,704.414266703824,685.4883069737004,695.7772044084084,11262389
2020-12-17,689.6887817382812,697.0514915155377,684.6858609180782,693.8892625430092,3630553
2020-12-18,692.4733276367188,696.5794950775565,682.0428177239689,685.3937882009013,6671658
2020-12-21,647.4946899414062,689.0751734757116,623.2354565579981,688.1312348819092,9130116
2020-12-22,656.0845336914062,660.1434582803942,629.8902366916348,650.1849172500163,7305751
2020-12-23,671.6123657226562,674.9161510775815,649.6657915792243,654.1495002751943,4383472
2020-12-24,671.0460205078125,682.0428713954184,660.8514368272496,672.5562993275917,3373695
2020-12-28,671.0931396484375,678.5030343972631,667.6477408134019,675.2936778187932,2484872
2020-12-29,667.4118041992188,676.8040051942684,664.5328028685703,674.4441585931727,2808820
2020-12-30,680.2965698242188,683.694725785205,664.863138935591,670.1964151437307,3219036
2020-12-31,680.2021484375,684.8746561423146,673.5002072620489,679.3998236536225,3723205
2021-01-01,691.387939453125,702.9983743957837,682.4677068655946,684.355584339635,9543128
2021-01-04,707.1043701171875,708.8978764718794,686.4793351054252,693.7948591302682,4547027
2021-01-05,698.6089477539062,706.0660858773996,689.0751907627028,706.0660858773996,3551554
2021-01-06,694.8331909179688,704.6029901437165,689.4999723154139,699.4585131732628,3601608
2021-01-07,702.6679077148438,712.6736336988829,698.6089256970656,701.3463706467152,4063641
2021-01-08,727.3047485351562,729.4757959633185,703.2343123409363,707.954005712352,5998381
2021-01-11,744.8618774414062,747.0329821699952,720.4139038703124,729.7116754261226,6643610
2021-01-12,736.1304931640625,752.0830785277554,733.8178896879577,745.6643075791679,5532160
2021-01-13,781.9114990234375,790.5485600683659,738.3959535683333,740.6141861840453,19610461
2021-01-14,783.3746948242188,796.5425926680535,780.9676052185405,782.430756190915,8576718
2021-01-15,773.6992797851562,791.0205296747836,769.6402978022793,781.5811438791417,4996951
2021-01-18,763.6463012695312,774.7847648457071,752.460652287658,772.047377567439,3955069
2021-01-19,762.7495727539062,773.6520520404438,756.6139718655975,764.5902645430868,3991167
2021-01-20,778.2774047851562,785.3097591406517,757.0387854914437,761.7584786678243,4502291
2021-01-21,762.9384155273438,788.1887744699437,755.4340917207796,776.861510645226,4455107
2021-01-22,753.6405639648438,780.3540134992968,750.431149838399,762.702351030725,5588252
2021-01-25,750.0064086914062,767.3749021060976,740.283852561706,757.1331336517795,3353172
2021-01-27,726.7854614257812,771.1977564398054,720.6026757579164,752.3189863923193,6585102
2021-01-28,722.1129760742188,734.4785477825337,713.7119001045824,715.505406358507,4622634
2021-01-29,707.5762939453125,755.1036331564914,704.1781383071667,729.2396945754385,8761073
2021-02-01,750.57275390625,763.5046658269378,699.9776135416178,710.7857213585352,6592083
2021-02-02,771.0562133789062,790.4541974735984,757.6050884856627,764.590257089635,5334431
2021-02-03,786.4896850585938,810.7489195888107,772.1418062318418,774.9736221471175,8802838
2021-02-04,817.9229125976562,843.4564438167631,788.1888424916826,788.1888424916826,14706560
2021-02-05,816.9788818359375,832.2706991191599,794.0411847178248,830.5716211129,15668083
2021-02-08,876.3526000976562,898.6767129308064,841.0492741852457,841.0492741852457,21179625
2021-02-09,844.8250122070312,886.3583088965389,835.5744258306921,877.3908925658498,9210613
2021-02-10,862.9015502929688,865.5917524323592,836.4240247521291,848.6008565285615,6465767
2021-02-11,862.9486694335938,868.4706871328897,851.762962587862,865.0725312584674,3640848
2021-02-12,857.615478515625,867.0548653412077,854.2645077152321,864.647833223373,2484145
2021-02-15,860.7304077148438,868.4235305142322,847.8928655265315,859.8337121164788,4178613
2021-02-16,861.060791015625,870.0753930033051,851.5269767140835,863.7038075378618,4223635
2021-02-17,863.6566162109375,868.5651083548383,853.8868173294982,854.2644158072748,3903522
2021-02-18,844.3058471679688,863.6565874337502,841.6628307519153,863.6565874337502,4616205
2021-02-19,829.9580688476562,854.8780725783657,814.4774517401786,840.1054094676305,5171996
2021-02-22,790.1710205078125,833.025858243567,786.3952659095414,830.6660116196475,5960870
2021-02-23,793.80517578125,808.9081933543958,773.1800828398588,794.8906706012559,7348084
2021-02-24,801.9701538085938,807.9170126514375,792.9083669460136,793.9466762859258,3184114
2021-02-25,810.84326171875,818.0171720715841,794.8434908408434,805.2740009037108,6134649
2021-02-26,761.1920776367188,808.6249902647136,753.7349399692312,800.5070840827057,12073749
2021-03-01,773.5104370117188,804.8963930157585,770.4426368007976,774.9735302050095,9223619
2021-03-02,811.83447265625,819.3387968924123,774.07692441236,786.253756766393,9706013
2021-03-03,804.2828369140625,819.3386684385881,799.5631441235176,818.3475444752611,5028771
2021-03-04,797.8640747070312,810.1824614983652,787.9999051474451,794.6546605300335,4574138
2021-03-05,793.2860717773438,812.4952004355546,791.3509514363503,792.9084732685052,5179108
2021-03-08,803.291748046875,809.2857351073717,792.9084234540246,800.4127468415453,3474579
2021-03-09,804.2356567382812,817.1676265911501,794.7962710958132,805.1795953025281,3536262
2021-03-10,815.374267578125,825.9463929303228,801.4039858261075,808.3891555088403,3971353
2021-03-12,807.8226928710938,827.0790645605856,796.825842061516,820.754664022428,4012449
2021-03-15,797.0618286132812,813.6751260060789,777.8054568782007,813.6751260060789,3069303
2021-03-16,795.5986938476562,808.4834798824035,792.9084916534955,804.235755819974,2996797
2021-03-17,790.0294189453125,803.6221001510534,786.9616185102524,800.0823304182917,2034583
2021-03-18,798.24169921875,812.3063497745355,787.2447914960019,794.7963002873304,5033325
2021-03-19,802.6309204101562,811.7871356724042,774.5487491470702,792.8611796715661,7538327
2021-03-22,805.2268676757812,811.173669750127,785.4985841203519,802.1590670106443,2906300
2021-03-23,797.2977905273438,816.5069186904652,794.3243607838456,811.7400401098162,3925212
2021-03-24,765.9118041992188,797.6281181599669,763.2687300246231,789.3686553979554,4066262
2021-03-25,747.3162231445312,768.366043021574,743.9180095164199,766.2893665177463,4501404
2021-03-26,754.5372924804688,768.9795990673052,747.7409806907099,755.0092617777265,4170972
2021-03-30,750.4312133789062,760.3897544362775,739.1039497807341,760.3897544362775,5670999
2021-03-31,750.6671752929688,760.5785306410683,745.8058684340009,750.5255614569055,3972382
2021-04-01,762.3247680664062,764.401444448487,736.036101869009,756.5667658198278,5678798
2021-04-05,731.0333862304688,763.4576596809403,726.1248931421768,762.9856902996324,4176802
2021-04-06,737.3104248046875,747.2217802040291,731.5524223323511,740.0478698175009,2984229
2021-04-07,751.6583251953125,753.8293725379405,731.9300422481119,737.4992456389016,2271095
2021-04-08,750.57275390625,765.534156735421,748.5432629977668,757.0387098665939,3324494
2021-04-09,746.7970581054688,756.0948304153877,740.991812579375,750.4311987268829,2065092
2021-04-12,709.369873046875,735.3281851011519,697.1458563931727,735.3281851011519,4628388
2021-04-13,765.7701416015625,771.1977882138386,708.7090452593814,711.7296601141179,12501628
2021-04-15,759.9649658203125,763.5519786949307,741.1334362957751,759.8705950029558,5256004
2021-04-16,775.5870971679688,790.8788548875859,758.171420194589,759.9648687894725,6915568
2021-04-19,750.384033203125,761.7584822895934,741.0862030333836,741.0862030333836,4317341
2021-04-20,765.67578125,775.1623521965926,755.6699980078713,762.70235175903,4830957
2021-04-22,754.86767578125,759.7289247831909,741.4637367451555,750.4311530393363,4576665
2021-04-23,734.2899169921875,760.4369721513698,730.7029039429567,751.3751839332313,4796085
2021-04-26,736.7440795898438,748.8264821847085,732.1660004109908,736.2721102883769,3528851
2021-04-27,734.7619018554688,743.7765048531244,733.4403646395687,737.216119412488,3624649
2021-04-28,738.25439453125,756.6611981915802,735.186593921195,741.9357783086932,5214319
2021-04-29,731.1748046875,747.6465445137493,725.5111731791121,743.8236047682752,3642323
2021-04-30,710.3609619140625,734.7618086053599,708.3787139552293,725.3224228710332,4466148
2021-05-03,710.7385864257812,723.5761284493766,698.5617553370424,703.1398921539678,3749870
2021-05-04,699.6002197265625,719.9420880372122,690.1135893051744,716.4495031788679,3820769
2021-05-05,705.6412963867188,707.0100188939144,696.0131110419773,701.48800107076,3102424
2021-05-06,705.4996948242188,716.9213282258925,704.3197716375403,709.3698198311497,3662506
2021-05-07,724.3784790039062,728.7205733645895,708.8978634673663,709.8418020339006,4833670
2021-05-10,736.6968383789062,739.8590094138297,725.5583752306941,728.7205462656175,2095644
2021-05-11,732.4963989257812,735.9889834845852,723.2458115960568,726.8327669753243,2938331
2021-05-12,717.1101684570312,728.437431696747,712.8152593346604,728.2486324533971,3480378
2021-05-14,699.9305419921875,720.8859925333885,694.7388791722859,720.3195947486046,4984389
2021-05-17,711.304931640625,713.6175927695107,694.1724803505326,698.514574933119,3479938
2021-05-18,752.9798583984375,755.1037203208024,711.729728650263,718.337299075398,8634396
2021-05-19,740.802978515625,749.4872248858566,734.3842077596933,749.4872248858566,4360320
2021-05-20,758.2186889648438,764.1654906889387,738.1599934895834,740.0950561186262,10092542
2021-05-21,773.03857421875,774.9736369417747,755.8588791487527,758.9266797822007,5721630
2021-05-24,764.5902709960938,777.805411482446,761.7584551775897,775.4455649670259,3495533
2021-05-25,765.7701416015625,781.5811121677581,763.0326967865183,773.6992483935664,5044078
2021-05-26,775.162353515625,779.6932470606021,767.4220458356773,770.2538615029677,3084558
2021-05-27,782.1475219726562,784.4129977190264,771.1034861460657,779.0325360314783,6902630
2021-05-28,798.430419921875,805.1796037726128,765.0622143701087,782.5250779923751,11638455
2021-05-31,762.6552124023438,777.8054155886333,745.7115028094906,777.8054155886333,17596018
2021-06-01,761.0977172851562,772.1418109448307,755.3869000105144,767.4221177238966,7230033
2021-06-02,761.00341796875,766.4782510967515,757.3220338651474,761.0977887966585,4244490
2021-06-03,757.0859985351562,767.6109377480359,753.3574292670295,766.4781998216697,5001405
2021-06-04,759.4929809570312,768.3660269176729,758.0770730450207,768.3660269176729,5084092
2021-06-07,758.7849731445312,766.2421106638751,757.6050499682702,762.6079703263658,2994862
2021-06-08,762.5608520507812,764.5903432913155,752.7911095985484,759.0210819429511,2960405
2021-06-09,759.3514404296875,770.9618740254729,756.0948406420615,762.7024110346888,4176767
2021-06-10,761.7112426757812,765.4869969661491,758.0298591972972,762.7023666543151,2264605
2021-06-11,763.6463012695312,770.112257412903,760.3425162825803,763.6463012695312,1783272
2021-06-14,762.1832275390625,764.1182901297359,749.4872419555409,763.6463208337941,1598770
2021-06-15,763.2686767578125,767.8939986271241,760.8144596108937,762.0887535884408,1640381
2021-06-16,760.9561767578125,775.7759676865765,756.6612097473879,763.4575796484548,3863280
2021-06-17,760.5314331054688,764.4959872254619,748.1186159756745,757.0388483422975,1988175
2021-06-18,737.7352294921875,763.5991711656849,729.7589364947685,760.8145406666112,5793496
2021-06-21,733.2986450195312,735.1865221336843,719.6115359419215,732.4963202913912,3024852
2021-06-22,731.7412109375,745.2867067409406,729.3813644481592,736.3664754885442,2925669
2021-06-23,738.1128540039062,741.9357940919969,731.5524687293862,738.0656685931287,2700327
2021-06-24,747.41064453125,749.4873211755843,735.3282408007307,739.1039955673583,3251137
2021-06-25,749.7232055664062,756.9443586370669,745.7114666634699,748.7320815954272,1763201
2021-06-28,749.0153198242188,754.2069824064912,745.0035805560991,750.4312278012021,1409432
2021-06-29,737.7824096679688,747.5993944587635,735.7057907741145,744.7675785706622,3167773
2021-06-30,734.10107421875,745.145167564177,731.9772123297619,740.8974437862006,2393862
2021-07-01,735.7529296875,753.9709325603231,731.4580207179818,734.3842072387248,5697553
2021-07-02,738.726318359375,743.1628412602923,733.44028529452,741.9357326145338,1963778
2021-07-05,747.3634033203125,749.0152959073798,740.5198483167479,741.9357562485199,1320469
2021-07-06,738.065673828125,750.4312474386545,735.045058542161,746.2778942187734,1420179
2021-07-07,735.2338256835938,738.0656415879648,725.4640262454483,734.1954586172591,3004815
2021-07-08,732.7322998046875,743.4459793071816,727.7766224147041,734.337006863179,2010027
2021-07-09,728.2958374023438,732.4963758224676,724.0009281647328,728.7206213079188,1658120
2021-07-12,729.52294921875,737.2160721204413,725.4168392119834,732.4963789570581,2681410
2021-07-13,737.3577270507812,738.3488511476348,730.2781869111915,734.2899263236258,2189466
2021-07-14,742.077392578125,742.8797173850697,733.4875162969663,736.2721468365366,2067565
2021-07-15,744.4638671875,748.3298365169418,739.9774084697897,745.5138634086619,2109663
2021-07-16,744.3683471679688,748.3775241281808,741.2183003641994,748.3775241281808,845054
2021-07-19,740.550048828125,745.227431370262,735.0135944444318,740.550048828125,1265906
2021-07-20,725.6588745117188,740.4546024442625,718.1655192790602,739.7863966271855,2179910
2021-07-22,723.9884033203125,732.2453392747997,721.3156382614144,729.4771412095479,2182264
2021-07-23,729.4771118164062,732.9612320746494,723.7974498814079,724.0360906495852,1179241
2021-07-26,720.0269165039062,729.3816229954089,718.3087146196558,728.3316269166743,1187498
2021-07-27,711.6744995117188,725.4679478032542,708.9063015101402,721.649695446395,1732564
2021-07-28,695.5901489257812,716.5905373160856,691.7241799881297,716.5905373160856,4016758
2021-07-29,698.2151489257812,705.2788804814872,693.1082016924574,696.831020862099,2489035
2021-07-30,709.3357543945312,725.4678926812841,698.5969204568149,701.7947415198544,4642619
2021-08-02,723.2725219726562,724.5611589409974,710.7677095505552,715.9223739477437,2260861
2021-08-03,735.824951171875,737.5909278852397,721.1724307155743,728.7135026009506,3235393
2021-08-04,731.4339599609375,740.5500257214461,729.8111910727537,737.8772607501529,2659372
2021-08-05,724.8474731445312,731.5294149041218,722.3179158641171,731.1953411209057,1451370
2021-08-06,723.7975463867188,737.2091476940898,720.6952159867757,729.0953604942387,4471604
2021-08-09,739.7387084960938,746.4683669033907,726.8998227582251,727.3771043227414,6700633
2021-08-10,750.572998046875,753.9139690934824,739.9296538126868,741.6478558414169,4724852
2021-08-11,743.318359375,754.0571951421497,732.6272401144329,750.5730162329315,3147983
2021-08-12,740.931884765625,758.5435854916208,738.5931935343625,745.5137759616634,3551026
2021-08-13,743.2705688476562,753.6275550068893,737.4954155784832,747.3751784575036,3391864
2021-08-16,762.9822998046875,767.4210416735393,744.7978837912905,744.9410915658638,7131928
2021-08-17,754.725341796875,767.4210194329839,746.4683476390709,762.9345611899327,3835522
2021-08-18,755.3934936523438,760.7867985275977,751.1457344231657,757.827676191915,2450964
2021-08-20,749.9524536132812,755.3934161716566,740.9795379965491,752.9592921436619,3050982
2021-08-23,731.0999145507812,757.3981167694371,728.9521475377201,754.1048623636949,2512960
2021-08-24,742.7933349609375,744.4638204655295,726.9952682936955,732.1499325840581,1662376
2021-08-25,736.9703979492188,747.4228750962408,735.5385533609118,745.4660324779356,1693443
2021-08-26,745.8956298828125,747.3274745332694,732.3885387087386,735.968150334881,2576883
2021-08-27,739.9296264648438,749.3320499008745,730.2407874830178,744.4638012890847,2907125
2021-08-30,755.5844116210938,758.0663106430621,747.4229087526135,748.3297553517575,3028708
2021-08-31,757.2549438476562,759.6413517497741,745.8001859174906,752.1957707475487,3324467
2021-09-01,734.918212890625,766.0369491396968,733.963649714127,757.2549562635322,6031309
2021-09-02,718.2610473632812,738.9750791830187,715.9223560145848,737.7341004897316,4879865
2021-09-03,715.826904296875,722.604279118587,711.2449547286038,721.649716002182,4257842
2021-09-06,720.45654296875,725.2770752607098,713.1063950051927,718.786057443483,3682183
2021-09-07,718.8814086914062,724.2269967214194,714.1085934477721,720.7905347888599,2273976
2021-09-08,720.45654296875,723.3679489461189,714.9678048143011,721.6497469153693,2380939
2021-09-09,716.63818359375,722.1269209306319,713.5835702930177,715.9222613324175,3313559
2021-09-13,711.6744995117188,719.263287723358,706.7107597954202,719.263287723358,3139833
2021-09-14,716.1132202148438,718.3564201040589,710.8154068771934,710.95855637924,3089381
2021-09-15,720.79052734375,725.4679095389603,712.581308514255,717.8314052280239,3336656
2021-09-16,722.5565795898438,726.4225486497237,717.2109910552489,725.3247777353049,2686018
2021-09-17,719.8837890625,731.1953385539035,715.1109735366913,723.7497579860235,5504398
2021-09-20,704.5153198242188,722.1270215595807,698.9311487124285,715.3496465126293,2933375
2021-09-21,704.8970947265625,707.2357858474677,696.401460291243,706.4720887992421,2380834
2021-09-22,718.3087768554688,724.5134373864463,704.8971761293536,705.3267412031113,2287017
2021-09-23,723.9884033203125,727.3770907125892,718.5473819342538,722.1269936011465,1890322
2021-09-24,744.0343017578125,746.5161427859406,718.356528239645,724.9907541664941,4967824
2021-09-27,774.4846801757812,776.7756547202704,747.4705584597026,753.6275015688522,9210666
2021-09-28,769.425537109375,784.6508294549512,760.0708308436799,782.7417033492214,3853344
2021-09-29,775.20068359375,778.637145770246,762.6959300725432,763.6504931890295,2291977
2021-09-30,766.5618896484375,780.2599051593048,764.8914042150567,771.3347051723827,3264689
2021-10-01,790.2350463867188,793.2419434844738,751.2411666934788,763.6504871090001,7704216
2021-10-04,802.9307861328125,813.2877726083311,790.4736908935453,794.673791897225,6544700
2021-10-05,804.7444458007812,807.5604187241281,797.107940659182,802.9308107867978,2647442
2021-10-06,796.2009887695312,816.0559461225439,791.3327406900712,807.5603119708085,3288323
2021-10-07,838.3450317382812,847.4610975730624,799.1125121401766,801.5466363613308,9515673
2021-10-08,837.91552734375,854.3340252922516,832.9040707708066,853.0931048408573,3938358
2021-10-11,854.90673828125,861.4932473552681,839.0610132136075,839.0610132136075,5493159
2021-10-12,849.6566162109375,853.9999250491995,837.1518625494551,847.6520569485931,3433345
2021-10-13,892.8505249023438,927.0239286785052,852.4248030672427,852.4248030672427,17519612
2021-10-14,889.0801391601562,903.2553786001338,880.2981465480686,895.8575142047297,3354982
2021-10-18,869.5592651367188,914.4714472122455,867.0296496241139,914.4714472122455,2885649
2021-10-19,875.8116455078125,885.4527095268955,860.2522786078482,869.6069853489016,3476818
2021-10-20,858.486328125,882.8754627192174,853.9999280211016,871.5161381613103,3551282
2021-10-21,856.2431030273438,869.7024194691642,852.8066991627664,867.0296544342809,2614538
2021-10-22,847.5088500976562,868.4615224147711,844.8838014950131,862.9250679233967,1999394
2021-10-25,850.2293090820312,864.7386789031902,842.8791620415194,842.8791620415194,2833933
2021-10-26,853.9044189453125,859.106799550528,843.8337897807409,852.8067063252543,3410657
2021-10-27,846.5065307617188,862.7341031805727,843.3564842386755,859.1067751157985,3362019
2021-10-28,843.6906127929688,855.2885783148372,838.0110086871254,846.6975100058711,2171227
2021-10-29,844.0724487304688,860.5386627430224,822.8334190621024,843.3565263820968,2482056
2021-11-01,830.8040771484375,847.5567083078104,821.3062196969491,844.0725292419662,4146270
2021-11-02,822.3560791015625,839.347289977339,819.9696714431134,835.2426804571877,3704926
2021-11-03,810.4241333007812,830.3745269070613,804.6967542668534,824.7425808856007,3288759
2021-11-04,833.1903076171875,835.242641412276,814.2422549996245,816.867303301206,973315
2021-11-08,820.447021484375,838.3450804172802,815.4832814879338,838.1064396315081,4481883
2021-11-09,851.613525390625,864.261486947132,823.4061381022456,824.7425497978859,15376349
2021-11-10,877.864013671875,882.9709031583511,854.334009001864,864.7387705168185,17083220
2021-11-11,882.7322387695312,886.5982077248992,869.6069959654425,877.1957843663702,4935551
2021-11-12,895.1892700195312,896.8120389536812,882.970873903305,891.5619418656074,6239600
2021-11-15,886.2163696289062,905.4507803615858,879.2480126702152,892.5164625302399,3757546
2021-11-16,916.6669921875,922.0602973538656,883.4959223307512,886.2164622977323,7368780
2021-11-17,911.082763671875,934.5172761559893,904.2098976902563,916.3328607289311,5416608
2021-11-18,881.72998046875,911.607794976325,876.4798832201952,911.607794976325,3463426
2021-11-22,859.9181518554688,887.9823305131886,853.0930605958233,884.3072858550647,3731367
2021-11-23,860.3954467773438,867.2205964049422,852.9975825812642,857.054475850082,3195288
2021-11-24,852.6157836914062,866.4569488219099,849.5611700791892,866.4569488219099,2708554
2021-11-25,850.7066040039062,858.0567511602221,843.3564568475904,850.4202467405496,2288825
2021-11-26,814.958251953125,844.7883490231516,804.6966985610359,844.7883490231516,3934155
2021-11-29,812.1422729492188,828.3698456316672,790.7123197250154,806.7967428997636,3936245
2021-11-30,797.5374755859375,821.687910531191,790.9032503425059,812.1422794649321,6067618
2021-12-01,796.7738037109375,804.4103082472601,785.8440449409446,798.0147240457087,5121634
2021-12-02,810.9490966796875,820.8765765516382,797.1079312735137,797.8238536221089,4677008
2021-12-03,798.921630859375,816.7241984450454,796.0579414422999,810.3763885276752,2933597
2021-12-06,784.7940673828125,802.4057097755855,782.7894499376015,799.9238690475041,1552749
2021-12-07,788.42138671875,795.7715340791174,785.1281324439593,788.9463847597963,1976433
2021-12-08,802.5489501953125,805.3649230764499,789.3759906758892,796.5829306428644,2346456
2021-12-09,812.4286499023438,818.4424441810108,798.0147700636139,818.4424441810108,4078098
2021-12-10,820.6378784179688,829.1334547371004,811.4740380392251,811.4740380392251,3434165
2021-12-13,804.7921142578125,829.4676049805748,801.5466347235408,829.4676049805748,2683048
2021-12-14,798.8261108398438,803.6944176308149,788.4691244589178,801.8330079243233,1979863
2021-12-15,807.7513427734375,814.9105663416341,800.1148376340278,805.6512922077178,3208613
2021-12-16,814.5286865234375,823.0720379726944,807.7513117770485,814.146896238264,3965285
2021-12-17,796.6783447265625,813.5264068472292,792.287377745028,809.4695136479323,2675800
2021-12-20,777.30078125,792.2874347402401,760.7868499855076,788.4691820426967,2907378
2021-12-21,775.2962036132812,789.4237266087953,770.8097451470401,785.0327594148893,1973119
2021-12-22,781.5008544921875,789.6146411834521,774.1507066606598,781.5962875014383,1979912
2021-12-23,789.280517578125,795.9147431255742,785.3668319663751,787.4191660444336,1495208
2021-12-24,775.7257080078125,794.2441967487417,771.2869663939756,793.2419171700418,1071730
2021-12-27,781.357666015625,785.7486915259122,770.2847566211668,771.287036290697,1492196
2021-12-28,800.5921630859375,801.8330835867247,781.8349730044112,786.5600724707871,1677680
2021-12-29,794.8646850585938,805.126238125865,793.0987084108032,805.126238125865,1575343
2021-12-30,791.6192016601562,804.6967283521884,789.5669258629049,804.6967283521884,1874659
2021-12-31,799.1124877929688,806.6057844980404,792.4782628834736,796.8692296481682,1528983
2022-01-03,792.096435546875,801.8329906572371,788.7554647524698,797.0601752366583,1537088
2022-01-04,794.0532836914062,803.7421223667421,788.1350391386118,799.8761535018015,1886453
2022-01-05,801.355712890625,808.5149360552225,792.2873635488013,792.2873635488013,2634010
2022-01-06,801.6898193359375,803.9807941467294,789.9009880159318,800.8784639823164,2962301
2022-01-07,791.3328247070312,811.1400094026535,785.1281644409327,802.787582121367,2531717
2022-01-10,803.6943969726562,808.2762881049264,792.0009992409936,797.9670184918418,3403434
2022-01-11,803.1693725585938,810.1853876624551,797.5851437660159,803.7420870831072,2117911
2022-01-12,840.54052734375,844.0247059688651,804.2194129853397,808.3240226692631,9022415
2022-01-13,855.2885131835938,868.1751146657126,828.5607471466064,840.540502057232,5658001
2022-01-14,841.1610107421875,855.2408163896848,839.6814495977134,849.3702300522365,2027852
2022-01-17,859.8704833984375,862.9250971646771,842.5451969910504,844.0247582375677,3617269
2022-01-18,851.613525390625,868.7478870784025,847.9384223585694,861.0159489788114,3468168
2022-01-19,853.76123046875,867.6501114418563,840.7791377998105,867.6501114418563,4215758
2022-01-20,840.4927978515625,856.8158033296068,833.1903669334384,855.2885256956274,2486026
2022-01-21,835.4336547851562,844.692928707177,825.8880235793431,836.0063693527414,1872843
2022-01-24,815.8651123046875,838.4404951905593,809.5172442364537,831.6154038230718,3386669
2022-01-25,815.6741333007812,819.2537447693336,806.8444250116856,807.655780306462,4742388
2022-01-27,819.0628662109375,823.6447574939837,802.9785010861258,807.1785438197895,2927566
2022-01-28,830.1358032226562,855.2885169969904,821.3060947603548,825.124347068377,4208702
2022-01-31,845.5518798828125,848.4632853326929,832.4743553448689,838.9654302479539,2335040
2022-02-01,830.18359375,854.0476728030533,824.9334963583283,851.4703406129412,2921070
2022-02-02,829.849365234375,840.3018422971242,825.8402470289633,835.9108755664803,1341479
2022-02-03,817.2969360351562,842.3065008513181,813.4309671412283,828.5607689374543,2630289
2022-02-04,803.455810546875,822.2607161498589,798.1579967461688,822.2607161498589,2080640
2022-02-07,791.8101196289062,806.3194909176468,784.8418204033003,802.7875956695723,1801701
2022-02-08,794.2442626953125,799.637567834179,780.0213066209341,792.2874198769144,2729631
2022-02-09,802.0239868164062,807.5127250420586,795.294328122554,799.9239361907307,2165223
2022-02-10,814.2901000976562,818.7765586467331,792.4306384730371,805.6513150659781,6949276
2022-02-11,814.8628540039062,822.7857164741772,797.6329425854751,814.242364653392,5146850
2022-02-14,787.5623168945312,806.9877119946144,745.2274644086701,803.5035331850972,4202165
2022-02-15,815.7695922851562,819.0151300914471,783.1235812616663,790.3782374309069,2728328
2022-02-16,824.9810791015625,838.5836019562888,815.7695227758816,815.7695227758816,4401342
2022-02-17,823.0720825195312,837.4382463869158,819.9697522577876,832.3790733047623,2041741
2022-02-18,813.2877807617188,830.2312761942545,808.6581729201276,818.2515206534914,1616856
2022-02-21,802.8829345703125,811.8558502826659,794.1964343741071,806.7966779179999,2255753
2022-02-22,814.4810180664062,817.1060667621961,785.939556214691,789.4237350611403,2768989
2022-02-23,811.6649780273438,830.1835251469797,807.2740111491984,817.1059992541982,2265060
2022-02-24,759.641357421875,794.1011227429085,754.5821842839915,780.9281044153281,5677898
2022-02-25,770.9051513671875,787.5145729375429,765.559621207163,775.773458229765,3470318
2022-02-28,754.9161987304688,770.3324159858785,751.0025133542625,770.3324159858785,5026913
2022-03-02,742.984130859375,773.9119971588285,734.0589895962246,749.8092800101878,5779175
2022-03-03,727.4248046875,757.111752298894,725.5156784717927,756.0139814200988,2763929
2022-03-04,699.0264892578125,721.6496445283436,696.8310059599085,715.9222663971663,4829850
2022-03-07,659.1735229492188,687.1422095284308,650.7733795013263,687.1422095284308,7008637
2022-03-08,668.8146362304688,671.1055526342353,640.6550257526148,659.1735142961617,4000294
2022-03-09,701.4606323242188,706.2812223248105,668.1941334153724,672.9669486540537,5490287
2022-03-10,705.2789916992188,727.8544345138228,701.6039467116849,727.3294364101628,4064470
2022-03-11,701.4129638671875,708.0949056590179,695.5901521819274,700.6493250290744,2364792
2022-03-14,709.4313354492188,712.1041005818624,692.4878397584305,701.4129817893773,3563695
2022-03-15,726.613525390625,734.250031052614,711.1495897727146,711.1495897727146,4811450
2022-03-16,738.4977416992188,740.7409416067966,730.2407478469064,733.9157923581055,2277631
2022-03-17,758.304931640625,763.5550285638969,741.6955107967838,749.332015412452,3787641
2022-03-21,747.9002075195312,755.1548639558631,744.654669593751,753.7230192701205,3008019
2022-03-22,749.90478515625,753.198039666563,734.0590602170571,747.4229442782258,5436875
2022-03-23,738.92724609375,758.113998677699,737.0181199617296,754.1048221480748,3277274
2022-03-24,730.8612670898438,744.5592243875957,727.9975777652761,738.5454884583853,2248114
2022-03-25,730.002197265625,737.8773435584546,723.7498200430945,737.8773435584546,3148869
2022-03-28,734.2976684570312,737.5909228213749,717.1632490713981,730.1453422554077,4719388
2022-03-29,738.2113647460938,747.4229221488606,735.6818074379845,735.9681647212918,3519610
2022-03-30,757.3026733398438,758.8777258870158,740.6455925069481,743.8910723523362,4407033
2022-03-31,769.90283203125,776.0597754817336,761.7413294396351,761.7413294396351,7059986
2022-04-01,788.9940795898438,791.8100522478077,771.0005893504573,774.1506357721182,3406177
2022-04-04,795.8192749023438,798.0147583986666,773.1961175872248,780.8326224522838,4163250
2022-04-05,798.5397338867188,813.2877451429242,795.8192524101935,798.9692989256192,2669967
2022-04-06,790.2350463867188,800.5920910752797,785.5577221103212,800.5920910752797,2049292
2022-04-07,796.3919677734375,802.1193462662517,784.937210787809,788.4691058440925,2913537
2022-04-08,818.4425048828125,821.5448352596828,789.4714770216594,792.2874500930476,4145522
2022-04-11,817.9174194335938,822.212953648827,807.751356748022,816.1037843887533,2922901
2022-04-12,821.6879272460938,827.9880788351282,804.9830725403277,811.3786571372029,2961076
2022-04-13,826.7471313476562,835.2427667946753,823.1675194899648,823.3107272690371,3695363
2022-04-18,834.3836059570312,836.1972992029888,819.1105959259264,826.7471009414788,3076843
2022-04-19,832.8563232421875,847.4611273440813,825.7925328405846,838.201853416113,3301212
2022-04-20,841.2086791992188,849.465672801936,833.7630991378363,833.7630991378363,2208791
2022-04-21,869.60693359375,872.4706227274287,840.7314014958237,841.2086830181034,3206906
2022-04-22,878.818603515625,884.9277728308391,848.6543724636934,862.7341791851513,4924905
2022-04-25,862.925048828125,885.8345633987832,854.4294138700759,872.804753681958,5476626
2022-04-26,897.4324951171875,900.057543564227,865.4068574537808,865.4068574537808,6384561
2022-04-27,884.73681640625,897.9575507538017,881.014055145159,887.74371357959,3154605
2022-04-28,880.96630859375,902.0621298061465,876.7662076475614,902.0621298061465,2869224
2022-04-29,880.20263671875,896.5734176630359,876.2889512000712,886.6937125964264,3467791
2022-05-02,879.4866943359375,891.2755836512121,868.3660691090979,873.4252419180998,2740823
2022-05-04,855.3839721679688,881.9685895086819,850.5634401565436,876.1934943955129,2408261
2022-05-05,858.199951171875,879.1526230589404,854.9544715596386,868.6524288638825,2690817
2022-05-06,853.2362060546875,873.2343147088932,846.9838293843031,849.5611614140081,4247088
2022-05-09,854.6203002929688,860.9204514780128,835.2426817292318,840.0154970533988,1790691
2022-05-10,847.986083984375,869.5592444266705,843.929190917477,854.6203090049777,2436623
2022-05-11,846.7452392578125,857.5795660788124,836.6746095741906,848.224800503137,3048794
2022-05-12,825.9356689453125,848.6065411064811,814.9104775045777,844.6928559539464,4908042
2022-05-13,849.0838623046875,863.8795900907726,830.5653151902441,839.8245887474658,4956950
2022-05-16,862.3046264648438,867.6024987302343,852.1385635418274,854.3340472062877,2856221
2022-05-17,869.4160766601562,875.3343796471205,857.3408881685165,865.7887484623101,3469290
2022-05-18,871.8024291992188,880.823061749495,864.0704917343566,868.6523827602714,3203522
2022-05-19,842.4496459960938,871.5161038276108,840.1587295302522,860.0613467126805,2658159
2022-05-20,862.734130859375,869.9410707183495,848.2725346381035,856.1476803293206,3426756
2022-05-23,899.1030883789062,900.582649665121,868.8911402311676,869.6070626208116,6613972
2022-05-24,903.8280639648438,916.7624408088359,900.2484522763386,905.8803979710169,4546511
2022-05-25,886.2163696289062,910.4622364346166,881.395779558657,910.4622364346166,1363358
2022-05-26,887.552734375,891.0846294004737,873.2342882678687,887.8390916447613,2384886
2022-05-27,909.555419921875,914.471443155921,881.0617348986586,897.2893074807574,3269005
2022-05-30,952.988037109375,965.7792058135965,913.5645931649178,928.073963777879,11690785
2022-05-31,987.3523559570312,995.6093503843501,946.9266304710214,952.6062927799585,13301109
2022-06-01,999.7615966796875,1009.2117942698806,968.6905807572427,987.9727662041394,7889745
2022-06-02,997.0889892578125,1009.8800423041195,987.9728645263256,997.4707213004071,4081658
2022-06-03,981.911376953125,1008.5437113129504,979.0953458340873,1002.3867092730269,2660682
2022-06-06,988.8795776367188,1000.9548239220452,971.7452169339028,981.2908477485777,3443406
2022-06-07,995.1798095703125,997.5184425629672,971.8406717893581,987.7819455225967,2162861
2022-06-08,997.5183715820312,1008.9253532408385,987.2568189557089,1008.9253532408385,4293398
2022-06-09,997.6138916015625,1001.6231266125968,985.1091380569596,988.9273905300487,2757706
2022-06-10,989.4046630859375,996.0866048530398,979.9544649962722,986.0636922023864,2425545
2022-06-13,958.667724609375,982.245445198992,953.178986698885,977.1385558392127,4047155
2022-06-14,972.9384155273438,978.4271532161171,953.6562297335325,954.5630763084068,3614327
2022-06-15,978.9044189453125,992.0774357951542,973.6543221104034,978.093063648316,3333753
2022-06-16,959.5745239257812,990.5500488670066,951.6993786162685,990.5500488670066,3255301
2022-06-17,952.3199462890625,962.1519350443767,938.4787806665773,954.5631463782872,5318310
2022-06-20,938.0491333007812,962.199567132988,934.6126713181629,959.3358779450922,3722583
2022-06-21,952.6063232421875,959.097341119151,937.1901048052264,938.0492349594634,6263423
2022-06-22,939.0991821289062,958.3336522264051,928.4558383396993,949.9335084556568,2629024
2022-06-23,981.0045166015625,984.727336244289,940.4356404113274,941.1992792898089,7303072
2022-06-24,1023.3394165039062,1025.678049486042,984.7272692497281,989.7865002820334,7273273
2022-06-27,1033.5054931640625,1045.2466667147717,1023.3394886657588,1040.2829848613637,6316257
2022-06-28,1061.4742431640625,1070.4948184950906,1030.4031654259445,1032.8373481146723,11020641
2022-06-29,1061.2354736328125,1064.7673103175914,1041.1418747678617,1055.746736080855,5052023
2022-06-30,1043.480712890625,1066.7243018910485,1038.6124642136044,1058.8969308043736,4165189
2022-07-01,1057.0355224609375,1062.762901586412,1015.6552315841494,1042.7648494161608,2839545
2022-07-04,1041.6192626953125,1051.9285913250872,1030.3554874393371,1050.9740281750644,2784613
2022-07-05,1032.78955078125,1051.9285884972855,1029.0190729583248,1041.428393875262,3675577
2022-07-06,1054.362548828125,1061.4739961677517,1031.5006963525,1033.505255234748,4957228
2022-07-07,1081.806396484375,1087.1995847237129,1063.9559967874518,1068.1560976881287,4917004
2022-07-08,1082.0927734375,1140.6075416774993,1074.9813245144517,1131.1095683337899,10482265
2022-07-11,1112.1136474609375,1114.8341286516293,1071.640153767696,1077.6538306328357,4520273
2022-07-12,1094.5498046875,1111.5409579961752,1090.1110629565128,1111.1114512096156,2452632
2022-07-13,1088.5360107421875,1103.952228153899,1086.3882437613433,1100.802123305801,3379695
2022-07-14,1101.89208984375,1110.2817167404296,1090.850436788023,1094.3221201953036,2423203
2022-07-15,1130.6773681640625,1133.9561149923659,1099.7223865746053,1102.2296220140925,3879759
2022-07-18,1121.9019775390625,1137.4276729741223,1117.8999829548547,1137.4276729741223,3480683
2022-07-19,1143.9368896484375,1147.0709633187073,1119.5875480563423,1120.4554689236386,4056414
2022-07-20,1124.0716552734375,1152.3747264767376,1121.0339912378306,1152.3747264767376,3028752
2022-07-21,1133.2327880859375,1137.9097665492968,1123.2519929140858,1125.4698819988848,2062279
2022-07-22,1138.970458984375,1143.5992913693767,1128.5557626922673,1137.909719230007,1983433
2022-07-25,1095.3345947265625,1142.7314545491865,1091.6219464554256,1142.7314545491865,4380502
2022-07-26,1095.4791259765625,1105.122428141849,1085.0161666704446,1093.5504655435052,2598868
2022-07-27,1097.50439453125,1109.2692959319468,1086.6075317418492,1099.3366458175017,1647876
2022-07-28,1108.1602783203125,1110.9085963566185,1094.8524720066796,1101.3617020634565,1929675
2022-07-29,1122.914306640625,1141.9598289783032,1112.1138549836705,1117.465934929557,2230572
2022-08-01,1193.599853515625,1204.1592234326142,1142.0081813984075,1146.9745060893604,12673841
2022-08-02,1209.7523193359375,1214.8150532351115,1182.461725707285,1193.5515237721422,5626351
2022-08-03,1208.98095703125,1215.0080219397096,1187.09070437017,1215.0080219397096,3820503
2022-08-04,1216.7919921875,1219.877801991474,1194.8534783572186,1219.781392506868,3075648
2022-08-05,1191.8157958984375,1232.8962415698247,1187.3316366310885,1232.6068954044101,5766297
2022-08-08,1231.1605224609375,1234.342859732629,1198.3251443609963,1200.591297161815,5412651
2022-08-10,1222.819091796875,1234.0534456906128,1215.2972683224832,1231.449800950455,2530492
2022-08-11,1221.0350341796875,1233.3302460625994,1209.2702510722847,1231.4498489787143,3077633
2022-08-12,1214.52587890625,1223.6388718437754,1204.73801948922,1219.877959729056,3355489
2022-08-16,1242.3468017578125,1252.3757429405005,1229.1836693104046,1234.9213876437368,4085782
2022-08-17,1228.7979736328125,1247.8434984350474,1224.7478331663758,1247.8434984350474,2197165
2022-08-18,1216.165283203125,1232.7517186652676,1209.9452816177384,1228.5569050523063,2659857
2022-08-19,1195.19091796875,1227.2548983137951,1191.4300065053606,1224.6993996453323,2513148
2022-08-22,1182.9439697265625,1202.905678204134,1175.5669368686977,1195.1910355575992,2443323
2022-08-23,1227.6890869140625,1231.4499992568965,1174.5545020320283,1176.4348993453848,4449168
2022-08-24,1223.0601806640625,1237.7179543064553,1216.020522306537,1229.4728830600454,2570071
2022-08-25,1214.71875,1231.8837596155868,1211.8739048353082,1228.5568669915738,1769049
2022-08-26,1229.18359375,1252.6650121198825,1223.5422852524948,1234.2463276327017,4325600
2022-08-29,1231.2569580078125,1235.1142791573154,1197.8428900070223,1204.4485289323266,2554692
2022-08-30,1262.01904296875,1268.0943710724969,1238.200131146073,1238.200131146073,5078317
2022-09-01,1265.249755859375,1278.4127717240208,1234.3429192708736,1234.3429192708736,4913035
2022-09-02,1269.0103759765625,1283.186101622769,1264.4298071786984,1271.6141383439544,2316436
2022-09-05,1273.446533203125,1277.2073275205282,1254.6902366411048,1271.951774024385,2271837
2022-09-06,1259.8011474609375,1279.6663284130514,1254.2079845457129,1277.7376677824363,1930221
2022-09-07,1243.69677734375,1265.153127148799,1235.499969553057,1244.9504538570036,3162428
2022-09-08,1274.748291015625,1284.4397402347383,1255.5580938414932,1258.451084841128,4026323
2022-09-09,1254.8348388671875,1290.2739784086816,1247.8917075944794,1290.2739784086816,3415016
2022-09-12,1250.7847900390625,1268.6730482955372,1248.807865636359,1261.3441608126313,3077887
2022-09-13,1253.4847412109375,1263.2244538865243,1244.950441433718,1263.2244538865243,2460291
2022-09-14,1251.7490234375,1266.9853719183084,1234.3428140128306,1238.1518717040067,2955136
2022-09-15,1250.7847900390625,1267.3712258012238,1243.0701468536643,1258.4511696181069,2555055
2022-09-16,1205.50927734375,1250.7363916889851,1190.4657482961081,1245.1914924968405,9047956
2022-09-19,1242.6842041015625,1252.1345699515327,1205.5092257610802,1214.9597093271457,4476773
2022-09-20,1256.47412109375,1265.2013574215512,1250.3025013279896,1253.629393786598,3780649
2022-09-21,1260.042236328125,1275.8090135188677,1247.4576785641166,1262.2601254347392,2887754
2022-09-22,1263.658447265625,1273.44642334302,1246.8790765209626,1250.7363977166965,2010645
2022-09-23,1226.9176025390625,1271.0838637805969,1216.0206220433474,1258.4511592121876,4639618
2022-09-26,1192.298095703125,1214.0436749660553,1172.9150787655851,1205.412965221513,3345338
2022-09-27,1191.6712646484375,1208.2095541748445,1177.640210561682,1198.276904194709,3588217
2022-09-28,1198.083984375,1216.7437520762219,1168.045072084267,1189.115665527665,3361451
2022-09-29,1213.465087890625,1222.7226358257399,1201.26628526397,1210.2346047200522,3474302
2022-09-30,1222.963623046875,1236.9464122102033,1189.0675076272723,1212.1149073167064,3320684
2022-10-03,1206.71484375,1230.5820215703598,1197.7466415017159,1224.6513659626837,3150821
2022-10-04,1215.3936767578125,1232.365866588098,1210.2345331676092,1219.8778362207377,3011962
2022-10-06,1212.06689453125,1231.4499118877486,1209.7524780447773,1222.77093835056,3531469
2022-10-07,1194.66064453125,1216.9366523336475,1188.9710718564631,1215.0562552155905,3501889
2022-10-10,1198.66259765625,1202.0860174069555,1174.5543394572105,1189.9836247045957,2230590
2022-10-11,1185.6923828125,1204.6896428821758,1181.7867979604614,1204.6896428821758,1569478
2022-10-12,1203.3878173828125,1214.4293523457852,1186.2226907785057,1191.5747710854048,2884899
2022-10-13,1203.6771240234375,1228.7015678227087,1196.2518272406728,1210.234617643728,2137351
2022-10-14,1186.4156494140625,1226.6281769980765,1184.1976425736148,1222.5297731048047,1696759
2022-10-17,1186.12646484375,1194.5643563619474,1153.8213944597942,1183.2334734660824,2158727
2022-10-18,1209.077392578125,1222.1439976793713,1189.5014401531282,1192.0569390237956,2722206
2022-10-19,1203.8699951171875,1219.6850359095374,1199.6269181656637,1215.0079396843207,1449579
2022-10-20,1205.4129638671875,1209.2702853515625,1179.9064726382016,1196.9268095151185,1831346
2022-10-21,1211.922119140625,1223.6387559701463,1199.7715807573113,1208.402289959956,1750934
2022-10-24,1225.61572265625,1232.414299328193,1216.0206818879901,1216.0206818879901,318933
2022-10-25,1235.69287109375,1238.055433244471,1214.6704234480762,1225.6155488198697,2809493
2022-10-27,1247.988037109375,1253.4846725383534,1233.4266736380682,1237.5250772679844,3279938
2022-10-28,1264.8638916015625,1268.9622954739734,1243.9861165671184,1254.2562580494398,2111224
2022-10-31,1300.495849609375,1310.0427433470275,1269.6372792839388,1271.228447859565,4306893
2022-11-01,1305.75146484375,1317.8055933633514,1301.2190418907205,1312.453513214209,3405472
2022-11-02,1304.112060546875,1312.453541203549,1290.8525188925407,1305.7514926901624,2298917
2022-11-03,1287.766845703125,1306.6676980879643,1281.161205975571,1292.2027420205698,1931917
2022-11-04,1290.5633544921875,1303.7746332007523,1283.5236958507405,1290.2740083007445,2204968
2022-11-07,1303.099609375,1307.2461591241145,1288.923883031846,1297.0242812684905,2599224
2022-11-09,1289.8402099609375,1316.1663599932792,1283.5237985764625,1316.1663599932792,2459869
2022-11-10,1251.8936767578125,1291.238404119135,1244.5647892694403,1291.238404119135,2792546
2022-11-11,1241.189697265625,1271.7107795172633,1232.9447425570047,1258.5476453462397,5308986
2022-11-14,1232.558837890625,1262.9833892479437,1222.8191250766824,1257.4867534397488,3794391
2022-11-15,1245.62548828125,1250.0615021434548,1229.7623008265475,1238.7306203283504,3192070
2022-11-16,1240.8038330078125,1248.8078221202002,1230.4855451933402,1242.9735763280985,2478281
2022-11-17,1214.4293212890625,1239.1644166510366,1209.4148508917783,1234.5355841950054,2319979
2022-11-18,1183.3780517578125,1211.150696128415,1173.8311574332479,1205.4612410477764,4525364
2022-11-21,1174.79541015625,1190.851533497625,1159.1250424853786,1174.5543275766981,4120736
2022-11-22,1184.631591796875,1191.3819043632661,1172.5774622140336,1177.1098855668474,2469455
2022-11-23,1191.6229248046875,1196.1070843188506,1180.3403071900473,1190.5621849999432,2396267
2022-11-24,1209.3184814453125,1212.1632087947858,1194.4677710163005,1197.6018445473928,2133523
2022-11-25,1215.8277587890625,1222.4815440663253,1201.5556224472268,1213.127586708356,1370326
2022-11-28,1206.087890625,1226.6281736379258,1201.5555851830625,1213.9954699211962,2126619
2022-11-29,1212.2596435546875,1219.8778767630693,1204.014689799905,1211.1989037268104,2435651
2022-11-30,1259.0296630859375,1269.058722123141,1212.7900705631057,1217.0812934716848,7536690
2022-12-01,1247.3131103515625,1269.9748747798692,1242.0575567514431,1268.0944775839657,2613761
2022-12-02,1219.4921875,1247.6507055141858,1215.056291249771,1240.5627829756725,2892150
2022-12-05,1214.8634033203125,1224.1690968817168,1207.9201542775013,1224.1690968817168,2764806
2022-12-06,1217.99755859375,1220.3118573804552,1203.966504189755,1203.966504189755,1686075
2022-12-07,1221.4208984375,1223.6389055117531,1207.7274534253156,1216.9850020051103,1731982
2022-12-08,1228.894287109375,1236.2714374046589,1224.2173087248161,1227.5442011540126,1906386
2022-12-09,1220.263671875,1238.82703146911,1211.681108051904,1235.7893672650337,1308941
2022-12-12,1218.91357421875,1231.739215084552,1211.681096523623,1218.8171647260367,1723401
2022-12-13,1237.5732421875,1240.0804773740888,1221.8064656413464,1222.770795922042,2164600
2022-12-14,1240.5626220703125,1244.9503718616081,1230.9193194222753,1241.0930508023932,1436837
2022-12-15,1241.044921875,1247.3613328813299,1236.0304510403128,1240.032445616745,2417555
2022-12-16,1206.9556884765625,1241.0930020529388,1205.4127836567004,1232.3657664128273,2136354
2022-12-19,1244.613037109375,1248.7114412527571,1200.6395950200738,1206.2809042389185,2767603
2022-12-20,1229.7623291015625,1242.0575415666046,1218.045691326947,1242.0092779606891,1286604
2022-12-21,1220.5528564453125,1238.682313807805,1213.6097251281608,1234.2464178153966,1251993
2022-12-22,1189.9354248046875,1232.0767330222973,1185.4513827124977,1220.5529143565684,1557590
2022-12-23,1180.9189453125,1186.1263528438167,1164.9110847441711,1176.4830491621597,1913648
2022-12-26,1192.9248046875,1202.9055994144967,1172.9149516336847,1180.9188222255525,1677560
2022-12-27,1190.2247314453125,1203.966438897689,1180.2920817792572,1198.9037045731293,1304940
2022-12-28,1207.678955078125,1210.2344537627553,1181.304546501494,1185.9815246321791,1959508
2022-12-29,1217.322509765625,1222.3852445855018,1194.3715158785212,1203.1950452488404,1289676
2022-12-30,1204.6414794921875,1220.2154388777449,1200.5913389292325,1220.2154388777449,1372710
2023-01-02,1217.8045654296875,1225.663881367199,1198.2768757383533,1206.3772742646468,1718385
2023-01-03,1204.738037109375,1219.8779775706437,1202.2306838521479,1217.9493167365397,1510751
2023-01-04,1192.10498046875,1211.0059471056925,1187.0905103708421,1207.67893719027,1344532
2023-01-05,1207.968505859375,1210.2346587688269,1187.0907290393832,1195.7697026879246,2745160
2023-01-06,1219.7813720703125,1229.4728205747342,1203.6288401801798,1207.9683263596185,2214972
2023-01-09,1263.6102294921875,1267.0336492640004,1226.2906926564176,1227.544251460834,3634805
2023-01-10,1267.997802734375,1279.087600027476,1259.1741578666465,1263.754726313797,3139930
2023-01-11,1265.780029296875,1272.9160976298401,1254.1116552784904,1268.576610933375,2041750
2023-01-12,1272.819580078125,1279.6663016302894,1263.2726866131718,1269.0586683839192,2448619
2023-01-13,1280.7752685546875,1289.3095678803845,1264.815555538241,1277.7376046682944,2600139
2023-01-16,1268.6729736328125,1287.6220883849946,1256.474171270591,1285.452345116793,1651972
2023-01-17,1273.7357177734375,1276.628708820074,1257.5831844297163,1271.9034665673462,1607137
2023-01-18,1274.9893798828125,1277.7376978027899,1261.4404915479709,1273.2535381880343,1179938
2023-01-19,1272.482177734375,1281.305706383987,1265.4907826017939,1270.601662896636,2066881
2023-01-20,1267.853271484375,1277.7376571339014,1264.8638710750556,1276.8215904284348,1332666
2023-01-23,1281.0645751953125,1297.9403559096268,1265.4907345947004,1274.2178534201546,1681075
2023-01-24,1276.677001953125,1287.477455023937,1273.9286839384738,1287.477455023937,1408040
2023-01-25,1264.7191162109375,1284.4878862317719,1259.4635634625681,1277.6411650360676,1359090
2023-01-27,1273.108642578125,1292.0096080715698,1240.7554360238298,1271.083572765566,1914769
2023-01-30,1284.102294921875,1294.1313542957043,1258.4511306675815,1273.012495686107,2402331
2023-01-31,1329.5704345703125,1336.079664259052,1287.6703290677567,1302.1352839316223,5265862
2023-02-01,1303.8228759765625,1340.4191650880273,1274.8447023355195,1337.0922725201142,3010838
2023-02-02,1304.160400390625,1329.0400530104891,1283.041541996059,1299.965586874333,2029111
2023-02-03,1338.490478515625,1342.299536177121,1302.3763552703585,1310.7177183303006,1803085
2023-02-06,1326.91845703125,1342.2513319311533,1311.4891726471658,1342.2513319311533,1504382
2023-02-07,1317.9501953125,1335.5974871753374,1312.4535595997359,1333.5724170556928,1413825
2023-02-08,1324.07373046875,1330.775778789985,1311.489173300275,1324.5558956059926,1241238
2023-02-09,1323.2540283203125,1336.5618339263674,1314.3822363936788,1323.0612093412526,1866387
2023-02-10,1316.7447509765625,1337.4778522679717,1302.6174063625058,1329.377571982813,3282665
2023-02-13,1304.739013671875,1334.6332556702698,1277.7860264404121,1325.954282186865,4401219
2023-02-14,1314.52685546875,1327.8828064126874,1301.8458886398896,1309.5605309429409,2373179
2023-02-15,1330.1490478515625,1333.813550276607,1311.5375426825397,1315.5394194715475,2007214
2023-02-16,1319.3486328125,1347.1695407295845,1314.5751268022955,1330.87233376594,2646301
2023-02-17,1293.649169921875,1323.5916745007326,1284.7773777513064,1311.4410178671565,2150027
2023-02-20,1298.2298583984375,1306.6194861629215,1285.0667243132352,1294.2278635182752,1497314
2023-02-21,1303.6298828125,1313.8036144882458,1293.1669226785668,1306.1853816317068,2118816
2023-02-22,1272.675048828125,1304.5943616108814,1264.3818309090086,1298.8566428018714,2196484
2023-02-23,1267.0819091796875,1278.9432204406255,1258.4511990009548,1277.9788900199353,1847879
2023-02-24,1234.53564453125,1273.4464676189707,1232.6069838663263,1273.108857829725,2824384
2023-02-27,1212.5489501953125,1239.5501987608116,1203.8699774421164,1224.747752108303,2019964
2023-02-28,1224.3135986328125,1247.1200314107996,1215.0560522540943,1218.6240269084049,3407211
2023-03-01,1226.7728271484375,1258.981483038798,1223.7834267312946,1230.4372116959958,2338935
2023-03-02,1206.9078369140625,1232.9447593904683,1205.4130776113761,1232.9447593904683,1563750
2023-03-03,1223.349365234375,1231.4014994999943,1208.5469190332024,1213.0310783621826,1493291
2023-03-06,1225.1334228515625,1238.4412285157875,1222.7708606252822,1224.2656197258955,1570410
2023-03-08,1243.937744140625,1245.8664046177396,1213.4167862631596,1224.699402967843,2370800
2023-03-09,1203.6290283203125,1248.6150656221791,1200.543100369579,1244.950562966969,3596577
2023-03-10,1182.9439697265625,1211.8738796510675,1181.6421473231808,1204.4485831902198,2664696
2023-03-13,1150.8800048828125,1187.0906564784057,1140.2723710718763,1179.0866675164382,3842775
2023-03-14,1119.3946533203125,1149.86746709359,1115.58547802609,1149.7710576073275,5379592
2023-03-15,1118.960693359375,1132.509581806167,1112.0657078427373,1125.3735137030465,2226887
2023-03-16,1125.4217529296875,1133.3292145086111,1099.481243642768,1118.6231770516818,3604480
2023-03-17,1129.7130126953125,1143.936885454387,1110.9085707426377,1131.0630987377006,3683701
2023-03-20,1126.0003662109375,1137.0901653294052,1104.1582600561253,1128.2182554049662,2082268
2023-03-21,1118.9124755859375,1133.0880836739723,1115.151563935204,1128.84500688125,2209422
2023-03-22,1122.576904296875,1138.3919451208942,1117.8035162894168,1125.8556509348955,2211909
2023-03-23,1123.3966064453125,1133.0881736553613,1112.6444170979803,1119.587548607553,2594282
2023-03-24,1109.7513427734375,1128.7968659658413,1106.1832500773528,1119.1535630836115,1839876
2023-03-27,1097.3115234375,1109.5584717361153,1085.3538036128048,1100.7830891372873,2446528
2023-03-28,1088.053955078125,1108.0155457612727,1083.328712932441,1102.8081384520722,1903339
2023-03-29,1103.483154296875,1111.342351676708,1091.6218451124832,1093.5022420171842,4003003
2023-03-31,1117.3695068359375,1121.5161743434255,1104.9778856325436,1106.6654637108763,2343070
2023-04-03,1128.170166015625,1137.9098795772584,1114.0909656250954,1119.8769480636238,2546562
2023-04-05,1114.2353515625,1131.4487408722357,1110.860195653312,1130.195064448099,2028469
2023-04-06,1129.4718017578125,1133.0880401839313,1107.3404696764023,1112.8371049976654,2029418
2023-04-10,1146.2030029296875,1148.5174192573058,1129.4718953023673,1129.4718953023673,2586918
2023-04-11,1158.8355712890625,1161.2463968245029,1145.8171133976844,1157.1962570113992,2443384
2023-04-12,1164.2841796875,1169.6844058962918,1155.8462894499808,1160.571531526212,2469405
2023-04-13,1161.5841064453125,1178.6044420160574,1156.7624549598663,1170.1665519165265,4470196
2023-04-17,1169.6844482421875,1175.4704303288127,1160.4751640506402,1175.4704303288127,1956198
2023-04-18,1161.728759765625,1174.4579913901011,1159.7036895142185,1169.7327489927452,2075066
2023-04-19,1172.1434326171875,1174.5059946709482,1160.4750599986066,1161.680472825239,1818732
2023-04-20,1175.1328125,1181.2081401272815,1171.2273456391142,1174.554237896472,2172677
2023-04-21,1169.49169921875,1178.3634918625146,1165.9237238050023,1178.3634918625146,1015815
2023-04-24,1164.669921875,1173.68638665265,1153.3390408300559,1167.2254207177182,1389756
2023-04-25,1166.695068359375,1171.6613932815267,1156.6178631332327,1164.669998136431,1360260
2023-04-26,1170.2630615234375,1173.8310364825807,1162.3073366920705,1168.7683024989835,1708865
2023-04-27,1180.3402099609375,1181.3045401978338,1166.887850242673,1166.887850242673,1340045
2023-04-28,1183.1368408203125,1184.9208282901848,1168.2861310059482,1181.3045897501333,2333102
2023-05-02,1193.1658935546875,1196.5410495092974,1174.0721070678835,1186.1262354772048,2607580
2023-05-03,1191.3818359375,1197.698246562576,1186.2226923155756,1193.1659411861797,1307304
2023-05-04,1187.765625,1193.8892167922306,1184.1976498515473,1190.9479621878347,1541188
2023-05-05,1167.996826171875,1198.0357389175365,1164.9592798636113,1188.8264550726135,4753718
2023-05-08,1187.8621826171875,1195.624971372993,1170.407708956473,1173.5417826214145,3513667
2023-05-09,1201.0252685546875,1205.4130190304043,1190.0319959940223,1194.8053844629367,1846359
2023-05-10,1204.111083984375,1211.0060693520898,1190.947951503484,1205.4129063800447,2108081
2023-05-11,1206.66650390625,1215.8757872785336,1199.7715189898495,1205.412827479233,4100467
2023-05-12,1230.437255859375,1233.1856915138196,1206.6666070426334,1211.5846682558865,2427624
2023-05-15,1239.791259765625,1241.8163298295822,1227.206702406014,1234.2463606031167,2647630
2023-05-16,1217.4188232421875,1245.6254864424034,1213.9472574684598,1241.093180809496,1571371
2023-05-17,1218.0455322265625,1226.3387489490547,1215.7311160510517,1219.877783270346,1643851
2023-05-18,1201.0733642578125,1224.651192527538,1196.9749605660454,1224.651192527538,1900447
2023-05-19,1215.4420166015625,1217.4188232217934,1193.3105640767137,1208.2095388580385,1588996
2023-05-22,1220.408447265625,1224.1692418452078,1206.6667383623394,1214.333118348251,917769
2023-05-23,1223.30126953125,1225.4227491401527,1211.7293057384647,1220.4082785830537,1803955
2023-05-24,1230.1961669921875,1232.414173859441,1209.7524108815876,1215.0562277487447,1369297
2023-05-25,1232.2213134765625,1235.1143043978102,1212.6936247581402,1234.3427930657035,2040166
2023-05-26,1236.126708984375,1246.6861958649017,1223.108250592892,1243.986024075045,3508112
2023-05-29,1282.7041015625,1301.8460364064388,1251.7008557448573,1274.3626200823028,6185862
2023-05-30,1281.0645751953125,1287.670332104942,1272.9160310225568,1282.511070685111,2493657
2023-05-31,1271.9517822265625,1280.8718383187502,1256.7635786101346,1277.7377645566303,5629378
2023-06-01,1271.855224609375,1289.9845631692253,1265.9728334687645,1271.9516340937591,2364455
2023-06-02,1293.5526123046875,1297.0241776384191,1273.2052677080026,1277.592899686714,2313841
2023-06-05,1345.6265869140625,1351.026813302672,1298.326136406852,1301.6531467266616,5105293
2023-06-06,1360.8629150390625,1364.4310078908513,1338.5387620654005,1345.6265664499165,2335838
2023-06-07,1356.2340087890625,1372.049047518594,1345.2406210309682,1372.049047518594,2491079
2023-06-08,1331.78857421875,1365.0579737235214,1328.3651541397837,1362.3095378524085,1776230
2023-06-09,1321.7593994140625,1337.5261768743712,1314.3822487957952,1331.4991122705753,1881329
2023-06-12,1332.1259765625,1335.4047233142533,1320.4576028047709,1328.7508203184234,1389300
2023-06-13,1324.1702880859375,1338.9727359119981,1319.3967820635705,1333.8135919095746,2516583
2023-06-14,1329.47412109375,1331.740273976193,1317.2753180676898,1324.9899612188915,905086
2023-06-15,1343.071044921875,1357.0055708737546,1322.579025747874,1332.5116750692428,1720070
2023-06-16,1353.7750244140625,1359.512860143515,1343.697820190779,1349.0980461532483,2132678
2023-06-19,1352.5216064453125,1364.8649645417481,1346.205195440434,1359.2236554249941,1476764
2023-06-20,1346.6390380859375,1359.6093516140702,1331.4508354353127,1352.5696931403547,1042428
2023-06-21,1325.23095703125,1353.3412097157923,1321.759391383776,1344.3247446665139,2008628
2023-06-22,1329.522216796875,1342.3478576380496,1325.6167494786705,1329.8115629905678,1296616
2023-06-23,1324.2667236328125,1330.3901981380648,1319.6861542264728,1327.7865531409068,1258590
2023-06-26,1347.79638671875,1354.7877820130102,1321.0843644130825,1325.9542799458739,2281046
2023-06-27,1352.376953125,1366.4561531783936,1343.8907986652528,1356.5235031436516,2737379
2023-06-28,1345.2408447265625,1363.322038876113,1340.563866049767,1358.693206087385,2611913
2023-06-30,1401.7506103515625,1408.8866786738306,1350.0625257654776,1352.6180248038988,4114865
2023-07-03,1415.5887451171875,1444.615183951223,1407.2473814389502,1417.5656694978297,3615176
2023-07-04,1412.2135009765625,1433.9591969474461,1409.9473482502297,1433.9591969474461,1595700
2023-07-05,1422.7247314453125,1425.280230367745,1405.1257028903658,1411.7313421198235,1456527
2023-07-06,1493.554931640625,1497.5086626342522,1420.121150053239,1425.1356209159696,5628945
2023-07-07,1508.357421875,1535.1657364217047,1484.393834927832,1491.7227224400206,6905845
2023-07-10,1496.06201171875,1522.6775037573561,1490.8063410919553,1511.10554046091,2276342
2023-07-11,1513.46826171875,1519.7846727687954,1495.0978386832858,1502.667808592624,1563376
2023-07-12,1514.8182373046875,1523.3043910820672,1486.6598394621033,1513.0342497821991,2658457
2023-07-13,1511.0091552734375,1537.9139939135193,1502.8604936915021,1519.7845373711295,1859405
2023-07-14,1507.01416015625,1526.8439105028874,1503.2624861057725,1522.7512076159255,2174792
2023-07-17,1497.0260009765625,1519.1456495120922,1490.3997889215811,1519.1456495120922,1520990
2023-07-18,1495.467041015625,1502.7266613592215,1486.989494491922,1496.733855530532,1059058
2023-07-19,1504.9676513671875,1509.8886008083696,1485.0404824988416,1491.081938194216,1081196
2023-07-20,1505.8446044921875,1514.0298904412314,1491.4230234864472,1510.4245249272221,1538263
2023-07-21,1484.55322265625,1512.9092860204257,1480.0220715375583,1509.3525708864115,1668783
2023-07-24,1507.3062744140625,1517.1968234176768,1476.2217428097194,1483.0915640601825,2129706
2023-07-25,1525.7230224609375,1529.3771571147638,1508.4755544747557,1511.788541401135,1996604
2023-07-26,1505.357421875,1533.7622548963443,1492.8359431392628,1530.0107001085532,2100855
2023-07-27,1410.3985595703125,1461.653864633522,1401.5798670071451,1460.6794287237665,11879512
2023-07-28,1430.2772216796875,1433.3953693287997,1412.9322131385177,1422.676573229128,4714146
2023-07-31,1437.48779296875,1441.1906969708655,1420.3377449083257,1439.046985569448,2460789
2023-08-01,1455.1739501953125,1465.5517171954473,1432.615733417955,1437.4879133288441,4184243
2023-08-02,1447.329833984375,1458.730687569868,1427.792344663827,1455.1739723907283,3188395
2023-08-03,1431.5926513671875,1463.164401075859,1410.5935083074091,1447.0374379418106,2222395
2023-08-04,1427.2076416015625,1464.04124923579,1379.5576997349567,1443.139645634802,8066091
2023-08-07,1487.8663330078125,1491.861496766364,1442.8960883976442,1450.9351852940013,9257291
2023-08-08,1461.3616943359375,1494.7848983789238,1447.037532003065,1490.887154184976,3426948
2023-08-09,1495.515625,1498.2440933324476,1454.102095719987,1466.526154503991,3713003
2023-08-10,1505.893310546875,1516.2710769950013,1492.641005684107,1495.2719351161622,3600607
2023-08-11,1506.9163818359375,1519.7302379818004,1493.8590356596212,1508.9627924289607,2402812
2023-08-14,1507.3062744140625,1511.1065985324099,1485.0404360234677,1505.4548222590004,1875450
2023-08-16,1530.44921875,1532.7878890330635,1499.2672655083866,1519.1945538716823,2361632
2023-08-17,1533.2750244140625,1538.6831917178074,1520.2663277871445,1532.7878064209217,2377711
2023-08-18,1512.9581298828125,1542.0937910489677,1505.1138722401015,1528.6465262185234,2202570
2023-08-21,1499.218505859375,1512.9580292156052,1492.5922936983618,1506.4780062397047,1487526
2023-08-22,1510.863037109375,1515.247999164836,1495.5156699152617,1498.682586955317,975607
2023-08-23,1503.018798828125,1515.1018293252273,1496.8311538607713,1506.5268636770686,1405076
2023-08-24,1502.775146484375,1515.1992054419156,1488.9869722912617,1510.4245642179987,2111147
2023-08-25,1481.1915283203125,1507.6961406372343,1469.6443662569727,1491.7641354083244,1455320
2023-08-28,1509.64501953125,1513.2991546438802,1485.1379295859354,1488.9382538930129,2132512
2023-08-29,1520.9483642578125,1524.3588901623948,1500.6313980161706,1515.1505177999043,1325882
2023-08-30,1542.72705078125,1548.3788272459835,1519.925343198691,1528.8901069533972,3140040
2023-08-31,1535.12646484375,1549.3532063447738,1527.087368018376,1548.330000987117,3512885
2023-09-01,1551.25341796875,1563.4826379426395,1534.7367745463741,1536.685646641036,2147299
2023-09-04,1536.1009521484375,1564.8468144845042,1524.2127614396288,1564.8468144845042,2200142
2023-09-05,1530.985107421875,1543.604005730695,1525.2359113737612,1537.270171886945,1078759
2023-09-06,1536.6856689453125,1540.485993375006,1518.853441440443,1536.6856689453125,1301466
2023-09-07,1525.7230224609375,1537.562442529274,1520.363624968659,1532.0080864856404,1514369
2023-09-08,1527.4771728515625,1537.6599812948307,1520.1201335994524,1525.089733323202,1223910
2023-09-11,1541.6552734375,1548.37890607067,1524.0180044647752,1527.5747198891788,1921950
2023-09-12,1518.12255859375,1548.8172934019722,1474.370476201481,1541.7526322159526,3770868
2023-09-13,1497.659423828125,1528.5003482785075,1490.9845607452708,1524.0179662852581,2382637
2023-09-14,1525.966796875,1535.126519190245,1499.0236173164799,1505.503640595067,2220196
2023-09-15,1560.16943359375,1569.5239952706027,1531.6671809996128,1539.2678292712649,5425897
2023-09-18,1599.488037109375,1627.3082344458046,1561.1440016026459,1567.6240252483165,6887528
2023-09-20,1592.2283935546875,1622.4359089770835,1578.6837096237366,1578.6837096237366,6116670
2023-09-21,1542.77587890625,1613.860941300286,1534.8342012946835,1595.9314131081699,2898266
2023-09-22,1566.0648193359375,1576.588656619256,1526.0641745142527,1539.6088585151817,3827771
2023-09-25,1548.8172607421875,1578.5863282781806,1541.8987888958482,1571.7165068622721,3231962
2023-09-26,1554.42041015625,1565.529005421991,1541.5579012904773,1548.8174026136328,1479841
2023-09-27,1548.5736083984375,1558.7077663578816,1542.7757619101899,1554.0791954631566,1991198
2023-09-28,1516.271240234375,1556.076928484493,1504.529238429699,1555.1511428811764,2369699
2023-09-29,1514.5172119140625,1536.1984137574518,1510.4732785668139,1533.762323662689,1254881
2023-10-03,1498.097900390625,1557.1486970260785,1493.8591276648815,1556.369100661703,3436776
2023-10-04,1483.18896484375,1498.5851007361025,1463.3592166616156,1492.6410651142662,2580901
2023-10-05,1498.6337890625,1511.1553867424084,1474.3704279770066,1493.8103784731443,1991367
2023-10-06,1509.2552490234375,1514.273618460143,1500.9725426161588,1505.503694028907,1743027
2023-10-09,1476.46533203125,1501.849436592962,1475.2960564488205,1500.6313916322217,2123175
2023-10-10,1498.536376953125,1504.38299294588,1480.3631217857032,1482.5556027829864,1956653
2023-10-11,1516.5147705078125,1519.2918892741552,1500.631416377956,1500.631416377956,1536986
2023-10-12,1526.6002197265625,1529.9133259957975,1515.8326540889761,1519.1457603582112,1731806
2023-10-13,1522.5074462890625,1534.1520275963128,1510.668144315793,1520.6073437117907,1465554
2023-10-16,1534.2982177734375,1536.9291473359283,1518.6584727361192,1522.897245453334,1089610
2023-10-17,1536.2957763671875,1543.4092067589104,1528.500288354212,1534.7367025545338,997962
2023-10-18,1534.5904541015625,1539.0728357459814,1521.8253667632187,1536.295717038547,1212994
2023-10-19,1529.426025390625,1538.5369779267207,1513.6400912954778,1513.6400912954778,1239578
2023-10-20,1518.414794921875,1534.736596824613,1505.6009385933678,1525.9666734141865,1435102
2023-10-23,1525.138671875,1534.6394237638472,1506.9654149848511,1508.6706781443877,4069167
2023-10-25,1528.987548828125,1536.2958190433028,1507.4525363840098,1533.76230915865,2510769
2023-10-26,1467.5980224609375,1518.3661138092148,1461.6539867049453,1514.2735302263231,3343802
2023-10-27,1472.1778564453125,1494.7359531542552,1468.7673306768263,1469.7904170375527,3341111
2023-10-30,1459.51025390625,1476.708953740251,1425.7946739428464,1463.700257237458,2637486
2023-10-31,1421.312255859375,1459.0229985732437,1418.3402975754657,1456.0021519621507,2555737
2023-11-01,1417.41455078125,1447.0374283227131,1412.9321690693157,1427.4512889414173,2627536
2023-11-02,1432.1285400390625,1439.7291884105543,1415.3682884374484,1427.5487384240014,2091122
2023-11-03,1431.446533203125,1450.058237652924,1423.1150575368642,1442.1653295715623,2456723
2023-11-06,1450.2530517578125,1454.0532567501018,1435.8801216955774,1443.9192181710648,1271868
2023-11-07,1441.921630859375,1458.7306513914407,1437.2930599882266,1450.2043366287987,1940908
2023-11-08,1449.376220703125,1451.3250928248317,1436.318753697748,1447.0863197500628,1342202
2023-11-09,1512.37353515625,1518.8534397982778,1449.3762200600916,1449.3762200600916,4831782
2023-11-10,1485.137939453125,1511.350292625154,1476.5629737016743,1510.3758565886453,4872228
2023-11-13,1500.875,1503.8470772828516,1474.3703892451954,1487.2328964453823,1968032
2023-11-15,1504.6754150390625,1511.155438409231,1494.3464169417264,1509.4014059805638,2782942
2023-11-16,1529.37744140625,1543.4579953098419,1499.1699226527655,1504.7241607791643,3224223
2023-11-17,1544.0426025390625,1555.1998470952958,1532.4467904155158,1534.736691212463,2035309
2023-11-20,1512.51953125,1549.158420485275,1501.2160972932425,1549.158420485275,2918577
2023-11-21,1519.8765869140625,1531.2287903722518,1509.547588859934,1513.2991437586402,2213144
2023-11-22,1503.9931640625,1524.6512781851286,1495.7592276206265,1520.1201270932752,1269475
2023-11-23,1506.3319091796875,1521.0458694036158,1495.8567218850449,1516.8070964743304,1552635
2023-11-24,1513.4940185546875,1519.6330132222934,1507.9397806742538,1509.4014347427587,1239270
2023-11-28,1526.015625,1531.813471922621,1502.7265795949488,1513.494026586918,2596766
2023-11-29,1577.7093505859375,1581.899473090049,1527.1848662779305,1535.7111815307185,3581220
2023-11-30,1605.626953125,1617.5637943786983,1572.4473590399386,1573.762942827665,5214960
2023-12-01,1583.9456787109375,1623.4103357320344,1579.7555564349889,1613.6659759737388,2489755
2023-12-04,1614.4942626953125,1632.180299883997,1597.5390525065761,1620.3408786948971,3001010
2023-12-05,1642.9478759765625,1664.3366987346333,1598.6596881210885,1618.4407866285553,3423953
2023-12-06,1658.8797607421875,1666.7238986548314,1641.096304915485,1644.9452792816587,2279220
2023-12-07,1649.379150390625,1662.3878474467642,1638.6603541878617,1659.4645393914652,2461051
2023-12-08,1625.895263671875,1664.4829061533922,1620.0486475701389,1655.5667928083026,1942667
2023-12-11,1609.963134765625,1631.644336077323,1604.9935348841213,1631.2058874509025,2037178
2023-12-12,1593.5926513671875,1627.3081130328978,1584.9201472143761,1620.4870610621012,2051527
2023-12-13,1623.556640625,1627.795413632004,1587.892305157875,1597.1006782058394,2247441
2023-12-14,1660.0003662109375,1666.1392411634315,1628.3311986751978,1633.1546089199928,3326228
2023-12-15,1680.853271484375,1695.1287821720757,1654.5922697881717,1683.7279289530632,3858594
2023-12-18,1667.065185546875,1687.5769923359255,1655.323183961554,1676.0299493238397,1739425
2023-12-19,1655.9078369140625,1679.7815195499222,1648.0636982749634,1676.0299646399435,1660221
2023-12-20,1604.847412109375,1668.185755641238,1598.6597669542818,1666.2856529151677,3047660
2023-12-21,1592.082275390625,1610.8889382498705,1578.976158436446,1593.20290060913,3211338
2023-12-22,1592.4720458984375,1609.7682850385306,1581.2660318076728,1588.330692864894,2751274
2023-12-26,1619.7562255859375,1626.3336685233448,1592.7156268432636,1598.9520409738575,1203594
2023-12-27,1644.7991943359375,1648.5508680859311,1617.8073647861254,1627.308115761379,1793638
2023-12-28,1690.1104736328125,1695.4698716360238,1645.2377671757495,1645.7736356062462,2963938
2023-12-29,1685.189697265625,1713.0585439864985,1671.1577946170903,1685.7743350947908,2273255
2024-01-01,1659.7569580078125,1685.7743527507278,1655.566835447102,1685.1897149154388,1307485
2024-01-02,1613.86083984375,1661.413363758781,1607.283396908048,1660.0491295821757,2857334
2024-01-03,1612.9351806640625,1635.2984391686025,1605.9192890802046,1629.2569835797085,1927812
2024-01-04,1599.7315673828125,1631.644347056339,1596.3210413108327,1624.2874264708937,2835768
2024-01-05,1600.02392578125,1619.0254279449127,1594.6645277350885,1605.821772451305,1709313
2024-01-08,1574.8348388671875,1611.1325815653452,1565.0417090291419,1606.0167923260076,1492195
2024-01-09,1588.2332763671875,1594.9569086256138,1573.714156029359,1583.458516128612,2542484
2024-01-10,1591.0592041015625,1605.3345968417461,1579.9018401409878,1602.9472761380207,1954233
2024-01-11,1587.0152587890625,1609.0374892041248,1584.2867903342221,1601.8754081973066,2228002
2024-01-12,1582.922607421875,1592.0823301603953,1560.5593474624147,1588.3307751256548,3061539
2024-01-15,1593.73876953125,1598.9519780866613,1574.785918887207,1593.2027821775482,1405514
2024-01-16,1578.92724609375,1598.0749360380482,1576.1988968410656,1596.1260641648312,2236688
2024-01-17,1556.8563232421875,1573.7141133364476,1550.3276497326863,1570.7908053859774,2548169
2024-01-18,1575.9066162109375,1581.8020015729048,1540.2422825092601,1559.097595262019,2328588
2024-01-19,1613.2275390625,1616.5892956236075,1580.7787732521986,1583.4097028261342,2836976
2024-01-23,1554.42041015625,1605.480885291087,1547.6481268802786,1577.6120367821004,2772880
2024-01-24,1586.4791259765625,1590.5718282836829,1534.7366014877718,1554.2253202368229,2543323
2024-01-25,1593.6900634765625,1600.7547244121815,1562.8979099471155,1589.8897393212537,2038472
2024-01-29,1598.0750732421875,1602.9472533435355,1583.458532938143,1593.6901111509742,3075670
2024-01-30,1578.92724609375,1617.0764368019152,1573.1780502778197,1607.7705260274238,2569098
2024-01-31,1609.329833984375,1615.9072770277162,1567.9163037114854,1573.762919750011,3154787
2024-02-01,1608.940185546875,1659.0748751637254,1603.4833671929562,1616.8330941435897,4065784
2024-02-02,1618.294677734375,1643.9223935511498,1607.8194901470533,1612.691670420226,3304158
2024-02-05,1660.0003662109375,1669.0625489359613,1622.5332335565283,1633.8366664870375,3525423
2024-02-06,1683.4844970703125,1685.7743980407138,1662.3879324031548,1667.211343361015,2219874
2024-02-07,1677.0042724609375,1707.2117869561664,1671.8397143383243,1687.1870805738035,1213661
2024-02-08,1642.8017578125,1699.31904862056,1632.716368501349,1684.7999277092365,2550690
2024-02-09,1604.3115234375,1646.5533020708579,1586.3818764736538,1642.8991669131328,2033950
2024-02-12,1618.0020751953125,1632.228934781893,1598.610895554127,1611.7170110934785,1197925
2024-02-13,1604.652587890625,1636.4679491602274,1581.948180026633,1627.3082263715462,2075130
2024-02-14,1614.689208984375,1636.7114386253752,1582.3866320424113,1589.3051037993587,4368695
2024-02-15,1719.92822265625,1739.2707524910036,1625.4565858499523,1638.07560278349,9887134
2024-02-16,1788.6260986328125,1816.9821632554117,1731.4266324239425,1742.291617925219,7188957
2024-02-19,1801.293701171875,1808.9916503513905,1773.4735060114288,1789.1132512679503,2682236
2024-02-20,1806.2633056640625,1812.4509504414887,1773.9607286444784,1790.4287207475709,1830562
2024-02-21,1812.10986328125,1841.391592614095,1799.4908461843227,1802.60911263729,4466234
2024-02-22,1861.5137939453125,1867.9938171531298,1805.6299129810902,1823.120991649459,3360123
2024-02-23,1880.6126708984375,1898.0550987199656,1852.500216682161,1877.1047251624725,3323441
2024-02-26,1880.466552734375,1901.1245473916563,1875.9840521835315,1885.5335721183264,2436063
2024-02-27,1900.73486328125,1906.9225081742275,1866.0937343868586,1876.7637611499617,2821465
2024-02-28,1853.0362548828125,1903.2197091994758,1848.5538730444696,1902.0503146222727,2010429
2024-02-29,1883.000244140625,1901.0273110400701,1844.1689913931143,1854.2056113240587,5539065
2024-03-01,1922.513427734375,1931.6244993477685,1881.1486677787948,1884.1693955403246,3384932
2024-03-04,1871.9403076171875,1924.4623123590447,1869.9914356356803,1916.7155938124356,1645331
2024-03-05,1889.6749267578125,1917.6899604792445,1873.8891118581382,1875.7892143915374,2208384
2024-03-06,1920.2723388671875,1929.2858719219992,1872.8660033889664,1895.2780315252548,1673183
2024-03-07,1849.041015625,1882.7564762725506,1836.1297390701804,1880.8076043397475,18323831
2024-03-11,1845.9227294921875,1864.7780414511897,1825.410923987836,1864.0959838618578,3250782
2024-03-12,1846.702392578125,1849.8205401701932,1828.6753267402855,1843.632895415795,3186510
2024-03-13,1806.31201171875,1852.792681474801,1797.1036388636273,1847.5307031505693,4270994
2024-03-14,1842.2200927734375,1847.1409233782888,1797.4446856142142,1806.3120297390383,2388133
2024-03-15,1753.49755859375,1833.9859473294237,1743.071141112808,1827.067475611715,5504948
2024-03-18,1808.60205078125,1819.661875991246,1755.0080688432229,1761.7315823265883,3404076
2024-03-19,1796.7626953125,1817.3232726230103,1780.0998622864358,1808.6021173664483,2189225
2024-03-20,1797.249755859375,1811.5252668401733,1774.0094813897974,1804.6066761817683,1550415
2024-03-21,1818.1514892578125,1827.067602950152,1797.8345213029495,1812.4022927439198,2072960
2024-03-22,1830.7703857421875,1856.7390097180548,1800.026882675281,1818.151368300828,3786990
2024-03-26,1816.2999267578125,1868.4810219118165,1813.5228079597753,1830.1856396977046,4092744
2024-03-27,1833.060302734375,1851.3309777098996,1807.8711559580597,1822.0978977490602,4196597
2024-03-28,1872.2325439453125,1912.769056870591,1822.5363090300198,1833.0602651801987,3790854
2024-04-01,1866.9705810546875,1913.646088605476,1843.4380471366967,1888.456942140346,2765845
2024-04-02,1921.5389404296875,1926.9471075782456,1852.8412053681118,1866.970526763755,3431715
2024-04-03,1938.445556640625,1952.087660459481,1906.1916303091366,1916.7155865492791,3615370
2024-04-04,1951.5029296875,1963.4885400677965,1913.0127076861709,1947.8975640672581,3007920
2024-04-05,1961.8321533203125,1975.620328312147,1941.3202268223145,1944.3409547970343,2767027
2024-04-08,2024.9755859375,2033.6479713455212,1965.340030213891,1966.411886044687,2781568
2024-04-09,2037.447998046875,2044.9998765309497,2017.1799209510707,2041.443280533693,2853137
2024-04-10,2023.1240234375,2054.6958933233627,2017.0825676745906,2044.8052249499442,2280814
2024-04-12,2018.008056640625,2034.1350189817733,1999.2013954720755,2030.7244932014446,4008660
2024-04-15,2000.95556640625,2030.6270951714828,1982.9772696982059,2002.7095987947114,2024919
2024-04-16,1979.371826171875,2020.7365853665865,1975.9125309111976,1994.7191926430137,1981730
2024-04-18,1973.1842041015625,2033.6480077331194,1964.9502671748132,1979.3719680917607,3539862
2024-04-19,2029.6527099609375,2033.647992840229,1947.118025871647,1982.002883295173,3253248
2024-04-22,2037.20458984375,2078.4720508514124,2012.2104008477104,2070.238113982307,2449171
2024-04-23,2009.8717041015625,2059.957617232118,2004.2686973375678,2042.4177699709176,2886136
2024-04-24,2005.8277587890625,2037.3996282776518,2000.468360729829,2002.4660021317902,1929834
2024-04-25,2043.246337890625,2059.909051698026,1989.7010052774745,2007.3382740899726,3084498
2024-04-26,1992.6241455078125,2049.238851764235,1986.6801098608717,2045.877095236372,2952484
2024-04-29,2009.3358154296875,2015.4748098524958,1949.8464496338395,1993.2088519370407,2724604
2024-04-30,2101.22509765625,2113.551617508698,2020.0545338299535,2020.0545338299535,5745143
2024-05-02,2129.288818359375,2147.6570328792964,2109.7515660703707,2109.7515660703707,3347541
2024-05-03,2136.938232421875,2153.503645076308,2116.8162233867006,2153.503645076308,3859227
2024-05-06,2168.0712890625,2182.736598161278,2134.014799095178,2144.197607520111,2111447
2024-05-07,2135.4765625,2179.715863159305,2109.507937426766,2178.8389658909423,1727823
2024-05-08,2126.609130859375,2138.887120194292,2104.781858596661,2135.6714336637733,1993202
2024-05-09,2155.98828125,2199.058302110707,2129.1425235900715,2129.6785109356147,3998822
2024-05-10,2136.98681640625,2174.5999014893655,2127.193687489097,2155.3062599205305,3045912
2024-05-13,2128.411865234375,2151.6034899654906,2104.781791876502,2151.554720584869,2575573
2024-05-14,2211.8720703125,2222.055116321341,2119.398193709929,2119.398193709929,3830189
2024-05-15,2243.444091796875,2257.9143239243667,2198.3276565840824,2222.980935419098,2569084
2024-05-16,2311.11865234375,2332.7023152315896,2227.7556024626083,2260.155600434751,7444517
2024-05-17,2450.31689453125,2492.558552973797,2363.3484803326082,2363.3484803326082,9796445
2024-05-21,2458.16064453125,2472.0951255749783,2403.9333814907786,2439.0130741270445,3747292
2024-05-22,2456.60205078125,2470.1953860952617,2426.3457638568843,2457.2353390538115,2974921
2024-05-23,2542.498291015625,2550.4886184075676,2436.333539427186,2455.578649877616,4715263
2024-05-24,2513.80126953125,2538.4057785168743,2506.6390697756688,2523.594398905411,2919241
2024-05-27,2483.934814453125,2523.545541285154,2476.0417879739653,2515.165296823315,3328559
2024-05-28,2487.540283203125,2515.944997612623,2482.86294279537,2484.8118148069834,1549203
2024-05-29,2468.87939453125,2481.888208806658,2436.6744787254906,2446.077689892781,2720451
2024-05-30,2429.756103515625,2466.735901184758,2414.652345904038,2453.629784901682,3367101
2024-05-31,2442.180419921875,2503.521123437881,2431.364084298807,2453.3864348162797,8769724
2024-06-03,2566.664306640625,2586.4941734936806,2504.690084714598,2509.2213546470566,2701157
2024-06-04,2507.126220703125,2571.536533702111,2385.6141024047747,2566.9079628286418,6372249
2024-06-05,2670.88037109375,2683.3044303936604,2506.0546128747096,2507.126349760932,4242881
2024-06-06,2630.8310546875,2691.2946164426066,2602.6209429729606,2674.826743672292,4992660
2024-06-07,2784.40234375,2794.293012753287,2600.1366227998387,2600.1366227998387,6447821
2024-06-10,2735.77783203125,2812.2222884460284,2728.420792671129,2787.8613885114646,2021106
2024-06-11,2763.06201171875,2782.014744094256,2741.4781118576716,2748.883920521855,2298974
2024-06-12,2716.2890625,2775.778426634158,2710.9296646122275,2763.0619895205614,2580846
2024-06-13,2788.54345703125,2805.4987861916393,2717.360859564292,2777.1426033971866,2492637
2024-06-14,2853.7333984375,2870.688489877826,2791.7591729463584,2801.5035330613546,3515019
2024-06-18,2886.181884765625,2936.462877377752,2881.0660957806463,2889.2027315165205,4887512
2024-06-19,2858.84912109375,2900.8959388535454,2851.638152036496,2898.947066875814,3512298
2024-06-20,2797.80078125,2879.2149620315913,2784.256215111104,2869.7629797843497,4024418
2024-06-21,2767.349609375,2846.230159950187,2752.8306074067827,2811.004391943733,8400461
2024-06-24,2841.260498046875,2849.2020561799654,2741.1372003976935,2763.987676709522,2699784
2024-06-25,2835.02392578125,2871.662813539962,2817.143168409439,2846.522317846972,1910886
2024-06-26,2778.604248046875,2838.483292538702,2771.8807348210457,2832.7342153107847,3282318
2024-06-27,2815.0966796875,2830.7364242066287,2721.6483675903187,2769.34695958528,6900180
2024-06-28,2793.36669921875,2821.966489288949,2782.0146156491537,2782.0146156491537,2548169
2024-07-01,2802.331787109375,2820.0664742317495,2765.6928993779184,2768.37259830271,1718501
2024-07-02,2791.905029296875,2817.0942934241243,2777.142420013405,2816.3146970947673,1507890
2024-07-03,2804.378173828125,2820.9923560090306,2791.856813364079,2797.605890881495,1019710
2024-07-04,2828.5927734375,2847.301896429641,2811.2965350180525,2816.1199454762705,1502213
2024-07-05,2827.51318359375,2832.8135705094815,2787.66130985687,2832.8135705094815,1966103
2024-07-08,2798.80224609375,2864.812888281995,2795.023102320122,2827.5131945548083,1631998
2024-07-09,2871.58544921875,2885.818226184627,2784.9618238919497,2802.7283516851903,2902129
2024-07-10,2681.651611328125,2876.0026431886554,2648.1799488733923,2876.0026431886554,14481615
2024-07-11,2648.3271484375,2707.123143580218,2641.407026359912,2707.123143580218,4314565
2024-07-12,2654.11865234375,2672.1305746578723,2637.6282128902803,2640.082140200578,3398732
2024-07-15,2680.71923828125,2688.52267896114,2658.1922341897434,2672.670404877833,2017720
2024-07-16,2705.945556640625,2715.8595185067957,2689.5042441988985,2704.178681106681,1925983
2024-07-18,2767.489990234375,2773.8702010017437,2686.068733062146,2705.2093653642514,4122844
2024-07-19,2698.6328125,2767.980697881238,2692.448868155629,2767.980697881238,2042568
2024-07-22,2753.060791015625,2767.0481753714403,2674.780517164659,2700.3504852661845,2208103
2024-07-23,2769.35498046875,2801.8939579015687,2692.8413419109147,2771.956047333694,2572524
2024-07-24,2753.797119140625,2778.238138331893,2712.7182817278517,2770.9746096360664,2276082
2024-07-25,2759.58837890625,2774.9009810608213,2730.534023561445,2748.202300059179,1857122
2024-07-26,2834.58056640625,2844.0035035056453,2738.582881970209,2769.6006190705652,2352661
2024-07-29,2878.947265625,2890.72611567188,2822.5069424836984,2846.555427996079,2388937
2024-07-30,2868.248291015625,2895.6340220113393,2851.070801054541,2890.7261677367437,2290006
2024-07-31,2854.2119140625,2924.688752687664,2820.0040723036427,2882.8737364455064,4238740
2024-08-01,2776.27490234375,2872.5670987954727,2768.128055984023,2872.5670987954727,4971708
2024-08-02,2698.976318359375,2758.508736987225,2683.467689915471,2758.508736987225,3041513
2024-08-05,2629.579345703125,2678.903284011036,2587.22465672411,2630.266397412978,3731770
2024-08-06,2584.427001953125,2698.092957846322,2577.3106130693104,2638.75704604678,3069277
2024-08-07,2631.4443359375,2654.9037836354164,2611.960058509601,2647.787394900281,2479171
2024-08-08,2633.50537109375,2666.437119876739,2607.5428709562148,2611.469154217583,2673182
2024-08-09,2698.4853515625,2714.0433450752444,2655.1490952725267,2683.61464934384,2279076
2024-08-12,2667.566162109375,2706.1910743517446,2658.7811501481083,2698.4856466367887,2321474
2024-08-13,2667.958984375,2688.179202279934,2654.2661174696823,2668.00811085106,1292521
2024-08-14,2694.657470703125,2720.865365391296,2665.259470640294,2678.510677581189,2609359
2024-08-16,2788.10302734375,2792.6183493603116,2724.9879702655276,2737.6012522430087,4376092
2024-08-19,2714.190673828125,2807.1945164506305,2709.1356795579463,2807.1945164506305,2500718
2024-08-20,2720.227294921875,2731.9078919673166,2697.847432021774,2728.521520524841,1762399
2024-08-21,2718.3623046875,2729.6994963025872,2704.2277798435784,2722.8776266011205,1497501
2024-08-22,2682.583984375,2724.595264335529,2673.848099738837,2720.0310557773364,2346622
2024-08-23,2708.154052734375,2717.9697615155796,2675.0751620699807,2682.584083431071,1943539
2024-08-26,2741.6259765625,2747.417149438252,2702.3631376995027,2713.9946099278554,2765969
2024-08-27,2729.55224609375,2748.3983583369395,2722.8283899677194,2746.3860901820362,1604159
2024-08-28,2746.435546875,2774.9011047232398,2729.5525742863824,2730.632158557886,1851275
2024-08-29,2706.77978515625,2750.0177880013853,2691.123538886944,2737.9446586459753,2237121
2024-08-30,2753.698974609375,2769.551488818369,2714.0436051323313,2728.767168993809,4895220
2024-09-02,2725.822265625,2796.2991009756174,2705.700063087977,2796.2991009756174,2270687
2024-09-03,2733.52783203125,2746.533646529092,2721.503588438906,2728.7671172830533,1592710
2024-09-04,2698.927490234375,2728.668897317366,2680.768428263183,2710.117302835764,1697000
2024-09-05,2672.915771484375,2709.1356412665154,2661.921985864723,2705.4056239770853,2360312
2024-09-06,2648.37646484375,2688.4243646968575,2630.7081891527932,2672.817483693043,2835519
2024-09-09,2658.928466796875,2664.277980351017,2611.0277582554736,2638.609757159792,1269082
2024-09-10,2640.425537109375,2664.9648079003546,2627.665116298066,2641.652500648924,2034126
2024-09-11,2605.33447265625,2658.09390673566,2595.3716242168543,2632.0822787709276,2034245
2024-09-12,2690.3876953125,2700.8906960903005,2587.0284669773787,2615.8865567753232,3730285
2024-09-13,2688.620849609375,2707.7123549871203,2661.7747906207433,2704.2277304914346,2102332
2024-09-16,2706.58349609375,2732.987897013337,2681.7008176344284,2689.7005245901078,1234752
2024-09-17,2736.27587890625,2742.0181642242824,2694.706497273144,2714.0433950528513,1387175
2024-09-18,2756.447509765625,2795.514081729297,2726.4604691418394,2730.239613177682,2526756
2024-09-19,2745.944580078125,2799.4401938812557,2740.742206403866,2760.177358062444,2807727
2024-09-20,2896.468505859375,2905.4497834889676,2746.9260875317145,2747.1223537780093,12492909
2024-09-23,2993.5947265625,3000.5637355806184,2901.6704757365633,2908.148938987339,3925490
2024-09-24,3017.6435546875,3041.446649713656,2964.3442053192207,2964.3442053192207,3697722
2024-09-25,3034.084716796875,3090.966701369195,2978.625962072404,2988.8833298409654,4218815
2024-09-26,3122.47509765625,3138.278244409001,2989.521135551264,3015.385623063955,4753617
2024-09-27,3124.97802734375,3162.7196192851825,3094.4513168476024,3112.5612516036913,6803795
2024-09-30,3037.863525390625,3120.413729666451,3030.109211538325,3104.8557358498056,3554400
2024-10-01,3107.16259765625,3126.7448886391335,3038.747155754586,3048.268345291892,4028211
2024-10-03,3072.169677734375,3112.561223104828,3015.827366114128,3028.146128438472,3237011
2024-10-04,2961.841064453125,3099.4083698811173,2954.037623725927,3069.421330956065,4281562
2024-10-07,3003.80322265625,3010.4288262365535,2927.927744097246,2972.196687579216,2732276
2024-10-08,3107.50634765625,3118.3525144511304,3009.4963968659067,3017.3489641114797,6060165
2024-10-09,3094.892822265625,3145.2474536960217,3087.040255637612,3106.4754059702072,2432656
2024-10-10,3135.431884765625,3160.952727440944,3096.856101562743,3097.8376724348705,2507231
2024-10-11,3076.586669921875,3151.333193815878,3063.4826033014656,3141.026699956645,1652856
2024-10-14,3096.7578125,3115.5059117955007,3057.593231015433,3092.929781999881,2425178
2024-10-15,3097.641357421875,3134.106618890806,3029.667575597161,3118.4506116551115,2245701
2024-10-16,3011.45947265625,3089.886890445492,2995.9014782855065,3080.1694345486676,1972106
2024-10-17,2909.965087890625,3008.8092262599494,2897.7934653561765,2998.6989984025367,3622197
2024-10-18,2909.621337890625,2933.7680762071695,2860.9844552512272,2891.069745027869,3407751
2024-10-21,2942.94580078125,2946.0867797077203,2839.5863379143166,2905.204447908075,5059952
2024-10-22,2833.991455078125,2953.4977121753222,2825.1573169764843,2949.620555047869,4195638
2024-10-23,2742.01806640625,2870.9963753916013,2729.993823945725,2823.1447982527775,7913897
2024-10-24,2774.262939453125,2789.820694042913,2712.080328642026,2712.080328642026,3992102
2024-10-25,2670.707275390625,2772.9869150994764,2629.922956624333,2772.9377886262782,4532596
2024-10-28,2729.748779296875,2782.655357012471,2663.885273483193,2679.6886614456917,2813985
2024-10-29,2696.277099609375,2746.386343660012,2652.744572521955,2711.0989165520577,3156567
2024-10-30,2657.79931640625,2705.06209615245,2619.8616992844086,2639.6893823306095,5677865
2024-10-31,2678.265380859375,2701.283170997932,2622.3649649110685,2657.7995313272195,3833325
2024-11-01,2765.72314453125,2788.5446679067636,2728.767096082919,2728.767096082919,1061709
2024-11-04,2830.80126953125,2916.983240056282,2752.815511647293,2752.815511647293,7559263
2024-11-05,2846.015625,2854.408103907774,2770.0912616192986,2822.507050476893,3562624
2024-11-06,2880.468994140625,2899.364234369821,2832.224639588809,2856.3713801018757,2902347
2024-11-07,2838.06494140625,2917.7684456106017,2805.280331596467,2916.983141011081,4251557
2024-11-08,2920.0751953125,2935.829456297765,2798.7040485211965,2856.3713393061576,4455563
2024-11-11,2876.591796875,2954.1358985539937,2835.8074777472116,2907.756673182697,2628672
2024-11-12,2845.13232421875,2891.6095616357106,2826.9241364532595,2877.180517617496,2414528
2024-11-13,2747.367919921875,2841.6478561339663,2731.613658490688,2822.9980083735018,3949602
2024-11-14,2755.465576171875,2790.0168213357765,2685.8231739612434,2763.121876546697,2478112
2024-11-18,2794.43408203125,2821.7218008103646,2748.447629436112,2791.587622295428,2405351
2024-11-19,2894.603515625,2942.749617162955,2792.5692664538383,2792.5692664538383,5230405
2024-11-21,2882.137451171875,2919.191751310398,2864.2237828929865,2907.903686367537,3821808
2024-11-22,2957.423828125,3007.0422822447017,2843.3162174473614,2889.7445663223116,4827125
2024-11-25,2989.472412109375,3091.6046719677925,2966.6997756441865,3018.3305005507914,6299837
2024-11-26,2930.185302734375,3011.5576713516543,2898.0879833282343,2997.226640844289,2144702
2024-11-27,2949.42431640625,3013.422691768972,2931.0198618555437,2970.1844452829123,3593911
2024-11-28,2845.279541015625,2944.6635953781215,2838.70306386509,2939.804867315333,4457143
2024-11-29,2911.4375,2936.5164444171633,2849.5002812543366,2849.5002812543366,3542836
2024-12-02,2960.810302734375,2970.478871746363,2907.3146898437753,2929.007502120164,2318823
2024-12-03,2971.509521484375,2985.644046055027,2932.5900929816803,2985.644046055027,2308865
2024-12-04,2975.877685546875,2995.607357219192,2947.6575211337563,2947.6575211337563,3364025
2024-12-05,3014.9931640625,3041.8881099004757,2960.4668545966515,2993.7420110555868,3797063
2024-12-06,3016.3671875,3041.88802930768,3009.4470651585,3018.821114596892,2688767
2024-12-09,2995.01806640625,3016.3672324674826,2983.975394305612,3006.9440564184097,1879542
2024-12-10,3010.379638671875,3024.4652766688355,2949.9150161953166,2991.778918407727,2061909
2024-12-11,3015.434814453125,3057.5932350466105,2991.6317210502743,2995.754270742297,2409385
2024-12-12,3010.91943359375,3029.1276206545945,2988.8832161027995,3027.949783571586,1958999
2024-12-13,3024.612548828125,3036.0971203499876,2944.7127714850335,2994.7728886002787,2467964
2024-12-16,3027.9990234375,3035.164299144682,2983.9754736360424,3032.4649792260966,2300493
2024-12-17,2985.44775390625,3036.7348310529214,2972.1965473707464,2998.7972133837307,2564201
2024-12-18,2994.968994140625,3005.570007477367,2968.810226280868,2970.331709059424,2014105
2024-12-19,2959.092529296875,2988.883301077113,2915.756271214964,2950.602037122431,2372390
2024-12-20,2852.78857421875,2969.2518612850195,2833.1571569540556,2959.092506994011,8046336
2024-12-23,2855.68408203125,2888.1739329286197,2837.819540738507,2864.2237003789623,2142508
2024-12-24,2874.7265625,2895.830336230395,2847.340831050576,2855.7821967579384,1858546
2024-12-26,2920.811279296875,2929.4491509279783,2869.4753142305694,2871.094810318321,2162163
2024-12-27,2993.251220703125,3007.5331246902156,2923.167156930777,2932.1484344720657,2290315
2024-12-30,2947.559326171875,2988.4910267259343,2935.927854134965,2972.2459794854763,2336275
2024-12-31,2951.681884765625,2963.2642294195366,2916.443346440628,2939.2157428948876,1536411
2025-01-01,3025.201416015625,3030.060143885308,2940.001016721313,2951.68185383855,1686613
2025-01-02,3151.92236328125,3168.609068318845,3028.1953053536427,3042.8697421496145,4298090
2025-01-03,3131.751220703125,3177.3942695611686,3117.174796340309,3155.7505823356987,2257218
2025-01-06,3048.46484375,3175.3820151911646,3033.1524807536684,3150.4502089809775,2657204
2025-01-07,3051.556884765625,3073.5931042388106,3024.9562166783808,3052.6855954797643,1978328
2025-01-08,3029.225830078125,3077.2245477413926,3000.6620231085926,3077.2245477413926,2715102
2025-01-09,3068.881591796875,3099.702823937273,3028.490042842142,3046.599979039461,2434207
2025-01-10,3035.8515625,3091.555709397527,2998.6990091972775,3052.685407071533,2341303
2025-01-13,2944.369140625,3010.33089875134,2938.2834487949012,2997.373970778519,2207294
2025-01-14,2993.30029296875,3021.71672101407,2944.3688904703163,2944.712536122725,2851530
2025-01-15,2905.6953125,3007.4841688555766,2896.6157815007177,3000.7605518463165,2440803
2025-01-16,2925.67041015625,2942.1606100691038,2890.7263891876323,2923.265369664397,2598449
2025-01-17,2863.5859375,2915.6091947735886,2849.5985522896485,2915.2164226320083,2002830
2025-01-20,2834.875,2881.8430235789574,2824.2739863971556,2856.371306761362,2905527
2025-01-21,2769.305908203125,2853.4264827629177,2757.134285785287,2846.653739702672,3381309
2025-01-22,2774.361083984375,2799.3420160158366,2754.1408667801634,2795.5139852773646,3133157
2025-01-23,2833.255126953125,2845.966421509475,2758.2140835339965,2774.3608760591605,2650506
2025-01-24,2749.772705078125,2842.629410832719,2738.5828923422946,2822.0164213204653,2665366
2025-01-27,2779.416259765625,2794.434102841303,2703.3934017526717,2721.209057394708,2022141
2025-01-28,2817.697509765625,2871.094870648678,2732.6933743199725,2782.753490013334,2432787
2025-01-29,2870.45703125,2879.4383093599354,2803.6610818552435,2830.8014220831815,1808565
2025-01-30,2916.688720703125,2953.448501944203,2865.2053763768627,2870.456876400442,3055352
2025-01-31,2934.75,2993.644256985671,2900.640409495799,2915.2657207907027,2412370
2025-02-01,3020.04833984375,3041.839166424146,2934.897062202913,2934.897062202913,2674573
2025-02-03,3114.819091796875,3129.1990101188517,2988.638100343157,3000.2698117638834,3664084
2025-02-04,3130.27880859375,3210.276839039882,3080.0224251251843,3165.566235445095,3862456
2025-02-05,3120.16845703125,3159.333039565767,3084.095726934231,3130.2786850955513,2264208
2025-02-06,3082.08349609375,3122.2298896438324,3063.7281682124617,3111.579749534162,2341341
2025-02-07,3139.50537109375,3160.60914526842,3052.6854736383157,3109.6165853653324,4790111
2025-02-10,3079.433349609375,3210.6693328685406,3071.1391233152503,3150.057328935676,3852783
2025-02-11,3029.07861328125,3095.8745596833433,3014.502429478445,3088.856423738436,2470280
2025-02-12,2932.1484375,3018.3304073017925,2900.640156545156,3011.999323156205,4609887
2025-02-13,2923.117919921875,2990.84630691805,2916.2960506092186,2969.202622275792,2481783
2025-02-14,2888.37060546875,2964.344096727009,2853.475712295899,2943.731107974934,1959802
2025-02-17,2779.759521484375,2900.5418625379507,2740.7912066570534,2886.603604392428,4773279
2025-02-18,2738.6318359375,2792.5691069644895,2705.1110471604957,2791.5875361008816,2301836
2025-02-19,2706.58349609375,2731.368161248151,2677.725407572486,2699.3199673109734,2671072
2025-02-20,2787.121337890625,2792.0783186750364,2640.4747468742244,2694.5102707888,3799854
2025-02-21,2620.15625,2763.318214998928,2604.4511163658585,2763.318214998928,8940621
2025-02-24,2659.271728515625,2666.7317629152567,2582.6600748914184,2619.8126278343207,6167313
2025-02-25,2726.65673828125,2752.2755942146846,2677.872474307805,2689.504184978934,4916248
2025-02-27,2676.30224609375,2787.6614192991033,2653.6769884067344,2784.716706532238,2669767
2025-02-28,2537.458984375,2649.2598120426082,2524.796576205116,2645.431781457137,7549863
2025-03-03,2563.764892578125,2646.2659731944464,2547.1764405176054,2565.6300210399872,4340806
2025-03-04,2565.188232421875,2578.8810976147347,2503.0056242912883,2513.8029034548977,1984876
2025-03-05,2676.35107421875,2686.461061878227,2593.9480127655447,2612.8923773821334,3665710
2025-03-06,2691.860107421875,2715.8597091299057,2645.333739729918,2697.357000659671,3706264
2025-03-07,2677.578369140625,2714.9760779547987,2658.1923431870864,2671.1490315923224,1886774
2025-03-10,2652.793701171875,2684.252857882674,2615.9847911595443,2645.333666219506,2520931
2025-03-11,2596.843994140625,2635.517790630781,2564.9918276394937,2635.272397912845,3616140
2025-03-12,2604.402099609375,2628.646852750164,2587.5191281697166,2596.8440516578144,3447155
2025-03-13,2594.782470703125,2636.842876326864,2570.046933890809,2627.763346213755,2446428
2025-03-17,2655.29638671875,2676.792932909477,2586.439284914281,2586.439284914281,2527623
2025-03-18,2655.29638671875,2655.29638671875,2655.29638671875,2655.29638671875,0
2025-03-19,2737.699462890625,2779.7105052348047,2728.325412970614,2743.490635280302,2438912
2025-03-20,2775.980712890625,2794.532306741651,2749.380046077754,2752.079366008748,2354374
2025-03-21,2750.214599609375,2839.6846938119324,2729.994142642391,2786.778116665889,3824316
2025-03-24,2723.564697265625,2770.1401880116123,2659.4680702977653,2763.4165712080303,5395134
2025-03-25,2685.578125,2750.803466840097,2674.8299710025562,2723.56487291877,3576766
2025-03-26,2691.712890625,2743.490757333166,2686.608769702416,2700.596155495617,3111504
2025-03-27,2682.633056640625,2700.30133143738,2645.8732772834173,2684.596198284709,4325599
2025-03-28,2616.671630859375,2689.2096211228136,2586.4392006240064,2685.381590648248,6074446
2025-04-01,2589.28564453125,2677.7252738078996,2574.807474520742,2603.911193953776,3300417
2025-04-02,2588.942138671875,2610.978355435161,2576.917896245529,2582.611054873612,2243574
2025-04-03,2563.3232421875,2603.518522038912,2552.3296961931187,2559.6914778377486,2361203
2025-04-04,2548.697998046875,2583.0038534736927,2509.925947044705,2566.758806960972,3598415
2025-04-07,2445.33837890625,2478.12274942422,2380.309310124498,2380.309310124498,3937471
2025-04-08,2477.141357421875,2503.0058470310646,2408.775038672248,2463.743010214891,4253527
2025-04-09,2476.6015625,2524.551155802729,2469.5831869818203,2493.190014376922,3347213
2025-04-11,2532.796630859375,2556.0106873669824,2485.3867072783323,2502.0242865201376,3600209
2025-04-15,2597.236572265625,2640.4256913811532,2557.973736706054,2557.973736706054,3287861
2025-04-16,2586.046875,2615.886535495836,2570.047220869637,2610.978680832617,3070954
2025-04-17,2630.020751953125,2633.3582365166512,2554.439799022863,2583.4943910707616,2638979
2025-04-21,2713.061767578125,2722.877475854457,2616.7695735307834,2650.1429816703117,3120955
2025-04-22,2765.183349609375,2769.9929509390977,2705.2092745528535,2714.043412241887,3193757
2025-04-23,2864.027587890625,2869.131708585227,2773.9193323509585,2777.8456159070106,3906215
2025-04-24,2847.9296875,2874.03956905905,2812.2006029215086,2864.027593898381,2488496
2025-04-25,2811.415283203125,2885.425871777849,2778.9254306676767,2847.9296722269182,2299310
2025-04-28,2876.591796875,2890.726322084004,2829.1818741227407,2865.1072255461822,1864672
2025-04-29,2855.978759765625,2914.7747602687828,2848.3224588890184,2895.634127897932,2051228
2025-04-30,2874.824951171875,2894.5543828293003,2833.795238891114,2855.1935328213995,2689753
2025-05-02,2863.4384765625,2944.7125920308154,2856.567480514428,2895.6340488303017,2868096
2025-05-05,2965.81640625,2987.9017509928844,2883.5607187904584,2894.554264689762,4049197
2025-05-06,3011.85205078125,3101.4695217925664,2999.6806674895925,3092.537370396032,5683215
2025-05-07,3062.40283203125,3067.408939276679,2966.2088876955336,2966.2088876955336,2942902
2025-05-08,2977.202880859375,3079.1880045346034,2953.0561401473874,3069.764827758867,3323894
2025-05-09,2927.142822265625,3000.7606434254394,2900.542153696674,2907.020617815276,2308852
2025-05-12,3047.48291015625,3054.844691386525,2977.7913811763165,2988.5886603140525,2166730
2025-05-13,2997.521240234375,3053.6670473718987,2979.067659522248,2993.7912229136264,2681662
2025-05-14,3044.63671875,3052.685552342378,2962.381027964404,2981.521660848866,2236302
2025-05-15,3086.353271484375,3112.2666460670166,3016.3672219533532,3028.1460721529756,3590003
2025-05-16,3077.81396484375,3091.4577051840874,3057.593507429253,3077.2249264175625,2269659
2025-05-19,3070.353759765625,3098.8193157225314,3046.403525782554,3057.5933381297705,2011149
2025-05-20,3007.042236328125,3077.519069818118,2992.9077122391236,3070.549821071783,2667772
2025-05-21,3033.740966796875,3074.2798906782073,2991.926192528381,3006.55150228204,1395136
2025-05-22,2950.896728515625,3032.85790099643,2925.57215064718,3019.9012126762354,3870830
2025-05-23,2957.1787109375,2974.945240735508,2929.203939261703,2964.3442266985166,1828093
2025-05-26,3023.4345703125,3043.851292501985,2971.90209922048,2982.012327191561,2164190
2025-05-27,2983.779296875,3028.1462540300913,2959.043757898386,3023.4346657389897,2599143
2025-05-28,2942.55322265625,2988.687053869878,2937.841634518933,2983.6809465412302,1491995
2025-05-29,2953.546630859375,2973.079794542264,2932.1483388125557,2943.730922548111,2093429
2025-05-30,2921.9404296875,2961.792066169902,2902.505277096898,2949.6206823389175,3700191
2025-06-02,2970.13525390625,2982.5031429505975,2907.707489219217,2921.9402670940844,2967741
2025-06-03,2990.355712890625,3008.3185080849007,2971.2150805579918,2985.938643890787,3204094
2025-06-04,2997.12841796875,3030.109295270401,2984.073717026452,2988.981571408166,1584653
2025-06-05,2985.546142578125,3037.961932733866,2939.6085765716857,3021.2752274490595,3504632
2025-06-06,3049.249755859375,3055.5317132581204,2971.2148755790527,2985.545905424166,2028071
2025-06-09,3030.501953125,3083.114250129883,3021.275282362235,3072.3169700434682,1364639
2025-06-10,3010.96875,3049.642547786498,3003.4107019624967,3044.8329462102693,1787253
2025-06-11,3023.925537109375,3066.427606601616,3019.3122016346256,3028.1463400659363,1749787
2025-06-12,2963.55859375,3036.9801395576796,2951.583477585631,3031.09071459409,2278398
2025-06-13,2950.60205078125,2962.871686720959,2877.9658060181723,2877.9658060181723,2003184
2025-06-16,2967.8779296875,2988.883451519807,2933.0321620261034,2945.6943310380757,1673726
2025-06-17,2951.77978515625,2986.920069192663,2938.823097983185,2986.920069192663,1455355
2025-06-18,2985.05517578125,3018.2320784424205,2931.559565029911,2944.712518422337,2161043
2025-06-19,3037.765625,3049.642488932201,2978.2823334699037,2982.0123507638386,2482920
2025-06-20,3125.714111328125,3143.9714249505223,3033.34843835118,3042.8696276449014,8315834
2025-06-23,3077.224609375,3125.714113423775,3065.1512400128245,3105.297631492493,1731432
2025-06-24,3092.04638671875,3157.3208473207433,3078.991446670088,3096.954240899351,2834887
2025-06-25,3156.2412109375,3166.0569198814824,3102.2548117455976,3121.395444186363,2078771
2025-06-26,3156.53564453125,3178.326469867674,3124.8308575737306,3166.449366511021,2907261
2025-06-27,3144.265869140625,3181.761826697428,3128.3644697165823,3145.9344916135296,5098406
2025-06-30,3124.536376953125,3160.461967013809,3102.7455513477244,3146.3272025585256,2083572
2025-07-01,3117.5673828125,3158.6951070256937,3109.8128290384225,3129.247980484124,1407074
2025-07-02,3106.8681640625,3143.6770728043343,3095.580098715004,3109.616610510157,1559309
2025-07-03,3115.8984375,3161.639735364598,3106.475501042788,3106.868033529676,2102806
2025-07-04,3129.157470703125,3143.5045958652418,3101.056991150181,3127.772327658951,968006
2025-07-07,3126.881591796875,3139.5466882063356,3118.8671359885116,3129.157390939974,853459
2025-07-08,3124.605712890625,3134.59932377552,3090.073765199163,3116.789100344977,1513129
2025-07-09,3142.81201171875,3155.3780660831467,3107.8841347027796,3111.84196231781,1245661
2025-07-10,3129.058349609375,3158.9401407238943,3104.520012168689,3138.656274626045,1701384
2025-07-11,3040.798828125,3129.058333299343,3030.1126455329,3124.7048196642677,3041614
2025-07-14,3059.499755859375,3072.0658100887413,3021.405665474051,3040.403189508732,2958843
2025-07-15,3095.614990234375,3115.107243079418,3050.396616121303,3053.5630714917015,2826720
2025-07-16,3162.799072265625,3176.156740801707,3049.9019400858647,3095.615043440429,2892812
2025-07-17,3161.314697265625,3203.861342643535,3137.567732403536,3152.7064708164417,3267180
2025-07-18,3158.7421875,3217.7139167961013,3143.207762106777,3174.177812140804,2040381
2025-07-21,3212.4697265625,3219.297124234989,3119.559818611938,3143.5046277082884,2436535
2025-07-22,3222.85888671875,3237.4038544759687,3176.6512989440234,3212.4695895255054,1854072
2025-07-23,3234.336669921875,3268.1760466143674,3213.755918681037,3225.6294011392183,2159800
2025-07-24,3226.519775390625,3251.8499676116294,3209.501165726489,3220.6820765482594,1469406
2025-07-25,3212.1728515625,3224.6401053931886,3180.114543950202,3221.6717346303226,1475856
2025-07-28,3175.958740234375,3222.562014320348,3165.4704006846896,3212.1727170852646,1939520
2025-07-29,3165.668212890625,3191.888819942637,3153.003358209363,3169.230354248866,1824673
2025-07-30,3175.068115234375,3207.4235487656056,3118.6690725480717,3161.3147611006802,2199654
2025-07-31,3169.329345703125,3204.059136338875,3102.5410080575125,3190.998354179278,4465859
2025-08-01,3125.9912109375,3171.20934264251,3083.8402506613743,3171.20934264251,3781457
2025-08-04,3166.4599609375,3189.0196268406385,3126.683841395103,3136.578410513442,2684012
2025-08-05,3178.33349609375,3188.0302223023477,3136.6775043611883,3161.314885243948,1805644
2025-08-06,3193.47216796875,3205.939421626046,3145.087821833613,3178.3334289753557,1866321
2025-08-07,3177.2451171875,3195.550069658733,3127.7722726706547,3164.283135297437,2374621
2025-08-08,3111.05029296875,3181.004846502841,3102.541108688246,3173.1882337292836,1721037
2025-08-11,3152.607421875,3195.9456809705243,3097.2968796266464,3117.6795461504503,2046761
2025-08-12,3202.377197265625,3218.703235811858,3151.519210178554,3152.508667060144,3315978
2025-08-13,3247.595458984375,3265.207840497963,3204.5540829050838,3220.6822790366273,2436029
2025-08-14,3230.972412109375,3278.5653848523352,3227.608355330713,3238.6902241172365,1508721
2025-08-18,3347.431640625,3395.8159850439965,3300.1355538253406,3314.680521531873,5787481
2025-08-19,3318.638427734375,3368.0122301965575,3302.906159721497,3364.153444930493,2596242
2025-08-20,3359.7998046875,3368.308988728955,3299.8386224475635,3318.737345067838,2957816
2025-08-21,3339.51611328125,3374.0480628106375,3334.4697864140317,3374.0480628106375,1964795
2025-08-22,3367.121826171875,3383.942593449254,3339.81271914195,3344.3643175024795,2509867
2025-08-25,3363.06494140625,3392.8476905513,3346.1453734537117,3391.8582336570007,1859862
2025-08-26,3295.68310546875,3378.0058716010026,3283.117051096272,3359.2061904175175,3122442
2025-08-28,3260.557373046875,3339.4170397158773,3252.6417178416227,3339.4170397158773,2936428
2025-08-29,3165.767333984375,3245.418613992421,3153.3991228030013,3236.5135019418317,3017625
2025-09-01,3280.4453125,3289.8451530582142,3157.4560129758256,3157.4560129758256,3525726
2025-09-02,3200.3984375,3294.8915742386766,3189.0196828141907,3289.9442895926727,3073407
2025-09-03,3251.35546875,3258.9742387901047,3198.71640843962,3234.5347009567104,2672659
2025-09-04,3444.794189453125,3512.5719869477507,3426.88492297753,3489.81447829992,7600320
2025-09-05,3523.7529296875,3540.0789686459348,3444.7942202297445,3473.9831989736126,3700943
2025-09-08,3523.7529296875,3523.7529296875,3523.7529296875,3523.7529296875,0
2025-09-09,3657.32958984375,3684.539654609079,3634.374238064143,3663.167288930388,2879258
2025-09-10,3566.3984375,3669.7966859785915,3553.5354974978786,3662.9695298348875,2298202
2025-09-11,3557.7900390625,3609.4396396523152,3542.2556144298605,3581.8338894514236,1949934
2025-09-12,3552.05126953125,3602.612614329346,3544.234656558011,3556.998554088143,2839264
2025-09-15,3493.079833984375,3565.4089903311287,3489.4188916716976,3552.150364150091,2550444
2025-09-16,3569.96044921875,3581.734889550444,3491.6943128101707,3507.6246653216376,2465043
2025-09-17,3594.894775390625,3606.4713728543934,3555.2176984791954,3569.9605097225185,2237804
2025-09-18,3603.7998046875,3611.5176166748142,3565.3100286323265,3597.76426265166,2480472
2025-09-19,3554.228271484375,3598.3579048352735,3546.7083023238524,3563.034341377652,4018342
2025-09-22,3547.005126953125,3578.4699045402576,3531.668545074382,3562.0448234499218,1664133
2025-09-23,3576.490966796875,3640.4097368718394,3568.7731547510966,3571.9393684818556,2523224
2025-09-24,3537.209228515625,3588.0674560068023,3530.3820728153582,3576.391816757599,1320014
2025-09-25,3492.78271484375,3546.3124275817413,3484.669216907295,3542.1565155175863,2106344
2025-09-26,3360.6904296875,3510.098424647845,3355.842187404843,3472.9937901378257,3046760
2025-09-29,3382.062744140625,3421.5419780297016,3369.1007620564296,3382.9531587286147,3175716
2025-09-30,3390.86865234375,3417.583987509575,3357.3261614844164,3383.9424543377954,2611078
2025-10-01,3426.885009765625,3464.0886866891965,3379.4901197906174,3383.1510620916156,2364844
2025-10-03,3425.499755859375,3455.5791487122533,3368.3090992593166,3425.598798175102,2357702
2025-10-06,3435.394287109375,3443.3099421487977,3388.988856067409,3425.499718310097,1156082
2025-10-07,3455.97509765625,3484.2734199663914,3428.56718992663,3431.5355606172016,1508939
2025-10-08,3390.3740234375,3472.6967881257806,3386.515238204699,3463.0991046348317,1444911
2025-10-09,3406.60107421875,3438.3627374271014,3387.900435381409,3413.6263148556836,1997853
2025-10-10,3418.474609375,3437.274290817019,3359.898808142667,3388.889944153422,1416272
2025-10-13,3423.223876953125,3433.415331004011,3395.81597003048,3395.81597003048,1090517
2025-10-14,3423.322998046875,3450.335219470705,3391.858220615819,3433.3163677008974,1518505
2025-10-15,3460.32861328125,3463.099140907301,3423.5208650112177,3424.5103219086195,1319445
2025-10-16,3523.258056640625,3535.527225151941,3461.4170025178278,3466.0674014745387,2125552
2025-10-17,3608.7470703125,3617.454339135779,3522.565521341442,3523.455935903312,3339579
2025-10-20,3561.154296875,3637.243433111874,3555.118513376214,3635.2645193833037,2827250
2025-10-21,3583.021240234375,3589.8486377124523,3566.29951542712,3570.158300669833,286950
2025-10-23,3585.39599609375,3611.517560728261,3562.044717430613,3593.80637945435,3724956
2025-10-24,3586.78125,3616.761842278842,3576.985723350788,3591.7285344827583,1654500
2025-10-27,3573.522705078125,3596.972785743728,3555.1187097591487,3588.5624019327197,1440893
2025-10-28,3541.365234375,3586.682166462954,3524.44542501177,3566.9920710745173,2851093
2025-10-29,3497.433349609375,3545.71889593346,3484.9663372760847,3542.255796690885,2526473
2025-10-30,3465.177001953125,3512.5718894117804,3459.1412184179107,3502.677320709212,2103351
2025-10-31,3450.43408203125,3489.5176299059376,3446.97098285248,3479.029531618783,1915577
2025-11-03,3511.4833984375,3552.1501725267804,3473.9830795937396,3473.9830795937396,1776510
2025-11-04,3543.44287109375,3594.498941874704,3499.9067691017053,3511.1867222850688,3494428
2025-11-06,3580.349853515625,3635.957283927621,3548.489389107325,3586.7813234749597,4535984
2025-11-07,3651.293701171875,3678.800650530044,3529.1948197793167,3577.4803634519376,2595934
2025-11-10,3625.27099609375,3676.6239535319332,3606.6693998486608,3651.2937605670536,1620889
2025-11-11,3709.572998046875,3719.368524829591,3631.306859836286,3660.891524819745,3044040
2025-11-12,3714.718017578125,3741.13646799409,3700.5687358629716,3721.347330369154,1984901
2025-11-13,3660.495849609375,3714.520293685323,3651.293852005235,3708.6823529587,1599079
2025-11-14,3659.60546875,3677.613536419112,3621.9070633908814,3660.9906118143044,1847028
2025-11-17,3695.5224609375,3714.9159127083994,3643.477173194438,3670.885080875792,2094008
2025-11-18,3655.845458984375,3693.3457794478045,3649.1171036469714,3679.2955395637914,2613743
2025-11-19,3683.253173828125,3707.000138548575,3629.1299317160897,3656.0431100859428,1626043
2025-11-20,3677.514404296875,3719.368479393479,3671.973590608331,3705.3182397559162,1815617
2025-11-21,3710.067626953125,3739.1575627010225,3686.71634787616,3690.674175410112,3184145
2025-11-24,3651.887451171875,3709.968520921789,3638.4307411609,3705.6150073358594,4059935
2025-11-25,3630.6142578125,3656.8348657082097,3614.4860620010586,3648.1275966597054,1714176
2025-11-26,3647.53369140625,3668.9060563221524,3630.61412395056,3642.1907209605833,2116524
2025-11-27,3642.388671875,3678.4050477763067,3626.359518496743,3662.474695147529,1993274
2025-11-28,3717.6865234375,3729.164078737439,3651.195066912686,3653.0749384287788,2944457
2025-12-01,3702.152099609375,3754.989002383855,3690.674302738282,3750.0417177957343,1830158
2025-12-02,3677.316650390625,3708.48454343174,3666.432624249283,3683.5502773121743,2285922
2025-12-03,3610.923828125,3700.5687177539226,3601.6230301134433,3696.6108902483033,2002476
2025-12-04,3632.89013671875,3639.4204074734566,3582.031905914098,3636.254193631784,1984001
2025-12-05,3677.910400390625,3682.263914195912,3604.0968178042754,3620.7197423122784,2393280
2025-12-08,3642.88330078125,3685.7268314575567,3632.889931359416,3680.7795471200297,1500195
2025-12-09,3597.566162109375,3635.6602518701875,3566.497312801231,3619.4332557156063,3901255
2025-12-10,3591.728515625,3655.9441712474036,3587.9685311245194,3621.4122223657023,1593915
2025-12-11,3626.557373046875,3630.416399887785,3577.7770996781483,3585.1980264107146,981456
2025-12-12,3640.8056640625,3656.04320352089,3622.6985546870824,3626.7551829905283,1078982
2025-12-15,3569.96044921875,3626.755177920581,3565.606935541474,3593.707414512888,1704069
2025-12-16,3582.823486328125,3595.1916977556593,3540.177796699335,3543.2452097600153,1394406
2025-12-17,3574.7099609375,3609.4397534236496,3556.108122777702,3609.4397534236496,1209367
2025-12-18,3548.7861328125,3573.819198555329,3502.7763880172506,3562.0447583419023,2446168
2025-12-19,3565.60693359375,3576.886645475655,3522.466516706316,3533.3505424601835,1647819
2025-12-22,3578.568603515625,3586.781143827229,3539.1881718852464,3562.0447221456616,1400786
2025-12-23,3586.88037109375,3599.149540253805,3566.992190409613,3581.042430335903,1413628
2025-12-24,3598.35791015625,3619.433390733827,3574.0174150163884,3586.385626439071,842897
2025-12-26,3584.9013671875,3608.5492903136596,3576.4909835934045,3598.357835998078,829910
2025-12-29,3554.228271484375,3601.8210040285035,3550.2704438349692,3584.505508062353,1034692
2025-12-30,3621.709228515625,3627.3490846711,3537.5063476266946,3552.150358420417,2063179
2025-12-31,3670.093505859375,3684.3418302396854,3602.0188224422313,3614.4860760791744,1868363
