Price,Close,High,Low,Open,Volume
Ticker,NESTLEIND.NS,NESTLEIND.NS,NESTLEIND.NS,NESTLEIND.NS,NESTLEIND.NS
Date,,,,,
2020-01-01,690.580810546875,693.8657329429467,687.4594212730387,692.4475522599543,477180
2020-01-02,688.2584838867188,694.0339352410033,686.2865607953637,693.8446771687139,922320
2020-01-03,681.9153442382812,691.3261716967612,680.1630812143794,689.2234560680789,800000
2020-01-06,673.6469116210938,679.5041007746945,667.028012945677,679.5041007746945,1302720
2020-01-07,667.7639770507812,679.7261369149701,666.3668440532348,673.9693374983632,1444740
2020-01-08,672.4600830078125,675.2052948467222,659.8017519634584,663.131051427668,789760
2020-01-09,684.24462890625,685.7188797785647,675.2053024054691,677.3080178800882,1114160
2020-01-10,686.225830078125,687.7701828303096,680.8242174731706,684.2446094504469,785480
2020-01-13,684.9361572265625,689.1252746543249,682.2610473678355,689.1252746543249,539800
2020-01-14,694.76513671875,695.9987364902358,682.541336292027,684.9197819049839,1007560
2020-01-15,694.3727416992188,698.5688181830727,687.7678740958884,692.8681456265324,829360
2020-01-16,717.4885864257812,719.5025480064555,693.8073688703109,693.9428384169888,4064160
2020-01-17,721.4393920898438,728.941439502239,717.6638697836778,719.5493208243074,1927980
2020-01-20,720.4020385742188,723.3061064965281,711.6594325877675,711.6594325877675,1375400
2020-01-21,714.0237426757812,724.3434417287958,710.2505593949188,717.7759353074017,1265160
2020-01-22,726.5442504882812,728.2404432150906,714.9699611062575,718.1474205688678,1112540
2020-01-23,726.5511474609375,730.1094040895244,722.1658137730303,724.2685288568082,857220
2020-01-24,736.2073974609375,740.6230769016215,724.275639995355,728.9413249000187,1012640
2020-01-27,732.027587890625,740.3893945655897,727.0698595026205,733.6139788374729,627240
2020-01-28,720.3739624023438,734.0813122559251,718.0446278457227,731.9318812473508,1062140
2020-01-29,741.4058837890625,742.9571955805932,721.4651074369509,728.240524572855,1285020
2020-01-30,725.240478515625,738.7936485945883,722.9251759526952,738.380110037242,945040
2020-01-31,717.7011108398438,730.6818872235946,715.4045172063928,727.0722372992057,1192980
2020-02-03,761.6968994140625,770.9955848453086,725.6703898574328,728.4272945687794,4075040
2020-02-04,768.9209594726562,771.3647727987351,753.5687534951379,766.3229105188649,2328320
2020-02-05,765.6150512695312,770.1498871049563,759.596610034569,769.874213714108,1150220
2020-02-06,760.947021484375,773.306292850264,755.0056981163249,766.2762506803017,1481680
2020-02-07,762.94921875,765.621989791364,756.7251496371152,763.5192745310276,828140
2020-02-10,755.6785278320312,765.0660250904302,752.8655527393992,761.6502533237181,1225400
2020-02-11,747.4989624023438,761.6525918014004,745.2957998804261,758.8466326055247,1467000
2020-02-12,761.542724609375,769.7152732860945,746.1578352740818,748.8469767149446,2580220
2020-02-13,766.89306640625,769.1967332366679,760.591935569856,762.9586884307897,3024560
2020-02-14,764.2879028320312,784.1912562132025,759.3138042006077,770.9955550344632,3314160
2020-02-17,775.1286010742188,776.3692167924105,765.0613039800584,766.9303842491945,2795760
2020-02-18,766.5028686523438,774.2618795476161,765.62439858149,774.2618795476161,1800260
2020-02-19,784.3153076171875,786.4857866517701,769.8649550033144,772.7994253179664,1900000
2020-02-20,772.8413696289062,782.2101580777196,772.1825598475741,782.2101580777196,1314640
2020-02-24,763.3907470703125,774.5818989336699,762.4445138160082,770.9488629057961,1330320
2020-02-25,765.4118041992188,772.9044391260899,762.0871820266246,765.06135162693,1818320
2020-02-26,758.8536376953125,773.0983594623274,754.6435296454217,773.0983594623274,2336780
2020-02-27,759.9564208984375,763.5590551736381,750.3189749336199,761.6502750377085,1803980
2020-02-28,737.2984008789062,753.6622070113784,732.6794319123716,749.5945847566733,2813460
2020-03-02,752.7698364257812,762.3512126673766,743.0062179897673,745.2958530214315,2344640
2020-03-03,764.4259033203125,770.9490334142574,753.7184465990067,753.7184465990067,1867440
2020-03-04,772.934814453125,777.1869607743367,748.5666683664437,766.18272757138,2234220
2020-03-05,774.5608520507812,786.6561418080529,770.1778567183667,773.3319295427858,1701800
2020-03-06,767.6920776367188,774.0586326426208,756.9822265897078,764.3651168620157,1724240
2020-03-09,749.0969848632812,763.986540616142,733.6653798749857,759.281156255548,2473680
2020-03-11,749.900634765625,756.9774484953646,737.0156865060756,747.8726988068489,2474640
2020-03-12,727.3316040039062,742.153397242416,703.0078349076435,741.5318915309408,4457320
2020-03-13,700.5220336914062,740.8567647818229,656.5145093147027,716.839069545551,5232400
2020-03-16,672.738037109375,697.6832538262423,630.4711443654156,691.5596888161675,4424560
2020-03-17,679.4573974609375,690.484959706306,665.8598498302592,677.5416015816672,3539600
2020-03-18,632.5341186523438,688.6625923161795,626.1418395510574,679.8778929453646,4258440
2020-03-19,613.0723266601562,628.4034270716122,587.6878474143422,607.4744406855069,4294200
2020-03-20,660.9769287109375,674.4156210642607,614.4601684294969,616.7030876777095,4098500
2020-03-23,604.8646850585938,654.1686892529717,595.7716285027878,595.7879989250259,3918540
2020-03-24,629.802978515625,648.9914548795881,570.0695233892897,648.9914548795881,5173340
2020-03-25,674.9296264648438,678.4761905808247,598.1057327434268,598.1057327434268,3974440
2020-03-26,697.150634765625,705.5778671835631,656.5869461149313,686.8730309619839,4106880
2020-03-27,705.9796142578125,725.8573002505802,691.559667495222,719.5958702315148,3504880
2020-03-30,731.6818237304688,742.4921210695778,686.3122512052631,700.4378159114519,4029400
2020-03-31,761.6784057617188,767.488880398519,733.6725420278966,740.5764698810226,3678380
2020-04-01,731.490234375,768.9396026204157,724.2685961011078,761.6618942206755,2550240
2020-04-03,705.7951049804688,744.814496374066,701.1387744753421,744.814496374066,3815520
2020-04-07,796.1651611328125,803.7045687288106,720.813180550321,727.773177787862,4938020
2020-04-08,788.343017578125,819.7809616063641,773.5866492882017,778.0046672698099,4968900
2020-04-09,786.8688354492188,819.7786944777687,774.5002092956025,814.776531432014,4150160
2020-04-13,775.6659545898438,793.1442047299735,763.0590176010784,787.1164095975793,1658140
2020-04-15,809.5875244140625,812.6294574703747,778.3364963843342,778.3364963843342,3111580
2020-04-16,836.191650390625,841.1634117729341,796.7960755435388,809.3119228387258,4514800
2020-04-17,809.5127563476562,858.372826486585,804.7979600171299,858.372826486585,3745420
2020-04-20,793.2562866210938,817.2459135681877,791.0881468752542,817.2459135681877,2703940
2020-04-21,795.076416015625,805.5736224507183,780.3410379888048,785.013738815085,2675080
2020-04-22,824.3600463867188,827.0678965597815,785.8172874418142,794.7491488914782,4044820
2020-04-23,814.734375,831.74067735808,808.6575258032159,822.3929378570788,3742000
2020-04-24,813.3327026367188,831.7408182432529,808.3773121128245,808.3773121128245,2902320
2020-04-27,838.7872314453125,841.7871261678191,814.2181889244656,821.6945108887649,2439720
2020-04-28,820.9771118164062,842.1584998016239,817.76930746919,839.9880212814013,2150860
2020-04-29,817.2413940429688,829.3110175406365,813.04999482815,829.3110175406365,2104840
2020-04-30,837.5653076171875,841.0862038918478,818.2833995481898,827.0681004936504,3167400
2020-05-04,815.6876831054688,828.3833745985344,811.1831927161236,814.0078608673532,2379480
2020-05-05,814.0546264648438,824.1219243917637,799.0318811510309,821.0402917326679,2613580
2020-05-06,808.811767578125,823.194296275015,806.9753711958417,814.0545238160872,2710180
2020-05-07,801.0153198242188,807.4426214449165,786.193527985858,803.7044611604492,4181520
2020-05-08,831.878662109375,832.6753371136404,803.7746921801438,810.7136419147957,3584000
2020-05-11,820.6243896484375,837.3480044863122,817.2553905393751,830.3389531094737,3680620
2020-05-12,815.9446411132812,830.6659870643783,812.349022994263,822.8158840513877,4778500
2020-05-13,771.57275390625,829.404445965034,766.3229810606512,829.404445965034,11240660
2020-05-14,758.9632568359375,787.3499078150252,757.0240750318768,775.668158440915,8204760
2020-05-15,768.36962890625,773.3320352131553,757.0686738705677,770.9956846535989,5431840
2020-05-18,758.8629150390625,774.5000909494408,755.2111700174195,768.2386610083149,3359200
2020-05-19,754.6550903320312,767.0610747485865,752.7088925072665,760.7249231375564,2362880
2020-05-20,761.8090209960938,775.4322927010166,754.6878301501112,758.8932605098552,3590780
2020-05-21,761.4376831054688,771.2293076126547,760.0148251026857,763.0520807824689,2421600
2020-05-22,757.6854248046875,766.1734037714738,754.6411534924171,761.4632850200535,2366000
2020-05-26,778.245361328125,782.6774113470057,762.7903686682397,765.3884177829226,3973840
2020-05-27,781.1119995117188,785.9482331771134,770.3927947802234,780.340992512354,3350660
2020-05-28,793.852294921875,795.7610752554049,779.4066198038845,781.112167280363,3525760
2020-05-29,819.6292114257812,822.3954712725765,784.2919060195377,792.022911253987,4889320
2020-06-01,802.9312133789062,829.357698556822,799.545843840456,819.6291032890252,3503720
2020-06-02,795.0343627929688,816.6479438924919,793.0508034686349,816.6479438924919,2644020
2020-06-03,813.4027099609375,818.7482521627619,801.4615982689603,802.5363422418868,2922020
2020-06-04,803.545654296875,819.8977679063363,801.2770672623329,813.3723003933702,1952620
2020-06-05,798.8847045898438,815.8535908134808,792.3288914277167,809.1716055985702,3241920
2020-06-08,786.7051391601562,806.040774632646,784.5463539757754,806.040774632646,2941400
2020-06-09,773.4511108398438,793.6582024438474,771.9768601007119,778.0980865214323,3493700
2020-06-10,772.6170654296875,786.5089961402766,766.7902210712468,778.0047032806983,2468800
2020-06-11,778.9274291992188,790.2655347720969,775.5271768982706,776.195525250932,3302620
2020-06-12,773.677001953125,784.0325084322042,764.4705233602854,764.4705233602854,2813560
2020-06-15,769.1746215820312,780.8855460306066,767.75353684811,773.850541111412,2793080
2020-06-16,766.445068359375,778.4468289234832,763.0635940472,778.4468289234832,3864740
2020-06-17,759.6937255859375,771.0365258015283,755.8010572819528,766.5810227631375,2539180
2020-06-18,758.7932739257812,764.4705135796567,752.9612275272799,760.6481495615554,3168900
2020-06-19,754.8489990234375,764.7355054973474,752.848705719993,764.0015474518922,3377860
2020-06-22,757.0040893554688,764.0015954192776,753.4490871952544,764.0015954192776,2718300
2020-06-23,776.1228637695312,784.1685784447154,760.2519080925383,763.9921744013636,4894700
2020-06-24,783.6033325195312,790.7344610672504,774.7486050664128,781.354455597888,4021380
2020-06-25,787.3107299804688,790.265454580491,776.8989468917408,778.0855313145283,3393300
2020-06-26,782.1752319335938,794.017489230145,779.9474805609752,790.2654869183664,2206820
2020-06-29,784.3959350585938,796.3906517022118,775.7264716575006,785.1064773607352,3392920
2020-06-30,805.4822387695312,811.2767858814456,785.758462142872,787.8736581907788,4020660
2020-07-01,787.8665771484375,806.9150198399636,784.1685051859455,806.9150198399636,4338000
2020-07-02,787.4210205078125,796.596983597885,781.4060575056644,796.596983597885,2939400
2020-07-03,783.0242919921875,796.8316355239541,780.8856228059939,788.5678512230992,3633160
2020-07-06,788.0142822265625,789.8902834291026,782.6184314777161,785.8100037139832,1966740
2020-07-07,793.192138671875,794.9555845486543,784.6399242533572,790.500081272423,2827120
2020-07-08,788.0166625976562,804.3355493536548,784.9658132239156,794.2989310485431,4374420
2020-07-09,786.0023803710938,795.7036226893933,782.3394602140878,789.7965771132828,1837880
2020-07-10,789.4729614257812,791.4356980075951,779.8537602180925,786.0023475843399,2672220
2020-07-13,795.2769165039062,801.8968521182388,791.4404683031621,791.9071213792879,2280580
2020-07-14,792.41357421875,802.7011241619671,790.3593504385451,794.9086880892912,1517060
2020-07-15,793.02099609375,804.007352598651,785.1066148952095,794.4866222416279,2530380
2020-07-16,820.5465087890625,833.1602814235569,786.0445280899911,793.8299218702738,5930740
2020-07-17,808.0853271484375,826.3786897063537,805.0391718961159,820.4692962244927,2502760
2020-07-20,808.8848266601562,814.6535534798498,800.6117114202183,812.4961634643032,3931480
2020-07-21,810.2261962890625,820.51368823287,807.0580969313067,813.7155310859704,4223720
2020-07-22,804.4224243164062,817.9366424507195,797.3498621206166,813.7156391353202,3129560
2020-07-23,809.32568359375,811.3212821579027,799.6455105432109,802.9285126392828,2138820
2020-07-24,809.1124267578125,816.5296400918266,795.424623547236,803.1678241973442,4145600
2020-07-27,813.7272338867188,816.761652001443,807.2385759894978,811.370495995835,2076560
2020-07-28,801.7749633789062,819.5617692258568,797.6618207043678,816.3889746448166,3179340
2020-07-29,778.4397583007812,806.633709628598,774.3477417164444,797.2982439654271,9010100
2020-07-30,774.97607421875,786.6048995221519,771.5570438568006,785.10646881781,2569680
2020-07-31,774.8917846679688,782.0229719996913,770.6707812993653,775.0700071002395,2958800
2020-08-03,775.0136108398438,778.5405022753739,766.8154947109857,775.1637229972355,2316860
2020-08-04,777.6026000976562,780.8175884185964,769.8101636640935,780.1961858394333,2200960
2020-08-05,774.0076293945312,780.6018014134737,771.9745313155532,779.9475368030164,1955300
2020-08-06,782.1588134765625,783.2304951843888,771.5054877714488,778.5404922192128,2117760
2020-08-07,787.3860473632812,792.5638303803313,776.4723983034161,781.7721260111596,1769000
2020-08-10,781.6241455078125,790.7321518676858,780.41649264586,787.4491497952573,1282880
2020-08-11,779.6097412109375,787.2473689821157,777.6492949958614,784.4029099759,757460
2020-08-12,775.7664184570312,779.574698973879,771.5055686368914,777.6986975911752,1643260
2020-08-13,772.640625,781.4460613151056,771.8995677605086,772.0684010268297,1326060
2020-08-14,767.0359497070312,776.1486512350332,764.7073791178635,773.2408148621465,1188680
2020-08-17,770.2345581054688,774.9995601622443,765.1154012640817,771.5055306593606,1251680
2020-08-18,776.4112548828125,779.6942571374257,764.9864139068804,769.1605282236633,2088000
2020-08-19,766.6160888671875,776.3478444117037,765.1974088596979,773.8504408892376,2500100
2020-08-20,760.3410034179688,766.3465781390604,759.0888091139266,764.4705767237873,1961700
2020-08-21,776.7559204101562,782.7614943937185,762.1254813599716,765.5257335075776,2882860
2020-08-24,772.8563232421875,783.6011376273376,769.2074866647166,777.6026046427284,1481440
2020-08-25,763.9170532226562,772.8163798297496,762.8289977031907,771.7868920975197,2177340
2020-08-26,759.3139038085938,766.7381586396486,758.3735558293522,764.0250328718398,2330160
2020-08-27,755.7330322265625,761.6705922206663,754.387003618012,761.4220083144809,2552900
2020-08-28,755.1490478515625,767.6596527573633,754.6214225561147,757.7168128392071,2969780
2020-08-31,748.0343627929688,763.8607758362419,744.5379861204814,760.4839965318806,4425860
2020-09-01,759.6350708007812,762.3576427412365,738.201779924196,750.1659821946716,3538940
2020-09-02,750.0511474609375,762.5945593716312,748.9935493951384,759.3584455477103,2123840
2020-09-03,768.8673706054688,771.0177186712526,746.707106321148,752.7454852134365,2677740
2020-09-04,761.3095092773438,770.2814882223004,757.4355618237857,757.670061997725,1978640
2020-09-07,769.3247680664062,774.554133795643,749.092084640459,761.7035118301487,2096160
2020-09-08,756.3334350585938,767.7348039349613,755.0905726658032,767.7348039349613,2108280
2020-09-09,765.0567626953125,766.8155138739224,750.4005028735631,750.4005028735631,2716000
2020-09-10,770.1314086914062,771.5056049593821,759.8392208114401,762.6532230179789,1544160
2020-09-11,765.6593627929688,769.1604337369829,759.9680400034988,769.1604337369829,1624560
2020-09-14,754.3073120117188,769.160573700808,752.2789083991654,769.160573700808,2058520
2020-09-15,752.321044921875,758.1812015550797,750.9632798527253,754.6215052022161,1899680
2020-09-16,759.6774291992188,760.9530964588923,752.7455900255916,753.5194520823642,2485240
2020-09-17,756.091796875,764.4142048386128,754.6214763667588,761.6564808077168,2013620
2020-09-18,754.483154296875,762.1255352748121,746.8830245693159,762.1255352748121,3947020
2020-09-21,723.70263671875,752.7220311512534,710.7465030428242,751.5730032822107,5543300
2020-09-22,712.8453369140625,723.6674964377003,708.1904858204325,723.6674964377003,2142400
2020-09-23,720.668212890625,722.2112422323554,709.5974697224343,712.8828191872308,2628600
2020-09-24,715.640625,724.0568113415046,711.7080523677905,719.8217815653737,2225500
2020-09-25,738.0565185546875,742.4275767599443,717.6174460358292,726.7160645543485,3565380
2020-09-28,737.2590942382812,744.3293082245922,732.5855222042352,741.9584864796865,1088220
2020-09-29,732.6182861328125,743.4146817690695,730.4679381632621,741.0204444930685,963580
2020-09-30,746.585205078125,751.7489032869606,731.8773616123948,733.0451678529854,2070000
2020-10-01,750.4240112304688,752.7455399954683,740.9079760836584,746.6016470382322,1252760
2020-10-05,751.9552612304688,756.9665574010633,737.8477514525925,750.3067753974465,1421620
2020-10-06,744.6248168945312,756.4037556099611,742.6174817405987,751.948252472101,1505560
2020-10-07,755.7658081054688,756.2606286072776,743.5835368896427,748.3462486269414,1992940
2020-10-08,764.6862182617188,765.8774973556398,752.8416132798737,755.0904903506308,1571520
2020-10-09,751.9998168945312,766.8155209291721,749.6970092998664,762.1255177430609,1484920
2020-10-12,745.813720703125,757.4167847488493,743.8345529720316,755.0905613398304,1163320
2020-10-13,735.0642700195312,749.4274057102243,734.0793234856399,744.7725543451594,1524700
2020-10-14,735.0664672851562,741.9584008178598,729.2953939770999,735.1110085689837,1331900
2020-10-15,731.7695922851562,740.457835928383,729.8490494353655,736.3306096110454,1004880
2020-10-16,723.6792602539062,741.9773153682736,721.088021928156,733.9855312634563,2647220
2020-10-19,754.7691650390625,758.748682832192,723.4352858158668,729.2954420780873,3655880
2020-10-20,762.2451782226562,769.6295865605225,743.3655665438318,745.7105683310364,4066880
2020-10-21,751.847412109375,765.1482552422071,747.6826866872384,761.6565728067039,3001820
2020-10-22,746.1536865234375,754.2040953107924,739.5220724007597,749.9338565710243,2271600
2020-10-23,744.0902709960938,753.4960420936304,741.3606565680193,747.1176480115338,1471900
2020-10-26,762.5640258789062,767.9879868367511,752.8462962079793,759.7804816339157,6920120
2020-10-27,808.0806274414062,811.3706720365792,768.9519570927243,772.9126401828222,9871340
2020-10-28,802.8887329101562,811.1360855434481,794.2192685219547,804.3355806342951,3265240
2020-10-29,797.5208740234375,813.8465010510546,790.0163137615608,793.2402947322084,2731220
2020-10-30,811.2772827148438,820.6561944942176,798.4379680303765,798.4852293114236,4786320
2020-11-02,809.0718994140625,820.6561055626352,800.8015223635392,813.139716096048,1695280
2020-11-03,798.5560913085938,816.3992144503686,792.2924428197148,814.9361345584626,2094860
2020-11-04,803.5008544921875,813.0925284242544,795.3652203917488,803.6379641402514,1958180
2020-11-05,814.0994873046875,822.4998773732465,804.6212629980846,808.3652914378819,2034940
2020-11-06,803.9523315429688,816.8672407180455,799.0572402112139,814.9834257450987,2380060
2020-11-09,819.33251953125,821.128909831506,803.7324884290971,810.6343665361264,2228640
2020-11-10,784.9534301757812,819.3325806507756,783.9181830061493,819.3325806507756,5793320
2020-11-11,789.3427734375,795.5095345931061,778.8198373614284,788.0380387748111,4966220
2020-11-12,790.3353881835938,798.9106849455496,781.5899161886277,794.1361415057304,2956620
2020-11-13,795.39599609375,798.438030141969,787.0925519161506,790.6380138617188,1485460
2020-11-14,795.98681640625,798.8634067796025,791.8670062490801,798.8634067796025,208940
2020-11-17,802.8272705078125,806.7508801553579,796.6912673745077,801.2743421295221,2390080
2020-11-18,797.615478515625,802.1914556992531,788.1254818983538,801.274390585351,2892660
2020-11-19,800.5252075195312,813.0926708291596,793.524073742131,796.0744521373865,3604440
2020-11-20,825.40234375,827.2743289083277,799.6268277609407,806.001560450685,5080200
2020-11-23,840.813232421875,843.7677834605097,825.4023057455715,825.4306394283834,4052900
2020-11-24,835.6699829101562,849.54927552988,832.0016075693869,839.0925303611715,4289940
2020-11-25,828.229248046875,840.9361840312848,819.7106768777223,840.9361840312848,2130160
2020-11-26,838.7119140625,843.2997777960599,816.8742620597411,831.954301934119,2907520
2020-11-27,845.6612548828125,854.1679978645211,801.262594618079,843.8199690227551,22134920
2020-12-01,823.4050903320312,854.120653095423,819.311305428033,854.1159211966587,4701720
2020-12-02,816.23388671875,824.9013408043124,810.7289569587879,823.4051374119658,3239040
2020-12-03,826.9033813476562,829.1677682726281,818.5762773199476,824.9108478070764,2545500
2020-12-04,842.81298828125,845.1199043824657,828.2198699359977,829.6380546447923,2494000
2020-12-07,830.2313232421875,846.1835351197634,824.9036668355831,834.4125906039758,2520600
2020-12-08,828.1939086914062,838.1188364728936,821.8971934869331,835.4999610811159,2373980
2020-12-09,830.5433349609375,833.972980570747,826.3833034630968,829.3354889451059,1790060
2020-12-10,867.5839233398438,870.0090213993216,830.2147347340016,832.3325479114635,6089220
2020-12-11,869.8720092773438,872.6563857101092,860.3654507001077,865.0927333962621,3258820
2020-12-14,878.8869018554688,883.009078198875,865.0926666221504,867.6784762078944,2614260
2020-12-15,859.887939453125,876.9108880472843,857.096465337401,872.6705295701762,2715100
2020-12-16,866.2012329101562,885.6540119728598,862.736155605793,869.7254589519581,4432140
2020-12-17,865.3455200195312,869.5906099650389,857.3776955494656,866.8889844963472,1962080
2020-12-18,868.05908203125,879.2272869789441,858.3799826177989,869.5836191019404,4995800
2020-12-21,860.0155639648438,875.7290457069531,855.6853572221604,863.33175942163,2844440
2020-12-22,877.0786743164062,882.3472396629845,850.9108124261303,860.3653770086429,2655480
2020-12-23,885.5475463867188,889.2962486208618,875.2538785004366,877.1495231602623,2056900
2020-12-24,877.6837768554688,890.1472519509776,868.5246674520963,879.8512173115591,2508740
2020-12-28,879.1491088867188,890.8089675672575,875.4925634473735,890.8089675672575,1307140
2020-12-29,863.3271484375,884.0019135387681,859.2026055960306,880.2200871706877,3974280
2020-12-30,868.8389892578125,873.0344519806149,861.7834978781615,869.79621768604,1873080
2020-12-31,869.3590698242188,872.1836095388254,863.0835908485152,864.0550727798982,1708840
2021-01-01,872.2166137695312,875.4926456582691,865.3786163638175,869.3329832273156,1005720
2021-01-04,868.777587890625,880.6926820118235,866.4990055337285,874.3108509827523,1240700
2021-01-05,877.3009033203125,880.2200234191884,864.055105898578,867.1490754399794,1673460
2021-01-06,875.2681884765625,879.2745488717368,871.23816858635,875.0223605525064,1154120
2021-01-07,856.9286499023438,879.9836153097223,853.2792017533128,879.2272616699046,2412100
2021-01-08,865.3880615234375,867.4562473993897,850.9107603917719,861.6558631497464,3032700
2021-01-11,869.415771484375,876.7146676708268,859.8028613746071,867.4563037342473,2291100
2021-01-12,850.8682861328125,871.7084917235425,848.5471743616743,870.2926729804136,2831320
2021-01-13,851.8232421875,863.9108781674055,849.2563023954824,852.7993983262894,2187740
2021-01-14,857.1792602539062,861.755237553539,853.2272588747372,853.2272588747372,1169760
2021-01-15,843.0635986328125,862.6818216138046,841.4563109919476,856.1132531441827,1928020
2021-01-18,833.4529418945312,854.4090214337817,829.9571650781892,843.8175315045149,2413480
2021-01-19,839.3147583007812,842.4253469180011,835.310764129766,838.1471334476938,1256980
2021-01-20,835.8449096679688,848.0743858219406,833.0912910015637,839.8961649275137,1476620
2021-01-21,837.4994506835938,846.1834652787984,834.6181861973686,840.0379987711871,1419540
2021-01-22,831.510009765625,845.3467739710466,829.6380244840174,840.6998763516873,1965000
2021-01-25,823.26806640625,836.7289916085664,814.5036662993862,834.4598729556687,2328720
2021-01-27,829.0755004882812,831.8929421906686,819.7225565737876,825.9956692352476,1328040
2021-01-28,821.96337890625,828.2199306471099,813.2344675414666,825.8562892925235,1781100
2021-01-29,806.474365234375,825.7546023686808,801.8085398844336,821.8403987512604,2257760
2021-02-01,807.7838134765625,816.6710694302172,803.6379777349216,813.0925421788619,1688120
2021-02-02,812.6339721679688,820.1834276787574,806.2142862747654,810.7312296201783,2605960
2021-02-03,811.5042114257812,817.2998642545797,806.0489090797302,813.0949373341256,2246500
2021-02-04,807.13623046875,814.3665721642985,806.1174872343832,813.087863014512,1842000
2021-02-05,809.1097412109375,811.5419370190175,803.7797769512456,809.8330292022652,1961940
2021-02-08,813.9528198242188,817.1059375990126,808.4195571813012,812.1470235443809,2432140
2021-02-09,818.7156372070312,827.747100478133,810.7288848201017,813.6125153764965,2420240
2021-02-10,812.0219116210938,824.2868792592814,807.727193628864,819.7203078802222,2331520
2021-02-11,823.1261596679688,824.7901721875107,810.7288739960384,812.6150549231346,1307320
2021-02-12,817.5503540039062,828.1725427783981,814.9834144944931,823.0245257702319,1090560
2021-02-15,826.32177734375,827.5934461805813,815.8366984167374,820.1361474504967,2202380
2021-02-16,813.9080200195312,834.1762433729513,810.2136765112919,829.8744279167075,4595480
2021-02-17,791.40380859375,798.910735445708,772.9106819252856,798.910735445708,11986860
2021-02-18,773.6055908203125,798.9107480686578,770.547052870954,792.1034496799917,5021320
2021-02-19,774.1585693359375,778.3327383141324,766.4318412258617,776.6923854092569,2605500
2021-02-22,760.9175415039062,781.4197624860564,757.5280593280075,775.7966509694947,4298300
2021-02-23,764.3992309570312,768.419787119134,756.4644709501762,762.5579451501853,2859960
2021-02-24,772.7286987304688,774.2343659348151,761.0924972477303,769.7434474727943,1686840
2021-02-25,761.7495727539062,774.0121157160974,761.0924735693864,770.830663863902,3714260
2021-02-26,761.1681518554688,769.8095805981842,756.549587518799,758.7525173697707,4537460
2021-03-01,770.190185546875,773.7427455018321,761.0925320910857,767.521625168774,1814360
2021-03-02,783.6015014648438,785.6744196373537,770.062556285953,770.6416369012064,2461940
2021-03-03,789.4207153320312,790.4016033302861,782.2068779004608,789.6925109828007,1857460
2021-03-04,787.6503295898438,789.8319657047783,777.40155640779,787.4021357335687,2599620
2021-03-05,793.3750610351562,796.0743206993726,777.9215455507597,780.7579148644154,2054820
2021-03-08,796.662841796875,798.9106667206547,785.0597072270305,790.6402890796211,1836840
2021-03-09,799.4212646484375,801.2720142048296,787.5652609658315,799.3929309607289,1854340
2021-03-10,800.3974609375,803.6380037726806,793.4743466661438,801.2601668885284,1275760
2021-03-12,790.5174560546875,804.1036614453172,787.0925421659385,802.5507329746912,1698280
2021-03-15,795.745849609375,797.9581854966065,786.1470771343838,797.9581854966065,1379660
2021-03-16,791.439208984375,804.5834427329776,789.2197753482409,795.8379705293582,1689400
2021-03-17,777.90966796875,793.7106307977049,772.4402282025872,793.7106307977049,3143460
2021-03-18,765.8788452148438,785.9083385762265,764.8742976977808,778.4841622890177,1927300
2021-03-19,777.6781005859375,784.4924964768395,759.6742644400608,765.8197314205966,3988320
2021-03-22,784.1640014648438,788.2743481624861,772.9579414905559,777.6852239383069,2175720
2021-03-23,788.5745239257812,791.8197986632188,780.3041457100766,783.5470544980806,2007160
2021-03-24,777.5481567382812,792.7557871425521,776.1843311623654,784.7288709366671,1511100
2021-03-25,764.4061889648438,783.9960167890199,761.8487133867774,776.4560254990243,2174080
2021-03-26,783.3933715820312,785.6009753262874,768.3724216072917,770.4996984900881,2531560
2021-03-30,811.4380493164062,815.62404877944,785.2016311765516,785.2016311765516,2978040
2021-03-31,811.4474487304688,817.7725545857004,801.3476149851163,817.7725545857004,2206620
2021-04-01,807.5687866210938,812.5513611747268,802.1064436430315,811.4475591032234,1663520
2021-04-05,797.9912109375,810.7288466387683,790.5859053680003,810.7288466387683,1631140
2021-04-06,807.5001831054688,809.3107114111302,794.1834083940998,799.3834188062041,1283860
2021-04-07,823.0127563476562,844.5738841442785,804.8198172133807,808.3652789632193,3569300
2021-04-08,836.25146484375,839.5180329061948,819.0890996335871,823.7312652276544,2360120
2021-04-09,831.6423950195312,843.7726173882459,827.2743908523175,832.5263944889416,1478880
2021-04-12,827.3549194335938,832.9472745149694,819.7628751462983,821.3725288764206,1150640
2021-04-13,811.6200561523438,831.9993643370767,805.5336798583438,831.387160471567,2210540
2021-04-15,797.7595825195312,822.5471147956401,793.0016006147622,819.0016530939348,2366280
2021-04-16,815.5554809570312,819.4744165926079,797.1522026073391,802.1725742847972,1883800
2021-04-19,807.8902587890625,814.9835488879462,801.2744288660492,813.1422630175483,1018760
2021-04-20,808.15966796875,823.4926369299116,798.4404048557781,823.4926369299116,2073740
2021-04-22,793.7321166992188,812.6199553288442,782.4244348828698,812.6199553288442,4088620
2021-04-23,785.9437255859375,794.150338206462,784.9652035683708,793.474311466131,1372000
2021-04-26,797.5208740234375,798.6743031458722,787.7377314957783,794.1384898638222,3047240
2021-04-27,793.190673828125,800.328858246461,791.8197504801076,798.8634123390273,893020
2021-04-28,786.3267211914062,795.6536403593781,785.2488869286585,793.0016417935202,1737520
2021-04-29,784.3660888671875,794.4448030028838,783.2942852034661,792.7527654212723,1604140
2021-04-30,775.1785888671875,787.534008662248,772.6000634480438,784.244912143508,1955660
2021-05-03,784.5657348632812,787.8072548558474,773.4389472605969,777.5906851851715,1280960
2021-05-04,786.4598388671875,789.9485242872082,778.5413253805337,784.7321188911797,2115920
2021-05-05,786.585693359375,789.4731169819961,782.2224148420746,787.1465147381527,706440
2021-05-06,794.5874633789062,797.0685152378329,785.4355603558597,785.4355603558597,1406380
2021-05-07,796.6668090820312,798.4135594369042,792.0872898662564,797.9596108958649,753320
2021-05-10,797.9003295898438,800.8804697605234,792.3250700835564,799.9298697964159,953160
2021-05-11,801.8357543945312,805.5858778740551,794.2428494762231,796.0798790980795,1201260
2021-05-12,794.6015625,801.2319722637683,789.948358356996,797.089750276468,1211520
2021-05-14,818.6636962890625,820.3676278651262,789.2354843974751,794.5588200724903,1931640
2021-05-17,809.8135986328125,822.2688113886387,808.0383605024175,818.46641226083,1214060
2021-05-18,816.5938720703125,819.84252871039,810.0061636078951,813.723041763286,1108780
2021-05-19,829.3675537109375,830.1113702899044,816.8980083506881,816.8980083506881,1768740
2021-05-20,821.572509765625,831.7581538942958,818.5614455156186,829.8736060802707,985060
2021-05-21,831.6370849609375,834.1514403475353,821.3302353684189,826.3256426527851,1345200
2021-05-24,825.1348876953125,835.9598543692857,822.30443969789,827.0241931671899,1144120
2021-05-25,832.5400390625,844.075576755007,828.0698296416325,831.6322000207806,1439040
2021-05-26,833.7378540039062,837.3525006253697,825.5009272477378,832.5400889179755,916060
2021-05-27,843.5006103515625,850.7869379327982,828.6997624689219,834.1514391464027,2393260
2021-05-28,832.2216796875,846.7160075898413,831.7749255770826,844.6080244288434,1063240
2021-05-31,841.0693359375,843.4315625040824,827.74666588121,832.2026024217987,1140460
2021-06-01,844.0613403320312,846.5091464921445,830.7838674102079,836.4803299147964,1155020
2021-06-02,839.0706787109375,846.6612042963344,832.2548942942823,832.5448202749759,1485240
2021-06-03,846.0052490234375,848.6455654120609,834.6265976319755,838.9042965947817,1007980
2021-06-04,828.2957153320312,841.5850829334255,826.0712861099038,840.8554812884099,4036440
2021-06-07,833.322021484375,836.0526173937775,824.811761900427,830.5652585487493,988720
2021-06-08,830.9479370117188,837.1434884171076,827.1835403312263,833.2032330670728,948940
2021-06-09,834.4911499023438,837.7446218217024,828.9230278046366,829.8736276071648,837560
2021-06-10,834.4413452148438,840.0926686298673,831.2996194815489,832.96316932042,841060
2021-06-11,833.5048828125,836.9555645592484,825.3582359627391,836.9555645592484,979940
2021-06-14,835.45849609375,837.953820858075,827.85845445315,829.9402705773302,730460
2021-06-15,840.5584106445312,841.7561757509359,832.2976955430695,838.7142445959422,943920
2021-06-16,853.8858642578125,858.7956917897114,837.1481929836941,838.9139160291815,2339240
2021-06-17,858.3464965820312,864.5372895043251,850.7868376002283,851.4997874641391,1515740
2021-06-18,839.8857421875,860.2428728797863,836.5277764345394,858.3440522080547,2953400
2021-06-21,838.8639526367188,841.7585128202862,832.3927490544858,838.020283699092,803600
2021-06-22,828.7590942382812,843.5599406792271,827.4971590284586,839.8549569231972,1410640
2021-06-23,827.725341796875,834.6267063053353,825.5960073191159,831.7725278049428,741680
2021-06-24,837.4666137695312,839.8550076107972,823.3335767866544,827.7372377646269,1300900
2021-06-25,832.0933837890625,838.9044111807359,828.6854622626703,835.1139056860607,780000
2021-06-28,832.0671997070312,837.4784941647878,829.564738560874,832.109960456022,809000
2021-06-29,836.4921875,843.6573101798631,831.2828612184682,836.0525118909178,1421920
2021-06-30,838.0963745117188,843.4197104227538,835.3396117599267,838.4290612486546,1031340
2021-07-01,838.7238159179688,842.4691819361782,835.0782443252907,837.9538323009772,534000
2021-07-02,836.6229248046875,840.3302875164412,831.1094571467041,840.2827691268058,614460
2021-07-05,838.4932861328125,841.8512524467678,832.8823446661651,836.7703238054364,686440
2021-07-06,830.353759765625,838.3269279298107,827.8298892135109,838.2176182258985,1251020
2021-07-07,842.0864868164062,846.0338782772858,825.1325753884545,827.0218810126277,1090380
2021-07-08,837.4262084960938,841.2737475407813,833.5858059128246,837.2883529486953,597360
2021-07-09,838.2389526367188,840.3302839519135,834.1513848052083,834.3914135928616,538820
2021-07-12,838.4955444335938,843.9115958956944,835.1779605260338,843.9092170754739,666020
2021-07-13,840.895751953125,842.8492854829271,836.5800500063692,842.7066723134512,500080
2021-07-14,833.661865234375,840.8959167729503,832.7255382286362,840.8959167729503,1017220
2021-07-15,837.56640625,839.2750955149023,829.3983493836859,832.9630987363378,556780
2021-07-16,839.10400390625,841.9938065266288,833.578642347756,839.1420070125673,733700
2021-07-19,843.7738037109375,848.1727067889989,834.1513591564544,834.1513591564544,1028040
2021-07-20,848.7002563476562,851.1195166183415,841.3283501800006,843.6549524980206,891880
2021-07-22,855.292724609375,857.7476673597405,841.2808916964129,848.7003167788596,2266340
2021-07-23,862.3817749023438,866.1865529383446,849.9431555808128,852.2293759588505,1504620
2021-07-26,860.3569946289062,864.4635927535631,856.0531284780857,858.9548831229446,1069900
2021-07-27,866.2863159179688,876.8807689146674,854.2327178039975,856.1101291406195,2783140
2021-07-28,856.6117553710938,871.4149823170308,850.8344702730506,871.4149823170308,1752740
2021-07-29,851.4879760742188,865.0459189072486,845.0833207786198,853.16342002116,2710720
2021-07-30,841.4067993164062,853.4461251091222,839.144367110794,851.4878918072907,1667400
2021-08-02,841.9771728515625,850.8248763921971,840.0926248778497,845.834227135497,639480
2021-08-03,869.043212890625,873.6013232445396,839.0945578803413,839.8645414918891,1262560
2021-08-04,858.2657470703125,872.1730282297842,856.3526531701913,869.5184965790899,816440
2021-08-05,865.4617919921875,869.0431933425683,855.6349423686191,862.6694048003407,759280
2021-08-06,856.5213012695312,865.4260961077719,854.5892349921924,865.045832973187,767480
2021-08-09,865.1552124023438,866.7094525107227,856.52137030709,858.8670033928577,612720
2021-08-10,868.5297241210938,873.1591403921806,859.5846057508436,865.5210967149376,1229340
2021-08-11,863.515380859375,870.5117815809676,856.7447359901012,870.5117815809676,699700
2021-08-12,861.9017944335938,867.3249830455325,859.3422995910537,864.133302144047,489880
2021-08-13,868.3515625,869.3259505642508,861.7995947410627,865.0315994522151,822460
2021-08-16,869.5730590820312,879.257294521484,863.9597394267868,868.3515058507343,899420
2021-08-17,890.3579711914062,893.4426630903032,869.8654193856169,872.1753700791198,1504020
2021-08-18,898.8397216796875,901.5964845910642,891.1897829276355,891.2349224979737,799760
2021-08-20,930.2213745117188,933.5413375568357,881.9309132790903,881.9309132790903,2862140
2021-08-23,951.6002807617188,955.1151327454186,929.5749000173117,936.3407870159117,2974840
2021-08-24,940.1361083984375,960.0583231773244,934.677295761641,955.3528423498084,1661680
2021-08-25,946.3150634765625,966.0471478525426,940.428468957395,940.428468957395,2003180
2021-08-26,953.1046752929688,956.2891615337002,941.3576540720799,949.4092068286807,1264080
2021-08-27,948.5725708007812,955.3527303494678,945.6566014822189,955.3527303494678,702080
2021-08-30,938.3489379882812,956.4222283767408,935.592233367022,952.976304085161,2679160
2021-08-31,925.3021240234375,942.9927752367472,919.7054551921024,938.4798042774191,4547400
2021-09-01,942.3701171875,945.3716085475352,929.3112045347651,938.5653387347622,2096860
2021-09-02,962.0355834960938,964.3835372502427,939.2401598894454,944.6110721910559,1571540
2021-09-03,963.273681640625,966.902600985727,955.4026875185943,962.482288747919,939560
2021-09-06,961.2086181640625,967.1404105780822,958.204747856336,962.9648840597008,681380
2021-09-07,968.1122436523438,969.2648691568523,958.4969356331557,958.4969356331557,683060
2021-09-08,942.9761352539062,975.7908646308898,940.3810159143768,964.8589650271341,3447460
2021-09-09,972.3305053710938,975.5530526439717,943.0140397930751,946.322108557441,2207220
2021-09-13,972.0953979492188,974.3649669763012,961.5318674112475,964.8589672984837,750060
2021-09-14,961.5531616210938,979.5527675342141,959.1552526023839,971.9883506302651,1183700
2021-09-15,956.2655029296875,968.1860048712359,954.7778117550594,968.1788684095347,752120
2021-09-16,951.923583984375,962.0878776016241,949.1739576511346,955.6404038981501,1025300
2021-09-17,958.9508056640625,964.811290636897,955.3551897253597,957.9669603876056,1902580
2021-09-20,965.93310546875,968.9464909823913,955.4004420646477,956.5411735775133,1830260
2021-09-21,959.6091918945312,966.2848005949957,950.7020754524382,960.10590123064,2168220
2021-09-22,947.0446166992188,958.8629447034128,941.5739099159288,958.8629447034128,2150460
2021-09-23,942.947509765625,956.3509441150375,942.0444283261944,950.5998267670983,1074480
2021-09-24,944.1477661132812,949.6493400580134,941.0939405980313,947.1302270090123,837880
2021-09-27,933.5936889648438,945.8469360613366,931.6402130592999,945.8469360613366,919480
2021-09-28,928.9619140625,937.2273876526873,924.8886187747394,935.865657855611,1153720
2021-09-29,927.1557006835938,936.3408484893238,923.1108936964883,928.9618055793336,925900
2021-09-30,924.2469482421875,931.1102518817802,918.0965365295187,925.8035092103256,887460
2021-10-01,929.2089233398438,933.7242723784735,915.0497207880959,924.2206532227051,797380
2021-10-04,926.4998168945312,933.9643815607167,920.2780989091149,929.209003342962,655920
2021-10-05,921.8704223632812,930.9723700125999,919.4606191195295,926.8349048246772,546560
2021-10-06,910.5391235351562,932.7404211190983,906.7771643139242,924.2158896392745,1452160
2021-10-07,905.2396240234375,917.5285530028121,900.9477095578144,912.6139097312798,953900
2021-10-08,902.4258422851562,911.6228843002286,900.101618671733,905.684014012743,1744920
2021-10-11,907.0932006835938,912.3619394896414,903.1957647404885,904.0679214841208,776040
2021-10-12,922.8279418945312,924.4582459753614,901.646231064497,906.3445749150774,1444980
2021-10-13,918.3102416992188,931.8278005583397,913.8139233670524,926.8347729606413,1078500
2021-10-14,918.5360717773438,923.448277594362,913.7640422956499,921.7966220737976,843800
2021-10-18,923.9093017578125,931.587785413921,913.5263895742634,931.587785413921,1126060
2021-10-19,920.5821533203125,937.8640494534269,916.5706503083588,925.6464873078941,1186040
2021-10-20,916.2665405273438,960.1058208864588,905.4677404667299,917.3288288667651,4355380
2021-10-21,914.1514282226562,935.390232775291,905.7648099587932,924.9336346446729,1519240
2021-10-22,903.3883056640625,923.8879932129277,895.9403351472796,923.8879932129277,910300
2021-10-25,888.6326293945312,903.1150043004575,884.2646508984063,903.0698647320235,1082920
2021-10-26,918.818359375,921.801779552613,891.1523578335884,893.1102163820099,2133160
2021-10-27,908.6344604492188,928.4952898044316,904.1856524161227,917.8477057474706,1057640
2021-10-28,908.0033569335938,914.0801533302413,901.410161242694,908.8926399406598,629000
2021-10-29,908.4217529296875,917.9768329082001,896.8513849135367,908.414574232073,985500
2021-11-01,905.5267944335938,913.143159493856,895.790028764864,913.143159493856,851420
2021-11-02,897.6068115234375,910.0425331965702,891.1809435529972,903.6812151391671,698980
2021-11-03,895.8473510742188,903.0573314013807,887.4253964928,901.720984753027,889580
2021-11-04,903.1194458007812,905.976158746164,899.4211911069874,903.6333938302221,138100
2021-11-08,910.7692260742188,913.0019759320346,893.1148841542399,905.9761326490534,866240
2021-11-09,905.5817260742188,910.5660767232469,898.9025024380501,909.2249442724376,872960
2021-11-10,906.16259765625,910.451256270878,898.8522328943511,905.9235412113313,761180
2021-11-11,901.4342041015625,906.024076934726,892.6393066920654,906.024076934726,839120
2021-11-12,915.2252807617188,920.8072725490205,901.7616043492926,906.0239997844593,1330240
2021-11-15,931.201416015625,932.2723842757453,911.7541498600573,917.976796450017,1016660
2021-11-16,930.5081176757812,937.0535138314467,923.7619514483765,929.9367984222184,922400
2021-11-17,931.2228393554688,935.4278632065145,925.7700062366281,927.7302574002122,1085520
2021-11-18,927.8019409179688,931.7846000614253,921.803994032553,927.5389554976018,832140
2021-11-22,908.1921997070312,935.4685055097709,900.4061148242422,928.1844625150519,882760
2021-11-23,917.0947265625,920.1952819278988,903.858142004364,908.2233154150796,739200
2021-11-24,912.5693359375,922.2798375133059,906.0239979718583,917.9768211640992,687100
2021-11-25,916.9273681640625,918.4549132534797,903.9059115140847,912.4785017929547,594900
2021-11-26,919.0405883789062,929.1694385198252,907.5778428893188,915.5312559168593,1128820
2021-11-29,908.4336547851562,916.1742746353011,898.8522535760708,910.8050760970292,962140
2021-11-30,915.708251953125,928.7296515916416,905.3284381270987,908.4337795098603,3395600
2021-12-01,927.433837890625,929.924787376932,916.1551127681121,918.4548637886942,1096240
2021-12-02,932.4730834960938,939.4918062322131,919.2557019954929,927.4338134439167,972000
2021-12-03,923.7786254882812,932.2627361305496,914.964586612915,927.6441494108958,1508960
2021-12-06,909.2034912109375,928.2849951389277,905.0271816506312,927.5391109322014,698540
2021-12-07,924.8735961914062,929.6260105379324,907.2670531309002,919.2198759703234,1408580
2021-12-08,931.3208618164062,933.5129906605421,919.1743902832891,919.1743902832891,671560
2021-12-09,922.02880859375,934.6629659442362,916.1814968767285,932.3202009461031,810440
2021-12-10,921.3355102539062,923.2359973328585,909.8703724061129,918.9807809081025,788980
2021-12-13,907.5538330078125,925.1244811065266,904.7808133599258,918.942514336517,1089800
2021-12-14,919.8318481445312,923.8551868732578,904.2740357063393,906.1721882750171,1381340
2021-12-15,918.1250610351562,922.906190295644,910.8051241229202,915.6364459025001,1298180
2021-12-16,920.7091674804688,923.4918172437772,914.4100650369072,918.2158250470968,808340
2021-12-17,912.2227172851562,919.5570116300016,908.4145641513984,913.9152557283352,1085560
2021-12-20,902.7369995117188,911.6752952914055,889.2900730045928,908.4145907036163,1426200
2021-12-21,918.9569702148438,922.0861819542622,903.6358205328464,907.7929867329927,693560
2021-12-22,917.5274047851562,924.6679908692739,909.0026141013587,919.4111416683735,732240
2021-12-23,918.3856201171875,922.7555793833144,915.825334666951,922.518915813042,951380
2021-12-24,919.1338500976562,929.1670426047633,916.59504250725,918.3855730375045,684400
2021-12-27,922.8702392578125,927.5390186931403,913.1693099169482,917.3073910410635,531760
2021-12-28,925.3875732421875,930.816536207927,919.6502180993788,925.1485167779038,420980
2021-12-29,927.5222778320312,929.977392248228,920.4414561157699,925.3875200703893,585380
2021-12-30,927.8523559570312,936.3842680480111,923.8672445955864,927.0610649706886,797360
2021-12-31,942.1549072265625,947.3783139797669,925.1580287298148,926.3437393780762,797740
2022-01-03,940.8281860351562,947.3329026390738,938.9205202515395,941.6433475110106,517380
2022-01-04,950.921142578125,953.7300558396201,938.4424076763308,940.8305792551856,700680
2022-01-05,953.1538696289062,957.4210504650989,948.0548354067923,950.2015575874532,648640
2022-01-06,939.3746948242188,953.1538826531629,933.9935319052992,944.2777448524778,614180
2022-01-07,951.5809936523438,954.3133926608223,936.4821502174927,939.5158210648709,979660
2022-01-10,942.2649536132812,954.7389031892754,940.8808073900534,951.5881554299165,412340
2022-01-11,944.8442993164062,947.8588268390324,934.710722053119,934.710722053119,635760
2022-01-12,942.221923828125,949.0541763482486,939.970030579676,949.0541763482486,474220
2022-01-13,942.5708618164062,944.2729717444593,937.1012782881722,944.2729717444593,707660
2022-01-14,927.5462646484375,942.8076504136677,921.3236178491339,942.5709284840119,743800
2022-01-17,924.3451538085938,933.037271518309,913.7262855771547,927.5389734796411,728060
2022-01-18,926.5636596679688,929.9295931699178,917.4030584993094,921.8972730814999,724160
2022-01-19,905.40234375,929.6881086677793,887.956009307644,926.1046549420203,1647660
2022-01-20,895.7015380859375,912.2394475784316,889.5314768717002,898.8522858739262,1581120
2022-01-21,907.1834716796875,911.3908305482814,889.7705773335097,892.1587491425789,1104820
2022-01-24,894.9197387695312,910.3269145022288,889.2899479906226,907.1833456927246,1068740
2022-01-25,898.4100341796875,902.8708651869621,875.5658426493029,888.0062921122976,1157600
2022-01-27,879.0321044921875,898.3741408893924,871.0141418050747,886.8994312665369,1085180
2022-01-28,878.9818725585938,891.6327798775854,876.2972732309519,879.7277567145845,748460
2022-01-31,885.5392456054688,891.1976933134571,881.0665085959239,881.0665085959239,595220
2022-02-01,892.7181396484375,897.8099956572566,880.7318158215243,889.2900489328581,535820
2022-02-02,884.5398559570312,901.2427570308053,881.6711787463231,899.8084184254512,1208320
2022-02-03,875.2621459960938,888.3169855718969,873.0867090349235,880.6839297429906,687080
2022-02-04,876.4598999023438,879.7277830724163,870.2994101871374,879.7277830724163,898480
2022-02-07,864.08154296875,880.6840025161436,856.3480431083552,876.459893525638,969380
2022-02-08,864.7699584960938,870.8468131486248,860.1251080094321,870.4045353703008,787700
2022-02-09,867.0601196289062,871.9416335635465,861.6287641976347,864.9062187231447,964860
2022-02-10,867.2896728515625,870.7823134711288,861.0813834839654,865.4321994568745,1008440
2022-02-11,851.7677001953125,867.0577413497899,842.4349270793107,867.0577413497899,1919600
2022-02-14,844.8374633789062,851.0529311126287,833.3412176252117,847.0248065629173,858340
2022-02-15,869.5486450195312,876.058147119664,840.1136539927509,844.8374115149275,1003400
2022-02-16,871.3034057617188,879.6034388614358,862.2049030928538,868.5876987576971,808200
2022-02-17,866.62744140625,879.7277466982391,858.6979575396058,879.7277466982391,2276800
2022-02-18,861.0479125976562,871.7145813192475,851.5716819949091,860.0295297601945,1926560
2022-02-21,865.6759643554688,868.2529998111581,852.2362181516462,859.5035106637407,740720
2022-02-22,865.9103393554688,869.8475924372881,848.1556105488947,859.8861279466204,1261740
2022-02-23,857.0963745117188,870.6221502483403,852.7144506265768,865.910356440465,1184960
2022-02-24,848.3994140625,859.1067622695136,839.5662895171664,847.6942091765012,2242100
2022-02-25,846.9818115234375,855.5806652636454,841.4787272234897,851.0409854873931,1619780
2022-02-28,843.3505249023438,849.5731712273081,828.5696460939217,846.2598231888295,3157460
2022-03-02,853.1734008789062,855.3153375185977,834.6441314972741,841.4787770065677,1732620
2022-03-03,833.66162109375,854.8659178418118,831.4168482065201,854.8659178418118,1339280
2022-03-04,831.52685546875,838.803720179932,813.7959979582687,827.1353602382582,1034100
2022-03-07,829.1458129882812,832.2870476227479,814.7044329444743,817.5731105252647,1330840
2022-03-08,825.3806762695312,838.1319691672273,811.118588529493,827.1353717394771,1954480
2022-03-09,819.7532958984375,830.9602344522257,815.9307271685192,830.9602344522257,1422440
2022-03-10,843.8262939453125,845.5546674901651,823.3582517294745,827.1353554879074,1329780
2022-03-11,828.4476928710938,842.3416810600844,823.7884852296785,841.4786616391376,1465580
2022-03-14,830.3482666015625,835.6194732819063,820.3461815450328,835.6194732819063,773300
2022-03-15,834.861572265625,839.5661864905436,824.508024221708,832.8726064160176,1244220
2022-03-16,852.1597900390625,855.1289110449011,835.3110949219767,841.9568763740992,967800
2022-03-17,874.1912231445312,878.5252886356117,850.3692125156888,850.3692125156888,2017800
2022-03-21,854.6961059570312,878.2933577354,851.6863643762907,877.3371319784753,806700
2022-03-22,833.3150024414062,854.3854136011716,824.9193113703756,847.550768251277,2804480
2022-03-23,829.2486572265625,839.0882004120248,825.270724926293,838.3710310099632,1185580
2022-03-24,832.3037719726562,836.6976016491739,825.2228916836995,828.4740828526077,863620
2022-03-25,820.4991455078125,835.6457885592448,816.3778144540065,835.6457885592448,1064340
2022-03-28,806.100830078125,829.4757793081105,802.7516465143852,824.7448423093,1602220
2022-03-29,809.057861328125,812.7895582897997,804.1859187645448,808.0108220642572,1675180
2022-03-30,827.039794921875,829.4088235515666,813.8725457511857,817.9556489743933,1499400
2022-03-31,830.9866333007812,833.5325614273729,822.4929496963841,824.744843026273,1245620
2022-04-01,839.4324951171875,841.8469889766832,824.7448785908892,830.9866691345558,623180
2022-04-04,852.00439453125,854.2204525647379,834.8831430044688,841.956844603541,795680
2022-04-05,861.7124633789062,863.471944627032,847.1395907279951,852.2840904824415,795640
2022-04-06,870.9663696289062,873.0341846453184,854.0531252248383,859.4079665388608,941160
2022-04-07,869.61083984375,872.5560316127511,859.88603992084,867.7749026724073,749740
2022-04-08,882.2523193359375,884.3177416959163,863.9333904573859,867.8706437797892,685620
2022-04-11,880.9876098632812,885.477097210404,870.7870893352114,880.5884042491696,753380
2022-04-12,880.578857421875,884.4611321283143,871.2412977730046,873.7657480827254,1098000
2022-04-13,878.88623046875,886.8516075236791,872.5560205014164,883.313560480201,546600
2022-04-18,887.4492797851562,893.4017621036738,874.9466156538181,874.9466156538181,1075460
2022-04-19,858.1458129882812,895.2665098864603,852.5829640775383,886.445349195822,1318840
2022-04-20,875.1953125,880.6338472188046,860.1227903209195,870.1129695886824,1763540
2022-04-21,874.606689453125,892.1416308172845,852.8915783512853,867.3058354086055,3706820
2022-04-22,873.8762817382812,876.840776144882,856.7881509835184,866.7820584684491,2174140
2022-04-25,873.249267578125,881.67201210259,857.6530609990857,860.0506276096108,1690140
2022-04-26,884.8312377929688,891.0029873223884,874.4650071171088,879.2697599034666,1411860
2022-04-27,875.5700073242188,887.2310915190507,872.0625147957413,872.1585863779902,1348600
2022-04-28,885.4052734375,890.5511439432423,873.2660607489343,876.3146617467855,1579160
2022-04-29,880.7254638671875,896.8358112886633,877.6263636574752,884.554837108394,1267960
2022-05-02,886.0227661132812,887.918215067568,874.945384003269,877.7801995587829,831940
2022-05-04,869.071533203125,887.5385668375645,863.4451287823584,878.3615023366932,1217140
2022-05-05,845.8165893554688,883.0365869041017,841.1199322166383,879.7573668954598,1266260
2022-05-06,816.5892944335938,845.6219749636848,815.6067014753561,840.822032116657,1799940
2022-05-09,792.9931640625,819.4649327723987,790.3817530356432,816.4931653231852,2302940
2022-05-10,793.77392578125,801.4326726899624,788.0274022257673,799.5107717962214,1343540
2022-05-11,793.3798828125,799.4675248512169,780.0466957056871,793.7739053305513,1235740
2022-05-12,779.330810546875,792.0393567156189,774.8504025597681,792.0393567156189,1435520
2022-05-13,788.1210327148438,795.7773739782365,783.4099479103065,792.3035479159239,1108780
2022-05-16,779.2755737304688,793.7450806014715,775.2203322870755,792.880201726068,1049660
2022-05-17,784.2988891601562,787.4988704865171,776.6713451888485,787.4988704865171,1726100
2022-05-18,785.2694702148438,788.8610107388705,778.9463999237722,784.2989008902483,1920180
2022-05-19,773.288818359375,780.5295537804458,768.7603161612844,776.928394520498,1410040
2022-05-20,810.1773071289062,814.8859878306131,780.7746513169935,784.1836089880107,3049540
2022-05-23,816.5340576171875,834.5854864599812,812.5460896903813,819.6883493944566,2063460
2022-05-24,825.7974853515625,830.179416686902,809.7496611151732,823.9669053980446,1848200
2022-05-25,830.4413452148438,844.9636967789845,826.5831151829285,830.2611670101975,1630020
2022-05-26,848.158935546875,851.8826187365016,832.2528117708234,837.708598853407,2111620
2022-05-27,847.6087646484375,856.5407829456847,840.2166483821592,852.8435517772906,850540
2022-05-30,850.7725830078125,864.2258882800501,847.310780390785,850.4410832807325,1041160
2022-05-31,850.03271484375,872.4276569574569,838.7655361724876,850.683749357792,7190740
2022-06-01,828.413818359375,857.5738331156242,825.4612885652,844.6754891117266,1164940
2022-06-02,835.7289428710938,839.695267932174,817.7711825472296,828.3392320626548,1377980
2022-06-03,825.02392578125,844.0675643696529,822.8426083315555,843.8585881637628,1053720
2022-06-06,816.658935546875,828.1855905567803,814.5545102935744,825.0240259287448,720020
2022-06-07,804.6470336914062,816.7862473992072,798.0693559544167,809.6031661810927,1015240
2022-06-08,803.5347900390625,805.2765128069175,790.2160302879155,799.0543818279752,1632720
2022-06-09,805.6680908203125,808.3972160899204,792.0658667782521,801.4423484673713,574960
2022-06-10,805.992431640625,810.6818748263535,794.5523463063137,800.5198114423764,896200
2022-06-13,809.8145751953125,815.3568735804685,794.7060568914762,801.9131855815441,2369280
2022-06-14,810.6312866210938,821.612537200389,805.276381489972,809.9129785910735,1321620
2022-06-15,807.308837890625,819.930930809846,800.4716851621467,819.930930809846,1295060
2022-06-16,810.7538452148438,814.3574091304143,798.3071213740417,814.3574091304143,1615080
2022-06-17,799.6260375976562,809.8385402615111,789.6609866986018,809.5046358061879,2912380
2022-06-20,815.22705078125,817.9105446332645,794.5882598581672,802.3935770686721,978040
2022-06-21,815.452880859375,826.4172985131082,810.0811426122677,815.8468446949173,1112620
2022-06-22,806.00439453125,814.4054967023847,796.8946031420096,814.4054967023847,1047280
2022-06-23,815.6691284179688,818.9675860235511,802.3935960957749,808.1592985826907,633500
2022-06-24,827.9381713867188,828.8198247215532,813.0626174319941,814.407971622683,607600
2022-06-27,834.0208740234375,836.3728096060312,825.586164394191,833.6245054282464,1276840
2022-06-28,836.2142944335938,840.8244401992516,819.2583047607022,831.222149744604,1044480
2022-06-29,840.7860717773438,842.0328909974328,828.9303213064456,833.6245739689277,1939440
2022-06-30,839.3901977539062,844.1372952080525,828.060613337322,840.7859923251625,2056840
2022-07-01,855.008056640625,856.6584585184111,832.7139947562879,836.0268807744429,770940
2022-07-04,864.5936279296875,865.9822085336393,850.6574400215824,855.2460024279,974580
2022-07-05,864.1347045898438,871.7333922296522,860.0506651186101,864.5935373216834,828760
2022-07-06,883.5291137695312,885.438991153325,855.3060023446988,864.1347350421688,1567820
2022-07-07,874.7027587890625,891.281559084574,873.1964642383069,883.5939553404484,1037580
2022-07-08,884.9945678710938,886.476815213605,875.521956312862,879.2696866346326,1176500
2022-07-11,888.3698120117188,890.0803319225358,881.2876120655123,884.0743917611153,787640
2022-07-12,870.8685913085938,887.437773010097,869.7106295515282,884.879265804165,523780
2022-07-13,876.8505249023438,880.4661129990761,871.1016547834788,871.1016547834788,455020
2022-07-14,882.3109741210938,886.0418709656059,871.2312468694196,876.8479736213627,1045880
2022-07-15,901.9241333007812,905.0400082796615,882.9357419094866,884.0744659135329,990020
2022-07-18,894.904296875,911.5575250609572,891.4040186240342,905.1528117660424,879540
2022-07-19,883.0029296875,896.0141771656783,875.7357421887455,893.6790747001573,874560
2022-07-20,894.5054931640625,896.5667506036275,876.8672668015114,891.2815232420842,1093260
2022-07-21,905.212890625,907.6152666742227,893.3835933046977,893.6838903108505,1013120
2022-07-22,912.3719482421875,916.9388672839384,905.001475226306,908.4704920328736,1264000
2022-07-25,901.25390625,913.3835022811452,899.0677202772576,912.3721112065633,719180
2022-07-26,889.3356323242188,902.3325111775507,876.8793467739147,902.3325111775507,2789420
2022-07-27,890.8922729492188,896.9991525559625,881.671982117412,890.9932126232826,899460
2022-07-28,918.303466796875,929.4793252524545,886.9572677260435,892.4827328283454,2609140
2022-07-29,930.1568603515625,933.229508968519,912.9534181685704,918.3035147850004,2276500
2022-08-01,925.1646118164062,936.9266352687293,917.947864964568,934.1398556620989,1171340
2022-08-02,934.9471435546875,936.9747349502878,927.3268134397503,931.0168303637538,1124380
2022-08-03,930.4833984375,939.1487846011341,915.3052041517736,929.2413888844171,1026500
2022-08-04,953.7432861328125,957.289195507427,931.9345094434335,932.073866022061,1765600
2022-08-05,957.1787109375,961.9113800731424,947.9319677743258,953.2628262063508,1251200
2022-08-08,944.275634765625,960.3402943729872,939.3291209145116,956.3859924196089,1149180
2022-08-10,949.87548828125,968.1575943549602,937.166941830943,953.7721940338668,1444140
2022-08-11,945.5559692382812,960.1047725771107,941.1356207962717,951.3409094969161,1009220
2022-08-12,939.004638671875,949.2484024196848,932.7801037899725,946.5361106270335,978060
2022-08-16,945.7169189453125,953.964235556579,936.1002011447003,939.3289802895299,1321660
2022-08-17,948.2322998046875,953.4526585143888,945.05636555563,945.671329277977,792000
2022-08-18,939.6966552734375,948.1097813327156,935.9657580344368,947.4971636775716,978420
2022-08-19,934.0870971679688,945.0899919444877,929.7195936389492,941.7314746937159,733960
2022-08-22,934.6300659179688,943.1729300690884,929.7196228648426,932.1700349466915,795880
2022-08-23,942.9637451171875,946.005190548979,924.9699730557222,927.3170990062281,857620
2022-08-24,945.1452026367188,947.3505674842528,930.5868385942638,942.6371360531107,675360
2022-08-25,938.2072143554688,950.6683093530124,935.1994346254313,945.1428440278033,518180
2022-08-26,938.2767944335938,944.9049122166707,933.4672330357469,938.8485317632468,559780
2022-08-29,943.9584350585938,949.3709954301611,926.6012678000504,932.1219233653675,969240
2022-08-30,957.3877563476562,960.7102614668299,944.6143406070455,944.6143406070455,2195020
2022-09-01,948.1194458007812,963.3528927482827,940.5110802035317,946.5362587102827,1581240
2022-09-02,939.89599609375,953.6471938773269,938.3680591614603,949.0490133998926,624820
2022-09-05,925.380859375,940.8978279540877,923.8096959975687,936.9266931625489,994480
2022-09-06,914.9161376953125,927.7016357050854,910.2627654002652,925.42893850622,1187400
2022-09-07,921.5178833007812,927.6559074400916,913.6236494683606,914.9160996836822,1114720
2022-09-08,918.8488159179688,926.2120753405601,913.1431725744687,922.5604753310723,1092940
2022-09-09,915.3654174804688,930.680566188396,912.4609234579302,930.680566188396,968680
2022-09-12,911.3750610351562,920.5881976485042,907.6225797363098,915.3798622287749,871200
2022-09-13,915.9611206054688,925.707576679687,911.4614749481685,911.4855221694138,1022920
2022-09-14,918.1280517578125,924.1628484486707,906.7023373761374,906.704742098218,1232020
2022-09-15,913.3352661132812,925.253419908821,911.8337812008995,922.2240567945819,669100
2022-09-16,884.2761840820312,913.335314642039,881.2179641421382,913.3305051979235,2323260
2022-09-19,901.6237182617188,905.2152585790736,877.6984350446739,888.6989239115283,1072620
2022-09-20,894.48388671875,909.0590832194592,892.487498175744,903.7738559914391,1676000
2022-09-21,896.0814819335938,907.5888400699416,893.2538805525738,894.4526638885345,925980
2022-09-22,895.524169921875,904.9751392655269,892.7494722564755,896.0815376379968,1558620
2022-09-23,888.68212890625,896.384160613401,886.4791688328359,893.2514528540507,716840
2022-09-26,886.63525390625,907.6128169504364,883.9566282048831,888.677273446841,2261700
2022-09-27,897.1746215820312,903.0532292069464,891.074955459692,891.1879187565979,1386280
2022-09-28,905.2609252929688,911.8939113634207,890.1139325910523,896.3265028534116,2110340
2022-09-29,911.901123046875,919.1490727900939,902.8729751211109,909.7894251236952,1743900
2022-09-30,919.8602905273438,922.2722857801424,907.8099918048524,910.5006416011304,1619460
2022-10-03,912.54736328125,919.819360366347,901.8519802827195,918.5484940359559,1040920
2022-10-04,925.0037231445312,929.7195593197083,915.3629572669334,924.914807075162,745780
2022-10-06,927.3244018554688,938.135094458059,924.3021939104477,929.3399696250434,1340720
2022-10-07,928.3262329101562,931.1610486586134,920.9557588855797,926.1256773463311,792260
2022-10-10,918.6229858398438,922.7526562625501,913.1407471794151,917.7076664730386,692380
2022-10-11,886.474365234375,923.2162907777764,884.566892710945,922.7526486186929,1098520
2022-10-12,899.7090454101562,901.7006244887721,886.4743349757532,890.8010164768256,774960
2022-10-13,901.5469360351562,909.1384684312189,893.9242009007505,902.8129930086054,605540
2022-10-14,909.4434204101562,913.5634715103389,905.6956906433443,910.9256675331784,441300
2022-10-17,909.0663452148438,915.7857842377896,902.9186435601664,905.6958044534277,348500
2022-10-18,931.5382080078125,933.5177636577713,912.4224840921096,913.8639098173736,1070220
2022-10-19,948.4148559570312,953.6472381301428,925.1309869611373,931.5381638896873,2609600
2022-10-20,963.8861694335938,967.8548995783057,946.536215685808,947.4491303652991,2257080
2022-10-21,975.1220703125,977.7670887881916,960.1096241626555,963.8861524157833,1143860
2022-10-24,1002.9942626953125,1011.4002320938621,977.7693749409251,978.0072078038272,903960
2022-10-25,974.5189819335938,1011.3425484002543,971.3766554635113,999.3883821350172,1427060
2022-10-27,967.3527221679688,983.7729858193319,956.6261366379925,983.460665204593,2029480
2022-10-28,974.521484375,978.821714239783,963.3600541222901,967.3527728004468,1298600
2022-10-31,984.2340087890625,989.3863744797667,973.9196602719735,980.3214275895097,1591100
2022-11-01,995.18408203125,1002.187599188559,984.5530755151628,985.9813087363974,794120
2022-11-02,985.3916015625,1000.5030717038662,977.4286722485016,995.1863887141355,866340
2022-11-03,987.1364135742188,989.6280186678653,973.9220564532405,977.4431670472194,706560
2022-11-04,987.225830078125,992.5279986034286,981.3967841472291,987.1363848209159,377460
2022-11-07,989.8818359375,1001.4698364826058,984.5627924091484,988.4923072067319,1354440
2022-11-09,982.131591796875,1007.3834780529954,976.5780790075154,996.4165204614629,1044900
2022-11-10,975.1425170898438,986.003036374415,968.8422311680712,981.1503358837568,779820
2022-11-11,982.2572631835938,990.8364568957398,976.3412492537076,980.019420435547,716740
2022-11-14,969.8209838867188,985.6381039311213,961.4834583154792,982.281369596284,969520
2022-11-15,969.3546752929688,975.6573217740116,959.4197012424048,974.5964277120996,786820
2022-11-16,971.4015502929688,973.6418120041131,958.2113235838972,966.2902489419508,895520
2022-11-17,966.234619140625,973.4218054965587,960.9977052880398,972.9529848851049,555640
2022-11-18,963.0494384765625,968.8808445872442,956.0362457254162,966.4279440485186,733720
2022-11-21,955.1517944335938,959.8836022105072,950.5069538839921,959.5162630264892,996880
2022-11-22,947.98876953125,959.3858427335945,944.9220241546273,955.1518248468501,948440
2022-11-23,945.6494750976562,957.6313649474872,942.9862953456291,952.1696575248023,1034440
2022-11-24,953.883056640625,960.5989445310026,942.5439814281339,948.5446022123324,1193920
2022-11-25,943.9214477539062,958.1628906901377,939.6028231245489,957.0028754046331,1157160
2022-11-28,957.7496337890625,959.1899619871847,940.5694778669654,943.7111539235611,1060000
2022-11-29,972.5277099609375,984.7947507375197,953.6196531068106,954.586322800786,1474460
2022-11-30,975.5557861328125,983.0547331815602,958.9556653769185,972.5276863099746,6267780
2022-12-01,969.0620727539062,983.5814688627715,963.5279129565195,975.8529502178143,1058520
2022-12-02,954.644287109375,973.3251900898208,951.1667189677469,969.0621438485762,1392340
2022-12-05,954.692626953125,959.4196558408436,945.0501205111291,955.0599661509949,1699980
2022-12-06,962.372802734375,966.1863216091203,946.1279262380456,954.1512725863088,1362180
2022-12-07,962.3606567382812,970.4952192281237,958.3683065479767,962.8029269630105,1139120
2022-12-08,957.2615356445312,971.4546577861889,953.6679129697332,961.8362831544778,812480
2022-12-09,978.3543090820312,980.9256244329455,959.1393304381663,965.1230180300909,1535100
2022-12-12,990.22509765625,991.8031340555381,973.6780767811313,978.7530928179652,1621200
2022-12-13,985.4375610351562,997.4073555546466,982.6197401284091,993.7848222513433,982680
2022-12-14,969.7388916015625,988.4511843220874,966.9911635829482,985.2853763666047,1633600
2022-12-15,953.9990234375,973.9172322644363,949.0012989745552,969.738793352603,791080
2022-12-16,954.0401611328125,959.9030152425398,945.8911426152346,953.3779947461782,1386420
2022-12-19,970.6160278320312,972.4695978721635,957.0004655519422,957.0028845859263,1308960
2022-12-20,973.2213134765625,974.7824755756604,959.4704018249355,973.9197063626933,933520
2022-12-21,981.8560791015625,983.489753216118,969.6735867337126,974.6447020691116,1407560
2022-12-22,981.48876953125,987.9364399527819,974.2822303497163,985.7614331133556,753760
2022-12-23,973.0858764648438,988.6613285177625,969.3303556472565,976.3362911786264,1488080
2022-12-26,961.7155151367188,978.5427895726863,959.9030094542146,975.1256381529729,667640
2022-12-27,955.843017578125,967.5252425098068,954.3446912962372,961.8363817065141,805820
2022-12-28,959.1102294921875,961.638061037195,952.652883692464,956.5195620636155,706920
2022-12-29,957.3897094726562,962.6846215970213,948.812934785131,958.9363574165417,797020
2022-12-30,947.6262817382812,961.3530030847566,945.4923985262101,958.9145575606134,852880
2023-01-02,945.4778442382812,952.894602932251,942.563321097264,948.1410238313667,503280
2023-01-03,953.4891357421875,955.1155527694142,941.3405097388444,947.2879709445158,628300
2023-01-04,943.4647216796875,956.9062912176018,942.5028901170192,956.0362649494688,639680
2023-01-05,955.843017578125,961.5536496906525,943.4454664861121,944.4363265600646,1027860
2023-01-06,961.1233520507812,963.1146890814183,955.8695050961093,957.0029110502599,787720
2023-01-09,970.8117065429688,974.6107698088209,961.6670503277029,963.5254583840442,722880
2023-01-10,967.8272094726562,975.804652815381,964.4970255751832,969.7170650866377,633360
2023-01-11,954.9873657226562,970.7730966303661,953.0105429334952,970.0529325066682,650200
2023-01-12,960.54345703125,964.2530757978758,954.103043421056,954.9875250021624,661240
2023-01-13,956.2465209960938,964.2529337016439,953.3803196488358,964.2529337016439,695420
2023-01-16,953.8902587890625,958.9362457943155,952.2178802559736,958.9362457943155,485300
2023-01-17,964.047607421875,965.0360484535809,952.7835215192246,953.904832437124,803740
2023-01-18,958.131591796875,968.6948657328348,955.7149174944057,964.2506276509621,727980
2023-01-19,951.2560424804688,961.5945808927096,947.8993082677754,958.1314681837955,619980
2023-01-20,928.0053100585938,950.6157279907316,925.5789597263027,950.2411316902812,1440440
2023-01-23,936.079345703125,939.6028753660137,925.6369065206846,930.4195139298232,758000
2023-01-24,932.3866577148438,939.3128833156646,925.528165068481,937.6695331584166,754240
2023-01-25,929.7186279296875,935.2769778295018,925.5860920125384,935.2044658132518,823200
2023-01-27,928.7931518554688,937.3796023854751,919.5952756715299,930.9053227504925,895540
2023-01-30,926.354736328125,928.6626720686505,917.2729144928138,928.2929138232362,996600
2023-01-31,919.194091796875,928.0028571169987,914.904495256816,928.0028571169987,2350000
2023-02-01,922.6788330078125,926.8934981067839,914.2398266741887,923.1694248870009,1376100
2023-02-02,916.141845703125,924.5712360737319,911.1103724512325,924.5712360737319,1418440
2023-02-03,918.5440063476562,920.9775546550632,907.2242837657286,918.5971660970858,1111560
2023-02-06,919.3753662109375,921.236193521504,906.4606736078142,918.3361845177636,1382680
2023-02-07,917.2728271484375,923.1646501691974,912.5361224042692,919.4961554770105,797460
2023-02-08,918.0897216796875,921.4706466402329,913.0268008589738,915.9195528944795,465340
2023-02-09,918.3507080078125,922.4131514884915,915.9605841892644,918.2878721187294,694680
2023-02-10,919.4888916015625,921.7267341181682,912.2968673128468,918.8194681737524,527660
2023-02-13,919.6315307617188,927.9545422877505,915.9170743113136,922.927848307746,649780
2023-02-14,922.3430786132812,930.9029199156231,919.6653846674204,923.8848884624183,771780
2023-02-15,930.9488525390625,932.7782915231198,914.9553183782151,921.9612548855821,639960
2023-02-16,948.730712890625,956.9957268610541,925.1028844983015,939.1195948694879,3480140
2023-02-17,919.3657836914062,946.1304528471552,909.7353125438323,946.1304528471552,3768700
2023-02-20,909.7836303710938,925.3445698993174,907.702847882433,919.7862191268745,1306220
2023-02-21,911.0232543945312,915.1364382277361,906.7360771149007,912.5892544131921,899080
2023-02-22,902.5867309570312,912.6715074706387,900.5083675865181,912.6715074706387,841600
2023-02-23,901.3228149414062,909.8367532551624,896.6344316880486,901.9003741031182,985360
2023-02-24,902.912841796875,911.0377276714104,899.7276821551926,905.8297836793448,777500
2023-02-27,900.1024169921875,910.8445222023398,893.7827784461324,903.8361668975194,1032500
2023-02-28,902.3861083984375,905.0444499068421,892.2433342869246,900.4624452561252,2183640
2023-03-01,907.6471557617188,909.6554259719836,897.8016284611398,903.8360562270267,1278520
2023-03-02,893.287353515625,908.6694605439144,892.0814355011598,908.667041509784,781400
2023-03-03,891.7478637695312,899.7107927621968,889.6018855879464,896.537728135406,920360
2023-03-06,894.8871459960938,896.7818396966392,890.5443897967775,895.2327138659314,1058980
2023-03-08,895.0515747070312,897.7365258782585,889.2177487691,889.5778308882905,914920
2023-03-09,895.8948974609375,897.9877749946725,890.7860743675518,894.1694181117584,1132300
2023-03-10,893.480712890625,895.619493240874,887.1635522472923,895.619493240874,472680
2023-03-13,885.3461303710938,894.1645717309448,882.5717932467024,890.783647052305,729520
2023-03-14,882.7941284179688,891.0277537174682,880.2977441566799,886.919407687309,877580
2023-03-15,869.6812133789062,887.9391974569363,864.2026322387992,884.5026940699119,1559160
2023-03-16,891.7841186523438,894.1694042754996,868.4439206472532,869.519328806283,1660860
2023-03-17,911.4800415039062,912.2944890105224,892.9586768317521,894.116273186418,2668600
2023-03-20,915.332275390625,917.8528500304276,901.5209471045955,913.5028365231744,1512900
2023-03-21,914.8271484375,930.854547693188,909.6385561911491,917.852829150448,1955240
2023-03-22,909.6216430664062,918.771197431211,903.7733033772072,918.771197431211,564960
2023-03-23,920.4845581054688,926.548014681053,904.326708064344,909.6216197931985,1133700
2023-03-24,916.0693969726562,923.1695575530163,912.922882399359,918.5802955418634,525980
2023-03-27,913.0678100585938,924.5132047244897,909.3968962070329,918.3361714740589,717080
2023-03-28,915.7261352539062,919.3004056765502,911.0861327968579,913.5028068891573,709620
2023-03-29,920.8954467773438,924.3778529516932,912.3524801438491,914.9528238627739,972120
2023-03-31,952.3870239257812,954.6780261357429,925.82780052083,925.82780052083,2968880
2023-04-03,952.4329833984375,956.5195578436203,936.995239389292,956.2295687672292,1274800
2023-04-05,958.0686645507812,960.5313002708158,947.3845579184538,950.1879234423456,943020
2023-04-06,952.568359375,958.9363194718264,947.5779507684051,956.7613126988309,819560
2023-04-10,943.9625854492188,952.964696527533,942.5512265257685,952.1696013035701,448280
2023-04-11,950.94189453125,951.9279164323449,941.2945505214478,949.6562664062586,882520
2023-04-12,939.6173706054688,951.9278938694147,935.9754263470762,951.9278938694147,1137640
2023-04-13,940.8281860351562,951.2029517092515,938.4549954839814,942.5029247119109,923020
2023-04-17,978.4822998046875,986.4863526226028,942.6067851357639,946.852897985144,3887020
2023-04-18,998.6301879882812,1000.5031104777021,976.3363686787238,976.3363686787238,2797200
2023-04-19,996.5736083984375,998.7461370239201,985.4230412122454,998.5625264356169,1797480
2023-04-20,989.5362548828125,1001.5036299423418,985.0363793144157,995.4280781148377,1044260
2023-04-21,995.6447143554688,1000.0237432742093,990.3280929483989,994.4910462898897,886100
2023-04-24,1004.9928588867188,1005.9497818151268,990.9909975174838,995.84368425779,1157360
2023-04-25,1003.8223266601562,1016.6171547096797,986.4711741135785,1005.9498764122945,3369280
2023-04-26,1021.3605346679688,1024.4085996404683,994.4618534446223,1000.6066063231956,2497880
2023-04-27,1027.240478515625,1029.7980445464523,1020.0876899788858,1023.3034444299622,2044640
2023-04-28,1057.07080078125,1061.3551929544683,1026.400283211845,1028.923813564598,3330320
2023-05-02,1056.3154296875,1073.4698376209797,1052.752436034175,1058.94581176814,1783400
2023-05-03,1062.6229248046875,1066.0304433918056,1048.1814405034406,1056.2740747868902,1140260
2023-05-04,1053.7847900390625,1068.4157880760001,1051.069376800631,1062.7761201477297,1270680
2023-05-05,1069.625244140625,1072.4839169745646,1056.5122313800202,1058.943496751047,1101520
2023-05-08,1067.84716796875,1083.2334788816813,1057.022162197086,1071.0896058000483,1513120
2023-05-09,1067.269287109375,1075.7020458565323,1061.2143085087644,1068.6609704021294,865740
2023-05-10,1071.0897216796875,1074.970899192776,1067.1793704058443,1067.2692635385763,1208820
2023-05-11,1069.6226806640625,1080.0761367277541,1066.2467074631786,1073.4698219377012,1378740
2023-05-12,1058.66162109375,1072.0319783746727,1056.0312391199438,1069.5837545032905,1339220
2023-05-15,1058.2947998046875,1069.627500342983,1056.5776988095643,1059.9172639744702,1451400
2023-05-16,1057.99365234375,1068.1264334425862,1055.0596736870564,1062.588874857475,1545140
2023-05-17,1055.6669921875,1063.3807242132505,1049.230738812838,1057.9937774766154,1335760
2023-05-18,1053.09716796875,1066.2319993639614,1051.6690770331697,1061.374450391916,1023500
2023-05-19,1053.6097412109375,1058.9458116213066,1044.6695255435059,1058.9458116213066,1464400
2023-05-22,1044.1204833984375,1054.0395609859543,1040.5890356174586,1054.0395609859543,1021900
2023-05-23,1039.6954345703125,1049.7165027975502,1037.674617971589,1041.9444231840562,1109180
2023-05-24,1038.5732421875,1044.2760004762376,1033.4436415257605,1039.695364568352,887280
2023-05-25,1043.15380859375,1050.7849992672038,1035.1849850514063,1044.3730581634923,1630040
2023-05-26,1048.3441162109375,1050.6392369824216,1038.058232375195,1043.6420419346719,1263180
2023-05-29,1055.5189208984375,1061.3746641577109,1046.9040038807289,1055.300354869176,1068740
2023-05-30,1047.989501953125,1055.4774326293773,1044.909773227569,1053.1166116605436,939620
2023-05-31,1052.7816162109375,1061.7801794540098,1045.1018017918057,1048.2592090479743,8495880
2023-06-01,1062.5548095703125,1065.0152482734445,1047.9093467465507,1058.2656744386707,1197320
2023-06-02,1070.917236328125,1073.2755671342002,1059.9173059456098,1068.6608950872326,1164960
2023-06-05,1060.6046142578125,1074.9610679376315,1058.4599872775814,1068.6147082705174,1630180
2023-06-06,1054.3504638671875,1065.3358062312307,1050.0830311542975,1062.5475778377013,1570460
2023-06-07,1086.5245361328125,1089.2934343627107,1056.5122077133083,1056.5122077133083,3136240
2023-06-08,1075.8935546875,1096.715432501582,1072.9087001085302,1091.0054409139846,1458580
2023-06-09,1072.228759765625,1082.262042618942,1070.6476843073028,1073.562214045056,1418300
2023-06-12,1082.71630859375,1085.613761160364,1070.07695448256,1071.089734644597,1247040
2023-06-13,1092.5889892578125,1101.5949034038645,1082.8617955511036,1085.6134972357343,1666940
2023-06-14,1104.060302734375,1105.1411549554487,1092.9486580442583,1094.1630454420854,1447540
2023-06-15,1115.5946044921875,1117.2363993198226,1099.3849046785167,1104.060296132192,1475140
2023-06-16,1115.7088623046875,1125.749380846427,1111.276347646556,1115.5947762842166,1470820
2023-06-19,1107.271240234375,1124.5227761289207,1105.639051324596,1118.4508388928034,866620
2023-06-20,1115.0771484375,1117.2339905020913,1103.635224028095,1107.2711519358484,1377540
2023-06-21,1111.9708251953125,1120.6221498347609,1105.821209853591,1115.1040396843355,1292840
2023-06-22,1094.5467529296875,1111.929450529277,1092.5940086098865,1107.5212482268767,998060
2023-06-23,1094.7386474609375,1098.7752994636444,1090.6971331651432,1094.5467647727544,870300
2023-06-26,1099.3023681640625,1102.6637545234,1093.1915328435734,1093.9225371308637,700300
2023-06-27,1099.6156005859375,1110.921498879772,1093.1963066430949,1099.3289624906495,882660
2023-06-28,1104.8057861328125,1107.5211987827802,1096.8345907243497,1101.2063849300712,1112480
2023-06-30,1112.101806640625,1114.6253365500738,1099.0204603996478,1105.0923966449498,737240
2023-07-03,1099.38720703125,1114.8075540662583,1096.9803720182106,1114.8075540662583,1105380
2023-07-04,1098.9744873046875,1109.7072291374022,1094.1873815619956,1104.9954296461747,602980
2023-07-05,1112.3740234375,1114.5161601704249,1096.8347266290034,1097.1262270491734,777760
2023-07-06,1122.0673828125,1136.3000282356238,1112.6218434957964,1114.079108516747,1807340
2023-07-07,1112.679931640625,1129.2271436339377,1109.9499322133615,1124.767828322732,1129280
2023-07-10,1096.8468017578125,1119.2960100429705,1095.3774404332637,1110.8729762999458,727760
2023-07-11,1110.061767578125,1115.2861236990193,1095.3919919034036,1098.291934704671,1370520
2023-07-12,1120.1531982421875,1122.0938460388531,1108.3469583190963,1114.2731445233974,961800
2023-07-13,1108.529296875,1123.140844947393,1106.39688464617,1120.1533805985548,864320
2023-07-14,1123.9420166015625,1126.9513012346813,1107.5211063858073,1108.5290240250931,909140
2023-07-17,1120.673095703125,1136.4406826606935,1115.0505057843152,1126.9515022520632,835900
2023-07-18,1116.1265869140625,1126.465839343837,1108.5172159024658,1126.465839343837,651680
2023-07-19,1114.3680419921875,1118.4508267766269,1107.59415567905,1114.8076644744228,557620
2023-07-20,1117.62255859375,1121.34102708807,1105.1411701340721,1114.370514484318,755840
2023-07-21,1116.3885498046875,1128.5033669134245,1113.0004805963324,1117.9625094999267,736860
2023-07-24,1108.4976806640625,1119.5972289335732,1103.0401715094733,1116.2721318720037,841620
2023-07-25,1106.204833984375,1124.0368780138467,1101.4613708077447,1124.0368780138467,1251520
2023-07-26,1107.516357421875,1112.37876892406,1102.7607977711928,1107.0792254300443,689240
2023-07-27,1084.4625244140625,1112.3788474595992,1072.3550584366371,1110.3969292926854,3587480
2023-07-28,1092.0208740234375,1099.3533306671354,1077.7590566963831,1084.4624986376245,1344220
2023-07-31,1095.53759765625,1100.4290639389155,1089.533615124792,1100.2348094228169,972180
2023-08-01,1097.500244140625,1102.1780074948294,1089.3055010168157,1098.2094274095161,1300380
2023-08-02,1111.5191650390625,1114.2320877658044,1093.463689461995,1102.1781057850606,2093220
2023-08-03,1091.7730712890625,1111.7933842387904,1088.185766493212,1111.7933842387904,899420
2023-08-04,1090.7384033203125,1102.607853708942,1088.6739448309609,1092.751867028505,820200
2023-08-07,1090.9716796875,1095.4551887915081,1075.9473109397436,1090.7385267779491,824920
2023-08-08,1079.796875,1092.8976721228848,1073.5184683838213,1091.4914020173967,1160640
2023-08-09,1079.2696533203125,1085.9657415736579,1076.55910317033,1082.2618606546757,745700
2023-08-10,1068.1629638671875,1080.539989639688,1063.5603886010017,1076.578644068536,1411580
2023-08-11,1061.00537109375,1069.1466286755249,1056.5170001677723,1068.1630223537543,767260
2023-08-14,1063.779052734375,1070.6039336524327,1054.537612041738,1061.0953040128395,815760
2023-08-16,1066.1298828125,1074.9754594621052,1058.2338762309137,1074.9754594621052,578600
2023-08-17,1052.5072021484375,1070.0356511453656,1049.3473044222383,1063.8033769735803,1399840
2023-08-18,1060.403076171875,1062.8318509684207,1041.9443877181272,1052.507186232714,1313340
2023-08-21,1070.3294677734375,1077.215067786334,1055.8053238699663,1060.4030370836551,741920
2023-08-22,1069.92138671875,1073.1517282218788,1064.0971897379443,1070.3294635612283,810440
2023-08-23,1077.5574951171875,1081.7665808574482,1066.232146587282,1073.518471051432,1227560
2023-08-24,1080.5570068359375,1082.747766369376,1075.621779315554,1082.4077616282746,920400
2023-08-25,1077.8173828125,1082.2838140443089,1074.0648785101025,1077.8901986155995,839280
2023-08-28,1070.33447265625,1079.082925060093,1068.6610134542732,1077.9631743843743,830140
2023-08-29,1071.7210693359375,1077.3946534136383,1066.232015197513,1072.082895071626,1048560
2023-08-30,1078.30322265625,1082.2620782433357,1069.1539281356077,1071.7212190633302,1296640
2023-08-31,1068.0001220703125,1082.6990703758672,1052.6332607641777,1080.8046736657707,4661300
2023-09-01,1064.55859375,1073.9895445254404,1061.8602583670515,1071.0896018752737,716980
2023-09-04,1055.9439697265625,1067.6871205969885,1050.809506158884,1067.4563395344476,1481820
2023-09-05,1066.4482421875,1068.5928691313711,1056.7380060927635,1056.7380060927635,1246260
2023-09-06,1068.860107421875,1073.5185405240657,1057.7120539887846,1066.4484097673817,1125840
2023-09-07,1063.62353515625,1072.7946501157737,1060.0314864705788,1067.6068205487795,823180
2023-09-08,1062.98974609375,1067.6579036463302,1060.403124535959,1066.0379297579516,609540
2023-09-11,1074.8323974609375,1078.3735698659696,1062.5112284381373,1064.2890487838786,939540
2023-09-12,1084.095703125,1087.8482075404618,1069.4915090555212,1075.1845428228,987580
2023-09-13,1077.3948974609375,1096.3077974107302,1075.9497288559376,1082.0459780057834,1016500
2023-09-14,1091.865234375,1093.4342131187746,1076.2870424775329,1079.8330767494606,1621120
2023-09-15,1098.8892822265625,1102.7122301593006,1084.1539265205645,1092.9485093719102,2322820
2023-09-18,1108.463623046875,1109.464306706897,1090.6485365225592,1098.7776977981616,1150640
2023-09-20,1101.7042236328125,1108.8108795782061,1095.6711856477634,1095.6711856477634,1149000
2023-09-21,1094.575927734375,1101.204063294804,1085.6622772603553,1100.7183083609068,923660
2023-09-22,1094.5274658203125,1099.7469602772865,1087.1197019886206,1093.9202720636165,766020
2023-09-25,1099.6885986328125,1103.086511776071,1090.5685959613459,1096.3490330138625,688540
2023-09-26,1117.5059814453125,1120.2918383531526,1097.614339326674,1102.6637716804273,1320020
2023-09-27,1111.0672607421875,1117.5058853316848,1104.6771404895558,1117.4792020167831,833060
2023-09-28,1094.81640625,1112.7650288389286,1090.413065868447,1112.3788915838159,1039620
2023-09-29,1093.28369140625,1102.9065246485832,1089.5482646054932,1095.4234560187986,904580
2023-10-03,1083.9744873046875,1097.5489453426565,1081.0550947191298,1093.2840017851795,1000260
2023-10-04,1116.566162109375,1134.665278702814,1095.4260960238187,1107.766596852566,4269760
2023-10-05,1113.2872314453125,1122.4436409103096,1106.3068760319572,1117.4792396537948,1360000
2023-10-06,1112.9739990234375,1120.5201599277218,1108.2451221228964,1116.7483246970833,776240
2023-10-09,1111.4971923828125,1116.3037469865371,1107.5212597490975,1108.1066323995783,475100
2023-10-10,1115.6842041015625,1118.06198372688,1108.7524724756363,1115.2932046290102,793260
2023-10-11,1127.051025390625,1130.5410843397158,1113.8360249211873,1115.6842891748684,1346760
2023-10-12,1120.8868408203125,1131.80909363206,1115.3930421742446,1128.068804036845,1084440
2023-10-13,1144.164306640625,1146.3745155120685,1115.0700027059145,1120.8819851264595,1815820
2023-10-16,1122.50927734375,1143.9529397073213,1116.024401140248,1143.9529397073213,1732160
2023-10-17,1133.0380859375,1134.8304933644772,1123.5512768782808,1123.5512768782808,763320
2023-10-18,1130.00927734375,1138.956964196409,1126.951487872598,1133.0380116481153,713420
2023-10-19,1172.240966796875,1176.838561765537,1122.1183109176673,1129.7154665947064,5848240
2023-10-20,1179.3984375,1202.0006296653632,1165.8992883985452,1170.6670633864724,4158680
2023-10-23,1175.4176025390625,1198.597932440807,1172.0464917462384,1180.3844941954708,1584600
2023-10-25,1178.5726318359375,1191.5422648401845,1173.2487767402774,1179.4129783833812,2227000
2023-10-26,1143.7392578125,1178.4707383857476,1137.6867698230706,1178.4415646251591,2538800
2023-10-27,1168.5782470703125,1176.8870757141585,1138.6265219940974,1143.9771789943693,2608740
2023-10-30,1174.152099609375,1177.9555983155988,1159.256407058349,1170.6692750270486,1452280
2023-10-31,1177.2174072265625,1181.841803879163,1171.7405675535256,1180.38453901618,1032780
2023-11-01,1166.3660888671875,1182.3596020192736,1161.8369671775893,1182.3572163876224,1273800
2023-11-02,1178.0478515625,1179.9044692703121,1161.4997994441262,1172.1067941790757,2141360
2023-11-03,1172.539306640625,1182.3572547375582,1171.454679175276,1179.567496994285,954280
2023-11-06,1186.7325439453125,1191.6647184311496,1175.4537538734164,1179.9167938637931,1485520
2023-11-07,1190.638671875,1196.0374760049517,1178.4510752249519,1186.6079083222871,1059300
2023-11-08,1186.3416748046875,1192.7493626549153,1183.336852216123,1190.616727068359,726100
2023-11-09,1183.6641845703125,1192.8616295554382,1181.9835070722847,1189.6858767018193,844460
2023-11-10,1179.2889404296875,1184.7756546835287,1175.3045777134594,1183.664188893336,566340
2023-11-13,1176.7802734375,1187.1454867614316,1174.1492791536243,1187.1454867614316,570560
2023-11-15,1181.08935546875,1184.7511807189558,1172.9765380295014,1184.55579748954,1533940
2023-11-16,1176.6361083984375,1185.8995169958384,1174.8332863852888,1182.1154277047754,1388360
2023-11-17,1190.81201171875,1196.2767781303332,1175.741857329135,1177.4714402725137,1401020
2023-11-20,1187.3675537109375,1192.3143996431675,1180.696134609143,1190.9097396871023,1082300
2023-11-21,1190.83154296875,1193.098608663099,1181.392195198451,1187.4872453326109,906580
2023-11-22,1189.727294921875,1197.991599449294,1185.2885890146767,1190.6653252146355,736420
2023-11-23,1191.801513671875,1201.4069021433768,1189.7421170476314,1192.8152878919416,736280
2023-11-24,1179.3746337890625,1195.688181815368,1177.8648865776493,1194.5718253208101,808240
2023-11-28,1183.26611328125,1185.2887712313554,1166.876703302927,1179.3281508135506,1753940
2023-11-29,1175.883544921875,1188.9529891211728,1173.1255162202817,1183.3832550068146,1254300
2023-11-30,1184.1234130859375,1189.207074828384,1170.8927000126089,1176.494282384017,2944060
2023-12-01,1189.12890625,1190.4186979535045,1180.2269220797846,1189.1948689626643,1273000
2023-12-04,1192.2657470703125,1198.7247263912843,1179.3599551514983,1191.59144818942,1987840
2023-12-05,1202.3350830078125,1205.5084502057236,1192.2655704490523,1194.6205467153416,1343740
2023-12-06,1219.904541015625,1226.1777985536964,1206.883881607382,1208.1932356535374,1592160
2023-12-07,1220.234130859375,1229.7516083484427,1212.321706348035,1219.9044365646039,1201700
2023-12-08,1211.163818359375,1230.0278443497984,1209.5393223527255,1221.1992172896505,1401520
2023-12-11,1223.56640625,1227.3064807190083,1203.8058590722196,1215.5806226229668,1078740
2023-12-12,1218.861328125,1233.2058928114673,1211.7818468538453,1223.566270910453,1282460
2023-12-13,1223.61279296875,1225.3521571942642,1212.8934331079588,1219.411098767424,891440
2023-12-14,1211.344482421875,1228.4788036813559,1209.2337949353698,1228.4788036813559,2094520
2023-12-15,1190.487060546875,1219.105574222589,1183.3343406332183,1214.1170992870593,3190820
2023-12-18,1189.8934326171875,1200.9523849262732,1187.193971379746,1194.571536557412,1326480
2023-12-19,1245.3690185546875,1255.8881034254703,1197.5471238303544,1200.4247919958168,7057320
2023-12-20,1226.21923828125,1259.4767337225496,1224.1403987978974,1255.350664376173,2889760
2023-12-21,1227.1033935546875,1233.55998548724,1216.9336857273572,1226.219040017989,2212760
2023-12-22,1239.445068359375,1241.4727360538664,1226.3292229165145,1233.1693062315867,1776560
2023-12-26,1248.9039306640625,1250.7580435780885,1239.2764755999303,1245.1883093779127,1235700
2023-12-27,1256.6429443359375,1258.9636868450707,1249.8053660643993,1250.758068080253,1428320
2023-12-28,1282.5107421875,1288.5739445803042,1259.317988087646,1263.9424159676134,3155440
2023-12-29,1298.6533203125,1302.0586902655582,1277.4172619968735,1282.5155954773322,2068160
2024-01-01,1337.353515625,1340.9127588244455,1301.5701138137854,1302.0586911838357,2632200
2024-01-02,1330.0614013671875,1353.01726032032,1320.3338694058732,1343.5876937406608,2831540
2024-01-03,1301.335693359375,1339.5473129446946,1298.296756227958,1336.0149078652196,2026920
2024-01-04,1324.8458251953125,1326.4898831972753,1302.158826733488,1311.8814682295333,2647800
2024-01-05,1302.7425537109375,1345.5419758177713,1291.041150435504,1345.5419758177713,5154128
2024-01-08,1279.7305908203125,1313.7844059734246,1275.6753752311683,1310.852942070174,2064756
2024-01-09,1266.685791015625,1289.9909086989016,1263.9252571888367,1289.8443116253536,1626054
2024-01-10,1259.6015625,1281.2454479540784,1255.8638734654148,1265.4155864005504,2052936
2024-01-11,1249.3900146484375,1265.390923361495,1245.9211869238698,1260.529602433234,1551334
2024-01-12,1245.6771240234375,1250.73382910172,1236.1009582155289,1249.3902411036595,2214110
2024-01-15,1244.67529296875,1258.6485340714316,1236.4182639120174,1252.7123667854523,1787668
2024-01-16,1241.9881591796875,1249.2434617416734,1236.760405042669,1249.2434617416734,1386740
2024-01-17,1242.501220703125,1249.3656376763097,1233.8533053879812,1241.9881905821535,1603238
2024-01-18,1222.4205322265625,1245.8722450750338,1219.5623070105232,1238.5435848098864,1269820
2024-01-19,1228.3568115234375,1232.1432863396099,1221.2968920128278,1226.3292630441879,1882782
2024-01-23,1203.317138671875,1220.5639434285015,1195.0602289563144,1211.6718592852249,1381076
2024-01-24,1228.259033203125,1230.9217559650683,1199.4574216197334,1210.6457954774028,1318076
2024-01-25,1212.722412109375,1235.1237348387697,1205.6624921490727,1233.6824552861597,1571546
2024-01-29,1220.73486328125,1223.8861630783713,1210.0106151696716,1212.722123818302,1265438
2024-01-30,1217.559326171875,1236.66263082753,1215.5805638575089,1227.306421386681,1336068
2024-01-31,1224.375,1227.184320131684,1212.5025449784775,1225.8407322426178,1432188
2024-02-01,1205.7113037109375,1226.7689175953167,1203.219511315889,1226.3292456581146,1641132
2024-02-02,1212.3558349609375,1219.4891122564818,1203.3905118143807,1205.8089459330918,1508122
2024-02-05,1203.2193603515625,1223.8862051572391,1200.287896387114,1223.8862051572391,1065954
2024-02-06,1200.2635498046875,1210.670271655069,1194.9381041776355,1203.0485362424513,1540366
2024-02-07,1221.2479248046875,1227.086399960715,1195.402112838012,1206.7859883250856,3094808
2024-02-08,1183.8475341796875,1228.210387501912,1177.0319030685025,1223.373399504403,3308894
2024-02-09,1197.0634765625,1204.7829036774656,1182.381702558459,1193.5212905867597,1677638
2024-02-12,1201.4364013671875,1205.7846929562465,1191.7869967370093,1201.7783817256072,890538
2024-02-13,1200.605712890625,1210.0108277723782,1194.547281605632,1208.7404788289596,621970
2024-02-14,1215.0919189453125,1220.148742436428,1189.7103484352406,1197.0145562589528,1018616
2024-02-15,1202.1326904296875,1222.4413616729028,1194.513843590596,1222.4413616729028,1680952
2024-02-16,1218.840087890625,1220.2365115893808,1199.7073846382173,1203.8474926249946,1493232
2024-02-19,1231.3829345703125,1237.38490053012,1215.7777752275076,1222.4412301812115,955040
2024-02-20,1244.1953125,1245.3712797048568,1223.470251172212,1234.2002491591984,1262888
2024-02-21,1246.253173828125,1249.8788034191973,1233.783687483957,1244.1952612090288,1786364
2024-02-22,1255.8316650390625,1257.2035668458198,1237.1398767290536,1254.2883502678724,1504742
2024-02-23,1263.5975341796875,1265.5573597464647,1250.3441898607039,1256.7381446959669,1211238
2024-02-26,1265.9984130859375,1268.0072823620274,1257.595707883591,1268.0072823620274,1323894
2024-02-27,1273.249755859375,1274.5971360473163,1257.5956717813096,1266.5373766649209,1261744
2024-02-28,1259.62890625,1276.336467938653,1254.4109182494958,1274.3766422681138,985574
2024-02-29,1272.0247802734375,1276.9243442677257,1247.9434710888158,1259.8983593875744,2774576
2024-03-01,1274.5970458984375,1281.995435345355,1265.312396092774,1272.0247748124793,1511456
2024-03-04,1268.546142578125,1274.4256192830687,1262.813557096197,1271.3877939575732,1268620
2024-03-05,1243.8277587890625,1271.5348169495282,1240.5695965979087,1268.9870676100252,678604
2024-03-06,1241.0841064453125,1257.5956135143285,1228.933163571565,1244.489279566142,1983280
2024-03-07,1254.75390625,1257.228210166382,1234.200257758814,1239.5897785350533,1297304
2024-03-11,1279.521240234375,1289.075390793276,1248.6785063281407,1254.7539183234155,2990598
2024-03-12,1269.060546875,1281.2605332488135,1257.3751582733441,1276.8509255610345,1726470
2024-03-13,1265.532958984375,1300.1728552649824,1250.7853419555036,1271.4124362467674,3627604
2024-03-14,1280.133544921875,1283.6612069702594,1261.0986915171266,1268.9870371630107,2245994
2024-03-15,1275.675048828125,1288.5364054957763,1266.6353763510876,1282.1914934633896,2533984
2024-03-18,1264.2591552734375,1279.1783050359595,1253.6760482595798,1275.6750446982915,1285192
2024-03-19,1222.9556884765625,1266.4147969604514,1209.285833231306,1264.087504075042,3497728
2024-03-20,1249.5113525390625,1251.8386455199704,1223.9356514935796,1231.750432421607,1399290
2024-03-21,1251.1771240234375,1255.292829590614,1237.2133665005522,1249.8787873993165,1807754
2024-03-22,1260.8536376953125,1269.9668737570735,1243.0192741981848,1244.5871106125064,2027126
2024-03-26,1267.0762939453125,1272.1717926582412,1240.6430504694931,1258.2080352576018,1941704
2024-03-27,1257.448486328125,1269.2564825465488,1250.2461517017546,1267.0762006506352,1801192
2024-03-28,1284.8372802734375,1292.8479960595027,1257.742666019292,1257.742666019292,4365832
2024-04-01,1266.8314208984375,1294.758938017835,1265.3125080849861,1284.8373200938386,1486064
2024-04-02,1285.3028564453125,1288.5855409339215,1265.5575864001212,1272.416977112317,1445766
2024-04-03,1251.32421875,1285.6211693508951,1246.9391325611111,1285.3027455140523,3850278
2024-04-04,1249.193115234375,1259.1881797869266,1231.799659832649,1259.0902124125455,2782752
2024-04-05,1243.337890625,1262.1277676214863,1241.549597497223,1261.6378111899562,1532454
2024-04-08,1223.935546875,1248.0413766088843,1221.3877976478545,1240.0795855126453,2436980
2024-04-09,1226.2628173828125,1235.7679230408282,1223.4210465348917,1227.8306538311729,867882
2024-04-10,1238.4139404296875,1241.0596573473517,1221.9758780125458,1231.7504850261516,989760
2024-04-12,1242.62744140625,1253.7984716423082,1232.828313062035,1241.892506780434,2479930
2024-04-15,1251.1771240234375,1262.6176539114224,1229.790574822534,1229.790574822534,2293646
2024-04-16,1247.4781494140625,1265.8759181842463,1245.6162910039566,1249.4623773168466,1537722
2024-04-18,1206.5421142578125,1245.78754874491,1181.088904097746,1244.5382556635107,6077666
2024-04-19,1194.36669921875,1210.8538039444359,1180.7949307844237,1190.5940588407261,3702024
2024-04-22,1204.65576171875,1216.0717696198974,1189.540678738387,1193.778753698179,2504706
2024-04-23,1225.50341796875,1229.7905363724387,1188.609677953925,1199.9031966438656,2248818
2024-04-24,1224.9644775390625,1242.431495425264,1219.134044074408,1232.264899860291,1447036
2024-04-25,1255.5867919921875,1263.0586275169576,1210.8048223336593,1234.6656764464847,6481728
2024-04-26,1216.4393310546875,1265.4594959800618,1210.706864726266,1261.6132901431138,2643128
2024-04-29,1229.692626953125,1236.8459187984822,1219.9914660703582,1225.8709430152758,1243124
2024-04-30,1228.5166015625,1243.3133802004654,1225.1604720698128,1233.563176291337,1625278
2024-05-02,1230.9176025390625,1244.9793286079496,1227.3408965615558,1228.5167441840063,2223826
2024-05-03,1203.3819580078125,1236.1845149584105,1193.6562756518617,1232.2893855146199,2257460
2024-05-06,1204.0189208984375,1215.0674626642083,1198.8988999684284,1212.3481804689907,1431992
2024-05-07,1229.1292724609375,1238.7815107860897,1205.0724811273938,1209.7025459275185,2146918
2024-05-08,1243.999267578125,1248.408875064617,1217.8600464636718,1226.091337695442,1398140
2024-05-09,1231.48095703125,1249.3398448646658,1225.870979867978,1243.9993676597903,1404310
2024-05-10,1241.1575927734375,1248.898928217624,1226.5813891192695,1231.4809533727714,1394832
2024-05-13,1232.8529052734375,1245.4202402459055,1227.8553734558943,1240.9371866194929,680762
2024-05-14,1218.693115234375,1234.1756659047428,1216.0718006129846,1227.8797978538325,1113494
2024-05-15,1207.74267578125,1224.4011954471982,1205.292893477434,1219.0116743788033,868812
2024-05-16,1209.3839111328125,1215.0673335235888,1185.841482513364,1210.1922913343756,1944988
2024-05-17,1198.1884765625,1209.384029087565,1192.4560101259904,1209.384029087565,1442356
2024-05-21,1205.684814453125,1219.7955836495555,1191.5740452566943,1208.2325639815,2574902
2024-05-22,1209.7757568359375,1218.7665043231723,1206.223573054493,1211.172180376636,1574654
2024-05-23,1212.2257080078125,1218.766674490074,1203.1125897705297,1215.581957551708,1563326
2024-05-24,1209.090087890625,1217.541837061373,1204.3375340197153,1213.5976635247014,907544
2024-05-27,1205.24365234375,1214.601867057043,1202.8429139270029,1213.6219542962062,1071662
2024-05-28,1201.22607421875,1209.0408548247594,1198.4333466803914,1205.8561382452733,1043344
2024-05-29,1213.2301025390625,1223.4212203284885,1197.9434856640587,1199.2663441172115,1739200
2024-05-30,1178.2471923828125,1211.7112389302845,1176.1648776514621,1207.7670659272503,2548428
2024-05-31,1153.79833984375,1188.4383548596766,1148.9478190732214,1188.4383548596766,5065946
2024-06-03,1153.871826171875,1170.4813000316324,1151.3975224659027,1163.548464924514,2145030
2024-06-04,1189.49169921875,1194.5137525261302,1140.349046345806,1158.2324556842816,3117062
2024-06-05,1229.7171630859375,1261.1723411856403,1190.5940952765598,1190.5940952765598,4057558
2024-06-06,1210.8782958984375,1233.71031381071,1201.691612664144,1233.71031381071,1944280
2024-06-07,1226.09130859375,1232.8527305028715,1208.7223789967547,1213.3524428240235,2022404
2024-06-10,1248.5069580078125,1256.7382500016527,1228.3452986474915,1229.7906462004476,1590348
2024-06-11,1245.4447021484375,1261.6377858083888,1241.5495725197893,1254.2884394832915,1138822
2024-06-12,1243.1663818359375,1251.7160969835697,1235.1800686938366,1246.4490657505437,960816
2024-06-13,1250.246337890625,1280.9665825613638,1247.0125775596964,1271.0204429683927,2162544
2024-06-14,1245.7142333984375,1256.5423184367407,1241.5986472002992,1256.5423184367407,858944
2024-06-18,1249.5604248046875,1251.8386743490526,1241.5495893544028,1248.8989357791525,519108
2024-06-19,1237.6544189453125,1254.092480498061,1233.6368002889778,1249.3888510936965,1568614
2024-06-20,1244.3668212890625,1249.952276645888,1224.8910535378113,1237.1399640731895,1314826
2024-06-21,1224.107177734375,1248.409066115168,1219.2566566042367,1240.8637844420023,2543088
2024-06-24,1239.6142578125,1240.5696489028123,1217.2967190754491,1224.1070654302553,1448402
2024-06-25,1232.4609375,1243.656490314028,1227.3409164826396,1242.03961009321,625460
2024-06-26,1241.672119140625,1247.9190638063221,1228.5412625078973,1235.964174411042,958712
2024-06-27,1241.4271240234375,1251.348741886871,1228.835267498191,1240.1777111836473,1732622
2024-06-28,1250.197265625,1261.000828733912,1238.7568548573765,1241.4270934534354,2364066
2024-07-01,1258.257080078125,1269.5260772905813,1252.8185161848087,1254.1904180299775,1849028
2024-07-02,1246.6695556640625,1268.0071811090831,1241.1330243422133,1266.7332466037858,1162200
2024-07-03,1250.1239013671875,1258.9676393491134,1244.8323477022957,1249.438010173967,631912
2024-07-04,1247.0125732421875,1256.7382563285294,1245.4937800639807,1254.2884741524504,627352
2024-07-05,1261.2213134765625,1263.8916717507548,1240.8146757386721,1249.6829350887917,1583026
2024-07-08,1275.552490234375,1283.6858146170412,1254.9988424316216,1261.2212650139365,1448552
2024-07-09,1290.1043701171875,1293.5340652506382,1270.7510904355727,1287.2625987972451,1665146
2024-07-10,1281.946533203125,1298.3600743232485,1272.9313823456505,1292.4560751608626,1069980
2024-07-11,1270.5550537109375,1289.369453332114,1256.1013383051761,1283.6859106133859,2107598
2024-07-12,1278.2962646484375,1283.6123395066418,1266.9538216844699,1276.3364390222996,1451786
2024-07-15,1276.3856201171875,1283.440945284612,1272.4169249490885,1278.3209242079909,695922
2024-07-16,1283.004150390625,1288.687715882199,1264.1820325547824,1281.6755543355125,1514138
2024-07-18,1292.72265625,1296.5854237265537,1267.10979158111,1267.10979158111,1733594
2024-07-19,1278.3538818359375,1301.8015155870887,1272.7440810529952,1296.5608960399527,1077872
2024-07-22,1273.1624755859375,1294.174331387512,1262.3366826998063,1278.353959383749,1490342
2024-07-23,1270.3328857421875,1282.6102938388008,1254.8076920348904,1277.738735559847,1936998
2024-07-24,1250.5758056640625,1270.062280022218,1239.4055802701282,1270.062280022218,2622088
2024-07-25,1220.681884765625,1258.080077535405,1210.249781336208,1252.2489840344708,6938362
2024-07-26,1218.8365478515625,1226.5623230583747,1206.3377265390302,1226.5623230583747,3239386
2024-07-29,1215.5888671875,1223.7819755260691,1210.0283226048043,1222.1335747003338,1605802
2024-07-30,1209.3638916015625,1220.5587442564088,1206.0915981111275,1215.6134219405167,3429516
2024-07-31,1208.724365234375,1218.8857995211313,1206.5837627879748,1215.4412292358475,1644722
2024-08-01,1222.330322265625,1226.4146223295954,1208.7243182227712,1212.9807747120635,2653524
2024-08-02,1227.79248046875,1237.0927718683006,1212.9807806902788,1220.362002479469,2310948
2024-08-05,1235.5672607421875,1244.4247268134552,1217.9262128991559,1224.2986436285703,2651820
2024-08-06,1234.3863525390625,1243.9819410878015,1230.6957415587783,1237.0435443900367,1898862
2024-08-07,1241.423095703125,1244.4493485404819,1235.2474495298686,1239.3317495581189,1299940
2024-08-08,1224.8399658203125,1242.5056415402546,1219.377813757129,1239.3317402655164,2850012
2024-08-09,1232.5164794921875,1236.059442179883,1225.3812979131424,1233.4515064020356,540012
2024-08-12,1216.9666748046875,1235.0998040469894,1214.6292879311031,1231.0893883081942,950040
2024-08-13,1222.6748046875,1226.2670234465204,1217.1635162499874,1217.4095569850288,623692
2024-08-14,1217.704833984375,1226.2423752682807,1210.815693516011,1223.7573398576342,1123752
2024-08-16,1242.72705078125,1246.6637023080946,1216.1055169132069,1225.2827877303348,1719668
2024-08-19,1231.753662109375,1252.839400786236,1230.4743223919172,1244.9660974034473,955402
2024-08-20,1239.30712890625,1242.9977397725581,1229.7361687537054,1235.4197335152344,969464
2024-08-21,1255.6689453125,1257.268210159082,1240.8572443708613,1244.916916673723,1249546
2024-08-22,1255.2998046875,1262.2135732291679,1252.347315926965,1262.1889451287484,1269810
2024-08-23,1244.5723876953125,1255.4720639684701,1240.0452623522349,1255.2751593049002,1023074
2024-08-26,1239.8238525390625,1252.347301526917,1234.1156596128333,1244.5723905194923,1266798
2024-08-27,1240.7587890625,1246.3439617593306,1235.8626025006731,1244.3017515921242,782130
2024-08-28,1226.51318359375,1239.553343820524,1225.2829797987713,1239.553343820524,1130322
2024-08-29,1232.442626953125,1239.7745925468923,1225.6026226752101,1229.6622946618493,1799588
2024-08-30,1230.57275390625,1238.7167263799913,1226.1686487134475,1232.4426875467195,3808974
2024-09-02,1235.0751953125,1238.0769402415242,1228.7520207007447,1230.2036369649484,1751182
2024-09-03,1245.335205078125,1259.2365068833042,1231.1878625330312,1231.1878625330312,1975054
2024-09-04,1247.303466796875,1250.6003885146183,1236.9451281522104,1242.5303007156283,1005886
2024-09-05,1232.6148681640625,1247.426568970777,1226.3408292077006,1247.3035485990836,2238592
2024-09-06,1231.7783203125,1239.6762519887875,1224.3233340445647,1234.4356323513769,1673400
2024-09-09,1238.4461669921875,1240.0454319341661,1224.6678844151413,1227.8171580922015,1167196
2024-09-10,1247.672607421875,1253.7743697918231,1237.0928554756829,1244.474077763724,3044078
2024-09-11,1243.4161376953125,1260.5159691514762,1239.7746626554929,1253.3315314776514,1959876
2024-09-12,1243.9080810546875,1249.8868223271343,1224.298588169256,1244.9167518685656,3109758
2024-09-13,1245.6549072265625,1260.2205658827688,1244.104898747798,1244.9660412664605,1465434
2024-09-16,1254.611083984375,1257.5635730868134,1230.2037926827143,1244.966238194907,788794
2024-09-17,1253.2576904296875,1272.1781981765482,1249.2471545253281,1255.3735445574644,1390374
2024-09-18,1278.00927734375,1279.9530951619433,1252.8393594766499,1254.7830571577715,2354058
2024-09-19,1296.2410888671875,1317.3022015104614,1278.0094449047822,1280.8881697914571,5068578
2024-09-20,1328.3984375,1330.7111961746373,1294.7399958815315,1301.0632902600503,4645516
2024-09-23,1340.9957275390625,1343.3086064846357,1323.6991124699812,1331.1540984500664,2144494
2024-09-24,1326.848388671875,1361.4909952243613,1315.8258121225367,1340.9219663552403,3080066
2024-09-25,1327.3160400390625,1330.8836308010643,1308.4692951585882,1321.36180602282,1437914
2024-09-26,1355.930419921875,1359.350361932732,1332.5319232153515,1332.5319232153515,2317212
2024-09-27,1351.108154296875,1367.0024108186924,1343.8745802540852,1353.224128780203,2194334
2024-09-30,1323.674560546875,1348.3032627868763,1321.1403889654473,1338.4616331314976,1766384
2024-10-01,1332.089111328125,1333.5407275761163,1315.2844577526253,1323.6990985903146,1105518
2024-10-03,1316.244140625,1326.1595339838152,1304.1881448615106,1321.2387193864727,1624730
2024-10-04,1278.50146484375,1317.9664961320873,1274.638697260755,1310.412997266873,2066068
2024-10-07,1266.5440673828125,1289.2535814594085,1263.1240047116357,1281.8477305613935,2205716
2024-10-08,1270.431396484375,1276.4593947827902,1255.5951875027006,1264.944735883916,2404340
2024-10-09,1238.076904296875,1269.5701164888465,1214.924448493957,1269.078035048347,4733190
2024-10-10,1236.330078125,1245.8026465209616,1233.1561766379248,1244.4740505655673,2060004
2024-10-11,1236.01025390625,1241.0294608465724,1228.2845988950883,1240.045297911722,1256928
2024-10-14,1231.2125244140625,1239.897714716506,1226.8329270411743,1239.897714716506,1340768
2024-10-15,1222.453369140625,1231.212443171342,1216.425371245094,1231.212443171342,1590308
2024-10-16,1211.6275634765625,1226.7836963292705,1196.4714306238545,1225.2828238629875,2473286
2024-10-17,1170.51416015625,1217.8770012995963,1163.7726680936514,1217.8770012995963,5255508
2024-10-18,1156.5145263671875,1172.9500001422293,1144.6308063923354,1171.1539507515822,3278370
2024-10-21,1158.6795654296875,1168.2013897658867,1148.026049841539,1161.3122493039143,1497408
2024-10-22,1156.5145263671875,1173.6143582111445,1151.4953191770971,1158.6058727078153,1934262
2024-10-23,1145.1473388671875,1168.644228936812,1141.678260631491,1156.4160765535048,1414522
2024-10-24,1111.4398193359375,1151.4706969625236,1090.4525916533985,1150.9786154680953,5910994
2024-10-25,1112.448486328125,1125.144211495528,1110.6278090292615,1116.532786303675,2683018
2024-10-28,1118.03369140625,1141.1368916403771,1110.1603881435308,1117.4923537521086,1751130
2024-10-29,1115.7454833984375,1124.79985458042,1112.473189659071,1121.9457580106964,1859662
2024-10-30,1120.1251220703125,1130.4342052800785,1112.2025620098163,1121.3306976959316,1787546
2024-10-31,1113.5557861328125,1125.3903700198607,1112.1041697616463,1125.3903700198607,1319530
2024-11-01,1123.0775146484375,1128.3181340234441,1116.2130024649405,1128.2935059235892,243228
2024-11-04,1105.3133544921875,1125.3903021433225,1097.7844841058775,1123.4219762978598,1926320
2024-11-05,1113.309814453125,1115.9916347182743,1100.4419307188537,1110.1359126664038,1451860
2024-11-06,1119.7806396484375,1121.7981015904193,1111.1445858343864,1116.0407724267443,1613946
2024-11-07,1113.506591796875,1124.3323840333578,1103.098996723647,1118.5011706147852,1783914
2024-11-08,1129.646728515625,1130.8031679737342,1111.5135992315359,1117.0248874240108,1669990
2024-11-11,1121.478271484375,1129.2531825523638,1109.2499991916804,1121.945724842311,1547190
2024-11-12,1110.2342529296875,1127.088044253941,1102.7546381796255,1127.088044253941,2210678
2024-11-13,1099.9251708984375,1108.1429079062532,1093.405091035154,1102.877659893132,1526776
2024-11-14,1074.115478515625,1104.6982944412046,1071.9502479214893,1101.7950617641873,2318476
2024-11-18,1089.0745849609375,1091.904053152553,1067.1769615649582,1078.0027529067906,1383330
2024-11-19,1089.5421142578125,1104.058517296551,1084.4982793036745,1094.8812461421446,1612040
2024-11-21,1088.0904541015625,1107.1832379658995,1076.1821073028543,1085.3102420254984,1655768
2024-11-22,1105.854736328125,1108.5858125752131,1084.6459764412452,1089.566791251465,1543916
2024-11-25,1110.603271484375,1123.7418229638,1105.3380236794615,1111.3906499066582,4059604
2024-11-26,1114.6875,1125.8577248413637,1107.429298642534,1117.024886877828,634244
2024-11-27,1118.9686279296875,1120.371108165559,1107.4047134544387,1120.272715899568,874722
2024-11-28,1100.417236328125,1126.6205757733894,1096.3575640197037,1119.01794075049,2492756
2024-11-29,1099.6297607421875,1113.580317860805,1095.8653857163115,1095.8653857163115,2698320
2024-12-02,1108.0936279296875,1110.627799266185,1093.9462866674355,1103.6402669136344,936544
2024-12-03,1112.9405517578125,1115.474843217201,1107.1832230254936,1113.0882002149629,1532464
2024-12-04,1111.021484375,1119.4852610021962,1102.975904883959,1112.5961209344905,1937738
2024-12-05,1114.810546875,1120.4694836611675,1092.91292191983,1111.021543662981,2375568
2024-12-06,1115.9423828125,1127.8261022700863,1109.6929721646486,1115.2780247725027,1291202
2024-12-09,1096.7757568359375,1120.2726454082049,1089.2960228980419,1117.0248598753255,1939702
2024-12-10,1089.6898193359375,1102.2625252924709,1087.500080757304,1096.8496289629097,1830596
2024-12-11,1102.779052734375,1109.151482878782,1093.8969593786744,1094.8811221851329,1469722
2024-12-12,1094.4139404296875,1109.1517580857962,1090.0098348054341,1107.1588038808059,1931220
2024-12-13,1108.905517578125,1111.046119882549,1086.6388325679586,1094.8811966324952,1109322
2024-12-16,1101.6473388671875,1110.8738659933783,1096.628132137954,1108.9055402064575,1331372
2024-12-17,1084.03076171875,1099.2852860421033,1082.579145528296,1095.3732627027214,2997812
2024-12-18,1076.698974609375,1089.4438376946293,1072.9837351723947,1084.0309410714253,1932332
2024-12-19,1063.0926513671875,1079.7496554835927,1056.6955929092694,1075.197902350074,3107980
2024-12-20,1064.6182861328125,1070.2772231748866,1055.7115632552375,1062.8960009460943,3303524
2024-12-23,1058.762451171875,1072.7375157069923,1056.8432615156632,1067.8167014147584,877434
2024-12-24,1066.19287109375,1070.277171222843,1058.8116492232477,1058.8116492232477,645132
2024-12-26,1057.9259033203125,1070.7692777302723,1056.2036181769045,1062.010203544953,1047852
2024-12-27,1065.651611328125,1067.349268263628,1058.467174270808,1062.4038257790212,925334
2024-12-30,1062.8466796875,1071.2613205681055,1057.4830399177117,1069.7850762127061,2470980
2024-12-31,1067.8414306640625,1070.055797305322,1056.867989725517,1060.4355804253237,1271114
2025-01-01,1067.44775390625,1072.3685687219986,1061.5674042288465,1067.816815017431,908580
2025-01-02,1082.6776123046875,1086.3928513826922,1064.445970048882,1067.3246946660897,1258328
2025-01-03,1098.6702880859375,1101.2537158364617,1081.6197129873103,1082.6776401065028,2022900
2025-01-06,1075.1978759765625,1104.6735042471362,1067.8166548600186,1103.9846383310837,2276932
2025-01-07,1088.8040771484375,1090.600246696167,1072.6884081088663,1077.7568715594155,1191638
2025-01-08,1092.3717041015625,1094.8567397729234,1079.8975098127337,1093.8972048487194,899000
2025-01-09,1110.1602783203125,1117.9105604528509,1084.572045247805,1090.181725212722,2294636
2025-01-10,1106.14990234375,1120.9616028328523,1102.8776085817078,1118.0337420767496,1619708
2025-01-13,1100.95849609375,1112.6699386630303,1093.1835850441817,1104.7228711857224,1609062
2025-01-14,1091.953369140625,1110.4310516746082,1082.2101323720638,1107.7737397538697,1405098
2025-01-15,1082.4068603515625,1092.470021620178,1068.8992492389511,1091.9533120956053,1447250
2025-01-16,1067.4722900390625,1091.559652459475,1061.1736235901535,1085.0888295890952,2651618
2025-01-17,1091.0430908203125,1095.5457086814101,1069.0716996373917,1073.0574877528065,911802
2025-01-20,1089.4683837890625,1094.8812800048167,1083.7356826699363,1092.027183427276,802216
2025-01-21,1080.832275390625,1102.2624465370977,1078.4211243436541,1094.881224796894,1528828
2025-01-22,1086.41748046875,1088.9516519540375,1079.700496401531,1080.8323077963776,896072
2025-01-23,1082.0625,1087.3032396194294,1065.3563584980802,1079.7004849699103,992014
2025-01-24,1086.466552734375,1093.7740101019974,1077.7075992973807,1083.563320321493,1327200
2025-01-27,1070.154052734375,1098.2764574275755,1067.1278000997804,1073.7462710760587,1099972
2025-01-28,1061.0753173828125,1073.6480232009026,1054.333825146736,1070.1541966445525,1442066
2025-01-29,1073.0819091796875,1075.148627078936,1048.7485074277215,1061.075170803434,794290
2025-01-30,1091.1168212890625,1098.6701992571716,1073.0819645589147,1077.1662645093195,1149120
2025-01-31,1138.2828369140625,1174.5984735722411,1087.2540122990645,1091.116899908794,6279774
2025-02-01,1145.171875,1168.2013098535062,1110.7508031452514,1138.1843427511203,2493130
2025-02-03,1140.201904296875,1168.2012889899547,1137.54459255139,1145.1718545477438,2281742
2025-02-04,1131.5167236328125,1143.0068741286045,1123.7664404017578,1142.809969456362,2487034
2025-02-05,1106.6666259765625,1130.7539905161198,1095.0043188694071,1123.815713695522,2950590
2025-02-06,1101.9918212890625,1116.5328527196805,1095.8654310298496,1116.5328527196805,1973914
2025-02-07,1101.9422607421875,1108.3307138131295,1093.2509032153193,1106.3497831360728,1585116
2025-02-10,1099.9366455078125,1115.5116902086866,1092.5823913296604,1106.8451176987412,1520362
2025-02-11,1087.283447265625,1105.4090133553293,1078.5920887643615,1099.936667565169,953674
2025-02-12,1086.416748046875,1096.4452103365384,1075.4968427057347,1096.4452103365384,1006516
2025-02-13,1078.3939208984375,1094.5632191537754,1075.9672082802335,1086.416665942577,1022294
2025-02-14,1087.456787109375,1101.8927721436544,1074.6797590982899,1078.3940043976506,1921722
2025-02-17,1097.683349609375,1099.4166641700035,1074.655027589598,1087.456842064239,1603030
2025-02-18,1100.6051025390625,1104.1213030665883,1089.487152621291,1097.683277975821,906118
2025-02-19,1091.96337890625,1101.397586551477,1088.298705083353,1092.4833974516898,852958
2025-02-20,1092.854736328125,1096.9156201961857,1082.9748683649673,1091.9632933067414,1316934
2025-02-21,1096.9156494140625,1098.4757049696427,1084.2129789668518,1097.906114818334,1188490
2025-02-24,1099.6146240234375,1108.2565312480936,1087.5557804834307,1089.0166927476246,968084
2025-02-25,1114.4716796875,1117.4430760473917,1096.3710202536345,1100.6299491589564,1285668
2025-02-27,1128.2391357421875,1130.0220218607592,1114.2735975014539,1119.3249469621758,1502006
2025-02-28,1084.38623046875,1124.1782261763717,1082.0834467821023,1119.7211318875668,3687132
2025-03-03,1082.3558349609375,1089.5119231842045,1065.1464989015506,1083.692939049016,1043550
2025-03-04,1063.0169677734375,1071.7331114692508,1048.9028361258518,1069.7026090801887,2085044
2025-03-05,1088.0263671875,1094.1425400993528,1044.9411173261835,1044.9411173261835,1693328
2025-03-06,1090.106201171875,1097.633714072804,1074.8035590186282,1083.0739209737233,2514922
2025-03-07,1108.5537109375,1112.2927423336657,1085.1787496164939,1090.007268867497,1051212
2025-03-10,1113.481201171875,1126.1592071879243,1067.2760850427355,1108.9250843214413,1013160
2025-03-11,1114.9669189453125,1125.3915920836164,1106.2261096313339,1109.717524555944,957110
2025-03-12,1087.283447265625,1116.304133300601,1085.3767529126317,1113.7783980416264,717178
2025-03-13,1085.525390625,1095.3310231518985,1081.6378861227452,1090.5520755278471,584340
2025-03-17,1076.809326171875,1091.1710752262911,1067.7217572869406,1077.4035812618067,820010
2025-03-18,1076.809326171875,1076.809326171875,1076.809326171875,1076.809326171875,0
2025-03-19,1081.5882568359375,1096.1480503923126,1079.681562507791,1092.7309929983955,845086
2025-03-20,1100.184326171875,1103.7499777459543,1080.1768507784652,1091.4929673368854,953748
2025-03-21,1123.6087646484375,1126.6543974041263,1105.3346053950409,1109.7669138980498,1585274
2025-03-24,1120.9840087890625,1133.3896121775324,1119.2506943289768,1125.7135052828667,861902
2025-03-25,1116.675537109375,1129.130591543879,1104.467978126241,1119.2259372320905,1484284
2025-03-26,1111.02978515625,1124.1040010803927,1109.370828142377,1116.7001754334624,1066938
2025-03-27,1110.3365478515625,1123.1878127981931,1102.0166139458463,1109.4203189538612,1731172
2025-03-28,1114.64501953125,1133.067652120625,1110.8317518540916,1110.8317518540916,1432302
2025-04-01,1106.349853515625,1133.018182814548,1098.475701935983,1120.1667975044827,2040110
2025-04-02,1094.8109130859375,1104.3689284416268,1063.7598467679886,1104.3689284416268,2601704
2025-04-03,1112.1192626953125,1113.8031264165954,1087.0357748411589,1088.546258755138,635716
2025-04-04,1120.2906494140625,1130.517277628005,1098.0547486440948,1106.3498967057878,1183470
2025-04-07,1113.7784423828125,1117.9136841619688,1069.702728122221,1069.702728122221,1474570
2025-04-08,1126.8524169921875,1130.591447991362,1104.9879420421892,1116.7497184560837,1747016
2025-04-09,1161.2464599609375,1170.0368404995097,1125.2677312972378,1130.7152910676207,3706748
2025-04-11,1169.4423828125,1174.6918974960852,1149.9550497212426,1161.6672540466122,2236634
2025-04-15,1172.661376953125,1179.347017918437,1161.6177852688877,1179.347017918437,1561748
2025-04-16,1180.2882080078125,1183.6558148056472,1162.3112354470095,1162.3112354470095,1354424
2025-04-17,1196.7794189453125,1200.0478822972814,1168.0559216789884,1174.6919916503628,1815842
2025-04-21,1188.2613525390625,1198.9584277664642,1183.853829647143,1189.0537732619912,953130
2025-04-22,1192.1737060546875,1198.4631371800922,1183.6061561406696,1191.034646660381,975908
2025-04-23,1205.0992431640625,1209.3087212515024,1188.5585188065743,1198.1165344099288,1165112
2025-04-24,1205.000244140625,1245.5103052891684,1178.1586545856587,1205.8916872282805,4674476
2025-04-25,1195.244140625,1205.9906662061196,1182.2690678581284,1201.8802105488924,2256568
2025-04-28,1191.5299072265625,1197.6707445038971,1181.6252529686526,1188.5585109491894,1961052
2025-04-29,1182.3680419921875,1191.5298467154778,1168.3529327477086,1191.5298467154778,1952120
2025-04-30,1182.7147216796875,1191.7279327277263,1170.8787083949583,1176.177674156188,2040862
2025-05-02,1154.78369140625,1181.031025810111,1152.406550146879,1176.1777209277343,1265148
2025-05-05,1153.0008544921875,1164.7874180225112,1150.772307136277,1163.252148148089,1827594
2025-05-06,1167.015869140625,1175.7814638363993,1153.8922024602828,1157.3588313947128,1742026
2025-05-07,1158.0521240234375,1166.76826810701,1152.5551134705227,1154.3874503214943,1353304
2025-05-08,1159.191162109375,1163.8464220549163,1146.5132774741614,1152.9017309713568,2693092
2025-05-09,1151.614013671875,1163.3015531602741,1134.9246967116078,1140.0256174435722,1816458
2025-05-12,1180.5357666015625,1183.1109525304319,1161.815945850311,1168.6501814777741,801500
2025-05-13,1173.800537109375,1183.5071465221918,1159.8349989632625,1178.6538418157834,2333552
2025-05-14,1173.8995361328125,1178.257608045939,1165.4311295613797,1171.225327932659,1203066
2025-05-15,1187.6175537109375,1195.9373661179718,1159.5873352959466,1173.7014668594463,1928224
2025-05-16,1192.9166259765625,1195.7889999961133,1177.019606957387,1195.7889999961133,1369102
2025-05-19,1192.42138671875,1199.5032389107862,1186.6766387110943,1190.5394781709713,845862
2025-05-20,1168.00634765625,1198.3641369896773,1165.926394453538,1198.3641369896773,1555350
2025-05-21,1184.893798828125,1187.5680070285068,1168.006315503225,1168.006315503225,1350296
2025-05-22,1169.591064453125,1181.130010752029,1158.8445388510472,1181.130010752029,2161612
2025-05-23,1195.6898193359375,1200.444101764903,1164.8369179010303,1166.7682771279337,1154460
2025-05-26,1215.3011474609375,1220.6991359799154,1191.232787865031,1195.6898825378707,1248708
2025-05-27,1218.7181396484375,1229.1675982946565,1204.5049849131,1213.3697230530363,1584098
2025-05-28,1197.9678955078125,1216.6381440262576,1196.4821974149959,1214.3601461611242,1447242
2025-05-29,1205.8917236328125,1208.2688649695144,1191.7775905225312,1199.1565099965621,1862596
2025-05-30,1186.6766357421875,1216.786809712033,1183.8538333807955,1205.8916897227514,2134920
2025-06-02,1191.678466796875,1196.383177433474,1184.1013823271737,1188.558476614478,2052718
2025-06-03,1184.299560546875,1201.6327069514207,1179.644421017942,1196.3337406604608,1468888
2025-06-04,1187.3203125,1190.440302465954,1181.080332568092,1182.8136468929097,1174082
2025-06-05,1189.202392578125,1193.0156604622434,1178.9015274928895,1191.0347295191764,1467916
2025-06-06,1197.076416015625,1199.8992181247283,1183.6061112322568,1190.4897971567732,1004606
2025-06-09,1196.1356201171875,1202.0784127935551,1189.0537679965641,1200.9393533492994,678874
2025-06-10,1204.1087646484375,1207.823009979351,1192.9660286556978,1196.1355905485977,1351562
2025-06-11,1198.06689453125,1213.3200855016978,1192.520312607383,1209.6058403419986,1751374
2025-06-12,1181.4271240234375,1202.4745128210511,1171.86910916465,1201.929708513135,2717158
2025-06-13,1177.0692138671875,1178.6539344717455,1162.2122314998967,1169.7397450513708,829756
2025-06-16,1183.5072021484375,1186.0823881627452,1171.2749779006544,1173.7511415502634,532308
2025-06-17,1169.7396240234375,1182.070869749855,1165.2825297744066,1178.7033841535006,1531068
2025-06-18,1159.2408447265625,1170.779791976332,1151.6141878370101,1170.6806487012416,1308554
2025-06-19,1148.39501953125,1159.2406878260485,1143.9874970178603,1159.2406878260485,1474774
2025-06-20,1168.9471435546875,1187.5679402718065,1148.3949877910177,1157.9035517610268,22941194
2025-06-23,1168.3035888671875,1188.013754916867,1164.2425837311512,1175.1872754938126,1297744
2025-06-24,1171.62158203125,1180.436748544824,1167.6101486747734,1176.1776988306988,1100860
2025-06-25,1190.737548828125,1202.8707509289286,1174.692056453308,1174.692056453308,2300288
2025-06-26,1204.1087646484375,1210.1507004451953,1190.1432263854883,1198.4631601080187,3115098
2025-06-27,1217.628662109375,1220.1048257045486,1201.4841480126986,1212.8249289160235,2375672
2025-06-30,1220.897216796875,1225.998137860462,1209.8535032490518,1222.2343209245437,1658010
2025-07-01,1193.5604248046875,1223.9180937639178,1191.1337119369591,1223.224816319667,1077220
2025-07-02,1182.61572265625,1195.4422016038968,1178.6538609388087,1193.7584587365538,1475052
2025-07-03,1182.8138427734375,1193.0652573458933,1181.130099798771,1188.5090193552765,1263638
2025-07-04,1189.9752197265625,1192.0639182039135,1177.1942499762101,1186.0463588285445,790114
2025-07-07,1204.5465087890625,1206.485988399062,1187.5880215568675,1193.257363043616,868414
2025-07-08,1202.457763671875,1211.3099940253194,1197.0370793069835,1204.5465835843777,711576
2025-07-09,1207.3812255859375,1211.7078412450428,1200.7669126559226,1203.5021448032028,790360
2025-07-10,1194.2520751953125,1211.9067559621665,1192.3623755126587,1205.9887566090497,569850
2025-07-11,1195.29638671875,1207.8286981733916,1192.1136198592378,1195.545044173861,741064
2025-07-14,1190.02490234375,1200.8663926009767,1182.1176431577876,1196.1916806091774,942914
2025-07-15,1201.662109375,1203.5021503632606,1183.6593328963238,1190.0248669730329,1064608
2025-07-16,1223.394775390625,1238.3142238709984,1197.2359604891237,1201.5129176194105,2810630
2025-07-17,1217.9739990234375,1228.3678321138764,1216.4820542880764,1222.4000531724323,546708
2025-07-18,1229.4619140625,1231.799269890468,1208.972563756088,1222.897381438182,899652
2025-07-21,1229.660888671875,1232.5452180031384,1215.934948660959,1229.8099860122854,957974
2025-07-22,1215.1890869140625,1232.0977953057459,1212.4538546742315,1229.7604393110287,774548
2025-07-23,1219.6649169921875,1227.8706136814315,1210.2657129867848,1223.3947791236621,720228
2025-07-24,1154.8150634765625,1230.8544687583912,1148.7975041744985,1219.814101442787,5372012
2025-07-25,1131.192626953125,1151.2343221843544,1126.9156698432353,1151.2343221843544,3178714
2025-07-28,1108.6641845703125,1143.7745453626287,1105.083541399776,1131.2422335583633,1879938
2025-07-29,1105.879150390625,1122.9868562874594,1103.9893294337664,1109.0122586329464,1801922
2025-07-30,1109.75830078125,1113.7368203448843,1104.8845900328415,1109.0123283630685,929698
2025-07-31,1117.814697265625,1126.8658043312419,1104.5364134712797,1106.5256731083284,1346218
2025-08-01,1132.137451171875,1137.7073541690092,1115.527180884661,1117.814756740116,1410024
2025-08-04,1132.5849609375,1137.1603553765274,1122.937099964302,1136.861917855799,812794
2025-08-05,1127.5621337890625,1135.0715161748567,1119.008341513333,1133.7287901840648,1135934
2025-08-06,1110.6534423828125,1130.0983830331204,1107.0727992183497,1128.904875783225,1127544
2025-08-07,1111.300048828125,1117.1682681749041,1101.5526271282547,1111.996241200351,1014230
2025-08-08,1090.6116943359375,1120.351152873928,1087.5283659034894,1115.9747569949127,1242852
2025-08-11,1099.0660400390625,1102.9451209339215,1081.1627018302813,1091.1090008351598,1038967
2025-08-12,1085.2406005859375,1103.641252735213,1083.1519021924885,1102.0498692647172,758197
2025-08-13,1091.009521484375,1094.8886022347256,1080.7647853250874,1085.240619710543,813725
2025-08-14,1083.5498046875,1097.0767466368754,1078.874971449518,1093.9934183227558,941698
2025-08-18,1137.9560546875,1163.6175549074978,1114.482813116333,1114.482813116333,3478231
2025-08-19,1155.1630859375,1161.7276184023674,1124.1305630080258,1143.4264056103345,1851158
2025-08-20,1183.907958984375,1186.3945336092982,1150.488298893585,1158.743775214241,1652532
2025-08-21,1173.0665283203125,1183.90801851306,1162.5234756634727,1183.6095809771525,991563
2025-08-22,1156.655029296875,1184.6041026499095,1151.7813189492822,1168.6900257041507,921658
2025-08-25,1146.8082275390625,1160.5341681605148,1142.6308306967653,1156.6550874270804,931358
2025-08-26,1155.958740234375,1172.6685699496952,1142.8296750400336,1142.8296750400336,3619892
2025-08-28,1156.15771484375,1161.926494889977,1148.7974299705086,1159.340481668236,1065888
2025-08-29,1149.990966796875,1178.0396009960516,1143.8243103850568,1154.0690462526763,1593255
2025-09-01,1168.0933837890625,1169.6847673528443,1149.9910466835413,1151.681990369571,643866
2025-09-02,1194.4510498046875,1196.042433333235,1166.1040981622782,1168.0933579266577,1773623
2025-09-03,1188.3837890625,1200.0209096996446,1184.9025846000477,1200.0209096996446,827824
2025-09-04,1206.088134765625,1231.5506347047078,1201.512861727433,1223.394718480747,3346196
2025-09-05,1202.0101318359375,1209.867731660062,1184.6041100675232,1205.4913361896204,1434458
2025-09-08,1181.32177734375,1204.496700493893,1178.8352028175445,1202.0101259676876,1112974
2025-09-09,1195.7440185546875,1197.5344009426078,1181.520883817611,1188.7816092468818,1295618
2025-09-10,1210.9619140625,1212.652736341684,1195.2467129362683,1201.7118073439942,1015673
2025-09-11,1214.244140625,1218.3220986302517,1205.5907882865274,1205.5907882865274,783400
2025-09-12,1211.061279296875,1216.4323047619353,1203.0048018066727,1213.6472926201184,632659
2025-09-15,1205.9886474609375,1213.4483710534794,1203.1041967222002,1205.690209951327,523120
2025-09-16,1197.7332763671875,1208.4753278472988,1194.7493866687992,1205.4914381489104,1137133
2025-09-17,1197.832763671875,1206.088118486698,1189.1794112237224,1200.518215671261,1005661
2025-09-18,1202.60693359375,1206.784451834298,1193.5558261947288,1198.628414173101,1345158
2025-09-19,1188.0853271484375,1205.4913491033121,1184.6041227574626,1205.4913491033121,2395784
2025-09-22,1181.918701171875,1194.7493291251474,1177.6417442442664,1192.4617533154308,1107323
2025-09-23,1162.1256103515625,1188.0854267022848,1158.7438443768622,1183.4107146943174,2114020
2025-09-24,1172.270751953125,1178.8352848763102,1155.1631665878808,1161.6282608060503,1395188
2025-09-25,1167.1981201171875,1185.9966484224817,1165.3082991335739,1178.1390483841574,1273981
2025-09-26,1156.356689453125,1172.6686439831756,1153.9695534266914,1163.716974945136,1011036
2025-09-29,1146.3109130859375,1155.8593354542834,1143.0285859836415,1153.7706370322667,2130382
2025-09-30,1146.708740234375,1153.3727114419714,1140.2436464242578,1149.394192174207,1409305
2025-10-01,1160.1363525390625,1162.9212434411497,1138.8512481595,1151.6819982950838,727804
2025-10-03,1163.6175537109375,1165.0100598651647,1148.2007901361587,1153.7706933382833,1159975
2025-10-06,1175.35400390625,1177.3432635363968,1157.2517898378244,1157.2517898378244,639965
2025-10-07,1170.48046875,1185.7976714744277,1168.6900864346571,1175.3540579360754,922441
2025-10-08,1174.1605224609375,1176.1497821347384,1152.3781047498635,1163.7169091734831,893579
2025-10-09,1181.42138671875,1182.7143326774262,1166.6013776416564,1168.789514750048,922191
2025-10-10,1193.0584716796875,1195.5450462350848,1178.0395856480416,1180.0288452923596,1110822
2025-10-13,1181.7197265625,1194.3515987849366,1175.5530699224173,1192.5612164495426,1062394
2025-10-14,1169.1873779296875,1187.8864675037457,1164.7115436458223,1183.708949323273,1293553
2025-10-15,1214.8409423828125,1218.4215856167714,1169.1874072591957,1169.1874072591957,2283392
2025-10-16,1269.7445068359375,1279.5913671349344,1209.9672740922251,1214.8409848881713,6927367
2025-10-17,1282.5751953125,1304.5564907785995,1254.5266820266756,1257.112695361256,3171952
2025-10-20,1278.4971923828125,1298.5886661411737,1273.9219195028143,1282.575150353794,1246633
2025-10-21,1280.3870849609375,1285.0617968013464,1270.4407862240848,1273.1262383171234,245138
2025-10-23,1265.9649658203125,1296.7984922462133,1263.9757060508996,1280.0886616172322,1751448
2025-10-24,1275.115478515625,1277.6020531617164,1252.636867997915,1267.5563158744628,1433533
2025-10-27,1276.110107421875,1285.260653546752,1268.9488210123866,1275.1154775641805,1107997
2025-10-28,1264.174560546875,1281.9784594433547,1256.913713954219,1276.9058714062562,1343829
2025-10-29,1266.163818359375,1274.1208572807222,1259.6987242357804,1268.153078089712,836932
2025-10-30,1273.0267333984375,1274.5186781313644,1260.8921767217676,1271.1369124537753,728703
2025-10-31,1264.7713623046875,1277.1047974036921,1262.7821024956475,1273.0268390781168,943037
2025-11-03,1259.8975830078125,1263.0804713781406,1248.757777248606,1262.7820338570928,847050
2025-11-04,1258.206787109375,1262.1853065943058,1243.9835313848357,1259.2014169806077,770668
2025-11-06,1259.30078125,1272.0320914151678,1253.3330023753474,1258.2067127392681,1171263
2025-11-07,1255.9190673828125,1264.0751050299518,1249.6529721549566,1257.2121347582056,596683
2025-11-10,1256.1180419921875,1266.3626564363824,1253.4324685907732,1256.3169193931333,737986
2025-11-11,1261.2901611328125,1263.3788596551337,1248.2605336304632,1261.1907224250417,729912
2025-11-12,1271.3358154296875,1279.9891679036207,1254.8249843360766,1263.1798992915108,824792
2025-11-13,1268.3519287109375,1282.3763066454585,1263.4783396063588,1273.1262005288309,691337
2025-11-14,1264.7713623046875,1272.1316478810922,1255.6208157490166,1268.3520056780028,675047
2025-11-17,1263.4783935546875,1271.1369951158424,1257.3116154086997,1265.1692157960497,774802
2025-11-18,1258.30615234375,1263.080424012819,1245.87327967927,1255.3222629042748,810387
2025-11-19,1272.131591796875,1273.1262216575449,1256.2175140261556,1261.091224626394,726287
2025-11-20,1272.3304443359375,1281.6799891264577,1268.3519249710162,1281.0832355046746,796864
2025-11-21,1273.8223876953125,1281.9784252332868,1266.163786492181,1268.1530461724517,673231
2025-11-24,1262.3841552734375,1278.8951078919692,1252.7362943079568,1278.099355447181,2636542
2025-11-25,1256.4163818359375,1264.075104553466,1244.0830687896535,1260.5939000677104,1065974
2025-11-26,1269.9434814453125,1275.8117006151708,1250.3491999281139,1250.3491999281139,810809
2025-11-27,1259.5992431640625,1272.6288696765455,1253.730902874002,1269.1476652655506,708607
2025-11-28,1254.32763671875,1262.8814288536962,1251.443185969294,1259.4997846109952,626947
2025-12-01,1253.830322265625,1257.2120879243255,1244.8786539180626,1253.830322265625,644563
2025-12-02,1252.1395263671875,1255.023977178099,1244.2819263701444,1244.2819263701444,911551
2025-12-03,1235.2308349609375,1251.2443512625023,1229.4619332651996,1250.249721412532,642993
2025-12-04,1235.7281494140625,1238.3141627400423,1226.577481948965,1235.2308344892674,664641
2025-12-05,1240.2039794921875,1242.2926778862227,1227.5721075967606,1230.8544346550846,911699
2025-12-08,1208.2763671875,1241.29802900868,1206.287107525627,1240.2039604776048,1534927
2025-12-09,1209.27099609375,1214.9403375598429,1200.816642537255,1208.375804963637,810028
2025-12-10,1202.805908203125,1215.2387811423998,1198.5289513461046,1209.271002131548,514862
2025-12-11,1208.4752197265625,1213.8462449860792,1199.3246740361055,1202.9053170708594,339626
2025-12-12,1231.650146484375,1233.340968601226,1208.8730994748335,1212.453742520076,841766
2025-12-15,1236.822265625,1241.2981001206274,1218.918927642491,1231.3518012414556,857798
2025-12-16,1233.937744140625,1257.2121064705827,1227.77108775391,1229.859786116199,1086329
2025-12-17,1227.969970703125,1234.7335021508634,1217.725356245691,1230.3571065914311,526222
2025-12-18,1226.8759765625,1237.2201517625622,1220.9081971872467,1228.0694838716379,707432
2025-12-19,1237.7174072265625,1239.5076681042303,1223.096275611005,1224.1904655757078,754446
2025-12-22,1250.4486083984375,1253.1341818628018,1233.3410234137705,1239.308802559321,880387
2025-12-23,1249.75244140625,1254.7255907950532,1244.3814157833865,1253.2336459784121,663261
2025-12-24,1252.9351806640625,1257.3115763121143,1241.198621215625,1244.381388187966,598956
2025-12-26,1265.7659912109375,1270.1423870703306,1244.6798858176567,1257.2121983217683,1433973
2025-12-29,1273.126220703125,1279.591314792633,1263.9756745577324,1268.1530714035034,888206
2025-12-30,1267.2579345703125,1282.0779444014315,1260.892278910964,1277.1047948886253,2043408
2025-12-31,1281.083251953125,1287.3494685992414,1263.577790805665,1267.357311402002,738631
