Price,Close,High,Low,Open,Volume
Ticker,NTPC.NS,NTPC.NS,NTPC.NS,NTPC.NS,NTPC.NS
Date,,,,,
2020-01-01,94.73126220703125,95.08197202049085,92.15937042150034,92.78286114103759,9953746
2020-01-02,94.61434173583984,95.19886196162216,93.9908511165865,94.69227657673471,8731299
2020-01-03,93.01666259765625,94.5753833984416,92.82182249755809,94.30260844751376,7392962
2020-01-06,92.66596984863281,92.86080998458618,90.79550335427064,92.74390471380434,6596841
2020-01-07,93.95188903808594,94.73124935877999,92.93871824276474,92.93871824276474,8959942
2020-01-08,93.48426818847656,94.10775882411534,91.61380817365503,93.28942810809538,6372683
2020-01-09,93.01666259765625,94.4584781491731,92.66595279589875,93.91292824731742,8309627
2020-01-10,93.75704193115234,94.92608232457795,92.78284160329767,93.4842610825155,5588344
2020-01-13,94.88713073730469,95.08197084148807,93.60118486048478,93.83499536392408,3534313
2020-01-14,96.25099182128906,96.6406719501202,94.57536607810582,94.8871113703801,8631692
2020-01-15,96.52377319335938,97.42003873896734,95.35473272849177,95.86131811914386,6537916
2020-01-16,94.65331268310547,96.17306894212946,94.2636325058246,96.17306894212946,8806007
2020-01-17,94.4584732055664,94.84815338536832,93.99085817901364,94.65331329546737,6811534
2020-01-20,92.15936279296875,94.88712405956824,91.80865300853931,94.30260378815406,10655638
2020-01-21,91.30206298828125,93.17252895186351,91.14618735612176,92.27626339160041,5150830
2020-01-22,87.40525817871094,90.21095404846008,86.89867279830064,89.5874634347171,19388739
2020-01-23,88.45740509033203,89.19779508932092,87.52217499202524,87.75597954357796,22793170
2020-01-24,89.43161010742188,90.63962116267346,88.496379961842,88.84708977992238,9898052
2020-01-27,88.18463897705078,89.86026518830079,87.7559883371792,89.62645466727109,5597365
2020-01-28,87.32733154296875,88.6522417890899,86.4310659312761,88.6522417890899,12128081
2020-01-29,88.22358703613281,89.5485031656406,87.09351693530179,87.36629186177333,18501507
2020-01-30,88.57431030273438,89.47057594843805,87.32733485682175,88.41843465571533,18545239
2020-01-31,87.95082092285156,89.82128709273417,86.89868556043261,88.65224647981354,64518347
2020-02-03,85.92447662353516,87.01558227780541,83.54742523194808,85.30098597936716,14889516
2020-02-04,87.28834533691406,87.52215578319945,85.92446494102478,86.00239977443769,9743806
2020-02-05,86.66487121582031,87.75597692869835,86.11932133240518,86.74281201006342,10671590
2020-02-06,87.28834533691406,87.67802545002527,86.11930499758039,86.11930499758039,11852617
2020-02-07,90.09404754638672,90.60063291966307,87.5221621795213,87.60009701862988,18446803
2020-02-10,88.45740509033203,90.32787123299357,87.32733489270733,90.24993638247601,31637511
2020-02-11,91.0682601928711,91.6138160323651,88.92501912482898,89.23676446939014,20937033
2020-02-12,91.02928924560547,92.6659447552067,90.71754392328917,91.18515893373988,13679292
2020-02-13,89.74334716796875,91.26309750043616,89.39263143628939,91.02929295869764,20903696
2020-02-14,87.83390808105469,90.01611941498857,87.21042337567894,89.47056955452886,23827224
2020-02-17,85.96344757080078,88.65223835569743,85.10614644305055,88.14565294731253,22137354
2020-02-18,85.41790771484375,86.43107872077478,80.89762048280585,85.41790771484375,34458578
2020-02-19,87.32733154296875,88.6522417890899,86.04138574758778,87.5221716348129,17935374
2020-02-20,86.78178405761719,87.60011490042059,86.4700386914993,87.05455902320222,19663654
2020-02-24,85.49581909179688,86.31414975229157,84.83336405265912,86.31414975229157,11370193
2020-02-25,85.80757141113281,87.63906700312954,85.45686163995911,86.43106205549434,10775289
2020-02-26,85.02821350097656,86.93764993744983,84.36575838875017,85.72963900935352,14998071
2020-02-27,84.98924255371094,85.96344292252446,83.11877665637954,85.10614184113082,22610691
2020-02-28,83.04082489013672,85.88548463041654,82.10558915907356,83.11875971454717,25696761
2020-03-02,80.97554779052734,85.72964510245382,80.04031173087175,85.22305964672971,15614944
2020-03-03,84.87235260009766,85.69067748959849,81.28729578664353,81.56007074981046,17194661
2020-03-04,84.13194274902344,86.50899406341918,83.7812329893474,84.67749853146616,17095867
2020-03-05,84.05400848388672,85.45685942430447,83.43052380173785,84.24884856194211,11579256
2020-03-06,81.94974517822266,83.54743039021808,80.19618432253763,81.63799983689131,13533444
2020-03-09,80.19620513916016,81.36524601306614,77.58534837664668,81.05350059081466,47383195
2020-03-11,80.31309509277344,81.67697585211472,79.10508404179471,80.27412469265867,28434577
2020-03-12,73.53265380859375,77.93604133312493,72.675358543139,77.15668091979367,47225243
2020-03-13,76.41629028320312,78.52056100364078,63.32303306745224,70.14243662856249,49533058
2020-03-16,70.76591491699219,74.81858594386614,68.77854384943944,74.81858594386614,34649740
2020-03-17,68.6616439819336,74.74065694304174,67.2977634024841,70.92179013137367,21241388
2020-03-18,62.77749252319336,70.41522208304735,58.37410437783247,69.36308656592014,88654467
2020-03-19,61.06289291381836,66.20667093430852,58.4910068765976,61.21876857871118,33846928
2020-03-20,63.32303237915039,64.18032762830468,59.50416523722896,61.17979128324068,58499591
2020-03-23,59.54313278198242,62.3488288929559,57.049176058635574,58.3740922402395,37653540
2020-03-24,60.43939971923828,62.037084927221194,58.49099877337048,60.86804435970051,13742927
2020-03-25,62.115013122558594,62.73850373687184,58.68583258197725,60.79010299970191,16472741
2020-03-26,62.46795654296875,64.46786866070052,59.919044366254155,64.31101492018351,39959613
2020-03-27,65.09528350830078,66.19327743889284,62.938512066760694,64.70314324620259,39345541
2020-03-30,64.11492919921875,65.48742003834576,62.11501158305674,62.664011508858664,17043895
2020-03-31,66.03643035888672,66.5070035501669,63.64437789328362,64.89922577499519,28293281
2020-04-01,63.52672576904297,66.15406446524301,63.21301234630583,66.11485402714202,14355207
2020-04-03,62.3895149230957,64.38942656802485,61.840514993902914,64.35021613395874,18310156
2020-04-07,63.95808792114258,64.35022823706966,62.820877414802204,63.997298362583464,47686619
2020-04-08,66.8207015991211,68.07555528725841,62.97773162585453,63.958082329970665,38072700
2020-04-09,68.31085205078125,69.291202987169,66.89915029253524,69.291202987169,9322342
2020-04-13,69.5264663696289,69.91860661313095,66.46777127359593,68.31082922133848,33266662
2020-04-15,70.50682830810547,73.87923135398232,69.56568798231785,69.76175813557533,24127975
2020-04-16,74.5850830078125,75.52622330716956,68.23241141739311,68.42848156514424,20876392
2020-04-17,74.89879608154297,79.21233931137006,74.50665578792233,79.21233931137006,16969641
2020-04-20,77.56534576416016,77.87905917348574,73.25180284079376,76.07521155755283,17639066
2020-04-21,76.31050872802734,77.17321623601768,74.93801760690157,75.68308182207814,15085097
2020-04-22,76.5457763671875,77.3692732938399,74.42822138948905,76.31049580499068,10342633
2020-04-23,74.66349792480469,76.62419908862398,74.15372040907974,76.42812897224205,14078729
2020-04-24,73.2518081665039,75.56543350926725,72.11459772296695,74.31058576431788,10148964
2020-04-27,72.4283218383789,74.0360996754731,72.07539791491283,74.0360996754731,22675928
2020-04-28,70.8597412109375,72.85965885771438,69.52646676880977,72.27144848908416,19815445
2020-04-29,70.7420883178711,72.42829234196388,70.38916453813319,71.72243879890358,21550996
2020-04-30,74.54586791992188,76.0752125835802,70.89896220244547,71.64402632400504,15151435
2020-05-04,71.72245025634766,73.44787096874626,70.97738616517502,71.40874283917103,10305663
2020-05-05,72.62437438964844,74.4674324005767,71.6440237472839,72.31066098737469,10628539
2020-05-06,74.27136993408203,74.85958038018168,72.31066844708317,72.89887889318284,10232281
2020-05-07,70.93817138671875,74.036083063455,70.70289081839529,73.80079651154595,8449705
2020-05-08,68.23239135742188,72.5067169283324,67.2520409068842,71.36951279914243,28174665
2020-05-11,67.95790100097656,70.15388263242895,67.33047425851309,69.17353208707033,12243824
2020-05-12,71.87932586669922,73.13417376405684,67.17364176391808,67.84027914842805,18124894
2020-05-13,72.97731018066406,77.25163693758327,72.66359675272827,74.46743849208372,19037031
2020-05-14,70.0754623413086,73.33022765311024,68.62454459515665,73.17337394461264,39115884
2020-05-15,71.25188446044922,71.99695454894186,69.95782039819194,70.585247211282,16925981
2020-05-18,69.72254180908203,70.97738948727809,68.89904484148596,70.97738948727809,11368562
2020-05-19,71.40873718261719,72.07537436668883,69.17353311898731,70.27152694288559,12262118
2020-05-20,72.85965728759766,73.25179752490057,70.03624877573374,70.50681586378019,10126022
2020-05-21,70.78132629394531,72.66360098767608,70.4284024066898,72.27146067579825,20143324
2020-05-22,71.330322265625,71.52639242686486,69.29119378544779,70.50683117856948,9392095
2020-05-26,72.9380874633789,73.25180086423956,70.7028892055731,70.7028892055731,12350762
2020-05-27,74.27136993408203,74.6635102314818,71.48717741269532,72.93809531635725,11684730
2020-05-28,75.0556411743164,75.68306796539109,74.11450697128971,74.70271734407773,12156645
2020-05-29,76.7418441772461,77.52612466139493,73.95765204866889,74.27135945546023,19891080
2020-06-01,76.78107452392578,78.15356562017313,76.1928640541055,77.17321483713931,10106253
2020-06-02,75.87913513183594,77.60454976465553,75.33014119873474,77.44769606479379,18170659
2020-06-03,74.27136993408203,76.70264456482947,74.03608934579381,76.66342814165506,23102350
2020-06-04,74.6242904663086,74.89878744346811,72.74201607729495,73.84000996951835,12827335
2020-06-05,76.82028198242188,77.01635213141589,73.84001930786445,74.50665661772689,11744302
2020-06-08,77.29084014892578,78.58489809464598,76.66341340029756,77.60454753965497,14168383
2020-06-09,76.8594741821289,78.19274838165052,76.23204750965743,77.64375453092615,14232434
2020-06-10,76.97713470458984,78.54569575416443,76.27128103556417,76.97713470458984,12104423
2020-06-11,76.89871978759766,78.19277806753489,75.91836897941097,76.9771466555353,10258905
2020-06-12,75.99678039550781,76.82027131679867,73.95765232579704,74.11450602978047,10925477
2020-06-15,73.09494018554688,76.03599205970116,72.62437308239926,75.83992193475754,10980359
2020-06-16,72.78124237060547,74.585084167819,72.34988564540976,74.46744088062144,8757035
2020-06-17,71.76167297363281,73.01652070323051,71.25188940060019,72.8988774196713,17081311
2020-06-18,72.70281219482422,73.95766599292539,70.50683001531989,71.99696441287526,16520026
2020-06-19,72.9380874633789,73.76158439268994,72.46752035388064,72.97730388233103,13836691
2020-06-22,74.74193572998047,75.17328642456265,73.21258513031957,73.8007955185925,18868376
2020-06-23,79.0162582397461,79.3299716279857,74.50664548660922,74.58507233777281,20331626
2020-06-24,76.11442565917969,81.40831908569986,75.87913911345574,79.99661177852698,24055051
2020-06-25,75.36935424804688,77.290845047768,73.99686338406833,76.11442430721497,69278017
2020-06-26,76.07521057128906,76.38892397654756,74.9380062087607,75.60464345519406,15572219
2020-06-29,74.42822265625,76.8987074946692,74.07529283156981,76.58499408948198,18130595
2020-06-30,75.13409423828125,76.66343922582195,74.66352102649617,76.07522869467753,18496305
2020-07-01,73.40865325927734,74.27136060851748,72.3890922042064,74.27136060851748,21639137
2020-07-02,73.2518081665039,74.11451561718248,73.0557380193685,74.11451561718248,14333457
2020-07-03,74.1145248413086,74.78116222781993,72.74203364054361,73.40867102705496,15274841
2020-07-06,74.66349792480469,75.604638073589,74.389000958587,75.21249784082515,11830916
2020-07-07,72.58517456054688,74.85958359631017,72.34988797856415,74.82037315503727,18786009
2020-07-08,71.3695297241211,72.82044753827894,71.25188644544112,72.82044753827894,26256635
2020-07-09,71.52637481689453,72.15380157182264,71.21266742301547,71.60480764894929,11910945
2020-07-10,70.89897918701172,71.60483304071217,70.38919551580656,71.52640018084436,12213053
2020-07-13,70.50682830810547,72.8204537231092,70.19311486617626,71.4087522098071,17508551
2020-07-14,68.74219512939453,70.50682646252088,68.54612498126939,70.42839959998803,14240946
2020-07-15,69.05590057373047,70.38917503329466,68.8206140297672,69.2519706991714,11582839
2020-07-16,68.03633880615234,69.33040293117097,67.33048510308893,69.17354322849808,10152592
2020-07-17,69.25196838378906,69.52646535351171,68.23240137215045,68.38925507382477,12238969
2020-07-20,68.35004425048828,69.7225350748612,68.23240098311072,69.7225350748612,12349129
2020-07-21,69.29118347167969,69.52647002358046,68.07555224308723,69.01668648351917,20118152
2020-07-22,70.8597412109375,72.62437231682817,69.56567720323395,69.6048936212434,31321718
2020-07-23,71.0166015625,71.8400924961204,70.78131501941684,71.29109854037347,11161294
2020-07-24,70.11468505859375,70.97739249999807,69.44804776221703,70.82053877741036,11352904
2020-07-27,68.74219512939453,70.27153989133627,68.42848169567708,70.23232945186288,10071266
2020-07-28,69.44805908203125,69.64412925901769,68.15399471720337,68.93827542514913,13888285
2020-07-29,69.13433074951172,70.31075155869144,68.93826061464843,69.40882774160319,10732504
2020-07-30,67.91869354248047,69.80096803451023,67.52655327262367,69.44804418507337,10668042
2020-07-31,68.23239135742188,68.7029583769631,67.6833974985545,68.15396451809572,7906179
2020-08-03,67.13441467285156,68.3892623708927,66.66384753403436,68.3892623708927,14158505
2020-08-04,67.13441467285156,68.23240865248223,66.93834453304558,67.84026837287027,19621505
2020-08-05,67.36969757080078,67.91869153897146,66.97755731251159,67.36969757080078,9478990
2020-08-06,67.56578063964844,68.58534191630795,67.13442387948584,67.84027767630343,12208873
2020-08-07,67.2912826538086,67.99713045708313,66.93835276858478,67.60499012922548,10339288
2020-08-10,69.17353820800781,69.56567846085046,67.56576676150422,68.07555028691674,12215464
2020-08-11,69.21275329589844,70.27153076149824,68.85982946856026,69.80096366385224,11180265
2020-08-12,69.56568145751953,69.91861129043225,68.27162335426321,69.01668747332508,14803880
2020-08-13,70.53580474853516,70.73791307159686,69.92947977935003,70.65707097594348,13723113
2020-08-14,71.46549987792969,72.63772561253292,70.09115966482449,70.61664250607483,25402282
2020-08-17,77.04369354248047,78.01381100493292,72.27393598840034,72.27393598840034,115111358
2020-08-18,76.84159088134766,79.06478255035411,76.03315754716348,77.77128428137395,52023697
2020-08-19,76.51821899414062,78.01381948119312,76.19484441556945,77.60960279994342,21840924
2020-08-20,81.73262023925781,82.37936946385157,76.19485236215793,76.47780283497106,112338263
2020-08-21,85.65350341796875,87.18952788119282,82.13681988891395,83.02609526198374,107862545
2020-08-24,85.20887756347656,87.31080307049105,83.87496128299487,86.5832118113322,49154455
2020-08-25,83.91536712646484,86.82572536084707,83.43030228085469,85.69391766751629,50940674
2020-08-26,83.10694885253906,84.56212514689999,82.13682515510827,84.56212514689999,30828711
2020-08-27,82.94525909423828,83.99622489886791,82.46020032589264,83.43031786258392,19363725
2020-08-28,82.09640502929688,84.27917249733704,81.85387256935611,83.3898970906487,21358972
2020-08-31,77.93297576904297,83.02610214689177,77.2053845242483,82.9452600458828,40298594
2020-09-01,80.68164825439453,81.77303200892727,78.01381581633066,78.82224914085222,44304572
2020-09-02,79.9944839477539,81.24755820815703,79.46900716228564,80.68165728479545,20904846
2020-09-03,78.98392486572266,80.60079134131867,78.33718197619793,80.03489054200251,19004282
2020-09-04,76.55863952636719,78.78183134772044,75.992738620802,77.65002953659007,27339411
2020-09-07,74.69924926757812,77.60960834701987,74.41629880405111,76.63949070982513,28474893
2020-09-08,73.28446960449219,75.38639465624254,73.00151922273159,75.38639465624254,31186005
2020-09-09,73.08238220214844,73.76954937370184,71.54635747476836,72.83984970966725,28307198
2020-09-10,73.20362854003906,73.97163761093375,72.15266291558292,73.5674210119669,27263673
2020-09-11,72.83982849121094,73.48657750418924,72.31434568914803,72.9206705758693,18190992
2020-09-14,73.44615936279297,74.33543470221018,72.55688402337576,73.08236686825836,22533738
2020-09-15,73.64826965332031,74.9821857822085,73.20363505559517,73.48658546648505,26866105
2020-09-16,72.4760513305664,74.05249390178545,72.19310089058567,74.05249390178545,20778500
2020-09-17,71.66761016845703,72.31435307967678,71.38465975930737,71.99098470799507,21804215
2020-09-18,73.20362854003906,73.6482630981891,71.70802218957705,71.9909787431385,44757908
2020-09-21,71.38465118408203,73.85036864516557,70.61663597395653,73.68868447874736,17714694
2020-09-22,70.89958953857422,72.39519590057357,68.95935478285071,71.38465439536097,25113194
2020-09-23,68.79768371582031,71.26340814648444,68.0700923946524,70.85919143115312,24107408
2020-09-24,66.8170166015625,69.24231661491972,66.41279993266964,67.98924247420906,17724521
2020-09-25,68.55514526367188,68.83809568079378,66.57448000810541,67.38291329580034,15999517
2020-09-28,70.7379150390625,71.3442400251116,68.79767385013402,69.20189050750008,22735756
2020-09-29,68.83810424804688,71.86972945420403,68.43388755389259,71.54635486530916,21328822
2020-09-30,68.79768371582031,69.40400878881731,67.42334935083684,69.20190043115164,18475452
2020-10-01,68.63597869873047,69.36356979942344,68.31260419088295,69.36356979942344,18244405
2020-10-05,68.27220153808594,69.08063497805313,67.7467247363934,68.71684239721095,15677842
2020-10-06,68.0296630859375,68.43387973390165,67.62544643797335,68.27218937400205,13094249
2020-10-07,66.93827056884766,68.11049622667483,66.49362984740658,68.07007210005082,19056844
2020-10-08,66.7765884399414,67.38291340671059,66.57448011768501,67.18080508445419,11961568
2020-10-09,67.01912689208984,67.22123523243519,66.00858519036308,66.97870275687794,18016087
2020-10-12,66.89785766601562,68.35304011864267,66.6149072357428,67.62544889232915,11714109
2020-10-13,66.8170166015625,67.42334160490181,66.61490826711606,66.93828283580174,11503196
2020-10-14,63.947078704833984,67.14039423559508,63.138645330138594,66.93828589192124,47114322
2020-10-15,63.866241455078125,65.07889160928848,63.46202473700801,63.94708356512062,20107413
2020-10-16,64.91720581054688,65.07889002670004,63.42159905577151,63.866239901978915,16578267
2020-10-19,66.00859069824219,67.22124084150006,65.0788910215063,65.44268359734062,21839955
2020-10-20,65.20014953613281,66.25110916825602,64.91719910317106,66.00858286908459,14238188
2020-10-21,66.53406524658203,67.74671523648676,65.20014902411548,65.84689198468391,38563701
2020-10-22,68.43386840820312,69.44440986087046,65.80646063126805,66.53405171075964,34256481
2020-10-23,69.72737121582031,70.01032163355958,68.31261295926744,69.52526289345562,46258872
2020-10-26,69.48483276367188,71.142123331142,68.15092288549775,70.41453219986595,34724632
2020-10-27,72.31436157226562,72.7994265224668,70.37412644288911,71.78888482264277,95412168
2020-10-28,71.22297668457031,73.28448418793627,70.7379179096186,72.3143604701759,44763206
2020-10-29,69.92947387695312,71.54634032497516,69.52525726494761,70.33369048895864,41912944
2020-10-30,70.81875610351562,71.74845563546195,69.76779651041439,70.25285525860393,40735912
2020-11-02,72.11225128173828,72.43562585050643,71.10170960924836,71.38466621183105,31922062
2020-11-03,69.48483276367188,74.37585620983027,67.14038136090767,73.93121547186826,118128168
2020-11-04,68.79768371582031,70.41455057714562,68.31262489099424,69.64654128515913,47519427
2020-11-05,70.1720199584961,70.33370416760056,69.20189620029761,69.40400454560681,41267817
2020-11-06,70.57623291015625,71.74845878370502,70.2528583412217,70.49538464202995,46143960
2020-11-09,72.31436157226562,72.63773614978072,70.89960319251196,71.66761858509247,42703600
2020-11-10,73.97164154052734,74.17374985074737,72.39519918795365,72.59730749817366,43483223
2020-11-11,75.10345458984375,75.58851333489206,74.13333093189054,74.37586338834299,51801855
2020-11-12,73.40575408935547,74.8609304868788,73.08237950062008,74.69924627643975,33374610
2020-11-13,73.93122863769531,74.65881989854233,72.1122535695063,72.75900272756078,24025139
2020-11-14,73.48658752441406,74.69923746320684,73.00152878246826,73.2036371056004,12521960
2020-11-17,71.70803833007812,74.69924553642625,71.34424577626555,74.17376260591914,55324429
2020-11-18,71.38465118408203,72.39519264383486,71.22296084980823,71.70801951691847,37574681
2020-11-19,72.59730529785156,74.29501381867335,71.14212304122948,71.46549756135173,55196018
2020-11-20,74.21417999267578,74.45670628387529,72.67815547698557,72.96110590064667,47670803
2020-11-23,75.70979309082031,76.31611817243203,74.37587667770302,75.10346800920861,54262598
2020-11-24,76.11399841308594,76.63948130535813,75.7906238510833,76.19484051162242,35713773
2020-11-25,75.95230865478516,76.72032401665764,75.06303322806785,76.35652531855274,32464332
2020-11-26,76.07357025146484,76.63947724696642,75.50766942381968,75.95230402615333,30825401
2020-11-27,76.55863952636719,78.45846292617307,74.21418763086231,77.40749705257225,216981706
2020-12-01,75.79061889648438,77.77127793650328,75.54808644887308,76.55862803415954,35330973
2020-12-02,76.63947296142578,76.96284132036574,75.83103972836372,76.51820674289526,27650080
2020-12-03,79.67109680175781,80.15615550325276,77.0436888201495,77.48832339324652,43841111
2020-12-04,79.67109680175781,80.68163833314563,78.82223944824965,80.19657346379466,34813873
2020-12-07,80.64122772216797,81.77303566061191,79.79237022637075,80.03490270170055,27049393
2020-12-08,79.38814544677734,81.53049486743507,79.06477706980417,81.28796858470517,30386160
2020-12-09,79.46900177001953,80.76249391269026,79.14562719238758,80.23701099502048,24061383
2020-12-10,78.53929138183594,80.31784206267268,78.01380853636175,79.54983294318778,25985382
2020-12-11,82.78358459472656,83.1878013103572,78.94352579623549,79.14563415405081,63463638
2020-12-14,84.56210327148438,85.16842811258181,83.26861151071424,83.6324039482306,45802433
2020-12-15,85.57266998291016,86.01731079836725,83.14736990119599,84.96634496248161,52215593
2020-12-16,84.80465698242188,86.70447406162268,84.52170655238888,86.4619415971048,25184934
2020-12-17,84.44084930419922,85.41097289122798,84.07705681397351,85.41097289122798,16840984
2020-12-18,83.87495422363281,84.72381164918329,83.14736302571193,84.52170332575285,33596568
2020-12-21,78.82225036621094,84.03664292329445,76.59905868921524,83.83453458902211,34210970
2020-12-22,79.95405578613281,80.68164700046557,78.01381460386433,78.70098168545657,29181188
2020-12-23,79.67109680175781,80.35826380953033,79.06477188292513,80.07531341431294,17602151
2020-12-24,80.80290222167969,82.05597624727818,80.03489308847823,80.27742553467675,23052394
2020-12-28,81.20711517333984,82.0963966571969,80.84332268838453,81.53048969766459,15454893
2020-12-29,79.7115249633789,81.69219031908821,79.18604206623739,81.24754952123227,23647197
2020-12-30,80.1157455444336,80.56038636402752,79.38815427957857,80.03490344119572,30281285
2020-12-31,80.31784057617188,81.04543172045038,79.22645694368217,79.30729903352287,50363279
2021-01-01,80.07533264160156,81.00502613942689,79.87322428679475,80.80291778462008,13493039
2021-01-04,80.07533264160156,80.84334192272445,79.63069179388357,80.64123356791764,22325584
2021-01-05,78.90309143066406,79.54984055898905,78.41803266834873,79.54984055898905,23510160
2021-01-06,79.1052017211914,80.03490130323472,78.6201429468644,79.2264679567374,21952878
2021-01-07,78.41801452636719,79.63066423553781,78.29674832187905,79.3072897461879,24999580
2021-01-08,80.96460723876953,81.24755769867602,78.70099122380275,78.90309957628702,43240591
2021-01-11,80.03489685058594,81.85387177900834,79.79236439298697,81.44965512824781,22036573
2021-01-12,80.96460723876953,81.65177440364455,79.46900666395743,80.0349075837704,24262426
2021-01-13,82.90483093261719,84.36000705869878,80.9645899299856,81.04543202012523,49236964
2021-01-14,82.62187957763672,83.95579573658851,82.21766293358203,83.8345295098008,29301114
2021-01-15,81.20711517333984,83.75368107159517,80.76248059926736,82.86440575559415,24067229
2021-01-18,78.86265563964844,81.57090543762934,78.25633078183829,81.20710682223,23613664
2021-01-19,80.56039428710938,81.53051195708866,78.86268528071675,79.22647786499455,22934496
2021-01-20,79.46900177001953,80.60080353994576,79.2264692948313,80.51996143750203,25599184
2021-01-21,77.69041442871094,80.15613768430191,77.28619790601437,79.7923391131622,22667011
2021-01-22,76.03313446044922,78.01379306065016,75.10343517486011,77.85210891004988,26029669
2021-01-25,75.34597778320312,77.04369257291442,74.94176115095878,76.84158425679226,18599824
2021-01-27,73.80997467041016,75.26515114456834,73.40575795516773,75.18430903509136,22812859
2021-01-28,74.05250549316406,74.90136311383425,73.04196364372717,73.40576241023923,32227832
2021-01-29,71.91014862060547,74.86093177065004,71.26340559990113,74.37587296315745,36962884
2021-02-01,74.3758544921875,74.69922900615948,71.46549620215133,72.23350527596094,29033297
2021-02-02,76.11399841308594,77.08411593123711,75.10345676173816,75.10345676173816,29279584
2021-02-03,78.37760162353516,79.30730110057499,76.23525843156646,76.88200133500477,31420256
2021-02-04,80.07533264160156,81.00502613942689,78.41804166504271,78.66057415795389,39264443
2021-02-05,80.43911743164062,82.46020078419441,79.34773365483296,81.16670867213138,54911202
2021-02-08,81.08586120605469,81.61133790866174,77.69043769772931,77.77127979291066,53737961
2021-02-09,80.80290222167969,81.81344380107966,80.43910972023822,81.16670089097747,28074809
2021-02-10,80.72207641601562,81.24755937690043,79.75195877119566,80.8433426635825,19070866
2021-02-11,81.0971450805664,81.59722896317464,80.2219935168183,81.59722896317464,18452535
2021-02-12,79.97193908691406,81.59721946483933,79.0134477397014,81.51387322059182,21660998
2021-02-15,79.34683227539062,80.59704500888256,79.18013978782268,80.38867621996724,12574055
2021-02-16,81.6805648803711,82.63906257676985,79.5968770007698,79.88859203213181,32865663
2021-02-17,82.80574798583984,83.47253059388403,80.8470828182116,81.55553536493966,28774857
2021-02-18,86.18132781982422,86.88978039297285,82.97244991162603,83.09746609125014,50705280
2021-02-19,86.84810638427734,88.97347051868609,84.5143798253631,86.38969887610824,61069583
2021-02-22,85.05614471435547,88.59841423151238,84.5143845752434,86.93146387049737,30636415
2021-02-23,86.18132781982422,86.80643415358662,83.80592502330921,85.13948393022024,31233104
2021-02-24,86.01461791992188,87.26483042665858,85.09779668676354,87.09813796932421,16153025
2021-02-25,90.01530456542969,91.84894711486521,85.8479293540672,86.34801310764871,68361756
2021-02-26,89.431884765625,92.47406392929351,87.34819692261333,89.26518592283767,67331805
2021-03-01,90.39036560058594,91.51556199241283,89.30685186325881,91.26551693669354,27205189
2021-03-02,93.80763244628906,94.76612379974796,89.93197165387011,90.39037917967417,53649872
2021-03-03,93.9326400756836,95.59959025526209,93.34921005639524,95.39122148281477,31702057
2021-03-04,92.34902954101562,94.18267193783448,92.09898450558151,92.9324594784827,28057179
2021-03-05,90.59874725341797,93.64093285600957,90.3487085210267,92.5157426629718,24778407
2021-03-08,92.14067077636719,94.43272720006875,91.26551941648073,92.22401701090159,28163362
2021-03-09,91.2655258178711,93.22419108190631,89.55689927497687,92.84912982073955,20611697
2021-03-10,91.39054107666016,92.18233983555518,90.8071047226601,91.97397107175017,13207045
2021-03-12,90.93213653564453,93.43256195656369,90.51539896549134,92.5157405740088,21763020
2021-03-15,92.09900665283203,92.51574423949643,89.76527362394702,91.64059276393682,20350674
2021-03-16,91.30719757080078,92.89079513590218,91.09882880077056,92.1406726509216,15360040
2021-03-17,88.8067855834961,91.59892624680322,88.47339422991215,91.43222739055567,18850429
2021-03-18,86.51470947265625,90.22367076179428,86.01461937437763,89.51521826777923,20023557
2021-03-19,90.43205261230469,91.30720405211706,85.01446420695925,85.30617923392649,72249183
2021-03-22,91.55725860595703,92.1406951196602,89.05683275585946,90.68211337376995,31980425
2021-03-23,90.55707550048828,91.84895815596096,90.09866162856885,91.68226567103245,14060206
2021-03-24,88.34837341308594,91.18219043585398,88.01498205295242,90.01532385484228,15196366
2021-03-25,85.84793853759766,88.7651014976131,85.55622351337823,88.34836393189661,22543755
2021-03-26,86.84810638427734,88.13999538502158,86.43136881744509,88.13999538502158,17402475
2021-03-30,89.76526641845703,90.59874152488248,87.18149486032021,88.22333874335203,36129962
2021-03-31,88.8067855834961,90.84879729096713,88.43171792612247,89.76527698154709,23063667
2021-04-01,89.93196105957031,90.64041359519904,89.14015593005928,89.59856976077147,13753303
2021-04-05,88.59839630126953,89.84860881901703,86.47303247753491,89.51521754250243,15666099
2021-04-06,88.3900375366211,90.0986576886088,88.18166876011695,89.80694267328509,17393454
2021-04-07,87.88994598388672,89.47354993183907,87.72325350890661,89.09848868367865,15692013
2021-04-08,87.51488494873047,88.72342129255357,87.26483987674139,88.34836004348028,11394998
2021-04-09,85.68124389648438,88.30668540723246,85.3478525805275,88.30668540723246,19751417
2021-04-12,82.55572509765625,84.59773689288546,81.72224985733226,84.59773689288546,20221362
2021-04-13,83.84760284423828,84.30601674231374,82.72241260949338,83.0141276542182,19192856
2021-04-15,84.47270965576172,85.84794499789862,82.76408932309194,84.34768710485635,13865351
2021-04-16,85.3895263671875,85.76459399912582,83.76425237218697,84.93111885114386,14654851
2021-04-19,82.55572509765625,83.68091540031135,82.22233372974436,83.34752403239946,11652043
2021-04-20,82.55572509765625,84.09765302047335,81.80559610958237,82.68074129657569,16528675
2021-04-22,82.47236633300781,83.13914901908112,80.8887685816779,81.72224375981405,18614270
2021-04-23,85.47286987304688,85.84793110616026,81.6805558097447,81.6805558097447,29484794
2021-04-26,85.34786224365234,86.63974499575095,84.05597313264258,86.63974499575095,24369413
2021-04-27,85.05614471435547,86.30635748511673,84.76442331404905,85.05614471435547,17763436
2021-04-28,86.3480224609375,86.6397374855497,85.1394860622967,85.7229161115211,15160578
2021-04-29,85.88961029052734,87.51488416721145,85.55621898382257,87.18149286050668,11588556
2021-04-30,85.3895263671875,88.0566506560762,85.0561413951233,85.2228338811554,15321193
2021-05-03,86.88978576660156,87.18150080194947,84.22266778783377,84.51438282318168,12186212
2021-05-04,86.4730453491211,88.39004070524419,86.26467656514731,86.93145921742769,12992684
2021-05-05,86.59806823730469,88.05664973094919,85.68124685593884,87.30652083386417,14956169
2021-05-06,85.88961029052734,87.59823040416006,85.55621898382257,87.51488416721145,13547274
2021-05-07,87.55657196044922,87.93163325541498,86.13966031065512,86.6814204603143,13229291
2021-05-10,89.76526641845703,90.01531149394884,88.01496996674567,88.34836128109794,23980945
2021-05-11,93.9326400756836,94.51607645388223,88.93178953694813,90.01530969723827,45613487
2021-05-12,94.4327163696289,97.30820246419336,93.14082762632641,95.18283875331747,62158914
2021-05-14,92.8491439819336,94.97450205088549,91.80729992100281,94.97450205088549,16227312
2021-05-17,92.97415924072266,93.55758932546853,91.64059386031323,92.68243783943872,12832920
2021-05-18,93.43256378173828,95.18286033879103,93.14084874871463,93.84930136003231,14892142
2021-05-19,93.30754089355469,94.3077148931311,92.47406574002973,94.3077148931311,12610425
2021-05-20,93.14085388183594,93.97432908435796,92.43240123147444,93.34922268246643,10303689
2021-05-21,94.05766296386719,94.30770803530632,92.72410408698254,93.5992554781092,12171685
2021-05-24,94.0993423461914,94.9744874070907,93.39088976577469,93.64092848649855,11341268
2021-05-25,94.4327163696289,95.72459875402205,94.22434762773555,94.93280007839107,15289982
2021-05-26,92.59909057617188,95.01616985298617,92.43239808490644,95.01616985298617,17466748
2021-05-27,91.93230438232422,93.05749447484249,91.0988292976573,93.01581817704505,34169451
2021-05-28,90.80711364746094,92.51574022215509,90.30702983696115,91.93231016972378,13383166
2021-05-31,92.09900665283203,92.80745927837931,89.84862622840865,90.80711759060802,14754293
2021-06-01,91.84895324707031,92.89079711946862,91.2655232220914,92.4740595705093,10271211
2021-06-02,92.64076232910156,92.80745481218116,91.72394095434251,91.76561089565709,6492771
2021-06-03,93.18252563476562,93.51591061236397,92.05732907918326,93.0158267870556,12140851
2021-06-04,93.14085388183594,94.18269788498846,92.55742378363497,92.93248508120543,8930671
2021-06-07,97.0165023803711,97.30821739199114,93.34921068867672,93.47423322477398,28407410
2021-06-08,96.84980773925781,98.76680308532198,96.68311525651772,97.93332795380027,43191813
2021-06-09,98.43341064453125,100.85048977031258,96.51642167911956,97.09985172100343,49807823
2021-06-10,98.76679992675781,99.9336663453539,97.76663234448138,99.47525249411281,22144392
2021-06-11,99.016845703125,99.64195203620304,97.97500181466161,99.10019194241998,13871562
2021-06-14,98.51676177978516,99.10019820956775,96.89148775456327,99.0168519650019,14179055
2021-06-15,98.1833724975586,99.14186380641564,98.01667365682347,98.5167574612077,8148417
2021-06-16,99.85032653808594,100.517102849581,97.39157100501124,98.18337622098207,21585917
2021-06-17,97.84998321533203,100.51710113360215,97.47491558504014,98.5167595154442,14466025
2021-06-18,94.64109802246094,98.47508212454878,94.09933794784945,97.84997581359173,43927941
2021-06-21,98.35006713867188,98.72512841046692,94.2243677132834,94.3910601987677,34597018
2021-06-22,98.6001205444336,99.10020440198797,97.47492391629721,98.7668130439813,16712010
2021-06-23,97.72496795654297,99.05852701508455,97.47492285104278,99.05852701508455,12590251
2021-06-24,98.35006713867188,98.76680471129336,96.43307176104872,97.6832844789132,14046692
2021-06-25,96.72480773925781,99.26690350035945,96.43308630729011,99.26690350035945,12768348
2021-06-28,96.80815124511719,98.2250566219544,96.68312868624062,97.43325768058858,10709748
2021-06-29,98.01667785644531,98.80848307631406,96.18303504216865,96.89148765864323,33488455
2021-06-30,97.0165023803711,98.72512251066586,96.80813360651244,98.22503872518715,16739618
2021-07-01,97.80831146240234,98.18337911013397,96.43307613854171,97.34990392705613,12479506
2021-07-02,97.93331146240234,99.2252002422787,97.51657396681765,97.97498775552462,17215972
2021-07-05,98.85014343261719,99.2668809735295,97.72495334393601,98.26671341890406,16409169
2021-07-06,98.058349609375,99.14186345521753,97.55826580676225,98.43341087160692,14979094
2021-07-07,97.89166259765625,98.51676901618256,97.39157873461747,97.55827759490461,14545289
2021-07-08,97.89166259765625,98.93350662853344,97.6832937914808,97.80831634696834,12037089
2021-07-09,98.1833724975586,98.68345630194284,96.89148350723129,97.51658985243922,9585144
2021-07-12,98.22503662109375,98.97516546269834,97.6416066103514,98.35005915451289,7651672
2021-07-13,99.93367004394531,101.68396655716353,98.43341225609502,98.47508855644502,30663035
2021-07-14,100.64212036132812,100.80881284113673,99.85032154387152,99.97533772427272,9539611
2021-07-15,100.26705932617188,101.01718184589589,99.35023160844605,100.64212058603388,11278872
2021-07-16,99.26688385009766,100.68379534560508,98.60010758066218,100.14203525493785,17198632
2021-07-19,101.18388366699219,101.55894493790768,98.76680447967372,99.26688829386462,14364285
2021-07-20,98.72511291503906,101.68395175981055,98.5167441614329,101.68395175981055,11360716
2021-07-22,99.35023498535156,99.76697255887889,98.80848122689461,98.97517371274125,9520328
2021-07-23,98.76679992675781,100.10035882276317,98.60010744934854,99.51692879292033,10442400
2021-07-26,99.47525787353516,100.01701799277818,98.39174399395984,98.5167601793222,5370055
2021-07-27,99.05851745605469,99.68362380057195,98.5167573523576,99.43358507811139,5280342
2021-07-28,97.34990692138672,99.64196374535086,96.51643171267249,99.64196374535086,11010096
2021-07-29,97.30821990966797,98.55843258516691,96.05800723416901,98.1000187272531,11897018
2021-07-30,98.51676177978516,99.97534331587535,96.89148775456327,97.47491782543501,14546264
2021-08-02,98.1417007446289,98.9751759101884,97.5165943704593,98.8501533635723,11742555
2021-08-03,98.058349609375,98.76680219298561,97.09985194500273,98.76680219298561,21122697
2021-08-04,98.22503662109375,99.05851169867437,97.14152283558506,98.391735451956,9432176
2021-08-05,97.099853515625,98.18337373790439,96.64143964645048,97.5582673847995,11045322
2021-08-06,98.058349609375,98.93349467421967,97.05817564523893,97.09985194500273,8434733
2021-08-09,97.26655578613281,99.26689758911708,97.14153959006173,98.76681372809884,7816050
2021-08-10,95.30787658691406,97.68327935446109,94.72444655941491,97.43324063935162,9774255
2021-08-11,97.47490692138672,97.76662828309998,95.47457183993097,95.59958801333934,8056886
2021-08-12,99.30856323242188,99.51693201538586,97.09985286122141,97.47491412699236,8640167
2021-08-13,98.55844116210938,99.55860884598285,97.68328966953679,99.55860884598285,9744939
2021-08-16,99.05851745605469,99.51693131893157,98.43341111153741,98.55843365222297,8768804
2021-08-17,97.84998321533203,99.60027974662871,96.8498092267977,99.47525720319808,8758578
2021-08-18,97.14154052734375,99.10020604459521,96.76647285877772,97.84999320053113,9357721
2021-08-20,95.14118957519531,97.51659247918826,94.55775315527254,96.93316241817622,11684504
2021-08-23,94.51608276367188,96.47474808365287,93.51590877380809,96.26637929729509,6271685
2021-08-24,94.9744873046875,96.93315892225375,94.72444858423324,95.18285608452132,11791078
2021-08-25,95.01616668701172,96.05801061998334,94.84947420130055,95.59959674591154,9491958
2021-08-26,93.97431182861328,95.43289316519929,93.30752924546711,95.09950187362621,11668986
2021-08-27,94.51608276367188,95.09951282190937,93.43256253104713,93.93264634652365,8095717
2021-08-30,95.80796813964844,96.26638202619468,94.39106289581426,94.39106289581426,9915170
2021-08-31,96.64144134521484,96.9748326778466,95.59959740505984,96.05801128229234,11386659
2021-09-01,96.18304443359375,97.26655843549432,95.64128425318773,96.68312830823335,7508413
2021-09-02,97.099853515625,97.26654599955536,95.84964080941523,95.93298705138042,5700524
2021-09-03,97.51658630371094,98.26671516244463,97.09984875540448,97.51658630371094,9364904
2021-09-06,97.05817413330078,98.05834808185648,96.59976663759272,98.05834808185648,7005043
2021-09-07,96.5580825805664,97.43323392037523,96.05799882592277,97.26653509622072,7723357
2021-09-08,97.71473693847656,98.18595707504424,96.3010634554853,97.5433788133795,10508654
2021-09-09,98.14311981201172,98.31447139586547,97.24350765516976,97.62905198716264,5757417
2021-09-13,98.52867126464844,98.95705679188605,97.8004171756734,98.228802702911,6322443
2021-09-14,99.29975891113281,99.51395165833688,98.35731213076372,98.74285646107347,7369292
2021-09-15,106.41095733642578,106.9678598029189,99.38543763547244,99.38543763547244,48721413
2021-09-16,106.23959350585938,107.69610144733075,105.38282259048954,106.66797896354429,17684303
2021-09-17,106.0254135131836,106.83934336589988,104.14051988760686,106.36812322782775,15763396
2021-09-20,105.12579345703125,106.19675714969313,104.35470482762962,104.95444188086282,7431359
2021-09-21,106.32528686523438,107.43909185398023,104.6117447512527,104.78310288463751,8629222
2021-09-22,106.58231353759766,108.80991682672143,106.23960383081462,106.75366512266719,11698183
2021-09-23,108.12449645996094,108.80991586748455,106.79650534576932,106.92502230176049,11053966
2021-09-24,106.45379638671875,108.55288271489788,106.19676247293832,108.38153113014022,8598140
2021-09-27,108.68140411376953,109.49534051624518,106.66799349567795,107.35341293601068,8490460
2021-09-28,113.0509262084961,114.50743423422786,109.10978107712452,109.2382980291935,35900138
2021-09-29,120.50482940673828,123.58921006932579,111.89429178081541,112.57969808513506,75859390
2021-09-30,121.53298950195312,122.68962267855063,119.17686890449276,121.44730716000224,34614825
2021-10-01,119.86225128173828,123.6748924871457,117.97735779686523,120.76186339844438,22452069
2021-10-04,124.7030258178711,127.95875834096032,120.3763295091136,122.90380142863305,58612212
2021-10-05,124.57450103759766,126.67360049453595,123.54637842859441,124.70302453452823,24390676
2021-10-06,122.77530670166016,126.20239125398402,122.34692113261968,125.47413055729918,14421296
2021-10-07,122.34688568115234,124.78867487317154,121.87565907709332,123.54635969758777,10035682
2021-10-08,120.89042663574219,123.28937563804438,120.20500703224518,122.98951354940239,10686586
2021-10-11,124.06043243408203,125.73113312155091,121.19024460880686,121.66147123175624,17449923
2021-10-12,123.84625244140625,125.30276054764431,123.20367418218756,125.08856779457142,16030831
2021-10-13,125.38848114013672,126.15957005717954,123.97480069450205,124.66022032814685,19100941
2021-10-14,128.00157165527344,129.0297072294418,125.81681624338287,126.37371211831834,29263867
2021-10-18,128.13009643554688,129.9721487235501,127.40183590868773,129.58660441597814,25346029
2021-10-19,128.21578979492188,130.31488944706754,126.88780504949352,129.3295948387913,20234486
2021-10-20,125.30274963378906,129.07253653020877,124.48881985766289,129.07253653020877,16129487
2021-10-21,126.7164306640625,127.27333967998078,125.0028885965388,126.54507907196782,20818539
2021-10-22,124.14612579345703,126.88780374189439,123.37503704126486,126.6736109692533,11379569
2021-10-25,123.28933715820312,125.30275416382574,122.64675893172196,123.97475654777385,14079380
2021-10-26,122.68962860107422,124.7887153472998,122.0470502252935,124.48885328257644,16224116
2021-10-27,121.06175231933594,123.84625823964878,120.67620796041192,123.37503154616886,15072448
2021-10-28,117.67750549316406,121.53297510501203,116.77789330240853,121.06174842668406,19999659
2021-10-29,113.65066528320312,117.29194194870031,110.13791210869607,112.23699839532516,29217522
2021-11-01,115.06434631347656,115.92111730155415,112.15131711004013,114.12189299727612,10043407
2021-11-02,117.0777587890625,120.63336649162534,115.66409178544478,115.66409178544478,21525811
2021-11-03,117.16343688964844,119.04833051745679,116.13531428114281,118.19155949815406,9808728
2021-11-04,117.50613403320312,118.49142849877171,117.33478245280045,118.49142849877171,1026849
2021-11-08,120.20497131347656,120.46200522257206,116.99208013300206,118.83413251382571,12765483
2021-11-09,118.66276550292969,121.14739579678132,118.27722122606112,120.5904999605585,9556650
2021-11-10,117.72032165527344,118.44858218190922,117.16342577487222,118.40574102035058,5479056
2021-11-11,117.0777587890625,118.0202121736668,115.10719583208962,117.80601941110118,11418813
2021-11-12,116.9063949584961,118.4057441395369,115.36420461476807,118.4057441395369,9306659
2021-11-15,117.50613403320312,117.93451952085357,116.52085264092213,117.6346575234708,3991733
2021-11-16,115.06434631347656,118.0630447717481,114.80731240239574,117.97736244362522,5762128
2021-11-17,116.9063949584961,118.23439256207543,114.80730871969642,114.80730871969642,15264066
2021-11-18,115.92112731933594,117.89170337686703,115.44990062051279,117.0349323147482,9942974
2021-11-22,111.50874328613281,117.29194768474422,111.12319894088304,115.66408797222817,15990636
2021-11-23,114.3789291381836,114.5931218893787,109.79519903329323,111.42307178634881,11510010
2021-11-24,115.96395111083984,117.6346518169728,114.4217608154529,115.23569058784722,7570759
2021-11-25,115.83544158935547,117.12059814487337,113.35081081133629,116.09247551511676,13919886
2021-11-26,110.39495849609375,114.85016548164738,109.66669785135892,114.12190483691255,13323593
2021-11-29,108.38153839111328,110.82334112568314,107.139222976782,109.4953433765888,16077669
2021-11-30,109.02412414550781,110.90901797973095,106.83935519237409,109.49535087238603,22883512
2021-12-01,109.4096450805664,113.90769246036221,107.824620168348,111.38022083303909,17010938
2021-12-02,110.26644134521484,111.63728037667374,108.46722328723122,109.4096702188755,12916313
2021-12-03,108.8099136352539,111.5944192991482,108.2958523584791,110.26642167555649,12827354
2021-12-06,106.53947448730469,109.32398028812945,106.23960593916007,108.80991898607523,8158812
2021-12-07,107.39624786376953,108.2958600646231,106.23960827456082,107.18205510515146,8701301
2021-12-08,109.02412414550781,109.36683389808789,106.96787216667221,106.96787216667221,12093435
2021-12-09,107.9959945678711,109.36682695451398,107.65328483704927,109.02411722369214,11518172
2021-12-10,108.08167266845703,108.55289283880973,106.58232328374064,108.03883149995016,8389566
2021-12-13,107.78179931640625,110.1807608401649,107.52476539005916,109.32398326455599,13223189
2021-12-14,108.25301361083984,109.19546039539856,107.09637407812488,107.09637407812488,11649242
2021-12-15,108.55288696289062,110.05223626644792,107.86747406039382,108.08166681804487,11916145
2021-12-16,109.15264129638672,109.83805426601084,108.16735320736687,109.28115827089276,10758513
2021-12-17,107.56761169433594,109.409664286775,106.32528970651458,109.15263688479598,13041775
2021-12-20,104.3118667602539,107.48191676993264,102.04142235711674,106.66798695401734,14185935
2021-12-21,104.69741821289062,106.83934580756224,103.54077861909681,105.85406434332872,10168470
2021-12-22,104.99728393554688,106.15392342612267,104.22618876294845,105.42566941625226,7885198
2021-12-23,106.71083068847656,107.43908473131032,105.21148143814189,105.46850881621287,9836979
2021-12-24,103.88347625732422,107.09636727559197,103.58360773628127,106.92501570260843,8509575
2021-12-27,104.39755249023438,104.65458642322838,103.32658866383343,103.88349116089081,5097217
2021-12-28,106.32528686523438,106.7536723937298,104.48322778537518,104.5260689528825,6511374
2021-12-29,105.51134490966797,106.88217713675859,104.69740857662028,106.75366018557804,8960770
2021-12-30,108.72423553466797,109.5381653275438,104.7402492852027,105.59702024050088,32394253
2021-12-31,106.58231353759766,108.6385652416519,106.23960383081462,108.6385652416519,9155163
2022-01-03,107.9531478881836,108.4243745610833,106.8393429540447,107.43908658652106,9034081
2022-01-04,113.86486053466797,114.20757677823136,108.59572412027738,108.80991687002152,33986738
2022-01-05,113.09378051757812,113.82204115174176,111.97997551903511,113.60784838560997,16122852
2022-01-06,112.15130615234375,113.3936344223053,110.78048054932823,113.3936344223053,8037648
2022-01-07,112.53688049316406,113.26512802775414,110.90900768534391,112.49403932682618,8820039
2022-01-10,112.96527862548828,113.35082301900836,112.02282515395927,113.05094789444279,7324926
2022-01-11,113.35081481933594,114.80732301909954,112.23700981717941,113.22229131526653,11971883
2022-01-12,114.6788101196289,114.97867214275773,113.39365354633439,114.2504245951974,10439580
2022-01-13,115.6212387084961,117.07774672925441,114.3789234282401,115.1500120647335,15114699
2022-01-14,115.96395111083984,116.6493573992012,114.20756808201824,115.15000826515856,9344382
2022-01-17,117.0349349975586,117.67751330887764,115.19286932780379,115.36422092949769,9803141
2022-01-18,115.66410064697266,118.0202212157073,115.15003274811467,117.03493966173416,6473378
2022-01-19,115.49273681640625,115.92112232902402,113.9077051904052,114.89299971339906,21136414
2022-01-20,115.57842254638672,116.82075116865691,114.93584418588429,115.23571931676817,8466412
2022-01-21,114.89300537109375,116.60654750594502,113.56500760192621,114.85016420306467,12437749
2022-01-24,113.60786437988281,115.87830279120753,112.2370252543304,113.95056762462552,14284658
2022-01-25,115.92112731933594,116.22098934710418,112.2798503053309,112.40836073533316,10007486
2022-01-27,115.66410064697266,116.52087176287617,114.07906885323528,114.97868113959191,18760325
2022-01-28,120.07645416259766,123.37502784470547,118.23440168450941,119.9479437379081,34009553
2022-01-31,121.70430755615234,122.86094041384209,118.7056094407336,121.6614663969891,27928927
2022-02-01,120.9332046508789,123.50351729445367,120.33346764870201,123.37500689158941,17413984
2022-02-02,120.9332046508789,122.30404329009991,120.59050152771673,121.66146512920622,10783943
2022-02-03,120.49235534667969,122.21179606584988,120.18374778638355,121.24185583732176,9571728
2022-02-04,118.33204650878906,121.19776305051064,118.06751613710004,120.80097422026392,7213085
2022-02-07,119.16972351074219,120.22784507477985,118.33205515135786,118.33205515135786,10562489
2022-02-08,119.03744506835938,119.61058294056329,117.09757828408577,119.4342338610061,8721631
2022-02-09,119.08153533935547,119.56650539759049,118.02342741066141,119.30197505177391,5144026
2022-02-10,120.31598663330078,120.6686982291635,118.42021057836094,119.16969749224735,6081460
2022-02-11,120.9332046508789,121.41817464414801,118.55245876659572,118.55245876659572,8426925
2022-02-14,116.83305358886719,120.31599853324335,116.21582505327456,118.77292046697528,7705072
2022-02-15,119.34605407714844,119.74284282999407,115.20177712311113,116.48033809443851,12674466
2022-02-16,117.45027923583984,120.53643529247378,117.14167170292005,118.94926662957609,12946623
2022-02-17,117.05350494384766,118.9492813746678,116.78897455814443,118.5965831634464,5811964
2022-02-18,116.70079803466797,118.24387613925784,116.3039957584005,117.05349621960204,6760078
2022-02-21,116.34809112548828,118.28795813064086,115.6426812723672,116.74487996331456,12212740
2022-02-22,116.48035430908203,116.83305248191527,112.77696294875513,115.5545047871787,13578566
2022-02-23,114.80500793457031,117.67072440563656,114.49640038735329,116.39217667099858,9263264
2022-02-24,109.6907958984375,113.74688502680438,109.02947679944445,111.98336742948958,18045779
2022-02-25,114.9372787475586,115.5104166544729,110.21986321991689,110.21986321991689,10424521
2022-02-28,117.71481323242188,118.1116020467851,113.57054909043475,113.70280754369813,13262687
2022-03-02,115.46633911132812,119.03746577550831,115.02545960845586,117.09759865378533,12587947
2022-03-03,116.48035430908203,117.67072073332388,114.84909498693936,116.48035430908203,15628119
2022-03-04,114.80500793457031,117.58255658696311,114.40821911410656,116.39217667099858,15883138
2022-03-07,114.67276000976562,115.06954886666682,111.89521782959552,113.7469103739465,14985637
2022-03-08,117.93525695800781,119.74286545650321,115.06954043379454,115.06954043379454,28572640
2022-03-09,115.95130157470703,118.1116083047659,115.59860337760207,118.1116083047659,14286413
2022-03-10,117.22985076904297,119.03745932376304,116.34809181108916,117.18576013023049,13101323
2022-03-11,116.34809112548828,117.62663891607244,115.951302287662,117.1857594396935,8669803
2022-03-14,116.52442169189453,117.18574080128002,115.28996473620364,116.34807262030608,5670284
2022-03-15,115.55448913574219,117.22982541164114,115.20177755610959,115.77492882754841,6895190
2022-03-16,117.05350494384766,117.27394468950462,115.99539685560909,116.74488391809817,5561866
2022-03-17,117.18574523925781,118.42021569627144,116.30398639335047,117.71480592863112,13995384
2022-03-21,117.18574523925781,117.6266246622115,116.12763731508345,117.18574523925781,9172207
2022-03-22,117.14167022705078,118.2879459842719,116.17173009678562,117.5384590241329,10343712
2022-03-23,117.67072296142578,117.93525332334605,116.56852433223563,117.1857528736675,11892811
2022-03-24,119.3901596069336,119.65468998984717,117.58256447526824,117.71482293943794,11276181
2022-03-25,118.8170166015625,120.05147372987916,118.33204649594752,119.9192152713358,7266868
2022-03-28,118.86111450195312,119.47834310382554,117.979355512257,119.47834310382554,7778682
2022-03-29,118.46430206298828,119.3019702455172,118.06749983296302,119.0374399103576,5116935
2022-03-30,119.30199432373047,119.87513228677379,117.67073480649265,119.03746393518185,24047012
2022-03-31,119.03744506835938,119.56650576160324,118.4202165626231,118.4202165626231,11615450
2022-04-01,126.04743194580078,126.48831139538706,120.62462009771885,121.68272808581129,32589741
2022-04-04,127.23780059814453,128.73678790336524,124.76887320771357,125.07749417698189,15437496
2022-04-05,131.4702606201172,132.79289900279613,127.63460392851887,128.2077418458504,23958626
2022-04-06,134.90911865234375,136.93716691777087,130.76485429968977,132.57246282875684,52737388
2022-04-07,135.3500213623047,139.31793729800742,134.2037318455198,134.86505116813692,37738903
2022-04-08,134.0714569091797,136.58446195397568,133.32195638703078,136.58446195397568,17585569
2022-04-11,134.99729919433594,136.31993760530105,133.89510051853168,134.4241478101735,15583159
2022-04-12,134.556396484375,135.4381552727272,133.01331860475864,134.6445642904674,11306524
2022-04-13,135.74679565429688,137.73075340861143,134.68868754291069,134.9532179344009,19454061
2022-04-18,143.90304565429688,144.38801572627676,136.23174613563214,136.58444430366876,82098517
2022-04-19,141.65457153320312,146.68060836854414,140.6405541110969,145.40204711296587,38522118
2022-04-20,141.52230834960938,143.903054771118,140.19966995381864,142.9772052031498,20047692
2022-04-21,143.462158203125,144.07938668999688,141.39003303615706,142.49223156791828,21966151
2022-04-22,141.4782257080078,143.72671379884324,140.9491783925358,142.18363558321147,9922564
2022-04-25,137.64256286621094,141.87499461328355,137.02532090307147,139.8469600072164,12008027
2022-04-26,138.43614196777344,139.71468963261225,137.55438310173665,138.9652026692245,11735823
2022-04-27,137.24575805664062,140.72871623810724,136.84896926957683,138.25978879532826,17873048
2022-04-28,140.81690979003906,141.16962146323706,136.89308492591175,139.31792217902773,29123808
2022-04-29,137.73074340820312,141.96318900101136,137.28986393925587,141.4341282564452,28941216
2022-05-02,138.87701416015625,139.6265145390398,134.90909946986608,136.319918963798,13368198
2022-05-04,139.89105224609375,142.75676883790436,138.7006857345475,139.31791430956116,24511385
2022-05-05,139.67059326171875,141.74273189362543,138.436136281799,140.72871462116078,33396072
2022-05-06,140.19967651367188,141.39005650741007,137.5984902378236,137.95118844470758,22604305
2022-05-09,140.19967651367188,140.905086382014,137.51030895881553,140.15558587416783,22958742
2022-05-10,137.06942749023438,142.18363214352075,136.23175917007106,140.1555838468379,20322427
2022-05-11,134.51234436035156,138.3920787579087,132.307946758427,135.8349829215063,13794764
2022-05-12,130.98532104492188,134.9091464702996,130.5003508340153,133.23380951034218,11818556
2022-05-13,127.10553741455078,132.2638322542975,126.53239952327795,132.2638322542975,22913410
2022-05-16,130.7207489013672,131.29388676935878,124.90113513674555,126.44421311703151,16286682
2022-05-17,132.70468139648438,132.9251210665782,129.001297629822,130.05940535535845,13925542
2022-05-18,130.9412078857422,133.05742404550026,129.7949185264673,132.70472583706533,17611218
2022-05-19,130.5003204345703,130.98529053250536,128.5163628603961,130.0594409736427,11701170
2022-05-20,131.91116333007812,133.10153001154478,130.1917223658889,133.10153001154478,17841739
2022-05-23,132.3961181640625,136.98127606351144,130.85303980105675,136.143594188505,26055890
2022-05-24,129.53036499023438,133.89508190325677,129.00131777214534,132.39608114890834,16581141
2022-05-25,134.60049438476562,135.04137384682457,129.97126003314673,130.85301895726462,19926619
2022-05-26,135.9231414794922,136.7608232747329,132.79290786197942,135.0413824988803,22698086
2022-05-27,132.66062927246094,136.67263512345116,131.82296097390935,136.67263512345116,10245727
2022-05-30,133.05738830566406,134.46820766959956,131.20570302689063,132.30790145041192,12513990
2022-05-31,137.5543975830078,139.31791550073868,132.5724648472477,133.23378406639677,124665699
2022-06-01,138.2598114013672,141.2577865655549,137.77484126918478,137.95119037509448,16084988
2022-06-02,140.24375915527344,140.4641988856481,136.0113136411653,137.11351229303858,17646975
2022-06-03,136.67263793945312,140.59646259583232,136.40810756220392,140.19967375724548,14063328
2022-06-06,136.8489990234375,139.89106499176552,136.31995167718375,137.37805982426633,18485464
2022-06-07,138.65660095214844,139.05338980608866,135.3500047450225,136.84899233467138,14911957
2022-06-08,138.4802703857422,140.86101728270364,137.6426019253675,137.6426019253675,16416591
2022-06-09,136.80490112304688,139.3179196117983,136.40811227076358,136.9371730435242,13821409
2022-06-10,136.89308166503906,138.08346167004302,135.79088293987772,135.87906421972033,7908849
2022-06-13,131.29388427734375,136.58443725219288,130.2798670056598,135.7908596877943,19208167
2022-06-14,133.498291015625,134.42414054417054,131.29389378317035,131.29389378317035,17034328
2022-06-15,130.63258361816406,135.52634850246366,130.10353631865055,134.51233108746572,15172295
2022-06-16,126.04743194580078,132.3960933289285,125.20976368250147,132.35201614762832,18494040
2022-06-17,123.84303283691406,127.37006838060445,123.04945522141287,124.41618418550746,21387729
2022-06-20,121.02140808105469,124.68070210568362,119.03745057152919,123.8430338481319,16578770
2022-06-21,123.40213775634766,124.54842685370305,121.46227114405377,121.85905990152303,51398446
2022-06-22,121.37409210205078,123.40214001063977,120.40416550547093,123.40214001063977,8317317
2022-06-23,120.36009216308594,122.69674791116267,119.61059170185278,121.59454926498057,11257409
2022-06-24,120.4482650756836,121.5945408244855,118.99335489097193,121.5945408244855,21879039
2022-06-27,122.12359619140625,122.60856623181716,120.58051826118992,121.02139766982316,12872030
2022-06-28,122.21178436279297,122.82901287885302,120.93322324183046,122.1236030942533,14272044
2022-06-29,124.98932647705078,126.17970639675679,120.6246225290843,121.50638144602999,53487394
2022-06-30,126.00334167480469,126.92919121253152,124.46026359678433,125.47429440651298,19270932
2022-07-01,124.01937103271484,126.26785868528638,123.22579348689979,125.2097508060091,9592229
2022-07-04,124.68070983886719,125.386119688032,122.87311475951046,122.87311475951046,17526429
2022-07-05,124.19575500488281,127.19373008963738,123.62260360764438,124.68071166964165,11370649
2022-07-06,122.52040100097656,125.20976843647759,120.00739611566463,124.76888897015196,15929985
2022-07-07,123.84303283691406,125.87108096545062,123.00536458620218,123.44624402916347,18144208
2022-07-08,126.70875549316406,127.14963495796601,124.32800907414827,124.32800907414827,15375888
2022-07-11,127.6786880493164,129.61855488732786,126.6205800880895,126.97327825697423,16779135
2022-07-12,129.70675659179688,130.58851560750026,127.01738890298661,127.01738890298661,19138561
2022-07-13,131.0293731689453,131.690692319957,130.05943303229913,130.27987274930302,13644449
2022-07-14,130.76483154296875,131.64659033495832,129.618542422468,131.38206000644718,9775869
2022-07-15,132.04339599609375,132.39609417619062,130.63257636656,130.8971067289192,11518139
2022-07-18,132.08749389648438,133.63057206477373,131.64661441983029,133.49830014903318,8286352
2022-07-19,132.92514038085938,133.3219291537685,131.6025021681145,132.08747220370196,6798359
2022-07-20,132.74880981445312,134.24779730693274,132.39609816914563,134.1155388490509,7271345
2022-07-21,133.01332092285156,133.36601906251056,132.26382055786172,133.1455793615808,7521568
2022-07-22,131.33798217773438,133.49828873776437,130.6325723844706,133.14559056841884,6800124
2022-07-25,132.35203552246094,132.66064310960414,129.92719819476784,131.5584443242891,7996687
2022-07-26,132.2638397216797,133.10150801566894,131.51433924809407,132.2638397216797,5774871
2022-07-27,131.99928283691406,132.74878315994917,131.4261450284078,131.86702440558827,5403197
2022-07-28,132.57247924804688,133.10152660808998,131.42618978609033,132.30794884073762,6030744
2022-07-29,134.8650360107422,136.18767450732594,132.66063851643594,133.1015180152972,11771461
2022-08-01,137.99526977539062,139.05337777923936,133.14559575772512,134.82093230927117,14221965
2022-08-02,140.68463134765625,141.16960142033955,138.03935471982658,138.52432479250987,18278835
2022-08-03,140.7727813720703,141.9190704568465,138.61247508993688,141.1254929506166,10147608
2022-08-04,136.4080810546875,141.52228468758295,134.95318444440068,140.81687497018854,15754128
2022-08-05,137.2017059326172,138.56842162045956,134.90912714826777,136.14358436779463,33864055
2022-08-08,140.5523681640625,141.08142890428297,136.62854361357682,137.11351371635,16964235
2022-08-10,139.96820068359375,141.22633632827387,139.29419650694723,141.0016682693917,14055597
2022-08-11,138.08102416992188,140.9567871406696,137.36209713988904,140.3726417879503,15810624
2022-08-12,142.4395751953125,142.8889113946668,137.1374135279928,138.12594493898072,17998843
2022-08-16,142.6642608642578,143.6078697416389,141.0466476048409,142.8889289916031,8309725
2022-08-17,145.09063720703125,147.06771348518262,142.88889285834787,142.88889285834787,19674110
2022-08-18,144.5065460205078,146.16908197863802,143.69773251337412,145.09067768178107,9585888
2022-08-19,141.7655792236328,145.2703962994093,141.22637026767333,144.73120105610317,9599472
2022-08-22,140.64224243164062,142.84398725433363,140.19290619383986,141.3611831546526,11400211
2022-08-23,142.57437133789062,143.06864390237277,139.87835412724547,140.5972947926147,14362373
2022-08-24,144.5065460205078,146.483622850188,141.99026018607182,142.79905998055088,20602844
2022-08-25,142.79905700683594,145.54001091739883,142.39465711801782,145.0008156365261,12889454
2022-08-26,146.8430633544922,148.0113402065173,142.799037590857,142.88891031510988,30724938
2022-08-29,144.64132690429688,146.84307164629388,144.41665879363077,145.40520396562286,10928330
2022-08-30,147.38229370117188,148.68536611636475,145.18054876341085,145.4052168940529,24663153
2022-09-01,144.4166717529297,147.606961953201,144.05720822866863,145.13561251410633,14554158
2022-09-02,145.4051971435547,149.53908195826668,144.91092458074874,146.48360128162508,25106698
2022-09-05,147.83163452148438,148.37084353671588,145.76468491330346,146.12416216100942,15226001
2022-09-06,151.38136291503906,151.7408401023399,148.10121414275295,148.99988654202613,27866331
2022-09-07,150.34788513183594,152.90909307166586,149.76373988360507,151.42628919664074,19415892
2022-09-08,149.8985595703125,152.05536785255765,149.13468254266382,150.97696371143508,11595205
2022-09-09,149.71881103515625,152.19015986626528,149.13466581112164,150.66240598236791,16415150
2022-09-12,149.53909301757812,151.06684718153807,148.73029328237288,150.48270185041997,15469466
2022-09-13,150.43775939941406,151.83070440939352,148.8650826458428,150.0333595481692,15644741
2022-09-14,154.88621520996094,155.51528323509714,148.2809666643943,148.2809666643943,38751148
2022-09-15,157.3575439453125,158.30113900250768,155.1557855781166,156.72846229031214,29483891
2022-09-16,155.29058837890625,156.99806039794905,153.94257982303492,156.3240561200134,26126152
2022-09-19,153.67300415039062,156.45889450601516,153.26860425042054,155.91968549761856,13304030
2022-09-20,154.48179626464844,155.60513688237467,153.58312377046747,154.48179626464844,15395199
2022-09-21,151.51617431640625,154.6165913987164,151.11176076043523,153.67298262253868,7370283
2022-09-22,151.5611114501953,152.45978394907024,149.94351192234373,150.0783073121133,7447846
2022-09-23,147.3373260498047,151.42628790185086,146.16904927598412,150.2130747689119,12264388
2022-09-26,142.52944946289062,147.24747960717565,140.73210464602013,145.98933000777467,21951865
2022-09-27,142.888916015625,145.27039246415757,141.54090737396817,143.2483795016723,8367800
2022-09-28,141.94529724121094,143.29330578806508,139.29421650826154,141.81050187158635,14261815
2022-09-29,143.3831787109375,145.3153188124143,141.99023380136836,142.66423807574193,17623352
2022-09-30,143.47303771972656,145.18052344239513,141.4510248966087,143.78757853282795,12015533
2022-10-03,144.10214233398438,147.47216424345405,142.84399259352315,143.65280607938843,10528629
2022-10-04,146.07920837402344,147.38228067403762,145.00080418479283,145.5399994230815,9013773
2022-10-06,146.39373779296875,148.37082816893354,145.9444015643683,147.60695109525136,6456408
2022-10-07,147.65188598632812,148.146158575384,145.0008050065873,146.57348179098565,8825983
2022-10-10,147.3373260498047,148.82014362480245,145.450122380696,146.21398563510252,10484521
2022-10-11,144.73121643066406,147.74176123539183,144.05721202044302,147.74176123539183,13805741
2022-10-12,148.28094482421875,148.55054928461146,144.82105062659264,145.4950549212482,12496248
2022-10-13,148.05628967285156,149.89857098187304,147.60695343712212,148.14616240505893,9447511
2022-10-14,148.37081909179688,150.52762737206695,148.14615099124157,149.40428686929033,9588164
2022-10-17,151.38136291503906,151.920571839664,147.38227348080386,148.3708186050654,13426449
2022-10-18,150.0333709716797,152.28005221927194,149.53909835467857,151.83071596975347,20635735
2022-10-19,147.4272003173828,151.06682604179764,147.24746859167192,149.6289448108073,6947654
2022-10-20,150.0333709716797,150.88710710323392,145.1356085944594,147.38228984205165,12020720
2022-10-21,148.32589721679688,151.38137819773047,147.83162460476686,150.5276420747626,7414335
2022-10-24,150.0333709716797,150.9320434707166,149.40430296488466,150.0333709716797,685185
2022-10-25,152.190185546875,152.50471267813523,148.6853547492146,150.48269965694197,8131380
2022-10-27,153.3584442138672,154.1223212620347,150.572567917189,152.6844398934793,16225577
2022-10-28,156.41392517089844,156.99805671300484,152.6844266929326,153.3584309550485,16185760
2022-10-31,155.56019592285156,156.3689955873805,151.92057000716653,152.68443330974333,24233760
2022-11-01,163.378662109375,164.41212999214545,155.91967766857792,156.36901391546144,41101936
2022-11-02,162.6147918701172,164.187468800607,161.76105570752506,163.46852803270932,22146420
2022-11-03,160.09848022460938,163.42357902591726,159.28968056154403,161.17689805889972,16719953
2022-11-04,159.02011108398438,161.3117289169795,158.48091576088018,160.9073289964875,14881752
2022-11-07,158.03155517578125,161.31170411989893,157.13288272943083,159.82890006848208,12799401
2022-11-09,155.82980346679688,159.73903426293447,154.79633559375787,159.73903426293447,14929008
2022-11-10,154.66152954101562,156.54873340242736,153.26858454231578,155.91966544862345,10668583
2022-11-11,154.07736206054688,156.00951572019704,152.45974918885054,155.47030685874793,16963169
2022-11-14,154.07736206054688,155.82977029128003,153.76283498524404,154.88617535272056,10224241
2022-11-15,154.66152954101562,156.50379703873003,154.03244787455876,154.84126128315205,13899999
2022-11-16,152.72935485839844,155.42537176221006,152.01041427485177,154.66150853372073,9781274
2022-11-17,151.24656677246094,153.49324775923947,150.5276261141613,152.72937073867377,12778124
2022-11-18,149.04481506347656,151.92056384733107,148.3708107994801,151.47122767133342,11134908
2022-11-21,147.7417449951172,149.35935814436513,147.51707688307312,148.28095394908428,12788632
2022-11-22,150.1232452392578,150.5276451254221,148.1461684637234,148.5056319819463,15198091
2022-11-23,151.02188110351562,151.20161281901696,149.40426823870175,150.8421493880143,12004998
2022-11-24,152.3249969482422,152.77433322242578,150.61752459140644,151.60605616701744,10986350
2022-11-25,152.54965209960938,153.89766080741154,151.51618424202255,152.99898833554343,12358833
2022-11-28,153.1337890625,154.48179781732009,152.2351165592866,152.77432554627632,5471921
2022-11-29,152.9091033935547,154.2121893438354,151.9205719810259,153.67298041870873,7693168
2022-11-30,154.7513885498047,155.33553385254174,152.5496438552492,152.86418468846554,9133076
2022-12-01,154.7513885498047,156.05446082105973,153.53818900594086,155.91966544262584,9214914
2022-12-02,154.70645141601562,155.33553307931686,153.8077789971886,154.9311195207224,6376672
2022-12-05,157.40248107910156,157.85181732393215,154.03245924287197,155.51527707840535,9861212
2022-12-06,157.4473876953125,158.16632829372332,156.23418829110486,157.8068648508436,7008295
2022-12-07,154.43685913085938,157.26767173706546,153.94258656286948,156.45887205319306,7718718
2022-12-08,153.0888671875,154.97607122627153,152.77432632471096,154.43687594918862,4225180
2022-12-09,152.3249969482422,154.3470101820684,150.97698812569138,153.85273753793547,6174919
2022-12-12,151.78575134277344,152.7742963927282,150.57255192253976,152.7742963927282,7153044
2022-12-13,152.0553436279297,152.77428417835793,151.02187601413627,152.54961611338976,5166993
2022-12-14,154.21221923828125,156.09942341675895,152.28006497590127,152.729401263061,8562333
2022-12-15,154.66152954101562,156.4139380239883,154.30205234408987,154.57165681362096,10644546
2022-12-16,152.59458923339844,155.5602111480132,151.92058487610663,154.48179320622327,9433166
2022-12-19,154.3919219970703,154.79632183698766,152.3249727220285,152.59457718619092,7706855
2022-12-20,152.54965209960938,154.0773925592544,151.4712478758984,153.80778807516324,7387632
2022-12-21,150.93202209472656,153.71791193224647,149.71882262044053,152.774303199367,8454254
2022-12-22,149.0897674560547,151.56111691710393,147.8765677664051,151.42632152247216,6979001
2022-12-23,146.48361206054688,149.49417030881588,145.8994804422994,147.65188900969545,5313321
2022-12-26,148.8651123046875,150.75233027003037,145.4950900184722,145.5849627645003,8321609
2022-12-27,148.46067810058594,151.15669530718006,147.87654652421827,150.07829116707293,9244387
2022-12-28,149.04481506347656,150.6174916794683,148.10120635135115,148.28093807921982,9652984
2022-12-29,149.8536376953125,150.4377693287034,147.38228834801347,148.2809608379404,19571340
2022-12-30,149.5840301513672,150.79724347305685,149.17963028168853,149.85363463537087,8626291
2023-01-02,150.9769744873047,151.47124708678788,149.5390930547451,150.12323838600838,7322962
2023-01-03,150.61752319335938,152.05539102980757,149.89858241880793,150.97698672430775,9629995
2023-01-04,149.71881103515625,151.42628292431658,148.0113254333448,150.84215141293308,11995082
2023-01-05,152.68446350097656,153.08887712586062,150.21311394411012,150.97699111038543,18887530
2023-01-06,151.8756561279297,154.7064690854891,151.4712562358004,153.178728541526,13216749
2023-01-09,153.1337890625,153.6729980494897,152.28005292697813,152.99899367207968,6012344
2023-01-10,150.93202209472656,153.40337111706927,150.21308145478733,153.13376666301053,7557693
2023-01-11,149.22457885742188,151.69592835646404,148.7303062150825,151.38138748061493,8463293
2023-01-12,149.1346893310547,150.2580298859928,148.7752258385358,149.98842541027702,7628932
2023-01-13,150.7972412109375,151.11176834367882,148.73029181478742,149.3593597929235,5090393
2023-01-16,149.1346893310547,151.5611021871904,147.96641241138838,151.5611021871904,10321015
2023-01-17,150.70736694335938,151.15670316782536,148.99989477544997,149.71883547712622,13015434
2023-01-18,152.280029296875,152.5046973878154,150.16815746962644,150.52762093007027,5536057
2023-01-19,151.6060333251953,153.1337736847106,150.347897432101,153.1337736847106,6812613
2023-01-20,151.6060333251953,152.68443747822653,150.6624245490482,152.68443747822653,8545359
2023-01-23,149.94349670410156,152.32497309935488,149.17961967252452,152.23510037352722,7787735
2023-01-24,149.22457885742188,150.57258767508125,148.64043347550995,150.25804679923215,7033092
2023-01-25,149.0897674560547,149.7188491980818,147.74175865911874,149.1796401942456,9257370
2023-01-27,149.44923400878906,150.1232383590578,147.38228459210083,149.4042976429071,13756671
2023-01-30,151.74082946777344,154.79630992610174,150.16815287926443,150.61748904740986,30768122
2023-01-31,153.80780029296875,155.1558091078507,150.39285559872496,152.63953695686155,24990701
2023-02-01,152.77430725097656,156.1892650967642,150.25802180078293,154.79632014106303,13878016
2023-02-02,149.98843383789062,153.53820116107352,148.73029783072855,152.77432405573325,19898080
2023-02-03,152.66265869140625,153.49259199560794,149.89619558278866,151.6943937891983,11730514
2023-02-06,153.12376403808594,153.8614904835888,151.27945495980958,151.69442168822945,7588936
2023-02-07,152.38604736328125,154.64532331483787,151.51000330912206,153.53874061111242,8699758
2023-02-08,152.6165771484375,152.84711578461338,151.32556641423722,152.70879823129252,8839686
2023-02-09,153.07763671875,153.67703147510807,151.83272259897856,153.03152618265474,5507650
2023-02-10,152.1554718017578,152.89319811559452,151.32553849304094,152.24769286759707,9468345
2023-02-13,154.7836456298828,155.10639127727023,151.97107146028642,152.2477206373054,9829152
2023-02-14,153.12376403808594,155.38303984478213,152.01718140531244,155.38303984478213,12916373
2023-02-15,152.89321899414062,153.53872433028596,151.4177661649847,153.07764708004487,11855678
2023-02-16,154.36866760253906,154.6453167845288,152.70880065252445,153.0776568478695,7923121
2023-02-17,154.96804809570312,156.44348667752752,153.4925954429194,153.99978317174876,10182025
2023-02-20,154.82974243164062,156.76627260395654,154.23034760595135,154.64531433688714,6679716
2023-02-21,159.76327514648438,160.68542969278442,155.8902288662165,155.8902288662165,26883881
2023-02-22,157.2273406982422,159.71715500947673,155.38303171644463,159.48661638675205,12225021
2023-02-23,156.3974151611328,158.28782070590916,155.84411681034462,157.64231534396396,11184381
2023-02-24,157.6884307861328,157.87285888514057,156.21297785214676,156.99681486163223,8338893
2023-02-27,158.97943115234375,159.99380673698573,157.22734321991967,157.82673802023288,17669762
2023-02-28,157.2273406982422,159.53272692548916,156.62794590754234,159.34829884150156,19044910
2023-03-01,158.8411102294922,159.57883663255862,156.7201520972865,157.64230658337934,9318790
2023-03-02,157.5039825439453,158.7949931428543,156.99679478331672,158.7949931428543,7725981
2023-03-03,159.1638641357422,161.37702919343954,158.14948860957074,158.61056583583772,12962719
2023-03-06,163.0369110107422,163.6824163172378,159.25607210404436,159.44050018147735,12402804
2023-03-08,164.92733764648438,165.20397273920082,161.79200390974208,162.0225425343131,22099710
2023-03-09,165.4806365966797,168.01656169213746,164.14351526963074,164.51237147331244,18874546
2023-03-10,166.67941284179688,166.90995144877033,163.95906009370228,164.14348816508905,12399692
2023-03-13,165.711181640625,167.41717330819438,165.48064298668118,167.18663465425055,13669178
2023-03-14,164.05126953125,166.9099539285765,163.40576423632598,164.74288536244575,9217542
2023-03-15,164.3279266357422,165.5728408205654,163.91295993112138,165.480619743556,8548173
2023-03-16,165.6189727783203,165.98782899214,163.17525463113623,164.3279478880261,9405016
2023-03-17,163.17526245117188,167.55549703727237,162.20699725478858,167.55549703727237,47276890
2023-03-20,162.2991943359375,163.72853664570192,161.33092928280928,163.72853664570192,5627841
2023-03-21,163.31356811523438,163.72853482740626,161.65368719558575,163.08302948947653,12894327
2023-03-22,160.77767944335938,163.95911038116915,160.27049153826755,163.95911038116915,7893205
2023-03-23,161.0081787109375,162.16087181719863,160.17823123185303,160.50099092999045,5759884
2023-03-24,159.25608825683594,161.56147463597645,158.93334260633333,161.56147463597645,4977283
2023-03-27,157.9189453125,160.40875944630073,157.41175756445767,159.20995587937153,12077986
2023-03-28,158.61058044433594,159.532734981803,157.22734863813534,158.01118562336697,8750986
2023-03-29,160.4548797607422,161.7458904062949,158.33392163936782,159.20996558249007,20272070
2023-03-31,161.46923828125,163.45186457864395,161.0081610892087,161.19258915183337,8125121
2023-04-03,163.95907592773438,164.23572509701134,161.7920071845196,161.9303388046387,9098662
2023-04-05,162.20697021484375,164.42014944777705,161.51535434285728,164.42014944777705,10829323
2023-04-06,161.5614471435547,162.85247173876073,161.2387015479727,162.668029603046,7159274
2023-04-10,163.77464294433594,164.14349911170825,161.56146372721955,162.1608725879006,10968456
2023-04-11,164.2357177734375,165.75726703017025,162.80637552171123,164.2357177734375,9208605
2023-04-12,162.11477661132812,164.42016304189036,161.65369932521568,164.14351385603047,7591360
2023-04-13,159.57884216308594,162.39141625733672,158.88722627454695,162.299195177147,9944382
2023-04-17,156.3974151611328,160.40877895598192,156.07465544467942,158.93334013881594,17401126
2023-04-18,156.85845947265625,157.45785416760484,155.8440840663263,156.76623840991402,16199789
2023-04-19,154.09202575683594,156.72015769346973,153.8153765869373,155.61357508483647,16314641
2023-04-20,156.4896240234375,156.95070129756135,153.81538146190397,154.0920306405706,15498083
2023-04-21,156.4896240234375,156.72016266049943,155.29082029652318,156.44351348183278,6672391
2023-04-24,157.64231872558594,157.91896790691453,155.10639369350412,155.38304287483268,8088991
2023-04-25,157.78062438964844,159.0255243943416,157.08900858561017,157.9650524565334,9175412
2023-04-26,156.62794494628906,158.3339223014054,156.30518524807098,157.78063805283827,9032416
2023-04-27,157.64231872558594,158.01118899101132,155.65969205616125,156.7662747105137,9054900
2023-04-28,158.61058044433594,159.07165771306947,156.3974151827996,158.51835936220462,21552892
2023-05-02,161.93035888671875,162.29921511085823,159.11778444702549,159.20999146757885,8893428
2023-05-03,162.62196350097656,164.74290774807403,161.46927029235314,161.93034757580253,11194149
2023-05-04,162.62196350097656,163.63632508198796,161.19262110809112,162.71417051508922,4671155
2023-05-05,160.68540954589844,162.66803594347533,159.5327165075491,162.62193947870932,5958697
2023-05-08,163.2674560546875,163.7285333019072,160.91595927967487,161.19260844219886,6287186
2023-05-09,162.2991943359375,164.7428981677248,161.56146791112738,163.4057769376721,7918748
2023-05-10,163.2674560546875,163.5441052172115,161.3309259879804,162.29919102133394,6231734
2023-05-11,165.57284545898438,165.9878121752302,163.17523809917992,163.7746469746116,12125975
2023-05-12,161.3309326171875,165.29619992040486,160.91596589183067,165.15788236893974,8920297
2023-05-15,162.25308227539062,162.99080869328654,160.31656625824505,160.45488380555506,7980565
2023-05-16,163.63632202148438,164.1435098379851,161.8381234638561,163.12913420498364,7874923
2023-05-17,162.2991943359375,164.00518581387587,161.423150362521,163.6363155659902,6639494
2023-05-18,161.46923828125,163.86683123728926,161.05425755164543,163.22132598262328,6921939
2023-05-19,159.8093719482422,161.69979141981918,159.48661225640203,161.37703172797902,6657753
2023-05-22,160.547119140625,163.2674723566514,159.67106102666602,159.80939265722063,13339834
2023-05-23,160.5931854248047,161.9764170445565,159.34828540960385,161.33091176953093,8359389
2023-05-24,161.3309326171875,161.6536923318881,159.9477008186904,160.45488862566498,8507023
2023-05-25,160.91598510742188,161.8842502961864,159.90160937234225,161.33095188233148,7986243
2023-05-26,160.91598510742188,163.45191037415776,160.54712887882738,161.37706242864658,6926193
2023-05-29,162.5758514404297,163.95908327786222,161.19261960299715,161.33093715835565,9943211
2023-05-30,163.0369110107422,164.14349354630045,161.9303284751839,163.22133908817517,9727639
2023-05-31,160.31655883789062,163.22133976463988,158.56445691761485,163.22133976463988,41785992
2023-06-01,160.82373046875,161.10037961797153,158.47224787776767,160.08601816543958,11602551
2023-06-02,160.96206665039062,162.20696675080404,159.9015805600822,162.20696675080404,7262018
2023-06-05,160.547119140625,162.48363532972886,160.03993130384936,162.11477912350782,12239684
2023-06-06,161.74591064453125,162.06867038178464,160.03993308308995,160.915977135826,4889564
2023-06-07,163.54408264160156,164.1434773518624,161.74587036890105,162.25305808502276,6270083
2023-06-08,167.8782196044922,169.9991776431703,164.23571235924075,164.83510712038535,27382635
2023-06-09,168.56983947753906,169.90696064125643,166.49499192561055,169.67642202437548,10235269
2023-06-12,171.2440948486328,171.935710751956,168.43152069425946,168.56985231750107,17450400
2023-06-13,170.9213409423828,172.12013052676974,170.59858124137963,171.52073573457628,8332566
2023-06-14,172.62734985351562,173.7339326333467,170.92137217197373,170.92137217197373,15061573
2023-06-15,172.16624450683594,172.71954284219746,170.92134435871426,172.4428936745167,9840499
2023-06-16,173.54946899414062,174.01054623061336,171.56684250569214,172.35066536511943,8562558
2023-06-19,171.38243103027344,173.54948580908146,170.78302212220675,173.54948580908146,5363723
2023-06-20,172.9039764404297,173.3650537109375,170.1836233586259,171.52074462890624,6035600
2023-06-21,172.9039764404297,174.01055907545611,171.98182189941406,172.9039764404297,5906854
2023-06-22,170.1374969482422,173.318927003814,169.07702495337168,172.90396031325426,6683123
2023-06-23,172.16624450683594,172.9039709303309,169.44589151172428,170.18361793521927,15255365
2023-06-26,170.50637817382812,172.8117646503318,170.09141142224993,172.8117646503318,7231775
2023-06-27,171.5668487548828,172.39678218237916,170.41415562171503,170.5063626297918,6787438
2023-06-28,174.3794403076172,175.76267220618328,170.87525001705725,171.5668659663403,32476741
2023-06-30,174.42550659179688,176.73089269039826,173.36503461482428,173.45725568715235,9579059
2023-07-03,176.36204528808594,177.60695947144495,174.01054853671928,175.20935218162785,7352149
2023-07-04,178.944091796875,179.6357077037908,174.2872085427829,176.22373871053185,13258826
2023-07-05,178.3446807861328,179.58959503219887,177.3764297847053,178.89797913348696,6558910
2023-07-06,181.43389892578125,181.8027550995331,177.74528090441848,178.436896783424,16276609
2023-07-07,177.60693359375,182.35602287202093,177.19195287912,181.43386852121424,12652336
2023-07-10,176.63870239257812,178.29858335472704,175.02493197095362,177.6530639293081,10238356
2023-07-11,177.42254638671875,177.9297342508506,175.94710741129157,177.65308504578203,11236383
2023-07-12,175.9470672607422,179.58957442854117,175.43987951234894,178.66742000272066,9191559
2023-07-13,173.2728271484375,176.86923818723352,172.3967831763712,176.86923818723352,10612659
2023-07-14,172.85787963867188,173.6878272341307,170.36806499422087,173.3189569458281,12369394
2023-07-17,171.98182678222656,174.24110265766663,171.33632139938112,173.78002537406815,9058800
2023-07-18,172.76564025878906,174.42550699686876,171.79737528093585,172.4428805758513,7177677
2023-07-19,177.5608673095703,181.2955961752106,175.39379841676507,176.13152489544103,31761232
2023-07-20,177.8835906982422,179.1285048545732,176.91533976660745,177.69916261940512,8936996
2023-07-21,179.912353515625,181.06504667225775,177.1458899397064,177.79139529322845,11031250
2023-07-24,180.65005493164062,181.6644304763905,177.929702061034,180.28119877225552,9981788
2023-07-25,185.03028869628906,185.6758080817755,180.65005496570248,181.203353275845,18028061
2023-07-26,185.90635681152344,186.41353054062108,184.43090395152672,185.81413573116316,13857423
2023-07-27,186.22911071777344,187.19737582069354,184.98421050341494,186.0446826198272,16013422
2023-07-28,193.65245056152344,194.0674172842487,183.96982803344727,186.13689679906793,39630520
2023-07-31,201.3524627685547,201.90574708660964,193.3297064826137,195.68120352949424,43494779
2023-08-01,207.62307739257812,209.00630912489635,201.81351537361033,202.45902070116665,63510580
2023-08-02,202.04408264160156,207.62310682951392,199.969234748951,207.53089981019602,22647784
2023-08-03,202.9661865234375,206.19372688296812,200.9835461457217,202.04403213500018,29868065
2023-08-04,200.98358154296875,204.9027383840696,200.66083589274928,204.44166110864597,12879897
2023-08-07,200.98358154296875,204.1189154584265,200.7069323635222,202.59735200695147,12929354
2023-08-08,200.6147003173828,203.24283201677,197.34104925618402,203.15062501576836,15314866
2023-08-09,201.67515563964844,202.59730999929104,199.60030833045255,201.4446170497378,12554174
2023-08-10,200.47637939453125,203.6578236242946,199.64644598648215,202.1362602815902,10970619
2023-08-11,199.16729736328125,202.43999943263094,198.8400214492068,200.9439013509316,7970536
2023-08-14,199.16729736328125,200.10235509738118,198.0452309359311,199.44781753708097,9283695
2023-08-16,203.3282928466797,203.7958216940015,198.27898700274355,199.12053322078353,9687712
2023-08-17,201.7387237548828,205.52571076236833,201.17768335827384,205.19843481970477,11865239
2023-08-18,201.17767333984375,202.58025999366888,199.44782502750232,201.78546945054418,14101163
2023-08-21,204.5906524658203,205.29194582600854,201.69196753656894,203.0945542569454,13336739
2023-08-22,207.30230712890625,207.86334750446952,204.6374010146044,205.01141841974692,16930149
2023-08-23,207.30230712890625,208.42437361218333,206.69452527858726,208.42437361218333,13507905
2023-08-24,206.50750732421875,207.95683540510146,205.38542662336286,207.58281801671538,11182959
2023-08-25,203.74908447265625,207.44257411644563,203.0945468804902,207.44257411644563,7413549
2023-08-28,204.4971160888672,205.05815641587597,203.09452953919342,203.74906707547152,4851793
2023-08-29,206.7412872314453,207.34906910002132,204.0763667692431,204.9646688340272,8799235
2023-08-30,206.08673095703125,207.58282912634292,205.47894910141378,207.58282912634292,5490930
2023-08-31,205.9932403564453,207.25555985124544,204.5438978835859,207.25555985124544,18532999
2023-09-01,215.7178192138672,216.60612121926604,202.11272615188298,203.70233573484285,29859815
2023-09-04,220.4866180419922,221.14115560670865,215.53080916425515,218.52299107999391,21895573
2023-09-05,219.36456298828125,221.5151844885226,216.65288683969723,221.5151844885226,13952922
2023-09-06,216.83990478515625,220.533394623087,213.5672023844532,220.2061186758766,14623019
2023-09-07,218.8970489501953,222.54376886735204,214.45552415137212,217.86847960543287,30334731
2023-09-08,224.6476287841797,227.78007801442865,219.738575501695,220.67363326978733,28856420
2023-09-11,227.31256103515625,228.06059587452665,222.6840134264144,227.78008994368776,22493483
2023-09-12,219.83206176757812,229.04237116601598,218.8970041067511,228.34107792039572,21174310
2023-09-13,221.74896240234375,222.96454045533332,218.00873101951458,220.76716307863146,9151928
2023-09-14,222.4969940185547,223.66581623368458,220.62687847434688,222.4969940185547,7568464
2023-09-15,220.8606414794922,223.75932626128258,220.29961538059192,220.29961538059192,14098284
2023-09-18,225.5359344482422,226.42423648868856,220.72039257203068,221.60869461247705,11163399
2023-09-20,226.0502166748047,230.0242122109698,224.74114149944296,225.81645223150085,18936709
2023-09-21,223.4320526123047,227.1255279721276,221.70220428826073,224.46062187254117,10134737
2023-09-22,222.4969940185547,223.75932771803468,220.67363421652195,223.1047901311318,7209300
2023-09-25,224.08656311035156,224.64760341498902,221.74891895410818,223.6190342791029,8027642
2023-09-26,224.6008758544922,227.40604919389347,223.52556511486145,224.1801027071519,10681642
2023-09-27,223.75933837890625,224.88140490532123,222.40350739832775,224.32036450818876,9679279
2023-09-28,221.65545654296875,225.53594074433335,220.34636704926933,224.03985681019813,32887087
2023-09-29,229.60345458984375,235.1670458630537,223.94635182585034,223.99310757124206,35038887
2023-10-03,225.5359344482422,230.67875225570475,224.92815259631823,228.48137502595316,14885044
2023-10-04,219.8788299560547,225.3489236437587,216.4658747864321,225.3489236437587,25424437
2023-10-05,218.6632843017578,221.9827282606264,216.98017731532343,221.8424752900279,22472389
2023-10-06,220.2528533935547,222.0762131320162,218.47623512778927,219.03727547863073,8825123
2023-10-09,219.45803833007812,220.95413635035686,215.53079886165662,218.66324784943166,10659145
2023-10-10,220.5801239013672,221.4684402038539,218.56975538782746,219.64506612430696,11665907
2023-10-11,223.1982879638672,224.13334573855272,220.6736348257861,220.9073992694575,14313043
2023-10-12,225.9099884033203,226.98529925288776,223.10481477712602,223.43207647280482,13170027
2023-10-13,226.3307342529297,227.96708533720516,224.03984558851386,224.92814760926498,11880728
2023-10-16,227.63980102539062,229.08914335734354,225.3489124453869,227.0787749493063,6936948
2023-10-17,229.97744750976562,231.1462696807523,227.49955021441343,228.94889256000664,10084205
2023-10-18,226.2839813232422,230.77226149231439,225.90996392075675,229.9307009349481,6987265
2023-10-19,223.9463653564453,226.09700136375176,223.01130746351654,224.60090302792526,11485237
2023-10-20,225.3489227294922,226.42423345861354,222.12297627427884,223.43205144606566,9040953
2023-10-23,221.1879119873047,225.25540460914345,219.73856963190744,225.1619073955413,7058625
2023-10-25,216.9801483154297,220.954143653559,213.52043758051036,220.67362348200368,23949207
2023-10-26,216.60614013671875,218.14899411354094,212.95942031486658,215.8581052886415,17410264
2023-10-27,221.23468017578125,222.96452853716355,216.93340860830432,216.93340860830432,10519462
2023-10-30,219.36456298828125,222.91777117190585,215.67107330775903,222.02946912599973,8812268
2023-10-31,220.4866180419922,221.79569317142514,218.38273812607213,219.27104012589083,6583581
2023-11-01,217.49444580078125,221.32817414627934,217.02691690978028,221.32817414627934,6718059
2023-11-02,219.97235107421875,220.39312423758136,218.56976435111002,218.99053751447263,6057787
2023-11-03,221.2468719482422,222.09654478452845,220.2555773688219,220.2555773688219,6825146
2023-11-06,222.66299438476562,223.93750359019216,221.43567801960648,222.1909507370605,5338605
2023-11-07,225.77847290039062,226.15611646521924,222.0493309321857,223.08783272842814,7002346
2023-11-08,223.4654541015625,227.43061775751872,222.75738864851218,226.43933764775107,9777991
2023-11-09,224.64556884765625,226.2977216130497,222.8046015044865,223.93750337677335,13987058
2023-11-10,229.1771697998047,229.64921340392374,222.61576658367522,224.5511482416889,9589671
2023-11-13,231.96224975585938,236.5882862296041,229.69644596854343,231.2541842716195,18792969
2023-11-15,233.4727783203125,235.03051651064783,232.19825477867224,235.03051651064783,10965645
2023-11-16,238.2404327392578,240.03419282307848,233.80321096394468,234.88891998783933,22145147
2023-11-17,237.53236389160156,238.9484948025476,236.9659057649717,238.85408031289975,5618928
2023-11-20,237.01312255859375,241.119893722414,236.30505707459415,236.96591531186795,6283832
2023-11-21,236.02182006835938,238.66526733425073,233.47278729274683,238.47645275932177,6851869
2023-11-22,239.4677276611328,239.7981639642798,235.40816396891736,236.77708761435943,5275418
2023-11-23,238.6180419921875,241.40309637664834,237.62674754195496,239.79815100302918,8200025
2023-11-24,239.70375061035156,242.48881956415394,238.8540778348505,239.137306895227,7149443
2023-11-28,243.14967346191406,243.85773893945168,239.46773874097008,240.60065502953347,6151585
2023-11-29,243.95216369628906,245.0378583786089,241.78077433164938,245.0378583786089,8637363
2023-11-30,246.6899871826172,247.02042348274637,241.68633627639747,243.5273179405054,21687673
2023-12-01,253.91229248046875,260.04885996964435,247.11485235257098,247.68131049843882,29121320
2023-12-04,259.4351501464844,263.40032789739877,257.97182651600076,260.5680663071041,20464526
2023-12-05,269.4897155761719,270.52818849653744,257.54698887940503,259.81282131612767,18883076
2023-12-06,265.38299560546875,272.1332153052545,263.3532132917239,271.89719343595243,13415314
2023-12-07,267.9319763183594,272.1331765176366,265.571757961745,266.0910232869557,25133786
2023-12-08,269.1120910644531,275.5790952576272,265.28854877213445,270.4338364205108,20815064
2023-12-11,271.2362976074219,272.3692140082169,268.49844991863824,270.05618836128576,8071675
2023-12-12,267.5543518066406,272.46361759846366,265.14694056543993,271.3779228977508,8640883
2023-12-13,277.60888671875,278.4113667660107,268.59286362933466,268.82888547786655,23629670
2023-12-14,278.8834228515625,281.8100996656187,277.184076991149,281.1020340885694,24900443
2023-12-15,288.04107666015625,289.83483699002466,278.50578798715725,281.3380502378741,28843558
2023-12-18,286.24725341796875,289.40992252049205,284.8783154398205,288.89068607981795,13307504
2023-12-19,292.33660888671875,295.0272632901764,285.58639086489075,287.9466089712122,15650536
2023-12-20,281.007568359375,295.8297499282572,278.647350199442,295.02726999162854,23497233
2023-12-21,285.06719970703125,286.200087291343,276.80643502215923,279.2610391937983,17868637
2023-12-22,285.8695983886719,291.6757578345257,282.8485365746254,287.002514575974,15207726
2023-12-26,292.2894592285156,293.3279611109644,287.56902231853076,289.31558973747724,9917180
2023-12-27,288.9378967285156,294.7912493122202,286.57767855948265,294.17759835052306,12630732
2023-12-28,296.3490295410156,297.85957514552723,290.54289778458326,291.8174215387418,37591916
2023-12-29,293.7527160644531,296.7738065214485,290.92045456524016,296.7738065214485,12682889
2024-01-01,292.4310302734375,295.7825285389935,290.59004858256446,294.55522661924937,8024960
2024-01-02,288.89068603515625,293.4222931151272,285.16153003405657,293.4222931151272,13506040
2024-01-03,289.0795593261719,290.7789050389084,286.34168295049915,290.0236466801943,14259987
2024-01-04,299.3701171875,303.7601177895727,291.34537437099226,293.51676384389594,40057506
2024-01-05,297.34027099609375,307.441986607725,295.21607482587285,304.84574684412166,27456415
2024-01-08,298.7564697265625,300.5502300271446,295.12172746856714,298.7564697265625,10136462
2024-01-09,301.87188720703125,303.47684699815403,298.37875298459005,300.0781272595298,12229517
2024-01-10,295.8297424316406,301.8718950057037,290.77886993512664,301.7774805194476,14455000
2024-01-11,295.4049072265625,299.55888553957715,294.8856707416573,297.34030345747516,10316319
2024-01-12,295.1689147949219,297.67074059984236,292.383874299354,297.5763549104669,12341629
2024-01-15,299.5588684082031,300.219740997795,292.28941397897233,297.29306480443324,9706124
2024-01-16,294.0831604003906,299.5116617560961,292.8086369285393,299.5116617560961,10162832
2024-01-17,292.00616455078125,296.5378004769181,289.9291899611503,292.4310153227256,13502940
2024-01-18,282.5653381347656,293.8943865674794,279.96909786893536,291.67580429841433,32481018
2024-01-19,291.2037353515625,292.147822639055,284.83114616098817,286.81370641571635,28651237
2024-01-23,285.6808166503906,297.67070781796326,283.5093986199392,295.9241693992128,21652362
2024-01-24,291.5813903808594,293.3279577799721,281.5740584830813,286.01128065258274,23922028
2024-01-25,297.1514892578125,299.46451475747625,291.9118160630759,292.6670744080123,32525422
2024-01-29,306.403564453125,307.5364808957415,298.4732357885954,300.0309742887466,24694773
2024-01-30,297.8123474121094,305.83708938403726,296.915452961332,303.85450031107416,20918448
2024-01-31,299.7477111816406,302.10792937992125,295.12168927526204,300.73899130041553,20931224
2024-02-01,303.9961242675781,308.669368137189,299.3701020518451,302.1551424253049,24020951
2024-02-02,313.90899658203125,315.0419127558519,305.0345825912865,305.8842553160244,32346639
2024-02-05,317.3077392578125,321.98095398772887,314.42825577896815,319.1014993201417,19651482
2024-02-06,318.5946960449219,320.3106342341467,313.6374960209353,320.3106342341467,12024661
2024-02-07,315.2581481933594,322.1219305055961,314.25715993834564,322.1219305055961,8080437
2024-02-08,315.4487609863281,319.5956454255773,312.6841810576863,318.35636000353634,17754869
2024-02-09,309.7289733886719,319.3573654490851,304.67646551262766,317.4031006706812,18304439
2024-02-12,301.3875427246094,311.44493369630254,299.81459439131015,310.92059819015185,11714289
2024-02-13,306.5353698730469,308.8233263320677,301.14919965196634,303.67545339184574,15426888
2024-02-14,312.6842041015625,313.9711723454955,303.48481184208947,305.915729230849,14085723
2024-02-15,323.40887451171875,324.9818226886184,314.73378908213067,315.54410453464675,21973316
2024-02-16,321.9789123535156,326.9361122784451,321.0732605485046,325.9351241109213,20307449
2024-02-19,322.9322509765625,325.9351576025525,321.74061905413976,324.50519929564524,8496898
2024-02-20,329.5577392578125,330.3203720584349,322.0266021619284,324.6958751492596,19340526
2024-02-21,320.4059753417969,331.7979582903083,319.07135349791184,330.79699918053814,17751633
2024-02-22,323.6948547363281,324.36218019006014,315.162788392604,323.17054837451985,16083122
2024-02-23,321.9789123535156,324.12384959347247,319.214332396086,324.12384959347247,9665454
2024-02-26,321.8359375,322.69390661783973,318.9283383156978,322.2172538754205,7711995
2024-02-27,320.4059753417969,322.21724992225325,318.49936439551135,320.4059753417969,8882923
2024-02-28,317.7367248535156,320.7873142186282,316.3067665434771,320.0246814236382,12977628
2024-02-29,319.9293518066406,320.31066821218735,315.162824005864,317.73673156273725,13149469
2024-03-01,327.4604187011719,328.2707341438379,319.3573224596582,319.92931154227966,13027254
2024-03-04,337.3271484375,341.5693403493554,329.60536826484133,331.7503055854369,38075510
2024-03-05,341.521728515625,343.142359659918,337.041180593811,338.328148962211,15918221
2024-03-06,335.515869140625,342.6656601088789,328.89038453968016,342.6656601088789,13120921
2024-03-07,335.7542419433594,337.374843998093,333.3709779576529,335.56356918747167,9172926
2024-03-11,331.70263671875,336.65980750986506,330.5110049286878,335.80183843953483,10664917
2024-03-12,328.65203857421875,333.13258561748063,326.5547550449106,331.75028114235863,9637912
2024-03-13,307.4410095214844,328.41372955085694,304.58109315384263,327.7940868230493,23722232
2024-03-14,306.82135009765625,311.68321347659827,301.72116036771286,306.0586883189086,20859127
2024-03-15,301.530517578125,310.8252461897208,291.473156204659,307.5840133129101,43285007
2024-03-18,302.3408508300781,307.8223577691587,300.2435960654542,302.2931971893777,13690352
2024-03-19,298.8136291503906,303.05582129106284,295.62004981562166,299.6239155744839,13388060
2024-03-20,299.0042724609375,302.6268509158834,293.9040820774771,301.24454626592393,10026655
2024-03-21,309.8243408203125,311.11130928531287,302.19789550781246,302.4362219238281,23370426
2024-03-22,309.5859680175781,311.96923182063875,306.15406232265565,309.34764163727203,14709219
2024-03-26,313.73284912109375,314.87679827740845,305.1530995321445,305.1530995321445,11208959
2024-03-27,316.1161193847656,318.4993832083954,311.06358262312494,316.49743577803116,45209520
2024-03-28,320.1199645996094,324.1238592032676,314.8767845242624,316.4020790919691,19868037
2024-04-01,326.3641357421875,328.31840033224563,320.45363015006274,323.17055657696807,8580656
2024-04-02,328.69970703125,329.4623688456532,324.8388316015551,326.9837688608464,9745257
2024-04-03,334.8485412597656,337.56546762658024,326.0304657959853,328.270739435028,21679943
2024-04-04,338.08978271484375,345.7639092855542,336.1831717545541,338.4234454514093,28962927
2024-04-05,337.99444580078125,341.47403407173266,335.1345293649797,339.75806675470704,11208130
2024-04-08,346.52655029296875,348.90981405014185,336.755168888559,338.99544263881677,11447140
2024-04-09,345.9545593261719,349.7677813172955,343.5236419438606,347.95650669002674,10010148
2024-04-10,345.5732116699219,351.1500541457303,344.47691626520765,347.09850614684154,12886638
2024-04-12,344.8582458496094,357.01289031286444,344.14326676353556,345.5732249356832,30924494
2024-04-15,344.2862548828125,348.9097920993652,336.3261486161293,338.9000849489736,18126999
2024-04-16,342.4749755859375,345.04891188290276,338.0421111567844,344.14326008774793,15328939
2024-04-18,334.7532043457031,344.3815952493912,332.89427616599113,342.76096434059986,22966560
2024-04-19,334.18121337890625,335.9448342773795,326.9837688788074,327.0791052421847,12867942
2024-04-22,326.888427734375,338.42342931255706,325.9351222996917,338.42342931255706,37382916
2024-04-23,330.9400329589844,332.36999135785015,327.9371261398819,329.8437373383696,14651106
2024-04-24,335.2298278808594,336.6597859373049,331.0829436986532,333.4662071260624,11132307
2024-04-25,342.42730712890625,343.7619288540685,332.7989168881537,334.61019130748616,19865014
2024-04-26,339.37677001953125,344.52461408333477,338.42346448576853,343.8573176652465,10986589
2024-04-29,346.04986572265625,346.6695084240308,340.28237959764095,342.90396948947927,13652173
2024-04-30,346.2406005859375,348.3855381551419,342.52268552525436,347.90888536198537,14566548
2024-05-02,351.8173522949219,355.2016039787771,346.2405388828888,346.2405388828888,27892188
2024-05-03,347.9088439941406,362.63739609584326,343.52363300000525,354.9156159463444,26844664
2024-05-06,340.1393737792969,351.6267219362613,337.85144651205155,350.62573375569707,15319437
2024-05-07,332.8465881347656,341.71234617104994,330.65399726257954,341.5216734462628,10028071
2024-05-08,338.8524475097656,341.76001761253553,329.0810662530613,329.0810662530613,9595776
2024-05-09,329.891357421875,341.28336981097533,328.74740827470174,339.8534115575774,9043486
2024-05-10,338.90008544921875,339.7104008953898,331.3212955299917,331.41663189293655,11699095
2024-05-13,334.514892578125,339.3767564240634,330.3203542161179,338.9001036762768,10691781
2024-05-14,339.1860656738281,340.5683702060254,333.9428857266395,334.18121208787534,10891985
2024-05-15,344.4769287109375,346.5265296012057,339.99638147796406,340.80669692553244,8538183
2024-05-16,344.572265625,346.8601928804129,336.56447659219464,346.8601928804129,13114162
2024-05-17,348.3855285644531,349.3864877654954,343.52366438958296,345.5256118842444,8509179
2024-05-21,354.629638671875,356.63158599902147,348.29016304639,349.8631112703713,10939593
2024-05-22,356.39324951171875,359.7298185980534,353.2950067886937,357.48954496442826,14001806
2024-05-23,354.9156188964844,358.06154443894985,352.246375187036,357.5372089689184,15370357
2024-05-24,357.4419250488281,360.49248533142804,351.4837654040122,355.582967602615,13317821
2024-05-27,352.38934326171875,362.7327129041763,350.8163951346567,362.20840655934654,21891930
2024-05-28,348.33782958984375,355.82128370599327,347.09854405656506,355.2016409393539,10200096
2024-05-29,347.5751647949219,349.2434492935744,343.18995400852066,344.61991215022283,18146672
2024-05-30,342.9040222167969,347.76585730791965,340.4730755786585,347.00322449550976,14425073
2024-05-31,342.2366638183594,349.5294448472274,338.90009467249797,346.47888479798434,30515612
2024-06-03,373.50506591796875,374.83971683004967,356.01193407938297,367.02260045603447,39261174
2024-06-04,315.78240966796875,373.6003756120576,299.2902380981873,373.6003756120576,84042244
2024-06-05,325.0771789550781,326.26881084274333,300.57721570765057,324.1238734449459,46418629
2024-06-06,333.4185485839844,342.9516021532191,328.89034813859786,331.5595915009553,33171039
2024-06-07,343.761962890625,345.0965847479308,331.4643279819346,335.5635299206399,23930193
2024-06-10,347.8611755371094,352.8183758369218,344.9059226311664,347.9565119068318,16072588
2024-06-11,350.2444152832031,354.58197252103577,347.86115166656106,351.5313834547045,11235777
2024-06-12,353.9623107910156,356.53624720734973,348.3378143140135,352.29402621183687,12134524
2024-06-13,352.67535400390625,358.82415654637947,350.768743151808,358.82415654637947,11243702
2024-06-14,351.24542236328125,353.53334973988905,349.0051486245418,352.7230342481014,10298434
2024-06-18,352.38934326171875,354.86794317629335,351.4837205667789,354.4389440995616,10228382
2024-06-19,345.5732116699219,353.5809713080346,344.66755989196486,352.53232953686654,8337334
2024-06-20,340.9497375488281,347.86120305816195,340.377748377816,345.57327546669114,14338604
2024-06-21,342.9992980957031,346.0022336145044,340.09172803544317,343.14231719094073,17931844
2024-06-24,345.81158447265625,347.6228591792907,338.947772950848,340.9020667624763,9335598
2024-06-25,344.00030517578125,347.67053727259895,341.0450522240874,347.24153814849427,14983828
2024-06-26,348.004150390625,349.7677713296745,342.8563066681199,346.04988581300825,15918394
2024-06-27,359.5391540527344,363.30472231575226,347.09852924187913,348.0041519875216,55378829
2024-06-28,360.6831359863281,371.3124863231485,359.11018775495035,360.30181961092967,25141039
2024-07-01,352.4847106933594,364.1627031368851,350.6257533204211,363.92437676048667,23389211
2024-07-02,353.1043701171875,355.2016539654993,348.09951597663013,355.2016539654993,13702830
2024-07-03,355.2492980957031,356.7745927543169,351.4360759954566,353.2473506745585,9207317
2024-07-04,355.5352783203125,363.0663855378561,354.39130014616035,356.4409010399906,14916930
2024-07-05,362.0654296875,363.4477343469648,353.67635263665295,356.8699319897579,15946104
2024-07-08,359.8251953125,363.4477448040075,358.5858806287697,363.06642839846626,8898299
2024-07-09,359.4438171386719,362.4944062908382,357.5372061917115,361.4934471807137,8355819
2024-07-10,363.5906982421875,365.87862553784595,352.7230217683793,361.11209821665165,17715196
2024-07-11,359.49151611328125,365.40199286040774,357.1082523218813,364.54402371401886,19873143
2024-07-12,359.5391540527344,361.6840913713352,354.62963667534063,361.2551213631596,16151583
2024-07-15,367.6422424316406,370.7881678846579,359.3008197110679,360.92145061952294,22951140
2024-07-16,362.68511962890625,370.5975443076396,362.2561204807796,368.59559677067773,11893034
2024-07-18,360.1111755371094,365.0206933559629,356.72695243381787,365.0206933559629,15709153
2024-07-19,347.6228332519531,360.34946707428185,345.9545486821648,360.1111407071692,13330099
2024-07-22,356.0596008300781,359.6344964207415,345.4302504256871,347.71817778519676,18715538
2024-07-23,364.5917053222656,367.6422655103149,344.66759681347804,359.1101986189316,49882257
2024-07-24,374.2677917480469,376.5557194145818,363.8767663219577,366.1646939884926,36868466
2024-07-25,373.8387451171875,377.79495711426136,368.2142484990822,372.6947959754538,25973101
2024-07-26,377.7949523925781,380.84554158422503,371.5031594602401,376.50801326078374,20381410
2024-07-29,375.5069885253906,389.2345803675826,374.31535678400985,385.1353788142615,27751449
2024-07-30,387.9476623535156,393.4291686604816,378.4622615418234,378.4622615418234,34447139
2024-07-31,396.5750427246094,397.90966445372595,389.472905923402,390.37855768203735,29727771
2024-08-01,403.67718505859375,404.5351541038871,396.19373181686694,400.2929334180308,28803487
2024-08-02,400.1023254394531,406.3941183938803,394.0488297647423,396.813409864805,24233263
2024-08-05,393.9534606933594,396.241387858908,385.7550283486189,388.61494457869776,42489503
2024-08-06,395.62176513671875,405.1071660824479,393.9534805849374,393.9534805849374,18230579
2024-08-07,399.9935607910156,404.50947401123557,398.74449338399705,404.50947401123557,15556736
2024-08-08,391.7304382324219,400.66614631340633,389.9048376091993,400.04161262124416,16447385
2024-08-09,394.56488037109375,400.04162374868645,392.2108641855873,397.59148936514947,10954753
2024-08-12,385.14874267578125,393.94033202606795,384.42812011719695,393.94033202606795,26254763
2024-08-13,380.680908203125,388.65578653162726,379.5279003213666,387.21454134053346,11355664
2024-08-14,380.82501220703125,384.3320361726653,378.2307592339828,383.275117208749,9424614
2024-08-16,382.4584045410156,385.2448352520981,377.8944616261004,382.4584045410156,13844122
2024-08-19,387.3106384277344,391.5382852134501,385.72527454836717,386.54195671619846,10677045
2024-08-20,390.33721923828125,392.21084961950777,387.3106103566289,388.70379637658596,10126083
2024-08-21,392.9314880371094,393.65211062478795,389.32837509871626,391.5382726387141,9726854
2024-08-22,387.55078125,393.9883245717221,386.49386239950707,393.7481170748921,10445288
2024-08-23,386.2056579589844,390.00091913816664,383.8996423356456,387.55081419112753,11513586
2024-08-26,398.600341796875,399.65726068897834,386.2056403369135,386.6860553494873,13772637
2024-08-27,393.60400390625,399.8974580039009,393.0755591347684,399.2248652745565,8441188
2024-08-28,393.0274963378906,398.167942657428,391.3941029454816,393.98832632949745,15884745
2024-08-29,393.84423828125,396.43849118894053,387.9351392384066,393.0275268605173,19014705
2024-08-30,399.8974914550781,402.779981698179,395.38157834533723,396.53458617146043,22633988
2024-09-02,393.9403381347656,402.6838978456129,391.73044064972186,401.4348011313733,11107165
2024-09-03,390.4813537597656,395.4296229988296,389.7127013949004,394.420763104668,7538160
2024-09-04,389.2322692871094,392.25887815923033,384.235941167711,384.3320300396623,11052003
2024-09-05,387.45477294921875,392.40304254835627,386.10961655171684,389.47252220657674,14246871
2024-09-06,379.3357238769531,388.79990652892644,377.31800406022086,387.4547502103688,17956121
2024-09-09,374.5796203613281,377.366021786975,370.2078258128648,375.87674686081084,12293356
2024-09-10,380.7769470214844,383.75552611864373,374.48352175865654,374.8198181493725,15852309
2024-09-11,374.3874206542969,383.6594247113386,372.32164192483253,383.3711874271179,11492592
2024-09-12,388.9920959472656,390.3372523061557,375.34829595315745,375.68459237343234,24028069
2024-09-13,385.67718505859375,391.3460766192792,383.7074951397629,388.9920605360675,12017217
2024-09-16,394.99725341796875,395.8619946291736,386.25369378865963,386.6860790553656,11479712
2024-09-17,399.9935607910156,401.2906872965858,394.03643173619383,395.7178844191384,14432501
2024-09-18,397.9277648925781,403.3084191120582,396.8228161841097,402.10738153280846,10303840
2024-09-19,407.34393310546875,414.9344850400012,404.07708730384036,407.3919628816425,59601773
2024-09-20,407.34393310546875,413.01282483772934,400.2337668992966,411.28331306236,36084164
2024-09-23,411.57159423828125,413.6373731643233,408.3528074212251,410.75488275899704,14139629
2024-09-24,411.3313293457031,414.55011571391003,410.2744104800256,414.55011571391003,12539885
2024-09-25,419.01800537109375,419.8827465819928,408.9773192674241,411.3313647014005,19443168
2024-09-26,417.5767517089844,420.795538288058,413.6853723561796,420.795538288058,20041825
2024-09-27,419.78662109375,425.167274957655,416.5198049585163,418.92187995827703,53885913
2024-09-30,425.83990478515625,430.88426272411255,416.6159301180519,419.7866576650844,20903229
2024-10-01,422.861328125,430.21167244300176,421.61223141570485,428.5302197868873,15984996
2024-10-03,418.2973937988281,425.16732321342835,415.0786070693809,415.0786070693809,13563784
2024-10-04,413.5893249511719,422.1407069080299,409.60185661044045,415.94334108393554,18347292
2024-10-07,399.1768493652344,416.039404733519,393.0275136896996,413.7334185162963,23431004
2024-10-08,404.46142578125,410.94702869098626,395.1893922377137,397.7836451304908,18706355
2024-10-09,402.0593566894531,408.112574434227,400.6661413515542,407.82433714055463,13916492
2024-10-10,406.14288330078125,413.0608422281992,404.02904541278286,404.22122315613063,15866037
2024-10-11,405.95068359375,409.93812231372095,403.16428239920435,407.34389885212545,8639087
2024-10-14,407.87237548828125,409.31362063134935,403.54864005907683,407.96846436226065,8483177
2024-10-15,409.8901062011719,410.46661009702905,406.9595569481505,409.9381359749074,9365964
2024-10-16,407.6321105957031,412.58037902606003,404.7496207152385,408.6409703249844,6219440
2024-10-17,401.38677978515625,408.92930203814,400.28183101942926,407.05567158853614,11968387
2024-10-18,408.3047790527344,409.26560919115974,398.21606259926824,401.3387605491506,8828971
2024-10-21,408.352783203125,411.9558959960937,402.6838916066289,409.36164305627346,9139781
2024-10-22,399.465087890625,409.60183305229253,397.2551905343637,406.2869870179006,14242323
2024-10-23,392.3069152832031,398.50428111257094,385.9654601265195,397.7836585427471,22522821
2024-10-24,395.76593017578125,398.9847170203996,390.8656905803243,393.21973616038184,9400171
2024-10-25,383.2751159667969,391.53826058217504,376.2610680582568,386.73411014558394,19642277
2024-10-28,388.07928466796875,390.5774488770113,382.2182149950405,383.2751340052749,11716022
2024-10-29,396.006103515625,398.07188228097175,388.60772964412655,392.9794946899117,20284308
2024-10-30,392.4990539550781,398.55227121008124,389.9048012331028,397.92773757618477,12264297
2024-10-31,394.57757568359375,396.9944419189493,390.08221038638476,395.3993161041669,12204072
2024-11-01,397.6711730957031,401.63483959064007,396.70442660926784,398.29955241133376,2145479
2024-11-04,387.6170349121094,400.52307754891115,380.6081225351178,400.08805930992804,13866505
2024-11-05,389.695556640625,390.6623032313967,383.94340262442756,386.6986363086798,6665326
2024-11-06,395.30267333984375,397.1394859537363,389.74388046717985,393.1758485510919,9700643
2024-11-07,390.37225341796875,397.23615996997137,388.63212139194627,397.23615996997137,7589295
2024-11-08,384.4267578125,390.758965385453,382.396584166952,389.7438638112974,7536509
2024-11-11,379.4963684082031,387.56870846936687,378.77130845365724,384.9101553026986,12243693
2024-11-12,367.6536865234375,381.67151094022915,366.4452533840589,380.07638509680186,10549517
2024-11-13,368.66876220703125,374.7109274801806,366.73526931962346,371.23063438229457,20602407
2024-11-14,360.1130676269531,372.3907598545337,359.00131506369064,367.4119918274149,15086601
2024-11-18,354.5059509277344,367.3636674887354,350.5906099278422,367.3636674887354,16383636
2024-11-19,354.5059509277344,365.91354774864834,352.9107956114292,355.76270956803853,17055094
2024-11-21,344.3067321777344,352.234064636544,343.00161860792605,351.6056853630095,21276150
2024-11-22,353.29754638671875,354.89267232928063,343.8717673137683,345.17685158319637,15949254
2024-11-25,356.1494140625,364.6568011878135,355.27934809017864,361.5632005053791,18388844
2024-11-26,349.6238708496094,358.0829028461915,348.2704316307087,357.6962101411859,11222231
2024-11-27,357.01947021484375,359.2430048637975,349.33385325084475,351.7023644713081,14225274
2024-11-28,350.01055908203125,359.48469249879605,347.6420478549115,357.406193421034,16837860
2024-11-29,351.5573425292969,353.2491488258794,348.2220849605476,351.17064984777295,14280017
2024-12-02,346.2886047363281,351.79904203112784,345.1284971464958,351.55735540847627,12510350
2024-12-03,355.2309875488281,357.69617914453113,346.2885830702148,347.06196841320724,14205760
2024-12-04,360.3547668457031,362.6749526029096,355.76272085638834,356.6811418553563,22035954
2024-12-05,356.8744812011719,361.51488231902454,352.2824351122292,360.35477466387056,18758283
2024-12-06,357.21282958984375,358.85631043100994,355.811035372216,357.16450406624074,9736086
2024-12-09,357.5512390136719,360.886497110959,355.5210652354994,358.56631115137554,10878679
2024-12-10,356.8744812011719,358.85632932016296,354.21592820231035,356.72947511996847,7913822
2024-12-11,353.3458557128906,358.42127498099643,352.5724702921891,356.9711551901091,9998662
2024-12-12,343.77508544921875,354.7959904228358,341.26153847210094,353.8292438549262,22538216
2024-12-13,345.2735595703125,346.3853123154025,336.4761591694516,343.9201201631261,14269143
2024-12-16,341.1648254394531,346.9653042947663,340.00474737004714,345.27349796196665,12168143
2024-12-17,337.44287109375,342.083272230146,335.7027391068286,340.2947852141214,15646176
2024-12-18,330.3856201171875,339.32802534347564,328.69381372302485,337.9262311014932,14672392
2024-12-19,326.1802978515625,329.27389878131925,323.9084374346566,325.79360511103414,14513129
2024-12-20,322.1683044433594,332.46414983259416,319.9931245934042,326.5669896721628,20375797
2024-12-23,322.5549621582031,327.00200193578314,319.5097165994865,324.73014177196666,8884187
2024-12-24,324.15008544921875,325.64856020646164,320.71814721978757,323.95675385338063,7755462
2024-12-26,323.521728515625,326.1802815401117,321.2015426857165,324.1501078754055,9030212
2024-12-27,323.8600769042969,328.69380939540576,323.08669150682414,325.45520272581047,9090597
2024-12-30,320.3797912597656,325.6002165742575,316.5128051745475,323.8600846370144,36657549
2024-12-31,322.26495361328125,323.4733867455474,315.35272199727143,319.12302746938934,8580998
2025-01-01,322.5549621582031,323.52170865320915,317.8662357568717,321.92658283700155,7843971
2025-01-02,326.76031494140625,327.3403687383043,319.0263429901304,322.5549617923477,16543382
2025-01-03,328.5487976074219,333.04416284542174,325.84188975781973,326.8086362392288,8689629
2025-01-06,316.6094970703125,330.3373099657643,315.594424987681,330.3373099657643,10538077
2025-01-07,317.67291259765625,319.3647190088551,314.28929977525866,316.1261122640077,13891401
2025-01-08,314.5793151855469,319.50972839261175,311.14737680270713,319.50972839261175,8993608
2025-01-09,309.697265625,315.11105224806533,309.16553731666653,313.27421018643054,12403467
2025-01-10,297.9996032714844,310.3256209250494,297.37122395832546,309.6972416118905,15941143
2025-01-13,288.2838134765625,299.64308466934125,286.9786998219463,291.08737238103646,29630336
2025-01-14,300.078125,302.30165977985166,290.2173278331477,290.4590144720818,22732888
2025-01-15,310.6639709472656,313.51585521196364,302.15658466801193,302.15658466801193,21894626
2025-01-16,314.6759948730469,316.41612682239185,310.95401483958733,313.90260945172975,14865186
2025-01-17,315.30438232421875,318.0596159005053,312.59750377723475,314.48264185371033,7129232
2025-01-20,324.8751525878906,325.79357357265724,313.7575677330373,315.3527230752912,17991880
2025-01-21,313.5158996582031,327.00202605954723,313.03252637504045,326.56697830359525,12774630
2025-01-22,311.6790771484375,316.12611711234416,306.7970189452083,316.12611711234416,11068145
2025-01-23,312.88751220703125,314.28930649309245,308.923845486948,310.3256397730092,6477347
2025-01-24,312.88751220703125,318.9296780904621,311.3890668690456,313.99926482902987,7492600
2025-01-27,311.4857482910156,314.24095233932104,304.52516137281737,312.88751307821667,13803855
2025-01-28,307.66705322265625,313.0808391642039,297.9029083195942,311.7757255751976,22008929
2025-01-29,310.5673522949219,312.1624783205528,302.88170484947443,309.3589190175097,16056888
2025-01-30,312.2591552734375,315.9327805931954,310.4706681429902,311.53409531537227,10375720
2025-01-31,315.6691589355469,317.8613058725993,309.384992489505,314.159025160958,13195557
2025-02-01,309.5311584472656,322.2943012327426,308.60557340577117,317.66643549106175,10097627
2025-02-03,303.2469787597656,305.97497181609333,296.1833945155622,302.1265541020915,15881217
2025-02-04,310.8951416015625,312.2104356494708,302.3213939161228,306.75441980108087,12141064
2025-02-05,311.3822937011719,314.7435677661699,310.21313679767115,312.7462902666593,12226722
2025-02-06,304.75714111328125,314.402611877744,303.3931444568907,314.30517717380957,13384442
2025-02-07,308.8004150390625,311.04126425092375,304.07511502320597,305.4391114883777,8937447
2025-02-10,302.5162658691406,308.7029973818034,301.0548346330578,308.36199081347183,6806132
2025-02-11,297.7422790527344,304.3187199672192,296.3295502223903,304.3187199672192,13241830
2025-02-12,298.37554931640625,299.5934087013712,292.2862523915816,298.3268468341657,7616083
2025-02-13,298.8139953613281,300.6651357094654,295.3065543300232,298.2781193836465,9086906
2025-02-14,292.62725830078125,300.32412364968485,290.67868328926664,298.96012708820365,7446248
2025-02-17,294.5758361816406,295.40398651618,285.27137257129044,289.8505357861115,6464173
2025-02-18,303.1982727050781,304.36739982991213,289.8505224664086,293.40666578706475,15793327
2025-02-19,306.7056884765625,308.2158519185008,302.61369887807547,303.19827731582916,13079903
2025-02-20,316.7895812988281,318.7381563395503,303.4905625924784,304.5135525956993,22888146
2025-02-21,317.86126708984375,321.27127302030954,313.28210437577576,314.98710734100865,10809296
2025-02-24,311.8694152832031,317.03312681861235,311.23613439420285,313.81799016190746,6034113
2025-02-25,310.50543212890625,313.2334251829092,307.63127216641857,311.8694286559077,10686112
2025-02-27,307.58258056640625,311.08999183623087,306.4134236545345,307.24157398936904,7302366
2025-02-28,303.44183349609375,307.5338228829829,298.66780127871704,305.92625456195884,21127180
2025-03-03,306.3159484863281,309.6285196551184,299.78824083401315,303.29565164044317,9779703
2025-03-04,305.6827087402344,306.80313343923706,300.0805555123257,303.29569242822816,8734999
2025-03-05,317.8125915527344,318.8842840068403,305.4391285201632,305.48783100157,10493615
2025-03-06,329.2117004394531,330.08855313669676,314.8896937634298,320.5405486860146,26294903
2025-03-07,321.076416015625,330.0398724142012,320.2482954726346,327.2144447666804,8992315
2025-03-10,320.9302673339844,326.3375803064068,317.90997041239154,320.9789995442844,11383132
2025-03-11,321.80712890625,324.6812887417573,315.3768556012048,318.59199225372737,10299324
2025-03-12,321.6609802246094,326.1914107029773,318.0074024625559,322.4891304639199,6984859
2025-03-13,323.3659973144531,325.9478530992446,320.0047234661789,323.46343200561176,8965150
2025-03-17,323.1224365234375,325.8991617856791,322.00201186895947,324.38902808610794,4353561
2025-03-18,323.1224365234375,323.1224365234375,323.1224365234375,323.1224365234375,0
2025-03-19,332.5243225097656,335.057476037498,327.7016170699998,330.28347308113456,30582397
2025-03-20,332.9627380371094,335.8368979250275,331.5500093329679,335.8368979250275,15002119
2025-03-21,342.2671813964844,344.75163232158565,332.96274781308057,333.20631968419474,36406837
2025-03-24,357.51483154296875,358.5378215864017,344.55678917307,347.820658441156,24588471
2025-03-25,357.51483154296875,361.8991255569329,354.7868085389864,359.51210914506044,23189083
2025-03-26,345.5310363769531,359.51206715743194,344.21574237979854,357.5147897886035,18668095
2025-03-27,351.3768005371094,355.0791110834549,341.97493158401426,344.80035954510913,37930538
2025-03-28,348.40521240234375,354.93292074620217,347.28478773532055,352.6920714121557,11327077
2025-04-01,343.0953063964844,353.56889608181143,341.82874465327615,343.290175772159,18736320
2025-04-02,342.70562744140625,344.36192808126043,338.1264643073824,343.09533649404995,13593404
2025-04-03,349.6717834472656,352.058799753951,342.7056336564081,342.7056336564081,10317410
2025-04-04,341.39031982421875,349.6230607492348,339.5878820777657,349.6230607492348,10872963
2025-04-07,340.8057556152344,342.3646215618517,315.66915000777334,319.5663000078693,18025165
2025-04-08,343.8747863769531,349.03849825419917,341.00062634743813,347.6745016953884,17506712
2025-04-09,340.3673400878906,345.67718906100674,339.24691542258313,344.8977709632871,7462119
2025-04-11,350.8409118652344,352.2049083298919,341.97489024562117,341.97489024562117,11246077
2025-04-15,353.17919921875,358.9762214163254,352.25361425177806,357.5634927262931,17497327
2025-04-16,350.06146240234375,353.66633779367334,348.69746594420843,353.1791940777041,11541484
2025-04-17,354.640625,356.05335366856923,348.0641848385989,350.0127597012363,12288196
2025-04-21,355.1764831542969,358.732656184675,352.497192627948,356.3943424844555,7375594
2025-04-22,350.987060546875,357.6122034398902,350.4512143323274,357.6122034398902,12077119
2025-04-23,354.44580078125,354.8842420743632,348.6975101506468,353.6176801454308,9719205
2025-04-24,353.8612365722656,357.0276709891354,352.30237060507375,354.3970828111932,7491123
2025-04-25,347.2847595214844,356.3943230274272,342.0723159263955,353.861199545306,9785640
2025-04-28,352.2049255371094,353.56892206840587,344.6054950535328,344.6054950535328,5315840
2025-04-29,347.77191162109375,354.9816326894661,344.9951864863246,354.640626140829,9472828
2025-04-30,345.4336242675781,351.7177905909625,342.9492030139025,347.8206405567136,16739088
2025-05-02,339.7340393066406,348.7949005277519,338.66231718525614,345.4335969954307,8221620
2025-05-05,339.6366271972656,342.94919873850176,336.66503249345936,341.97491124208557,9492646
2025-05-06,333.0114440917969,340.5134694755459,331.25773854559543,340.02632574239055,8904223
2025-05-07,333.2550354003906,334.86263359990505,328.33489530164,329.3091828247903,8465490
2025-05-08,331.2577209472656,334.2780178789515,329.6988551374059,332.28071083938704,14286109
2025-05-09,326.1427001953125,330.03984971220945,322.09941351811017,325.60685402989566,11322011
2025-05-12,339.587890625,340.22120127585947,329.40660425783733,331.64745357768135,7978210
2025-05-13,332.7191467285156,340.80572024633017,331.74485932960346,339.6365932073706,14738980
2025-05-14,329.8450012207031,335.0087424971646,329.06558316114706,333.64474602649494,22485535
2025-05-15,333.1575927734375,334.9112982237066,324.09670199266805,330.7705767183953,43307763
2025-05-16,334.27801513671875,338.6623084662309,333.20629304292623,334.1805804494845,6920351
2025-05-19,336.2752990722656,338.75974984782056,333.59600865128397,334.27802174250905,6218209
2025-05-20,333.7908935546875,340.708340546268,332.76787387026775,337.980317787376,9986143
2025-05-21,337.2496337890625,338.4674932421018,331.11163403890316,333.74219261773,5930972
2025-05-22,332.6217346191406,338.0777503699608,329.5527350508336,337.2496000780954,8717514
2025-05-23,335.73944091796875,336.08044745143036,331.4038501344387,333.20628775454304,4045937
2025-05-26,334.6677551269531,342.1697807449365,333.74217011190115,341.97491135243246,16655082
2025-05-27,329.8450012207031,335.6420233871655,328.1399981991428,335.15487966671975,24937330
2025-05-28,331.3064270019531,331.93973761456283,328.4322969377317,329.8937280753369,10985957
2025-05-29,330.6244201660156,333.44984755150284,329.35782876363135,332.2319883566471,15884093
2025-05-30,325.3145751953125,331.9884502069465,324.2915852609797,328.8220159790005,19143010
2025-06-02,323.999267578125,326.1914142592568,321.8071208969932,325.3145615333826,29479727
2025-06-03,319.80987548828125,326.14274430983136,318.59201609952163,324.4377411655679,14081719
2025-06-04,320.7841796875,321.466192873844,316.4973203626291,320.5406077970767,15654279
2025-06-05,320.1995849609375,323.07374501529193,319.1765949662122,320.7354609324231,16270360
2025-06-06,324.2915954589844,324.9248763779097,320.5892851747618,321.1738636125753,11402511
2025-06-09,328.43231201171875,328.8707235333864,324.19415557156725,325.3145802152433,19416373
2025-06-10,330.47833251953125,332.13460343293355,328.1400187287834,330.0885937324766,12061248
2025-06-11,329.4065856933594,333.7908791238844,328.7733048110843,332.232013290897,10807496
2025-06-12,325.1197204589844,332.8652875251476,324.09670083922475,329.4552815917332,11881618
2025-06-13,323.41473388671875,324.34028913297107,318.2022900348364,318.39712968688724,11711773
2025-06-16,325.1197204589844,326.04527565831876,322.0994235428103,323.4634199695977,8065112
2025-06-17,326.5811767578125,328.23744764203144,324.53516709340613,325.412019883039,6796992
2025-06-18,323.8531799316406,327.26318640147747,322.24561139958263,326.5812029472482,17835507
2025-06-19,321.5635681152344,324.58386522383717,320.1021369078034,323.85314962012166,11610604
2025-06-20,326.5811767578125,327.36059485239855,321.22259559207384,321.51486994431997,16592862
2025-06-23,324.04803466796875,327.06833192253436,321.8558877508818,325.1197568851237,8277787
2025-06-24,321.4661865234375,323.1711897227192,313.0873077118169,322.489176549848,100814893
2025-06-25,322.343017578125,325.1197428330004,320.9302888439042,322.97629849133307,17963666
2025-06-26,328.4809875488281,329.11426840566673,322.7814003714975,323.85312244693523,13754087
2025-06-27,329.6014404296875,332.52430285052264,325.85045744259764,330.23475107385036,50845169
2025-06-30,326.28887939453125,328.57846097727514,325.0710200135925,327.11702972014865,11858890
2025-07-01,324.04803466796875,326.62989064595877,323.60959339139316,326.62989064595877,8903292
2025-07-02,325.1684265136719,327.0195666655982,322.78141044086397,324.09670440480113,11326880
2025-07-03,325.9966125488281,327.701615721434,322.4891715043168,325.9966125488281,15786429
2025-07-04,326.87347412109375,327.36061789772725,323.7070395729758,327.06834352490574,5899185
2025-07-07,328.7733154296875,330.28344910026277,325.16843993278087,326.8734429886082,9454556
2025-07-08,334.3754577636719,335.0574411247211,328.3348638064204,329.5040206152087,12092302
2025-07-09,335.1548767089844,336.71374254723264,333.98571989707494,334.4241611347642,9079872
2025-07-10,332.67047119140625,336.1291798444743,332.4268993219537,335.1548923666643,6426072
2025-07-11,333.8883361816406,335.1548980310419,330.7706043067986,331.7448918010749,17234194
2025-07-14,333.30377197265625,336.129199880142,331.20905971708385,334.2293272920089,11516965
2025-07-15,333.206298828125,335.252308363999,332.18330892663425,334.32672341854163,8450777
2025-07-16,333.6447448730469,334.96000912738907,332.03714681481887,333.20630363300415,6001484
2025-07-17,333.839599609375,335.6420373968367,333.20631869294095,335.34976304552697,7562006
2025-07-18,333.30377197265625,335.0574776440899,331.8910431524654,334.18062480837307,6370338
2025-07-21,332.76788330078125,333.98574267420366,330.5757364286209,333.303759264824,4463318
2025-07-22,332.0859069824219,333.79091014162015,331.3064591270511,332.7678904063639,4728372
2025-07-23,334.22930908203125,335.15489408385076,332.18332915446274,333.0114497285289,5058422
2025-07-24,330.18603515625,334.7651984013802,327.8477510507583,334.7651984013802,9098453
2025-07-25,324.6325988769531,331.16030712602645,323.99928823127567,330.1860196500847,7790739
2025-07-28,324.3890380859375,327.9451815479893,321.8558846154022,324.87618184054446,4605823
2025-07-29,325.9966125488281,326.873465376732,320.0534526863084,323.4634590315202,7551356
2025-07-30,330.08856201171875,333.49856794048816,323.95056323309075,326.3862817536403,12537358
2025-07-31,325.65557861328125,331.35516611524565,324.4377193065749,327.4092841217811,8935384
2025-08-01,322.3917236328125,326.14273640586663,321.7097402313719,324.43773330292333,7107542
2025-08-04,323.46343994140625,324.7300017588626,318.7868719799893,322.39171777815415,8193399
2025-08-05,325.0223083496094,325.7530239575299,322.78142931225005,323.90188369737683,9855535
2025-08-06,323.5609130859375,326.7760502248769,323.0737692931953,325.02234446416406,13872826
2025-08-07,321.27130126953125,323.9018893974965,320.19957907914187,323.560882827887,8731389
2025-08-08,326.1427001953125,328.82199048817915,321.17382861469065,321.5148351439974,11247218
2025-08-11,327.5067443847656,330.3809044661656,325.3633296773396,326.3863196816912,11993280
2025-08-12,331.3551940917969,333.0601972651404,327.1170374000495,327.604181163862,7221182
2025-08-13,331.2090148925781,334.18057958170766,330.4295671296203,331.54999169767444,5417151
2025-08-14,330.6244201660156,331.69614220406675,327.6528258908333,331.20899852612445,5689423
2025-08-18,327.4093017578125,333.01145487042396,326.8247530454211,332.6704780324939,6511340
2025-08-19,326.43499755859375,331.89101321396157,325.55814480197415,330.18601017996497,10316115
2025-08-20,333.206298828125,334.57029527441017,327.84771799901773,329.11427975637696,10824544
2025-08-21,330.08856201171875,335.49587496707403,328.23742188267954,333.5473001506344,11135121
2025-08-22,328.33489990234375,330.1860402756887,326.8734685971404,329.79633120754704,8534844
2025-08-25,329.16302490234375,332.6217334984358,328.38357709319916,328.38357709319916,7142387
2025-08-26,324.6325988769531,328.72458843617204,323.21987014367994,327.50672909124484,13113388
2025-08-28,322.2942810058594,324.34029062561814,320.24830111899445,322.73272225755545,10486948
2025-08-29,319.1278381347656,322.976285404538,318.59199193750806,322.4891416859791,11813425
2025-09-01,322.1968688964844,323.07372164752593,319.56628091046656,319.56628091046656,6897558
2025-09-02,327.6528625488281,329.55273499851813,322.5865855711445,322.5865855711445,9224639
2025-09-03,325.65557861328125,329.3091565334003,324.92486302925744,327.8477253653527,10778333
2025-09-04,324.8190612792969,329.5922001613107,324.0809479480754,328.21439461647896,7934237
2025-09-05,323.4904479980469,326.54129209246787,320.7840327289342,324.8190278303053,5678244
2025-09-08,321.52215576171875,325.70479766845176,321.1776968920301,323.5396533737569,5239184
2025-09-09,318.9633483886719,322.94914796612073,318.52046842055296,322.40787692411345,9735495
2025-09-10,320.4888000488281,322.85075668455676,319.9967244983052,320.3411833904529,6509477
2025-09-11,325.8031921386719,328.21437421770185,320.8332413642303,321.27612134900113,10309925
2025-09-12,326.44293212890625,328.2143920966744,323.1952154761205,326.7381654455649,5257048
2025-09-15,325.8524169921875,328.5096067932287,325.40953700839407,325.75399588091045,6566824
2025-09-16,329.73980712890625,330.47792043843276,325.9508495004629,325.9508495004629,8784889
2025-09-17,331.06842041015625,332.1017970741923,329.2477348882994,330.1826904366309,7936518
2025-09-18,331.6097412109375,332.2494334501217,328.80490443338095,331.6589367547557,6497322
2025-09-19,333.28277587890625,334.1193103504831,331.1176614021352,331.6097369696617,10646331
2025-09-22,333.8240661621094,334.95583392381485,331.5113050632019,333.77484058661287,6966213
2025-09-23,337.5638427734375,338.6464150398427,332.7415081691703,334.0701182218535,10738268
2025-09-24,342.0909423828125,344.8465535621512,336.82572777530635,337.859074459081,14653575
2025-09-25,335.1034240722656,345.2401676180112,334.6113485596779,343.7639410802479,13228081
2025-09-26,332.54461669921875,335.3494530543635,331.11761577039425,335.103415304507,6337702
2025-09-29,335.54632568359375,338.301936718208,332.64306795855805,333.72564016283786,16922231
2025-09-30,335.05426025390625,337.61302913447474,333.77484577971336,335.6939524740484,8308029
2025-10-01,334.8573913574219,337.6130022558381,332.692247055876,334.906586895859,6022078
2025-10-03,336.57965087890625,338.0558774178488,333.3811600445307,334.85738658347327,8506827
2025-10-06,333.7256164550781,336.3828061852815,330.33028342692836,335.2018429831596,8436245
2025-10-07,332.64306640625,335.98917408521186,331.511298666383,333.7256386054779,16130172
2025-10-08,328.5096435546875,333.873279363479,327.03341682205604,333.873279363479,13223442
2025-10-09,330.52716064453125,331.06843174858204,325.9508639296648,328.50963282216907,6824759
2025-10-10,334.3161315917969,336.5304715065776,330.62556506716226,330.67476060726113,8970962
2025-10-13,336.284423828125,336.67807823903706,330.87159308484115,332.59385741224963,6663149
2025-10-14,331.314453125,337.5638184529958,329.88745208774424,336.5796673787888,7545848
2025-10-15,333.8732604980469,336.3336382467429,331.4128827493509,331.6097249828098,8121744
2025-10-16,336.08758544921875,337.1701576170371,334.26689998978424,334.8082010906468,6788416
2025-10-17,335.59552001953125,338.7448155054184,334.75898559041366,336.0875955620819,7032129
2025-10-20,336.53045654296875,338.9908341166594,334.9065833172082,335.98915545641324,6896835
2025-10-21,336.57965087890625,338.0558774178488,335.6446953906803,337.5146063671322,346988
2025-10-23,337.2193603515625,339.7289636169493,335.64471262240147,338.3511280827413,8710859
2025-10-24,334.2177429199219,337.809888679138,332.7907117116462,337.0225797576888,7584711
2025-10-27,336.3336181640625,337.4653858541025,335.0542338246966,335.30027158487513,6752390
2025-10-28,333.77484130859375,337.46540795294777,331.9541557572641,336.9733324003672,13186584
2025-10-29,341.99249267578125,344.45287032093074,333.77482533420056,333.8732464467879,15423201
2025-10-30,339.6797180175781,343.4687054454625,338.00667930652526,343.4687054454625,6721032
2025-10-31,331.6097412109375,339.5321459358775,330.28113115484126,339.5321459358775,18651312
2025-11-03,329.887451171875,332.1509866227039,328.11596122287625,331.51129443302676,10242245
2025-11-04,325.3603515625,330.6747613633437,324.4746216013439,330.0842647112706,11887651
2025-11-06,321.47296142578125,327.6731315809044,319.45546361771085,326.78737153452323,11587302
2025-11-07,323.6564636230469,324.6489703926429,318.4458030826677,321.96918999917244,8578167
2025-11-10,323.0113525390625,325.79035948383523,321.5722055529706,323.6564759060022,5246998
2025-11-11,324.20233154296875,324.9963551352011,320.43081791879985,323.50759497478134,6103758
2025-11-12,324.6986083984375,325.7903719861034,323.1105913880966,325.045991852091,6850550
2025-11-13,324.5001220703125,327.4776425776202,323.11058826911164,324.6986052641234,7276001
2025-11-14,325.9888610839844,327.4279777287404,323.75572084900506,324.5497141503254,9169855
2025-11-17,327.72576904296875,328.96640258675814,326.0881085340428,326.53474872536896,6283156
2025-11-18,325.9888610839844,327.2791077708557,324.6985841082101,326.58434091552317,6776200
2025-11-19,324.1527404785156,326.4851376137269,322.6143367009101,326.4851376137269,6935056
2025-11-20,324.1527404785156,327.52725768169756,323.7557437997128,325.5422439987782,5155775
2025-11-21,324.20233154296875,325.93921839679183,322.5647014242876,324.4008450132526,6142545
2025-11-24,321.0263366699219,324.64898043320596,319.6368029183904,324.25198377087,13719726
2025-11-25,321.27447509765625,323.16023202926664,320.08345477826816,321.02634838852583,8074651
2025-11-26,323.6564636230469,325.3437069580184,321.5721933491146,321.8699332644323,7101095
2025-11-27,324.8970947265625,326.2865981361298,322.5646977771625,324.6985812585232,6755179
2025-11-28,324.00384521484375,325.6910885402578,321.8203182185401,325.5422185834422,8930988
2025-12-01,324.64898681640625,325.79036360140253,323.0113566215068,324.64898681640625,6936186
2025-12-02,326.13775634765625,327.4776466503896,324.3016126208665,324.99637953010756,5806943
2025-12-03,320.53009033203125,326.5347444905355,318.8924298443442,326.5347444905355,8546132
2025-12-04,320.53009033203125,321.86995031082324,318.69394665325495,320.48044681758057,5965357
2025-12-05,320.87744140625,321.72107825739164,318.54507462043483,319.8353213653072,6574010
2025-12-08,317.1059265136719,320.7782138345562,315.4682963312413,320.7782138345562,7906928
2025-12-09,317.45330810546875,318.99168153992724,313.1855106643288,315.0712978277346,7152584
2025-12-10,319.190185546875,321.2744558363941,317.1059152573559,317.45329868709297,5484712
2025-12-11,320.1827087402344,321.0263456017354,316.7585480683971,319.2398151381619,6317942
2025-12-12,322.61431884765625,323.5075991866605,320.48043531438657,320.48043531438657,4261023
2025-12-15,321.5225830078125,322.8624429276532,319.1405425083109,320.6293026760478,10219819
2025-12-16,318.5946960449219,321.3737030848919,316.6592955889,319.63681611268436,5241263
2025-12-17,318.8428039550781,319.984180697448,317.1555303088596,317.6021704766537,5043027
2025-12-18,316.1134033203125,319.7360469395152,314.62464317908655,319.5871769831731,5554193
2025-12-19,317.5029296875,318.1976965858744,315.12091934706694,316.56006636988315,10833662
2025-12-22,318.29693603515625,321.224812858892,317.1059157851905,317.55255595115347,8925871
2025-12-23,320.82781982421875,322.3165800090179,317.8502994546204,318.6442927709519,6024641
2025-12-24,320.133056640625,324.202340583696,319.8353167157995,321.4729468801477,5678004
2025-12-26,321.67144775390625,323.3090778540973,319.88491740823196,320.1330440988337,4174183
2025-12-29,323.06097412109375,323.35871405541303,320.6293202648354,321.6714706127625,14043845
2025-12-30,322.4654541015625,323.11057746546095,320.9270806731198,322.5647108396016,8035909
2025-12-31,327.0805969238281,328.1723604385753,322.2669632765072,322.316576499899,8497983
