Price,Close,High,Low,Open,Volume
Ticker,POWERGRID.NS,POWERGRID.NS,POWERGRID.NS,POWERGRID.NS,POWERGRID.NS
Date,,,,,
2020-01-01,76.68421936035156,76.84111691131139,74.62491971833632,74.7425968716943,13620373
2020-01-02,76.5273208618164,77.15491642169934,76.23313594188858,76.7038339418469,5673692
2020-01-03,75.7035903930664,76.40963191474542,75.01715374673503,76.19389848317219,7358268
2020-01-06,75.74282836914062,76.07623901185627,73.74236983303119,75.3113614058216,7355290
2020-01-07,75.19367218017578,76.29196557289288,74.97793873313003,75.76243173356353,14023712
2020-01-08,74.74259185791016,74.89948939834518,74.07577066083154,74.6445302301153,9451757
2020-01-09,75.68397521972656,75.86048826103645,74.97793369485359,75.29172874586752,7714854
2020-01-10,75.37017822265625,75.97815811336642,74.91909053321878,75.97815811336642,4118638
2020-01-13,76.40962982177734,76.48808124211868,75.23289043775603,75.46823937859692,27682638
2020-01-14,76.58616638183594,77.01763336569432,76.19391980001214,76.40965329194132,5994314
2020-01-15,76.19391632080078,76.80189636679182,75.66438239548158,76.64499880526361,7114590
2020-01-16,77.0568618774414,77.54717012247075,76.13508131274924,76.13508131274924,8552344
2020-01-17,77.42948913574219,77.60599689101542,75.95856457421024,76.86072951054277,4698386
2020-01-20,80.27327728271484,82.76404395813306,79.7241331725889,80.17521564447149,49337827
2020-01-21,78.6846694946289,80.13598375699536,78.05707931432511,79.88102458122394,17283910
2020-01-22,78.46891784667969,79.37108251188954,75.72319282364468,78.64543086909075,56787054
2020-01-23,79.21420288085938,81.35194854504424,76.05662051981443,77.1745241669553,226059260
2020-01-24,77.25298309326172,77.7236811238772,76.19392050465409,77.05685980053606,16151679
2020-01-27,75.7035903930664,77.0568375296484,75.42901573453385,77.03722733411749,8213919
2020-01-28,74.70335388183594,75.70358551328775,74.17382011461825,75.70358551328775,9174575
2020-01-29,75.46824645996094,76.01739049332842,74.23266573465459,74.70336366050306,17600091
2020-01-30,76.25273895263672,76.5861495378954,75.075999465971,75.46824596152624,26386034
2020-01-31,73.29129028320312,76.68422744642605,72.60485877021104,76.60577600258165,63986362
2020-02-03,73.48739624023438,74.13460187865735,69.60415708951308,70.95740427527322,16329297
2020-02-04,76.2331314086914,76.60576774651499,73.7423648373788,73.87965218921822,14207381
2020-02-05,74.27190399169922,76.76267073960801,73.74237006573681,76.13507517254827,14550344
2020-02-06,75.66439056396484,75.99780124332158,73.9973424873663,74.50726094742828,9175642
2020-02-07,74.68376159667969,75.62515223070982,73.95810443204955,75.62515223070982,18058457
2020-02-10,73.19320678710938,74.95831586498373,72.46754976883551,74.80141834432042,30471811
2020-02-11,74.33072662353516,74.99754779185699,73.78158259560259,73.93848012927138,32456571
2020-02-12,74.27190399169922,75.27213592300258,73.95810886826162,74.54647871484552,16386952
2020-02-13,74.74259185791016,74.9779408286546,73.62468823701191,74.05616046334609,18581113
2020-02-14,72.21260833740234,75.0760114023187,71.93803361878555,74.72298524404442,23830630
2020-02-17,72.0164794921875,72.87942398098396,70.82012971107714,72.56562356679251,17670292
2020-02-18,72.56563568115234,73.09516964585315,70.93781338388943,71.62424492178697,30879880
2020-02-19,73.54623413085938,73.72274718254155,71.78112489477196,72.9578643854969,22313738
2020-02-20,74.23267364501953,74.8014332560125,72.91865199235333,73.54624220011694,25907657
2020-02-24,72.99710845947266,74.21307396976505,72.58525166220205,74.13462252257781,14921452
2020-02-25,73.01671600341797,73.62469603204265,72.70291556914042,72.99710048367191,17807428
2020-02-26,72.89904022216797,73.89927214257472,72.15377282198428,72.5656295820324,17113656
2020-02-27,73.13439178466797,73.62470000199191,71.11432299333023,72.60485784592117,28472046
2020-02-28,71.1927719116211,72.68331214292789,70.27099136281825,71.95765488875608,28010970
2020-03-02,71.97725677490234,73.42857111558146,71.29082532299438,72.0753184108892,19540018
2020-03-03,75.19367218017578,76.37041168082604,71.40849451712086,72.09492589250017,16039306
2020-03-04,77.29218292236328,77.6648191817799,73.95808806297487,74.8014168751365,16939245
2020-03-05,76.86073303222656,78.27282174003462,76.31158890146358,76.8999587530349,9715265
2020-03-06,74.76220703125,75.54670010582147,73.80120620701045,74.7229813134846,14371982
2020-03-09,70.97702026367188,73.97770484008346,69.80028079682941,72.52639602308786,69609292
2020-03-11,71.1535415649414,72.13415797437395,69.5257193893203,70.40827415780959,42604599
2020-03-12,65.15215301513672,69.78065904292446,64.62261923835331,69.11384326342719,58418097
2020-03-13,65.85820007324219,67.7017606904795,58.640865775445626,63.8577419252191,44617540
2020-03-16,64.23553466796875,66.24861589352453,63.03582421866635,66.04527457845774,39669086
2020-03-17,65.88262176513672,69.27842381625649,63.34085458854825,63.66619858075645,35460792
2020-03-18,58.62332534790039,67.06199118550072,49.67630063060218,66.6959778668263,119909061
2020-03-19,59.84336853027344,61.775111154508416,56.976252483659046,59.13167387923949,44039786
2020-03-20,63.95088195800781,65.8216237981606,60.29073703787813,60.29073703787813,131485883
2020-03-23,62.22245407104492,63.381500579083905,57.5659361153738,57.5659361153738,39665620
2020-03-24,59.90438461303711,63.9305428152539,59.13168847580163,61.83612771411977,42302851
2020-03-25,61.104095458984375,63.82886638369373,60.331393875273015,60.3924006962936,23309603
2020-03-26,64.39820861816406,65.76059094196822,59.8840305668532,61.24641840664325,25329120
2020-03-27,65.06925964355469,67.61102695197619,63.70687126304315,64.49990486966588,28883749
2020-03-30,63.30016326904297,65.02856435001439,62.24278738689858,63.035820677503345,22364337
2020-03-31,64.7032241821289,65.80126397519983,63.60517887307178,64.41854413430337,24838523
2020-04-01,62.87316131591797,65.86227466468067,62.28346921098565,64.66256404276548,14182117
2020-04-03,63.52384567260742,65.25224700324453,61.71411111835586,62.852820376851525,21066826
2020-04-07,64.25586700439453,65.84192803271704,63.6051737446765,65.47591479787118,24741992
2020-04-08,64.39820861816406,66.16727354990638,63.13749143035856,64.21519923819753,21481260
2020-04-09,66.87898254394531,67.79401853376945,64.39821720166921,65.43525578374191,15607786
2020-04-13,65.04890441894531,67.06198578347598,63.95086455137215,66.69597249428493,14901247
2020-04-15,64.88623809814453,66.65530891830286,64.43888603203746,65.65893411270017,25249654
2020-04-16,66.45197296142578,67.79402926860078,64.05254597803639,64.337220577022,31150756
2020-04-17,68.22101593017578,70.45777000828136,66.79762697138132,68.18034657101317,18536308
2020-04-20,67.30599212646484,68.81072007086823,65.9436042064217,68.81072007086823,24177042
2020-04-21,66.1469497680664,67.50933777555557,65.94360843906763,66.69597245956044,13915863
2020-04-22,65.96393585205078,66.18761460823637,63.68651753588394,65.06923737526701,19702407
2020-04-23,64.25586700439453,65.84192803271704,64.09319506846147,65.67925609678396,32128585
2020-04-24,64.72356414794922,65.10991490142551,63.34084413527583,63.849197486698905,33134279
2020-04-27,64.90656280517578,65.67925866809789,64.11352950197475,65.67925866809789,9762001
2020-04-28,63.93052291870117,65.23190954606937,63.767850969276694,65.08956952182814,26134701
2020-04-29,64.27620697021484,65.31325103401777,63.44250974675348,64.86589901723924,14509262
2020-04-30,65.90293884277344,66.47229345880903,63.93052685509072,64.9065696437078,18702868
2020-05-04,64.6828842163086,65.67925882882135,64.09319773452401,65.43524815677884,12598146
2020-05-05,66.55364227294922,67.44834645931365,65.15058468887484,65.65893808658478,18305545
2020-05-06,67.26531219482422,67.77366540484587,66.16726705478331,66.24860577478091,12853774
2020-05-07,65.78092956542969,67.10264806500795,65.47591760398855,66.5536254312167,8561359
2020-05-08,64.66255187988281,66.1266103868217,64.29653863214457,66.1266103868217,30898767
2020-05-11,64.58122253417969,66.04528125383429,64.39821864171458,64.78456386979875,9453421
2020-05-12,66.41130065917969,67.10266347022824,64.13387638771137,64.45922586419957,19986028
2020-05-13,67.773681640625,69.90876563419403,65.90294027639577,69.72576174433726,27175817
2020-05-14,65.39458465576172,66.69597134602093,65.06924074119016,66.69597134602093,26454121
2020-05-15,64.98790740966797,65.780940851875,64.35755145426326,64.74389669545143,20009870
2020-05-18,62.832489013671875,65.15057692126143,62.34446760366001,65.00824239966248,32898286
2020-05-19,64.27620697021484,64.78456028110263,62.62914444933304,63.03582709804326,12276533
2020-05-20,64.43888854980469,65.33359271697687,63.34084854389768,63.544189898619784,24677051
2020-05-21,64.62188720703125,65.0082379230177,63.849191291044676,64.07286453757177,17176100
2020-05-22,63.38151168823242,64.255878324398,62.66981701665795,63.84919565492687,25080927
2020-05-26,63.99152755737305,64.54054467857465,63.23916361130007,63.50350620965381,18512685
2020-05-27,63.91020202636719,64.21521405268727,63.34084734710045,63.99154077311408,22655078
2020-05-28,63.95088195800781,64.39823410699906,63.46286042892863,64.39823410699906,25797051
2020-05-29,64.07288360595703,64.52023574813163,63.686538290978774,63.950880983540316,63844851
2020-06-01,64.60155487060547,65.49625336701172,64.1338654228629,64.47954676928669,45314328
2020-06-02,67.12298583984375,68.46504189675052,64.4998860524111,65.00823936578796,43626060
2020-06-03,66.91964721679688,68.11936329120694,66.6349726594022,67.30599795695922,13811685
2020-06-04,68.8310546875,69.11573474735205,67.14332280234223,67.18399217031916,23992166
2020-06-05,69.72575378417969,70.88480035156475,66.91963930019921,67.91601392317617,22851633
2020-06-08,70.09178161621094,71.12882030399003,69.4817575608145,70.53913369336577,11723588
2020-06-09,69.35975646972656,70.783151592566,69.13608316647354,70.7628141457326,8412588
2020-06-10,69.15641021728516,69.64443168302066,68.56672358850774,69.35975157534372,10101681
2020-06-11,69.54276275634766,72.51154996840337,68.26171327149595,68.34304650717642,22109491
2020-06-12,67.63134002685547,68.89205736351279,67.346665477279,67.52966936286676,20331770
2020-06-15,66.39096069335938,67.50933800668157,66.12661806795326,67.1839940855643,13833335
2020-06-16,66.16728210449219,67.61100885891969,65.65892877884588,67.38733560202995,13972830
2020-06-17,64.86590576171875,65.80127374461323,64.3982217702715,65.41492849775986,28371013
2020-06-18,67.2856674194336,67.63134328083765,64.86590329368428,65.35391919471833,19720997
2020-06-19,69.7054214477539,70.07144024445608,67.12298552472582,67.44833495335149,21577413
2020-06-22,72.633544921875,73.10122890468728,69.40041538176132,71.7388408118096,33039735
2020-06-23,76.23267364501953,76.86302948119938,72.81654084007263,73.81290992035645,34298071
2020-06-24,72.5928726196289,76.61903543639318,71.98284861902665,75.94800462294134,32910525
2020-06-25,72.93855285644531,74.54495157279752,70.90513955270157,72.55220212233935,40909792
2020-06-26,72.87754821777344,74.0569267766516,72.45052813398189,73.58924284143964,11954078
2020-06-29,72.49119567871094,73.3248983836353,72.04384368045716,72.38952502074355,7547198
2020-06-30,71.10848236083984,73.18256507695901,70.76280098882219,72.79621433482397,11889584
2020-07-01,70.53913116455078,71.33215909854394,69.90876968698048,71.16948712613409,15209917
2020-07-02,71.21014404296875,71.90150669976912,70.1934374982541,70.55945075115417,15481100
2020-07-03,72.22686767578125,72.95889435477099,71.21016089052475,71.57617423001962,22720042
2020-07-06,72.3895263671875,72.67420642118574,71.49482787002479,72.55219831976379,11724475
2020-07-07,70.39679718017578,72.59288278672229,69.82744246973594,72.59288278672229,20855578
2020-07-08,69.0344009399414,71.0271449532136,68.64805019055768,70.35611963964061,16818545
2020-07-09,69.76644134521484,70.15278662444939,68.93273844920614,69.33942117428722,16110083
2020-07-10,70.1934585571289,70.66114260481123,68.93274096025523,69.78677581723338,23809286
2020-07-13,68.77003479003906,70.84411683592278,68.40402160923252,70.19342367227505,10803798
2020-07-14,66.43164825439453,68.64806604542987,66.28930818143179,68.52606342059788,16288923
2020-07-15,66.51296997070312,67.63134739644525,66.32996606517398,67.12299402110793,15061461
2020-07-16,65.96393585205078,66.89930921103506,64.86589606018167,66.89930921103506,15458966
2020-07-17,66.41130065917969,66.63497945851293,65.74027529315447,65.74027529315447,13711930
2020-07-20,66.49263000488281,66.79764199321733,66.02494605930052,66.41129126826569,8390572
2020-07-21,70.62046813964844,70.9458176177171,66.73665045985767,66.73665045985767,33717545
2020-07-22,73.0605697631836,73.77226455893774,70.68148014445276,70.76281338294633,46076322
2020-07-23,73.91459655761719,74.23994602406074,72.16586317093626,72.3895364473767,18738194
2020-07-24,74.01627349853516,74.52462691165722,72.65388524817051,72.99956667229102,14438899
2020-07-27,73.56890869140625,73.8332568333847,72.6945420749779,73.73158616831194,11938756
2020-07-28,73.97560119628906,74.3619519813753,72.6742198197634,73.28424389138124,11893746
2020-07-29,73.91459655761719,75.03297397179355,73.40624318753703,73.73159265398058,13335993
2020-07-30,71.92184448242188,74.5246123456939,71.41349116865834,74.21960035743577,23995122
2020-07-31,72.51155090332031,72.93856556511403,71.6575160637453,71.82018805319112,14354565
2020-08-03,72.61320495605469,72.99955015300772,70.8034650084765,72.7962088337736,12500988
2020-08-04,72.49119567871094,72.81654509379833,71.4134878074538,72.32852372916035,9628257
2020-08-05,71.55583190917969,72.3691972192658,71.23048247555333,72.00318393292436,10577794
2020-08-06,71.53551483154297,72.28787906075273,71.33217344613428,71.84052690965599,8564058
2020-08-07,71.55583190917969,72.3691972192658,71.27115184425493,71.49483061412053,8026904
2020-08-10,72.08451080322266,72.71487217259234,71.677828184011,71.92183885873521,7766140
2020-08-11,71.92184448242188,74.15859906298144,71.39315924250239,72.45052972234136,21833550
2020-08-12,72.40985870361328,72.97921325548202,70.43744693822339,71.65749477050754,19435650
2020-08-13,72.6945571899414,73.32491875405191,71.73885163634581,73.18257869015677,10641012
2020-08-14,71.3321533203125,73.4672372647061,70.80346807380965,73.4672372647061,17130105
2020-08-17,72.65386962890625,74.21959890791632,71.41348977394262,71.57616172797263,17368089
2020-08-18,72.28784942626953,73.16221592188177,71.79983361094416,73.14188399807124,13890131
2020-08-19,72.12518310546875,72.95888030240856,72.00318052113141,72.59286703341026,12400644
2020-08-20,73.69091033935547,76.49701934618318,71.75916787230932,72.06417984079029,44062975
2020-08-21,76.9037094116211,77.47306403800943,74.26027209568764,74.42294405808622,49949864
2020-08-24,75.33797454833984,77.53406518624118,74.99229320600455,77.1273825519611,19724617
2020-08-25,75.13463592529297,75.96833866505281,74.42294128978372,75.84633056080222,10109220
2020-08-26,75.37866973876953,77.12740897486208,74.87031627176381,76.04969521201944,18000615
2020-08-27,75.31765747070312,76.31403232750328,75.11431611347757,76.00902029166495,10363056
2020-08-28,74.13827514648438,75.94800982940855,73.93493379901062,75.84633915567167,12114955
2020-08-31,72.7759017944336,75.37867046746659,72.38955094937909,74.62630622582729,24259718
2020-09-01,73.36556243896484,74.1382638544644,72.63353590594932,72.81654529719631,16505345
2020-09-02,75.37901306152344,76.16940977172617,72.90381757295486,74.0270167585321,30959608
2020-09-03,74.25580596923828,75.48300473975894,73.9022058453302,75.0462025952801,11884498
2020-09-04,72.82062530517578,74.04781863344172,72.25902568061869,73.7150217815873,17373558
2020-09-07,73.27821350097656,73.61101596763241,71.98862157501496,72.82061927813628,13069001
2020-09-08,72.75821685791016,73.21581673518018,72.27981929445109,73.15341803426739,9597878
2020-09-09,72.90381622314453,74.02701538792579,72.13421721337556,72.79981650945535,20122483
2020-09-10,73.88142395019531,74.23502414966956,72.44622546388365,73.21582457042257,19635358
2020-09-11,72.86221313476562,74.17261400381767,72.42541660664521,74.08941197829691,31182063
2020-09-14,71.34381103515625,73.83980383194185,71.03181193555805,73.83980383194185,14143608
2020-09-15,72.09261322021484,72.34220798934334,71.13581258329101,71.48941269601623,7858789
2020-09-16,71.53101348876953,72.15501169439439,71.0526159929261,71.96780997576897,13201491
2020-09-17,70.01261138916016,71.30220877329813,69.84621300076859,71.28141109062845,10765947
2020-09-18,71.51021575927734,71.96781560768115,69.59661998380847,70.3454212745634,23788415
2020-09-21,70.92782592773438,71.42702684039612,69.74222799192218,71.13582536761912,13331596
2020-09-22,70.22061157226562,70.90701410088423,69.26381659653181,70.22061157226562,9039386
2020-09-23,68.1822280883789,70.67822121674295,67.72462821970971,70.67822121674295,8404497
2020-09-24,66.2894287109375,68.66061855261536,65.93582859246462,67.4958241365994,20770480
2020-09-25,66.871826171875,67.59982409522473,66.43502403245814,66.97582587521067,8761400
2020-09-28,69.95022583007812,70.32462368482847,66.97583503630348,66.97583503630348,16915185
2020-09-29,67.93260955810547,70.47020302470574,67.59981281987831,70.30380465559216,13468026
2020-09-30,67.57903289794922,67.91183539376037,66.6846364172089,67.78703234195143,14349950
2020-10-01,68.47342681884766,69.05582406382135,67.72462552472831,68.5358255161046,14856837
2020-10-05,67.74542236328125,69.22221584040909,67.45422094751345,68.22381985288993,10360105
2020-10-06,67.89102172851562,68.39022257506315,67.32942782908111,67.84942635992431,8989183
2020-10-07,66.3934326171875,67.89102392049202,66.14383218585496,67.80782753827808,17614061
2020-10-08,65.85263061523438,67.01743074509125,65.72783322098148,66.64302727764186,12953710
2020-10-09,65.72782897949219,66.28942850208028,65.18702714048904,66.01902476140621,11980039
2020-10-12,66.47663116455078,67.72462771951547,65.95663259998216,66.22703072508874,20670634
2020-10-13,66.74701690673828,67.391818392587,66.22701843863987,66.55982084362955,11179799
2020-10-14,65.33262634277344,66.89262184594146,65.02062724213984,66.7470211371768,13362234
2020-10-15,64.79183959960938,65.33263586257058,64.3134420373982,65.14543976032047,15536883
2020-10-16,66.12303161621094,67.05902904098481,64.62544025044919,64.93743939204049,18673957
2020-10-19,66.4558334350586,67.5582292627476,66.31023270860635,66.53902981992736,18793008
2020-10-20,65.39501953125,66.72621783886711,65.27022215843657,66.55981946100107,13701957
2020-10-21,68.11982727050781,69.11822336233999,65.41583479885855,65.5614355219549,36573148
2020-10-22,68.6814193725586,69.0142161528929,67.05901955198067,67.45422066567934,39056262
2020-10-23,70.7822036743164,71.30220211595432,68.51501385418162,68.68141222703692,29149043
2020-10-26,71.57261657714844,71.94701438293247,70.57421490526428,70.74061330312996,36760149
2020-10-27,72.17581176757812,72.9454107084679,71.34381413252864,71.57261686757428,23610507
2020-10-28,71.9054183959961,72.6126186892596,71.36462215456784,72.6126186892596,14060472
2020-10-29,71.38541412353516,72.0926143601681,70.82381459942606,71.15661703410126,17654072
2020-10-30,71.13581085205078,71.55180964693392,70.42861064381154,70.92781145460921,22904945
2020-11-02,71.98861694335938,72.5502108429576,71.53101710761494,71.78061753096146,13423596
2020-11-03,74.85900115966797,75.17100025098097,72.32140742185341,72.38380611164708,27441682
2020-11-04,73.67340087890625,74.87979619418591,72.65420162638777,74.85899851243839,19461431
2020-11-05,74.48461151123047,74.79661063660936,73.46541211138798,74.04780935029285,10248002
2020-11-06,74.23500061035156,74.6509993855064,73.67340113542365,74.1517985983828,8815864
2020-11-09,76.56460571289062,76.83500382653126,74.50540922757861,74.83820603785243,15228920
2020-11-10,77.3342056274414,77.72940113916815,75.5246095489379,76.25260751734255,13815795
2020-11-11,78.89419555664062,79.45578943483551,76.50219676288282,76.50219676288282,15502357
2020-11-12,78.831787109375,79.43498760781362,77.85419447323225,79.2477858966169,26079694
2020-11-13,78.5613784790039,79.01897821200461,77.45898296928215,78.45737879615575,11968619
2020-11-14,78.20780181884766,78.99820415875838,77.79180296304015,78.62380067465516,1162700
2020-11-17,77.70861053466797,78.72780439789238,77.31340934458663,77.79180692465897,16872514
2020-11-18,77.12620544433594,78.91499817776848,76.85580168772924,77.70860268482477,16685757
2020-11-19,78.95660400390625,82.0349944419114,74.214212482218,74.25581349672056,64832376
2020-11-20,79.80937957763672,80.70378141896894,78.66538299600592,80.49578204049061,27479934
2020-11-23,81.01578521728516,81.4941826872506,79.24778475463965,79.87178856885515,20909280
2020-11-24,80.91179656982422,82.24298946617236,80.39179802226353,81.1197959888485,15308572
2020-11-25,81.24459075927734,82.13898710372533,80.51659281620535,80.91179395652536,19854793
2020-11-26,82.2221908569336,82.84618910699194,80.22539307133971,81.18219377350302,24879552
2020-11-27,80.03819274902344,82.22218650873025,78.49899489000636,82.22218650873025,46793847
2020-12-01,80.01738739013672,81.72298360190175,79.72619161498089,81.05738439214652,18193922
2020-12-02,80.76618957519531,81.2029860642836,78.85259394032556,80.22538774232727,15836732
2020-12-03,80.47499084472656,81.16138776867544,79.45579147965285,81.1197924005868,21308517
2020-12-04,80.8493881225586,81.93098617500158,80.18379452937374,80.78698942849064,14838659
2020-12-07,80.49578857421875,82.05578403942883,80.07978978349607,80.28778917885741,22078115
2020-12-08,79.70539093017578,80.9533873739337,79.49739152288281,80.70379259905813,15896364
2020-12-09,80.1629867553711,81.01578766813326,79.49738755677117,80.24618877107537,18701467
2020-12-10,80.18379974365234,81.28619555169074,79.66379554635056,80.28779945464362,13612880
2020-12-11,80.32939910888672,81.22380118498376,79.93420357145257,80.70380260229744,14876364
2020-12-14,80.82858276367188,81.9517817196232,80.20458459755325,81.53578294221079,20316890
2020-12-15,80.20458221435547,80.99497873948431,79.60138174809315,80.87018136690662,16084083
2020-12-16,81.61898803710938,81.88938614286327,80.10059346571119,80.99498980428723,35024972
2020-12-17,82.51543426513672,83.41187809349967,81.78974026362954,82.51543426513672,23058726
2020-12-18,82.77156066894531,83.1557492211291,81.98183621785326,82.5154330375241,20310375
2020-12-21,79.185791015625,82.47274997349035,78.73757197132358,82.38737795023584,21609326
2020-12-22,81.23480987548828,81.55496800356971,78.97235562977485,79.16445282258239,23934507
2020-12-23,81.08539581298828,81.8324313919451,80.67985989702464,81.74705358124866,9836093
2020-12-24,81.10673522949219,82.06721530983337,80.87195494111963,81.21345459509719,12945145
2020-12-28,81.76839447021484,82.08855255019367,81.10673096432113,81.19210876827381,6879688
2020-12-29,80.97867584228516,82.23796669626202,80.67985929696637,81.78974187828383,8549660
2020-12-30,81.19212341308594,81.38422061168059,79.74074101337192,81.10674559373346,19132583
2020-12-31,81.04269409179688,81.53360195093,80.27431707662288,81.32016324783774,23272111
2021-01-01,80.89329528808594,81.06405090241628,80.46641783205217,80.67985656006906,3074621
2021-01-04,80.44507598876953,81.27748934102983,80.25297881827991,81.10673372730749,7133203
2021-01-05,80.25298309326172,80.89329930914128,79.48460595016478,80.89329930914128,10478882
2021-01-06,83.73204803466797,84.3510169683155,79.82611407212336,80.25299159459627,54265234
2021-01-07,84.11621856689453,86.14388636281198,83.45456086523765,84.52175444203631,40129922
2021-01-08,86.89092254638672,87.08301970767168,84.32965794203116,84.84191317886058,29487917
2021-01-11,86.89092254638672,87.50989714173093,85.99447877688311,87.08301970767168,12726089
2021-01-12,86.9549560546875,87.40318085011498,85.35416562079499,85.82373197271598,31454127
2021-01-13,87.50989532470703,88.19290036299932,86.48538487232078,86.9976400985139,23792586
2021-01-14,87.55258178710938,88.57709227871725,86.91226562480239,87.91542877039585,12024674
2021-01-15,86.6561508178711,87.83006387728138,86.44271207979651,87.06168094627503,13530190
2021-01-18,83.56129455566406,86.22927895528338,83.04903923497847,85.90912082732906,26118654
2021-01-19,85.2260971069336,85.37550535876125,83.34783765653074,83.47589856387133,19382828
2021-01-20,83.73204803466797,85.6316495357342,83.30517051219506,85.37552765416802,21158179
2021-01-21,83.30516052246094,84.3936957582738,82.87828305117806,83.86009891917018,12509109
2021-01-22,82.89962005615234,83.7960638545953,82.38737059268205,83.24112548836182,16720401
2021-01-25,81.19212341308594,84.00951618305838,80.93599574492538,83.0063528602027,9393599
2021-01-27,82.10989379882812,82.96364867557531,80.80791992774698,81.106730660671,18874916
2021-01-28,79.95418548583984,81.5122873761469,79.3138691646262,81.5122873761469,16072463
2021-01-29,78.73758697509766,80.67987759037734,78.11861218654607,80.55181663614479,13415015
2021-02-01,80.63717651367188,80.87195680746264,77.90515605921794,78.73756944610567,9485240
2021-02-02,82.89962005615234,83.51859467147857,80.76523281695292,81.53360990710634,10803602
2021-02-03,88.15021514892578,89.6442861995926,83.02768583235384,83.02768583235384,73411707
2021-02-04,87.6593017578125,88.64112335412322,87.16839385460509,88.15021545091581,23523019
2021-02-05,88.40635681152344,88.91860635058752,85.90912221515853,87.78738210485378,28755118
2021-02-08,90.73282623291016,91.09567323695335,87.8087144331215,88.15021987982527,28436890
2021-02-09,89.9644546508789,92.82453616489997,89.6442965316928,89.6442965316928,27738169
2021-02-10,89.83637237548828,91.35179068453581,88.36364875614949,89.87906127530148,34189378
2021-02-11,91.24507141113281,91.69329038483133,88.93993450802012,89.15337321738046,20504448
2021-02-12,90.77549743652344,93.48616997475995,89.87905377483722,93.48616997475995,25066544
2021-02-15,90.69013977050781,91.97077799276273,90.30595119877951,91.35180333449756,8599603
2021-02-16,96.28224182128906,98.13916591060968,91.05299239997962,91.09568130833699,80200957
2021-02-17,98.20317840576172,98.69409210612648,94.85219504870754,96.26088832046942,39034960
2021-02-18,100.95654296875,101.72492008474292,97.54152327118838,98.6087169266764,44291912
2021-02-19,99.12098693847656,100.78581392054673,97.64825715892127,99.67592540590195,36335681
2021-02-22,96.026123046875,99.84667914484483,95.44983724021239,99.22770442844853,25800846
2021-02-23,96.51701354980469,97.79764008054894,95.89803894553697,96.36760528775083,18293559
2021-02-24,95.08696746826172,97.41345169884306,94.59605959838457,96.53834952307504,11421326
2021-02-25,97.135986328125,99.37708705722147,94.25455787095359,95.49250705621824,30696079
2021-02-26,91.4798583984375,97.00792369309312,90.15653714517171,94.55337835506153,38070699
2021-03-01,97.00791931152344,97.66957701332316,92.80317546004984,92.84586436111015,31441940
2021-03-02,96.06878662109375,97.90435725711555,95.34309846285299,97.75495478828955,18223787
2021-03-03,97.11463928222656,98.2458691129344,95.49250735086159,98.18183286599188,19350542
2021-03-04,96.1114730834961,98.16048817277026,95.21502934380712,95.21502934380712,22865747
2021-03-05,94.01978302001953,96.47432839662567,93.63559446687778,96.47432839662567,17342685
2021-03-08,95.71539306640625,97.34579342964443,94.34585794068458,94.71541653575032,15749448
2021-03-09,93.91108703613281,96.5632062110581,92.71546007093627,95.86756752463623,12585004
2021-03-10,93.54153442382812,95.19367714704795,93.04154611302192,94.78063999199485,10661165
2021-03-12,95.67191314697266,96.04147173664204,93.65021790547681,93.78065347082645,18173078
2021-03-15,97.45449829101562,98.4762171519834,95.54149615173138,96.0849630036299,30092241
2021-03-16,97.58492279052734,98.78054972891161,97.17188567119777,97.88926065482991,14767699
2021-03-17,95.8458251953125,97.82404187294532,95.36757325985424,97.80230556101206,12571132
2021-03-18,96.10668182373047,97.17187901834109,95.71538694099307,96.08494551240848,14232655
2021-03-19,100.08486938476562,100.91093182415362,95.28061945217462,96.4762463829066,70334403
2021-03-22,97.19361877441406,101.91091743374277,96.6066793780014,101.91091743374277,29180881
2021-03-23,95.21541595458984,97.38928336022042,94.99802921402679,97.19363293491656,38455903
2021-03-24,96.10668182373047,97.34578719989197,94.3023733832807,94.36758821423831,24398959
2021-03-25,94.08499145507812,97.12840542608349,93.62848171822411,96.10668669927614,20272124
2021-03-26,93.30241394042969,96.51973652561942,92.23721655146485,95.36758797851,25184863
2021-03-30,96.23712921142578,97.25884801198322,93.6502247905455,94.30238497426399,53328751
2021-03-31,93.75892639160156,96.12844429274747,93.32415289759263,95.60671374113957,20694060
2021-04-01,95.0849838256836,95.36758540175511,93.36762626056868,94.19369467408256,11229344
2021-04-05,93.10676574707031,95.21541836327353,92.75894931216774,93.56328145199694,14484908
2021-04-06,90.95463562011719,95.21541942881652,90.65029771041985,93.5632824990511,25301732
2021-04-07,91.54158020019531,93.99805515377287,91.10680670710094,91.69375210217693,22841720
2021-04-08,90.86766815185547,92.82414853720233,90.65028144237249,92.15024619960994,20468881
2021-04-09,90.5633316040039,91.93286680329348,90.43290192673533,91.04158358230931,11773021
2021-04-12,87.45471954345703,89.84597400153235,86.30257084760127,89.84597400153235,18544315
2021-04-13,90.75897979736328,91.04158135586235,88.01990356877664,89.19379422345553,19831072
2021-04-15,90.345947265625,91.91113291918725,90.01986716684088,90.38942579152805,10159348
2021-04-16,91.23724365234375,93.38936893702437,90.10683137406056,90.21552474895331,22020846
2021-04-19,87.47643280029297,89.99812219312541,86.95470823063216,89.49812803883653,18404990
2021-04-20,88.56336975097656,89.43291663071345,87.6720865580431,89.12857876100085,14467660
2021-04-22,88.45467376708984,89.08509759499508,87.47643355640434,88.69380269011927,11626459
2021-04-23,91.80243682861328,92.56329036986394,88.69380782518768,88.82423750203371,38318040
2021-04-26,93.82414245605469,94.10674994842884,90.51986267923121,90.51986267923121,19139358
2021-04-27,94.1937026977539,95.86758187906041,93.82414403741458,93.93283741416184,15270611
2021-04-28,96.0414810180664,96.38930332895363,94.04152189569064,95.1284555603522,16383579
2021-04-29,95.71539306640625,97.23710007209522,95.23714111379131,96.99797704428377,14761969
2021-04-30,95.67191314697266,96.65015335063116,94.19368468528708,94.67193663091852,16897105
2021-05-03,95.99800109863281,96.8892902289134,94.23717094623726,94.56325104090253,15528063
2021-05-04,94.80238342285156,96.38931142412827,94.21544391223475,96.25887583521883,20857434
2021-05-05,94.86759948730469,95.80236129192151,94.25891189639816,94.80237874756989,23178237
2021-05-06,93.65021514892578,95.38930879312926,92.86762536783094,94.97627759082602,18823613
2021-05-07,93.28067016601562,94.25891048346095,92.82416037667154,94.06326595816748,12509591
2021-05-10,95.58496856689453,95.71539824421247,93.45457982308318,93.65022433906009,17845577
2021-05-11,97.12841033935547,97.91100608111132,94.95454310724301,95.65018180091745,22995780
2021-05-12,98.23709106445312,102.17178859198076,96.97624328936277,97.12841518259704,55645370
2021-05-14,99.49793243408203,99.99792666707184,97.3240708728336,99.01968631086325,18820793
2021-05-17,99.30228424072266,100.43269049261836,98.73707521778249,100.4109541789251,10996347
2021-05-18,101.34571075439453,104.28044335583154,99.34575758839131,100.38921859307935,52885042
2021-05-19,101.6283187866211,103.47610597205112,100.60660588403606,101.82396920034593,28081040
2021-05-20,99.54138946533203,102.15002969731029,99.30226646953054,101.73699263511723,10707136
2021-05-21,99.10663604736328,99.67183918595948,98.25882544247654,99.15010867572263,21702883
2021-05-24,100.43267822265625,101.91091248898523,99.3022721088634,99.56313142928231,22028927
2021-05-25,101.2587661743164,101.93266267209552,100.49791262656923,101.30223880230804,9165363
2021-05-26,98.08490753173828,101.65004600891484,97.80230599040597,101.3891866766031,18322114
2021-05-27,99.25880432128906,99.82400747287201,97.06320065899462,98.56317148764623,51194207
2021-05-28,98.01970672607422,100.43269717421947,97.73709924730662,100.43269717421947,15307498
2021-05-31,98.10665130615234,98.51968844204966,97.28058293135003,98.25882319290358,13102261
2021-06-01,97.56317901611328,99.12836452611398,97.34579230352963,98.38924734453278,15733731
2021-06-02,98.88924407958984,99.19358784393947,97.43275188790317,97.47623041095198,7995532
2021-06-03,98.38925170898438,100.62833966551337,98.1066501494881,99.58487868123133,10291328
2021-06-04,98.32404327392578,99.19359611644443,97.7370979062972,98.25882843240986,6142487
2021-06-07,102.7152328491211,103.38912921775228,98.65010063653,98.82400880614534,18058790
2021-06-08,101.75874328613281,103.88913782675196,100.88919641959181,103.88913782675196,22511761
2021-06-09,105.25867462158203,106.73689715880008,101.6500458355278,102.60654970901226,39865778
2021-06-10,105.06303405761719,107.8238407885047,104.45434650098798,107.8238407885047,32690784
2021-06-11,107.084716796875,108.17165036942579,106.08474026892509,108.17165036942579,29142097
2021-06-14,108.12818145751953,108.60642752827245,105.258681445033,107.80210137455586,18732629
2021-06-15,107.64993286132812,109.34554217656999,107.41079803757721,108.93250505570884,15026686
2021-06-16,105.2804183959961,107.60645161762926,104.75868790129779,107.32385595374008,30706682
2021-06-17,104.28044128417969,106.10648031513028,102.9326365304013,106.10648031513028,22261167
2021-06-18,101.30224609375,106.51952793954118,100.04139826342286,106.0847544523919,49278209
2021-06-21,102.1065673828125,102.36742671474454,99.3022764916162,100.82398344718185,11719831
2021-06-22,101.75874328613281,103.04132727307764,100.88919641959181,100.88919641959181,10961545
2021-06-23,100.97615814208984,102.60655859237166,100.86746477873771,102.49786522901952,10721151
2021-06-24,100.49791717529297,101.28050707245745,99.17184863972543,100.97616328078645,12964208
2021-06-25,100.36746215820312,101.21527267992501,99.73705013890734,100.62833328472418,7736431
2021-06-28,100.8022232055664,101.08483060945596,100.30224091389249,100.86744392768932,9989595
2021-06-29,102.60655975341797,103.43263404183544,100.71529992728438,101.12832527750824,61089570
2021-06-30,101.04137420654297,103.30219841854593,100.86746011562575,103.1065480147601,17437744
2021-07-01,100.34573364257812,101.28050127910103,100.0848742897732,101.1065871812413,15924813
2021-07-02,99.10663604736328,100.47616536850197,98.95445826013571,100.34573568943898,9549992
2021-07-05,100.12834167480469,100.3892128079358,99.28053113160064,99.69356824690354,6849185
2021-07-06,99.4761734008789,100.21529052668559,99.25878670469946,99.73704451268408,5343938
2021-07-07,100.41095733642578,100.62834406816351,99.47618967235952,99.47618967235952,7228897
2021-07-08,100.49791717529297,101.36746412636136,99.80227253804706,100.0413955907938,8740010
2021-07-09,100.10662078857422,100.62835134125075,99.99792741484936,100.45443722569662,2990856
2021-07-12,99.56314849853516,100.75877554440439,99.21533208035206,100.30226575841499,5578309
2021-07-13,99.41096496582031,100.82397849805669,99.25878720134344,100.17181840625528,8264289
2021-07-14,99.97618865966797,100.62834888610567,99.32402843323027,99.41098548888574,9228746
2021-07-15,100.17183685302734,100.62834664255857,99.69357895457796,100.43269622019224,5376823
2021-07-16,101.67178344726562,102.82393773137088,100.21529720341985,100.71529135553735,15903784
2021-07-19,101.36746215820312,102.01962235884201,100.6500812199063,101.67179414997986,13725925
2021-07-20,100.5631103515625,102.73697738836302,100.41094437657985,102.12830169444896,14178067
2021-07-22,101.41093444824219,101.95440128029081,99.43271753838224,101.95440128029081,10378326
2021-07-23,101.30224609375,101.71528326533893,100.88920892216106,101.62832620911195,6660369
2021-07-26,101.17179107666016,102.32394524674241,100.88918366317351,101.49787111038351,12963701
2021-07-27,100.8022232055664,102.10655509014859,100.28050460451229,101.30221729122262,10832912
2021-07-28,99.17183685302734,101.04137201081602,98.86749899451996,100.86745792367812,13828088
2021-07-29,97.04144287109375,100.60658775767234,96.89651837809451,99.12835321148584,28609665
2021-07-30,99.2153091430664,100.40368289581781,97.50519896563344,97.99793987745647,34142169
2021-08-02,99.12834930419922,99.70804725334659,98.14286161125021,99.4181982787729,9575755
2021-08-03,101.1282958984375,101.56306933186842,99.18631025457624,100.02687930226654,20959435
2021-08-04,101.59207153320312,102.37466145155193,100.78049199810651,101.82395308522868,23323277
2021-08-05,101.5630874633789,101.8819260890758,100.43268105224685,101.59207708171002,6621382
2021-08-06,101.44713592529297,102.31668280465263,101.18627657907882,101.73698488507952,5340311
2021-08-09,102.28770446777344,102.6065430762827,100.89643874260558,102.6065430762827,16415005
2021-08-10,100.05586242675781,102.08480522368389,99.33123999928421,102.08480522368389,11925263
2021-08-11,102.229736328125,102.60654237360484,100.02689108237116,100.25876083898746,31279965
2021-08-12,108.40351104736328,108.8092948737971,102.20074802053571,102.60653184696953,58107755
2021-08-13,107.09918212890625,108.5774164239216,106.43252721558592,106.78034358088853,26776843
2021-08-16,104.75140380859375,106.83832564385973,104.57750151831074,106.66441155959299,21308655
2021-08-17,106.22965240478516,106.51950138815428,104.92533197962409,104.95432159555513,15962459
2021-08-18,104.69344329833984,107.82381446416076,104.43258394868165,106.49050451394561,25227527
2021-08-20,103.53404998779297,104.37461907931574,102.63552525490493,102.7804497402725,18720467
2021-08-23,101.82394409179688,104.2876603022452,100.98337501419432,104.0557787707002,13112745
2021-08-24,102.3746566772461,103.93984823493567,101.70800166900712,102.7804523228627,11029463
2021-08-25,101.73696899414062,102.86737504314918,101.47610968867174,102.72245058589257,12001351
2021-08-26,100.34571838378906,101.6790284607591,99.47617141028311,101.6790284607591,12115246
2021-08-27,101.0703353881836,101.36018436365529,99.56312307452777,100.75150859155573,8051699
2021-08-30,101.73696899414062,102.2297097900166,100.17178957336225,101.56305492783969,14512401
2021-08-31,101.65003967285156,102.63553332725158,101.41815811922888,101.7369967297083,43248333
2021-09-01,101.82394409179688,103.07029700411472,101.24424615992667,103.07029700411472,11817591
2021-09-02,101.88190460205078,102.08479650561942,100.98336815112481,101.67901269848215,13545023
2021-09-03,101.7659683227539,102.49059067824493,101.09931339690543,102.02682765313722,12286475
2021-09-06,100.92540740966797,102.22972775417713,100.28774204448263,101.85292174029979,13950485
2021-09-07,100.2877426147461,100.9543975978607,99.96890403334812,100.92540798355738,12485031
2021-09-08,101.96902465820312,102.41147053783268,100.4057194841458,101.02514251541592,25370295
2021-09-09,102.35248565673828,102.7359411734542,101.40860346320831,101.7035673988185,5078350
2021-09-13,102.58846282958984,102.82443638683642,101.8805421578501,102.79493519138798,7522483
2021-09-14,102.7064437866211,103.29637167971153,102.35248945118958,102.58846300884849,8434427
2021-09-15,104.94817352294922,105.5970917983825,102.49997039088802,102.64745236267348,20064238
2021-09-16,105.86256408691406,107.1604127568542,105.18415655725487,105.56760011676148,16214883
2021-09-17,105.47911071777344,106.42299293405702,104.26975375177308,105.92155663185451,21219226
2021-09-20,104.41722869873047,105.71506515854756,103.2963633913724,104.53520946703648,7833069
2021-09-21,103.76831817626953,105.24313790020142,103.50284342469361,103.85680976012817,9481007
2021-09-22,104.2697525024414,104.6826972164572,103.70932581883235,103.70932581883235,9165634
2021-09-23,105.15464782714844,105.44961177617269,104.41723795458779,104.41723795458779,10295913
2021-09-24,103.91578674316406,105.89204251786617,103.70931440887199,105.184133942547,7093411
2021-09-27,103.82731628417969,104.50573580805036,103.29637874366722,104.1222802508961,5205649
2021-09-28,108.5172348022461,111.43738517304598,103.88630308533122,104.3287490201087,38873626
2021-09-29,115.06544494628906,115.8028548421199,107.6323435946229,108.25177270796647,53686662
2021-09-30,112.02730560302734,116.80571897901909,111.28989576098807,115.00643416359797,23618199
2021-10-01,113.17765808105469,114.15104145512566,111.87982158370211,112.5582410263645,16994903
2021-10-04,113.05968475341797,113.88558621616369,112.11580251118595,113.26615711857592,10757286
2021-10-05,112.0567855834961,115.0949162833624,111.70283128883773,113.05967008749252,17200858
2021-10-06,110.67047119140625,113.35464792638196,110.16903487885963,113.23665514559147,8929507
2021-10-07,111.08343505859375,113.00070084902222,110.6704783024635,112.67623568364235,6733699
2021-10-08,110.7294692993164,112.17479995048076,110.31652454304925,111.49638042051501,8165175
2021-10-11,114.12153625488281,115.094919594783,111.67334531182614,112.08629000045643,12982042
2021-10-12,114.06255340576172,114.82946445200685,113.05968080877668,114.3870185411993,8539966
2021-10-13,117.63162994384766,120.6402599429808,114.53450835606942,115.0949350806312,33075614
2021-10-14,120.7287368774414,121.49563588101184,116.9531962378157,118.10355074422777,19185455
2021-10-18,120.22733306884766,123.8553807235248,119.25394945330078,123.76690112384279,38546365
2021-10-19,117.18917846679688,120.81723741294427,116.21579504191142,120.34529029720777,16174177
2021-10-20,114.65248107910156,118.13305797157054,114.06255319909373,117.98557600156857,21909934
2021-10-21,114.47552490234375,116.42227995995101,114.15105972501836,115.77336160741527,16946547
2021-10-22,114.71145629882812,116.21577699478301,112.82369213326015,115.566858813001,7705870
2021-10-25,113.64962768554688,115.03595603736899,112.38128012881432,114.71149084769945,7862419
2021-10-26,112.32225036621094,113.82655898591457,111.90929372389348,113.62008666581147,8525850
2021-10-27,112.23377227783203,113.17765442744646,111.23089974426284,112.17478189387727,9862679
2021-10-28,109.6676025390625,112.73522291692002,109.28414699130175,112.49924934890461,11095238
2021-10-29,109.16617584228516,111.28991413761557,106.95394595087528,110.25754018829096,12988035
2021-11-01,110.75895690917969,111.20140280895005,108.87119253767142,108.90068172972155,5475153
2021-11-02,109.43163299560547,112.8237186544989,109.22516061679141,111.28990840916133,10946890
2021-11-03,108.5172348022461,110.49350291261017,107.95680808570692,109.43162786829855,13957727
2021-11-04,109.16617584228516,109.63811101785008,108.69422866460492,109.10717344348865,830214
2021-11-08,111.5848388671875,112.29274738254777,108.90066274240027,110.67044603291201,11947323
2021-11-09,110.05105590820312,112.29277475468578,109.3136460240745,112.29277475468578,10381150
2021-11-10,108.78269958496094,110.02154568826681,108.28126330530297,109.69708056501653,13857851
2021-11-11,107.45537567138672,109.28414986794425,106.59997296507875,109.1366678843168,8851354
2021-11-12,107.36686706542969,108.36973959431666,106.3639945365427,108.36973959431666,9590673
2021-11-15,111.08343505859375,111.34889782873033,107.36688426399428,107.48486505025174,24821341
2021-11-16,110.67047119140625,112.8827008074476,110.02155290445688,111.49637264848445,23206330
2021-11-17,112.70573425292969,114.32803603776733,110.31652136895944,110.31652136895944,18359498
2021-11-18,113.56112670898438,114.71148137350232,112.70573600994432,113.17767115344023,10742933
2021-11-22,114.56399536132812,116.21579831075297,113.26615875971864,114.68198814463793,25095721
2021-11-23,119.07694244384766,119.40140758486825,113.9445745910139,114.00356497971391,19671538
2021-11-24,119.93235778808594,122.3805491942496,119.16544664742976,119.28342743732382,18120478
2021-11-25,120.49275970458984,120.93520557865811,118.72297620831681,119.51937638121719,18537454
2021-11-26,119.1654281616211,120.90571055422528,118.45751952784285,120.37478507994813,12814537
2021-11-29,118.133056640625,120.34528616573033,117.10068286224251,117.39564679892321,16066147
2021-11-30,121.96759033203125,123.5898920172215,118.16256027124861,118.16256027124861,37739647
2021-12-01,122.23304748535156,123.14744046690915,120.75822783904127,122.11506671449193,20332817
2021-12-02,126.53951263427734,127.42440433102054,121.82009025164695,123.29490974621895,33758843
2021-12-03,121.5841293334961,127.68988027342311,121.2301750185361,125.7431255400867,47614182
2021-12-06,119.1654281616211,122.70499533473856,118.78197265077743,122.32153982389488,11322446
2021-12-07,121.40716552734375,122.08557300454233,119.25392631131498,119.51938906307845,8049102
2021-12-08,120.8172378540039,122.49852995651818,120.0798279842947,121.02371021709975,8788449
2021-12-09,119.87337493896484,121.79064110114196,119.22445648449751,121.2302142545831,5755422
2021-12-10,119.54888153076172,120.49276369292757,119.07693444862237,120.49276369292757,6164402
2021-12-13,120.58125305175781,123.67837421574758,120.16829636195826,121.23017127617123,21648126
2021-12-14,125.21218872070312,125.74312619697324,119.87333676828021,120.40427424455032,48042035
2021-12-15,123.7963638305664,127.2179503523541,122.5870188718463,125.71362945005993,15207306
2021-12-16,122.82296752929688,124.94671728655108,121.70211427110544,124.71074375773259,13410737
2021-12-17,123.85535430908203,124.1798194457715,120.96471728234395,122.82298051321457,15209414
2021-12-20,123.7963638305664,125.44816670359084,122.41003570612457,124.32730132561808,22539246
2021-12-21,121.87908935546875,124.9172201321877,120.81722644463274,124.74023697932537,17566511
2021-12-22,123.06981658935547,123.95520594834588,120.90212205799253,122.00123722773179,14750231
2021-12-23,127.22199249267578,127.98526340086683,123.37511456921044,123.64988712694758,15932489
2021-12-24,125.42068481445312,127.4357126658373,125.08484062770755,127.13040428626122,8975969
2021-12-27,125.84810638427734,126.55031811293567,125.17643046152865,125.42067963971797,8648187
2021-12-28,125.54280090332031,127.40518695391917,124.13838983674782,126.18395345792767,15736206
2021-12-29,124.93218231201172,125.72598904190579,123.7720080233317,123.95519801423936,17172943
2021-12-30,125.39015197753906,129.08438842713082,123.13087488437009,124.9321893973267,87481206
2021-12-31,124.81007385253906,125.90917661624668,124.29105206775793,124.56582465292725,9842223
2022-01-03,125.17640686035156,126.36710429786122,124.65738521895061,125.42065599248934,7410054
2022-01-04,128.59588623046875,130.0613689283519,125.48174326186063,125.97024163549824,14784090
2022-01-05,127.40521240234375,129.0538729820305,127.03884476497248,128.22954269218712,9565107
2022-01-06,125.7564926147461,127.43568838243671,124.96269843292697,126.85560754099092,5615931
2022-01-07,125.29853820800781,127.31357822831473,124.87111149971396,126.36711740177064,11908249
2022-01-10,124.56580352783203,126.5503077507019,124.22995938244276,126.5503077507019,11085710
2022-01-11,124.47425079345703,125.66496118518292,124.2605373661316,124.90169007114035,7208789
2022-01-12,125.14591979980469,126.21449929893024,124.77955217042513,125.78707246849271,11018139
2022-01-13,127.0083236694336,129.14548296194812,126.12293407460525,126.76407440853953,20522807
2022-01-14,126.85562133789062,128.01579556999093,126.12288625605294,126.97773971052067,14183654
2022-01-17,126.00074768066406,127.95472848330016,125.66491596515255,127.71047933009214,7574539
2022-01-18,125.26803588867188,126.91669623845063,124.93219168781346,125.93971186735838,8475422
2022-01-19,124.96269989013672,126.6418956774087,122.76448243504072,125.78702988291927,13724367
2022-01-20,131.0688934326172,131.49632020653866,125.42068825549582,126.45873180532229,30170343
2022-01-21,131.34365844726562,133.8777204059174,130.06136577633023,130.61092332759665,29509593
2022-01-24,130.6719512939453,132.9617635245635,129.1454098068665,132.13743360614623,12850189
2022-01-25,133.63348388671875,134.45781408020852,129.4202254918447,130.36668649887073,27389035
2022-01-27,131.19100952148438,133.90826158050174,129.66446760845096,133.11445481651242,28512473
2022-01-28,128.35165405273438,132.80916192803735,127.77157302731871,132.80916192803735,18932049
2022-01-31,131.52685546875,132.35118562819503,128.96225756677316,129.4507559546821,19907759
2022-02-01,130.03082275390625,132.53436119040288,129.0233151260313,132.503825385849,8622355
2022-02-02,130.6719512939453,132.99229932351565,130.21398884782167,131.19097291494683,9921099
2022-02-03,129.02333068847656,131.28260780710775,128.84014068511505,130.67199102660956,4594389
2022-02-04,128.04635620117188,130.27511032274498,127.67998855367424,129.45078001011723,7329263
2022-02-07,130.458251953125,130.85515526691162,128.22949865850262,128.87065112100623,7869237
2022-02-08,128.26004028320312,131.52683707938706,127.3135794475948,130.6719712315841,9074237
2022-02-09,127.8326187133789,129.23704225796882,127.43571532703567,128.5958896782582,9833985
2022-02-10,129.48126220703125,131.7100029826771,128.26002893904896,128.26002893904896,19180334
2022-02-11,126.88616180419922,129.4507471078795,126.42819925546853,128.35163202171412,20071130
2022-02-14,123.25297546386719,126.36711807481375,122.88660793723142,126.36711807481375,12109375
2022-02-15,124.22997283935547,124.47422202400281,121.5127332706065,123.34458352091715,19046061
2022-02-16,123.1944808959961,126.14411428187358,122.81792108656333,124.63791334874816,20270061
2022-02-17,123.6337890625,124.79481447721294,123.00620637690355,124.41826741949555,16405551
2022-02-18,122.81791687011719,125.6106672637893,122.53550979093976,123.50826798490897,14600643
2022-02-21,124.35548400878906,124.88892661910008,122.72377194328496,122.81789911059899,10682638
2022-02-22,124.35548400878906,124.5437511116167,120.37033739644261,121.87652529186205,13606058
2022-02-23,124.2927474975586,125.20273722221891,124.01032764741461,124.48101462945303,6493463
2022-02-24,119.93101501464844,123.00617186491098,119.17792111051016,121.75100684588128,13145037
2022-02-25,123.82203674316406,124.19858370286195,120.58998420004221,120.84101976257384,10920938
2022-02-28,131.25889587402344,131.94923414109786,123.03756683551892,123.91617221095913,31938385
2022-03-02,132.35716247558594,133.76922321444027,129.40751682683708,130.38027488754994,20502615
2022-03-03,136.71885681152344,137.66023064236,132.23163899756256,132.23163899756256,19805555
2022-03-04,134.96165466308594,136.499227055976,132.38855557068774,135.52646883634236,12794317
2022-03-07,133.54957580566406,135.05576375687528,131.07061699691218,132.10613078951994,17635653
2022-03-08,133.2671661376953,140.20195916133673,131.66683812560956,134.3026800091632,28410490
2022-03-09,130.5999298095703,135.55783464898332,129.65855595784126,135.02439201997686,22830958
2022-03-10,131.07064819335938,132.67098923267247,129.94100696108228,132.4199535916543,16516553
2022-03-11,133.32992553710938,133.6751010932222,130.38029226345967,131.35305045381295,12992850
2022-03-14,133.92611694335938,134.302663914714,131.5412981777809,133.329905867865,12598659
2022-03-15,131.5726776123047,134.96162576726474,130.72544376561441,133.80058789299395,14528285
2022-03-16,131.38442993164062,132.92201514015656,131.13339430900515,132.57683956300752,11933774
2022-03-17,132.76510620117188,133.51820022559878,130.38028717681854,133.04751326828173,28464621
2022-03-21,128.59169006347656,135.55785506161354,128.34065444490727,135.55785506161354,17797415
2022-03-22,130.97650146484375,131.47857272093978,128.05825218941825,128.65445063385513,13285297
2022-03-23,131.85511779785156,132.1689091361464,130.7254766409115,131.4785707455382,9408783
2022-03-24,132.26303100585938,132.545438064428,130.53717888122776,131.79234406277803,11188958
2022-03-25,131.5726776123047,132.29440006252196,129.72130152103438,132.26301582930418,9842670
2022-03-28,133.2357940673828,133.51820113641918,130.22339241272374,131.57269758654397,12823578
2022-03-29,132.6082305908203,134.5851058957713,131.60408804888624,134.20855882664745,10470515
2022-03-30,136.2481689453125,137.252298470891,132.9219890938212,133.73783874726638,54218485
2022-03-31,136.0599365234375,136.34234363542419,134.7733868617139,135.27545813658236,10326026
2022-04-01,141.23748779296875,141.67679056340378,135.6206151241073,135.6206151241073,39663961
2022-04-04,142.71229553222656,143.151598274924,140.60989623240044,141.83367727863015,9907530
2022-04-05,146.2581024169922,147.23084760237253,142.39846760222946,144.31258650983494,17167487
2022-04-06,148.51744079589844,149.6470819363128,145.06573612515083,145.19124755135175,17153675
2022-04-07,145.1912078857422,150.55704333344397,144.34397406984152,148.0780848134993,11913911
2022-04-08,145.9757080078125,146.91708189363442,144.7205428267166,146.22674359767177,6746769
2022-04-11,144.90882873535156,147.8270904563584,143.3398721937566,145.91295836833214,12413822
2022-04-12,146.2895050048828,146.63468055041798,143.46538323734376,143.8733144907396,14769907
2022-04-13,144.0301971435547,147.70155255631906,142.8064162620332,147.45051697933522,11015439
2022-04-18,145.0343475341797,145.47366304910966,142.8064367926266,144.03021785008522,19069923
2022-04-19,142.9946746826172,146.44637854392687,142.14744083393552,146.0384473521323,15036942
2022-04-20,142.46124267578125,143.71640780948857,140.23331945617076,143.24572088434832,9814641
2022-04-21,142.6181640625,143.4967823683407,141.36299870221396,141.89644142669508,11134333
2022-04-22,141.48851013183594,144.46952786253368,141.01782312172577,141.23748727433903,12032249
2022-04-25,139.85678100585938,142.3984956640303,139.00954704253598,140.54711931789322,11042683
2022-04-26,145.34812927246094,145.7246762831371,140.79815537030535,142.46125183300927,15389155
2022-04-27,143.9047088623047,146.13261964155075,142.74367072821943,145.1912456527477,12680209
2022-04-28,147.8584747314453,148.2664060212288,144.3753985683758,146.47779796254963,18378146
2022-04-29,142.9319305419922,148.32913809882916,142.49262784958225,147.54465988509705,9026331
2022-05-02,145.31675720214844,146.3836425226862,141.77091293252468,141.77091293252468,12634353
2022-05-04,149.1136016845703,150.27462677335768,146.1639689975755,146.22672469487773,23124643
2022-05-05,146.69744873046875,151.0277716958321,146.13262177529927,149.6157106920094,16481935
2022-05-06,149.61569213867188,150.0863790815778,145.25398547348996,145.25398547348996,17715186
2022-05-09,153.8518829345703,154.66773268541877,147.8898480024111,149.99224724063754,54118806
2022-05-10,152.9104766845703,155.86010928882538,152.1887542653424,154.25978159561407,30997494
2022-05-11,150.1177520751953,155.64048403534255,149.80396077673697,153.13015364767574,15412618
2022-05-12,148.04673767089844,151.8122332652331,145.69330292443925,149.9922411743312,26538994
2022-05-13,148.29779052734375,150.52570135242001,146.2895183156641,150.52570135242001,15074553
2022-05-16,147.607421875,149.30190254974758,146.22674526730995,147.7957017615944,7960529
2022-05-17,149.77259826660156,150.18052953263836,146.06985816966997,147.419163387391,15470937
2022-05-18,143.0260772705078,149.52155463490004,142.52400608260666,149.050867684318,19181550
2022-05-19,143.277099609375,144.1243334884019,139.10367314667275,139.95090702569965,15085602
2022-05-20,143.747802734375,146.2895046582164,142.3043576159952,144.81468807008113,15148281
2022-05-23,140.95504760742188,145.59916134179153,140.7040120169856,145.59916134179153,11572501
2022-05-24,142.46124267578125,144.12433903158345,140.95504196169247,141.20607754207393,16336858
2022-05-25,141.1119384765625,143.96744428069564,139.66850622478756,143.33986170995868,11062614
2022-05-26,142.58677673339844,143.77918635348817,140.51576159469712,142.4612653073688,14150454
2022-05-27,141.01780700683594,143.49676597105312,140.20195727679805,143.4653817333513,8430491
2022-05-30,143.24574279785156,144.28125674521138,140.7667963868344,140.89230781212564,9305758
2022-05-31,146.1640167236328,147.5760778308998,143.21437030530885,143.2457545483071,26351545
2022-06-01,143.84194946289062,146.22676882569812,143.18299529004835,145.69332608533932,10282009
2022-06-02,141.55126953125,143.96746014113126,140.92368689137427,143.96746014113126,10071898
2022-06-03,141.83364868164062,143.15156941221076,141.20606616535017,141.83364868164062,16082518
2022-06-06,141.08059692382812,142.74368087436306,140.29611854406528,141.8336910611193,12693293
2022-06-07,141.2061004638672,141.99057879977755,140.39023788723958,140.54713355442163,9103195
2022-06-08,140.9236602783203,142.14744108768969,139.98228649628265,139.98228649628265,11240130
2022-06-09,141.1119384765625,141.6453811080489,138.69574813286528,141.01779853731193,9468041
2022-06-10,140.8609161376953,142.74366402691308,139.35472804088212,139.35472804088212,9019239
2022-06-13,139.54299926757812,141.5198871629627,139.00955657027157,139.22920794349173,10186775
2022-06-14,140.547119140625,142.6495310798138,139.32333816939038,139.54298952727856,17023962
2022-06-15,139.48023986816406,142.02195463333464,139.2605885007521,140.73540513131965,5898563
2022-06-16,135.77749633789062,140.766785793069,135.33819361423008,140.1705746473,11883333
2022-06-17,132.6396026611328,136.1226917946358,131.94926423660328,134.4282108236602,19675226
2022-06-20,130.69406127929688,132.35715752988816,129.50165192406922,131.2275038737358,7402273
2022-06-21,132.01197814941406,133.76921428102708,130.09785915882722,131.19612854903568,9459619
2022-06-22,132.20028686523438,132.5768338989995,130.66270172240786,132.29442681572607,10257637
2022-06-23,130.8823699951172,132.8592451768475,129.37616904430197,131.85511546570473,13114525
2022-06-24,131.13336181640625,133.04749360048527,130.38026790330574,133.04749360048527,9499105
2022-06-27,132.76510620117188,133.89474723781223,131.57269668899522,133.89474723781223,17545390
2022-06-28,131.98062133789062,132.76509956084954,130.75682764915453,131.50993440411526,6770087
2022-06-29,132.482666015625,134.93024037134973,130.81956980159416,131.22750098891478,41502918
2022-06-30,132.98475646972656,134.7733643392145,132.04338256281702,132.73372087424386,22260722
2022-07-01,129.59579467773438,133.61232549257284,128.77993226739864,132.45130034571002,11133663
2022-07-04,132.23165893554688,133.14166143681956,128.68582718597924,128.68582718597924,20178279
2022-07-05,134.3968048095703,135.52644573170298,132.38853300100183,132.41991723558868,20083997
2022-07-06,132.07472229003906,134.39678502993166,130.66266176904136,134.30264510822562,19203527
2022-07-07,133.39266967773438,135.1185216070157,133.11024988293255,133.83197233427182,14069302
2022-07-08,137.3150634765625,137.6916104431309,133.45542834078785,134.3026622076166,17142257
2022-07-11,136.216796875,138.85263846398567,135.68334149571993,138.0681602805733,10826079
2022-07-12,133.98887634277344,136.1540310639833,133.76922500076952,134.99300588350553,8503695
2022-07-13,134.58509826660156,135.99715927192327,133.9575155975697,134.616482507334,10210005
2022-07-14,134.83612060546875,137.59748663083374,133.58095539104838,137.59748663083374,10898403
2022-07-15,131.35304260253906,136.18542349006765,131.03925130417485,136.18542349006765,22067479
2022-07-18,131.94923400878906,133.29853907429063,131.1020001014927,132.01198971151473,15155654
2022-07-19,131.79234313964844,132.73371701921735,131.54130755145664,131.7295874346506,14922395
2022-07-20,131.32168579101562,133.2358182180704,130.85099874516968,132.60823549027583,14181034
2022-07-21,133.2357940673828,133.80060820545552,131.44717340281593,131.76096470983455,12461554
2022-07-22,131.79234313964844,134.27128924856643,131.4785518464588,134.27128924856643,9272199
2022-07-25,130.47439575195312,132.41989882079923,130.16060452251995,131.7923163619329,6635194
2022-07-26,131.22752380371094,132.41993334003394,129.9723585587817,130.47442976403386,11451315
2022-07-27,132.20028686523438,132.41993823758057,131.4158085581397,131.7295998809776,9209354
2022-07-28,134.42819213867188,134.80475192535027,131.82373447941995,132.41993286132558,13192642
2022-07-29,134.27130126953125,136.6875046579683,133.5809629163499,135.8088864047368,15433067
2022-08-01,137.40921020507812,138.1623170136345,134.39682127545612,134.9616481898231,12136557
2022-08-02,139.69989013671875,140.2019613453123,136.4050813468518,138.036793622479,17748747
2022-08-03,140.32748413085938,141.0492067636017,137.84853766209477,140.17058846148942,12406038
2022-08-04,138.5702362060547,140.7040067239939,137.50333817888503,140.5784953175975,9712267
2022-08-05,140.3588409423828,141.04917919906086,137.34643957189718,139.13504729953561,14099223
2022-08-08,139.26060485839844,142.021971315333,138.75853358688204,141.20610869116953,8392041
2022-08-10,140.2647247314453,141.14334301047282,138.4133609888032,138.53887241372058,8585266
2022-08-11,139.85678100585938,142.3984956640303,139.1350584562873,140.9864348024244,5040626
2022-08-12,143.12025451660156,143.46541737606995,139.32337368502095,139.95095644936788,13279062
2022-08-16,143.6222686767578,144.31260695053066,142.49262771100223,143.84192002274915,11298246
2022-08-17,143.40264892578125,144.94022145468463,142.9005776515827,143.62230032016703,11225465
2022-08-18,145.1912078857422,145.41085920568702,142.9319134539409,143.05742484585264,11360485
2022-08-19,144.58917236328125,145.57147106221421,143.03648671359161,144.77928845326966,9829530
2022-08-22,143.19493103027344,146.26861003517342,143.00481492993597,144.55748777054902,9190493
2022-08-23,144.20895385742188,145.03281618634665,142.0858937594399,142.56120341237326,8903751
2022-08-24,145.4130401611328,145.72991321695886,143.5434942891982,144.08217590538297,13007225
2022-08-25,143.41677856445312,146.39538072037124,142.65627534403134,146.0785076019289,12124365
2022-08-26,146.04678344726562,146.522093021809,143.60686354332893,143.60686354332893,7966045
2022-08-29,143.8920440673828,145.06447166696526,142.9731045698535,144.6525341607346,7517013
2022-08-30,145.5081329345703,145.92007056591945,144.55751358234934,144.6208856271107,7214498
2022-09-01,143.2899932861328,145.82497773310055,142.59287514193622,142.62456760496238,13109081
2022-09-02,142.08587646484375,145.03279853305315,141.83238832901333,144.17724384063055,6897237
2022-09-05,141.5789031982422,142.94146010253044,140.50152692558663,142.59289453622435,18055474
2022-09-06,142.6245880126953,144.49413415240284,141.95914934271156,141.95914934271156,14103701
2022-09-07,142.21263122558594,143.82867608768714,141.35707654640322,141.35707654640322,7866745
2022-09-08,142.21263122558594,143.79699651799754,141.61056467831088,143.2266224340098,7187735
2022-09-09,141.26202392578125,143.32169897906948,141.00852287896447,143.25832694076502,9162027
2022-09-12,141.92742919921875,142.40273875835024,140.81837356124532,141.67394108255957,8778919
2022-09-13,143.73362731933594,144.1772444525199,141.83238893095105,142.14926199568188,11278383
2022-09-14,147.377685546875,147.78961026641002,142.40276750867963,142.592896528157,25072958
2022-09-15,150.5780792236328,150.9900167904481,147.25091201209094,147.94803018245628,23606369
2022-09-16,149.34228515625,151.1167666677763,147.91635629650273,151.0850870959411,29399642
2022-09-19,147.75790405273438,150.89494205333267,146.80728491393523,149.5323853756678,13920046
2022-09-20,147.4727020263672,149.72250568188275,147.0924569716087,148.29657705634102,20162973
2022-09-21,143.8920440673828,148.51838244019928,142.14924245098842,148.20150941903665,14468837
2022-09-22,139.48753356933594,143.4801397160203,138.88547984744508,141.95914628425487,26264530
2022-09-23,128.3652801513672,139.26570812103532,125.54510221662562,138.34678141601478,87162722
2022-09-26,127.28791046142578,132.6747526861768,118.09859137214468,126.74922881767036,167547134
2022-09-27,129.82289123535156,131.75582207564608,127.54140776217632,130.42495779076035,54127095
2022-09-28,131.62908935546875,133.3402119456725,128.3653065228214,130.04472374987282,52877873
2022-09-29,131.81919860839844,134.4175552330174,130.58339877888406,132.42125229075708,36761869
2022-09-30,134.48092651367188,138.6002764470471,131.185451724411,131.185451724411,62897614
2022-10-03,133.5937042236328,136.0336245168524,132.45295590528627,134.9879407073013,11740863
2022-10-04,132.10438537597656,134.575998043832,131.8192047539005,134.41756149965664,19179333
2022-10-06,130.74185180664062,133.6570818725465,130.29822171151582,132.35789694956674,20692745
2022-10-07,132.70645141601562,132.92825999819868,129.28421949765212,129.28421949765212,14282850
2022-10-10,132.4212646484375,134.3225032673302,131.53403027450057,131.78751844213994,16834226
2022-10-11,132.04098510742188,134.00559525645417,130.90024996940127,133.0866686541379,17807162
2022-10-12,136.60397338867188,136.85746150706953,132.6747399367463,133.371858049534,35288330
2022-10-13,135.58998107910156,137.71304095645925,135.1463639399034,136.22372721715504,16436903
2022-10-14,134.76614379882812,138.15668368673195,134.06902549656016,138.15668368673195,23365190
2022-10-17,134.2591094970703,136.22371983992244,133.72042788761695,134.3224815287241,9520537
2022-10-18,134.57598876953125,136.255418600772,134.0689995992686,134.95623387062773,13256574
2022-10-19,135.55831909179688,137.45955775256934,134.95625244639234,134.98794491484514,11595367
2022-10-20,137.83978271484375,138.15665577855603,134.57598757988762,134.70274454153133,16371066
2022-10-21,137.7130584716797,138.72704984281148,135.62169079267053,136.47724560913798,11634491
2022-10-24,138.69534301757812,139.58259021057617,138.53690647931413,139.2974095991404,1132859
2022-10-25,138.4735107421875,139.04388476103475,135.78009005269413,138.69531927907357,20622687
2022-10-27,141.895751953125,142.49780558043685,137.74470991135223,138.98052252147255,24298489
2022-10-28,143.73362731933594,145.1278636467123,141.45213093839567,141.83238893095105,11669879
2022-10-31,144.58917236328125,145.92003656758868,143.67023280074727,144.46241540969183,11755682
2022-11-01,149.025390625,149.50070017649782,145.6348517363683,146.17353331601313,15220278
2022-11-02,147.8529510498047,149.91262560681363,147.56775760575368,149.02537860353678,12884449
2022-11-03,144.5258026123047,148.0430857153241,143.67023506627544,147.66284063575407,9358215
2022-11-04,143.32168579101562,145.41304022421622,142.59287518358002,144.4941135193611,8059667
2022-11-07,144.494140625,146.96575350388449,143.48014923442176,144.05052342087205,14862038
2022-11-09,138.63197326660156,146.39536376953126,138.18835610958791,146.39536376953126,22831150
2022-11-10,136.19203186035156,139.51919869947938,135.30478479119813,136.88914995268757,16217631
2022-11-11,135.65335083007812,138.06157814907556,135.33647779650502,136.88915050357448,12123886
2022-11-14,137.1458282470703,138.67074967852398,136.4320366410689,136.88626406252902,18460862
2022-11-15,140.16323852539062,140.48769046642164,136.04270151469362,136.26981523301868,15258103
2022-11-16,140.87704467773438,141.1041584194717,138.5085426236517,140.1308024960392,9825807
2022-11-17,141.6556854248047,143.05081784219303,140.32542753615556,140.74721758879892,9449665
2022-11-18,141.6881561279297,141.9801707880512,140.71480033149055,141.6881561279297,5828998
2022-11-21,142.1423797607422,142.43438118397145,140.48766982382605,141.1365736105412,4712051
2022-11-22,141.33126831054688,142.23972316788448,140.74725218655624,141.78549573921566,4366445
2022-11-23,139.61166381835938,141.98016547478915,139.02764772195468,141.62326308199115,13510578
2022-11-24,143.24554443359375,143.40777041822975,139.57923454042313,139.7739110027801,7622243
2022-11-25,143.14820861816406,143.34288508380635,140.5525928201847,143.24554685098522,10989671
2022-11-28,143.60243225097656,144.18643517458287,142.2072862848416,142.2072862848416,4526153
2022-11-29,142.33705139160156,144.21887512473924,141.81793625272428,143.60242177170306,6476054
2022-11-30,145.35446166992188,145.97091504353256,141.23392488351482,142.337056142181,17317951
2022-12-01,143.9917755126953,145.90603670316506,143.08330742830935,145.35447103828253,13241961
2022-12-02,142.6290740966797,143.73220538088657,141.8179442694738,141.8179442694738,12880949
2022-12-05,143.9917755126953,144.21888923329595,140.9419193152556,142.564179036665,16477957
2022-12-06,145.03001403808594,145.451804191345,142.36951082811945,143.7646567802918,11299945
2022-12-07,143.4402313232422,145.41938055848374,143.0508783702245,144.60825057633917,5813973
2022-12-08,141.33126831054688,143.95932106553016,140.74725218655624,143.926883793187,11176439
2022-12-09,140.94192504882812,142.0775069000106,139.96856917638598,141.7206176679722,6020031
2022-12-12,139.87123107910156,141.4610402413883,139.25476449630955,140.1632325327517,8194429
2022-12-13,140.35792541503906,140.68237738021298,138.24898764140846,139.87124746727815,8235450
2022-12-14,142.23971557617188,143.11574631639326,140.35790501328148,140.35790501328148,10055353
2022-12-15,140.39036560058594,143.018431853767,140.09836410667006,142.43441566395072,5385778
2022-12-16,138.34629821777344,141.5908175305916,137.95695854063183,139.51433045118114,11166617
2022-12-19,142.0450439453125,142.23970716341765,138.5409607976227,138.89786316712113,7758862
2022-12-20,141.00682067871094,142.04506426305733,138.80054481073523,142.04506426305733,6541929
2022-12-21,140.19566345214844,141.6232464517402,138.76806725057583,140.8445672159594,7005861
2022-12-22,139.51434326171875,140.8121511060138,138.11919718870473,140.2281349356842,6961415
2022-12-23,137.0809326171875,139.7089983812921,136.56180427796272,138.47607847711978,4554651
2022-12-26,137.4702911376953,139.02766316712876,136.88627497640977,137.24317740885758,6864331
2022-12-27,137.9894256591797,139.6441227871209,137.43785994986595,138.18408892023982,13115851
2022-12-28,140.00100708007812,141.72060494069348,137.8920695458475,137.8920695458475,16815549
2022-12-29,140.00100708007812,140.4876849725929,138.54097340253387,138.89787580450445,22536873
2022-12-30,138.67074584960938,140.64990784985827,138.37874440130233,140.19568044094007,4643134
2023-01-02,139.54676818847656,139.83876961918568,138.21651011084245,139.2223162868079,5959394
2023-01-03,139.90367126464844,140.29301094495236,139.09254142985574,139.6765575513031,2873110
2023-01-04,136.951171875,139.7739011686701,136.5942694531177,139.7739011686701,9954542
2023-01-05,135.49114990234375,137.50274950489128,134.06355329261174,137.50274950489128,21273509
2023-01-06,135.03689575195312,136.46449221933807,134.6800065365944,135.06934622697815,11510471
2023-01-09,135.685791015625,137.53516432893323,132.5386100155064,135.750678759569,52485126
2023-01-10,137.43785095214844,137.85962792449158,135.6209147559641,136.20493090487932,17248326
2023-01-11,137.53517150878906,138.24897633538404,136.33470197621693,137.69739747810917,9164361
2023-01-12,138.54098510742188,138.80054931242273,137.1782895336473,138.57343558379094,21179555
2023-01-13,138.86541748046875,139.7414349970753,138.41119008726002,138.60585331207147,6560245
2023-01-16,139.93612670898438,140.09835268170474,138.02185230969397,139.51433653951472,8362194
2023-01-17,141.7205810546875,141.91524425769464,139.44941793907387,139.9360957495625,13000571
2023-01-18,142.33705139160156,142.85617973246096,140.422790388399,141.6557102964535,11171369
2023-01-19,143.24554443359375,143.56999640286577,141.88284880304818,141.98018703422667,11586815
2023-01-20,144.86778259277344,145.28957273008058,143.40774894962118,143.40774894962118,10112645
2023-01-23,146.06826782226562,148.14476826002868,145.06247468074105,145.35447616009054,14393610
2023-01-24,143.3753204345703,147.0416303403748,143.08331894201305,146.81451660149867,6150893
2023-01-25,142.3695068359375,143.56997631387168,141.33126331993992,143.21307391681816,5790331
2023-01-27,142.2721710205078,143.69975422886003,140.81213733842733,142.30462149423605,10458603
2023-01-30,137.4702911376953,142.01261852238562,136.62672397315745,141.46105283749858,24288177
2023-01-31,140.5850372314453,142.8886382315483,137.66496958473533,137.9569710686127,20997546
2023-02-01,140.52015686035156,146.00339000415826,138.60588227021728,146.00339000415826,20246369
2023-02-02,138.0218505859375,140.87703031055426,137.1458329845848,140.1632386798959,12820663
2023-02-03,139.41697692871094,139.6116533469051,136.52936033804656,138.3462830326059,10815686
2023-02-06,140.84458923339844,141.0392524717838,138.24897377239674,138.50852475691056,6948201
2023-02-07,140.71482849121094,141.59084624291745,139.579246501447,141.46107072488152,10035526
2023-02-08,140.81443786621094,141.64471167438435,139.78489293864746,141.37902135305464,12432719
2023-02-09,141.3790283203125,142.10966660479727,140.81444480564573,140.81444480564573,7011082
2023-02-10,142.2092742919922,142.44174822145092,140.7147816565971,140.74799800947795,10892159
2023-02-13,143.4713134765625,143.80342299849897,142.14287538881655,142.20929459048963,7710133
2023-02-14,142.80709838867188,144.16875287175986,141.31260549855787,144.16875287175986,6010681
2023-02-15,142.47499084472656,142.93993878937397,141.4786622374208,141.6447170053051,8107497
2023-02-16,142.5413818359375,144.0690908035221,142.1428531746103,144.0690908035221,3963115
2023-02-17,142.01004028320312,143.4048976050133,141.4786596303367,142.14287868963405,6491149
2023-02-20,143.33847045898438,144.1355278805453,142.2757092121423,143.2056185463438,6841917
2023-02-21,144.26837158203125,145.29791651016026,143.504530488949,144.5008590593044,6701434
2023-02-22,142.57460021972656,144.3347831386998,141.47863625028518,143.47129309888075,9128659
2023-02-23,141.64471435546875,143.40489756482776,141.2129692643322,142.8070977089134,10345874
2023-02-24,142.84030151367188,143.0727754612154,141.08011845900785,141.08011845900785,9808830
2023-02-27,145.59681701660156,146.09498132689592,142.508209103634,143.77021454552226,17763618
2023-02-28,147.6226806640625,148.12084494076913,145.2979140394316,146.52671655259377,36559278
2023-03-01,145.3975372314453,147.62266810877364,144.40120876276967,147.15772022881956,12896085
2023-03-02,146.3606414794922,146.79238649542785,143.33845339508068,144.79972966517317,79708558
2023-03-03,147.5230255126953,149.74815628373935,146.39385870755925,146.39385870755925,9951869
2023-03-06,150.8773651123047,151.9733292853066,148.12085325704885,148.78507232995042,15659957
2023-03-08,151.47515869140625,151.67441629686058,149.91423312403964,150.74450693069377,11591495
2023-03-09,149.9806365966797,153.06924374436932,149.78136551650752,152.1061317218635,13941653
2023-03-10,150.47882080078125,151.5415685047437,147.62267367741,147.62267367741,9605434
2023-03-13,150.179931640625,152.80360512097593,149.7149836889536,151.47516695783273,13209653
2023-03-14,149.5821075439453,151.27587133312494,148.7850501805488,149.54890470338609,9583405
2023-03-15,151.64120483398438,152.80358809723438,149.91422460344242,150.51202441297076,12228069
2023-03-16,154.19847106933594,154.69663540823308,151.67443301349485,152.4050713411628,18437817
2023-03-17,152.5710906982422,155.42723765023408,151.6411949590536,155.39402129659047,33711025
2023-03-20,151.10984802246094,152.37186703833004,149.6485713810793,149.6485713810793,9281411
2023-03-21,148.22048950195312,151.24267818940294,147.755528040642,150.9437850106521,11272787
2023-03-22,148.8514862060547,149.25001493281508,146.659571452087,148.1208479547321,7589846
2023-03-23,147.55625915527344,149.11717116182564,146.95845932986157,148.78506164921578,17091298
2023-03-24,147.72232055664062,148.95112310585876,146.65957277119713,148.12084928698553,10371666
2023-03-27,146.19461059570312,150.27956046691017,145.82929822536275,148.05442934613646,19983733
2023-03-28,147.5230255126953,148.1872444600857,145.26467838885412,146.95844211012727,8689166
2023-03-29,147.75552368164062,148.58579750208943,146.4935182854155,147.52304971462922,19743258
2023-03-31,149.9142303466797,150.61166573677667,148.12084436296007,148.78506339597783,10202058
2023-04-03,149.18360900878906,151.01021155645884,148.6854446776064,151.01021155645884,7643214
2023-04-05,149.88104248046875,150.51204521946207,148.58580712851148,150.51204521946207,12019382
2023-04-06,149.61534118652344,151.04341484839873,149.21681245877414,150.9105629301015,4282875
2023-04-10,152.13934326171875,152.37181717218874,149.44925133230996,149.58208970584482,4145643
2023-04-11,153.6670684814453,154.09881354970818,151.74083060935985,152.03973727826673,5106602
2023-04-12,150.97698974609375,153.79992060156155,150.81093498988977,153.700285045125,9118795
2023-04-13,153.56744384765625,153.86635053782294,150.77772915419666,150.97700028097447,11428621
2023-04-17,157.18743896484375,159.34615085097062,154.2980888353574,154.49734643978033,21815047
2023-04-18,152.9696502685547,157.75202194959832,152.53790518997843,157.35349322843985,13482833
2023-04-19,152.7371368408203,153.70026239300176,151.8736603439599,152.10613426566968,8264190
2023-04-20,153.36817932128906,154.69661740373664,152.5379055197593,153.33496296379948,7308750
2023-04-21,153.79991149902344,154.33127857928523,152.5046763691475,153.96596624539958,5030650
2023-04-24,154.0655975341797,154.29808500392332,152.73715948339625,153.43459486548582,5725067
2023-04-25,154.69659423828125,155.3608131800398,153.20210161932448,153.63384663418134,8338703
2023-04-26,158.28338623046875,159.0804435904209,154.09880130679605,155.46045560308133,13581018
2023-04-27,156.7224578857422,158.28338324940225,155.09512684250126,158.08411215638245,9794457
2023-04-28,157.58596801757812,158.05091594244394,154.82945628526247,157.38669689916648,10585487
2023-05-02,159.47898864746094,160.17642404421662,158.25018612736037,158.5490792896437,6732907
2023-05-03,159.21328735351562,160.7409964441567,158.61550107015785,159.4125584570149,4789217
2023-05-04,158.64871215820312,159.87751465746803,156.0582552459115,159.18009278610884,9189783
2023-05-05,160.11001586914062,160.40890905200754,158.2169806657439,158.61552292766228,3896441
2023-05-08,162.56761169433594,163.56394026447487,160.14320947095032,160.6413737560198,8758321
2023-05-09,161.6708984375,163.99566481002157,161.20593705485405,162.10264346653932,9166941
2023-05-10,164.49383544921875,164.69309303792295,162.46796212585483,162.83328797550075,9689409
2023-05-11,165.09165954589844,165.5233911417651,163.79642421758263,164.52706251086306,12616726
2023-05-12,160.57496643066406,165.789083630662,160.17643767584633,165.2909193087468,13853807
2023-05-15,161.57127380371094,163.16540212668772,160.97347399339836,161.67090935769141,12187763
2023-05-16,159.81109619140625,162.43476947258188,159.4125674754318,161.77055044143424,11418509
2023-05-17,158.61549377441406,160.6745698570597,157.71878736348262,160.0103508940405,11560929
2023-05-18,156.52322387695312,160.07679313809277,155.82578845992708,160.07679313809277,14497723
2023-05-19,155.2279815673828,157.7520192813121,154.0988146242712,156.5232167812034,10071694
2023-05-22,155.65972900390625,158.74835023632295,154.53056204363693,155.89220296471805,12566129
2023-05-23,155.49366760253906,157.1210122858537,154.9955033448332,155.46046476016755,12458561
2023-05-24,156.62286376953125,157.98450476930344,155.991847538208,157.95130192359488,8877971
2023-05-25,158.05091857910156,159.6118441677003,156.95496795026756,157.884863815512,12502747
2023-05-26,157.61920166015625,158.01773042711235,155.95865386986202,157.98451406587748,6811801
2023-05-29,155.75936889648438,158.3166095637124,155.49367857091897,158.21697400242894,13638297
2023-05-30,156.1578826904297,156.68926329073014,155.22797339668887,156.68926329073014,9469926
2023-05-31,155.32760620117188,156.2242991239454,152.7703658237919,156.0914607330048,48104157
2023-06-01,154.76303100585938,155.49366922205706,152.8035903105696,154.72981464957155,8804790
2023-06-02,155.82577514648438,156.15788464744173,154.82944664361227,155.42724644804957,6617781
2023-06-05,156.489990234375,158.08411850181312,155.95862315427553,157.0545736691675,27428302
2023-06-06,156.29074096679688,157.41990789649117,155.72614398837916,157.05458202969976,6898603
2023-06-07,158.88119506835938,159.44579208491356,156.85533502664836,157.2206474045447,11153571
2023-06-08,160.50852966308594,163.0325538431679,158.91440130465116,158.91440130465116,19300834
2023-06-09,162.66725158691406,163.06578032287075,160.60817518982836,161.7705585526187,11037141
2023-06-12,160.50852966308594,163.69677286638483,160.20962299449596,162.73366068814855,8188909
2023-06-13,160.90707397460938,161.704131474318,160.37569329908902,160.74101920270576,6443218
2023-06-14,163.72999572753906,164.19494365683383,160.8074292065645,160.8074292065645,10297426
2023-06-15,163.69679260253906,164.02890215418842,161.93662278965527,164.02890215418842,9732749
2023-06-16,163.69679260253906,164.29459249822236,162.40157075653548,163.66358975551748,9702361
2023-06-19,161.47166442871094,164.9256119407352,161.0067164528483,163.696795765035,10431647
2023-06-20,165.2244873046875,165.85548999147798,161.90339208248272,161.96981128421262,13426365
2023-06-21,171.5013427734375,172.06593974212504,165.22447854180027,165.25769489768905,31172093
2023-06-22,168.41275024414062,171.36851969389744,167.84815322498955,171.36851969389744,7430965
2023-06-23,166.1211700439453,169.14337191477645,165.75585770022553,168.44593655579382,5593393
2023-06-26,165.05841064453125,166.22079381808427,164.16171775621848,166.0547390790053,7305362
2023-06-27,165.755859375,166.08796888004824,164.49384055310264,164.7927337022179,11142907
2023-06-28,166.1544189453125,167.71533120630014,163.69680004325468,166.58616408479577,17808717
2023-06-30,169.47549438476562,172.49768297328495,166.85182101248765,170.37218740523682,17659979
2023-07-03,166.38687133789062,169.34264069275605,165.72265229063356,169.07696388471012,12467239
2023-07-04,165.78907775878906,167.71531577135258,165.52338742713002,167.71531577135258,8637967
2023-07-05,168.21347045898438,168.67841837762825,165.72264908002606,165.8554874814755,5340907
2023-07-06,174.49032592773438,175.088125730562,168.97731633482869,172.66372367738722,16705046
2023-07-07,169.67474365234375,174.39070951628372,169.17657938617296,174.39070951628372,13149183
2023-07-10,166.0547637939453,170.30576844978455,165.05843521118163,169.6747522392248,15319047
2023-07-11,168.37954711914062,169.64156615134772,166.08799655785947,167.38321843796228,7486045
2023-07-12,167.41639709472656,169.20978291152093,166.81859731793858,168.7116186831259,9390877
2023-07-13,161.47166442871094,167.51605568278777,160.54175496341315,167.21716248595786,30591450
2023-07-14,159.44577026367188,162.33512010056788,157.22062588782921,161.40521083338177,72085831
2023-07-17,160.07679748535156,162.70045743289856,158.88119774185802,161.0731261004056,11474161
2023-07-18,160.17640686035156,161.87015712086827,159.1468620543667,160.07677131242247,14940593
2023-07-19,161.57127380371094,163.53071447318908,159.7778878863435,160.07678103471463,22954874
2023-07-20,162.23550415039062,163.29825193545784,160.94028239883545,162.0362330285031,10249082
2023-07-21,162.1358642578125,163.59715424761484,160.87384538457394,161.5712807789763,18466409
2023-07-24,164.36099243164062,164.82595385756824,161.30558761748057,162.1026585561119,14825562
2023-07-25,166.81861877441406,167.05109274151903,164.8259616045351,165.35732874169338,10500017
2023-07-26,166.71897888183594,169.80760011762,166.05475984246607,168.64521679872274,12898171
2023-07-27,166.51968383789062,168.31308309464376,165.85546489396035,167.38317387042758,10836773
2023-07-28,171.5013427734375,173.46079695875883,166.1211715015241,167.25035192532886,17518458
2023-07-31,176.71548461914062,177.34648731464438,172.13237044649736,174.0253920465799,24269734
2023-08-01,167.25035095214844,174.02537940127374,166.38686083976745,174.02537940127374,31395702
2023-08-02,165.09165954589844,168.5788097540556,163.79642421758263,167.9810098728,20825405
2023-08-03,165.1912841796875,166.4533031679336,163.46431722851653,165.39055531441085,10882019
2023-08-04,164.29457092285156,165.4237513583173,163.7964066607971,164.72631598601285,7406390
2023-08-07,164.693115234375,165.35733431338207,163.39789343573992,165.25771226238842,6345966
2023-08-08,163.5418701171875,166.08134015006308,162.96625966523703,166.08134015006308,15171726
2023-08-09,162.7631072998047,164.8962650237864,162.35679482321476,164.55766899704352,18442141
2023-08-10,163.7450714111328,164.32068199729795,162.5599851194652,162.8985812027988,9962450
2023-08-11,165.4380340576172,166.75855312977345,164.42224591672516,166.25065905932743,23866073
2023-08-14,165.57347106933594,166.11523026890987,163.03400065416207,165.81048555258374,9188486
2023-08-16,167.9774932861328,168.38380576008134,164.59153304071597,165.6411724502907,9191471
2023-08-17,165.0316925048828,168.48538288626898,164.01590445800622,167.97748886283068,15301142
2023-08-18,163.2032928466797,164.9978546314083,162.59381721332736,164.9978546314083,12292241
2023-08-21,167.40185546875,167.74045146587733,163.67729950034936,164.08362571890726,9129526
2023-08-22,167.8081817626953,169.39958019440743,167.06325954667543,167.94361465060453,11107830
2023-08-23,169.02711486816406,169.29799441472883,167.40185136628145,169.29799441472883,8487619
2023-08-24,166.7924346923828,171.09260215735083,166.45383861203084,169.29804017598346,18982087
2023-08-25,163.88046264648438,167.53730217178324,163.47415020534146,166.69081217877454,12851343
2023-08-28,168.2822265625,168.6208225918008,164.2529393248235,164.55767024019113,11908665
2023-08-29,170.07676696777344,171.32956936374626,168.34992192365817,169.02711389742794,12363321
2023-08-30,167.33413696289062,170.38150089948618,166.8939594165478,170.17835157021688,6748007
2023-08-31,165.60733032226562,169.02714209377692,164.93013823552974,167.84205594198912,20715819
2023-09-01,170.787841796875,171.05872139188168,166.04749710553818,167.2664483943139,13120723
2023-09-04,172.954833984375,173.69974240487912,169.83975364021757,171.73588291263658,10240031
2023-09-05,172.20994567871094,174.03835872237877,171.32959049323668,172.88713773599645,10893186
2023-09-06,172.3453826904297,174.20766089238916,170.75398407334777,173.83519974099406,10018473
2023-09-07,174.03836059570312,174.5123895299023,170.7539818380173,172.00678440197896,13760453
2023-09-08,175.15573120117188,176.95029293746228,174.10607798442433,174.88485161838142,16781751
2023-09-11,179.1173095703125,179.45590561864958,174.44468134775917,176.3069596136131,17683806
2023-09-12,172.7291259765625,184.4219729111432,172.1422179186637,183.29331946615457,29826173
2023-09-13,174.44467163085938,175.70877174074343,172.72912392584752,174.44467163085938,10692151
2023-09-14,176.20538330078125,176.65684471203357,174.89614796365126,175.34760937490358,10941807
2023-09-15,175.25730895996094,177.15343844329055,173.54174749122546,177.1082895508882,20516593
2023-09-18,180.67483520507812,181.0359987689261,175.25729908231725,176.29565466151035,25627043
2023-09-20,184.7831268310547,185.95692910790805,179.18500879241608,179.41073946959915,33369524
2023-09-21,182.02923583984375,185.5957780238209,180.94571749445132,185.09916774510071,20332556
2023-09-22,179.8170623779297,183.20302273235347,177.33402478468557,181.08116251008602,21193988
2023-09-25,179.59133911132812,181.1714540087091,177.60491171012228,180.5845597006853,11951847
2023-09-26,179.09474182128906,180.62970781661915,178.41754972533386,179.77193391724427,7440011
2023-09-27,179.99765014648438,180.2233808269904,178.14665581083375,179.95250125488172,6736870
2023-09-28,181.26173400878906,184.60254527985063,178.59811477013895,180.6748397583687,50185120
2023-09-29,180.35882568359375,182.30010415366542,179.77193138636508,181.4423302663665,16293959
2023-10-03,180.17823791503906,180.58455039793284,177.78548435576175,179.45589695794575,10830728
2023-10-04,179.68162536621094,180.0427889514214,176.43109798928649,179.59132758115453,14120040
2023-10-05,177.51463317871094,180.13310386423,176.38597964572705,180.13310386423,14575590
2023-10-06,177.9209442138672,178.28210783041172,175.9345167678546,177.8757953174219,12857229
2023-10-09,177.1986083984375,177.78550273690632,174.9413012850816,177.4243391097731,7853369
2023-10-10,178.73355102539062,179.2753101725064,176.7019748899675,177.19858514523906,7440527
2023-10-11,179.23016357421875,179.81705784318166,178.19180793605125,178.19180793605125,10031916
2023-10-12,181.26173400878906,182.39038739614142,178.19180230619352,178.19180230619352,21872719
2023-10-13,182.20982360839844,182.75156902133702,179.95251661071637,180.99087231864672,13105921
2023-10-16,183.33847045898438,184.06081142755068,180.67485105380993,180.85543285157448,18336656
2023-10-17,187.04043579101562,188.71084833271482,182.9321484402279,183.78992226805698,19378328
2023-10-18,186.4535675048828,188.2142642972479,184.19626039223292,188.2142642972479,14923328
2023-10-19,185.82151794433594,187.2661861807565,182.5709903017493,184.19625412304262,13192888
2023-10-20,183.1578826904297,185.27974285563158,181.39717233147573,185.27974285563158,22081120
2023-10-23,180.35882568359375,185.23460319482527,179.68163359717224,182.39040194285826,6988219
2023-10-25,180.13308715820312,180.99086100821685,178.59812125120368,179.68162578687932,16817158
2023-10-26,179.63648986816406,180.58456157191836,177.2437499383396,179.45590806209387,11070090
2023-10-27,181.44232177734375,182.20981161705004,179.81705809047062,179.90735587543875,9995487
2023-10-30,181.35205078125,182.57098830072857,178.46268678505945,181.4423347951881,7679981
2023-10-31,182.5258331298828,183.24817410409682,181.08116495896292,181.93893883818225,7474770
2023-11-01,181.44232177734375,182.70642187935957,181.03600930000238,182.70642187935957,5598615
2023-11-02,183.3835906982422,183.88018712012217,181.3971499006987,182.1646396431592,12924797
2023-11-03,184.55743408203125,186.45357767104588,183.38364534146123,183.65451118774047,8684015
2023-11-06,187.98854064941406,188.66573280865367,185.0540412927091,185.09919019216034,9804415
2023-11-07,187.80795288085938,188.80117352729073,185.77637646748468,187.98853469543525,10730361
2023-11-08,186.90501403808594,189.2526187592294,186.58898555648688,188.71085958434762,7435543
2023-11-09,189.43321228027344,190.06525550507354,186.09240056846517,187.17590520776662,13777877
2023-11-10,190.6521453857422,192.32255809143655,189.25262605544054,190.06525107158402,12066023
2023-11-13,191.6905059814453,194.21869248180155,190.24582404481086,191.41962639613786,11352269
2023-11-15,189.74920654296875,194.12838730242171,189.43319185339953,194.12838730242171,19182861
2023-11-16,190.71566772460938,192.23440615334738,189.33500408657673,190.25544651193184,27533260
2023-11-17,192.8327178955078,193.9372461675644,190.43956160201938,191.17591846500343,16705395
2023-11-20,192.64862060546875,194.39745576065033,192.23442428396135,193.3849774241698,11156900
2023-11-21,192.3264617919922,193.43099000729424,191.40601927176746,193.29292924719584,9608081
2023-11-22,194.76564025878906,195.68608276654356,191.6361273055209,191.6361273055209,13079580
2023-11-23,194.12132263183594,196.1463074198616,192.602598085655,195.1798399610018,11382709
2023-11-24,193.70712280273438,195.22586136629346,192.8327052299908,194.48950455167432,7250200
2023-11-28,193.47702026367188,197.38890108221955,192.83271329076118,197.38890108221955,15629209
2023-11-29,194.2593994140625,194.6275708093564,192.46453928353748,193.56906751425763,10062023
2023-11-30,192.3264617919922,195.87017111279275,191.68215483680254,193.66110063735042,60354322
2023-12-01,193.47702026367188,195.5480159911383,192.7866883545164,194.67359838184242,20719909
2023-12-04,195.9622039794922,197.06674622295733,194.8576757808651,194.8576757808651,27914088
2023-12-05,204.61436462402344,205.4887821646929,194.7196080360259,196.69855373569038,40709207
2023-12-06,206.5472869873047,208.25011119400844,204.7984518924503,208.02000057390455,29544730
2023-12-07,211.7017822265625,213.91083868403476,206.40923767089845,207.0995695694633,24534268
2023-12-08,210.4131622314453,214.83127501895567,208.43420241906983,213.3585754380649,22206320
2023-12-11,212.57620239257812,214.37106254157973,208.52626082330073,209.86089970102816,19106395
2023-12-12,212.9443817138672,214.7392418112625,211.24155744117732,211.7017786992191,14355329
2023-12-13,218.09886169433594,218.60510791109783,212.25405986761623,212.62223127353096,26878281
2023-12-14,213.63470458984375,218.69713821477052,212.71426211258435,218.37497772979467,29972018
2023-12-15,218.46705627441406,219.15738822298098,209.0785305380324,216.3040105509686,41341690
2023-12-18,213.40460205078125,218.05282550106932,213.0364166190341,218.05282550106932,29051897
2023-12-19,214.9693603515625,215.75172809212322,212.48416827564475,213.68073235471866,12612164
2023-12-20,209.07850646972656,216.67215702981113,208.20408891116924,216.25796071731955,20400245
2023-12-21,213.8648223876953,214.64719009272403,204.98254375709897,206.59331814636982,17755207
2023-12-22,213.3125762939453,215.56765789455736,212.16202302375143,214.4631295641392,9735375
2023-12-26,214.7852783203125,217.04035979727067,212.66825761027135,213.54267523870342,6772092
2023-12-27,215.4295654296875,217.08636470401413,214.00287677554962,216.30398297743727,10231881
2023-12-28,220.07781982421875,220.86018756659757,215.47560706373605,216.39604961583257,39164340
2023-12-29,218.32896423339844,219.29543169411352,216.0738828549555,218.881235366618,12665999
2024-01-01,219.29541015625,220.44596320009182,217.5925860334293,218.9732496860395,5952776
2024-01-02,218.92724609375,220.9982416416608,217.36248266612523,220.906191777152,9128513
2024-01-03,218.19088745117188,219.7096118887511,215.93580623831522,217.22442006142265,8284439
2024-01-04,222.2408447265625,223.75958331885636,218.19090323678884,219.06532082607654,19663959
2024-01-05,222.0567626953125,225.50842221907385,220.26190255192432,222.74709460006477,16345257
2024-01-08,223.06924438476562,225.73852200356993,221.27437028281187,223.1152552736667,13585746
2024-01-09,223.02322387695312,225.18625535723046,222.28686705703055,223.29935944002887,8688409
2024-01-10,220.12379455566406,222.83911087416803,219.0652914125715,221.82661861525096,16872195
2024-01-11,222.7010498046875,223.7595670578172,220.1698330463178,221.13630043575367,18812468
2024-01-12,220.4459686279297,223.34535675186524,219.8016617164815,223.20729600113967,11296498
2024-01-15,221.9646759033203,222.28683635655415,218.14484561699103,221.27434411339314,12597366
2024-01-16,220.0317840576172,223.11525802846788,218.78918105551264,222.4249261483738,7478450
2024-01-17,220.1698455810547,222.01073060103815,218.7891818160671,219.5255386330281,13620300
2024-01-18,214.87728881835938,216.94828434700142,208.06602025320493,209.17054839284654,25522629
2024-01-19,216.67214965820312,218.09883828143575,213.91082227575447,216.30397829181157,20931080
2024-01-23,219.019287109375,227.16520874234408,217.45453768946598,221.82663950544466,27492163
2024-01-24,226.61294555664062,227.34930238141854,216.3039921442646,217.36249542405656,28309825
2024-01-25,225.96861267089844,228.91402558717294,223.7595564949017,225.27828086029487,20651484
2024-01-29,233.74636840820312,234.71283583531613,225.64647165668347,225.9226072136926,26181011
2024-01-30,233.8844451904297,236.507711936982,231.49128906919466,233.79239532236758,16031367
2024-01-31,238.67071533203125,239.3150362809651,232.3196680640482,233.79238159755823,34369455
2024-02-01,244.6536102294922,249.3939116724396,237.750291339386,238.39461233833316,29929092
2024-02-02,255.05462646484375,259.0125180425485,242.95081301335696,243.45704516061815,33900724
2024-02-05,260.3931884765625,266.37606497572915,253.0296481698959,255.42280438749796,27440927
2024-02-06,252.4313507080078,260.393172559988,250.63647663209895,260.393172559988,29668277
2024-02-07,246.63259887695312,252.56943662394855,245.57406744537764,250.45242994015388,27335466
2024-02-08,254.22622680664062,265.13344783422536,249.25581489216967,249.25581489216967,69776717
2024-02-09,251.2808074951172,257.21767297400424,247.69108729169366,256.43529121551643,24496638
2024-02-12,248.7956085205078,254.0421422595654,245.0678274514829,251.46491437106388,19140023
2024-02-13,248.74957275390625,249.30184384326517,243.22691803966597,248.79558364065517,22031847
2024-02-14,251.87908935546875,253.1216923723227,245.75815223058243,248.05925852487627,13546941
2024-02-15,263.5769958496094,265.1679211829919,253.93794064424642,254.54622554489833,25475670
2024-02-16,256.9325866699219,264.74678722455343,255.76279702280092,263.90454439048983,25129188
2024-02-19,258.6170959472656,260.4419506262549,255.7627921273332,257.4473063225352,11429901
2024-02-20,269.4259338378906,270.22139647444055,259.88046787724045,260.48875275484346,43053543
2024-02-21,262.12646484375,270.8764969493412,261.33100218700224,269.09839387214606,24651085
2024-02-22,264.4660949707031,265.30833795074574,255.71606118180344,262.1265152709611,26793590
2024-02-23,263.8577575683594,266.89921057410527,261.09704264710945,264.4192337373513,14313526
2024-02-26,269.3323669433594,272.7949558513058,263.9513343665326,264.79360579122994,31012494
2024-02-27,273.73077392578125,274.57301674907404,265.86979330951965,265.86979330951965,36510093
2024-02-28,261.61175537109375,274.8069888125478,260.5355545660051,272.7949562535875,18824161
2024-02-29,264.70001220703125,266.7120447273211,256.7922226150729,261.6585590654039,35043015
2024-03-01,269.23883056640625,270.8297275515732,266.337746163745,266.7120731861772,15149735
2024-03-04,275.7427978515625,277.94200800386034,269.5195229128343,269.5195229128343,23131460
2024-03-05,276.0703125,276.4914481292337,271.1571967690678,273.3095979512748,13220556
2024-03-06,274.8537902832031,275.9767712226256,268.1157904093969,271.67193955654477,15969436
2024-03-07,273.8711242675781,279.7200720289706,272.32700777043357,275.134502695902,14908694
2024-03-11,267.2267150878906,273.21606046966036,266.1505144068685,269.89384099081695,19020659
2024-03-12,266.8523864746094,270.12779721510617,264.60639625013175,266.6184285645739,17906155
2024-03-13,247.3402862548828,265.68259175675985,245.00070720003407,265.12108707173326,39389523
2024-03-14,249.25875854492188,251.17720194870782,243.97131558583763,247.10632867602715,26005940
2024-03-15,248.88446044921875,254.54623100181877,241.117039941146,250.89649296034747,43817794
2024-03-18,247.9017791748047,249.53948443547537,242.84829436802633,248.88441946679507,12423655
2024-03-19,242.38038635253906,249.39912340907975,241.72529280353623,245.3282502044233,20031514
2024-03-20,247.66783142089844,248.13574722881978,242.33360834618392,243.26943996202658,11308487
2024-03-21,256.1839294433594,256.88580322265625,249.96065431212384,250.61571937054396,23559105
2024-03-22,258.0555725097656,260.39515158963655,253.93791904105572,256.18390924586885,22097588
2024-03-26,252.72129821777344,256.5114331243221,249.02478073723825,252.76810693078014,28477120
2024-03-27,252.9084930419922,255.29485222791337,251.92588127351036,253.61036675071188,18094214
2024-03-28,259.1318054199219,261.5649736776239,254.2186887408252,254.54623556462866,26646830
2024-04-01,262.1732177734375,263.53018502102066,259.8336387667866,262.7347224468965,8945400
2024-04-02,261.61175537109375,263.6238164893727,260.62914345325595,261.3310172686597,13229425
2024-04-03,262.12646484375,264.9339599433418,260.6759085733707,262.1732450050164,14499308
2024-04-04,259.8336181640625,268.30291063218016,257.4004504782135,264.6531448237507,23722104
2024-04-05,260.5354919433594,261.9860479487941,257.4940394743239,261.9860479487941,9308711
2024-04-08,263.6705627441406,265.9633616699896,261.1438059099118,262.54755336019116,14473340
2024-04-09,263.1558837890625,266.1037479134396,262.96870602652683,264.7000003723727,5780865
2024-04-10,264.41925048828125,267.03959653328184,262.0328909409394,262.0328909409394,8809693
2024-04-12,257.5876770019531,266.1973401183883,257.02617226665217,263.4366251627604,17731780
2024-04-15,256.46466064453125,258.47672160527304,251.17721736100808,252.9085116819802,13378690
2024-04-16,256.6518249511719,257.86839464845417,253.84433005653736,255.4820354117408,9662195
2024-04-18,262.12646484375,271.2976040786897,259.88047447594,269.42594067896187,51039603
2024-04-19,263.5769958496094,264.1385005884101,257.07298258984304,260.25480469729075,18755469
2024-04-22,265.4486389160156,266.4312792733896,263.6237843540043,265.7761857018069,14965203
2024-04-23,267.0395812988281,268.72406693505064,262.68796960582245,265.4486559851492,11464036
2024-04-24,271.7655334472656,273.1225009032958,266.1505429687712,266.7120477284843,19324163
2024-04-25,274.4794006347656,275.6024099939506,270.6892940263165,273.2628309617439,22022414
2024-04-26,273.496826171875,277.14656424810477,272.7481722031729,275.36848965294854,15581578
2024-04-29,274.8537902832031,275.69603312759943,271.01687448171117,273.5436030149001,9804396
2024-04-30,282.4808044433594,284.82038369407576,274.2454683452475,274.8537817978874,33288857
2024-05-02,293.4768371582031,296.89261727152814,282.4808142962947,282.57440318145115,44059506
2024-05-03,290.9032897949219,295.8164062222536,288.4701216619037,291.9794905385692,27074447
2024-05-06,287.1599426269531,290.8564604459498,283.6505739991819,290.2949843129584,16855909
2024-05-07,276.3042907714844,288.5168822082761,275.6024170438684,287.30031250413447,13857464
2024-05-08,282.6211853027344,283.4166479930991,273.2628679086041,273.2628679086041,18754452
2024-05-09,277.1465148925781,284.82034522211603,276.3042721879491,283.323008992046,11196567
2024-05-10,284.2588806152344,284.91397423297167,277.2401428222656,277.2401428222656,11786977
2024-05-13,286.8791809082031,287.9086014351539,278.5035047755792,284.6799993779683,11710605
2024-05-14,289.4059143066406,292.91528270971224,288.002166945412,288.2361248389501,9957875
2024-05-15,294.6466064453125,296.00354522861596,289.03161643609957,290.1078171426688,11397656
2024-05-16,292.4473571777344,295.34844067279994,285.7093586446345,294.31902026367186,19843532
2024-05-17,293.0556640625,295.7227898729001,290.80967390191046,294.6933693861632,9069551
2024-05-21,304.7536315917969,306.4381460316936,291.0437009102982,291.0437009102982,21976662
2024-05-22,304.8471374511719,306.7188006128061,299.65328360136226,306.7188006128061,10287081
2024-05-23,299.37255859375,300.12124109803216,289.1719986571884,298.9514514594513,35705284
2024-05-24,298.3431091308594,302.2268332025944,297.0329505742894,297.5944552583378,15058182
2024-05-27,297.54766845703125,300.8698592112212,294.31903801533144,300.8698592112212,12857918
2024-05-28,292.7281494140625,298.9982333365529,291.9794954648028,298.53031747843625,10935739
2024-05-29,297.3137512207031,298.24958294810943,289.2655926531455,289.2655926531455,16812268
2024-05-30,287.01959228515625,297.26693220999215,284.30565752215614,294.41265696391986,22768893
2024-05-31,290.10784912109375,291.5115967781313,286.08378392798045,288.7508816288964,36929443
2024-06-03,315.9835510253906,326.3245078972354,304.7067910625215,313.50360286385313,55218939
2024-06-04,276.9593811035156,313.4568145129152,261.7988973405007,313.4568145129152,73262478
2024-06-05,279.6264953613281,281.73211664736016,261.28421722823555,277.2869161546258,45312613
2024-06-06,281.1706237792969,291.4647716771544,278.9714137438007,283.93130994358796,36508044
2024-06-07,289.4995422363281,290.71611202314534,277.75483726048566,278.9246268860088,38016104
2024-06-10,295.5356140136719,302.60115987646884,291.60513834737,292.91529690280396,25478964
2024-06-11,296.237548828125,299.1854418850059,294.92739000246706,295.91003054120085,12238518
2024-06-12,303.8177185058594,306.1105173139477,296.5650237185889,299.3725184749517,20346144
2024-06-13,300.8231201171875,306.9060263436846,300.0744375998741,306.0169747791617,11756503
2024-06-14,300.8699035644531,305.0811463826181,298.85787104097125,305.0811463826181,14159988
2024-06-18,310.50897216796875,311.16406583556085,301.33783217759577,301.33783217759577,21653702
2024-06-19,306.2976989746094,313.36324532959264,304.51962448556577,312.56778268574465,14235150
2024-06-20,303.72418212890625,307.23355118089324,301.61856069771403,306.48489720686337,11749507
2024-06-21,305.0343322753906,308.450112024821,302.273617533633,305.7362060003139,17209541
2024-06-24,311.58514404296875,312.5677558036558,301.85247251181084,302.36719702971067,18044357
2024-06-25,306.39129638671875,313.50362310025974,304.89395993766004,313.50362310025974,13979671
2024-06-26,305.7362060546875,309.0116167715787,304.0985006962419,304.80037442129,12946277
2024-06-27,310.27496337890625,311.16401484504655,303.53699282461736,307.4674685081239,27061015
2024-06-28,309.7134704589844,315.7027868133724,308.450092123772,311.631913759605,21676594
2024-07-01,308.45013427734375,310.46216672208163,304.37926066724054,309.76029294652307,11959181
2024-07-02,309.5730895996094,312.94208915574075,306.99955263523765,308.87121588205343,12684459
2024-07-03,313.64398193359375,315.28168737408174,307.98221169163327,309.853875052191,9369793
2024-07-04,313.5036315917969,316.96622043907536,312.47421097022885,315.3752950639867,12878827
2024-07-05,317.6212463378906,318.0891621482173,311.4915606463369,313.5035929188787,10894118
2024-07-08,317.6212463378906,319.11858264279897,315.2348871289504,319.11858264279897,7828162
2024-07-09,319.2590026855469,320.3820122334923,316.40472721022104,318.182801861702,9214579
2024-07-10,323.84454345703125,325.48224890723014,313.9715305952731,320.9902682389827,10662609
2024-07-11,320.8030700683594,326.3712796685086,320.0544161910536,326.13732176193616,12642065
2024-07-12,321.0838623046875,323.70417964359524,318.2763672018648,320.80309565881504,11380570
2024-07-15,321.7857360839844,323.23626379673215,318.36995608737533,323.23626379673215,5277531
2024-07-16,320.4755554199219,324.73357794329087,319.58650394130785,320.7562934872131,11363095
2024-07-18,319.3525695800781,322.5812003885706,315.32850466916955,320.054443359375,13908161
2024-07-19,310.88330078125,319.91407093422737,309.76029132251716,317.7616408982089,12937990
2024-07-22,316.87261962890625,317.62127356588127,308.35654543905974,308.82446128949834,10678640
2024-07-23,312.8017272949219,318.6506750753056,300.4955468768576,317.34051648436275,15954324
2024-07-24,315.5156555175781,317.05977212820784,309.1052025880914,309.66670732631604,12573882
2024-07-25,317.6680908203125,320.61595504540355,309.2456052861565,309.2456052861565,16271884
2024-07-26,322.1132507324219,323.37660055512373,316.778999145827,318.5102933316035,11468068
2024-07-29,320.3819885253906,323.70417963996675,316.07715698924727,317.99560055242785,31849674
2024-07-30,327.3539123535156,334.0451317561641,321.27100639424725,322.8619316842441,25813219
2024-07-31,325.8565673828125,328.149337616839,320.6159048261167,325.9033475380589,17976593
2024-08-01,337.9288330078125,339.2389916776005,327.6814644561692,328.6172961573488,26792459
2024-08-02,335.26171875,337.8820361818206,331.2844338799721,335.02776081646897,13771470
2024-08-05,320.8030700683594,332.03304958383495,319.58650037790875,330.1146061736671,13566586
2024-08-06,318.8846740722656,328.2897718911683,317.48092642411183,320.8031177676815,12273667
2024-08-07,329.45953369140625,329.92744953448977,321.364595317924,323.65739437276005,12441847
2024-08-08,320.6627197265625,332.2202466967493,319.3525610852555,332.2202466967493,15489731
2024-08-09,323.7977600097656,326.5584748786621,322.20683473628014,325.57583448292706,8720610
2024-08-12,319.2590026855469,321.73895116466394,317.71488597661124,320.9902971722464,12521136
2024-08-13,315.3285217285156,320.475596388484,313.6440074314802,315.37530189260605,10435954
2024-08-14,312.0998840332031,316.6386736657895,311.16405229697165,315.3752951100133,12385993
2024-08-16,319.5072326660156,320.40364735948657,311.9583318530998,314.2229963376203,13013828
2024-08-19,321.1113586425781,323.94219646357095,320.16774603558054,323.3288540283768,5891370
2024-08-20,321.3000793457031,323.32884060718095,319.69592646168604,321.2529102360198,6393840
2024-08-21,317.66717529296875,321.7247267416092,317.1953689940644,320.8282832549824,10118601
2024-08-22,315.1665954589844,318.65797345433384,311.86395149459383,317.05382058149326,18370039
2024-08-23,317.28973388671875,317.95027421946645,314.55326313076745,315.7799479809891,7494822
2024-08-26,319.1769714355469,322.24371247668665,316.91230688759805,317.4784802237783,7993675
2024-08-27,316.4404602050781,322.1965022611932,316.11019006804145,319.8846400987046,9589690
2024-08-28,315.5912780761719,319.7903373003669,314.9307376694663,316.4405237442403,8790600
2024-08-29,314.50604248046875,316.95944080027215,310.2597861258444,313.7511639805764,17653536
2024-08-30,318.3748779296875,321.6303528411853,315.21377003530586,316.11021350275325,22713812
2024-09-02,316.62921142578125,320.7339321897805,315.35535739279237,319.31851322266164,9789776
2024-09-03,315.7799377441406,318.89387647315596,315.1665953389129,317.0538204607028,8434423
2024-09-04,314.1286315917969,315.82715156505975,312.33577339510674,312.52450743550423,9025610
2024-09-05,312.5716857910156,315.4496928131749,311.0147307003922,313.60966545035535,13912371
2024-09-06,311.20343017578125,314.31736909602694,306.6741011240426,314.2701711870217,23755639
2024-09-09,310.02386474609375,310.6372358875164,305.3058024075638,309.22181718595743,18597200
2024-09-10,315.30816650390625,316.3933153101741,308.5613417030864,308.5613417030864,15472387
2024-09-11,314.4117431640625,318.23336283732135,313.27939647736304,317.9030926539696,10134008
2024-09-12,319.12982177734375,319.8847004070875,314.4589274650794,315.96871352134076,18410837
2024-09-13,318.23333740234375,322.00778766063695,317.14818871243847,320.63953792329755,10417461
2024-09-16,319.1769714355469,322.24371247668665,318.04462476318645,318.23335880750386,7748570
2024-09-17,317.903076171875,320.8282809635439,315.638411712663,317.71437093172375,11451846
2024-09-18,315.44964599609375,319.7902692384509,314.31732827858843,319.4128299992825,6583254
2024-09-19,316.015869140625,319.27134428550585,314.31737789785313,317.2425828575359,10589610
2024-09-20,321.63031005859375,323.611901967363,315.8742683414133,319.08254491920945,31236123
2024-09-23,321.9134521484375,323.18733499463224,321.0642065165653,322.71552866617293,6542941
2024-09-24,330.31158447265625,331.2080279759151,323.04578461278606,325.1217150884182,26145769
2024-09-25,343.23907470703125,345.5981061483167,332.4818970941238,333.89731595889504,40770462
2024-09-26,344.84320068359375,345.4565430510897,337.0583975351184,343.52212014219543,18733959
2024-09-27,334.2747802734375,342.8144632119609,333.4255346503048,341.77651233745024,33148043
2024-09-30,332.9537048339844,337.2943284642278,329.9813309643599,334.2747566875096,16356171
2024-10-01,331.019287109375,335.9260841265613,330.2172394403099,331.302388166196,9856291
2024-10-03,324.7442626953125,330.17003501440104,323.2816747193099,323.6591139908489,19350466
2024-10-04,319.7431335449219,327.85820762051003,318.7051539311656,323.659120054448,20121706
2024-10-07,310.4013977050781,320.82830613578176,306.67411615920315,320.82830613578176,13851446
2024-10-08,308.7028503417969,312.3357645406724,304.17352146837453,308.8443864696968,21148292
2024-10-09,311.1562805175781,313.0906749884397,307.1459266367602,308.5613456535195,9228363
2024-10-10,315.49688720703125,319.0354345539096,311.48653354723575,311.5809005691736,20773976
2024-10-11,311.4393615722656,316.4405261837106,310.9203861035491,315.5912805090952,6098468
2024-10-14,312.0527038574219,312.80758243206355,309.31620423160933,311.43933261915726,5944216
2024-10-15,311.2506103515625,314.6476213452107,309.0331150642664,314.6476213452107,12415489
2024-10-16,308.75,313.8926704885144,306.626872022974,312.996255954052,22085298
2024-10-17,312.4773254394531,313.1850349318255,306.2966740581104,309.9767576590921,17039729
2024-10-18,313.3265686035156,315.0250886498973,309.7408520557755,312.80759316523864,10569021
2024-10-21,312.4773254394531,314.9307241056986,310.8732012014729,314.2230146133262,8745904
2024-10-22,304.55096435546875,316.7235610444044,302.94681142884616,314.12862641395503,11219831
2024-10-23,299.03082275390625,303.7488856840618,296.1528158852197,301.2011489798403,12541589
2024-10-24,301.1539306640625,302.71088556614893,297.4738475872849,297.4738475872849,8327779
2024-10-25,297.9928283691406,303.3714313614416,295.58662791281984,303.3714313614416,12979410
2024-10-28,300.3518981933594,302.380688450008,293.2276341282605,296.7661816036619,9610615
2024-10-29,302.4750061035156,303.08837732828067,296.4358912489805,298.27594732973336,15856332
2024-10-30,300.49346923828125,307.0515600812754,298.88931616478055,300.5878074687912,14498110
2024-10-31,302.7109069824219,304.50379393864205,299.92726712339487,302.3334677062385,9900390
2024-11-01,303.89044189453125,304.5038131534014,301.95604748404565,304.26790999130446,847672
2024-11-04,297.66259765625,306.3910139560511,294.02968349103276,306.24944903269204,9249409
2024-11-05,298.7477722167969,299.78575189624996,294.40714824612127,294.7374184345981,7518195
2024-11-06,300.5406188964844,302.28630799950747,296.1999950934131,299.50263925711073,11019250
2024-11-07,295.3035888671875,301.0124338525791,294.12407306055513,301.0124338525791,14504208
2024-11-08,298.4174499511719,299.6441346694181,291.29318717064945,294.26556075468307,15740539
2024-11-11,311.20343017578125,313.65682874412795,295.1620156554467,295.86972511957913,22838987
2024-11-12,304.50384521484375,313.7512386239987,303.6545707044559,312.8076258762573,12069181
2024-11-13,300.06884765625,306.2966974235649,299.266771077688,304.45664108432123,12918639
2024-11-14,298.728759765625,305.14169530359766,297.29302400501814,301.6002312868387,12500377
2024-11-18,298.680908203125,302.03095857840174,296.8144690915435,300.54737652482765,9408101
2024-11-19,301.5523681640625,304.6152829286182,298.87233965266626,299.63805373874516,13157158
2024-11-21,311.93756103515625,312.7511505895024,299.59023759606504,302.4617095219059,25406386
2024-11-22,322.51416015625,323.1363065519668,310.11896158181673,311.8418330176668,31523269
2024-11-25,328.065673828125,330.6021349026416,321.74842962792195,327.2042380758527,29419152
2024-11-26,324.28485107421875,329.8363804184665,323.42341542721545,327.3477658303637,13997179
2024-11-27,324.715576171875,326.67773672409066,322.08339390371685,322.8012617950327,12177260
2024-11-28,319.3555603027344,327.1085410758926,317.96769960039705,324.7156475786293,16920231
2024-11-29,315.28759765625,318.2547910236072,312.5118474261887,317.15406600945965,13890537
2024-12-02,313.80401611328125,317.72836675357354,312.2247124633197,314.0911516095936,16003524
2024-12-03,315.5268859863281,317.15406501789136,310.35824260683535,310.35824260683535,23174488
2024-12-04,311.12396240234375,317.0583492266345,307.3432086697145,314.95259152508044,17880011
2024-12-05,314.2825927734375,316.29262886536577,305.8595913430051,311.07611010418543,19785053
2024-12-06,314.80902099609375,318.4940823362232,312.7032925232497,313.08614959011936,8802058
2024-12-09,315.00048828125,316.484070482891,312.7033164938183,313.70832002265587,9376929
2024-12-10,313.85186767578125,317.632650632765,311.41112828489753,317.632650632765,14994365
2024-12-11,313.5168762207031,314.9047660530107,312.8468836062392,313.2297407016649,5013051
2024-12-12,315.0961608886719,315.7661534003986,311.88967843718416,313.9475605683982,10414162
2024-12-13,319.5469665527344,319.9776698064118,311.12396488931114,316.4840515460128,14973536
2024-12-16,320.647705078125,321.84415173886424,317.3933760029389,319.5469799922696,12695136
2024-12-17,315.67047119140625,321.17412575942893,313.9475997063354,318.2548076291357,17360248
2024-12-18,307.7738952636719,315.00044986782,306.9124595997002,313.94757107402324,15037099
2024-12-19,307.86962890625,309.97538657645197,303.2752857114188,304.37601072579275,10234715
2024-12-20,302.2702331542969,311.6503912738322,300.1645048328565,307.5345977730774,13973399
2024-12-23,301.7916564941406,304.6631281228579,298.20231695824396,304.37599264403417,5984169
2024-12-24,296.8144226074219,303.0837899295454,295.5222546801574,300.64305100813647,4833589
2024-12-26,297.0058898925781,299.68594778092825,295.5223078046521,296.81447596420287,3775101
2024-12-27,296.1444396972656,298.9201898089065,295.5701395200005,297.436607793582,3981693
2024-12-30,294.3736877441406,298.6330490053482,293.17724123370255,295.7615773802968,12489142
2024-12-31,295.47442626953125,296.4794296010808,292.07650083358504,294.1822582645973,8402716
2025-01-01,297.10162353515625,298.01093466478636,292.79441563503605,295.47447363229577,4239498
2025-01-02,301.6481018066406,303.6102916972374,295.5223012423458,296.57518006045615,10766571
2025-01-03,302.509521484375,304.3759897090918,300.2123500455756,302.7966861705497,7636948
2025-01-06,292.8901062011719,302.9402569041533,291.7415058653546,302.2702351732399,6722495
2025-01-07,291.9808044433594,297.3887662186675,290.01864378496816,292.8901155056114,10137739
2025-01-08,293.51226806640625,294.66086846296133,290.01864990788994,293.03368943619523,6907996
2025-01-09,292.1722412109375,293.75154478086444,290.64078381793064,293.51225547602337,8244909
2025-01-10,286.86004638671875,292.17225756753425,285.71144597513177,291.0236571559473,6540783
2025-01-13,275.2784118652344,285.7592655003387,274.46482241709185,282.36136918236133,19474228
2025-01-14,277.81488037109375,280.4949088766722,274.5126763105418,275.4219873446416,15954608
2025-01-15,285.8550109863281,289.5400722939113,278.62848532882623,282.3613928155499,12198882
2025-01-16,284.8978576660156,288.67864059433373,283.8928542091827,286.1900258320308,11694289
2025-01-17,289.6357727050781,291.9329441283263,283.0313939094448,284.8978329114067,7593230
2025-01-20,293.1294250488281,295.57016449579777,289.01366031586514,289.6358067229238,9435937
2025-01-21,289.396484375,296.6708849147273,288.5828949154698,293.8472594993341,13911546
2025-01-22,284.8021240234375,289.34862089660356,283.1270988596395,289.06148540971503,9723333
2025-01-23,281.7392578125,286.76433365026116,281.021389835677,284.75429747313217,12228286
2025-01-24,283.1750183105469,289.5401090813853,281.73928223245736,282.6485642225055,11142914
2025-01-27,274.7041320800781,282.36139011715346,271.5933710025163,282.36139011715346,13477947
2025-01-28,271.7848205566406,276.42700998316207,267.3818912393075,274.84770631773875,11298068
2025-01-29,275.5177307128906,276.7620235010742,271.1626475340035,273.1248374970589,4800024
2025-01-30,282.6964111328125,284.37143638847147,275.5177314657026,275.5177314657026,10969499
2025-01-31,288.7264709472656,290.4493714775504,283.222816906031,284.2756956950739,14141459
2025-02-01,277.4320068359375,292.26794271796496,276.2834065674752,288.7264495653047,6945157
2025-02-03,271.6412353515625,279.489937048621,266.08973458738575,277.5756224113017,14978897
2025-02-04,273.4119567871094,274.12982470929336,260.44248801036724,268.9611815115929,19836427
2025-02-05,272.98126220703125,278.293473315418,272.3590866200002,273.36411926896625,15337191
2025-02-06,269.1047668457031,278.48492583483807,267.76475247871883,275.1827214928746,21418561
2025-02-07,269.3468322753906,272.9781486269869,261.4547773149336,264.45667140926554,17193482
2025-02-10,260.1959228515625,267.2648732583572,259.61490634717717,266.29652226829074,16709670
2025-02-11,253.17538452148438,260.29274083554617,251.7712637299914,260.19592937549373,22083955
2025-02-12,248.9146270751953,253.80481763807177,245.96116817566727,251.2870989826207,17861265
2025-02-13,250.94818115234375,253.0785653887716,247.99472212394767,249.10831997637257,12257226
2025-02-14,249.20513916015625,253.22378995463572,246.6874206154625,252.15859792975826,11339563
2025-02-17,254.87002563476562,255.64469470712518,244.21814857943667,248.76939587094347,8332653
2025-02-18,258.5013122558594,259.4212279783289,251.96494298094876,255.49941823407346,10483635
2025-02-19,254.7247314453125,260.00225647946047,253.99846815905704,254.19215018941665,14602009
2025-02-20,257.33929443359375,258.01715199691387,253.03012039190682,254.4342412509003,15312926
2025-02-21,253.6111602783203,257.33931811622057,251.1902824032853,256.9035482780215,10757038
2025-02-24,250.94818115234375,253.51430565186118,249.10831997637257,249.83458329991885,14599185
2025-02-25,247.65577697753906,251.72286314155656,246.8326726881869,250.60923581092982,21287363
2025-02-27,248.1399688720703,249.30200201040725,245.4285828423927,245.96117890148628,13614799
2025-02-28,242.91087341308594,248.8662266223009,239.47322413686564,247.80103452796848,38512868
2025-03-03,244.50865173339844,245.76751111333746,240.635247349503,244.99282728138536,9873539
2025-03-04,245.96115112304688,249.0114508270227,241.55515116941015,242.08774716835322,11947033
2025-03-05,256.0320129394531,258.7434136235141,247.65578222706532,248.81781531333843,14536637
2025-03-06,258.2108154296875,258.84023773562126,252.4491441040102,256.758288776734,11926868
2025-03-07,254.96682739257812,260.1475115778614,253.32064828858915,257.5813871277244,10043068
2025-03-10,262.7136535644531,265.5703012601409,252.7880543377751,252.7880543377751,30233763
2025-03-11,258.8402099609375,263.2462247331501,257.4361187447858,261.45476947639236,9255499
2025-03-12,258.6465759277344,263.77882476257304,255.2573471929502,262.1326456795726,11875548
2025-03-13,259.17913818359375,262.0841911717567,257.0971894524224,261.2610869147651,9270442
2025-03-17,258.888671875,262.0842186766507,256.5646351509149,261.454796373505,11987667
2025-03-18,258.888671875,258.888671875,258.888671875,258.888671875,0
2025-03-19,268.4269104003906,269.49207286448365,261.2610893221769,263.39147335381784,13089950
2025-03-20,271.4772033691406,274.57590877656776,268.2816274015645,274.52750304821996,13710249
2025-03-21,274.14019775390625,276.12530565514754,271.18670921706524,272.10665456743357,26003527
2025-03-24,282.6132507324219,284.6467937821417,275.4474591040203,275.9800403436414,19966817
2025-03-25,281.7901611328125,285.90565317684843,278.5461791406971,281.7901611328125,16983852
2025-03-26,281.6448974609375,287.35816251551717,280.3860234155954,282.4680017306367,20367015
2025-03-27,286.1477355957031,287.8423499351024,279.85345376364876,279.85345376364876,37203166
2025-03-28,281.1607360839844,284.9372993063308,279.1755986806343,284.5983705251023,10834900
2025-04-01,280.1439514160156,287.55186070814506,277.9167557861563,280.4344744666903,11603556
2025-04-02,277.6746826171875,280.5797359662775,275.49589260537,277.77152363917,11679536
2025-04-03,289.6338195800781,290.45692392445716,276.07690419600505,280.1923963661701,23478876
2025-04-04,284.598388671875,291.3768465217408,282.8553684740305,290.5053364228185,21020875
2025-04-07,280.24078369140625,284.59836335003746,273.3654854307757,274.62435950763955,22847548
2025-04-08,279.8050537109375,284.69521479748136,275.641126375719,282.71010692315673,20831596
2025-04-09,284.1142272949219,290.0211753407562,280.1439815885917,280.77343349031656,21342531
2025-04-11,294.4755554199219,295.3470654403839,283.9689407881724,283.9689407881724,19831004
2025-04-15,294.91131591796875,300.62461105387973,294.0882411237009,297.4774699763862,16563441
2025-04-16,296.0733337402344,297.2837725535632,293.21668632008675,294.8144891950639,7032401
2025-04-17,299.220458984375,299.9951279636436,292.44200198472896,295.78282475524543,8528993
2025-04-21,309.872314453125,311.809016418457,298.6878724240232,300.18880462646484,13369014
2025-04-22,302.6580810546875,309.6302197949195,302.2223408532518,309.6302197949195,10027268
2025-04-23,304.982177734375,306.095775541447,299.65624691194205,304.20747915643824,8225575
2025-04-24,304.4495849609375,305.8537058998339,302.9486525518255,304.9337605189389,8021180
2025-04-25,296.7995910644531,305.41790933183546,293.79769695737076,303.0938727672882,11475773
2025-04-28,298.7846984863281,301.10876459971473,293.94294333631973,294.5723951472034,7314824
2025-04-29,293.3619689941406,300.96350126565216,291.6673546186545,298.7847113543128,14678005
2025-04-30,297.71954345703125,300.18882682473674,292.3451773747768,294.8144902942112,17619987
2025-05-02,293.4587707519531,299.2204712586938,292.732507472199,295.83124261984125,5688285
2025-05-05,298.44580078125,300.86667836853553,295.00813687626754,295.153383621159,4342960
2025-05-06,297.8647766113281,300.62458290040513,295.8796393096251,297.8647766113281,9124804
2025-05-07,301.2539978027344,303.2391055043175,297.2837528478413,298.25210383431636,14679327
2025-05-08,298.49420166015625,307.35460757524595,294.3787098286699,303.48120349855293,19253478
2025-05-09,289.82745361328125,293.45877000278136,287.0192415157468,290.50531116001264,11981497
2025-05-12,299.2689208984375,301.25405855206003,294.42716498969895,294.42716498969895,7145884
2025-05-13,289.00439453125,298.97839893410884,288.5686247202087,295.3470823478646,17988336
2025-05-14,286.58349609375,291.03788714287646,284.74360551498364,289.7306369076964,10359258
2025-05-15,290.1664123535156,290.89267570642033,281.8385866631953,286.5350955889921,22640626
2025-05-16,290.6990051269531,292.63570728089223,286.14774324450434,290.50532309086736,16763668
2025-05-19,294.4270935058594,294.8628632525386,289.5369330460067,292.4419858859332,12575289
2025-05-20,288.4717712402344,295.6375630838809,287.69710222265644,294.7660530511735,21339095
2025-05-21,286.77716064453125,292.68410802367583,286.29298511430187,288.3265282516112,11997632
2025-05-22,281.6933288574219,286.9708541689505,277.480995665399,286.53508435360214,26158839
2025-05-23,288.66546630859375,289.29488860777093,282.516430966752,282.7585187396455,9872024
2025-05-26,287.3097839355469,294.1850531219868,286.3898385674697,290.55373648757256,16469130
2025-05-27,285.227783203125,288.181271566729,282.9521819308902,287.6002550401406,17074710
2025-05-28,281.9353942871094,286.2929738883065,281.3059720328376,285.2277818532238,10099453
2025-05-29,283.8236999511719,284.59836897398986,282.12908560599465,282.12908560599465,9773818
2025-05-30,280.5797119140625,285.32462606714705,279.12718536403287,282.758501739107,21788566
2025-06-02,283.7752990722656,284.3563156856859,279.2724720337902,281.11233334984405,7255782
2025-06-03,279.127197265625,286.0509015389711,278.6430217283039,283.2426893328545,10989055
2025-06-04,279.4176940917969,280.62813294950126,277.96516746255156,279.1272005866398,8580196
2025-06-05,284.9372863769531,285.9056373926777,280.91863557204175,281.7901455758483,13110486
2025-06-06,286.438232421875,287.6002655173844,283.6784555355663,284.2594425315918,7935393
2025-06-09,290.989501953125,291.61892424999877,286.7771688098469,288.5686242330491,8666186
2025-06-10,291.5220947265625,292.24835807122435,288.8107233938508,291.0379191634546,7273892
2025-06-11,286.09930419921875,291.86097470528654,284.6951834804106,291.5704812367113,10941604
2025-06-12,279.85345458984375,286.43822993597206,279.3692790628717,285.80880766125415,14071159
2025-06-13,276.4642333984375,277.3841787453238,272.88132258098824,273.60758589114175,16028417
2025-06-16,279.5145263671875,281.30598173089703,277.2388954755418,278.8366983591143,11067299
2025-06-17,279.4176940917969,281.25758479689154,278.11044376686004,279.5145351107592,7286868
2025-06-18,278.207275390625,279.17562654694706,276.4642551299382,278.40095744258224,11904855
2025-06-19,277.3841857910156,278.54618938573884,276.2705583791098,277.72308503631166,13573824
2025-06-20,283.8236999511719,285.17938551696784,276.02845623231923,276.5126317595127,33014151
2025-06-23,281.0638732910156,284.16260826254614,278.9819245843905,282.1774710130033,6833477
2025-06-24,276.9000244140625,285.37309701483883,276.31900781109147,284.1626580718708,15007849
2025-06-25,281.257568359375,281.88699061825,277.43256997188115,277.43256997188115,10838516
2025-06-26,284.2110595703125,284.9373229252622,280.5797427955641,281.596499671801,10232220
2025-06-27,289.779052734375,291.183173582518,284.8404564516138,285.6635607573622,15523628
2025-06-30,290.4084777832031,291.4736698624816,286.87400231481786,290.8926533145361,8415241
2025-07-01,288.1328430175781,291.9578414845851,287.6002617609346,291.47366595973506,12349270
2025-07-02,285.5183410644531,289.29490462027945,284.1142200832603,288.1328714253798,10826029
2025-07-03,284.4046936035156,289.4885362298685,283.8236771073014,288.955925461786,10373094
2025-07-04,284.6952209472656,285.8088187923256,282.41958997152483,284.4047274404605,14193884
2025-07-07,286.53509521484375,287.26135856680014,284.21105839892965,285.3730915827524,6220756
2025-07-08,288.3265380859375,288.9559603863584,283.7752761258537,284.84046823903606,6254288
2025-07-09,290.1664123535156,290.50534116188413,287.0192711575952,288.8107266717731,5650646
2025-07-10,289.779052734375,293.1198756893476,288.5686139176065,290.5053160244361,9307817
2025-07-11,289.1011962890625,291.37682718369206,287.5518582390185,289.77905384975355,7073217
2025-07-14,288.7622985839844,290.9410884740495,288.036035287296,290.0211431442192,5484223
2025-07-15,288.6170349121094,290.5053313868159,287.4550313176004,288.6654701983788,6173407
2025-07-16,287.648681640625,289.48857236693266,286.34143130061625,289.48857236693266,8144630
2025-07-17,287.21295166015625,288.762319381695,286.4382530235212,288.132867504513,8318287
2025-07-18,284.8404541015625,291.9578401957856,284.21103183238165,287.11608496865813,8702106
2025-07-21,287.60028076171875,287.8423685401377,283.0006129717586,284.6952274206913,5298012
2025-07-22,288.37493896484375,289.3917253269252,285.2277979639942,287.6971109418524,7775653
2025-07-23,289.779052734375,290.16638724539513,287.697103879879,289.39171822335487,5310964
2025-07-24,289.8758850097656,291.81258705820005,287.11607868040096,290.36006052187423,6294709
2025-07-25,282.8553771972656,288.32655529161315,281.6933439950449,287.7455386905028,8202572
2025-07-28,282.6616516113281,285.90563337880826,281.5480538692244,282.7584926218866,7037396
2025-07-29,283.8236999511719,284.59836897398986,280.62812374065743,281.3059812994199,6586034
2025-07-30,279.8050537109375,287.1160924743307,277.52942278435324,283.72686372674167,10515572
2025-07-31,281.7901611328125,284.98570784043096,275.93164898493546,275.93164898493546,14283621
2025-08-01,282.0322570800781,283.53318946015554,277.2389073278963,282.4195916086403,6697683
2025-08-04,278.836669921875,282.32270972610723,276.65788026836685,281.98381053249784,10397121
2025-08-05,276.9483947753906,279.5145190963554,276.07688475812137,278.0135868194878,15561914
2025-08-06,275.786376953125,279.2724467665108,275.0601136399917,278.49777771986055,12985269
2025-08-07,276.51263427734375,277.2388975747471,274.4306854018,275.49587748167073,8893659
2025-08-08,275.8348083496094,277.1904939379996,274.6243695114522,275.78637306504544,6172968
2025-08-11,275.8348083496094,277.33574068823253,274.3338464592568,275.8348083496094,8755499
2025-08-12,275.64111328125,278.4493253426438,275.0116910255161,275.39902552506555,13184438
2025-08-13,279.07879638671875,280.2407999654629,276.99681789864155,277.9167632562445,9928283
2025-08-14,279.5629577636719,280.9670490441253,278.06199591690347,279.90185698713157,8464495
2025-08-18,281.1607360839844,282.08065185962835,279.3692807132589,280.3376317729236,9836105
2025-08-19,280.0909118652344,282.1332473668186,278.6807200552236,282.0359876420763,7196772
2025-08-20,280.47991943359375,281.06344809911144,279.0697573113852,280.28542966475504,3106073
2025-08-21,276.2007751464844,281.5983488453277,275.8117659061222,280.4799361494731,7389271
2025-08-22,275.5686340332031,276.73566176535235,274.0611824031939,276.2007777647218,6824793
2025-08-25,276.3466491699219,276.7843031138595,274.4502179983647,275.56863069125774,7426789
2025-08-26,272.2133483886719,276.0062402086339,271.24081050255336,275.22822177153944,22905910
2025-08-28,266.9130554199219,274.255705157843,266.0863922167015,274.255705157843,12455072
2025-08-29,267.6910705566406,268.5177337494827,264.77345670861183,266.0863888761254,12841075
2025-09-01,272.1647644042969,272.89416790206815,268.4204871798367,268.4204871798367,10820878
2025-09-02,278.8266296386719,279.9936573186593,272.164739043884,272.5051332470267,16983677
2025-09-03,278.1944580078125,281.25797617588785,277.7568337548744,281.0634567215809,30178885
2025-09-04,274.0611877441406,280.0423199960402,273.18590950809545,278.9725222944279,5946090
2025-09-05,277.5137023925781,278.7779898212633,274.5960886222258,274.5960886222258,9695914
2025-09-08,275.0337219238281,279.79918164903796,274.3529631627289,278.53486449927703,5186605
2025-09-09,276.0549011230469,276.54117009466415,273.963950480993,275.2768529607576,7093190
2025-09-10,275.17962646484375,278.5835093101367,274.74197251293344,276.88156788749023,7767863
2025-09-11,278.92388916015625,280.77173512119623,274.79060262115405,274.79060262115405,7406625
2025-09-12,279.75054931640625,280.67447228672944,277.2705892921768,279.3615400529297,7618852
2025-09-15,278.38897705078125,280.86893685227136,277.90270809523406,280.3826678967242,5420800
2025-09-16,280.43133544921875,281.74426767207285,278.4862594685472,278.6807492589119,8626429
2025-09-17,279.2642822265625,281.25800294470594,278.0972544281536,281.0634834718855,19010126
2025-09-18,281.1607360839844,281.89013956932183,278.2431221426345,279.1184003891387,16842964
2025-09-19,278.3403625488281,282.23051420049865,277.0760454543342,282.03599474611445,14993879
2025-09-22,278.7779846191406,281.06345463250244,278.04858119016353,279.1183788218969,9456933
2025-09-23,280.6744689941406,281.06347825305374,277.5623355638277,280.72308402169074,13619147
2025-09-24,285.245361328125,286.46103373351167,279.06976925236245,279.99366247275503,14032389
2025-09-25,276.58978271484375,286.75281600507043,275.81176423882266,285.926152824609,16242837
2025-09-26,274.49884033203125,276.3466565276837,272.407889645385,275.7145127870004,8959035
2025-09-29,272.8941650390625,278.24312396660133,272.2620212835269,276.1035285237842,14600560
2025-09-30,272.55377197265625,278.1458654208017,271.33809948392894,274.25571345687445,18772881
2025-10-01,272.9427795410156,275.08237497971265,272.21337605230127,273.2831737716498,11812449
2025-10-03,281.7442626953125,282.0360122154581,273.33178548390373,275.5686406298664,19597461
2025-10-06,279.0211486816406,280.72309019638686,276.7356784259376,280.4313406656608,11702722
2025-10-07,281.0634765625,284.3214847353709,279.21566033414905,281.0148615352423,11371062
2025-10-08,277.4650573730469,282.37639168858715,276.8329136594234,282.37639168858715,9989251
2025-10-09,278.2917175292969,279.069765666448,274.4988256091278,277.1733048666126,10714949
2025-10-10,281.2093505859375,283.2516862769683,277.4164584051681,277.4164584051681,10773268
2025-10-13,278.2917175292969,280.2854380562139,277.076045139531,279.8477841240975,8950161
2025-10-14,279.6046447753906,279.99365399743874,277.56230926026143,278.6321068805197,7667654
2025-10-15,282.9599304199219,285.19675584889626,279.16700864456936,279.2642683761559,8125514
2025-10-16,283.835205078125,285.1967522647158,282.6195326473291,284.3700890758741,7824732
2025-10-17,281.7928771972656,283.4948186471197,280.09093574741155,283.0085496614471,14275188
2025-10-20,280.28546142578125,284.07835366219314,279.21566369768965,282.1818927042351,13536721
2025-10-21,280.6744689941406,281.6470069811754,280.2854597352275,280.3826897903278,398291
2025-10-23,281.69561767578125,283.15442463389456,280.09093595775727,281.0148589030305,21031287
2025-10-24,280.57720947265625,282.7654199451466,278.6807485246963,281.69562222269496,16350189
2025-10-27,283.0571594238281,284.75910084202894,280.2854500006463,281.0634684914512,13396182
2025-10-28,280.3340759277344,284.564622124817,278.92388396887213,282.57090143540813,13543174
2025-10-29,287.2391052246094,288.5033927571594,280.8203484666144,281.0634829674513,14608714
2025-10-30,283.49481201171875,288.30888672900187,282.95992801179966,288.1629822931123,10329750
2025-10-31,280.23681640625,283.98109361064735,279.1184036515609,283.98109361064735,10088802
2025-11-03,280.0909118652344,282.18186238943923,279.26424872417635,281.06344975365533,8578207
2025-11-04,271.3866882324219,277.12468556718903,270.4627950381552,276.687031641825,26098629
2025-11-06,262.77978515625,270.8518388590628,262.43939091298574,270.3655698485438,21919591
2025-11-07,264.53033447265625,265.3083529963624,261.36958599090576,262.77977795456536,11379131
2025-11-10,265.2225646972656,267.54645180953463,263.590858183498,265.6181180241124,10717941
2025-11-11,264.67864990234375,266.16199749773756,261.71195471155613,265.2719949762581,11154806
2025-11-12,264.134765625,267.24978951326466,263.5414205560963,266.0136665275419,16444701
2025-11-13,266.854248046875,267.4475931421342,262.7008625588455,264.1347773574899,12573141
2025-11-14,268.2881164550781,269.27701482782635,266.50811145564467,267.3486811082373,10308317
2025-11-17,270.5131530761719,270.908736590646,267.00257572610195,269.0792684619509,9884392
2025-11-18,271.15594482421875,273.7270564403353,269.2770137802799,270.95815307892525,16434280
2025-11-19,272.09539794921875,272.9359676534738,269.47482313612903,272.8865348033116,15765235
2025-11-20,274.1226501464844,275.9520880541015,271.4526123794352,272.1942861837506,15337345
2025-11-21,274.5181884765625,275.90264013323076,272.342600031239,274.1226351716262,12941485
2025-11-24,272.7381591796875,275.9520788916759,269.4748066205665,274.91374767162375,49791096
2025-11-25,270.4142761230469,273.8259574525211,269.62313930580683,271.94705655209975,12114606
2025-11-26,271.9964904785156,273.8754215651714,270.46371004338476,270.9581592390765,8352869
2025-11-27,270.6614990234375,273.9248516100949,270.26591552790507,273.9248516100949,9865039
2025-11-28,266.953125,271.30427175878066,266.4586758188026,270.7603595521937,12580231
2025-12-01,266.65643310546875,269.42536658301617,265.7664306293502,269.42536658301617,10428760
2025-12-02,264.48089599609375,267.64535285071713,263.9369837547472,266.01367648424736,11029817
2025-12-03,265.46978759765625,266.0136696462371,261.5636268454636,264.4808891974844,9063557
2025-12-04,266.1125793457031,267.20037367815644,262.6514347653062,263.5908701869996,5103204
2025-12-05,266.8047790527344,268.48591842191763,264.8269822319468,265.2225657391319,5535798
2025-12-08,262.255859375,266.4092144150703,261.81084303770024,265.8158693582651,10203843
2025-12-09,261.6130676269531,262.79975781465754,259.98139125294836,261.16808144065277,10686557
2025-12-10,262.5525207519531,264.2830929226346,261.3658306205438,261.9591756862485,7157092
2025-12-11,261.86029052734375,263.3931011913678,259.5858362243208,261.31640846581627,8336183
2025-12-12,260.6736145019531,263.7886383094003,260.37692688580677,262.0580661742871,5522827
2025-12-15,259.2891845703125,260.9208609701886,257.6080451408732,260.67363635872897,6400400
2025-12-16,257.459716796875,260.42641213885065,256.81693884187075,259.2397219305461,9241981
2025-12-17,258.2013854980469,259.83306186793055,256.421350220986,257.45971167730113,10944698
2025-12-18,255.0863494873047,258.7947184165903,252.96020891421256,257.8552528829912,10930748
2025-12-19,260.5252990722656,261.01974827894765,255.0863577987635,255.18522349707223,16657897
2025-12-22,262.0580749511719,262.651420024554,256.1741174232074,256.22358045027994,10054250
2025-12-23,264.0358581542969,266.31031227662237,261.46471642115773,262.05806146400255,10526826
2025-12-24,265.0741882324219,267.0519849144136,263.34361613567916,264.82696364717293,6131188
2025-12-26,262.5030822753906,266.3103168262234,261.9097372224092,265.02476102708283,6029003
2025-12-29,257.7069396972656,263.49200161145643,257.1135945970538,262.9975523910775,7270521
2025-12-30,257.459716796875,258.5475111246899,256.07526500637687,257.11359630455405,10929200
2025-12-31,261.66253662109375,262.255881728473,257.65747978037325,258.49804950092835,5145868
