Price,Close,High,Low,Open,Volume
Ticker,SBIN.NS,SBIN.NS,SBIN.NS,SBIN.NS,SBIN.NS
Date,,,,,
2020-01-01,303.1385498046875,304.4981186733098,301.05386094316697,303.36514461612455,17379320
2020-01-02,307.5343933105469,308.03291837252516,302.1414546871852,303.1837850378776,20324236
2020-01-03,302.45867919921875,306.3107898961737,300.9178238562402,306.3107898961737,21853208
2020-01-06,289.13494873046875,300.64597499490856,287.95666690015446,300.64597499490856,35645325
2020-01-07,288.5910949707031,296.38596062944805,285.87195771722196,294.0747050281869,50966826
2020-01-08,289.86004638671875,291.40090203399,281.8839207856015,282.8809434008654,44527485
2020-01-09,299.286376953125,300.37401522983515,294.5731947725664,296.29530945606115,40348407
2020-01-10,301.1444396972656,306.31081135220614,297.3829721676829,300.01146588350616,42377838
2020-01-13,299.78485107421875,304.0448433932872,298.2439957263451,302.73058279301307,23615129
2020-01-14,297.2923278808594,300.64594142420054,295.93275930823347,298.92379910381305,26296117
2020-01-15,293.8934326171875,298.38002037053025,292.1713178039585,298.1987334805079,32625740
2020-01-16,293.0323181152344,296.29528803040097,292.1712746659976,293.6667944761388,26653623
2020-01-17,288.22857666015625,293.2136621055363,281.0681867343461,283.69668080071983,58396326
2020-01-20,284.60302734375,291.35556246435186,284.059194370867,290.9476808195661,30682902
2020-01-21,284.33111572265625,287.2768476006926,282.79026029148616,284.4217314982013,30591772
2020-01-22,286.5517272949219,287.3221550092219,284.331115248402,287.3221550092219,24994911
2020-01-23,292.94171142578125,294.3918957348207,284.73896466775193,286.415771393133,33293610
2020-01-24,293.7121276855469,296.65785967424205,291.08363390465615,293.21363025935,22706879
2020-01-27,286.59710693359375,291.8540950978657,286.2345331342668,290.8570724707114,23309355
2020-01-28,285.60009765625,290.04135030062866,281.9292452202085,288.1832839644647,26488426
2020-01-29,286.82366943359375,289.7694014282234,286.00790613745477,288.09259460687383,23914114
2020-01-30,281.61199951171875,287.09558204297446,277.0347684266544,287.09558204297446,35802330
2020-01-31,288.63641357421875,291.58214542586757,279.708574584046,284.33111317565505,92656638
2020-02-03,270.19158935546875,278.12240572062973,267.6990470692753,274.63284098786045,56060158
2020-02-04,277.5785827636719,278.75686445896116,269.2852200270764,274.5422074282808,51141567
2020-02-05,281.8839111328125,284.28581030972276,276.0830901978699,278.1677511452646,35014841
2020-02-06,291.8087463378906,293.2136228018008,281.0681490586471,282.065171546177,57757656
2020-02-07,290.539794921875,294.573192779515,288.5910854863554,291.4008660880433,37126803
2020-02-10,288.6817321777344,292.57915109270243,286.8689740478899,289.86001389793574,24816396
2020-02-11,293.98406982421875,295.29830293725894,290.99300216529167,290.99300216529167,30188757
2020-02-12,290.2225646972656,299.0144243353265,289.361493589498,299.0144243353265,38930849
2020-02-13,296.79388427734375,299.96621152194905,291.85410650368755,291.85410650368755,62516057
2020-02-14,289.4974670410156,300.82720532268104,288.7270393057636,297.3829759492523,48205947
2020-02-17,284.7842712402344,291.0835882156256,282.4729883694373,290.90232902568397,36950692
2020-02-18,287.8206481933594,289.31619571232187,280.433664675075,285.8719388225962,38588583
2020-02-19,290.3585205078125,293.66679835221277,287.54874005320835,292.12594297567404,39846727
2020-02-20,296.9751281738281,298.3800324772656,288.90835912945033,289.4521921610875,40150409
2020-02-24,292.7151184082031,300.28336117010906,291.71809594444824,295.2529686245857,45273936
2020-02-25,296.2046813964844,297.42829872424414,292.03535962855517,295.38894573147627,39050709
2020-02-26,297.4736328125,299.8301963530423,293.84811639874863,294.4372572838842,43915281
2020-02-27,291.8087463378906,299.10508662934853,288.228538024645,297.2923285285646,47010040
2020-02-28,274.6328430175781,285.19215306684856,272.91072841194267,282.7902541963181,59705346
2020-03-02,260.49334716796875,282.79027850529275,257.456971658329,281.8838994075194,66711413
2020-03-03,262.7139892578125,266.8380031235851,258.5899477315448,265.56907790800085,61949382
2020-03-04,258.5899353027344,265.56906514374714,249.34488546740536,264.48139920524073,73675736
2020-03-05,261.4903869628906,270.4635350908697,244.7223725475926,263.66569140899213,149245973
2020-03-06,245.17550659179688,248.7103789735916,230.17493216551034,242.90955921109634,106043172
2020-03-09,229.72178649902344,238.1511151288141,227.63711174516692,235.7038804267555,101286241
2020-03-11,222.1534881591797,234.29896066544504,220.34073024300602,229.3138763959675,90845604
2020-03-12,192.69618225097656,210.18928600650852,189.0706662261623,210.18928600650852,99767083
2020-03-13,219.34371948242188,225.5070994901259,167.36287794901398,181.27580122514203,155701316
2020-03-16,202.4397735595703,209.73611410773495,199.94723108329745,206.5637873197513,75583409
2020-03-17,195.00746154785156,208.37655352753677,192.19769458247316,205.929332676966,65403057
2020-03-18,195.05276489257812,202.25847542990286,181.36644980947472,200.3097660434789,101356399
2020-03-19,184.58409118652344,199.17679967550816,179.59900632547544,183.94962860662127,93533467
2020-03-20,190.2036590576172,195.50596847747818,181.27581941912624,186.3062261740565,77391650
2020-03-23,164.5984344482422,180.82261326415568,163.3748172474389,172.21201263252922,61750037
2020-03-24,166.04864501953125,173.97946198527268,157.3020924122696,173.07308290347368,67491360
2020-03-25,172.1213836669922,176.97051733081906,159.9305876719686,161.3354780275841,71567553
2020-03-26,174.70455932617188,182.18218637904306,167.77076522742632,173.6169072481672,107260359
2020-03-27,177.60498046875,192.06172423291258,176.74392309663637,183.0885767462592,114740377
2020-03-30,169.40223693847656,176.74391269000623,168.81309609494184,172.2120174928266,60081554
2020-03-31,178.42071533203125,179.91623518052654,170.44457720281508,174.02477156000552,59543412
2020-04-01,169.08502197265625,176.290732970705,167.906726389836,175.83754342579317,52954239
2020-04-03,159.06954956054688,170.58056263164207,158.61635996065928,169.99142168388778,64448494
2020-04-07,168.9490509033203,169.76480035378538,160.97292625597441,167.13629278706046,72130500
2020-04-08,165.8673553466797,176.20007031158764,163.5560861536686,165.7767119154848,80435759
2020-04-09,170.17266845703125,172.21202134133654,166.41120089141134,170.39926322195407,62416005
2020-04-13,166.320556640625,171.0337249619394,165.9580105506188,169.31161028903983,51847146
2020-04-15,165.27821350097656,173.97944346167876,163.28416866912693,169.49287025050856,72190004
2020-04-16,170.8524627685547,172.12138799441834,163.37483508770282,164.96099853515625,61165773
2020-04-17,175.1577606201172,179.46306133393637,168.858428657526,177.6503031386441,89851063
2020-04-20,174.4779815673828,178.87392585585496,172.25735547712023,175.83755025492084,81958510
2020-04-21,167.45355224609375,170.58055762753537,165.86738869301843,170.3992845589479,53042420
2020-04-22,171.03370666503906,171.7588125977276,164.371829619686,168.1332967645302,61503413
2020-04-23,169.22097778320312,172.12138818136145,167.8160873907404,170.17267861875837,50955312
2020-04-24,162.921630859375,166.77374174200278,162.2418465859701,166.77374174200278,65137305
2020-04-27,163.96395874023438,166.3205497179275,163.60141266531832,166.3205497179275,42996571
2020-04-28,167.045654296875,167.99735502335488,164.23587383398134,164.9609798079777,49590230
2020-04-29,172.3026580810547,173.84349965657947,166.32055098755103,167.68011952423402,57470466
2020-04-30,172.6652069091797,177.55964818710507,171.9401009120157,175.3843440258597,63063889
2020-05-04,162.1059112548828,166.320568633664,161.33548347025717,165.36886779096406,58118177
2020-05-05,154.44699096679688,164.28120959756376,152.99679272504952,164.05461482570504,91050439
2020-05-06,155.08148193359375,157.07551334687358,150.95745393302153,155.126789828016,73156432
2020-05-07,154.7642059326172,156.39569081098665,152.99676974365246,154.8548493598442,42942399
2020-05-08,151.0480499267578,157.52866786505405,150.5495525570966,156.30505072257807,55932236
2020-05-11,149.9604034423828,153.08740824006338,149.5525356566412,152.22635095233193,54591827
2020-05-12,151.27467346191406,152.72488562307518,145.7910907099725,148.82745254142185,70752542
2020-05-13,157.8006134033203,161.83399779997566,154.53764297554966,161.83399779997566,81720683
2020-05-14,152.22634887695312,155.67059181116787,151.81848109677216,154.94548585182068,48136531
2020-05-15,150.8214569091797,152.49826355615994,149.28061540749943,152.22634709580564,35495540
2020-05-18,140.7606658935547,150.82146481186086,140.4887494189526,150.82146481186086,77349435
2020-05-19,138.4947052001953,143.07192162653516,138.13214532499552,142.75468346451598,71522334
2020-05-20,139.03854370117188,140.71535051150767,136.999190795208,138.67599760554378,66168767
2020-05-21,137.72430419921875,141.53109372835922,137.31643636221222,139.26514593360326,61147471
2020-05-22,136.72727966308594,141.03257997546373,135.4583407465532,137.76960999608946,87064198
2020-05-26,137.22576904296875,138.85725393738718,136.1381170567716,138.13214800317394,48275988
2020-05-27,143.75172424316406,145.74575540627197,136.68196481919344,137.72429520460872,88195120
2020-05-28,143.38917541503906,147.1959649900803,142.02960672179233,144.52214932607802,76968678
2020-05-29,146.19895935058594,146.74277854128215,140.67004101522767,141.48579054664432,58363280
2020-06-01,154.1297607421875,155.3533641656965,148.05702385260543,148.64616470500826,92740893
2020-06-02,154.31103515625,155.2627359364789,151.5465762537744,153.99379695275806,70419104
2020-06-03,158.5257110595703,163.0576069026712,155.8972170026712,156.3504065869813,113168889
2020-06-04,157.75527954101562,161.0182358874516,155.44401015171908,158.52569345061647,83494674
2020-06-05,170.21798706054688,172.03074514675026,159.5227115858976,160.02122282565287,201321234
2020-06-08,169.31161499023438,179.00986838477797,168.40523590980513,178.55667884456335,151741826
2020-06-09,167.18161010742188,173.11839554802384,166.18460146785864,170.12734196884114,96654191
2020-06-10,170.12733459472656,171.30563005427072,166.59246204633996,167.27224629258708,67333317
2020-06-11,160.56504821777344,172.57457100741954,159.8399560192001,170.39926675120515,91726802
2020-06-12,162.37782287597656,163.14825070306267,153.90318592927218,154.08445899733698,92758901
2020-06-15,157.43804931640625,161.1995309371927,155.8972075888451,161.1995309371927,63613412
2020-06-16,156.7129364013672,162.19653256647658,153.54060964158043,161.33547521201245,63925976
2020-06-17,156.7582550048828,159.70398693755428,153.40465526296774,154.9908186113293,73866905
2020-06-18,162.83099365234375,163.73737271821875,155.08146370331013,156.25974542475007,58261857
2020-06-19,167.22694396972656,167.63481179872517,162.69504846919196,163.420154515327,76895151
2020-06-22,170.12733459472656,173.7981722905101,167.00032982803904,167.68011407428617,80023958
2020-06-23,174.43264770507812,175.0218023934899,170.26331231828377,171.8494756766858,65487085
2020-06-24,167.3175811767578,176.6532744957671,166.68310476612868,176.5626448872822,74668987
2020-06-25,167.90672302246094,169.31161334956198,163.510778992878,165.14226408789057,73620385
2020-06-26,167.3175811767578,170.94309744208087,166.5924751576438,170.39926447018362,49176958
2020-06-29,162.4684600830078,165.95802528774067,161.78867573119607,165.86738184206655,50966428
2020-06-30,161.74334716796875,165.77673138542377,160.65569501711815,164.1452600742716,43613239
2020-07-01,167.49884033203125,168.04265942857847,161.87929335290136,162.6497071972381,54012853
2020-07-02,168.08798217773438,170.39925138544788,166.77373539852346,168.2692552110314,52127276
2020-07-03,167.40821838378906,169.35694176299964,166.22992277802763,169.1756548773074,38048810
2020-07-06,170.444580078125,172.0760651050716,168.72245161569663,169.13033324511815,43773740
2020-07-07,170.94309997558594,171.48691912529603,166.81907239661038,169.4928879158647,55124494
2020-07-08,173.9341278076172,178.96453411736326,170.7618012485291,171.21499075697025,143063102
2020-07-09,180.4600830078125,182.18219775298053,174.52329718065843,174.74989195398305,89539723
2020-07-10,177.2877655029297,183.54177604342107,176.56265942411594,179.46306990912282,111406477
2020-07-13,174.65924072265625,181.09453753015615,173.66223206264357,180.18815847728274,61949761
2020-07-14,168.6318359375,174.29670536680163,167.31758899595155,174.29670536680163,62239932
2020-07-15,166.5924835205078,172.16670952616673,165.8673774649938,170.35395130250558,58527305
2020-07-16,168.81309509277344,169.44755765056274,164.6437460040211,167.6801213002045,46546803
2020-07-17,170.58053588867188,171.7588314297007,167.68012567015637,169.31161074002347,47035238
2020-07-20,172.8917999267578,175.1577475011583,171.0790418672374,172.21201565443766,45672856
2020-07-21,176.2000732421875,177.83155821910972,173.57157965676828,174.4326369464576,59281860
2020-07-22,174.0247802734375,178.33008082707724,172.3026655840804,177.3783800439075,62276152
2020-07-23,179.68963623046875,180.4600639103396,173.25433981697654,174.38731356370081,70801412
2020-07-24,173.97947692871094,177.92223180528651,172.80118125511663,177.3783987773973,65265493
2020-07-27,169.62884521484375,175.11244160642897,169.0397043243646,174.93116855014677,50697767
2020-07-28,171.71351623535156,172.66521704812297,168.35991636057136,170.39926931783265,51488617
2020-07-29,173.29966735839844,176.9705051872302,169.49287820748808,170.03671115629515,73763368
2020-07-30,169.08502197265625,175.38435388088132,168.6318324277444,174.47797479105765,48472816
2020-07-31,173.5262908935547,176.6079883974634,169.22098979727303,170.3992854949367,145892485
2020-08-03,174.25137329101562,176.3813696019642,172.25734213643958,174.02477852730817,72454278
2020-08-04,173.66221618652344,175.65624715450218,172.6651937874113,175.2483793840456,43866676
2020-08-05,173.5262908935547,178.4207467537925,173.11842302943037,174.70458659121834,68888892
2020-08-06,173.07308959960938,176.29073823053503,172.43862698385237,174.29670693947827,59740172
2020-08-07,172.80117797851562,174.11543879928584,171.80416921995496,173.52628405853585,44822338
2020-08-10,175.65626525878906,177.19710690057073,173.75286369348723,173.8888288511499,48784530
2020-08-11,176.7892303466797,178.37539362925392,175.61093485643244,176.74390862969975,43890305
2020-08-12,184.26686096191406,185.12791828089215,176.38136610718607,177.6502912267068,157818228
2020-08-13,182.9979248046875,187.89237997662775,181.9555944284786,186.26089491931432,70443118
2020-08-14,178.10348510742188,184.90132805045326,176.38137042728602,183.9949489913824,56169088
2020-08-17,175.02178955078125,180.05218191125408,173.57157762598536,179.87090887821606,54787889
2020-08-18,176.83456420898438,177.42370507944815,173.7528670358929,175.6562686378096,46294169
2020-08-19,178.60198974609375,181.54772157905566,177.55964556859018,178.01283508135356,59296062
2020-08-20,176.51731872558594,177.96753072731713,175.15775016030543,175.8375344429457,37504602
2020-08-21,179.8256072998047,182.63538803240215,179.14582297710342,180.36944029006466,68041871
2020-08-24,182.59005737304688,183.8136746261075,180.00688537138643,181.27581051287785,53850253
2020-08-25,188.4815216064453,188.9347111336694,183.72303157059247,184.90132710742444,105394375
2020-08-26,190.2036590576172,190.65684860616503,186.8500453341654,188.98004174443912,66749637
2020-08-27,195.4606475830078,196.23107535089557,190.792800745328,190.792800745328,80997993
2020-08-28,203.79933166503906,204.75101858812042,196.50297766318735,196.68425070423874,95974037
2020-08-31,192.15234375,209.87205557412696,190.6568239651761,209.87205557412696,119986476
2020-09-01,197.6812744140625,198.40636658281144,191.42725073175336,193.14937920814862,75048313
2020-09-02,196.00448608398438,198.4970286815842,192.42429130075425,197.81724433678423,47608088
2020-09-03,193.19468688964844,197.81722552684164,192.42427300361393,197.13744124668068,38594129
2020-09-04,187.2579345703125,192.42429286678865,186.6234581124706,190.33961809305322,54435758
2020-09-07,188.4362030029297,190.02236637443667,186.1702553293483,188.07365690725547,35687359
2020-09-08,184.94664001464844,188.98002384872794,183.90429585354613,188.43619090987056,34146789
2020-09-09,176.60797119140625,182.5447431657943,174.47797479813528,182.27284050303402,72715826
2020-09-10,179.59898376464844,182.59003707159712,176.92516862292356,179.191116002393,67789617
2020-09-11,183.72305297851562,184.76539731073598,178.55669453221196,179.96158499635774,48487971
2020-09-14,179.91624450683594,186.89536054533383,178.87391411358027,186.62344405962676,63605531
2020-09-15,181.41175842285156,182.18218613512357,178.64731342877948,181.18516366397702,51761038
2020-09-16,179.64434814453125,181.32115513568502,177.87691153482095,181.13988206832346,52404964
2020-09-17,177.1517791748047,179.46304847423428,176.7439113761398,178.55666944153612,41223296
2020-09-18,174.568603515625,178.73793867918147,171.94009607857686,177.65028662913397,55286316
2020-09-21,168.40521240234375,175.3843275813941,167.00032225773572,174.9764598181841,57611375
2020-09-22,168.7677764892578,170.67117802799532,164.19055951676754,168.72245477066943,51210889
2020-09-23,166.5924835205078,171.26033041433615,164.0546192413327,170.53522435882218,44320497
2020-09-24,159.8399658203125,164.7797293347889,159.06953802427805,164.14526670700948,46114798
2020-09-25,165.14224243164062,165.6407536217222,159.6586470012336,162.24183254877306,46550127
2020-09-28,169.71946716308594,170.53520272816664,166.18459460740843,166.7737354232727,41921548
2020-09-29,167.72543334960938,171.2603058465621,166.09394841630592,170.85243807079763,35688726
2020-09-30,168.0426788330078,169.31161786530487,165.32354154554653,167.72545444761911,37641083
2020-10-01,172.4839324951172,173.29966809153234,169.4022354892508,169.49287892451758,43588724
2020-10-05,171.07904052734375,175.65625735783323,169.5381989548686,174.02477235099337,41694686
2020-10-06,173.66221618652344,174.11540567152977,170.67116281943257,173.2090267015171,31098726
2020-10-07,172.8464813232422,175.06710722011243,171.39628314764678,174.52328809060666,34578053
2020-10-08,173.5715789794922,177.46901145630807,172.71052169316272,173.43562766121502,43351606
2020-10-09,179.7349853515625,180.1881749193525,172.71054705081755,174.0247940313589,64907230
2020-10-12,180.09751892089844,186.6687671958374,178.78327203196005,181.0038979933038,69122798
2020-10-13,177.37838745117188,181.27582035485065,176.83456828825584,180.0522030353564,34948525
2020-10-14,181.3211212158203,182.09153506554733,174.97646823332397,175.88284723082344,40548275
2020-10-15,174.7952117919922,183.54176441601447,174.0247840388878,182.18219579071067,49184123
2020-10-16,177.60498046875,178.33008650904208,173.66223971320423,175.8375440038331,36893126
2020-10-19,184.90133666992188,185.44516966281478,177.69562558045237,177.83157691355183,60220779
2020-10-20,184.04026794433594,185.21856346946814,181.91027165543366,182.1821881351175,39316753
2020-10-21,184.6747283935547,187.89237673406836,180.23347665385737,185.53578571081275,54515523
2020-10-22,184.26686096191406,185.4451564758956,182.27282984684726,182.9979220121468,33721637
2020-10-23,183.8136749267578,186.35153904413846,182.68070110919922,184.9013270255647,32707020
2020-10-26,178.28475952148438,184.90132946953173,177.28775084700274,183.72303391764706,45470123
2020-10-27,176.42666625976562,179.05517364959778,174.2513621987457,178.7832571844088,37794381
2020-10-28,172.6199188232422,176.74394701975294,171.3509934536616,176.74394701975294,46458319
2020-10-29,171.03370666503906,172.84646458163778,168.4958428157518,171.62286128608085,44822673
2020-10-30,171.53225708007812,174.02479978533685,168.72247613477796,171.62290052873237,41519686
2020-11-02,177.6956024169922,178.78325443074988,172.25732851795797,174.20603779968027,52600119
2020-11-03,185.58111572265625,186.53281651805264,179.1005108644401,179.4630569625687,69890201
2020-11-04,187.6204833984375,189.43324169214222,179.50839280015856,184.44815638445425,117577856
2020-11-05,198.17979431152344,200.30979083210892,194.6449211818796,195.77789511192546,138023646
2020-11-06,198.6782684326172,201.08018101304768,196.7295591696555,198.496995403777,73147085
2020-11-09,198.9501953125,201.80528369946467,196.72956947483343,201.66933237827448,60359458
2020-11-10,210.00802612304688,212.99907979688226,202.12253104129678,202.2131744796921,135294550
2020-11-11,212.2740020751953,216.9418631698109,206.4278591058649,210.95975502476426,107094861
2020-11-12,205.56678771972656,211.50357373730427,204.52444343085153,211.36760857079997,58859905
2020-11-13,207.96868896484375,209.05634115663713,199.49405238313264,203.93530459555896,70676525
2020-11-14,208.1499481201172,211.09568010082566,206.42783341734028,210.27994446903597,7753219
2020-11-17,217.7122344970703,218.98117340374571,209.37355040708,210.143978094356,80501583
2020-11-18,228.4075164794922,229.31389551314095,215.6275665729458,216.98713512341897,104514060
2020-11-19,217.30438232421875,228.22625289843015,216.62459802080616,224.78200966175703,82284278
2020-11-20,220.0235137939453,222.42541273786705,212.0473754094131,218.89053998450171,84411129
2020-11-23,216.35269165039062,223.10521328066483,215.80887248037894,220.70331416172257,57538324
2020-11-24,221.02053833007812,222.06286871234346,217.07778390451534,217.98416296048407,47636611
2020-11-25,220.2501220703125,226.50413235008654,218.9811968579735,222.4707481070295,74767232
2020-11-26,222.4707489013672,223.1958549525417,217.66693687136447,221.15650196312762,64248318
2020-11-27,221.38308715820312,223.19584529255894,219.38905597646112,222.47073927276722,54355703
2020-12-01,224.8273468017578,225.64308248970352,221.38310332885197,222.06288767888938,37003272
2020-12-02,223.83029174804688,227.36517815352377,221.24711989083843,225.0992306488255,56723083
2020-12-03,232.304931640625,234.75216605754545,224.78199684274622,225.96029233418085,79266442
2020-12-04,238.8308563232422,239.6012839725121,229.8123884235749,232.93939307428175,79252024
2020-12-07,244.35983276367188,246.0366397808545,238.37772463614073,239.10281691684253,76053084
2020-12-08,246.44444274902344,248.07594153327736,240.41702797560703,245.5833993016735,65617502
2020-12-09,245.03958129882812,249.16359490538576,243.99725092513157,246.6257446337339,48495641
2020-12-10,244.31446838378906,245.62872910556263,240.68895208702799,243.8159709571821,38676657
2020-12-11,246.94297790527344,250.3872071567162,244.76764610384342,244.76764610384342,50255223
2020-12-14,248.52919006347656,250.2966129239558,246.8523829954591,248.34790315755637,31946501
2020-12-15,245.31149291992188,248.39317626547628,243.045545215765,248.39317626547628,34890948
2020-12-16,244.1785125732422,248.03062356785134,243.36277695354136,247.26019583683075,24844177
2020-12-17,242.63768005371094,246.67105018510773,241.73130101377998,244.72234078135483,25904699
2020-12-18,246.03663635253906,246.48982593678727,240.19047965153865,242.63771447067768,29816205
2020-12-21,230.854736328125,243.81595923177417,227.5464583985285,243.31746182914057,55160758
2020-12-22,233.34730529785156,234.48027914827713,225.0086066945215,230.945392436801,51189571
2020-12-23,238.37770080566406,239.19343645502937,231.67050106794585,232.89411837224117,29056404
2020-12-24,241.86727905273438,243.68003733282157,239.87323388043995,240.19047211155447,28585509
2020-12-28,249.435546875,250.16063911257726,242.90960609482138,243.589390440236,36870242
2020-12-29,251.8827362060547,253.69549433299352,248.98233979924885,250.4325241724048,45032526
2020-12-30,250.9763641357422,252.60786309174324,246.98830167745288,251.97338666543817,30971894
2020-12-31,249.20892333984375,251.2935840277252,247.07892710453456,249.2542312267788,29467966
2021-01-01,253.24232482910156,253.7861578422914,248.71042915334635,249.16361872092187,24531791
2021-01-04,254.7378387451172,257.32102475028705,251.74679873523334,255.46295863210096,31450608
2021-01-05,255.37229919433594,256.00677559814665,251.0669986755317,252.0186856207541,27393072
2021-01-06,258.36334228515625,262.07950199628453,255.0550642188508,256.50527625983915,40765708
2021-01-07,260.7652893066406,264.4814216474617,260.13081284525856,261.9435711229259,30546600
2021-01-08,259.22442626953125,264.11886794671705,258.499334043465,262.9405861642355,32543357
2021-01-11,256.0520935058594,261.2184653947773,253.42359967099554,261.03717851216817,29703173
2021-01-12,265.11590576171875,266.33952316656456,251.88276442065836,253.78616619925214,44307145
2021-01-13,278.07708740234375,279.1647533497221,266.9286359139389,268.2882045179148,78042133
2021-01-14,278.4849853515625,280.2977435963245,275.3579663151498,277.98648789845123,40123498
2021-01-15,275.4032897949219,281.7932512633978,273.0920065378709,278.077091492439,35307601
2021-01-18,266.8833312988281,279.75389764473476,264.8439783678452,275.08605091258386,54969750
2021-01-19,270.6448059082031,274.1796788806815,268.65076081578195,269.7837346954542,35803901
2021-01-20,274.2249755859375,276.17371270788016,269.0586315016661,270.826054085564,33759304
2021-01-21,267.2458190917969,276.58151051925796,264.2094443027041,275.5391803362678,29995203
2021-01-22,257.1397705078125,270.1009810158513,255.96146104131157,267.8350331885371,44440810
2021-01-25,254.647216796875,261.03717832714364,251.1123162119658,257.86485150719574,34034630
2021-01-27,249.8433837890625,258.1820822530594,247.1695821430319,253.96742513199874,39211107
2021-01-28,255.91612243652344,256.82250145867476,244.26914646978045,246.4444505908451,48717297
2021-01-29,255.68954467773438,263.43907476807465,252.97040743052804,258.86187146614174,42300984
2021-02-01,281.61199951171875,284.51239605681866,256.27869241563076,258.40868884844326,103414068
2021-02-02,301.91485595703125,305.81227466415584,285.50939022471874,285.50939022471874,121434166
2021-02-03,304.4980773925781,308.0782583316196,295.2983071670449,302.5040322580645,66420168
2021-02-04,321.855224609375,324.4837184727254,300.10212616427606,303.09316613627914,145203439
2021-02-05,356.2975769042969,370.11985612949667,349.0918530636849,350.76865968211877,214955688
2021-02-08,359.8778381347656,369.62141420550955,357.79317710940995,360.7389094098674,79389205
2021-02-09,357.8384704589844,365.72397997620124,352.5814825545038,359.60592083161794,63869990
2021-02-10,355.5271911621094,360.6482273892608,351.6750801042662,357.1586624282923,54163507
2021-02-11,353.623779296875,359.78717340653003,351.9016646414175,355.11929919081194,36392708
2021-02-12,356.3429260253906,361.9624873265371,349.4544395576771,354.39421655596686,53589755
2021-02-15,368.8509521484375,371.11689969165064,358.6541882039782,360.28565937089473,56608937
2021-02-16,364.6816101074219,376.82708363909694,362.8235164901756,373.42816225930954,80365431
2021-02-17,373.20159912109375,376.01137989854897,362.6875958966943,365.2707818962982,74161370
2021-02-18,376.3285827636719,387.65832059181116,374.96901422429517,385.25639404385146,67154539
2021-02-19,362.14373779296875,376.14730515761215,358.019724186161,376.14730515761215,66155518
2021-02-22,353.0346374511719,363.4579964516558,349.5450726015199,363.0954503663463,52535049
2021-02-23,358.5635986328125,362.2797586940143,352.5814906880117,355.30062814833053,45462768
2021-02-24,368.21649169921875,372.0686026893029,358.20101418919745,359.8324854266827,39632090
2021-02-25,369.12286376953125,376.056657888352,368.4883873777989,372.5217851670408,46988836
2021-02-26,353.623779296875,363.45799747896564,350.76869083381473,362.0984289098423,64450414
2021-03-01,357.97442626953125,360.46696872253716,354.39421786374334,358.11037759850547,29677890
2021-03-02,357.2946472167969,362.14375320462744,353.98634142032154,358.0197394223151,30534337
2021-03-03,367.1288146972656,370.61837949163214,358.9260955475602,359.3792850621404,46268223
2021-03-04,358.6088562011719,365.72393708928246,357.5212179659752,361.3733288275104,43603653
2021-03-05,347.7323303222656,358.019738465982,342.7019374662452,358.019738465982,72179228
2021-03-08,353.1252746582031,356.5695038986241,349.9076125141722,352.08294430864095,39147858
2021-03-09,351.3125305175781,357.9290866164198,346.46339699612867,356.6148535707426,28054083
2021-03-10,351.40313720703125,356.206934676642,349.59037926974554,354.4848201683188,22677399
2021-03-12,345.4211120605469,356.3883057033633,342.1581414707134,355.02873692930746,35336355
2021-03-15,347.9589538574219,349.8623556247856,334.7711481487174,346.6900285660116,42722585
2021-03-16,343.1097717285156,351.5391133280401,340.88915969492854,349.4997605046783,38196452
2021-03-17,333.6834411621094,344.1068002195137,331.7800396282238,342.7925671955283,33143064
2021-03-18,332.7317810058594,339.89217053298853,327.2935062773315,336.71984360801395,39405038
2021-03-19,336.4025573730469,337.98872060916165,323.8038949154335,329.87664522646963,60309145
2021-03-22,332.64111328125,337.89810073757366,329.4687865878321,337.17300855756133,28461974
2021-03-23,337.8074951171875,342.56598530038633,332.6864311725875,334.1819787871313,41032380
2021-03-24,326.1604919433594,334.4991622304421,325.0728260682871,334.00066483965446,42318999
2021-03-25,321.9458312988281,327.0668671077367,312.88204131474504,326.29643942699124,57495003
2021-03-26,323.7585754394531,328.1091833814193,321.356649068075,326.29642546218497,40718848
2021-03-30,327.02154541015625,330.1938720389263,322.9428397445948,326.3870966806981,39405124
2021-03-31,330.1938781738281,333.4115404105168,324.43839331166174,326.56836195930134,38651025
2021-04-01,335.9493713378906,337.08234508964426,329.10622094149545,333.2755698800472,31883453
2021-04-05,320.4502868652344,334.63514045338087,316.3715813336761,333.094285077262,51743981
2021-04-06,317.7311706542969,323.5773266966268,316.5981968213255,322.39904497453415,44147709
2021-04-07,324.9822082519531,329.1968931047109,315.0573739166869,318.3656520284423,48023602
2021-04-08,322.3083801269531,329.2874818781842,321.1300708226339,327.20282122818486,33370259
2021-04-09,319.9518127441406,330.3751720828308,318.3203414770651,321.2207379141432,46473100
2021-04-12,298.0627746582031,311.7944125874405,292.35256969184536,311.7944125874405,75501713
2021-04-13,309.0752868652344,310.20826079069343,299.55830589137815,300.91787460192904,49773360
2021-04-15,310.6160888671875,315.0120048109989,304.6339820409552,310.0722559447134,52992349
2021-04-16,308.0782470703125,313.1539755049519,306.9452732081383,310.88802778060347,37766793
2021-04-19,300.14739990234375,300.96313546911597,291.21956123260605,296.5218839073633,53304377
2021-04-20,298.65191650390625,308.07825370819756,296.1140660621531,303.7276450479078,41296147
2021-04-22,305.1324768066406,306.0388557828436,293.03231194223235,295.479546242177,49105833
2021-04-23,304.9512634277344,308.07825476918185,300.6006270919663,300.6006270919663,44223940
2021-04-26,312.0662841796875,314.9214002088024,307.4890812125699,307.4890812125699,49234985
2021-04-27,319.9971008300781,321.71924309046227,310.34416983286343,311.794381791901,46003023
2021-04-28,329.37811279296875,330.1938483354235,322.7162218186877,323.57729290602344,56696255
2021-04-29,325.75262451171875,335.314940070069,322.2177517545272,330.8283527156187,63692926
2021-04-30,320.4049987792969,328.56241034652083,317.6405537012685,320.35969089034313,53832840
2021-05-03,317.77655029296875,319.4986652259167,309.43785066117124,316.8701711008385,43691860
2021-05-04,318.59222412109375,328.92493937130104,317.4139424645015,321.7645506770648,57749307
2021-05-05,322.1270751953125,323.9851686500514,315.41987645790346,323.1240975782833,40872501
2021-05-06,322.2630615234375,325.7073185242703,317.7311662543103,324.48370126950726,36294427
2021-05-07,324.7102966308594,328.1092180889633,319.9518065895139,324.0305123392386,38357618
2021-05-10,327.83734130859375,332.6411396176199,325.208819711829,326.7496752919672,41739324
2021-05-11,330.5111389160156,332.09730236804967,321.5379912051795,323.4413928797194,41892770
2021-05-12,333.2756042480469,338.5325919340973,328.01858890150163,328.834324554786,53436590
2021-05-14,326.704345703125,337.6262023942307,325.8885824145827,335.36025472715534,51722170
2021-05-17,347.2338562011719,349.13725793897476,329.6047707555756,330.28455511475545,106555796
2021-05-18,346.4634094238281,355.7991030478327,344.4693643485578,353.4878474173786,70917710
2021-05-19,348.4120788574219,353.0346172469254,345.511682680443,346.23677480956485,48189573
2021-05-20,348.5480651855469,351.4937972043004,346.2368095888765,350.76870500234344,42898608
2021-05-21,363.6392822265625,366.53967856077395,342.61127741618657,353.4878259055893,192810772
2021-05-24,373.4735107421875,379.9541436724667,367.35545159355723,377.96009851538145,142964052
2021-05-25,373.74542236328125,376.60051095757547,370.25585734336846,376.2379648545769,56048127
2021-05-26,374.83306884765625,379.5462512709201,372.3405263019965,375.05966362453444,52357719
2021-05-27,385.3923645019531,388.9272370940486,373.4281505558692,374.9690059306121,73392997
2021-05-28,382.5372619628906,393.0512643368663,380.72450388670495,390.19617589897246,65137568
2021-05-31,384.6219787597656,386.1174987509979,378.8664659106036,381.58560322575147,38291043
2021-06-01,392.05426025390625,394.5921382759125,385.7549422399594,386.1627962299375,59299647
2021-06-02,396.3142395019531,396.9487159009735,388.9725636669023,390.46808356688643,38657806
2021-06-03,402.1686096191406,404.2725449742927,396.54291980030337,399.74453506974066,38909199
2021-06-04,396.6344299316406,404.2268212608921,394.94214186450716,400.20193877410975,36898769
2021-06-07,395.39947509765625,400.1104175694343,394.07308049836104,398.00651018696846,20201197
2021-06-08,390.780029296875,395.6281784678205,387.8528269834818,395.39949165945757,31113823
2021-06-09,385.52020263671875,395.44518701289496,382.5472743598681,391.0544118011243,27784834
2021-06-10,395.39947509765625,396.35994848620174,386.38920964239014,388.6760776302308,27397712
2021-06-11,392.9754333496094,398.3724366673243,388.9962771361186,397.7778565241294,26831924
2021-06-14,393.6615295410156,395.5825045683904,381.17523373689045,390.59712032066466,30106015
2021-06-15,392.8839416503906,395.90259639194994,391.5118207831599,392.60952864329266,16413658
2021-06-16,389.6366271972656,395.85689772832296,388.76760608789664,391.51184801322296,19701175
2021-06-17,384.42254638671875,389.6366170757428,381.08372438081153,385.1086068502287,23048331
2021-06-18,377.6991271972656,387.76134676758494,368.3229680521954,387.76134676758494,45748727
2021-06-21,383.96514892578125,385.1085829607002,366.35626478802953,371.70754165462415,33128978
2021-06-22,382.95892333984375,389.17922127096506,381.72400899267575,386.93807938477613,28442965
2021-06-23,383.1418762207031,388.53887920088465,379.6200938631363,385.2000574524912,27564829
2021-06-24,381.6325378417969,386.70937356674546,380.809243040243,384.513985899629,19214547
2021-06-25,392.24359130859375,394.256046330923,383.3248060377666,385.1085742582798,29886797
2021-06-28,390.368408203125,396.22278530887854,388.3559529874572,393.98167118529653,29370660
2021-06-29,385.5659484863281,392.38082635783167,384.6969274716719,391.0544317388026,22275961
2021-06-30,383.4620666503906,388.6761093385087,382.6387717749082,386.938095109136,18337773
2021-07-01,384.5597229003906,387.5784054538985,381.58679445707094,384.4682425958838,16161469
2021-07-02,388.21868896484375,389.13343612447625,383.279059886002,384.4682200271771,16423811
2021-07-05,395.765380859375,397.457668806859,388.08150976135767,390.1396910152482,16483761
2021-07-06,393.1126403808594,399.28718447061107,391.69479327474636,394.8964087286917,20195278
2021-07-07,395.9483337402344,397.00028744406666,391.1001567984235,392.7467185189113,14473774
2021-07-08,388.2644348144531,398.28089924987034,386.1147734518638,395.9025511022368,21433043
2021-07-09,387.6241455078125,391.054447680448,385.1543167771667,388.76757956535766,16844494
2021-07-12,391.0086975097656,393.56997847527344,388.4016624352391,390.1396765129672,12886781
2021-07-13,392.5180358886719,394.98783662184604,391.78622136649943,393.34130279972993,12831125
2021-07-14,394.3017883300781,395.4452223849918,390.04821922897344,392.4265676463679,12767351
2021-07-15,394.8963623046875,396.0397962609602,393.0211138668794,395.8111094697056,11030732
2021-07-16,393.34130859375,395.62817666696947,391.0087143254142,395.1708030523256,8713863
2021-07-19,391.42034912109375,392.8382241314054,383.14189753896443,387.3039864284805,14426686
2021-07-20,385.0170593261719,390.59702237179954,383.1875650761869,390.59702237179954,14623321
2021-07-22,386.0690612792969,390.3226582758298,385.0171075370059,389.2706766176685,11799761
2021-07-23,392.3351135253906,393.2956149451495,383.7364944416952,386.84662969547367,17704661
2021-07-26,387.2124938964844,391.3288564591651,386.29774666033313,391.3288564591651,14037519
2021-07-27,393.29559326171875,396.31424803539767,387.8528359307758,387.9900424357847,24119619
2021-07-28,389.2249450683594,393.7986812031227,385.15430874207203,393.34130758964636,17636515
2021-07-29,403.9065856933594,405.78183406684616,389.2249053647492,389.6822789315703,35263606
2021-07-30,394.9878234863281,406.513643605453,393.98162391509084,403.8608823509872,35196813
2021-08-02,397.8235778808594,399.4701396987546,394.98785579104344,397.6863713750025,16926025
2021-08-03,408.43463134765625,409.7152718650125,396.63439786165935,397.8693121846302,40922962
2021-08-04,417.9937744140625,427.5986207081888,403.8609179863568,410.4013553558495,129761158
2021-08-05,404.18109130859375,423.07061706010296,401.0252020257968,421.698496139908,58595639
2021-08-06,398.5096435546875,408.8920306774342,397.00031613871687,405.87337584549294,38236066
2021-08-09,396.4514465332031,404.1353177330876,394.256058749789,400.5678090955559,22196404
2021-08-10,390.0939636230469,399.19568172390404,385.74891432261467,397.3661872816168,27794251
2021-08-11,391.5575256347656,395.9940551134782,387.0752699626527,393.15833322593943,23827946
2021-08-12,390.7342834472656,393.75296613100426,388.7675824369353,393.34131870089925,16847144
2021-08-13,394.4389953613281,395.39946873441653,388.76755167640727,391.1458999286601,20908992
2021-08-16,388.6303405761719,397.0002715945892,387.85279989886135,393.3412829162981,17608693
2021-08-17,385.5659484863281,389.545104427546,379.8487784316673,388.63035721880027,22957877
2021-08-18,383.91943359375,388.1730027408294,382.36435209591116,386.1605476160816,17668574
2021-08-20,372.0277099609375,381.7697623865227,370.60983500356787,379.6201008108056,25541790
2021-08-23,374.5889892578125,377.7906045506143,367.0423246390654,376.0525904034102,26559937
2021-08-24,381.9984130859375,383.05036671882766,373.39979551172115,374.58895563309835,19012313
2021-08-25,380.7635498046875,385.3830123356692,378.9797814680828,383.27910478838214,16410980
2021-08-26,375.732421875,380.3518841851432,375.04636145769933,379.16272396150333,15897679
2021-08-27,377.2875061035156,379.02552025699,372.7594961495837,375.36653133773024,15090541
2021-08-30,386.6636962890625,387.2125223383699,378.2480099319661,379.07127692179955,20308691
2021-08-31,389.7280578613281,390.5970789222341,383.00468785192083,387.7156306445066,26262421
2021-09-01,393.2498474121094,395.67392210443523,388.90479786168464,391.054459538227,18776721
2021-09-02,393.1126403808594,396.5429426529436,391.28314583574775,394.6219677974022,14372717
2021-09-03,394.6219177246094,397.27467889524337,391.6947435733769,394.48471123431017,14233624
2021-09-06,394.3017883300781,396.863097362607,393.3870410861472,395.1708093781607,10694099
2021-09-07,392.5180358886719,394.89638423296043,388.85904702541853,394.3017762099861,14928735
2021-09-08,394.57623291015625,398.28094811606775,390.9172439005169,392.426571283819,22817464
2021-09-09,395.4452209472656,396.8173418081734,393.3413134602219,393.5700002703732,9662128
2021-09-13,395.9483337402344,396.81732683650046,392.24359080603887,393.4327789234805,9567921
2021-09-14,396.0855407714844,399.51584279895104,395.39948036599105,397.91503518613325,9981562
2021-09-15,406.0105895996094,407.06254339825074,394.6677288049449,396.085575935826,22181568
2021-09-16,424.16827392578125,426.36366155076513,405.00430954655894,406.92528418687044,42637448
2021-09-17,415.3867492675781,431.6692398356103,411.95644693589674,428.10173099383604,41529478
2021-09-20,400.1562194824219,414.83790255192383,398.5096575849526,411.0874330206504,18376916
2021-09-21,401.39105224609375,403.7236743094292,395.7653626606565,402.62596652481625,17279588
2021-09-22,401.4367980957031,405.05003264030216,398.92124339726524,401.48252428750936,14321143
2021-09-23,411.4532775878906,412.6881918856447,404.3639868190037,404.68415392077236,20516770
2021-09-24,403.17486572265625,413.37429236366256,402.4888052591464,412.64250570226733,10731274
2021-09-27,408.526123046875,412.1393578960577,404.5469669689246,406.97104157222344,11746892
2021-09-28,406.9710388183594,416.9417780856612,402.1228896445678,410.9044686740325,19241170
2021-09-29,420.7837219238281,422.88762936709935,401.6655105761151,404.18106543544235,38635938
2021-09-30,414.3804931640625,425.26597956466856,412.91689202004414,420.73799754782823,26530369
2021-10-01,413.14556884765625,416.71307735787383,405.96479771752786,410.26412074001394,14777309
2021-10-04,423.6651611328125,424.8085951356085,413.0998421133248,415.11226920872434,16246765
2021-10-05,425.08306884765625,429.0164709544509,419.5945852107123,422.6132400446829,16487568
2021-10-06,418.2224426269531,430.84594317135833,414.9750732272012,425.35745981885697,19056690
2021-10-07,418.86273193359375,424.4426953653202,418.1309453493114,422.70468129074806,9984651
2021-10-08,418.9542236328125,424.442706911845,415.52392158341723,422.5217321810097,16521128
2021-10-11,429.2451171875,434.4591873159546,419.54879142917974,420.78370571390514,20686981
2021-10-12,441.8229064941406,443.1035470167468,428.19317852294046,429.93119265475383,33763609
2021-10-13,440.6337585449219,444.70436703068015,437.24918257620556,444.70436703068015,17638983
2021-10-14,448.7749938964844,451.7936485708089,440.908162183073,440.908162183073,23431826
2021-10-18,455.4983825683594,458.28835038137936,449.7812125286715,451.88511993692896,20084248
2021-10-19,446.57958984375,461.2155449007726,442.0515800816361,457.69376263200274,20645100
2021-10-20,457.2821044921875,464.2341885642044,441.9143632095128,447.1284053266244,34080545
2021-10-21,460.0721435546875,463.31948514702015,449.8269631215146,461.8558839542996,20808243
2021-10-22,460.0721435546875,465.3319402764947,457.37362798323807,461.581470943858,24080485
2021-10-25,463.3194580078125,471.5064566355026,455.4069002903594,463.3194580078125,35619415
2021-10-26,468.8536682128906,474.0220122478447,464.3256863029112,464.3256863029112,21107457
2021-10-27,474.89105224609375,481.9345613326672,469.03664757410104,469.9056686189385,29463032
2021-10-28,458.6084899902344,476.1716185496109,455.1781881720904,475.302597589334,28140401
2021-10-29,459.3403015136719,468.94517504243936,446.7625274967812,458.7457214160472,31355893
2021-11-01,471.73516845703125,472.87860252065997,458.2883727024087,465.14897708418124,20679604
2021-11-02,477.2236328125,480.2422874529996,468.39629986281113,470.91185470185064,26797820
2021-11-03,482.6663818359375,496.0673948008811,471.27776804319853,479.3275322272319,80775924
2021-11-04,485.2276916503906,490.2130753469266,483.03227590990497,486.18816509995,9796046
2021-11-08,478.6414794921875,488.8866594503413,472.42120960636737,488.8866594503413,36802110
2021-11-09,484.0385437011719,486.6455511065455,477.68103896303666,481.3857542665781,25451967
2021-11-10,479.6934509277344,483.4438920909196,477.04066173209947,480.7453767019264,15805538
2021-11-11,466.1551818847656,478.27555445162017,463.86831386915736,478.27555445162017,23086898
2021-11-12,467.7560119628906,469.26533934251404,459.84345383200485,468.3505920923337,19836221
2021-11-15,463.36517333984375,471.9180929806941,462.40469996620203,468.71647784739696,13328183
2021-11-16,452.891357421875,464.142737141441,451.4277562763057,464.142737141441,19553216
2021-11-17,455.68133544921875,462.3132529890859,449.1408982172135,451.7479334539905,20488483
2021-11-18,460.8496398925781,463.04505556100526,450.33004682553235,456.5503446929596,22471070
2021-11-22,444.9330139160156,462.86206387045587,436.7917697591753,462.86206387045587,28800269
2021-11-23,451.01611328125,453.16577486777436,439.078673024738,443.8810960109461,20000371
2021-11-24,451.10760498046875,457.3736292848453,447.3571356371588,453.5316796325042,13963769
2021-11-25,448.729248046875,453.2115318618765,444.8415722714062,448.22614823051543,12894211
2021-11-26,430.3885803222656,446.3051768594048,427.27844526124056,444.7958494828941,26305817
2021-11-29,425.448974609375,437.02052236565754,415.5696870245841,429.9312307940535,22407465
2021-11-30,421.28680419921875,436.56309333018453,418.9542100476155,428.1016818827163,23026652
2021-12-01,434.77935791015625,436.56312621872877,424.4427251241281,424.85437255406663,17156956
2021-12-02,436.33441162109375,437.3863653112203,430.8002022626874,434.04754363565826,12962679
2021-12-03,432.8126525878906,440.45079765268446,429.9769305504625,435.1910010036649,16653993
2021-12-06,425.6318359375,436.3343887138083,424.25971521827415,432.8126066179552,14353300
2021-12-07,436.05999755859375,438.8042391343788,429.19939361913106,429.19939361913106,13644942
2021-12-08,449.6440124511719,450.4215532191186,439.3073793964281,439.9019595427856,20397660
2021-12-09,446.9912414550781,451.4277712337614,444.65864711657116,450.33006335924586,12560970
2021-12-10,452.5254821777344,453.66891625649777,443.1035686192017,446.85403798071974,13261408
2021-12-13,446.2136535644531,457.7852274732947,444.8872869317278,455.31539897448926,14047645
2021-12-14,446.8997497558594,448.54631152566594,440.72520592979265,444.5671554768045,11642447
2021-12-15,443.4694519042969,449.14089597295117,442.2802916556454,448.22614873064373,8639835
2021-12-16,440.1306457519531,448.7292645531708,437.47788423781503,446.716837297836,11107781
2021-12-17,427.91876220703125,440.3593306757933,426.7296019210809,439.12441627677026,12648603
2021-12-20,410.90447998046875,424.4427282496702,405.23303580733597,419.86899195387633,22336114
2021-12-21,407.9772644042969,419.18291796697093,406.60514355988784,418.08521012509567,16617447
2021-12-22,416.9875183105469,418.31388500613815,410.72149438321924,411.6362415867453,13102553
2021-12-23,422.4302673339844,425.3574696895943,418.72555215142324,421.69848070301714,14471377
2021-12-24,417.9937744140625,424.07683815050154,413.64872490005297,423.1620908843943,13221159
2021-12-27,418.9999694824219,421.2411114261733,412.13936506180016,415.02084125115795,8856482
2021-12-28,421.8814392089844,423.4364927709809,419.91471030583773,421.8814392089844,8832210
2021-12-29,415.6611633300781,422.7504548333301,412.9169214578515,421.69850103215094,11757303
2021-12-30,413.1913146972656,416.11848894021495,410.26411253844765,414.15178807532254,28879190
2021-12-31,421.19537353515625,422.06436665478475,414.4719758064491,415.5239295385626,10005842
2022-01-03,430.6629943847656,431.76070225175397,420.8752155535809,422.6132297464202,13124509
2022-01-04,442.2802734375,443.37798124940093,430.8916595735372,432.2180541865951,23296671
2022-01-05,450.4215393066406,452.7998877344807,438.30113827132374,440.81669320318196,24694169
2022-01-06,449.78125,452.2510509133829,444.0183253703631,446.1222608697689,18190843
2022-01-07,449.36956787109375,459.1573742053209,447.72303405592913,451.3820229037345,22746330
2022-01-10,460.7124328613281,461.90162099966733,450.513006917338,451.2905476393541,15832274
2022-01-11,462.8163757324219,464.50863578819735,456.6875580780953,460.11786021688926,16107950
2022-01-12,466.7497863769531,469.72271495260253,465.14897868237273,466.42961925486287,14489616
2022-01-13,467.7560119628906,469.1281049222905,463.77685584143205,466.52109759197305,10450974
2022-01-14,465.0117492675781,466.84124368553586,462.084547032498,465.60632937024053,8724574
2022-01-17,470.1800537109375,474.6623372560519,464.2799231935481,464.6915705936892,17422211
2022-01-18,463.5938720703125,473.3359521308501,461.9473382685742,470.1800631090042,12592506
2022-01-19,471.8266296386719,473.51894558341195,457.64804698555474,461.9473703112355,16079457
2022-01-20,467.8017272949219,474.8910462350493,464.691592299712,472.0095701312035,17724642
2022-01-21,459.8434753417969,464.2342511816986,455.5441518984944,462.22179597081833,16947941
2022-01-24,452.0223693847656,463.5939170614201,446.3966791143473,459.56903455421923,20233933
2022-01-25,470.7746887207031,473.38169601825234,447.31139971579785,448.2261469544805,21791739
2022-01-27,483.85552978515625,485.59351592006016,460.30079000930914,460.6209291881308,35409230
2022-01-28,478.824462890625,490.6704510363016,476.94924217993685,488.47503528658655,24715250
2022-01-31,492.40838623046875,494.78676235115574,482.1174806560415,483.90124878862275,28674232
2022-02-01,486.9199523925781,497.57678023994976,475.6685723288404,497.57678023994976,32245356
2022-02-02,493.7804870605469,497.8511229343958,486.0508626855724,490.89906711495075,21661864
2022-02-03,494.0550231933594,498.2628945176623,491.3565631664748,491.3565631664748,22717677
2022-02-04,485.0904541015625,499.8179182828877,482.34621235952267,495.9302424816646,25332894
2022-02-07,487.7889709472656,502.19624013136206,480.4709929489944,486.5540844927539,52289545
2022-02-08,486.0509033203125,491.8138553567655,474.75379771132225,489.8471265402949,26567546
2022-02-09,489.6184387207031,490.76187272051794,482.7578347218143,489.34402572709524,14856155
2022-02-10,494.466552734375,497.57671532654973,488.84089135229556,491.31066395179005,18659370
2022-02-11,484.45013427734375,491.8596207003723,482.1632660909293,490.53322598590336,14607095
2022-02-14,458.6542663574219,471.6436605802897,457.0992127792638,471.0948345620402,26153332
2022-02-15,480.059326171875,481.93454679200465,454.7208451236285,459.20310088374214,23842951
2022-02-16,472.64990234375,482.9865348203373,470.18007366979805,481.6144139827795,19773807
2022-02-17,469.2196044921875,475.6685613206677,467.5730427227092,475.6685613206677,16408356
2022-02-18,471.36920166015625,476.49181926909193,466.6125331647754,466.6125331647754,15111223
2022-02-21,468.21337890625,473.3816952128393,461.6271876325928,467.9389379855899,16866932
2022-02-22,455.9100036621094,462.2217538249075,453.2572423375559,458.1968716860123,27108772
2022-02-23,456.1844787597656,462.2675425760223,454.8580840401576,460.11788088928967,13899433
2022-02-24,432.3552551269531,446.3509039273894,428.1016862632802,439.0786525777233,32356037
2022-02-25,441.7771911621094,449.9641622186997,438.4383414001046,439.0786756350873,21792287
2022-02-28,442.005859375,443.92680616738363,432.7669070473986,436.2429352502415,18069367
2022-03-02,433.8188781738281,438.8957141848437,427.18696068988453,437.24918032069553,22003848
2022-03-03,427.5528564453125,442.1888123555731,424.99157532736507,439.0786773078168,20358590
2022-03-04,422.5675048828125,430.7544760513815,418.63407494359245,421.0581495819761,20684268
2022-03-07,402.7632141113281,415.2495367507259,396.49721760879453,409.34940565923307,33720472
2022-03-08,402.7632141113281,404.4097759562401,388.7675919668694,400.6593065446795,42510207
2022-03-09,413.1913146972656,415.569635045953,401.1623668798871,404.3182558349919,32331325
2022-03-10,428.74200439453125,436.014227555751,422.2930201769954,429.839684235311,34553299
2022-03-11,430.2513732910156,434.32198179141335,422.6132281939466,426.63811049833384,22091309
2022-03-14,443.7896423339844,444.567183113963,430.43432631158396,430.84597375859374,27750689
2022-03-15,444.429931640625,448.6835005272817,439.67323504564973,447.3113797305622,27204899
2022-03-16,450.74169921875,452.15954626404897,447.6772904039518,450.97038602708017,16211288
2022-03-17,459.11163330078125,460.5752344651753,455.8185376598621,456.458871892994,22947673
2022-03-21,448.7749938964844,459.20310667199715,447.31139275419645,459.20310667199715,19064060
2022-03-22,451.6107177734375,453.53166462015184,436.56311470170846,448.7749957825625,26157969
2022-03-23,448.8207092285156,459.5689888556171,447.4943425346927,456.00148034979554,15800195
2022-03-24,445.5733642578125,452.6169009096352,442.28026877271157,443.65238956518124,18174877
2022-03-25,448.8664855957031,451.2448061069364,445.11601629710134,449.82695903940345,11541196
2022-03-28,455.08673095703125,456.092958457899,440.8624231959782,449.0951479771104,16738684
2022-03-29,452.7998962402344,458.6542731539036,449.7812414316479,457.37363256589333,14301429
2022-03-30,452.1595458984375,457.7395096003556,450.3300514332755,456.7332820613425,16461225
2022-03-31,451.4735107421875,455.1324998772987,450.2386242417848,452.1595712050208,10240982
2022-04-01,464.8745422363281,466.2923892422718,449.14087909358597,449.14087909358597,18527226
2022-04-04,468.7165222167969,471.0033903856303,462.8621173718863,465.880772188398,16257176
2022-04-05,465.97222900390625,472.3754874696574,464.41717547702837,470.54599302683414,13602384
2022-04-06,470.13433837890625,471.27777238808164,462.8620869142029,463.77683412154323,13738275
2022-04-07,471.0491027832031,475.57711279119303,466.5668189709018,466.5668189709018,19620958
2022-04-08,472.1010437011719,475.21120675178236,468.67074143876727,475.21120675178236,13572638
2022-04-11,471.0033264160156,477.4980088007262,469.44824510606475,469.72265808270674,12370288
2022-04-12,469.1280822753906,472.6498925176163,461.3527589400779,469.03662988748397,14460680
2022-04-13,473.56463623046875,476.491838434493,469.951373626989,470.45447342024204,15440525
2022-04-18,466.0637512207031,471.09486139089717,461.0326410505091,468.35061947988225,14492183
2022-04-19,468.1676330566406,476.5375927567471,462.0388432092619,469.4940277402288,20362934
2022-04-20,465.8807678222656,469.9056780943888,463.7768602930047,468.3505965878075,11881305
2022-04-21,472.2839660644531,473.83904746379,468.53352489405654,469.6312326954554,10035638
2022-04-22,457.9224548339844,469.7226881547967,456.45885372783556,469.1738621663764,16760456
2022-04-25,452.5711975097656,456.6418338987888,448.2718743104798,452.79988432002824,14057444
2022-04-26,462.4047546386719,464.600142549331,455.9557974168849,456.4588972595396,12137213
2022-04-27,454.8580627441406,459.9348987336095,449.91843325679,457.373617641167,12367342
2022-04-28,464.2342529296875,466.52112117072045,454.17203266914254,456.59610742146305,12154792
2022-04-29,453.9890441894531,468.80796064849517,451.88513670313483,464.78307837439434,12894773
2022-05-02,449.1408996582031,452.7998886574553,440.2678401686684,450.65022703722053,18590895
2022-05-04,438.75848388671875,454.12625342075836,436.79178301235004,450.0556172608926,14645323
2022-05-05,439.0786437988281,451.8851042429606,437.84372952997023,443.6523796717326,14130385
2022-05-06,442.6919250488281,444.6586259742756,430.8459374700862,430.8459374700862,16710020
2022-05-09,435.32818603515625,442.4632309305549,433.4072113357847,436.42589383933114,13544947
2022-05-10,434.68792724609375,441.411297554781,433.13284567289395,436.3344612164106,10884328
2022-05-11,435.9227600097656,438.1639017802081,424.1225269019901,434.7335998351647,14771351
2022-05-12,423.20782470703125,432.6754646650108,417.4449279930637,432.6754646650108,18947096
2022-05-13,406.7423400878906,436.3344178232267,402.26008435589927,429.4280875753913,61403008
2022-05-16,416.2099914550781,422.15584847586496,401.43682920968183,407.0625191154061,27940958
2022-05-17,427.46136474609375,429.6110262963001,417.261938826114,419.2286397659697,16880698
2022-05-18,418.9542236328125,428.6505496756105,418.1309567241316,428.0102154600422,15644497
2022-05-19,409.3493957519531,411.6362638846456,406.5594277964166,410.76724282787416,14201420
2022-05-20,422.9790954589844,424.44269654749434,415.43243113459465,416.0727653345268,13596860
2022-05-23,421.60699462890625,431.2118405873068,420.32635408429354,423.61944971034774,13499415
2022-05-24,422.658935546875,427.0039847772349,420.9666755477461,422.9791026522859,17175179
2022-05-25,421.8692932128906,431.48468563956214,419.9647793082008,428.27954538016223,12728644
2022-05-26,435.6188049316406,436.7336436826211,420.3828359935606,424.4240910264561,17055257
2022-05-27,435.665283203125,441.28586018700094,434.3181887103641,437.9413722079097,10977001
2022-05-30,440.914306640625,443.05104812814517,437.6627262499884,439.4278642203135,9365470
2022-05-31,434.8756103515625,442.58648881837377,431.99563378932805,440.3568396046054,15441579
2022-06-01,435.0614013671875,438.4987973480269,431.7169416957556,434.78270584507754,9424008
2022-06-02,436.5013732910156,438.82393031783647,433.0639775507103,433.76074465875655,9370989
2022-06-03,431.5311279296875,441.7503796137059,430.6021050493222,439.66007813288394,11306291
2022-06-06,430.78790283203125,432.55304056011636,424.09892703436145,431.25241425266034,10661432
2022-06-07,430.50921630859375,432.8782417701939,427.81505550557466,429.0692421203595,7672515
2022-06-08,437.8484802246094,441.7968275387451,430.32341743653836,433.48208961754125,17168871
2022-06-09,433.8072814941406,437.4769051666068,429.6266781839556,435.6653274097784,12635601
2022-06-10,429.0692443847656,431.2059857756537,426.0499198728635,429.20859215347053,8621104
2022-06-13,414.20489501953125,421.82286632904254,410.7210588973835,421.7764265213596,13426836
2022-06-14,416.2951354980469,417.36350608148376,411.88227705867666,413.41515905678415,11351101
2022-06-15,419.3144836425781,423.1234831307332,416.7596707159718,417.0848343951183,9920926
2022-06-16,410.2565002441406,425.2602137481273,408.9094057578501,422.84474864418956,10780703
2022-06-17,409.6990966796875,415.78418530109855,406.2152608235677,408.77007378472223,14326050
2022-06-20,403.8462829589844,411.97523367594033,400.13019120266165,410.16362760412096,12368534
2022-06-21,418.7570495605469,422.6589568704408,406.54040475559736,408.30554249996754,13801891
2022-06-22,415.8771057128906,419.17515409968314,413.0900369445457,416.8990365982563,11066447
2022-06-23,419.36090087890625,424.0524831934855,414.3441832542056,417.1312517514312,12229833
2022-06-24,422.0086669921875,427.67571254945517,421.0332042538962,423.44864119662316,10833364
2022-06-27,428.4653625488281,431.85629038223016,425.5389178027619,427.30408395166796,9509175
2022-06-28,431.2988586425781,432.69239291929085,425.49246582294194,426.32858071866406,13261290
2022-06-29,426.514404296875,429.85889229141424,425.4924734719425,427.3505192076278,11800876
2022-06-30,432.8317565917969,435.9904287315172,426.0499008697052,426.4215043535202,16926328
2022-07-01,433.71435546875,435.52593315014667,427.86149406727816,430.4627752517755,9405495
2022-07-04,439.84588623046875,440.49618522424714,433.71432965875215,433.71432965875215,9186358
2022-07-05,438.6381530761719,445.9309884534772,437.5697824199745,441.4252217540061,12003244
2022-07-06,445.8845520019531,446.8600147059179,440.26394644847693,441.4252250729725,12059857
2022-07-07,452.2018737792969,453.59540805904817,447.4174117557896,449.64706093308615,11497832
2022-07-08,453.8741149902344,455.12830154386137,450.71544288032334,454.29218662528615,9057231
2022-07-11,453.5489501953125,456.4288982442216,450.5760658429546,450.5760658429546,7704792
2022-07-12,450.5296630859375,456.475403927994,448.810965064402,450.57610288995386,7364457
2022-07-13,451.9696350097656,457.4973325339497,450.15802903756315,453.1309136197599,8208853
2022-07-14,445.3271484375,454.19930610372376,442.958122948317,452.0625646992339,9385630
2022-07-15,445.0948486328125,450.0186583477251,441.0071538041928,448.29996042218977,6945602
2022-07-18,455.4999084472656,456.6147472480962,447.8819378133518,450.1580268670489,9934786
2022-07-19,462.60693359375,463.164324615414,453.36314501361966,453.36314501361966,11724183
2022-07-20,472.50103759765625,474.3590833386211,464.8830387190893,465.4404581116844,19280117
2022-07-21,475.7061462402344,476.9603611286514,470.78233640092463,473.61584479592835,13814893
2022-07-22,477.2390441894531,483.27769264870454,474.916487089741,477.0067884794819,14699129
2022-07-25,481.04803466796875,482.16287346167064,473.0119924472466,476.9603680284706,10229778
2022-07-26,477.7035827636719,483.8351111742268,476.6816235598744,480.95516288809955,8862656
2022-07-27,490.7098693847656,492.33565933474154,475.8919439286603,478.7254522151504,15101546
2022-07-28,494.6582336425781,499.3497877496615,491.9640446646601,495.35500078827533,12160734
2022-07-29,490.8492126464844,498.885283185348,489.3627987297617,497.07367724099106,11921058
2022-08-01,495.8659362792969,497.02721481859265,489.0376411494592,491.499517630934,8295631
2022-08-02,503.6233215332031,506.2246311712478,493.4040690219345,494.1473327488394,16845027
2022-08-03,502.4620361328125,507.61815882985996,496.7021392476007,503.4375555855905,24262125
2022-08-04,495.4014587402344,505.38845486111114,486.9938128814101,505.0633195290963,18072293
2022-08-05,493.35760498046875,504.3665604850358,491.45311935571334,497.5382080751771,21110734
2022-08-08,483.4635009765625,486.807960466485,477.3783561082888,486.807960466485,32566317
2022-08-10,478.1680603027344,486.3434498381033,476.96034196848444,484.5318439852017,16904151
2022-08-11,487.5047912597656,488.66606994309046,480.4906793530958,483.0919322631313,13862195
2022-08-12,493.0324401855469,494.05434264419563,487.8763746840825,488.3873259134069,12154012
2022-08-16,488.6195983886719,495.9588451685862,487.73701530607804,495.44789392173413,10721167
2022-08-17,490.6634216308594,492.89304236142607,487.1330895771201,491.31369223786675,12054183
2022-08-18,494.5653381347656,496.8414556724269,488.8518810905393,489.45571197812444,9013662
2022-08-19,483.4170227050781,495.7730721102587,481.6983530946415,494.24016170944896,11087222
2022-08-22,475.0094299316406,482.99906144016137,473.8017114196148,482.1629180917256,9676954
2022-08-23,484.8570556640625,486.8079809982914,472.1758708824076,472.1758708824076,8597965
2022-08-24,482.4415588378906,485.8789547532378,475.93839883163315,482.16286332109064,11930650
2022-08-25,483.4635009765625,490.8027472747405,481.6983349272375,484.9034750151943,15473450
2022-08-26,486.6221618652344,491.91760349846345,485.13574797309,486.6221618652344,12855886
2022-08-29,478.30743408203125,480.3048560679867,472.6404168754124,475.0094140125052,9421339
2022-08-30,493.5434265136719,494.70470516429225,481.1874330116826,481.4196887418067,14835308
2022-09-01,495.4479064941406,502.50851463100315,485.18221468066645,485.18221468066645,16670228
2022-09-02,498.6065673828125,499.6749096222966,493.54338158639774,498.88526289297994,10017930
2022-09-05,500.65045166015625,502.4155611066096,498.23495815540304,498.88528551064644,7819994
2022-09-06,499.62847900390625,504.18071366483844,496.1910831071876,499.81429491511767,8657868
2022-09-07,495.0298156738281,499.30335491557975,493.8220972783756,496.46984649081065,8445359
2022-09-08,505.9923095703125,507.5251632256435,497.4917279520944,497.95623936941655,12240707
2022-09-09,514.0747680664062,517.4657241283614,509.10451853203244,510.63742890591453,18587927
2022-09-12,515.5148315429688,518.952170921536,512.1238752658808,515.5148315429688,9677415
2022-09-13,518.394775390625,520.2528211805555,514.4464280870226,520.2528211805555,16707275
2022-09-14,531.1688232421875,534.0487714434327,510.2658087726655,510.96257592164955,21632641
2022-09-15,531.5404052734375,537.4396772342877,527.5920584657525,531.9119803629187,12749947
2022-09-16,521.925048828125,533.2591394390437,520.5315144916118,528.7069045918777,14739280
2022-09-19,531.6333618164062,533.6307837600242,519.8347594839756,520.903158514852,11194003
2022-09-20,533.3055419921875,536.9287536952673,532.1907032602358,536.9287536952673,8484017
2022-09-21,529.2642822265625,536.3248325815604,525.2694956651019,534.1880915559465,9392526
2022-09-22,527.03466796875,533.2591325992832,522.1108580501693,526.5237167258603,11869435
2022-09-23,511.5199279785156,527.6849472842902,510.49802558577016,524.7120630012332,12563239
2022-09-26,504.7381896972656,510.03363219178226,495.1692640404735,507.0607472209076,16158750
2022-09-27,498.4207763671875,511.7987285538855,495.3550121961274,505.89939922928977,11066799
2022-09-28,487.59765625,501.48656022664454,483.4170531154082,495.0763361087725,12233485
2022-09-29,484.7176818847656,497.67756224749945,482.67382023242186,491.45309768479353,17310168
2022-09-30,492.93951416015625,498.7924036275781,479.5151789961069,486.8079858742602,17466950
2022-10-03,482.8596496582031,493.91504478951293,481.6983710394965,490.1524567024575,9351162
2022-10-04,494.8905029296875,497.7704511963268,490.3382681050698,495.16919845499825,8745887
2022-10-06,499.16400146484375,503.3446045871675,496.6556282508377,496.6556282508377,9507322
2022-10-07,492.5679016113281,497.58459072692034,489.1769456983304,497.49171112781846,11065307
2022-10-10,493.0788879394531,496.0053326593176,485.1357537466073,488.38733378954294,9649292
2022-10-11,489.9666748046875,495.81950743142164,488.20150870474237,493.07887867753,10825440
2022-10-12,495.91241455078125,497.02725337559986,488.66604724404766,492.38213885807085,8522604
2022-10-13,484.4389953613281,495.912405324953,483.27771675355,495.16919835658643,12972765
2022-10-14,489.7808837890625,496.8878749459658,488.66604496943324,492.5679524866068,8545479
2022-10-17,505.0633239746094,506.0387866822973,486.99381716787735,489.03767889540234,13485349
2022-10-18,522.5288696289062,523.5043321992265,507.94320076295844,508.2683360520485,20440781
2022-10-19,514.1212158203125,523.4578831769342,512.4024896999877,523.0398115961498,9540583
2022-10-20,515.9793701171875,517.2799682278867,506.5962042820574,512.8206693998048,11225588
2022-10-21,521.04248046875,525.6411552498403,517.6980206478074,517.6980206478074,11767639
2022-10-24,530.007568359375,531.8656141730801,525.7340856690766,526.7559881853911,3692065
2022-10-25,537.4861450195312,544.5931923246487,527.6849655389519,531.8655682588908,19899324
2022-10-27,538.5081176757812,543.478367241986,536.6035754708655,542.5029045901114,13613533
2022-10-28,530.2398071289062,541.2952020481209,526.7559713396231,538.7868289392258,10043644
2022-10-31,533.0733032226562,536.4642593269455,528.0566138240613,534.1417021878584,9894639
2022-11-01,535.9533081054688,544.1751376967455,533.8165101750305,535.4423001724173,12069579
2022-11-02,533.1197509765625,537.8578016328036,529.4501560045153,535.0242932214652,10241440
2022-11-03,543.385498046875,546.2190064529988,527.684988900138,528.6140117679199,17557998
2022-11-04,551.7931518554688,554.5802205002109,539.2049031506616,544.4074086062908,25759031
2022-11-07,570.5594482421875,578.5025828570365,564.5672390755263,569.4910492043815,44265903
2022-11-09,571.8600463867188,576.9232326353217,567.2149317922315,576.9232326353217,18939854
2022-11-10,562.755615234375,571.4419565687384,559.4575953177317,569.5839107900034,11618405
2022-11-11,558.6214599609375,575.5761279324214,556.0202071744174,573.4393865971748,15525267
2022-11-14,550.4924926757812,561.0833761211366,549.656406110973,561.0833761211366,12957268
2022-11-15,558.203369140625,559.3646477289204,550.5854269638519,552.1182806785682,10286417
2022-11-16,557.1815185546875,560.6653546440249,553.6976824653501,557.3673344867311,11555749
2022-11-17,556.5311889648438,559.9685852334757,553.8370564214758,556.5776287719075,8167131
2022-11-18,559.922119140625,562.7556276752249,554.7660533312614,558.342768853174,12933675
2022-11-21,555.6484985351562,559.3645896317379,553.0936859062563,559.3645896317379,7412419
2022-11-22,556.5775756835938,558.0640462892758,553.8370035945674,555.6950493243781,8048595
2022-11-23,564.520751953125,566.3323011304334,558.342727379929,558.8536786018122,12435924
2022-11-24,566.10009765625,567.911703703776,562.8020776073517,566.4717295081228,8960032
2022-11-25,564.28857421875,570.1414075845689,563.2201751228591,567.2149625501285,9994513
2022-11-28,565.4033813476562,567.5401796336479,559.5969875336889,562.616312316952,7934274
2022-11-29,565.3568725585938,568.3761969734692,564.0097780174993,564.0097780174993,6942919
2022-11-30,559.6898803710938,568.0046470072868,555.9273488125881,565.3104578057068,15606230
2022-12-01,564.9387817382812,566.518131949988,558.8536933108481,564.7065260219437,14209313
2022-12-02,564.4278564453125,566.3323420662039,561.3620921893583,564.3814166405217,7533838
2022-12-05,573.48583984375,574.1361672313877,564.4278663316044,565.3104494503227,11585602
2022-12-06,565.728515625,575.8083915750034,564.6601165911579,571.1168371932469,12996244
2022-12-07,563.9633178710938,569.39813564367,561.594320910099,567.4935934113071,7613892
2022-12-08,568.2368774414062,570.2342426474543,564.0562744063031,566.471711256473,10020015
2022-12-09,572.7426147460938,574.1361490885416,565.8678226421276,570.7916893478897,11202267
2022-12-12,569.5375366210938,574.7865392321515,567.633050819024,571.1633268648471,9285187
2022-12-13,572.9749145507812,573.5788021601909,569.0265669434187,569.9555899098569,7455415
2022-12-14,581.1038208007812,582.2650994194879,573.6716376410591,574.6006605360243,14010673
2022-12-15,572.2316284179688,584.8663163337957,570.6987180540169,581.1502249817225,10622271
2022-12-16,560.5259399414062,571.9064703833176,559.3646613248847,568.5620106489584,9435071
2022-12-19,561.5478515625,566.2394054350925,560.2007571408708,561.1297799553664,8322012
2022-12-20,561.5478515625,563.4523369916055,556.9956170902503,560.2007571408708,6753785
2022-12-21,551.2822265625,565.9143376361941,547.7518940838596,562.8950131289239,9217253
2022-12-22,551.2822265625,556.4847322630342,545.847408427578,554.6266864124063,8740149
2022-12-23,533.2590942382812,548.7737865436641,530.9365372076268,548.1234592344703,13047046
2022-12-26,554.7196044921875,558.9931442668269,530.1934315849046,533.2591961104321,13201587
2022-12-27,559.178955078125,560.2937372931399,551.189323417787,557.7854206062935,9638618
2022-12-28,558.3892211914062,563.9169189700275,556.0666638645115,558.2499017736284,7988631
2022-12-29,568.376220703125,574.1361742448994,554.7660687173757,557.413761402815,20130392
2022-12-30,570.141357421875,576.5051415202785,567.9581196143295,571.5813315569454,13052895
2023-01-02,568.7478637695312,575.2510244474183,567.8188408155474,571.3026768929869,6726084
2023-01-03,568.93359375,572.835444204816,566.70391631606,570.884518977408,6818062
2023-01-04,562.2445678710938,571.3025394939824,561.129729253821,568.4225350074406,7011191
2023-01-05,562.1517944335938,568.1904439316046,559.2254060063962,563.9169608142379,8241475
2023-01-06,558.0177001953125,564.3350453969383,554.6267434877376,564.2886055865055,7972036
2023-01-09,564.5671997070312,565.7749180766002,557.5065919949155,562.0588266606619,8878905
2023-01-10,552.9080200195312,565.7749649315789,548.6809203213877,565.2640136601837,10622660
2023-01-11,554.3479614257812,556.9492141378572,550.2137982871492,554.1157057067913,7419630
2023-01-12,552.6757202148438,555.4627887853612,548.2163651395716,555.4627887853612,8183715
2023-01-13,557.506591796875,560.1079011495518,551.5144397532472,555.462786881279,7877610
2023-01-16,560.2008056640625,563.0807539572319,557.9711280349228,560.2008056640625,5483191
2023-01-17,550.8640747070312,562.9878107767116,544.4537947743928,560.2007424065299,13461999
2023-01-18,549.4706420898438,554.766084312645,545.8938696651248,553.6048056104106,11538075
2023-01-19,547.9841918945312,549.7493582693974,545.8474503428422,549.0525910219077,7475688
2023-01-20,550.1673583984375,554.2550250301911,548.8667036910736,551.6537723185195,6750607
2023-01-23,557.8318481445312,559.0395666529407,550.8641759386367,556.0202420303864,6604469
2023-01-24,552.1647338867188,561.6872185419243,550.9570154661823,560.6653160406374,7609623
2023-01-25,528.3353271484375,553.5582645072653,527.1276087360154,553.5582645072653,25686294
2023-01-27,501.62591552734375,528.1959472210457,494.4724280088681,527.684995977524,40163464
2023-01-30,500.0001220703125,515.0038074618653,487.92282470969167,497.95626040713466,40797825
2023-01-31,514.2141723632812,517.4657524956598,499.67494137585163,506.3174777560764,21911943
2023-02-01,489.92022705078125,524.8979635888558,463.90761295897005,521.5535036702219,38218810
2023-02-02,490.6169738769531,494.84407346083447,466.8340101694445,483.2777269428903,39287056
2023-02-03,505.5743103027344,507.2001004960157,482.30229630523365,497.9563106278893,32317232
2023-02-06,506.6890869140625,519.1379591275065,498.46720063982644,519.1379591275065,25338586
2023-02-07,508.26837158203125,512.2632151446792,502.64779475723776,509.1045148167841,16195947
2023-02-08,510.73028564453125,515.1431439561484,506.781938734137,510.9625413451427,15502847
2023-02-09,511.7057800292969,512.8206188020864,504.2735971481072,512.8206188020864,15061047
2023-02-10,513.7960815429688,517.6979888967993,507.710993148678,507.710993148678,13824475
2023-02-13,499.3497619628906,517.3728272154234,495.4478548078724,514.6786383766351,18488732
2023-02-14,502.4620361328125,505.94587216970376,493.0789270880096,501.6259495057949,18559909
2023-02-15,503.7626647949219,505.9923424240616,498.6994786767496,501.67236328125,12796579
2023-02-16,501.7652893066406,508.03619442776284,500.27887521841456,508.03619442776284,12767016
2023-02-17,493.3111267089844,501.3471969345237,490.2918024871309,500.2787979901847,14192008
2023-02-20,487.87640380859375,496.0517940749912,485.0893350789315,494.2401880600991,12570032
2023-02-21,486.2970275878906,491.4066533197849,485.3215649251401,489.68792700631445,10223218
2023-02-22,479.700927734375,484.8570499338609,476.12421242954093,483.7886509710897,14763050
2023-02-23,484.02093505859375,486.8080037825396,475.0558696668738,480.25840362187853,15535085
2023-02-24,484.0673828125,490.05959200799634,480.86224238671736,486.9938277019231,12253035
2023-02-27,490.24542236328125,492.19634787828124,482.16291135259667,484.11383686759666,11048799
2023-02-28,485.69317626953125,490.94217850316005,484.06738614268016,489.8273396469931,15768010
2023-03-01,498.6065673828125,499.2568947085724,485.97182279236836,486.11119889897907,13510198
2023-03-02,495.8659362792969,501.57944937385355,494.7046577400011,497.9097978490682,10376913
2023-03-03,521.36767578125,524.2476241616192,503.29816858644995,503.53042431722355,27656538
2023-03-06,521.8321533203125,527.5921064096759,519.3237802504061,524.80503782157,16162268
2023-03-08,524.712158203125,525.3624856178885,516.9548391426886,520.252859320986,12637578
2023-03-09,519.2308349609375,525.5946180841842,518.3946918090584,524.6655953390066,8993423
2023-03-10,508.5006103515625,515.561217701336,506.31742943795916,513.8424914878345,11522371
2023-03-13,492.38214111328125,513.8890441091696,490.9421669468635,508.1755305452167,14373729
2023-03-14,488.1086120605469,494.9833469032127,483.09186615388154,490.19891340448197,14750800
2023-03-15,480.8157653808594,494.24015692362525,478.957719678139,492.1962953100218,11282329
2023-03-16,487.27252197265625,491.77826045743336,477.79647683963054,481.60550483684807,20040008
2023-03-17,492.1962890625,493.8685188331115,483.18475617807985,491.12794681882934,18787379
2023-03-20,482.34869384765625,489.2234291835881,478.4467863850695,489.2234291835881,14275315
2023-03-21,484.8105773925781,486.29704805352003,479.7938877574261,484.94995350871756,29485180
2023-03-22,484.5318603515625,489.5950462693423,483.1847658665671,485.1357478906121,11619538
2023-03-23,476.3564453125,484.0208834867138,475.1951668012555,482.5344696735417,22097792
2023-03-24,469.4817199707031,478.4003453249582,467.7165821618938,477.9822736866617,14416984
2023-03-27,473.9410095214844,477.65712933781117,465.9514072018612,471.0145931632608,15674218
2023-03-28,472.03656005859375,475.42748810904595,468.08821257551915,475.1487925684998,15833599
2023-03-29,479.84033203125,481.23386639339304,470.36428702806575,472.87266022053484,24203789
2023-03-31,486.5757751464844,487.6441742313719,482.4880514425495,483.6958266526176,17356345
2023-04-03,489.36279296875,490.98858297861295,485.04281397560624,487.50474724319236,14210949
2023-04-05,485.8789367675781,490.15241907513473,482.20928527356034,489.5950280621676,13574801
2023-04-06,490.1989440917969,495.8195211611808,484.62480682568594,486.80798790702346,25125879
2023-04-10,488.9447326660156,492.75376051347615,487.17962320768146,491.6853615153094,17335453
2023-04-11,494.33306884765625,497.6775853530546,489.73445079520377,493.17179020753014,26414406
2023-04-12,490.7098693847656,496.09819044978934,488.6660078213281,495.35498352755394,21292441
2023-04-13,495.12274169921875,496.3304600695866,489.7344204831548,491.73178559870985,28597560
2023-04-17,505.3884582519531,506.31748115315156,490.524091832778,490.524091832778,32476990
2023-04-18,507.10711669921875,509.56905001405534,502.1368669691831,506.6426052589142,22283456
2023-04-19,501.9510803222656,508.6400567933102,500.0465946465739,505.3884765215721,21156372
2023-04-20,506.1317138671875,506.73560149221805,498.5602105166989,502.78725378272253,25588577
2023-04-21,504.5988464355469,507.61817107367915,501.39370586368636,506.31751624064356,22599418
2023-04-24,515.236083984375,516.1186670908221,504.9239523489952,505.2026478818052,23335611
2023-04-25,521.925048828125,527.592122485113,515.6077045098767,515.6077045098767,38142390
2023-04-26,526.152099609375,526.7559871788986,516.9548068709435,522.1108726535115,23143882
2023-04-27,524.6657104492188,527.1276439453,521.2747540041349,524.8979661864694,17845169
2023-04-28,537.2539672851562,539.2513893335699,525.3624847187829,527.499226189582,16183423
2023-05-02,534.4668579101562,539.6229236151588,532.4694927161221,538.8332768389454,13667511
2023-05-03,530.007568359375,534.1881714402115,528.6140339990961,530.1469444766262,9699527
2023-05-04,538.833251953125,539.57645889107,528.149489198882,529.7288393814246,12533761
2023-05-05,535.5817260742188,546.4977456429474,534.2346314676785,539.0191223003028,18163461
2023-05-08,542.177734375,545.8938259243915,536.3713413290757,536.6500935577258,12990869
2023-05-09,532.794677734375,544.8255366367315,531.4940228843127,543.4784419783947,18959065
2023-05-10,531.5868530273438,534.188105504844,523.2720876967015,534.188105504844,18561315
2023-05-11,532.7481689453125,538.8332573209989,531.4010744613989,531.5868903735,16016715
2023-05-12,537.1146240234375,539.5300609348624,530.9830387279558,533.9094836079651,11319335
2023-05-15,540.5984497070312,542.5493751212783,533.8630336631455,537.6720048826024,11410243
2023-05-16,544.6861572265625,548.4951854341842,540.691369786962,542.5494157312471,22178229
2023-05-17,544.6861572265625,548.5880650501737,538.3688123566056,544.4074616755322,23739774
2023-05-18,533.4449462890625,551.7467082714093,530.8436935790718,548.4021918988014,45656620
2023-05-19,534.3275756835938,544.6397078112475,529.4502051658811,537.9042913820252,42293962
2023-05-22,536.1856079101562,539.1119961242575,532.7482117209831,536.5107432551475,21484049
2023-05-23,540.3196411132812,542.2706230270803,535.8603429865368,537.8113249003358,16120548
2023-05-24,541.3417358398438,543.7107332472535,537.2075719781706,538.64754634714,17616658
2023-05-25,539.9945068359375,541.5274171494668,536.046159904234,540.6912739415322,16479436
2023-05-26,544.4074096679688,546.0331997139054,539.3442236128685,539.9945509718547,9788076
2023-05-29,552.7686157226562,554.0692704408735,546.3118953412509,548.1235013048188,18432231
2023-05-30,550.7246704101562,553.2330431555012,549.516952185523,552.7685317842539,15031640
2023-05-31,549.162109375,553.8501481082919,546.936503435379,552.9030719118671,28797643
2023-06-01,551.9086303710938,555.3654814653645,550.251247096706,551.0088964611522,17820226
2023-06-02,556.1231079101562,557.7331488713374,552.1453766545729,553.7554176157541,11323908
2023-06-05,556.1231079101562,558.5854826943589,554.9866050078555,557.3542953022576,12920507
2023-06-06,554.3710327148438,557.7331994819402,552.1454267581223,556.8808077766311,11199940
2023-06-07,558.0172729492188,559.3431448615423,554.9866177418588,556.8807700208413,11113781
2023-06-08,557.3543090820312,562.5158856124281,555.3180722565269,558.7275810477244,15971917
2023-06-09,548.072998046875,557.9225556560352,546.2261879311128,556.8807949778836,18870272
2023-06-12,548.0256958007812,550.7248399943379,547.12596180128,549.3042256177404,8786066
2023-06-13,545.8947143554688,550.6300950913596,543.8584775170594,548.783285043374,12612098
2023-06-14,546.0367431640625,547.9308954655977,544.8055557290528,546.462938992896,8948696
2023-06-15,536.5186157226562,546.1788035949786,535.3347705864633,545.5158387577229,17934877
2023-06-16,541.0172119140625,544.284635958382,537.039480808149,538.6495217087493,12660226
2023-06-19,538.7442626953125,542.4378829249408,535.950434203992,541.0172686527673,17903691
2023-06-20,537.3710327148438,539.3125272688809,532.7776786865753,538.7442468937137,14549152
2023-06-21,536.3765869140625,539.3599000892115,535.7136798128688,537.3710631757417,14946871
2023-06-22,533.1565551757812,538.8863545906687,531.3570872845204,536.3765795536382,14979063
2023-06-23,525.2484130859375,532.3514842571589,524.4907637219954,532.256799763519,12215712
2023-06-26,527.5687866210938,528.9420586746129,525.1537538676326,526.5743681702502,8360264
2023-06-27,536.1397705078125,537.8918960196315,526.2428712590395,528.7052460586985,10694768
2023-06-28,539.6439819335938,543.6217133483505,538.4601367390198,541.9643300759469,18028934
2023-06-30,542.5325317382812,543.6216923972897,540.0228147054731,543.6216923972897,8718232
2023-07-03,554.4657592773438,555.3180931535118,543.5270409961187,544.0952635802307,15421985
2023-07-04,558.0646362304688,564.4100581652275,551.4351030041416,557.0702178075081,24799250
2023-07-05,559.3431396484375,562.279110336461,557.0701916178066,558.5854903048938,13598114
2023-07-06,561.1426391601562,562.0897153443927,557.9225570117748,559.1538022952366,11323509
2023-07-07,562.184326171875,563.9837938080983,554.5130332067869,558.774875477377,11707209
2023-07-10,561.2373046875,568.0562645445196,559.0116988517439,563.1788570435173,11417363
2023-07-11,557.4016723632812,564.4100591944411,556.2651693899928,563.5103252653819,13221177
2023-07-12,558.0646362304688,563.0367861502142,557.0702178075081,557.8278671866714,16029716
2023-07-13,554.6551513671875,566.3515182969978,552.4768300528634,563.4156054545575,20024503
2023-07-14,553.4712524414062,560.0060423345998,549.9670595859606,555.6968579794273,12190152
2023-07-17,569.2874755859375,570.9448589210546,553.2819226326304,555.933724407829,19378986
2023-07-18,561.0005493164062,572.0813521283934,557.5910982073067,571.1342759530944,25757209
2023-07-19,569.6190185546875,570.5187525475399,560.6691364872713,563.1789116560258,17556585
2023-07-20,577.7637939453125,578.4741010580569,567.0618450076182,569.5716199279582,34038351
2023-07-21,582.5465087890625,586.7136669141413,576.7693674749186,577.7164436119874,21040281
2023-07-24,584.9616088867188,588.9866825360349,581.7888690919402,582.4991762065254,11756364
2023-07-25,577.3375854492188,588.8919257906668,572.2234090326344,588.8919257906668,18503305
2023-07-26,582.5939331054688,583.7303782733334,576.9114760463759,579.610620027468,9999125
2023-07-27,583.9197998046875,588.3710693551636,580.6523754641814,583.7777730624562,17444742
2023-07-28,583.4462280273438,587.0925057464485,581.1258799888113,583.7777393499562,11930586
2023-07-31,587.3766479492188,588.1342973187537,581.9783022582515,584.0145391310097,8605483
2023-08-01,579.4685668945312,587.9922529452766,578.2847216097055,587.3766880801346,13493453
2023-08-02,566.7777099609375,578.189965532909,562.6578941967817,577.5743429390312,14977497
2023-08-03,559.2484130859375,569.0506271789328,554.0394947591421,567.0144483341467,27774877
2023-08-04,542.958740234375,567.0144973448427,541.1593302489086,563.3208772718776,52725616
2023-08-07,537.8445434570312,546.4629128954522,536.6606983251087,546.4629128954522,32736325
2023-08-08,542.7693481445312,543.8585088986088,538.3654784890065,540.7805112426742,25038671
2023-08-09,543.3849487304688,544.5687939346745,538.270714326323,544.5687939346745,15769111
2023-08-10,543.2902221679688,547.0311264796395,539.9280558044107,543.3849066549969,27325801
2023-08-11,543.7637939453125,548.3570901449302,541.7275571034544,544.9949813777413,18221179
2023-08-14,531.1203002929688,542.6746410348028,529.0367211747788,542.6272987876729,28084093
2023-08-16,535.4295043945312,536.4239806444865,524.6802126897423,529.2261668704698,15725767
2023-08-17,541.86962890625,542.8167050327628,534.1509353531953,535.8083185745926,27910162
2023-08-18,542.6273193359375,544.805583030874,537.3710579967587,539.8334329901751,18253227
2023-08-21,541.4434204101562,545.0896402898765,540.543686550049,542.6272655405768,9380810
2023-08-22,538.4127197265625,544.0478336312132,537.4656437024172,542.2010238231434,14073413
2023-08-23,546.3682250976562,547.3626434414606,536.0450724878411,540.7804529868503,18579297
2023-08-24,546.4155883789062,551.198311306055,545.0896586661597,547.5520913034119,24131644
2023-08-25,539.7860717773438,544.8529061378787,537.1816123237163,543.4322918904455,12271885
2023-08-28,542.5325317382812,544.3793417316292,539.0757385863141,542.485189493311,9711932
2023-08-29,544.4266357421875,545.7999075542886,541.5854076364338,543.290190743833,13144855
2023-08-30,537.3710327148438,547.1259055366658,536.1397874711188,546.1788293829949,15281416
2023-08-31,531.64111328125,540.1174554217484,529.7943612425105,539.1703793793449,27898476
2023-09-01,539.4072265625,540.9699253809107,532.3514974630689,532.9197778538285,18121168
2023-09-04,545.0897216796875,545.8473711152972,538.3655034568502,541.7276125682689,12108655
2023-09-05,542.6746215820312,547.6467712562122,541.11192284817,545.1369963939355,14444729
2023-09-06,540.3069458007812,543.8584813779117,537.9392554160275,543.8584813779117,20609936
2023-09-07,548.4044799804688,550.2512901918436,537.9392991892722,537.9392991892722,12390597
2023-09-08,552.5715942382812,557.3543172604112,549.0200586567578,550.2512460973644,14032068
2023-09-11,560.385009765625,560.9532323744613,554.3710410982075,555.9337399799246,10946134
2023-09-12,557.2122802734375,562.8000531872625,553.7081444445414,562.2318305676972,16093060
2023-09-13,564.883544921875,566.3515012990373,552.5715557632003,557.2595939653754,19377172
2023-09-14,565.6885375976562,571.7498477020777,563.6997009285159,566.7776982242895,13178911
2023-09-15,567.1091918945312,568.9086597168509,563.6997408474365,567.6300722204844,11756389
2023-09-18,571.9866333007812,576.2011335888857,565.4517849614788,567.1091681687718,19305055
2023-09-20,569.2874755859375,574.6858214384503,567.6774923043499,569.0507065380637,21314600
2023-09-21,557.0228881835938,574.4963977678915,553.7081214953073,568.2457179919575,23453425
2023-09-22,566.49365234375,570.1398725930069,560.1008879915859,562.0897248902817,18784139
2023-09-25,562.6105346679688,569.6662630363052,559.2010838964593,569.6662630363052,9712784
2023-09-26,562.9420166015625,563.5102390988484,559.9587039784775,562.5631630667496,8327427
2023-09-27,558.5381469726562,562.8473317978076,557.0701905339704,562.0423402102848,9865347
2023-09-28,558.7276000976562,563.6997500083563,557.6857816238776,559.9587875621745,21960816
2023-09-29,566.8724365234375,568.2457085467473,560.006134211831,561.4740907312548,12189735
2023-10-03,571.03955078125,572.8863607525196,558.3960500586644,565.0255828135226,15322196
2023-10-04,555.223388671875,568.6718814595422,553.5186631759601,568.2456856343284,24914612
2023-10-05,560.8111572265625,562.8946784824502,556.0283764943421,558.7749204115613,13248028
2023-10-06,562.7999877929688,567.2512571455039,560.8584932959413,561.9949962079626,8216780
2023-10-09,554.13427734375,557.8278977513484,550.7721682985978,556.8808215242663,9189597
2023-10-10,560.337646484375,563.5103285736951,554.7498738857847,555.9337191138808,10373508
2023-10-11,557.2122802734375,565.4045128360046,556.5019730965079,565.3098283343924,14220119
2023-10-12,555.033935546875,561.6161259874797,554.0395172051866,559.5325470113615,11983797
2023-10-13,545.657958984375,550.5353665815301,544.3793714706986,547.1732577358337,19064577
2023-10-16,545.1843872070312,548.1203000333988,541.2539982187257,545.5158407243849,11290293
2023-10-17,545.9420166015625,549.2567828738186,544.8528559901324,547.1258616987968,10765224
2023-10-18,542.3432006835938,548.593880385168,539.2178030278637,547.173266107088,11777454
2023-10-19,540.9699096679688,543.6217113329951,536.9921782679586,539.6439799329851,11441499
2023-10-20,533.298583984375,539.8334328727063,532.3515077863527,539.7387483748817,11110988
2023-10-23,523.685791015625,536.0451237387181,521.8389808834517,533.2985796647226,11875035
2023-10-25,526.7637939453125,531.1203213428745,524.3013611426065,529.0367421421059,12134624
2023-10-26,518.0506591796875,523.6384316419934,514.4517813350399,522.2651596499072,19424825
2023-10-27,531.4517822265625,532.7303118530344,520.8918604785226,520.8918604785226,10415296
2023-10-30,535.2874755859375,536.7080898747511,527.0479011498302,533.2038964013556,8593704
2023-10-31,535.6189575195312,539.3599202393359,533.3460092199277,536.9922296324908,13039696
2023-11-01,536.4240112304688,539.5020090435913,534.0089205485228,536.2819266709613,13575575
2023-11-02,541.822265625,544.9950055470891,537.5604227664763,540.875189434217,11148516
2023-11-03,547.5520629882812,548.830592584147,543.1007938170342,545.5158262786344,11371371
2023-11-06,543.9531860351562,551.6718800975543,542.911425349224,551.1983420030499,16499138
2023-11-07,549.0673828125,550.4406547530965,542.2957654048678,544.3793444383654,17923281
2023-11-08,549.5882568359375,551.766520334941,548.3570694499737,551.1036132997641,15434808
2023-11-09,547.7415161132812,551.0562829280533,545.9894482045944,550.2512912521584,12434363
2023-11-10,548.8306274414062,550.2512416625661,544.9476383588791,547.2205864297704,6773038
2023-11-13,550.5826416015625,551.6718021870819,544.7581585446942,550.2511881041967,11282362
2023-11-15,553.7554321289062,556.8807718384401,551.7665375465191,556.1704647315032,11397676
2023-11-16,553.7080688476562,556.8807506828024,552.0506856611003,553.7554110919988,8622660
2023-11-17,533.251220703125,544.0952543037619,532.3514867895021,544.0952543037619,37173221
2023-11-20,533.9141845703125,536.8027552939175,530.9308715478544,534.1509536100332,12714585
2023-11-21,531.7832641601562,536.6607295090693,531.3097260798711,536.045106882722,14280013
2023-11-22,529.3682250976562,534.6244861641455,525.7693472920832,533.1565296940364,14909071
2023-11-23,530.3153076171875,533.6774164258742,528.7526088304325,532.0200331450485,6376210
2023-11-24,530.694091796875,532.6829863733514,529.6523311651066,532.2094483034675,6529851
2023-11-28,534.5770874023438,535.2873944390716,531.404347955332,533.7720380777581,8153314
2023-11-29,538.5075073242188,538.8863609283957,535.1927406049756,537.9392847228976,10299034
2023-11-30,534.8612670898438,540.0228437781268,533.8195064246602,539.5966479405728,19758998
2023-12-01,541.49072265625,543.8110705014656,536.565915716492,536.9921114929493,10614230
2023-12-04,563.2262573242188,564.457444887985,553.6134102666476,556.8808348894886,26077882
2023-12-05,576.05908203125,578.9476527969288,563.5576649909151,563.5576649909151,36430152
2023-12-06,576.2484741210938,581.5047350018984,572.554854148129,581.5047350018984,21439069
2023-12-07,579.3265380859375,580.131529754782,572.9811158208171,577.7164969433031,10725706
2023-12-08,581.6468505859375,584.1565677433689,573.3125340795355,577.7164613742833,17722136
2023-12-11,581.7415771484375,587.0925809963234,580.6524163565841,582.4518843244429,11706255
2023-12-12,579.9894409179688,585.2457018402724,578.4740844380203,584.3459679623248,14494836
2023-12-13,587.045166015625,587.6607886744899,579.2791873326978,581.9309891613761,13977914
2023-12-14,590.64404296875,594.5270319230541,589.4601978235428,592.8696487197641,15813797
2023-12-15,613.9420776367188,615.5994608004121,587.0450934582335,594.763786742552,29813572
2023-12-18,614.1788940429688,620.9505117561671,608.4017525486585,612.4268262567273,16221796
2023-12-19,620.7136840820312,624.6913573620863,606.3654583913279,614.1788360277644,19964008
2023-12-20,602.7666015625,625.4490859501609,600.398911288317,623.8390450027288,22542056
2023-12-21,609.6802978515625,614.6051056049055,594.2903097504551,598.6942371598262,19915516
2023-12-22,603.0507202148438,615.0312562708087,601.5354215427969,610.6273291849556,14998068
2023-12-26,604.2819213867188,607.3599188509928,602.0089733268344,605.0395707400135,10153089
2023-12-27,614.2262573242188,615.0786490253292,605.1816911844077,606.8390745327218,14417646
2023-12-28,616.9254150390625,618.7248250055344,612.2847188738049,615.8362543661124,16982092
2023-12-29,608.0702514648438,615.2206650823382,605.7025610083924,611.3376758557351,13221898
2024-01-01,607.4072875976562,612.6636066637731,604.2346055026524,608.2123370371694,8295548
2024-01-02,605.6077880859375,613.7052767036797,600.3041275549203,607.4071978871389,15164482
2024-01-03,609.3961181640625,613.7053027877732,602.1509629952877,605.5130715344494,14571772
2024-01-04,608.733154296875,612.1900051328654,604.8501654661197,608.4963852753671,13883388
2024-01-05,607.9755249023438,617.2568592884629,603.9977936497388,610.8640954983638,15984585
2024-01-08,593.8167114257812,610.8640811317845,591.9699014799768,606.1287006578947,14739531
2024-01-09,592.3014526367188,600.777738011181,591.4490609721083,598.5521321607245,13400235
2024-01-10,588.8446044921875,592.2067133106882,585.4824956736869,591.73317522907,12742464
2024-01-11,587.3766479492188,593.9588388441286,585.7666069108683,592.8696781345247,15533860
2024-01-12,600.0673828125,602.8139265740106,588.2289317800174,590.786048764021,16620797
2024-01-15,606.223388671875,611.337622735401,602.4350842707261,605.0869435954805,16844018
2024-01-16,603.1928100585938,610.7694190953231,599.9253858505162,606.1287229383505,15025543
2024-01-17,592.86962890625,603.0980390580222,590.0284006527056,590.9754767372204,30016308
2024-01-18,595.0479125976562,599.9253777209321,586.2874585176507,592.6802223057629,14695436
2024-01-19,594.527099609375,601.8669403452932,591.6385286871963,599.4992497853196,11675202
2024-01-23,573.0758056640625,601.2987236611575,568.8613626697149,593.8167982958976,30954343
2024-01-24,585.5771484375,589.4127951297775,571.1815799753688,577.6690860249656,19221835
2024-01-25,580.3208618164062,590.7860408275468,574.1648673622134,585.7665492181922,22684904
2024-01-29,589.9810791015625,596.1844161117133,583.0200349532757,586.240116875537,19572140
2024-01-30,593.5799560546875,599.9727198414752,591.1649235184444,592.3487686641458,16966577
2024-01-31,606.602294921875,609.1594121757427,589.0813855447404,593.248543869928,23270745
2024-02-01,613.3739013671875,618.3933934805597,599.7359814695897,608.7332050368398,26587707
2024-02-02,615.2680053710938,625.5911000755175,612.4741193428779,617.4936110619957,27471811
2024-02-05,608.922607421875,620.1454364049642,604.9448761274464,612.8529386660016,28339525
2024-02-06,615.8362426757812,620.3348542139742,603.9504490148065,610.343212779607,14079390
2024-02-07,639.51318359375,642.0703008129436,620.3348911572103,620.3822334047071,41696232
2024-02-08,662.5271606445312,680.853120253775,642.5912176991574,644.3906856459379,74222434
2024-02-09,686.8670043945312,689.8029174512828,657.4603003588977,666.4101818840758,43235061
2024-02-12,670.4352416992188,687.5772971988666,667.215159609644,687.5772971988666,22873137
2024-02-13,675.6915283203125,680.0007134812453,664.9895787916939,671.0508318054963,23351472
2024-02-14,704.0564575195312,708.8865229305478,668.2095893122887,668.2095893122887,36782182
2024-02-15,721.387939453125,723.5662031109259,702.3990735633622,708.1288729039719,33941282
2024-02-16,714.7583618164062,733.6051419871368,713.4797743669861,723.0452778952919,27365121
2024-02-19,719.0675659179688,724.5132537731262,710.3071115422806,718.5466855971592,13979584
2024-02-20,719.87255859375,723.092640626177,714.095417199918,718.878140197099,12528399
2024-02-21,730.6692504882812,736.3517073942173,719.3990211695317,720.3934973720231,21465311
2024-02-22,725.3656005859375,732.0898177041953,716.9366002614177,732.0898177041953,18799244
2024-02-23,718.8781127929688,729.7221458595922,715.0424660921377,725.3656188570327,14143636
2024-02-26,718.7361450195312,725.7918164039028,712.8642610698683,715.0425247498395,11355186
2024-02-27,710.1650390625,722.0034911226533,702.9199410846512,718.7361245980043,13969393
2024-02-28,703.2040405273438,716.6998756485756,701.7834263040562,710.1650270994766,11263318
2024-02-29,708.5076904296875,714.0007786982383,698.1372521616919,704.5300165868673,19217113
2024-03-01,728.443603515625,731.1427472715305,712.1538830776034,712.2012253214909,17348526
2024-03-04,731.1901245117188,735.8781629797205,728.3015538370722,733.415788130336,9789141
2024-03-05,742.4603881835938,745.3016167439201,728.3962721270127,728.7751257237001,18088847
2024-03-06,742.4130249023438,748.4742776430227,731.9951871429561,742.1762558623576,26710525
2024-03-07,746.3433837890625,751.410276114466,741.5606605660682,748.190193930005,15497868
2024-03-11,732.7528076171875,750.8419384368862,729.7694947090195,748.1901368545919,16778340
2024-03-12,719.4937744140625,736.5884876385131,717.2681107424115,729.2486473566764,21529705
2024-03-13,707.70263671875,723.2820505868954,703.6775631743476,718.4993277010051,27950252
2024-03-14,701.8307495117188,711.0647417125944,695.2012166495516,710.2124078847078,19730882
2024-03-15,693.1651000976562,707.0397318687048,684.7360987203383,700.1260871078978,29792241
2024-03-18,692.2653198242188,698.8475105936745,683.8836612570906,688.6190419826069,18145126
2024-03-19,685.4937133789062,695.4853553107556,682.983996236656,691.3655971347375,15205043
2024-03-20,697.2848510742188,699.8419683708956,681.7054360495005,686.7723283939229,25405455
2024-03-21,704.90869140625,710.8752589513945,701.3571562240289,702.7304280554747,15161161
2024-03-22,707.1817626953125,709.170599460014,702.1622707327812,704.4825610232863,15535921
2024-03-26,700.8836669921875,708.2708491244837,699.4157105756636,703.7248953357582,14678342
2024-03-27,694.4909057617188,706.3766994815164,691.5549929179226,703.6775556672179,30088789
2024-03-28,712.53271484375,719.3516746513696,697.9004346418056,698.7054262433901,21705116
2024-04-01,718.1678466796875,721.1985019784711,712.2959628767208,718.8781538057333,9949971
2024-04-02,725.8391723632812,728.064778156646,713.4797825681824,718.0731365019557,15713063
2024-04-03,730.2430419921875,731.7109984397689,719.9199468084377,724.4185584476019,19136981
2024-04-04,719.1149291992188,734.2681480220336,717.9784262265191,733.9840367300943,15889530
2024-04-05,724.2764892578125,727.0703754749767,712.7694908570097,717.8363829672766,9939620
2024-04-08,727.6386108398438,729.2486518920224,721.4826157264696,725.507689454445,9797174
2024-04-09,723.7556762695312,731.569055272208,720.8197052340425,727.7807503012132,7465892
2024-04-10,737.8196411132812,739.3823398361972,723.2347035208019,725.933847345905,14530669
2024-04-12,725.744384765625,738.2458005175444,724.3237706530191,736.1148793486354,14408722
2024-04-15,717.41015625,722.9031861494083,709.1232402537129,719.5884197508934,11356572
2024-04-16,711.9171752929688,714.9478306266623,705.003530747474,711.4909794514435,13338991
2024-04-18,705.38232421875,719.7305514049899,702.7305224873335,712.2486264937273,14589648
2024-04-19,710.7332763671875,712.2012327726861,693.3070528688593,695.6274008930026,10886554
2024-04-22,725.5549926757812,728.3015365467629,710.7332860753157,714.2374792815871,17452186
2024-04-23,732.08984375,736.5411130931677,725.0341150661952,729.580068899774,12292429
2024-04-24,732.1845092773438,737.2987433357519,729.438023272222,737.2987433357519,7842615
2024-04-25,769.6887817382812,771.2988227188599,728.9171659384565,729.8642420676275,36732974
2024-04-26,758.89208984375,773.6665121242601,756.6191418193988,772.7194359962122,14964358
2024-04-29,782.7584228515625,787.2570344771462,756.4297179512396,764.2904382833768,27302732
2024-04-30,782.5216674804688,790.666499233327,776.5077570611428,782.7584365175279,27449073
2024-05-02,786.1205444335938,789.7668222833302,781.3378214511536,783.1372892528356,19943724
2024-05-03,787.4464721679688,791.9450838558431,776.6024387488413,790.619154131125,22667634
2024-05-06,765.048095703125,791.755654460013,760.5021417839598,790.8085783183144,35283557
2024-05-07,759.4603881835938,771.5356091020818,751.2208141135195,769.0258341813609,16725013
2024-05-08,767.8893432617188,778.4966078740321,757.1873941548523,760.1233071452959,27908322
2024-05-09,776.4130249023438,795.2125213733023,761.0230372925254,768.9311579165353,49290254
2024-05-10,774.0926513671875,788.0146820325868,772.4352681404719,783.2319591393382,20543142
2024-05-13,765.9951782226562,776.4603581145727,756.33498993591,776.4603581145727,15398505
2024-05-14,774.897705078125,778.875436405395,765.1428324503737,769.9728976160259,10912462
2024-05-15,776.8865966796875,781.6219776881031,774.7556752259004,777.5495615818545,9755062
2024-05-16,768.978515625,782.4270089369695,755.1511687191949,781.6219595013043,20536990
2024-05-17,774.5662231445312,778.9228082130512,768.2682012918576,771.3935410944193,12492509
2024-05-21,786.6888427734375,792.0397884444491,776.2236048637419,777.5495346221023,14037801
2024-05-22,788.422119140625,796.0295133266376,783.414724155801,795.9331822307055,19239277
2024-05-23,801.277587890625,804.5516696610887,791.5517324493296,794.1517316465437,17497488
2024-05-24,797.9072265625,810.0886726083256,796.3665167870256,799.2553916967729,12252075
2024-05-27,802.818359375,808.3072335281287,792.5146936444445,801.7590699633794,12295193
2024-05-28,800.3628540039062,809.5590944673188,792.8035957117308,804.7443027300019,13818893
2024-05-29,792.1776733398438,803.5405695871641,788.9517277526038,797.7146835951445,14518232
2024-05-30,795.2590942382812,805.0331445629747,788.9517290829909,790.9739767920537,17818705
2024-05-31,799.5924072265625,804.0701868667423,786.8332096505334,799.9294778988177,22267336
2024-06-03,872.1032104492188,878.2179721623354,825.0145259321062,831.5626306363492,64269020
2024-06-04,746.4852905273438,863.7736004371982,704.8373437950039,863.7736004371982,122381193
2024-06-05,760.4962768554688,765.5518076607758,716.4890731382206,761.4592351040986,74256082
2024-06-06,786.6887817382812,802.4812623286783,766.5147939369629,770.3666270723245,40555649
2024-06-07,799.207275390625,800.699849042878,780.4777241722821,789.5295559574165,25061284
2024-06-10,800.9887084960938,814.1331129043821,798.4850404060916,803.2516957835098,16725508
2024-06-11,804.5997924804688,808.4997618244676,798.3405635563713,805.0331354685376,14754408
2024-06-12,808.018310546875,814.2294035252687,802.144288248299,805.9961215652175,15071442
2024-06-13,812.6405639648438,814.5664806385139,805.1294419180801,813.6997946256373,12523972
2024-06-14,808.1145629882812,818.4182278630158,804.1663989581385,813.6997089993326,12903496
2024-06-18,813.6034545898438,819.958955574296,809.1256751864971,810.3775091653368,14929083
2024-06-19,821.0182495117188,828.7219161598205,809.8479563816961,815.4331029467074,32925140
2024-06-20,812.4960327148438,821.4996689454273,811.1478676397271,821.4033966290509,13985352
2024-06-21,805.322021484375,816.6367816070117,797.9072307555297,813.6034982004232,18990090
2024-06-24,801.8554077148438,805.0331584274583,790.6369197366024,800.699845971808,12715254
2024-06-25,811.0516357421875,814.5182621448073,803.3961054308986,805.996104620019,20917530
2024-06-26,814.0367431640625,817.3589609223837,805.0331069252793,808.7404727237647,16281760
2024-06-27,812.7367553710938,816.0108369000839,807.199745485568,812.6404830567203,20378887
2024-06-28,817.5034790039062,831.9959899913704,812.736823556385,815.5294261991826,23636388
2024-07-01,810.7627563476562,818.9960380974777,808.8368397383734,817.888612537416,10967797
2024-07-02,795.5480346679688,814.9516094316318,792.6591597257975,812.7368170641629,21142840
2024-07-03,808.8368530273438,812.5923552125606,794.440614381567,798.292447663417,23598009
2024-07-04,808.2108764648438,813.6034781228886,803.3960850421123,811.7738338725269,13372587
2024-07-05,827.9033813476562,829.3478187678616,805.996080474543,806.9590387546798,24873722
2024-07-08,824.5330810546875,832.9589665545163,821.8849456118841,827.903435254619,10359800
2024-07-09,829.39599609375,837.7256091400944,824.2923287105681,828.0478896992312,13585081
2024-07-10,817.5515747070312,828.3848552906051,812.2553041995063,828.2403880397673,17343236
2024-07-11,824.9664306640625,826.5071405152041,818.273858372934,822.7516382126789,8501366
2024-07-12,827.8552856445312,831.0330363694129,823.6182454951478,824.9664106629458,11446064
2024-07-15,848.7033081054688,854.4810581363205,827.8552953420664,827.8552953420664,25392820
2024-07-16,848.0773315429688,855.2031872360685,841.9143753130872,849.6180412132858,11893692
2024-07-18,860.4513549804688,861.7513839164689,844.9958864196212,848.0292284959793,19435183
2024-07-19,856.406982421875,865.6995539804449,850.5810961772029,861.8477205923227,14562742
2024-07-22,844.3218383789062,861.8476914572568,835.8478169663675,848.7996180509505,14614111
2024-07-23,831.899658203125,851.7365747034543,817.6478290405348,850.2921373240815,18279212
2024-07-24,820.4404296875,835.8477617004108,815.8182418384882,832.188532102206,19624845
2024-07-25,817.0701293945312,819.2367856009398,810.04054545749,816.1071710805719,9522375
2024-07-26,830.5033569335938,832.2366700338795,812.7367654134732,813.362711787555,12081506
2024-07-29,839.3143920898438,856.1661615632173,831.2255780072089,833.9699855260068,26582781
2024-07-30,840.469970703125,847.9328973347123,836.8107410128214,842.2996149354311,13528447
2024-07-31,840.0848388671875,842.5403707610664,835.8477988655185,841.4810813734941,11636874
2024-08-01,830.696044921875,848.7515140014297,827.6145664441017,845.2848286735671,11787203
2024-08-02,816.4441528320312,826.5070785961769,814.8071707781978,824.9663688604599,12609331
2024-08-05,781.5851440429688,800.555375930074,770.3666561037335,799.2554057076235,27676951
2024-08-06,768.15185546875,795.9331791962649,766.1778026885571,792.1776770526977,17900930
2024-08-07,778.6962280273438,780.6702807246692,770.8962307809461,779.0332399118962,17692355
2024-08-08,778.1184692382812,787.507312985182,773.06293798995,781.9221664085547,14769069
2024-08-09,793.7665405273438,799.2072786074854,779.5629051443975,785.7739981345145,15320885
2024-08-12,782.4998779296875,792.5146675912324,781.1517715969126,790.2035442003192,16120449
2024-08-13,768.0073852539062,789.6258109801142,765.5999894887229,783.3665819906377,17585172
2024-08-14,773.2554931640625,779.1777100523152,770.7518251641638,771.2814404594144,11788665
2024-08-16,782.0183715820312,784.7147017023967,773.255475013765,773.255475013765,11427335
2024-08-19,783.5591430664062,794.8257663935242,782.4998537223788,784.8109770417955,10151482
2024-08-20,789.9146728515625,792.5146719871843,783.2221009869668,787.6517443817361,10347493
2024-08-21,785.3406372070312,790.588771746324,781.1517920723019,789.9146891751129,14607257
2024-08-22,789.9146728515625,793.3813579571615,786.8331945713555,788.662838830503,7832917
2024-08-23,785.1480102539062,791.5517063269808,784.3295192254573,791.0702271868793,5537747
2024-08-26,784.859130859375,792.9480038850295,783.6554330147424,787.6998695275697,8523795
2024-08-27,785.677734375,789.0962247326166,781.0073511539267,787.5073199593448,12833290
2024-08-28,779.41845703125,786.9295198766698,776.625854503473,784.5702603306938,10371300
2024-08-29,784.3295288085938,785.7739662465469,777.0592054590912,779.5628735084862,18247268
2024-08-30,785.3887939453125,790.2999167148297,784.1850960274376,786.8814263829273,8911426
2024-09-02,791.6961669921875,794.8257813768107,782.9332114506573,787.0257841074723,11813750
2024-09-03,794.248046875,795.3554725033293,786.1592318819613,791.69624247498,10548350
2024-09-04,786.2554321289062,788.325815931437,783.5110245528155,785.2443376942574,10789570
2024-09-05,788.422119140625,791.6962009160937,784.2332739868236,788.0369123055189,8395074
2024-09-06,753.514892578125,782.7888492947188,748.2186217676717,781.4406841241514,40220096
2024-09-09,755.2000122070312,759.0037090727857,742.4408153160613,755.9222308989729,21322103
2024-09-10,753.6593017578125,759.5814597612606,748.7000432350214,758.8111049121503,12824701
2024-09-11,740.1297607421875,758.811176152104,737.0483410564517,751.1556455515445,20060665
2024-09-12,758.5703735351562,760.6407573153975,744.1259995547978,746.2926556518515,17578964
2024-09-13,761.5555419921875,765.5518424151477,756.0185318111974,761.7000092457633,12950936
2024-09-16,756.451904296875,765.5518722692779,755.344537482079,761.5555716904744,9553736
2024-09-17,753.9000854492188,758.3296701716079,751.637098153009,756.5000258703583,10665630
2024-09-18,763.3851928710938,765.3111094724715,753.0333911386886,754.7667043250664,18324412
2024-09-19,760.6889038085938,771.6665929182252,755.0074264560737,765.5999675189145,10645478
2024-09-20,752.7445068359375,765.4073730812867,750.625986843672,765.4073730812867,21372244
2024-09-23,772.1480712890625,775.1814133728537,755.4407686844768,756.8852061006995,17309545
2024-09-24,768.6814575195312,774.4592072785255,766.9962805064912,769.6444158126969,15180653
2024-09-25,763.72216796875,768.4406869245006,759.4851869144526,768.3444146087945,18465571
2024-09-26,772.1480712890625,773.2554968178902,762.277748944874,766.5147888755175,23198842
2024-09-27,772.9185180664062,778.0703215620741,768.8740813727312,772.1481043919451,15193681
2024-09-30,758.71484375,772.8702832866289,757.3185425049131,772.1962595176911,15484573
2024-10-01,767.4296264648438,770.7036494096986,758.811137952777,758.811137952777,13280535
2024-10-03,764.6851806640625,774.2184915699847,755.2482008550121,760.6408027275493,15944135
2024-10-04,767.1407470703125,779.8517495092212,756.1629990283715,762.6629675013947,20097454
2024-10-07,742.1038208007812,774.2184558775194,737.0482898388944,770.3666227637009,24267990
2024-10-08,752.5037841796875,755.3445229531092,743.6445559601656,743.6445559601656,8560960
2024-10-09,767.8629760742188,774.5554892758929,753.0815308248506,757.5593104537433,18758697
2024-10-10,767.5740356445312,774.6518143977434,765.5518467289336,769.4036799200226,10241015
2024-10-11,770.1258544921875,772.9665930626187,763.6258863548668,767.6703227285054,14322720
2024-10-14,775.325927734375,779.2740334022208,771.1370237082186,772.2925854662725,8967564
2024-10-15,774.8444213867188,777.5888290383062,771.9073515455158,775.6629124338771,6252104
2024-10-16,775.61474609375,779.0332361787332,772.3406644838936,773.0628831824524,6494240
2024-10-17,781.00732421875,789.1443336790275,776.1443965165297,779.5147505956958,18580553
2024-10-18,790.0110473632812,792.1295086964368,773.1592763766439,781.0554877623608,11704698
2024-10-21,783.7999267578125,795.8369056109815,779.0332713770955,794.1517285715379,10359618
2024-10-22,761.1222534179688,786.5924530851014,758.329650876446,783.8480454773676,16645356
2024-10-23,756.88525390625,763.2407554293255,750.9149004539081,760.7370872594624,13866198
2024-10-24,765.1184692382812,767.4777287162982,755.5852177848088,756.9333240763132,5607500
2024-10-25,752.0223388671875,771.0889025356221,743.4038498376525,768.4407670601641,9717125
2024-10-28,762.7111206054688,774.1703480481368,754.5259749390806,754.7667145175037,13757251
2024-10-29,801.8554077148438,803.925732845734,761.2185547092174,766.5148254883454,28274791
2024-10-30,791.9850463867188,802.1442444505282,790.6368812896834,797.3294530672716,15977682
2024-10-31,789.8184204101562,797.3294834998579,783.4147241162844,789.625816992613,13402324
2024-11-01,790.7813720703125,795.0183533490626,788.566579722976,791.9369337915391,1637141
2024-11-04,799.1109008789062,806.4775551912725,777.2036001259493,792.2257844782764,14498161
2024-11-05,817.7442016601562,819.8627216790217,795.6442968785319,799.1109232553587,26254561
2024-11-06,823.13671875,829.492278606691,814.8553011245552,817.7441759391488,15002433
2024-11-07,827.7589111328125,830.4552413269911,815.3367846280997,829.1070762299017,15283847
2024-11-08,811.9183349609375,831.5145133583849,803.2998462002181,827.7589523824207,26139105
2024-11-11,816.2515869140625,822.366348312754,810.8108492732305,814.662682286405,12621337
2024-11-12,796.07763671875,821.7886350304474,793.7665132938048,820.9219490525154,11350729
2024-11-13,778.6962280273438,800.9405405398265,774.8443949499054,792.8516675674828,13756706
2024-11-14,774.459228515625,787.6999054097373,771.3777501381329,778.6962686314655,9461484
2024-11-18,784.136962890625,786.4480864115857,769.6444516583641,780.9592121300385,9322451
2024-11-19,773.2554931640625,789.9146595309171,770.4628906628374,788.6628255309678,13677029
2024-11-21,751.8297119140625,768.9222221753172,733.3409003273077,768.9222221753172,29486577
2024-11-22,785.8221435546875,789.5777045997442,755.0074765981217,756.88525712065,20665405
2024-11-25,813.1701049804688,818.1293046973657,795.0665016573014,796.3664717835007,23434605
2024-11-26,808.3072509765625,815.3368350764866,804.5998261173272,812.7368358136894,8893744
2024-11-27,803.2034912109375,811.292364407334,801.2775746188726,807.4405312232043,8375108
2024-11-28,807.7775268554688,814.4700986330259,799.7368487551913,803.2034750413964,13505677
2024-11-29,807.8738403320312,812.7849039261208,800.7479257305017,809.9441653170932,10822949
2024-12-02,805.4183349609375,810.8108778597823,801.8553775432713,807.8738668385488,6651119
2024-12-03,822.3182373046875,824.8700414893754,805.8998103387524,806.9590409400479,12186182
2024-12-04,827.8552856445312,831.995994696608,818.8034538591721,822.3182752631592,10749716
2024-12-05,833.3922729492188,839.1700227524034,823.9070984244045,828.1441384564639,14716036
2024-12-06,831.658935546875,843.0218314074111,825.2552395250841,833.1996452731378,14520568
2024-12-09,826.266357421875,834.7403787055949,825.2071268017763,827.1811795615839,9630346
2024-12-10,835.3662719726562,836.7625731734661,826.2663048631648,829.8773982578593,7379849
2024-12-11,829.684814453125,837.6292201091063,829.0589268478445,835.3662917047014,7006973
2024-12-12,822.0775146484375,832.2848491458258,819.6219827317773,829.588577653526,8845103
2024-12-13,829.6366577148438,830.9366865999768,804.0701282655722,821.0181697348605,9379370
2024-12-16,829.0589599609375,834.3070944496669,826.025617806868,827.9515344064523,6432713
2024-12-17,819.044189453125,830.6478254844673,815.6738353243519,826.7478560331779,8791216
2024-12-18,807.103515625,820.4404644541135,805.9960900799213,819.4775061625006,8295338
2024-12-19,801.9515991210938,806.9589936527981,789.8183489792347,794.0553299104415,9453398
2024-12-20,781.9221801757812,805.0331805750654,779.9962634758409,803.9739498998235,10244198
2024-12-23,790.7332763671875,793.4776841679945,782.114787338898,787.025851437494,4933200
2024-12-24,781.9702758789062,795.5961593356999,779.2258682332135,793.7183788955526,10602771
2024-12-26,782.3555297851562,792.3702614447049,778.0703533367926,782.885145127243,8318714
2024-12-27,770.0296630859375,787.9888009322062,767.6704033888981,786.0628842447148,10649800
2024-12-30,759.1000366210938,778.0221912364731,755.9222859001974,772.292577441985,21515438
2024-12-31,765.503662109375,769.5962346158304,756.8851741350371,757.7999962148708,9086044
2025-01-01,763.8185424804688,769.0666770195652,760.2555849821816,766.0814709969738,7273098
2025-01-02,771.522216796875,772.6777785343264,757.848196914708,765.5518634653022,11398319
2025-01-03,764.0111083984375,779.5147129032193,762.8074105712243,771.5221710853858,13336514
2025-01-06,747.640869140625,768.0555386685415,744.5112545755807,767.8629940224499,11419367
2025-01-07,749.9037475585938,754.8148111917903,746.1481868219319,750.9629781385199,9669152
2025-01-08,742.5853271484375,754.911181809416,731.9445907621887,751.9741707073787,15641490
2025-01-09,732.2816772460938,742.7778878278531,699.3484904504,742.5853431803976,15351029
2025-01-10,715.71875,735.1223830791824,714.5631882955921,732.1853132713054,11779296
2025-01-13,702.4780883789062,716.3928477377098,695.7373801970662,714.0335881192036,10414733
2025-01-14,720.4373168945312,728.9594748276388,705.8003381418084,705.8003381418084,11960975
2025-01-15,725.7816772460938,730.7890721249498,722.2187198068513,725.252061939764,7792299
2025-01-16,737.9149169921875,747.929706597395,732.2334984141427,732.2334984141427,11816079
2025-01-17,735.7964477539062,739.5038726459838,731.2705905527847,737.9149678673344,5766573
2025-01-20,750.38525390625,755.9222641211501,739.4075057965499,740.5149313492541,9198929
2025-01-21,730.9334716796875,755.8259785163474,728.044596835733,755.7296474236301,13751780
2025-01-22,725.5408935546875,734.7371329395015,710.6631770764773,733.7741747049805,9908339
2025-01-23,718.2705688476562,727.6594116108213,715.5742387782767,722.2186740896237,10986405
2025-01-24,716.58544921875,725.7816893156935,711.6261904172143,722.1224594960153,10579213
2025-01-27,721.4483642578125,727.3705224901476,708.6410307266503,712.5891362148737,11433353
2025-01-28,724.5298461914062,731.6075661648166,717.7891381122306,728.9594308479976,14140860
2025-01-29,730.355712890625,732.6186413192878,722.0261003310969,725.1075785552505,9251973
2025-01-30,734.3519897460938,736.6631132188579,726.7927904600431,730.4520203133268,11085824
2025-01-31,744.2705078125,748.7482287285419,731.3668428360176,736.5668412651819,10083763
2025-02-01,737.6260375976562,749.9037555863902,724.2890890176571,746.1000586507049,9363077
2025-02-03,732.7631225585938,734.5445718854385,725.2520596511663,734.5445718854385,7862190
2025-02-04,750.3370971679688,752.3111498703669,737.2890243394788,738.5889944967314,12020807
2025-02-05,737.6741943359375,753.0333909836241,736.6630998752845,751.107474382643,13419162
2025-02-06,724.3853759765625,742.2963767183029,722.2668559769037,740.5149273858113,32745391
2025-02-07,709.8928833007812,731.75204885935,704.6447487163948,731.6557177630287,37240692
2025-02-10,709.5076293945312,716.3446682586824,706.2336065973515,712.5891075604651,12667049
2025-02-11,704.018798828125,712.7336185765542,699.6373502606822,710.1336193776868,13017060
2025-02-12,705.9928588867188,711.3372653768854,690.5855270091603,705.9928588867188,12697743
2025-02-13,700.6965942382812,710.1817094926294,699.2521568630419,707.1965624268578,12370571
2025-02-14,695.4003295898438,705.7521308643177,689.6707161993432,703.8743505061794,10417539
2025-02-17,700.7447509765625,701.7558454140641,685.1929512700127,692.4151383583221,9093600
2025-02-18,698.9151000976562,701.2743596122846,690.7780909672726,700.7447443190354,8562003
2025-02-19,700.3595581054688,707.6298814976512,695.3040270429543,695.3040270429543,6766606
2025-02-20,702.670654296875,704.4039674105562,696.5558340793757,698.0484664022894,7423268
2025-02-21,695.255859375,704.5965661934869,693.3299428670359,700.359526366243,6571602
2025-02-24,689.8633422851562,693.089229046088,684.1818648659195,684.1818648659195,6912148
2025-02-25,684.5670776367188,692.318880181649,683.7003916586949,692.318880181649,8599635
2025-02-27,677.8263549804688,691.1151674539011,675.1300247842662,689.4781266274379,12033139
2025-02-28,663.2857055664062,675.370821210472,657.3153519889653,674.9375369686069,15780609
2025-03-03,669.5448608398438,671.5671084335651,654.811611339565,664.5856611067829,10598479
2025-03-04,689.5262451171875,691.8373684334783,666.4633832092842,667.3300691464701,14386214
2025-03-05,703.2965698242188,704.2113919626877,690.4411000485206,690.970715357852,10409805
2025-03-06,704.93359375,709.4595093992308,700.0706662141035,708.7372906926826,10928847
2025-03-07,705.607666015625,707.6298548547695,701.0336142741386,704.9335834778076,7246729
2025-03-10,701.9003295898438,711.1447057760574,699.6854784765769,705.6076955415114,7400109
2025-03-11,702.8151245117188,706.8595613151393,695.930007610309,698.0485277239401,5538789
2025-03-12,696.2670288085938,709.7003096539208,692.4151953776362,703.5373526546633,5547762
2025-03-13,700.8892211914062,704.3559065637423,697.6633341842002,699.0114994024942,5908337
2025-03-17,696.36328125,704.1632195569075,695.5447314737941,701.9002911815586,5149563
2025-03-18,696.36328125,696.36328125,696.36328125,696.36328125,0
2025-03-19,717.5001831054688,721.5446195922909,711.7224334883822,712.2039126231394,7604850
2025-03-20,721.7853393554688,724.8186813309343,716.6335362646441,720.292765833536,6963197
2025-03-21,725.3001708984375,727.611235450561,719.3298179504133,722.1705565633118,9577327
2025-03-24,751.8778076171875,753.9481914133478,727.1297682523594,729.9223707530908,12095064
2025-03-25,744.2222900390625,756.8852150473521,740.7075275492936,754.8630261504609,15190143
2025-03-26,735.7001342773438,747.3037699282959,733.2446023903115,743.4038006048552,7711852
2025-03-27,743.6926879882812,747.063042059369,732.3297917320479,735.5075423870684,15648616
2025-03-28,742.9223022460938,749.7592824252198,738.5889900489357,743.5000536959915,7628185
2025-04-01,743.1149291992188,753.7556066211873,734.92978367858,738.3964100364205,7011125
2025-04-02,747.20751953125,748.2186140115384,735.9890316029483,743.6926981564776,5458436
2025-04-03,750.3370971679688,755.6333676630561,741.4297331535035,741.4778693122336,7956680
2025-04-04,739.0223388671875,753.9000559499343,736.6630793418844,750.2407674906192,8231194
2025-04-07,719.2335815429688,725.7816862623683,702.9595626780941,702.9595626780941,14923235
2025-04-08,740.1297607421875,745.3297593169144,730.0668930525142,731.8483424817248,12911288
2025-04-09,714.7077026367188,739.5038802710596,713.552140856178,738.5890580792018,11319387
2025-04-11,725.9260864257812,731.5594277102952,718.3668873275676,730.8853451496299,9360327
2025-04-15,735.2186279296875,742.1519391227857,729.0556715859763,741.4778565892068,7859090
2025-04-16,743.1630859375,746.0519609071307,732.3298048013849,735.2186797710156,12536694
2025-04-17,767.9110717773438,771.3295618258302,738.7334484219398,743.4037724463682,27034818
2025-04-21,786.4480590820312,793.8146548472636,771.7148087772562,773.2555185548143,16398507
2025-04-22,791.9369506835938,804.5516812424216,783.8480772367818,790.7332527762891,25117557
2025-04-23,783.3184204101562,800.2183263784495,780.0924749249118,795.4035350043313,12104382
2025-04-24,783.270263671875,788.6628063594819,781.1036076104479,782.644317299962,12713521
2025-04-25,769.066650390625,788.6628277912206,757.8481629690972,784.8109946884551,13131038
2025-04-28,787.0739135742188,792.322047867904,767.8629432267787,769.0666410567842,11317611
2025-04-29,782.4517211914062,798.2923962986351,779.0332311285836,789.6257719721119,11283059
2025-04-30,759.4370727539062,781.4406459920804,755.4407723731201,781.4406459920804,25635764
2025-05-02,767.1889038085938,773.6407362949234,759.7741130041347,761.0740832238849,14720184
2025-05-05,760.737060546875,769.4036852872824,753.0333941109573,753.0333941109573,23986447
2025-05-06,745.426025390625,769.5481787593242,742.5371503787388,764.5407836505257,18869468
2025-05-07,747.3519287109375,753.418613146944,736.229771868778,736.9519906088443,15586266
2025-05-08,740.514892578125,757.3666619150783,735.7001013389954,750.1444750563841,14491673
2025-05-09,750.38525390625,752.7445134918086,727.5149943229668,728.4779526212103,13578216
2025-05-12,771.95556640625,774.12222264216,763.6259533673605,769.4037033297868,15096824
2025-05-13,772.0518188476562,777.7332963407931,767.6703703271746,769.018476685771,13909596
2025-05-14,771.0407104492188,777.5888150314639,766.8036704860727,775.9036380329437,9281719
2025-05-15,777.8295288085938,779.4665695934455,765.0703319571993,774.6517783287684,17058854
2025-05-16,778.0751342773438,789.7644580739088,776.9946347468432,789.7644580739088,14733924
2025-05-19,780.9237670898438,787.2104729702169,778.0750903727592,778.0750903727592,10666184
2025-05-20,771.7393798828125,785.2459236919375,769.9220998339915,784.0180560729261,11324667
2025-05-21,773.1636352539062,776.9946060925355,765.3052827270537,773.0654298291093,8206040
2025-05-22,771.346435546875,774.2442151084329,766.4840678018166,774.0477442991881,7355826
2025-05-23,776.5034790039062,780.874699700136,772.2796264031289,773.9495383488706,5534158
2025-05-26,780.33447265625,783.4286631605596,775.2265312430146,777.9769427872259,4965466
2025-05-27,779.6468505859375,787.1613645883718,776.0614530866071,780.3344684569088,11995043
2025-05-28,782.4463500976562,784.7547771957036,778.6154390963333,780.4326591919574,6873519
2025-05-29,783.232177734375,786.2282227070898,777.3384131262393,784.8529869834019,14034127
2025-05-30,797.91748046875,800.0785394661832,778.5662748283969,783.8706869171444,22037314
2025-06-02,799.2435913085938,807.9859725290632,794.8723707211232,798.4577080916993,26891575
2025-06-03,795.4617309570312,803.9094959854718,790.8940994751483,801.7484370268255,14247597
2025-06-04,792.2201538085938,802.5342413659282,790.9922862422444,802.5342413659282,9607927
2025-06-05,791.72900390625,797.3280919793597,788.6347536685006,794.3812098308251,13595507
2025-06-06,798.6541748046875,801.9939985959651,788.88033690073,792.3675287830383,17163935
2025-06-09,805.5302734375,809.9014942207324,801.2573180380161,802.9272300169949,12793040
2025-06-10,802.5833740234375,807.4948444720902,800.1767415127031,806.4634476687678,6560513
2025-06-11,800.6187744140625,806.0704945433416,798.6541862626485,802.5342598525855,7197825
2025-06-12,791.679931640625,802.0431222706184,787.0140347260071,801.5519752269744,13448521
2025-06-13,778.3206787109375,782.2007522600275,772.3287088939938,772.3287088939938,11377117
2025-06-16,778.4680786132812,781.3167555010375,772.2305350251097,778.4680786132812,8085001
2025-06-17,778.2716064453125,784.7056208342702,776.5525917636725,779.9415184126576,7753156
2025-06-18,777.8787231445312,781.4149579289822,774.3915311197982,778.4680756237817,5710169
2025-06-19,771.1990356445312,779.2047561439027,767.8592718430074,778.320667516001,11824333
2025-06-20,782.053466796875,785.2950253156704,772.181363190149,773.5565989033221,11367669
2025-06-23,776.2088012695312,780.874698193188,774.5388893270122,776.0123304607985,5549253
2025-06-24,781.3167114257812,792.3675194893278,779.5976968381185,784.8529460243278,11402190
2025-06-25,785.8843383789062,789.567941046098,782.0042649119035,785.3440886452789,6528324
2025-06-26,782.9375,789.1259408358321,777.3875743106198,787.7998677833231,24704402
2025-06-27,791.1396484375,795.1179273319369,788.4383398116579,790.7467068374075,19375990
2025-06-30,805.824951171875,806.4634663267615,792.7604514670988,794.6759369772839,19652607
2025-07-01,805.7758178710938,810.2944065895595,798.8506566320394,805.4811416394373,11456405
2025-07-02,798.5068969726562,809.4594402026391,794.6759260051804,806.4634551919074,6661200
2025-07-03,792.8095092773438,800.0785092795976,791.5325389943724,799.0962152227779,7020403
2025-07-04,797.4754028320312,799.4399909377498,789.8626239223718,794.4303152499558,4319538
2025-07-07,792.56396484375,798.2613185459272,790.8941128494637,796.8369801203829,4461783
2025-07-08,798.2612915039062,799.1453201848503,791.0904969053553,793.5953947208753,5935770
2025-07-09,796.5913696289062,798.0648106998194,794.675884245825,795.6581782931005,4099112
2025-07-10,793.693603515625,801.0608089938022,792.613104027281,796.9351619351286,12178137
2025-07-11,794.3321533203125,798.1630643635436,790.3047115103832,793.2515938303184,6202372
2025-07-14,794.528564453125,801.0608442463658,793.6936384439774,795.4617558456557,6938635
2025-07-15,801.9940185546875,806.4634446553665,796.1493567517351,796.6405037947652,9297645
2025-07-16,816.9739990234375,819.4297342255312,800.8643521159136,801.5519699633943,16458920
2025-07-17,814.32177734375,827.5827471798666,811.7186740978348,823.5553655077234,23073718
2025-07-18,808.7717895507812,817.9071722636787,805.7267019494631,817.2686571434967,15387801
2025-07-21,809.6068115234375,812.7010019745913,803.4674733809013,808.4280466091758,8852594
2025-07-22,800.5697021484375,813.3886283330482,799.5874080353719,812.848378561757,7851163
2025-07-23,806.1196899414062,810.5891161764496,797.1316748019602,798.113968917551,15470390
2025-07-24,801.25732421875,807.3966624575928,796.29675091266,805.4811769361788,10118309
2025-07-25,792.269287109375,804.6953313423805,791.2378903047143,800.569684169264,6734439
2025-07-28,783.0357666015625,794.6268250025805,781.906104403612,792.269295178368,7734158
2025-07-29,785.0494384765625,785.8352617474154,779.057408633055,782.1025562450097,7833759
2025-07-30,787.4560546875,789.1750692870572,782.1025400865564,784.8038487430033,8743723
2025-07-31,782.4463500976562,789.5679822929258,778.5171737140591,781.0220116677076,11359112
2025-08-01,779.9415283203125,786.8175871342196,777.9769400877676,781.6114403088707,15468391
2025-08-04,781.6113891601562,783.0848302381428,772.62337460265,780.4326243068729,8820724
2025-08-05,786.4246215820312,789.8135481709712,782.2007690014489,783.8706809392065,7381537
2025-08-06,790.8941040039062,795.8546771264834,784.8529714185823,786.7684568691343,7409396
2025-08-07,790.8941040039062,792.3675451267196,779.3521485418682,786.915765008732,7091392
2025-08-08,790.0591430664062,793.4971724617818,776.0123492419096,790.7467609363763,15708181
2025-08-11,808.8700561523438,810.392599955305,793.6936009259229,793.6936009259229,15236297
2025-08-12,806.0704956054688,810.8837605645641,805.481143141057,810.3435108131079,7986728
2025-08-13,807.29833984375,810.3434873670307,806.1196349490305,808.0842230461906,4447508
2025-08-14,811.9151611328125,813.3394995419872,804.5970582342032,807.4457350525524,7087573
2025-08-18,812.9957275390625,823.1624473883827,810.5399923141568,821.1978592084581,6138124
2025-08-19,815.697021484375,816.2863739458684,811.1784327798614,812.8483446933888,5076681
2025-08-20,814.272705078125,817.1704846600775,812.7501612160911,814.0271315534591,4493888
2025-08-21,811.0802612304688,818.4965697939625,809.4594519619582,814.272717098252,4402511
2025-08-22,801.7975463867188,811.3749137095616,801.2572966311966,809.4103255407733,5097647
2025-08-25,801.9940185546875,805.9722976123364,799.7838568610522,802.9763126407477,5672898
2025-08-26,793.5462646484375,801.404617447895,792.4657651203016,800.4223233479629,6997817
2025-08-28,787.750732421875,796.6404816628535,786.4737621363677,792.9568789424643,7898436
2025-08-29,788.291015625,792.4166628378574,784.3618392231308,786.5228982350536,6861440
2025-09-01,791.7781372070312,793.9882989038185,788.4383732823478,788.8803576581267,5619805
2025-09-02,789.666259765625,796.1493769160325,788.4383921269514,792.0237296591938,5075460
2025-09-03,797.7701416015625,798.8997437933355,788.7821270069304,790.0590972888992,4261589
2025-09-04,795.06884765625,802.2886851199853,793.6936119705517,800.2258915459101,4471950
2025-09-05,792.318359375,798.1139182710025,789.4206398814698,797.1316242177459,5194842
2025-09-08,794.4794311523438,799.4400042107487,792.5148430140074,793.6936078879036,4614227
2025-09-09,794.528564453125,797.966593827573,791.3361086054234,797.6228148719179,4567272
2025-09-10,803.7130126953125,809.9996587129843,796.0511310104619,797.622777526262,7285853
2025-09-11,809.0665283203125,811.0802191569468,804.4988369492515,804.5970423736838,7425055
2025-09-12,808.96826171875,811.1784233553801,805.2846589910332,809.5085114612542,5078018
2025-09-15,810.1470336914062,813.1430186120108,806.561636356512,808.9682688172991,3852494
2025-09-16,816.82666015625,818.2509986153229,807.1019843806856,810.4908511172532,9467531
2025-09-17,841.973388671875,842.9556827448961,816.2863746805828,819.5279331306582,17243938
2025-09-18,839.222900390625,845.5587090248177,836.0304447176452,843.4468127830675,10400847
2025-09-19,847.081298828125,849.1441524246292,834.262372728141,836.9145788068039,15206426
2025-09-22,840.1069946289062,852.8277146939828,838.8791270541783,846.7374795324375,6594034
2025-09-23,855.1851806640625,858.7705779481222,836.1287119616596,839.4684757773939,14357863
2025-09-24,850.8631591796875,864.9099527819579,849.1441445091953,860.4896293435494,12840160
2025-09-25,845.902587890625,854.7432347874252,844.7238229801568,851.2069400560208,8678821
2025-09-26,841.7769165039062,849.0458566598143,837.8968429308584,846.7374895737396,6959545
2025-09-29,855.3325805664062,858.0338893192718,840.8437427101278,842.8574336077328,22641712
2025-09-30,857.0025024414062,862.0612811008727,852.2383400675699,854.5467671830805,12831593
2025-10-01,848.80029296875,860.9316608640574,847.5233226519999,856.8551164386336,10832384
2025-10-03,851.9436645507812,857.5427529354124,848.5056351862063,849.8317681995126,8019442
2025-10-06,858.5741577148438,859.8020253564342,847.5233489405293,852.6312903204407,7820352
2025-10-07,849.3897094726562,861.4719147583033,847.7197975329713,858.67240059065,9242580
2025-10-08,843.0538940429688,852.434790514772,842.0715999631051,851.4524964349083,7156112
2025-10-09,846.835693359375,850.4701934075276,842.906517081258,846.3445463246103,7020501
2025-10-10,865.0573120117188,868.1023997007326,846.0498854486992,846.8357087276893,13713015
2025-10-13,867.3165893554688,872.3753680081057,860.4896333556451,863.4365156616575,11923143
2025-10-14,861.4227905273438,868.4953197717444,856.6586283491738,867.3656576175208,7681973
2025-10-15,870.4107666015625,871.7860023052981,861.5210171041608,862.552413904726,8269225
2025-10-16,871.2457275390625,876.0589324550273,866.8254042739779,872.5718005367993,8493686
2025-10-17,873.4067993164062,878.9076221454748,867.3656667834078,871.7859901135612,8511854
2025-10-20,891.431884765625,897.4730173879747,875.273135028841,878.7602670499772,13546463
2025-10-21,891.775634765625,893.8875909678319,890.3513563479894,891.9230028558147,1783576
2025-10-23,895.41015625,901.7459650541837,888.7796712128369,895.8522005767054,13382769
2025-10-24,888.4849853515625,897.9149844315482,884.9978533977383,894.8207940870866,5313227
2025-10-27,906.411865234375,911.5689091709564,889.9584393414725,890.8916307113675,9150761
2025-10-28,913.779052734375,919.2798755091706,901.4512742261386,910.6848024520077,22066289
2025-10-29,923.11083984375,925.3701041834124,913.7790463044942,917.3644435934705,12314222
2025-10-30,917.8064575195312,928.1697081157838,916.5294871954993,922.8161933430813,13044473
2025-10-31,920.4095458984375,929.9378103922294,913.7790609093079,918.3467523280527,12078252
2025-11-03,932.8847045898438,936.5192046955284,920.9007047609928,922.1285723673408,11744735
2025-11-04,940.644775390625,942.314687296863,924.8298648800413,934.1616585246089,19154518
2025-11-06,943.739013671875,954.2004693430785,938.3854990793552,952.4814547462262,23088096
2025-11-07,938.92578125,947.7664280534589,927.2856202739019,941.7744580906816,13371323
2025-11-10,934.3090209960938,946.1456524515773,932.2952702055394,939.0731232147145,7343249
2025-11-11,936.4209594726562,938.041768729716,928.3170330963064,936.7156357136287,8648917
2025-11-12,940.2028198242188,944.5248778824666,934.5546287610688,940.7430695871906,7043323
2025-11-13,937.1085815429688,946.8824199346525,935.586037662384,937.3541550706268,8894441
2025-11-14,950.7133178710938,951.8920827784771,935.1439804142634,936.0771717973782,11032927
2025-11-17,956.1159057617188,958.7190090200476,951.3518035204058,953.8075386869531,7415026
2025-11-18,955.2318725585938,959.4066223219879,951.6955779628004,958.3260628811324,6594686
2025-11-19,965.3494873046875,967.0193991973044,951.6464731790688,955.2318704792619,8291226
2025-11-20,964.1707153320312,969.131288306733,962.0096564254319,968.5419358569656,6440857
2025-11-21,955.3792114257812,963.2375641743527,953.8566675716402,962.3535354628224,5377241
2025-11-24,953.4146118164062,960.3889357698928,950.9097738987026,958.2769795122267,9901946
2025-11-25,966.1844482421875,971.4397576251993,954.1513455736803,958.276992765206,9140201
2025-11-26,966.4791870117188,981.3118039098479,964.760172340205,969.1313331127609,13943490
2025-11-27,955.624755859375,971.0467846498851,951.7447422714566,969.2295646138847,11909168
2025-11-28,961.6658935546875,965.5950698307025,955.8212318532206,959.5048346119848,8117842
2025-12-01,955.870361328125,973.6499204475664,952.6779055144807,968.0017293926574,8808306
2025-12-02,950.1730346679688,963.0902255716678,947.8155648906452,958.7190050026365,13444314
2025-12-03,934.2107543945312,955.3300766986022,930.7727251822406,953.2672831530164,14051968
2025-12-04,931.31298828125,935.6842089047472,927.7276508811245,934.2107677926339,13622724
2025-12-05,954.2987060546875,956.0668234213827,929.9378246743456,932.049720989894,17347847
2025-12-08,939.466064453125,955.2809748623741,934.8492703729215,953.6601656790195,15386438
2025-12-09,942.3638305664062,946.9315221602762,933.6214489589805,937.8944043562335,9580294
2025-12-10,942.7567749023438,946.8824221676225,938.3364513940754,943.1005538600858,6989178
2025-12-11,946.1947631835938,949.3872189119578,941.479763637212,945.0651010209991,5979035
2025-12-12,946.0965576171875,949.8783658053579,941.0377191742843,948.8960717352387,5681930
2025-12-15,950.1239624023438,951.6956089709226,940.3010214625418,940.3010214625418,4416952
2025-12-16,944.1319580078125,951.8429423827886,941.0868104547513,948.9451629202439,4764786
2025-12-17,958.5716552734375,961.1747585707222,947.2261706250966,948.4540382267455,8013382
2025-12-18,960.2415771484375,964.072548087051,956.2632980687841,960.5854160531443,4926879
2025-12-19,962.94287109375,964.6127830145067,959.7504153454842,962.5990921488027,5376584
2025-12-22,957.0491333007812,965.595103994373,955.3301186192043,963.7287212154426,5959037
2025-12-23,954.691650390625,960.2415760284049,953.5128854913131,959.0137084154704,5123287
2025-12-24,951.7938842773438,959.9960160658125,950.3695458353262,955.9686342202896,4105643
2025-12-26,949.1907348632812,953.8075289200087,947.6681910665071,951.7938380949545,3286321
2025-12-29,947.962890625,951.7447588085237,944.4266559161334,949.7801706470483,5267233
2025-12-30,956.2141723632812,958.915481049936,942.5111581255383,945.9491873630989,15030644
2025-12-31,964.8092651367188,968.1981917309051,956.2632945810017,957.9823092348453,5807630
