Price,Close,High,Low,Open,Volume
Ticker,SHRIRAMFIN.NS,SHRIRAMFIN.NS,SHRIRAMFIN.NS,SHRIRAMFIN.NS,SHRIRAMFIN.NS
Date,,,,,
2020-01-01,200.68162536621094,206.82969849557733,200.26882595424024,206.34662745240053,2196560
2020-01-02,203.843505859375,204.44075287255893,201.12958198057285,201.12958198057285,3168384
2020-01-03,203.7468719482422,204.99404549407853,202.18351046019873,203.7468719482422,2353761
2020-01-06,196.22872924804688,202.35923982375502,195.36800121680085,202.21871027191187,5609275
2020-01-07,197.484619140625,202.18350637580528,195.49089382807088,197.01035099137334,2259925
2020-01-08,198.54739379882812,199.18855889458615,192.5662030544162,193.22493262142348,2488271
2020-01-09,201.49844360351562,202.7368418072888,197.10696880556938,200.0931623151276,4429857
2020-01-10,198.6439971923828,202.78955610067638,197.86231635840892,201.97274632563213,3238158
2020-01-13,205.18728637695312,205.85479121212435,197.65151027796406,199.54862421574813,4603870
2020-01-14,198.91627502441406,213.14466585426482,195.26257616378786,204.48466630324054,11214451
2020-01-15,193.02291870117188,198.14338153238552,189.72931216147038,198.03798095143054,9560897
2020-01-16,193.0756072998047,195.42066357035472,192.0304456470176,193.75190131464788,3540302
2020-01-17,191.07308959960938,195.32404904464596,190.52854975482518,193.13708679860693,4240326
2020-01-20,188.5523681640625,195.64899110856697,187.48962841833688,192.873585020791,6226911
2020-01-21,191.36294555664062,193.89243570976774,186.69920023594997,188.13082154228042,5697452
2020-01-22,188.84222412109375,192.55741910026526,188.24499086183965,192.55741910026526,2393511
2020-01-23,190.4231719970703,191.2838998583733,188.92127904173046,190.01914789598183,2333040
2020-01-24,190.3968048095703,193.75189365905774,189.89618302987887,190.23871082556687,2219067
2020-01-27,189.7205047607422,192.52227833119284,188.19227213384843,189.18475405827127,2957203
2020-01-28,189.68536376953125,193.2073353789414,185.63643060306526,189.71171734917522,5549276
2020-01-29,194.49844360351562,196.9137576373098,190.55489690912074,190.94134275309452,6731533
2020-01-30,183.3265380859375,194.69167189276334,180.93756381370468,194.45453091256584,9032875
2020-01-31,179.268798828125,185.3114574466687,178.58371577881408,179.76942057053125,10177347
2020-02-03,173.54229736328125,176.53727967558353,169.60752666694265,173.902389566748,6463098
2020-02-04,184.35415649414062,195.85104578473914,181.10446778680875,185.32028499654345,31528888
2020-02-05,199.0128936767578,200.2512782619421,185.3202678123193,185.49592627333323,23348512
2020-02-06,214.08444213867188,216.85107332525138,198.56495941135339,198.9338545731482,31541240
2020-02-07,214.84852600097656,215.88491218056944,209.64901687984369,215.4106302624986,7724083
2020-02-10,212.0028533935547,215.5160360609284,210.53610330924917,213.07436853653985,4832770
2020-02-11,214.09320068359375,221.64654172259674,211.70424020485774,213.3203089869623,11631840
2020-02-12,214.0668487548828,218.88868749194745,213.46960179172098,213.95265907480888,8940845
2020-02-13,221.75193786621094,225.19484900127873,213.08316375315354,216.93887431048498,12410234
2020-02-14,225.96775817871094,227.56624873089615,221.16348365548117,223.13085558474918,8635663
2020-02-17,224.70297241210938,228.3566842008997,223.18352908097495,226.42442774846126,5306659
2020-02-18,223.7895965576172,225.1509462039785,218.75695615896316,224.31657194535188,5270296
2020-02-19,226.78456115722656,229.06813474018028,222.3052500927306,223.095719987519,6498152
2020-02-20,235.6114501953125,238.7908809591901,224.31658691515224,225.01922081235554,17032706
2020-02-24,234.6013641357422,240.12582226189338,230.85981631947482,235.3830310563024,11650874
2020-02-25,232.37930297851562,236.8322604146799,230.11329388887205,235.37428568068037,9680263
2020-02-26,224.3077850341797,231.51859869226234,222.74442332644182,230.97405882837342,9315406
2020-02-27,220.9439239501953,224.30778840622037,218.0016343130412,224.30778840622037,11647620
2020-02-28,210.14085388183594,221.67286924371683,204.97647392872173,213.4256707152971,68263144
2020-03-02,225.47592163085938,238.57128674035113,215.18230278923178,215.18230278923178,13413992
2020-03-03,220.8209228515625,229.19107288089015,219.74940775356612,225.85356255376897,8501584
2020-03-04,204.70420837402344,223.0693523187976,197.91498432849025,223.0693523187976,26657015
2020-03-05,206.33787536621094,210.61517483360478,198.02920653666317,206.7506748247379,18451432
2020-03-06,194.15591430664062,198.31903776758656,175.4218862413437,197.7920623776977,17605691
2020-03-09,173.48960876464844,185.89114156419592,171.6276237732848,183.91498064843591,18188971
2020-03-11,173.5774688720703,178.37295464137034,167.1044316789403,168.6502289368782,14345210
2020-03-12,147.7994842529297,168.28131845147269,145.9023566349364,168.28131845147269,15827157
2020-03-13,145.09432983398438,154.30764262077557,125.92113874494166,134.02780755668974,14103988
2020-03-16,134.1419677734375,149.86344345104172,131.54222058067975,138.4192658315814,15813430
2020-03-17,136.46949768066406,145.68282669208358,134.0278434903921,134.37916044216533,17656438
2020-03-18,120.73045349121094,140.43940083617704,118.93873975815657,140.43940083617704,17477319
2020-03-19,109.37408447265625,128.4418707595424,102.93618359953098,115.93495038926591,18719938
2020-03-20,102.04032135009766,116.76932616236208,100.09050699331766,111.89479370903194,21766088
2020-03-23,79.40664672851562,96.61244558264156,77.28995646611325,91.84330065900194,11334920
2020-03-24,85.17705535888672,91.08798100352628,77.47440932709672,78.69523629056637,18324009
2020-03-25,99.59866333007812,101.88223019091866,79.64380172290305,80.80314618528311,13457734
2020-03-26,114.42427825927734,119.51838697739463,97.66640602001395,103.46315540345866,19072393
2020-03-27,127.38790893554688,143.03034026961805,119.48325172810134,119.6940391024988,20152971
2020-03-30,107.04660034179688,122.23232941191101,101.9173624759507,121.20471851450507,18705667
2020-03-31,116.04914093017578,117.74425690689407,106.2737144638254,112.94875715208171,19371894
2020-04-01,109.19842529296875,117.49831121507206,106.6337995163552,113.31763043197363,14566228
2020-04-03,91.45687103271484,111.49077964160936,90.46439591774165,111.49077964160936,26790698
2020-04-07,94.54845428466797,99.14194104924259,87.84706624466884,94.0829614828501,34760386
2020-04-08,104.59616088867188,106.97633921315466,90.1482078396735,92.22098729752217,26753505
2020-04-09,118.73672485351562,119.57109916932764,106.8094717881099,109.96255584969543,17482271
2020-04-13,113.31763458251953,122.40799074832115,108.94372384034577,115.22353091849756,15848592
2020-04-15,116.41800689697266,124.19092433898449,112.51837826228355,114.35401664909641,16997200
2020-04-16,119.66768646240234,122.94372804336172,112.93116950436686,114.35400836305833,22650772
2020-04-17,140.88729858398438,143.60123593283882,123.83959947468429,127.35276828588479,22884553
2020-04-20,120.3351821899414,144.56733837349867,119.79943155605679,142.28377883742962,38988900
2020-04-21,103.39290618896484,118.51714751593391,101.5836211618101,114.52968916564346,37973339
2020-04-22,106.4581527709961,109.41800695121705,99.42301105522871,105.21976123672306,47074891
2020-04-23,113.05414581298828,115.9349527546032,107.67897778347472,107.67897778347472,25187388
2020-04-24,117.3753433227539,122.7856400149645,101.7504824553901,107.1519969129434,66007078
2020-04-27,112.78185272216797,120.48450450525003,111.89477833200527,117.86717874948134,30305312
2020-04-28,122.13569641113281,123.3126119729803,114.40669140371755,115.75927226601306,24649950
2020-04-29,122.4606704711914,125.84211260904398,119.79065119954265,123.48828127793027,24473248
2020-04-30,137.189697265625,140.44817476210952,124.71790535470639,125.61376212435907,34771661
2020-05-04,131.28753662109375,134.18590770707254,121.23983551825754,129.98765593539642,29957456
2020-05-05,129.91741943359375,138.34026418761098,127.54602326820485,135.0203040542745,26163924
2020-05-06,137.233642578125,139.64895743839674,126.78194046332072,128.9249715627359,25532074
2020-05-07,132.72793579101562,141.75681539524857,130.89230439988583,135.43308402766908,20184197
2020-05-08,130.76058959960938,138.59497683623894,128.81955726249348,136.0479220730082,15570361
2020-05-11,129.31141662597656,134.88858407541665,127.53725347374123,133.4657516624559,13766164
2020-05-12,117.70911407470703,124.60374016496543,113.12441549888813,124.54225763555287,38395737
2020-05-13,117.98137664794922,126.9926929878298,116.5673335777784,123.50586353717854,30865033
2020-05-14,113.86215209960938,126.47446407104297,112.79941244564084,122.09177883035737,51965854
2020-05-15,112.6589126586914,115.91739014855669,110.00645754171066,112.7291774179261,32669666
2020-05-18,101.20594024658203,113.19466765254255,100.75801187303254,112.94874443953272,36118323
2020-05-19,103.12940979003906,109.0842466673102,101.27620686204317,103.28750377824835,46902063
2020-05-20,101.67144775390625,105.73795299918572,100.1256435998544,103.11185132485353,31786880
2020-05-21,101.01271057128906,104.66641582762746,100.1607650563487,102.05787899881159,23458867
2020-05-22,95.05786895751953,102.52338045047729,92.70403751928868,100.65261317924258,44794085
2020-05-26,94.50455474853516,98.15826037057357,93.45059710382337,96.6300276313954,21553675
2020-05-27,97.4907455444336,99.49326005150411,94.27618640268312,95.38283734679072,35686663
2020-05-28,99.6865005493164,102.39164930706633,98.28122587723888,99.2473543634298,35909718
2020-05-29,100.52964782714844,101.40794693506434,96.08547263455046,99.42299686560018,52742343
2020-06-01,101.8734359741211,106.15073479645673,101.09175523009937,102.76051728370454,47660217
2020-06-02,102.9361801147461,104.21848952955477,98.90480431133774,101.87344032020695,43884702
2020-06-03,108.35526275634766,112.59742609144743,104.99139168704342,105.57106733336431,64900364
2020-06-04,107.6789779663086,111.88601245222901,106.49327994334261,108.32891150609133,43446986
2020-06-05,108.0127182006836,109.99766129063457,105.4656639857187,109.50581491590225,34226016
2020-06-08,110.97257232666016,115.05664132389705,109.7868744321566,109.7868744321566,42807428
2020-06-09,108.83833312988281,114.34524176720387,107.67898177131839,111.87723417046777,33829097
2020-06-10,111.54346466064453,112.72038031013163,107.52087133967537,109.36529179796045,29463487
2020-06-11,112.05288696289062,118.74548644914006,108.07421128264653,108.07421128264653,78834902
2020-06-12,120.22102355957031,121.85465678297787,106.44935835408917,108.03029129126956,62866209
2020-06-15,118.18338775634766,124.2875434018936,116.63759053460811,121.20472431658037,58269452
2020-06-16,115.13569641113281,122.7856418644021,112.14949587929698,122.60998341413172,49514874
2020-06-17,113.83583068847656,116.90986066647024,112.5974323355141,114.00270691595576,32228040
2020-06-18,117.09429931640625,117.8320620534545,112.59742375266758,113.81825754172878,20756310
2020-06-19,115.7329330444336,121.58238264551326,115.15325742504123,117.19968312334689,35029627
2020-06-22,118.08678436279297,120.66896806583026,116.90109309782963,118.28879642265697,22841765
2020-06-23,120.1419906616211,120.50209671814173,117.70033652941163,119.97512130301338,17707425
2020-06-24,119.8433609008789,126.22857558758571,119.09682275079813,121.20472430168948,47148729
2020-06-25,121.28376007080078,122.02152279442491,117.34021350884326,118.66643409079194,20789342
2020-06-26,123.82207489013672,128.93374953597424,122.6275806041988,123.31266387297956,46059822
2020-06-29,121.31011962890625,123.26871621588002,120.18589726441613,122.92617466372657,19406481
2020-06-30,121.13446807861328,124.44563908393035,120.24738664093967,123.6990871691381,14633073
2020-07-01,123.19844818115234,124.71790555234253,120.3352056533537,121.6702154519209,19160826
2020-07-02,122.60121154785156,125.33269983961554,121.42429577118178,124.24362016782167,13257540
2020-07-03,122.2586669921875,124.36658215816261,121.03784694754486,123.7868996418659,14183569
2020-07-06,122.53973388671875,125.23609334529381,121.38038253413461,123.92743711387256,13310118
2020-07-07,127.15078735351562,127.99395073404385,122.05667812834098,122.96131028013852,48060904
2020-07-08,133.13198852539062,137.77816972063601,128.23110184877623,128.23110184877623,69896387
2020-07-09,130.05593872070312,138.63739909466645,128.72185059153588,134.85146514436684,30924865
2020-07-10,125.99959564208984,131.39004527860067,125.04409939848709,129.62328227274514,25107850
2020-07-13,124.2418212890625,128.51452612521797,122.95279286354885,127.27958030765294,19801490
2020-07-14,121.68180847167969,125.81028378783604,118.53587053032739,123.31336464100042,22900460
2020-07-15,118.00403594970703,124.03449402407212,117.30093457152323,122.95278689965632,20145055
2020-07-16,121.51054382324219,122.52012255238046,116.19219586486626,119.32912478093779,18430920
2020-07-17,124.07958221435547,125.45874398508823,121.95224547085908,122.41197523075706,15845655
2020-07-20,124.53932189941406,127.45989352690634,122.81761840636663,125.35961167938724,15304000
2020-07-21,122.49309539794922,126.90100741813096,122.06042071468973,126.73875956983872,11892635
2020-07-22,125.31452941894531,126.91002167551498,122.01535216032607,123.83621158377701,22858225
2020-07-23,126.76578521728516,128.63170401453192,124.92689397026794,125.76521567965244,20176900
2020-07-24,127.43282318115234,128.18099804307514,123.49365055396628,125.96352851665789,15248350
2020-07-27,123.07899475097656,128.53254924391,122.48407228706711,128.3612784760881,14390240
2020-07-28,125.35057067871094,125.94550694469633,120.91561749991739,123.9263355667215,17310970
2020-07-29,130.62384033203125,131.52525387858398,124.68352836132375,125.2964829708296,28290470
2020-07-30,123.24124908447266,132.83228772790807,122.59223029432096,131.60636487478573,25095445
2020-07-31,124.62943267822266,125.28747447403978,121.18604006383718,123.49365655495023,18297860
2020-08-03,120.96968841552734,127.00915608799258,120.51898166751533,124.82773707815186,15999280
2020-08-04,118.03109741210938,122.17759166417487,116.4626328173943,121.33027444522743,21306715
2020-08-05,115.79559326171875,120.69927152907557,114.67783548323325,118.69813230318677,24257215
2020-08-06,119.1218032836914,120.0682903268671,115.93080515026266,116.10207593720152,21276985
2020-08-07,122.00631713867188,122.59223038504456,118.80629660934316,119.52743012720957,14479860
2020-08-10,121.57363891601562,123.78211307766027,120.80744566488576,122.23168069898941,13149795
2020-08-11,121.75391387939453,122.95278159094862,119.9781283906735,122.59222173469614,10408940
2020-08-12,119.86096954345703,121.14998441136466,117.18377000528555,120.78942446698665,20110705
2020-08-13,126.612548828125,127.18945292963842,119.77983270910363,120.50095252013637,27781705
2020-08-14,123.73703002929688,131.71453093138305,121.9972948918032,127.64015197815816,60667095
2020-08-17,122.41195678710938,127.8024056982748,121.7899792676521,125.83733085860605,21394200
2020-08-18,124.62943267822266,125.11620369853885,121.34828790095644,123.40350969800895,22155020
2020-08-19,124.20578002929688,127.62214544461544,123.6559171559478,125.83735027967937,19863345
2020-08-20,123.99844360351562,125.56690810513797,122.24068996215892,123.74604891421717,14624945
2020-08-21,123.76408386230469,126.0176177499851,123.32238626870678,125.65704407526866,9103730
2020-08-24,123.36746215820312,124.57535304501896,122.69140197841342,124.39507308130428,11317105
2020-08-25,125.28746032714844,127.42380580153414,124.03449618222722,124.14266139475986,21874405
2020-08-26,130.94834899902344,131.78665699030242,124.96296363482806,126.19789578500516,42148055
2020-08-27,129.87567138671875,134.85147824285733,129.2807351176683,132.50779741267792,34442525
2020-08-28,139.31346130371094,141.28755909957903,130.7049594963326,131.3720104481331,67783000
2020-08-31,126.63961791992188,142.94618874224793,125.83736026281383,140.6565902009631,47226170
2020-09-01,127.33367919921875,129.80355739572235,122.12350973188774,127.82045024196144,33124360
2020-09-02,124.82774353027344,128.5686179848192,123.06998987306716,128.00072305153753,18654170
2020-09-03,125.78325653076172,128.42440571668368,124.9359392409843,126.18890368285035,18043260
2020-09-04,123.93534088134766,125.8463330045423,120.61813221457142,124.21477685168523,19787000
2020-09-07,123.95337677001953,125.06212537964888,121.78098048973831,124.93592802828616,13560900
2020-09-08,119.46434020996094,124.39507357446664,118.62603218584844,124.3590230833726,17598430
2020-09-09,115.1736068725586,118.26545564065911,113.59613315163465,118.26545564065911,28371765
2020-09-10,113.49697875976562,117.8057342529467,111.89245692922348,116.28234321476536,29577885
2020-09-11,116.03895568847656,116.73304793284474,113.0282379077313,114.11894741449922,18580305
2020-09-14,114.74092864990234,117.27390533669478,113.839515123116,117.1837584822246,18452905
2020-09-15,117.607421875,118.08516993544926,114.52458931806235,115.21867469551442,15997600
2020-09-16,118.6891098022461,120.02319788499483,116.39050270560281,117.96797627621396,19950565
2020-09-17,117.96797180175781,119.16685332048678,116.57980116424281,117.96797180175781,13616760
2020-09-18,116.57080078125,119.28405047299601,114.2992349029984,118.25643963000957,14308610
2020-09-21,114.92121887207031,117.69758131040494,113.75839449335395,117.07560372063477,16103830
2020-09-22,115.49812316894531,116.6429084802269,110.52231649558335,114.93022822803225,20122560
2020-09-23,110.53132629394531,117.27390232726773,109.42258465846477,116.31839245963181,17343095
2020-09-24,101.65238952636719,108.16961165453814,100.15604680797686,108.16961165453814,44394795
2020-09-25,106.4208755493164,107.05186912530438,102.9594510123417,103.12170571733985,21093985
2020-09-28,110.90091705322266,112.9651550773186,107.62878807411975,107.98935489914459,18254035
2020-09-29,109.88230895996094,112.88401761834439,108.92680595661633,112.14485881042084,14131620
2020-09-30,111.6581039428711,114.20909917755402,108.9628723553778,110.87387164324663,21418750
2020-10-01,118.75222778320312,119.82489836978954,112.70373672136446,113.03726221559864,31031565
2020-10-05,118.10321044921875,121.87111259061525,116.85925531426984,119.34715182968804,14426150
2020-10-06,117.99503326416016,119.87899811802959,116.47165585295406,119.34715364726885,12240375
2020-10-07,114.26318359375,117.81474830640664,112.91106326792021,117.74263357182488,17276795
2020-10-08,115.20967864990234,117.76068097962991,114.12798499972865,115.38094944745538,16935265
2020-10-09,115.57923889160156,117.18375380487934,113.64119851091918,114.20908653432136,17527430
2020-10-12,119.2840576171875,120.21251248029662,115.68741257408448,116.2823488226241,30896760
2020-10-13,117.4992446899414,120.39277406295363,116.85923511036432,119.51840194600547,14237305
2020-10-14,119.92406463623047,121.14998773704075,115.35390463289905,117.0034932449476,16828665
2020-10-15,113.96570587158203,121.51053912997641,113.28062970524218,120.78940559938299,15350725
2020-10-16,116.66094207763672,117.01249281824713,112.94712258662634,114.84008970004538,13772355
2020-10-19,118.58094024658203,119.8699548578029,116.13810378326028,116.67895734660515,12763000
2020-10-20,118.74320983886719,119.30209562467664,116.64291449746203,117.90490179187303,8548565
2020-10-21,120.05927276611328,123.13309626861485,116.71502244807425,119.5094099511628,31740925
2020-10-22,126.21591186523438,126.86493063285485,118.3105122613553,119.83390315328455,28175610
2020-10-23,128.00973510742188,129.4249610032322,126.07170144910573,126.97311501194662,21913570
2020-10-26,124.39506530761719,127.64015946960738,123.75505565877403,127.45986576268004,10113485
2020-10-27,132.89540100097656,134.99569634828745,123.16915426831955,124.39507731961965,40165905
2020-10-28,128.3973388671875,131.60636866964873,127.45986114127948,131.42608872373663,17774320
2020-10-29,126.03563690185547,127.22549551977166,122.99786418083733,126.19788472292127,14687575
2020-10-30,125.01705932617188,131.60639080190663,120.78942717435265,127.45988257621872,42892115
2020-11-02,135.94215393066406,138.06949012483267,125.09815172712656,125.09815172712656,58773715
2020-11-03,137.5286865234375,139.32249087547163,135.21204685189105,135.9331805193306,16268300
2020-11-04,142.23402404785156,142.96418050547797,135.57257911708967,137.19512609879632,22749125
2020-11-05,147.0025177001953,148.71519787717713,140.5303615091336,143.00023949224007,26335845
2020-11-06,152.59129333496094,155.40369936971706,144.76702987745531,147.11069698825875,34200000
2020-11-09,151.66525268554688,155.92306673898136,149.97665298072945,153.98027042076575,24006055
2020-11-10,155.7415008544922,158.48320875080825,150.88450309687147,152.50956058663664,23825835
2020-11-11,160.3533935546875,161.68793286144725,153.8077953428336,155.74151838990957,31631290
2020-11-12,156.35885620117188,159.35476118539714,152.19183190131938,159.23673636230367,20465145
2020-11-13,159.06422424316406,159.78141883480194,153.87132702281892,155.06060695794525,18289185
2020-11-14,158.3833770751953,160.57128311291524,156.53135695498,160.14459288191856,1279465
2020-11-17,156.3316192626953,159.73605354042246,155.60533717957782,158.56493424406287,15728460
2020-11-18,168.00656127929688,169.04150875493752,154.11646653056704,155.6053385806585,35810375
2020-11-19,165.5553741455078,181.27931446680802,163.65797271688234,166.53585290521198,63358800
2020-11-20,169.56809997558594,172.4913759820221,164.19363350204685,166.69929271355713,43910455
2020-11-23,176.967041015625,177.85674322118425,170.8390588079702,171.12957720636007,33172945
2020-11-24,186.87167358398438,188.74184069534317,176.8490246409236,178.42867336275754,39408005
2020-11-25,193.37185668945312,197.47533846602605,187.56162803891627,187.88845426630132,43692190
2020-11-26,190.9569549560547,192.46398761770357,185.6369592725149,192.34596281508155,25519515
2020-11-27,194.3160400390625,198.25611616335493,191.39277830888634,192.46403373415814,67609335
2020-12-01,185.84580993652344,196.09542098446803,184.96519513222145,196.0772601222934,19857690
2020-12-02,187.1077117919922,189.74046873577123,185.20122307223602,187.68873468281754,18406465
2020-12-03,187.67965698242188,192.26429810902079,186.7082655638373,188.83262931903346,16262005
2020-12-04,182.1326904296875,189.7949394043649,179.07324325409695,189.0141885881613,25299565
2020-12-07,193.08132934570312,197.36637797082696,183.39458164246804,183.56707517843302,34630940
2020-12-08,193.68960571289062,196.14986894890248,189.87662851534367,195.1875511457287,20765030
2020-12-09,192.8816375732422,195.7776647415436,190.4667554962146,194.6428532977538,12326970
2020-12-10,190.6029052734375,192.82713267536093,186.1090552465561,191.01143457539453,13328860
2020-12-11,189.42269897460938,195.20570685004873,187.92475358133626,192.46399883692408,17879175
2020-12-14,194.2797088623047,194.96966919653383,189.99465996983776,192.4640106486383,14980145
2020-12-15,198.3468780517578,200.03547802178744,191.30197364756165,194.64285186418707,18580105
2020-12-16,194.83351135253906,201.17938205163733,193.37187363154558,200.2442985127132,17984290
2020-12-17,191.82852172851562,195.3872886147758,190.9115852520701,194.64284568747064,10168720
2020-12-18,186.6174774169922,192.77269382149723,184.48404013053332,191.9011663559577,17274385
2020-12-21,175.55078125,187.1984872113908,171.4745475356033,187.0350810178212,18966675
2020-12-22,170.3034210205078,177.23938806593662,166.6992587381891,175.92300955122016,22851915
2020-12-23,174.60662841796875,176.1045739721337,168.31522661458294,170.27618410026258,22133360
2020-12-24,180.9525146484375,186.94431123746372,176.14091097284683,176.9125745045024,33020905
2020-12-28,184.48403930664062,186.98062456982413,181.2430110611491,182.4504521416648,21567085
2020-12-29,187.9066162109375,190.5756949713012,185.5643637039383,186.59931119747947,20672180
2020-12-30,188.66015625,191.55619766332947,187.45271504790472,189.3773649371411,20204065
2020-12-31,190.0128173828125,190.82987602306508,187.57977461725616,189.3773257900963,11010990
2021-01-01,194.43405151367188,195.5325550844211,190.0128305696458,190.26702722437346,12981435
2021-01-04,195.5053253173828,197.54798596050657,193.11767755500753,196.82170385019342,11008350
2021-01-05,202.29603576660156,203.24928018238037,192.2552259864708,194.2706522874846,15930660
2021-01-06,217.3754119873047,219.4271461670716,202.7227266338695,202.98599680344822,44538525
2021-01-07,237.27545166015625,239.10932476048936,217.5206720704233,217.88380620636218,45813230
2021-01-08,235.2600555419922,238.46476211734375,229.6858481422599,237.166516702206,31324270
2021-01-11,227.2618865966797,238.69171828607708,225.3281634129328,236.85784521342862,15045560
2021-01-12,229.25006103515625,237.83831970715863,223.36718883101454,226.05442829061138,24395200
2021-01-13,220.9432373046875,232.55463538072783,213.8075426220637,231.31996001557962,26536710
2021-01-14,221.2337646484375,225.87287442338902,215.01499234361174,221.49703481041044,21198275
2021-01-15,218.70994567871094,227.4252893516582,216.28599007032815,221.33362921162075,17385480
2021-01-18,213.12664794921875,220.19880013665895,211.37450585013625,219.69948036529317,14423695
2021-01-19,223.03128051757812,225.7820621056846,213.3445325529221,214.79709661350236,21867515
2021-01-20,226.54464721679688,229.14109606966267,221.61503349466244,223.2763989285671,17042230
2021-01-21,219.05491638183594,231.74665753496257,216.8306887239715,227.99723609423071,16461875
2021-01-22,208.92332458496094,222.28686487815312,207.35273561714584,220.0626234289455,18964880
2021-01-25,218.074462890625,229.64954021522405,215.70497591948225,215.70497591948225,36180365
2021-01-27,208.9959716796875,214.25241248401028,205.53705457070754,214.21610461097166,19598860
2021-01-28,201.74224853515625,209.32279482870285,199.26382411998355,200.45310434496108,24702255
2021-01-29,234.47018432617188,239.4905888960447,212.09170886094176,215.88652541956128,90681265
2021-02-01,241.85098266601562,244.17507402995568,229.91277313605354,232.88142957142463,30395260
2021-02-02,248.14236450195312,259.64482396370806,244.52005571866218,246.9349374759741,30730610
2021-02-03,266.0543212890625,268.0243665170489,246.39030156119455,248.93229629747907,28518195
2021-02-04,257.9471740722656,264.12962434323504,253.28990366872557,263.3125656789233,21005115
2021-02-05,251.37435913085938,267.08922536889617,249.12288331250147,259.45421085407116,16549455
2021-02-08,257.73834228515625,268.54174054518467,255.6230661682382,256.9212836732029,18317310
2021-02-09,256.5762939453125,262.1414130517881,252.38203576934058,259.6448281655806,11093915
2021-02-10,259.2999267578125,264.3657416427619,252.5273783683974,254.3975458118408,19081675
2021-02-11,261.6875305175781,262.9131324721754,255.70480764582624,257.8291714379607,8878860
2021-02-12,261.14276123046875,265.3188722022679,257.8291178971569,258.7551139100435,11134020
2021-02-15,274.7786865234375,278.70057339718903,262.36837771256006,263.276226770389,24556900
2021-02-16,268.3238830566406,275.8045509220475,265.34613905829224,273.80729948598145,11625195
2021-02-17,265.0375061035156,273.93441746465953,262.9403766011694,269.44058040478615,13152705
2021-02-18,261.2245178222656,268.36022688314097,259.3452910495896,265.09196424859346,9516035
2021-02-19,255.0330047607422,262.5499948901855,250.7570151595789,260.1623471052702,10103260
2021-02-22,246.96217346191406,258.71882962247776,244.7561069420434,256.73969765745426,12281580
2021-02-23,250.10333251953125,253.28989163484454,242.61357765936114,248.75064626504445,10273085
2021-02-24,250.19415283203125,255.2872011516553,248.75976331431698,250.20324018956916,5331875
2021-02-25,250.6208038330078,255.06019893836518,249.03206801258287,252.74516726253356,10532480
2021-02-26,232.9450225830078,244.93770274101482,230.59369648288447,244.93770274101482,21843070
2021-03-01,242.14154052734375,244.35669479904647,236.6127422058317,236.9486419780773,9162830
2021-03-02,245.2191162109375,249.84009268229386,241.66036312174913,244.48376062905163,8570450
2021-03-03,247.32534790039062,250.36664822449436,241.72393391947867,247.8428285873866,9383425
2021-03-04,243.18556213378906,249.08658196685437,241.66946947629486,244.56551065695103,8576470
2021-03-05,234.07980346679688,242.52281653416293,230.9568004151119,241.3062743862283,11926800
2021-03-08,229.8401641845703,242.75885351592134,227.8882940825133,237.2754369749351,19094895
2021-03-09,230.63905334472656,236.34941775973036,227.87011097863405,232.40935621725225,10348870
2021-03-10,238.83692932128906,241.45153916525115,234.21598072144388,234.43388334534464,15206235
2021-03-12,240.66175842285156,243.66673727467955,237.95635763822514,243.4851840448292,12544700
2021-03-15,231.7920684814453,243.63948966825689,224.81070579388503,242.931368387982,18506180
2021-03-16,240.20779418945312,241.81467715025386,232.50922371467624,234.04349093658047,12723425
2021-03-17,239.9626922607422,241.29723160991003,234.22507902449973,241.11565069906598,11266530
2021-03-18,240.71620178222656,248.33306961386447,236.5945587946763,242.94044332992542,14562505
2021-03-19,249.46792602539062,250.48471284570783,236.1497641171011,238.35583134747108,14402385
2021-03-22,250.82058715820312,252.37300160258292,244.58366730631235,248.5509640560385,9335185
2021-03-23,255.3416290283203,260.3710927457604,252.65437593077723,254.0161494863625,14529820
2021-03-24,254.52452087402344,259.10008738537357,249.2590079933982,256.558121382041,10501700
2021-03-25,249.1138153076172,255.5776971883263,245.40071539876485,255.45061270692486,10425355
2021-03-26,259.49053955078125,267.18002382467967,250.56639359253614,250.56639359253614,18748345
2021-03-30,257.9380798339844,262.3683878400575,256.21317209859836,262.08695683769554,11173995
2021-03-31,258.2467346191406,262.0597117351075,256.83049230871967,258.3919937926908,8632980
2021-04-01,267.3979187011719,268.5417898859349,258.82781979394304,262.36842623318046,12254460
2021-04-05,258.9112243652344,269.51270595705176,253.5147594445541,267.07882063290515,10865445
2021-04-06,262.38427734375,265.994058852392,257.972315984589,261.0716244644814,9011680
2021-04-07,270.8435974121094,273.9246848406763,257.64418281509944,262.5301472017131,14184300
2021-04-08,272.4114990234375,275.2920416049648,268.5920476114358,271.6275681519739,11186950
2021-04-09,267.9266357421875,272.88551336023573,265.2648592782747,271.4634771648583,10218235
2021-04-12,237.1704864501953,258.13643826014885,235.72110442418585,257.0608004524737,24289800
2021-04-13,252.01068115234375,254.98238522161753,239.0118126194895,239.74105183981396,21252365
2021-04-15,251.70986938476562,253.10455951653563,239.01180479580617,250.67979885122259,17951785
2021-04-16,251.226806640625,254.3169912157237,248.96612004145683,250.73455475639093,12006190
2021-04-19,244.78204345703125,246.73280188645742,234.69103304395003,237.37103084176616,14272335
2021-04-20,245.2195281982422,252.68523007444324,241.1265921348089,251.40901984501147,12498725
2021-04-22,241.79208374023438,242.840375617782,235.4020182613659,240.30623161159352,19593930
2021-04-23,251.70986938476562,253.0225221933365,239.1029388313438,239.74104399226013,17606370
2021-04-26,244.1348114013672,251.50935279549728,241.8559038820923,251.40906639892762,13382655
2021-04-27,241.56419372558594,247.55316928047688,240.48855606774748,246.94240983347322,8343800
2021-04-28,256.1127014160156,257.9358271933878,241.564165501819,242.11110879876898,17059815
2021-04-29,258.20928955078125,261.5273637017459,253.41446028513238,259.0661608146506,14470055
2021-04-30,245.2195281982422,263.44166044615264,243.52400685214323,260.7069719294106,20775365
2021-05-03,236.79672241210938,243.27795013399984,232.5670843449735,243.20500951185983,14320405
2021-05-04,235.40200805664062,245.97614387409692,234.3719374688651,241.5641825202718,13762810
2021-05-05,234.64544677734375,238.82951781610754,231.91986826513045,238.82951781610754,12337230
2021-05-06,239.0847625732422,240.1057087678519,232.0839648227492,236.27716053806546,11816670
2021-05-07,236.5779571533203,241.19958849134554,235.63904832496678,239.74108204822537,6920815
2021-05-10,242.97714233398438,244.48124376062412,236.34096382865147,236.82409117710992,9092755
2021-05-11,244.7546844482422,245.84857126040595,239.26708477813736,241.38188995965157,7293410
2021-05-12,245.01904296875,247.2159132841231,242.22966222743406,245.21046342233527,7632385
2021-05-14,241.83766174316406,250.13289091460342,241.38188022625746,245.39277982999243,9702620
2021-05-17,253.2413330078125,254.8730386843362,240.69821632421497,242.38461355917434,9550025
2021-05-18,264.3897399902344,267.0879586777442,256.1492026909424,256.1492026909424,15594255
2021-05-19,257.3068542480469,266.1399011283278,256.1491793596206,262.16550016810464,6901040
2021-05-20,258.14556884765625,260.45182248809186,254.50844080687227,257.97236962488563,6123645
2021-05-21,269.5947265625,271.2811234842794,258.8929870626429,261.25393162565723,11258915
2021-05-24,266.02142333984375,270.3695967402758,263.8154564144454,269.09341407863684,6487950
2021-05-25,261.490966796875,269.2028103362989,260.19656282639187,267.0879773544793,5680010
2021-05-26,261.2084045410156,265.4016005150681,260.4335981331998,262.16556252154555,6131915
2021-05-27,262.79449462890625,264.29856795547045,257.97231876106406,261.6914834132244,8648350
2021-05-28,265.2739562988281,276.09420460753785,263.62402950199356,263.8883627413044,17020950
2021-05-31,260.6705017089844,267.27023558151654,258.70152263806517,267.27023558151654,7634365
2021-06-01,257.29779052734375,261.6550607111637,253.1137195452429,261.6185904006186,9322935
2021-06-02,260.7161560058594,261.8829555934121,253.4145270965269,255.23765319074653,6900620
2021-06-03,258.4645690917969,263.6240187761377,257.0607543462039,261.6185691395763,5219995
2021-06-04,259.4673156738281,261.6185910837728,256.65056141480807,259.8136862594747,6313570
2021-06-07,271.18084716796875,276.1033092453633,257.3797988722549,259.3396536081916,23267725
2021-06-08,271.4816589355469,278.865323700475,268.2820643797168,274.56274586802164,20367070
2021-06-09,261.99237060546875,271.4634973523208,259.62230083068954,270.71603670489725,16223270
2021-06-10,267.9995422363281,268.8928840585136,261.2813268700349,262.53016382334187,9991650
2021-06-11,268.9748840332031,272.37499600366766,266.1763791241444,268.36412462170006,8790865
2021-06-14,269.2757568359375,270.5337184707873,260.16924960260417,267.99957395228574,8612805
2021-06-15,264.4718017578125,268.9111095216357,262.9859494813285,268.9111095216357,11778790
2021-06-16,262.49462890625,268.01418238993483,261.1216053736494,266.64115885733423,9827690
2021-06-17,258.3846740722656,263.07125574764825,255.01619698486314,256.66381375272323,12356210
2021-06-18,252.63632202148438,260.68224749005856,246.04579809940407,260.68224749005856,14779290
2021-06-21,253.1671905517578,254.44870137979984,245.01145630341873,248.05955589848938,7416025
2021-06-22,251.1168670654297,256.6547458440013,249.1580345303105,254.46704810117234,7917570
2021-06-23,250.2197723388672,253.7347368436933,249.18545150345278,251.7026610835123,4924915
2021-06-24,249.68890380859375,251.90406072140672,247.7666652855178,250.98871170415487,4667625
2021-06-25,250.45779418945312,252.27019530397777,248.178584070369,249.68890436535528,6516880
2021-06-28,251.27243041992188,254.28390812765508,249.43257022900357,252.9932907867586,4102820
2021-06-29,248.58128356933594,255.56539947409948,246.81466706645995,251.24495196425926,5875000
2021-06-30,245.79869079589844,251.31824470864476,244.75520735580935,249.89030235847818,6968565
2021-07-01,248.1693878173828,249.93600447962362,243.4828059468306,247.08928282604475,5444075
2021-07-02,249.37767028808594,251.281583813904,246.41194862766878,248.88337403327205,4228550
2021-07-05,251.63858032226562,252.2701733252899,249.4325860258556,249.89026049562784,2911235
2021-07-06,258.7966003417969,262.6685082478792,251.81248387897585,251.81248387897585,12255020
2021-07-07,264.4168701171875,265.4512189917018,258.54034498130176,259.9499623764012,7910955
2021-07-08,262.0735168457031,264.92026618460744,260.3618190320586,264.5998885126855,6176635
2021-07-09,266.4947204589844,267.28190718816074,259.59298119836194,261.6250570895591,5637260
2021-07-12,265.8905944824219,268.6823978312408,264.90200189357336,267.9958860634097,4330990
2021-07-13,262.1192626953125,268.19719199048876,260.5174023335946,268.19719199048876,5529040
2021-07-14,260.1238708496094,263.04383638013496,259.0437657390832,262.70516172126105,6477460
2021-07-15,266.8974609375,268.19726886607174,259.27261572121097,260.8744765420834,7322970
2021-07-16,265.3321838378906,269.2041197800945,264.35275380084,267.2818814839458,3058730
2021-07-19,254.43955993652344,263.62050919133856,252.9841583941377,260.87446222059543,8523350
2021-07-20,255.54714965820312,258.11014384483167,247.32733279102376,255.9316085631804,6350305
2021-07-22,255.43728637695312,256.7645535833529,250.80562273204177,256.0963387657352,8748020
2021-07-23,253.66146850585938,257.5700259680791,250.62250362367755,255.74846276372028,5276030
2021-07-26,250.8788299560547,257.2130570323992,242.7047704705934,253.51503942287476,4858020
2021-07-27,250.01844787597656,258.49456091250954,247.59275059507783,252.47157657621565,8150250
2021-07-28,251.34564208984375,252.27015338466035,247.16249106256595,251.8124789510649,6667670
2021-07-29,250.98867797851562,253.27705021415406,247.87646939066224,249.70716717917298,3888435
2021-07-30,254.48532104492188,258.14671707544125,248.99322699914288,252.2701920896292,7132000
2021-08-02,251.8765869140625,261.7898039109566,244.52633584470115,255.56544212452937,16937480
2021-08-03,245.01145935058594,254.10086748292665,244.03202929540186,252.1969260733882,10852865
2021-08-04,241.92669677734375,248.73689465020445,240.7550513333156,247.14419654475876,12098915
2021-08-05,243.83982849121094,244.90160872719386,239.85805483645586,242.05488680431705,7443930
2021-08-06,240.91070556640625,246.06412490634727,240.26995009265477,244.03204900879513,6201995
2021-08-09,238.49417114257812,241.72535200017109,237.07539136409306,241.65213637112188,5444400
2021-08-10,233.5055389404297,240.21503491860094,232.5627305738548,240.21503491860094,6656495
2021-08-11,237.07542419433594,237.61547682784376,227.7022440937792,233.7801617460998,7777460
2021-08-12,239.7116241455078,241.5606192508808,235.65663438124758,238.26535694021436,4144010
2021-08-13,237.0845489501953,240.70016067135208,235.84882223669248,240.00451443977306,4393670
2021-08-16,237.37747192382812,238.90611722549272,234.66804638530954,236.34315089638565,4215450
2021-08-17,234.39340209960938,237.4415016789994,231.5832742415535,237.37742055108058,5186305
2021-08-18,236.8648223876953,238.87860112090723,233.67941215888425,235.79387982875676,4998005
2021-08-20,229.66104125976562,235.42775628707938,228.8372328085015,234.32932639590555,4362450
2021-08-23,228.050048828125,233.48722411158195,222.61287354466802,233.48722411158195,5190075
2021-08-24,234.2469940185547,234.6955061433575,225.41386672956068,227.00657920862272,4803725
2021-08-25,232.01353454589844,237.1211701679251,230.5581328475025,234.51244761346734,5152555
2021-08-26,231.6656494140625,237.4689580795671,230.10955907973468,233.59703614895565,6567660
2021-08-27,234.5856170654297,236.34309926015553,230.23770975167795,232.48947421127826,3930010
2021-08-30,244.3889923095703,245.17620688433774,234.91515360252555,236.89228263176122,7071320
2021-08-31,247.63848876953125,248.4256753818563,241.74363986773884,244.39814597878973,7881915
2021-09-01,243.4645233154297,248.10532125310814,242.1464185951917,247.5835935826151,6179385
2021-09-02,245.87185668945312,246.96112412435727,242.86037889575982,243.84894342501622,3818570
2021-09-03,247.15333557128906,254.21066691616312,244.05028976671267,246.96109221286576,8012625
2021-09-06,246.49427795410156,252.08704552717808,245.32263264653986,248.24259745591036,3295350
2021-09-07,246.19223022460938,250.6133810171064,242.75053738521353,246.68652644798232,6181705
2021-09-08,249.8994140625,252.89259493234775,245.01145425076865,246.02747812920282,8546425
2021-09-09,246.8421630859375,249.5241287992281,244.48054715704455,249.5241287992281,3792220
2021-09-13,245.62474060058594,246.8421703805128,239.9587282105697,246.41195524489137,3625345
2021-09-14,247.65682983398438,250.9887136915974,246.08242839447496,246.7781025920503,3353550
2021-09-15,250.2197723388672,252.51730711271236,245.67964942696318,247.87648129180494,5161840
2021-09-16,257.4693908691406,258.4762804547977,249.5424643991312,250.21981378664714,10142820
2021-09-17,249.1213836669922,261.03921742202806,248.16941289887706,259.95911232152804,9870725
2021-09-20,241.67042541503906,251.08937415398051,239.95872730769864,247.1442223212941,4788450
2021-09-21,242.338623046875,244.5629141859225,235.38196576916462,243.4828091802408,4585140
2021-09-22,246.5034637451172,247.8581902621907,242.93360838809696,242.93360838809696,3449740
2021-09-23,253.20382690429688,253.55166398140219,246.51262818703538,247.14422120930897,5925930
2021-09-24,248.18771362304688,257.5425525441553,247.33641791785354,255.3823425532116,5655830
2021-09-27,242.41188049316406,249.4234576802881,240.55372300934795,248.88340508426865,5489955
2021-09-28,240.40724182128906,246.34784707819057,236.63598099337278,244.39814950591366,4231635
2021-09-29,238.05479431152344,240.04108577454775,235.42774744700202,237.99071318452744,4532205
2021-09-30,237.7801971435547,242.9336164281968,236.70925446812151,238.35687147689606,7981880
2021-10-01,236.9929962158203,237.9083451512176,233.10276324038182,236.86483395643302,4632325
2021-10-04,247.28150939941406,247.87648062078915,237.2675898078378,238.24701987327998,6773440
2021-10-05,244.4439239501953,248.51723791850108,242.4393075311417,245.31351661936756,4110305
2021-10-06,238.57656860351562,246.13733208948057,237.70697590958227,245.90849484731217,3570155
2021-10-07,245.8993682861328,246.48517711918183,240.88324571964682,242.23797229331416,3739840
2021-10-08,243.65673828125,247.7666461117039,242.28371486162578,245.8993543736627,2327330
2021-10-11,244.37991333007812,245.66139648614487,242.73226818578857,244.5629663899518,2474965
2021-10-12,242.50340270996094,245.67053034751464,241.65213484823457,244.76431584655433,2928570
2021-10-13,250.1465606689453,251.68434020521897,242.75968791666304,244.947385321982,7442435
2021-10-14,253.2861785888672,256.1329281070292,248.38905653606056,252.35253279560524,8878410
2021-10-18,255.4189910888672,259.35498058908865,252.68207860172578,256.97506761801395,5899405
2021-10-19,261.3229064941406,266.91570189946583,253.31360490725643,256.334272551989,14910045
2021-10-20,263.38250732421875,269.9638687440976,257.54257634553494,263.21775121156077,10061990
2021-10-21,272.92962646484375,274.60470286123393,263.83105507530274,265.73496872407725,11697925
2021-10-22,278.009765625,285.369178512571,271.9227011012979,274.4215856898256,19446090
2021-10-25,277.6986083984375,281.9732729594583,270.67786866279835,281.9732729594583,8858895
2021-10-26,279.3462219238281,290.7148696417234,273.9822897927102,274.62301737989617,9988515
2021-10-27,279.7947082519531,285.2227204800767,277.7168483881412,281.744377928157,4678970
2021-10-28,272.5360412597656,279.72153752324385,269.0302663799396,279.72153752324385,5604320
2021-10-29,262.9247741699219,274.6046335213147,260.87440184524894,274.6046335213147,6972315
2021-11-01,261.9179992675781,266.3665823897777,254.3480444949466,266.3665823897777,8517215
2021-11-02,288.5545959472656,297.43349199405986,262.20171961696764,263.62049932505846,16632400
2021-11-03,293.3968200683594,300.9209901251313,285.36005679546673,289.06720915031036,15816895
2021-11-04,296.0513000488281,297.6623231172244,294.37622378484593,294.74235777287254,1071505
2021-11-08,304.7562561035156,305.72652367445056,296.7652503834861,297.52500559147506,8351745
2021-11-09,297.2785949707031,312.05929273628146,290.8402105772425,308.4353998464319,12628955
2021-11-10,300.0653991699219,302.2360683858947,294.2340676691507,297.2785005051049,6427920
2021-11-11,301.00360107421875,302.2360881215064,294.54680496267764,300.06541876379174,5065025
2021-11-12,298.44671630859375,303.33986705755217,297.26020619639405,302.9535797171984,5511415
2021-11-15,297.3797302246094,299.10890049618837,290.21472160448633,298.0051664299097,3522305
2021-11-16,301.4911193847656,305.91520648435664,295.81613172054665,297.600486009639,5549900
2021-11-17,300.00115966796875,303.5054783939558,296.266870551885,299.4768844395755,3780655
2021-11-18,294.58367919921875,302.4936999584455,291.60363596377016,300.23107557853564,4825755
2021-11-22,287.2714538574219,296.1288342636402,284.7880942740853,296.05526509035656,5279665
2021-11-23,292.1094055175781,294.9055108705966,283.97865170034675,284.39255893857,3311240
2021-11-24,291.9162902832031,294.50083893273893,288.8074665660504,292.26580699494775,2310765
2021-11-25,288.98223876953125,292.4865565887916,281.4585347108495,292.4865565887916,4290100
2021-11-26,266.1259765625,286.41607978898685,263.87255920603974,283.65677260784224,6705735
2021-11-29,258.1332092285156,265.81328733096944,255.42908565166002,263.70700809449295,4893890
2021-11-30,258.767822265625,266.0799974720535,256.68913522161347,258.0872021478332,8840830
2021-12-01,265.5833435058594,266.53991128641354,257.4893861695221,263.0539783296131,5539860
2021-12-02,266.5398864746094,268.56336158576784,262.3549203674616,264.89349198106663,3870920
2021-12-03,266.208740234375,272.049279114501,264.68192029567706,266.1259643910214,3863635
2021-12-06,266.7606506347656,271.33190452184795,265.2430371216045,266.73305868249463,2886375
2021-12-07,269.2256164550781,271.5710445978482,265.2246150919864,269.124455323105,3802710
2021-12-08,274.5234680175781,275.3512545443549,269.3267785265156,270.412099263159,4314475
2021-12-09,274.836181640625,277.6782645753596,273.50250531932113,275.93070903198173,2145005
2021-12-10,276.73089599609375,279.0671171277496,271.43301754607813,275.93070145293984,2745385
2021-12-13,271.45147705078125,281.77128816277167,259.20935176007356,279.60982502000866,9169260
2021-12-14,254.61048889160156,269.24401863474753,252.02593996721762,268.7565421347174,9079580
2021-12-15,249.78170776367188,255.8153909721229,248.33766350227208,254.96001242331644,4271675
2021-12-16,244.9897003173828,254.36215031605101,243.9227927911647,252.2742844248992,6199315
2021-12-17,234.30197143554688,245.357599279509,232.8395279886049,243.73879677915804,5310545
2021-12-20,220.8549346923828,232.40723144795257,213.16566505065063,229.94225718749223,8903280
2021-12-21,215.91580200195312,225.34343552919495,214.49936372526307,225.34343552919495,6125145
2021-12-22,215.67666625976562,219.27295285700848,212.87136763349045,217.44262128813486,4092265
2021-12-23,222.63929748535156,224.40525240486969,216.81715762349413,217.4334012125008,6141175
2021-12-24,216.61480712890625,224.42365153177812,214.4533582500547,224.42365153177812,5577935
2021-12-27,224.18453979492188,225.8953109914936,215.43752611352747,216.61482951390335,8997655
2021-12-28,222.91525268554688,229.362829401508,221.64596676219017,225.34344269029648,4005800
2021-12-29,222.8876495361328,225.33423873072374,221.15847912272824,223.7338354310049,5363660
2021-12-30,220.41348266601562,223.50390762918443,218.0036919390165,222.95204051503998,4008980
2021-12-31,223.8717803955078,226.53911905218192,221.09408797883037,221.6091563995504,5290815
2022-01-03,230.08023071289062,231.45069170027935,223.97296455746564,224.75477389256866,2860025
2022-01-04,230.4849090576172,234.76184330452602,226.49311498815112,231.22991969793677,6387390
2022-01-05,229.90548706054688,234.86304187591256,229.02250256220796,230.48493204159936,4206620
2022-01-06,223.74301147460938,229.75830885171007,222.4001565364243,229.75830885171007,4892065
2022-01-07,223.5958709716797,226.51153729734048,221.46199995030884,223.72463808265465,4311580
2022-01-10,224.95712280273438,228.6545984263227,222.2529994676278,224.44205436453547,4850740
2022-01-11,225.08587646484375,226.5942971014059,222.2162016037161,224.8835261569887,3000215
2022-01-12,229.06849670410156,229.7583235277229,225.15947803691404,225.54577937399446,6283615
2022-01-13,229.47320556640625,231.22995394050727,226.99902435826215,230.6413022579965,3167295
2022-01-14,228.15789794921875,232.66477451054357,226.09762435278344,228.19469656890442,4270915
2022-01-17,227.92799377441406,230.843660333611,227.5324997713711,228.47065421166243,2446195
2022-01-18,221.4619903564453,233.06947125647957,218.21520673827823,227.18295496039926,7134135
2022-01-19,219.87998962402344,221.94027737448218,215.40071878502087,221.66434384908544,5312500
2022-01-20,224.59841918945312,227.04500836826801,220.20192400609605,220.37668238094895,6465015
2022-01-21,220.46864318847656,225.12267243538162,217.98526950733083,223.31993291822013,5834040
2022-01-24,212.39308166503906,221.29645396742941,209.8729092456435,219.84321708627982,9353860
2022-01-25,214.61891174316406,221.25964556115804,202.93784734378727,209.70734827038933,10473610
2022-01-27,228.30508422851562,229.50997948870045,215.24436598111478,217.05631220789368,14742195
2022-01-28,228.6270294189453,239.11239234749758,227.3761427858405,229.94229259600385,9290465
2022-01-31,225.96885681152344,233.9892441689821,225.3434205848573,231.59785302432905,4867125
2022-02-01,235.50689697265625,237.30045817488545,227.1002209185318,229.6847701748287,5528990
2022-02-02,236.159912109375,239.94014946129678,233.80529153390506,237.4843817972762,4547020
2022-02-03,232.37045288085938,236.7485485186683,230.86203219602083,236.7485485186683,2367305
2022-02-04,226.85182189941406,233.17983700728462,226.08841195771544,231.78178422040511,2633985
2022-02-07,224.20291137695312,230.12622664268872,222.7680738225576,227.18296832154883,2030295
2022-02-08,228.14871215820312,229.08688050448316,221.96786311429054,225.4537815850878,3807905
2022-02-09,229.0500946044922,230.67808981810032,226.8150624597537,228.10273356768175,2220130
2022-02-10,232.81195068359375,234.54112108698135,226.64950050508364,229.02250647317004,3166790
2022-02-11,227.28414916992188,232.5176377396905,225.93208743263475,230.49414847044764,2919870
2022-02-14,213.5427703857422,221.84828346287864,212.20910812179542,221.84828346287864,6578230
2022-02-15,222.21621704101562,224.58920893514596,210.28681085943165,215.40991737623338,4886570
2022-02-16,224.53399658203125,234.43071968649346,223.70621012242535,225.1686394171908,9347585
2022-02-17,234.9918212890625,235.89319111143726,226.1528393427572,226.63110918794035,11096160
2022-02-18,231.4322967529297,237.65915153229517,230.01585851228901,233.4374006915187,6084335
2022-02-21,224.46043395996094,230.411340867329,222.60251057413487,228.83854364296326,4546015
2022-02-22,221.5171661376953,223.68782157382506,216.39406002365774,220.74456353362237,4408165
2022-02-23,216.16412353515625,224.75476299349396,215.51108134207874,224.05574357610314,4670295
2022-02-24,196.57305908203125,212.36549331946614,194.99105505972503,209.70736110196844,7525505
2022-02-25,207.40794372558594,213.27607540497988,202.76310670220224,205.2188886532977,9287685
2022-02-28,206.80087280273438,207.49990627289,198.854068658025,204.00478102579828,6854355
2022-03-02,201.53060913085938,211.05022498015563,196.09477035274455,202.9010701495679,8430100
2022-03-03,203.3517608642578,208.97155101115257,201.24549565635238,205.47642538509967,5518095
2022-03-04,200.35330200195312,205.38444003303377,198.8540738983603,202.1652482269817,5340955
2022-03-07,187.87200927734375,194.96343438177144,186.9522402852269,194.07125733665322,4901560
2022-03-08,191.60630798339844,193.11472876439672,184.32172427221738,186.8970805905118,12217785
2022-03-09,195.3313446044922,197.26286518323968,191.53270805031255,195.21178417397508,6415045
2022-03-10,198.578125,202.34918358055305,194.08966174407857,201.9812815878675,8349665
2022-03-11,202.94036865234375,203.61004788386063,196.531921883454,196.86676149921243,5890485
2022-03-14,206.98634338378906,207.60021841192514,200.4569918048751,203.68446949823127,6630425
2022-03-15,202.79153442382812,211.5066456378665,200.90341549690547,207.41417433245334,7772955
2022-03-16,206.3910675048828,210.20451797697194,203.73095666544566,206.2422609331932,7527250
2022-03-17,210.1208038330078,212.8832270713012,208.46521192355416,209.27440173538582,5977670
2022-03-21,202.0939483642578,212.32514057935393,201.7963210616472,210.30680709090976,6308350
2022-03-22,204.2797088623047,205.5539528064833,198.29910457484775,201.2754485643494,8069535
2022-03-23,203.91696166992188,206.4840556306872,202.41017647805054,205.1819096054426,4335075
2022-03-24,203.21009826660156,204.9215086688576,202.13118320784807,203.49842962679986,3329035
2022-03-25,205.1819305419922,206.93052478398434,202.0288634519675,204.59595767467644,3234280
2022-03-28,207.5164794921875,208.44658786440073,201.60098967721825,206.20502328120824,7168470
2022-03-29,208.9767608642578,209.6464400872671,204.43784125448548,207.5164979698686,6632010
2022-03-30,209.17208862304688,211.84149533134573,208.15827381933465,209.64643882301428,2494090
2022-03-31,211.106689453125,212.88319977511762,208.15824774091925,209.64641255815908,4371685
2022-04-01,219.7567138671875,223.03999535728684,209.81385288070948,211.13460509496426,4473460
2022-04-04,219.31956481933594,221.3658004726342,217.6453668512454,220.24967322468314,2766255
2022-04-05,217.73838806152344,220.8914550559139,216.8175756111458,220.24967797161995,7478890
2022-04-06,217.0966033935547,219.50558072501377,214.8643347351918,215.5991283132884,5148520
2022-04-07,218.4080352783203,220.42636856276874,215.41308545176426,215.97114190987847,10215730
2022-04-08,224.5653839111328,225.7373154357036,217.05010601664307,221.24488996968955,12013760
2022-04-11,227.61610412597656,230.294820569339,222.86325014915505,226.0163167158936,5541150
2022-04-12,219.67298889160156,227.86725558558246,217.66396559054687,227.86725558558246,5301495
2022-04-13,220.2403564453125,222.6958419940155,219.21724574554398,221.73783150065626,2337810
2022-04-18,216.5757293701172,218.53825850552607,208.54888997578243,216.15716926958655,7199895
2022-04-19,208.08384704589844,221.17977468505862,204.99588042478945,219.366066190047,7289265
2022-04-20,207.274658203125,210.9020752089499,203.144974724292,206.94911459312615,3195385
2022-04-21,214.08306884765625,214.65973156831473,207.99085541655313,209.08839081172647,3891400
2022-04-22,206.1120147705078,212.0647024970016,204.70754208754803,212.0647024970016,4432385
2022-04-25,203.9913787841797,205.36793522669834,200.22443696848433,203.69373728724176,5391300
2022-04-26,215.27359008789062,215.97117140003047,205.1819222876644,206.102720536599,7799210
2022-04-27,212.2972412109375,217.03148953649261,210.94858687632154,212.43675179329068,5002305
2022-04-28,212.39956665039062,216.34323159581146,211.2462270607593,213.55290624002194,12255960
2022-04-29,223.6073760986328,230.4808769834474,218.41736923926203,222.18431130406825,30651345
2022-05-02,228.85317993164062,230.10881778517597,220.42639990424541,221.31000006613954,9994595
2022-05-04,213.72032165527344,233.9129826469833,210.40913779524814,229.17871978054328,9729470
2022-05-05,216.073486328125,222.286617998268,213.58080255697632,217.62676569757866,5106630
2022-05-06,220.21243286132812,221.92384289511318,210.76254345413165,210.76254345413165,9524820
2022-05-09,215.22708129882812,219.1335479910579,211.24621842273532,219.1335479910579,7602625
2022-05-10,215.8502655029297,219.12423688737914,212.99482587215152,215.22708037903325,4513380
2022-05-11,208.3442840576172,216.59434112138948,204.1029919743596,214.85504293441772,8918120
2022-05-12,198.0665740966797,208.34427439996486,194.78329269353074,208.34427439996486,9397425
2022-05-13,197.48060607910156,203.67511672811028,194.8762999345558,201.27543555014267,8482405
2022-05-16,202.865966796875,204.15881705242955,195.65762587588944,197.1830032579274,6833390
2022-05-17,206.25152587890625,208.493090400592,201.2754405471743,204.0657655872497,4101275
2022-05-18,204.1959991455078,209.6092370381323,202.24277995151576,208.34428900150147,4296340
2022-05-19,200.62437438964844,202.1311596134935,197.9270657691222,198.85717414755575,8110880
2022-05-20,203.87974548339844,206.2980328466287,201.57308077185664,204.06576431310992,3296315
2022-05-23,211.4415283203125,213.5342720624001,204.62383255967677,204.62383255967677,6070490
2022-05-24,209.78594970703125,212.97621466487215,205.19121200052078,210.92068307553495,8069565
2022-05-25,207.82342529296875,213.24595902352485,205.13541255716137,211.32062780350984,5017540
2022-05-26,213.30177307128906,214.11096288325342,205.10751987721218,208.53031216939453,3514895
2022-05-27,212.52049255371094,216.06420360589962,210.42774846534792,216.06420360589962,2271910
2022-05-30,217.99880981445312,220.43568926392717,212.41815945334105,215.22707658329145,4176795
2022-05-31,218.7987060546875,222.4261231531655,212.99482450479476,217.99881225959646,13941420
2022-06-01,220.42642211914062,223.22604364056065,216.90130289894552,218.61269916069736,5176220
2022-06-02,221.9052734375,222.48193612906468,218.6219917779223,220.5287169194124,2790370
2022-06-03,219.22653198242188,222.84465284219274,217.33841319550677,222.38890884058856,5396720
2022-06-06,220.5845184326172,222.2401103008871,214.76203058385988,218.76149966711293,2524525
2022-06-07,219.37538146972656,220.11947107458604,212.5390786265526,217.93371052137294,4116090
2022-06-08,218.6219940185547,222.69585937891264,216.19441039627728,219.50559420761962,3753885
2022-06-09,217.23611450195312,218.13832078064104,214.85503928112522,217.27332678546296,4476645
2022-06-10,216.77108764648438,217.19894380684755,214.41791424531078,215.41313716597648,2121945
2022-06-13,210.9299774169922,215.76653815764462,207.50718538870288,212.9948191573095,4399480
2022-06-14,211.96240234375,213.66450241590186,208.53030008288044,209.06976465703195,3860780
2022-06-15,213.92494201660156,214.48301275966324,210.50214975665364,213.01343971577413,3345520
2022-06-16,212.57627868652344,218.57547505707106,209.023257769023,215.41311215870846,6698850
2022-06-17,213.7482147216797,214.7620294980272,206.95842038569478,211.4136476858804,6730740
2022-06-20,211.860107421875,216.12930191841963,207.68391525748638,213.92494937294802,4386785
2022-06-21,218.38014221191406,220.1194545485597,209.9812646021981,213.3668585674144,4280930
2022-06-22,217.94302368164062,223.04001412757296,216.72456966338402,217.1803279232966,4890975
2022-06-23,222.81678771972656,226.4256132045143,215.80377594578255,216.01769692475142,3954310
2022-06-24,231.65281677246094,233.5967400980146,223.78410694490725,225.16995950308544,4996020
2022-06-27,232.98289489746094,236.06155191527856,231.671438440875,236.06155191527856,4127285
2022-06-28,232.72242736816406,235.02909221005257,230.53666696664033,231.22495228702664,3527135
2022-06-29,227.70916748046875,234.3501415356438,226.57443398655312,230.66690566825167,2727410
2022-06-30,238.35887145996094,241.30732760207823,228.64855160361472,229.736776737714,9956150
2022-07-01,235.4476318359375,237.14043587893573,230.387840040492,235.54064834971905,5358285
2022-07-04,235.28952026367188,239.80055162654273,232.52709721339056,232.71311605269574,2008615
2022-07-05,237.6240997314453,243.77211707341436,234.58265535810904,236.0336222504031,6272225
2022-07-06,238.86114501953125,241.1399220400785,236.2661487294416,236.83351544271738,3157810
2022-07-07,243.3628387451172,245.83693030783073,234.01526138718202,238.1077323601921,4945940
2022-07-08,238.1914520263672,246.20898173383003,236.43354775292056,245.51140044766348,3652815
2022-07-11,233.67112731933594,238.10774832247762,230.68548732908965,237.29855856308282,3691540
2022-07-12,229.97862243652344,233.92228758294567,229.494976235346,232.34110597254076,3442455
2022-07-13,236.04290771484375,237.15903495211415,230.73199671883697,231.42957801617194,3151325
2022-07-14,240.88880920410156,241.72592962393685,236.2568725042979,236.9916662215187,3203265
2022-07-15,244.55340576171875,245.17659090690137,237.34506533860696,241.82819483987933,2703045
2022-07-18,259.89093017578125,263.9554997888781,246.10671536076327,247.78089931087135,5420345
2022-07-19,258.85845947265625,260.24431186776616,252.49652159634186,257.1191613536419,4993150
2022-07-20,261.9278259277344,266.2435427430342,260.7186963014542,262.29058184641275,4629925
2022-07-21,271.94512939453125,273.16356926603027,259.57466923990825,260.98845233452744,4855305
2022-07-22,278.3070068359375,279.0138982274697,270.9405366060701,272.8937697142257,4810415
2022-07-25,278.3814697265625,280.7067410352864,274.00997669695727,274.00997669695727,4721665
2022-07-26,275.00518798828125,280.68813720160335,274.1401655257116,278.2884698018298,4102640
2022-07-27,269.8802490234375,274.19593711585753,266.9411031574271,271.77767805281735,6702695
2022-07-28,271.7684020996094,280.1858725844502,268.4293160250007,274.9400754582525,8557735
2022-07-29,256.6634521484375,275.31211623552775,254.94274574503368,275.31211623552775,9296570
2022-08-01,255.7519073486328,260.05831377317344,253.1941092539809,256.70991786324345,4709025
2022-08-02,256.5425109863281,261.05354249620825,253.5754628584202,256.15185296103016,4861880
2022-08-03,253.03599548339844,259.7700000431967,250.7758387352879,257.6400437196156,3733035
2022-08-04,252.97088623046875,256.151840979819,248.06919692456162,256.151840979819,4646770
2022-08-05,253.4452362060547,256.48670892871587,251.88266086091414,254.7845946117913,3153135
2022-08-08,258.98870849609375,261.17444063945163,252.24542225338888,254.84971455188096,4775785
2022-08-10,259.76068115234375,262.2161810317756,257.6772473525761,259.5002519273728,4003980
2022-08-11,261.5557556152344,265.1366783638102,258.7933327388649,261.4813594380582,5658525
2022-08-12,254.46841430664062,261.55583745971626,253.4639094848434,261.54655567507336,5225265
2022-08-16,253.86378479003906,258.01206023808527,251.65012229291474,253.91958902234845,6555990
2022-08-17,252.1616668701172,254.6636606592064,251.3152932308929,253.73355228808492,6599875
2022-08-18,250.84095764160156,253.96610850228578,246.86009449211582,251.17578306896425,4383855
2022-08-19,250.5432891845703,253.9009951884239,249.26904524853865,251.13857217099232,3815695
2022-08-22,244.21856689453125,253.89168847834978,242.75828990919695,253.89168847834978,4246725
2022-08-23,248.63656616210938,252.3569994907012,241.49334098352992,242.84198103435224,4383165
2022-08-24,249.83636474609375,251.0734246206246,246.86934552658025,250.3851535950263,2029850
2022-08-25,246.42295837402344,253.6777936178999,245.54865407736912,250.94327224490186,3292195
2022-08-26,248.03199768066406,250.65488156540857,246.3205733968397,248.33892093639417,2107620
2022-08-29,246.4601593017578,247.74368518215167,241.82820877671136,242.2467689534576,2128080
2022-08-30,251.99429321289062,252.81279324781886,247.49257140544472,247.78090277438636,5142225
2022-09-01,247.26930236816406,252.61742520425432,246.10666696901401,249.64106722856886,2217970
2022-09-02,243.42796325683594,249.26904267365325,243.05592558649278,249.26904267365325,2321585
2022-09-05,245.69741821289062,248.89699311742714,243.69769099371868,245.7160101608908,2988435
2022-09-06,257.59356689453125,258.8585008616452,245.0742857333396,248.11575877086304,8058715
2022-09-07,254.21725463867188,258.7282864094049,253.17553769051455,255.9658631093608,3464835
2022-09-08,253.2592010498047,257.8074159503281,252.24538639257003,255.59375361898964,3184610
2022-09-09,246.3113250732422,255.7798222254899,245.5486293364703,254.84040361349872,3022760
2022-09-12,247.1298065185547,248.2180174215773,243.68839417820658,247.641354770792,4745365
2022-09-13,247.8924560546875,251.12924318532902,246.2275826201497,248.33891826104758,3598305
2022-09-14,248.2738800048828,251.95713047142044,244.6371519988086,246.17185388553014,3689160
2022-09-15,246.65545654296875,255.59378492050485,244.24647911815734,249.52017801487358,4760095
2022-09-16,238.86114501953125,248.89702298500075,235.8755048896608,247.37163152633994,5117185
2022-09-19,239.39129638671875,243.37215906785812,238.12633424574622,239.40988833560996,1969205
2022-09-20,241.1027069091797,245.2696028689823,239.96797349602156,240.9352942051047,3808500
2022-09-21,236.7683868408203,243.67908528894907,234.945382364503,241.78168463151184,3779985
2022-09-22,233.86648559570312,237.36368847764226,230.89943718347905,234.9454148714809,4041540
2022-09-23,223.81198120117188,233.81064616020024,222.5842313427229,233.4572004387084,5578410
2022-09-26,218.56617736816406,223.63526529445934,213.59938774092652,221.57971949201465,3960710
2022-09-27,216.72454833984375,221.2076775401468,213.18083768567303,219.52418364447638,3060765
2022-09-28,218.55685424804688,222.0168584159697,214.85502702042106,215.7386271069314,7037355
2022-09-29,224.94671630859375,225.5791831916643,220.80772268344418,221.36579338571732,8863220
2022-09-30,222.77027893066406,227.45803365955132,221.17980136332426,223.22603719918425,3689185
2022-10-03,217.58026123046875,226.3883893199233,215.34800664448952,223.2260262910646,3393565
2022-10-04,223.19810485839844,223.9235882456774,218.64987553399865,219.52417966541873,2886230
2022-10-06,222.80747985839844,226.57442188254865,221.73784663595512,225.23506345686604,4285510
2022-10-07,223.05857849121094,225.0210933723006,217.7569498470084,222.6679205174123,5047815
2022-10-10,219.0870361328125,221.86805116158894,216.52923803661443,220.24036146400834,3026365
2022-10-11,218.36154174804688,222.15638552685436,217.6360583689556,218.57546269513094,2086380
2022-10-12,225.45826721191406,226.54650651337343,217.952299912828,219.45907095742146,2322665
2022-10-13,221.17977905273438,225.2536441699014,218.58476868435037,225.2536441699014,2016655
2022-10-14,220.23106384277344,226.1651599231335,219.57069483239567,223.22601399931716,3429520
2022-10-17,221.81222534179688,222.73303767605324,218.01738174167036,219.54275879926104,1567175
2022-10-18,227.7184600830078,228.96480203578813,223.52367596178647,225.04905329607868,4394830
2022-10-19,225.93263244628906,229.55075351609997,224.1840241313489,227.87655557544747,1833905
2022-10-20,226.16517639160156,228.51834965847374,222.29592179437734,225.60710563903564,3339120
2022-10-21,222.7981719970703,229.31824131842683,220.1380612608406,227.87657038162834,5002910
2022-10-24,223.03997802734375,226.01632181358406,221.75642400389492,226.01632181358406,395760
2022-10-25,226.40699768066406,230.66689609386407,220.47290121541386,223.22602847793297,4718435
2022-10-27,231.950439453125,233.2153874563773,225.28156386726369,227.87656008235268,4543535
2022-10-28,237.12184143066406,238.82392733971534,231.42027230902127,233.11307643549503,2765695
2022-10-31,228.6485595703125,236.98232324726953,227.87656786182364,236.98232324726953,3104155
2022-11-01,224.65838623046875,229.9786076397539,223.78409621890145,229.08571148554478,6675575
2022-11-02,224.677001953125,227.46732739058027,223.22603499642094,224.71421423999539,2733960
2022-11-03,230.71339416503906,231.29005683825915,222.45402693460082,223.59805630617,3636250
2022-11-04,234.3036346435547,235.18723487632667,230.7413174006426,231.59701551391973,3337760
2022-11-07,239.8098602294922,240.7120666029702,233.77346519380453,235.19653005252155,2258285
2022-11-09,237.2334747314453,241.64217999396135,235.13143460417092,235.13143460417092,1989790
2022-11-10,231.6248779296875,239.9679508444324,230.1925173359376,236.2103194091667,3089160
2022-11-11,237.50318908691406,239.4098999809093,232.89914108578543,232.89914108578543,2488040
2022-11-14,235.4569091796875,239.1308482984454,233.53159238923223,238.08911735736365,1655990
2022-11-15,233.02935791015625,236.26614543867743,231.79232619757758,236.23824332139088,1474635
2022-11-16,229.48565673828125,233.42002574900997,227.9323773106135,232.89915308899958,2486780
2022-11-17,237.29855346679688,243.6511811576901,229.1786971615518,229.1786971615518,10895855
2022-11-18,232.75962829589844,238.93556172826462,231.03892207012646,237.27065973600688,5665580
2022-11-21,241.85606384277344,242.75827004307058,231.22493262216952,232.98283676858145,11427320
2022-11-22,250.47816467285156,252.05005003863,240.15398480390738,242.74896663622698,9851655
2022-11-23,248.19947814941406,253.53829227033995,246.52526568878622,251.12931447468654,6956495
2022-11-24,244.004638671875,249.44577858741454,242.75829679944655,249.44577858741454,3504165
2022-11-25,238.13568115234375,245.92068485494272,237.21486861637834,244.61853861529127,4325525
2022-11-28,235.2709197998047,240.86086624247804,231.96903210122497,236.99162603764043,22810780
2022-11-29,236.30335998535156,238.29380577257953,232.8061571827463,233.03868430454443,8742450
2022-11-30,251.12928771972656,255.77983008490668,236.619589863433,236.70331041217625,11378515
2022-12-01,239.38198852539062,250.46889287211204,237.54967388671398,250.46889287211204,8011285
2022-12-02,240.03306579589844,241.49334270006727,235.87548038625874,239.34476632365198,5168550
2022-12-05,240.87017822265625,241.82818875811947,237.92173623972317,241.08411337734165,4417660
2022-12-06,246.76702880859375,249.0829893737942,240.005151740698,240.89804775378153,10171880
2022-12-07,248.3761749267578,254.245157128865,246.85078340425778,247.0368164529825,6943485
2022-12-08,248.93421936035156,252.0593698788647,246.47871962324407,248.32034442607468,2846375
2022-12-09,250.02243041992188,251.89195733980435,244.8882424000411,250.83162016594412,3202765
2022-12-12,253.64987182617188,255.95655104042885,247.08330832669932,249.2690688988258,5938835
2022-12-13,254.0777130126953,255.02641332075595,249.26904030561147,253.17550676874032,1977965
2022-12-14,256.440185546875,256.70992493744785,252.1337790036619,254.0963225376616,4138030
2022-12-15,259.16546630859375,261.21168813763313,254.85905907566584,255.8542536760619,3778060
2022-12-16,254.9334716796875,261.1744926561529,248.9156676919334,256.1519117175082,9071230
2022-12-19,255.2682647705078,257.98416543540867,253.36152549703198,255.584498224111,3297195
2022-12-20,258.43060302734375,260.2442972250322,251.57570923355433,254.83108836159624,2851545
2022-12-21,254.7380828857422,264.0577584603469,253.03596868680893,257.9748418213516,4286630
2022-12-22,249.15744018554688,258.0120618445194,247.10190859027128,255.77980738427857,1549960
2022-12-23,242.10720825195312,246.84148504679166,240.07957872642703,246.84148504679166,1564975
2022-12-26,251.3432159423828,254.2916438250334,240.90739802787417,242.11652765554953,1606850
2022-12-27,256.5052795410156,258.5701212127047,247.3251146711596,253.36150877753232,2420365
2022-12-28,258.3097229003906,259.8722983024081,251.59433867720608,253.64987042812163,2201075
2022-12-29,244.10696411132812,250.9432382325892,232.77823627185504,250.9432382325892,19945730
2022-12-30,256.13330078125,257.60285982246165,246.50667147122562,247.4088779132883,7329350
2023-01-02,257.7887878417969,258.5700753106784,253.3614638001522,256.8958919323107,2184945
2023-01-03,253.81146240234375,258.9454460248801,251.1692603164483,257.4127748351078,2678225
2023-01-04,249.8058319091797,254.4226116134311,247.8312252724176,253.50114955946302,2709675
2023-01-05,248.21676635742188,251.99670662652684,246.59006086868158,251.23507708495538,2309935
2023-01-06,243.46826171875,249.3168421378956,242.02962520013838,249.157009577635,1599915
2023-01-09,247.97230529785156,249.11945573681567,244.38040472885203,244.4744390983266,2348255
2023-01-10,250.8495635986328,251.5453662382969,247.9722899810512,248.73391954480758,2849300
2023-01-11,250.96238708496094,252.7207177300662,248.06631814512727,250.86835272364476,1445245
2023-01-12,246.8533477783203,252.41985499777672,245.4523304499285,252.27878910423308,2259350
2023-01-13,241.31504821777344,246.91914556529693,238.38134571097567,246.35496814347448,4597480
2023-01-16,239.34043884277344,244.76589413907763,238.6446362494435,242.405766635935,2549280
2023-01-17,239.1429901123047,240.83550813577634,237.4974892681906,240.29014042001165,3167635
2023-01-18,241.46546936035156,242.92293009502683,236.22808301944286,240.33714320910101,2375830
2023-01-19,243.49649047851562,243.97604559180422,239.2652172013777,241.46546897519738,2489795
2023-01-20,240.20550537109375,243.34604331030272,238.15567411033214,243.34604331030272,1984570
2023-01-23,241.5783233642578,243.90083123604325,239.75415164226,241.10818030272438,1269830
2023-01-24,237.94883728027344,243.12041168028694,237.51631363785398,242.19892082053667,1061495
2023-01-25,235.86135864257812,238.95490790378003,231.3103774244862,238.55998946891688,2130930
2023-01-27,233.38841247558594,241.46545205102072,231.3197716370325,236.01180430611242,2410525
2023-01-30,233.91497802734375,237.87357448912354,230.82142871159786,233.00289935897356,5905675
2023-01-31,241.95443725585938,243.60932135512272,231.9497789184566,234.62020246935035,6053500
2023-02-01,243.9760284423828,257.0554111576655,240.3747310620627,249.73998665953673,7936630
2023-02-02,237.7983856201172,244.39921342494597,235.63573873473288,243.13920460482515,2552580
2023-02-03,240.5345916748047,241.50308523709,235.07153157658527,239.05834991727014,2600590
2023-02-06,243.28024291992188,244.02304830867806,236.95210687816146,236.95210687816146,2088355
2023-02-07,242.83828735351562,245.03855329334326,240.52517732995528,243.32722577505953,1940780
2023-02-08,245.9130096435547,246.50539444662004,242.60321307603058,244.0606449762287,1715770
2023-02-09,247.30465698242188,247.75597594662503,244.20169562725232,246.0728844838598,1437655
2023-02-10,240.449951171875,248.23551856074272,238.40012011087276,248.23551856074272,3358630
2023-02-13,236.21868896484375,241.5971269182962,235.63571614008856,240.44997666159023,1789390
2023-02-14,238.87026977539062,239.67891637919644,235.05271058101454,237.32820117599667,1050085
2023-02-15,239.34043884277344,240.31834450831664,236.38794080039435,237.9864387904982,1236070
2023-02-16,236.70765686035156,241.14579459404112,234.3851487621672,241.08937971677818,3304915
2023-02-17,232.08143615722656,237.19658079929067,231.4044289763774,235.0527295091444,2077315
2023-02-20,232.66441345214844,236.72644226763532,232.10023600806184,236.72644226763532,2309105
2023-02-21,228.48013305664062,235.569884199966,227.7372989754886,234.50735627641765,2163550
2023-02-22,227.18252563476562,229.67427806553914,224.74718807448096,227.7372909914092,3253235
2023-02-23,225.72511291503906,228.53657394321937,224.747221536506,227.53987282251373,1641205
2023-02-24,229.1383514404297,229.8059466225197,225.83793762296705,226.19525097810933,2464105
2023-02-27,226.2140350341797,229.54264156487693,224.1642038448359,229.1383254227068,1437525
2023-02-28,226.29864501953125,228.04757767029975,223.7880829534909,226.6089411419803,13260610
2023-03-01,229.7401123046875,231.5830650883462,226.60895776407438,226.98506647774374,2913235
2023-03-02,227.47401428222656,230.35128748665602,224.35227185404983,229.99398852081427,2720640
2023-03-03,228.84683227539062,231.1223228825259,227.6150597979555,228.61176075381516,1836725
2023-03-06,234.47914123535156,234.89286941685916,229.4298094465594,229.4298094465594,3145920
2023-03-08,238.91729736328125,243.51531027488727,229.63667792775107,234.13124444437506,51702925
2023-03-09,242.6690216064453,247.23882692773438,239.7729530736635,240.70384146838938,8022010
2023-03-10,238.76686096191406,241.65354639914682,236.66062911741534,241.64413435493708,1446625
2023-03-13,236.58543395996094,241.4373003113244,235.39126635453067,238.97375482319134,3683830
2023-03-14,233.00291442871094,236.57600472327655,229.99400157188714,235.26900752854863,3141790
2023-03-15,231.2257843017578,235.83318097092797,230.44534502926192,235.2596058115095,1987050
2023-03-16,235.109130859375,237.1119448498201,231.06591209495156,231.6864900186773,3988570
2023-03-17,234.31930541992188,238.44716103939828,232.58918234949795,236.2939120715246,4182610
2023-03-20,229.37339782714844,239.75415025268566,226.33627768458075,239.75415025268566,3402415
2023-03-21,237.046142578125,242.33995815867172,229.072505748843,231.9497790530939,5079360
2023-03-22,234.34751892089844,237.85479667710112,233.5106648006856,237.31882667153474,1814750
2023-03-23,237.0555419921875,237.73254916840264,232.06262482832173,233.56707406064473,2141185
2023-03-24,231.91217041015625,236.82046515404497,230.37010173165356,235.88017902452802,4290270
2023-03-27,227.43641662597656,231.87456836417851,226.73120201945244,231.68649965766977,1948390
2023-03-28,230.5393524169922,232.11904061693195,226.07299318421096,227.74671573862892,2605125
2023-03-29,235.41000366210938,236.95207212904415,229.7118727946263,230.53931471869143,1649135
2023-03-31,236.8392791748047,241.07056683411085,235.63571405507895,235.63571405507895,4489935
2023-04-03,241.92623901367188,242.78190287993644,238.08045763761714,238.08045763761714,2297460
2023-04-05,242.41517639160156,243.3836700036836,239.66954248333096,240.9013294241339,1710530
2023-04-06,245.19839477539062,245.7907796067532,240.74144786552654,241.84159522309338,1428390
2023-04-10,245.36770629882812,245.7908178905225,241.66297621016793,245.19843296689154,630385
2023-04-11,243.5905303955078,246.35497400245356,240.14907960532523,245.36768501222565,2316150
2023-04-12,246.16690063476562,246.7310780593314,242.32113375527183,244.286328349717,2680600
2023-04-13,243.8350067138672,246.1575146084486,242.96993084624242,246.1575146084486,774615
2023-04-17,248.4894561767578,249.55198431268107,243.70340223750895,244.4744439090078,2927410
2023-04-18,251.8462371826172,252.93697255229569,248.04747312894452,249.59896822162239,2602290
2023-04-19,256.9895935058594,257.61959782320974,251.5359455655405,253.37889829985275,2649705
2023-04-20,251.8744354248047,258.30598896688855,251.21625236566223,257.6478059077461,1972785
2023-04-21,255.5415802001953,256.0869622867889,252.19416349339286,254.89278040129597,1533610
2023-04-24,261.88848876953125,265.499184150398,255.04320672961094,255.9459020962697,3484290
2023-04-25,269.43896484375,276.31245379542594,262.3586118065888,263.2236876264147,11463135
2023-04-26,264.4366760253906,270.7741952957233,259.895077993571,270.7741952957233,4680385
2023-04-27,264.3238220214844,265.5367991720743,259.8950823538493,263.28011818383544,5355815
2023-04-28,250.60507202148438,256.69813703300014,246.16691993303024,253.87727838428583,15378245
2023-05-02,249.23223876953125,254.49784682490636,248.54581956586136,253.67039044110032,4445290
2023-05-03,248.05691528320312,251.1880845898687,247.53035727464987,248.80913281106223,2404405
2023-05-04,249.68360900878906,250.30420135273562,247.48334271402828,249.36391513983318,2605540
2023-05-05,248.019287109375,253.3789300671997,247.53034860292146,249.74002696957757,1867575
2023-05-08,253.4823455810547,254.8175646342028,248.01928495960996,249.92806483101523,3146345
2023-05-09,253.54812622070312,263.2800925226443,253.06859985066592,255.51332061074535,4717955
2023-05-10,254.45083618164062,255.94591649953676,250.21016490952732,255.94591649953676,2721495
2023-05-11,256.56646728515625,257.6196118860782,252.00610237529236,254.0841267496953,1675840
2023-05-12,253.83023071289062,258.5128368776166,252.1847301251489,256.6886796447284,1868500
2023-05-15,252.1094970703125,257.1870361208052,251.2538333012368,254.44141685950527,3314115
2023-05-16,249.8528594970703,255.81427078318282,249.17585226010044,253.87728343481933,5037130
2023-05-17,252.7864990234375,253.99006402336428,249.1945994144244,249.92802138789148,1876620
2023-05-18,253.1438446044922,255.19366157445978,250.01270427478985,254.3379977137287,3189190
2023-05-19,251.86500549316406,255.17483072671178,250.6802645927489,255.17483072671178,3457825
2023-05-22,248.10385131835938,251.60171640212994,245.60271579876817,251.2444318245109,3724060
2023-05-23,256.3784484863281,259.58482799370796,248.30139316456265,248.9784004021217,3621815
2023-05-24,257.57257080078125,261.39954220846425,255.04319883415087,256.26558801127163,4991420
2023-05-25,258.64453125,261.02345418201935,255.44756391734367,257.5725912110567,2376370
2023-05-26,260.19598388671875,260.6755390044306,256.6981182701721,258.6445174823788,2622815
2023-05-29,264.9350891113281,267.6807091627659,260.1960379092734,261.0234944821216,5878845
2023-05-30,266.4394836425781,267.26694008914944,264.3520758277153,265.4427825670056,3948785
2023-05-31,263.23309326171875,267.0224449254392,261.66280291986294,266.5993047214846,6080605
2023-06-01,265.20770263671875,266.75919777264204,263.23312463691934,263.23312463691934,2902875
2023-06-02,265.79071044921875,267.83111541598237,264.06997064896353,266.1668191868692,3680045
2023-06-05,263.4587707519531,268.3858608475013,262.83817846816,267.2293272826981,2510040
2023-06-06,264.9537658691406,266.9941989451417,260.6002374604244,264.6810749171775,1777200
2023-06-07,264.8504333496094,268.1696425726396,261.39957028149047,263.28014272955875,3799040
2023-06-08,265.3393249511719,272.49488807744234,263.28009618893105,265.7248456783075,4030580
2023-06-09,266.51470947265625,270.5767525400314,264.97262640818275,265.16069511686453,2435880
2023-06-12,273.1249084472656,274.7986165809407,266.477078740123,267.98154226028436,2951100
2023-06-13,271.4418029785156,274.75162864127014,269.8621291096136,274.20624659672245,3300860
2023-06-14,264.7469482421875,272.6829651085533,263.7032444598043,272.6829651085533,3617290
2023-06-15,265.9505310058594,267.0412663824013,264.0323392267507,265.91291152521836,2747890
2023-06-16,267.3430480957031,269.15524338800867,265.1684428518316,268.2968228361186,6897545
2023-06-19,280.3811340332031,286.3040664388267,277.1287589953781,280.9820167176809,15970295
2023-06-20,297.5109558105469,300.0003230857092,277.7487414922387,280.4097812396479,13814600
2023-06-21,330.8357849121094,342.1284724807738,319.5144852702337,327.25913022624854,67327115
2023-06-22,327.8600769042969,336.68249351917615,322.70015191022645,336.68249351917615,20695285
2023-06-23,319.8292541503906,325.91434133273253,313.1909904546057,322.9576339708772,26775580
2023-06-26,324.9224548339844,326.8490693383137,313.26732629844213,318.3127737370585,9027690
2023-06-27,323.54901123046875,329.7294528351513,316.6532094733944,325.04641543113604,9250910
2023-06-28,324.4741516113281,327.78375085229675,322.2136812129035,326.1909343599391,9058510
2023-06-30,330.9979553222656,337.05443003640653,323.86371062049886,324.4932053683217,13348225
2023-07-03,335.33758544921875,339.14313653172286,332.50487391446086,334.3361338296826,7848930
2023-07-04,339.1050720214844,342.0617794741898,331.9136024843921,338.0177548696227,8948575
2023-07-05,343.7880859375,348.7000195879426,337.4263961834679,339.16227304071714,13158105
2023-07-06,337.89373779296875,343.66409194110884,337.1116646942264,343.66409194110884,4616375
2023-07-07,327.8314208984375,339.3530057592412,326.57243138616553,338.5899976888963,6705130
2023-07-10,328.7089538574219,330.08236276105265,325.01782101232004,329.80578903206464,6425075
2023-07-11,335.86224365234375,339.0764597995375,329.2716568486288,329.9869878881608,6085610
2023-07-12,344.40802001953125,346.7829095016522,335.67144103499817,335.74773019732584,6537300
2023-07-13,341.2605895996094,348.9289466427447,340.1160773781935,346.6971172487439,6218315
2023-07-14,340.2877502441406,345.523964247475,338.1417570812141,343.3589060682491,4492200
2023-07-17,337.5408020019531,341.84233446756537,334.81302080407437,340.7073404427448,4223875
2023-07-18,340.33538818359375,343.58776316250106,337.6362187895683,339.314871451428,7805875
2023-07-19,340.640625,342.34788984647304,338.1703520436396,340.30679803683915,5968125
2023-07-20,340.0874328613281,343.072752163496,339.16227028947634,340.49754897387777,2878425
2023-07-21,349.3676452636719,356.35882980028885,338.59000328086887,339.2481101228394,15551270
2023-07-24,342.65313720703125,352.50561788976154,339.54382210612226,351.14172693830506,30150490
2023-07-25,347.84161376953125,349.26272863182425,342.59585338648424,349.253181571468,7020285
2023-07-26,347.0118408203125,350.1116086357452,345.0184551641385,348.31853662614765,3995010
2023-07-27,345.5811767578125,352.72496910546613,340.7932382074656,350.607588091788,11626560
2023-07-28,346.7638854980469,350.6648206500903,341.4513532674213,348.32806091932906,5905730
2023-07-31,361.12774658203125,362.05290927515364,346.80203087807587,349.3581693882951,7778860
2023-08-01,353.6024169921875,362.62514645877604,351.94285835642006,361.12771321941005,5345210
2023-08-02,349.6824645996094,355.9964492091217,343.6736658092353,354.80423069201146,7630985
2023-08-03,346.8782958984375,350.7220064751683,341.73743669536157,348.8907463870609,3816705
2023-08-04,350.41680908203125,351.69486365118166,343.74993343114494,348.1277556879276,5455600
2023-08-07,353.812255859375,354.80418970094235,349.68242420026564,351.16076334792865,4926185
2023-08-08,355.07122802734375,357.6178191677321,350.989073660997,353.83133261640705,9859755
2023-08-09,352.6867980957031,357.8371755184261,350.98908033877495,357.28399901405555,6340300
2023-08-10,353.0301513671875,357.4556504627513,350.98905971168665,353.7836123590632,5397960
2023-08-11,344.8753662109375,352.9061614314927,344.1409702216736,352.89661437095293,5133290
2023-08-14,345.94354248046875,347.04037733959336,338.5041129859046,344.87531969221214,4598320
2023-08-16,342.5959167480469,346.5349821871312,335.74779162386557,345.99135267722016,9040420
2023-08-17,351.8283996582031,356.7117212383743,345.63841145680163,345.63841145680163,6805160
2023-08-18,347.2598876953125,353.2782047751408,344.8945155476081,353.2782047751408,4286650
2023-08-21,351.6090393066406,353.85041568559666,346.15344682775134,347.1739927481326,6865250
2023-08-22,351.9524230957031,353.6501409540312,349.21509427254045,353.6501409540312,4892080
2023-08-23,353.3162841796875,354.1079043332866,347.39335174464935,352.70585443150645,2475480
2023-08-24,357.7608642578125,368.49082868705773,353.8503825111093,353.8503825111093,8085270
2023-08-25,355.5958251953125,358.5620797863799,350.41683531818074,355.7579797089162,4806385
2023-08-28,355.1570739746094,356.89295088294745,352.16223660622325,356.70218430363144,4670145
2023-08-29,357.1409606933594,358.23779581578646,352.2862216845327,356.13947975879074,2919905
2023-08-30,359.4013671875,366.2494621238491,356.2920525438056,357.09321974937444,3644915
2023-08-31,367.8327941894531,369.8738571332391,360.3552032232714,361.4806505056813,12639870
2023-09-01,364.7330017089844,369.2920438005681,363.7410678297454,368.1570495317502,3756035
2023-09-04,361.2707214355469,371.01829846172166,360.3837180932584,365.6771551817689,7899565
2023-09-05,365.0095520019531,368.1474494870657,358.6574096567817,363.15922694464086,6793595
2023-09-06,361.0228271484375,367.58480243555584,359.00082922768763,366.2304585181767,6908360
2023-09-07,361.2326354980469,362.58700843507336,356.8357479205777,361.48062624450546,6035475
2023-09-08,372.70654296875,373.8701493105103,362.9685110677651,364.3419490156427,7287555
2023-09-11,373.34552001953125,376.1305254641488,369.71164123628336,376.1305254641488,6565460
2023-09-12,364.5612487792969,375.7585524380449,360.7842806866563,375.7585524380449,6903070
2023-09-13,364.40869140625,366.24946951477153,358.0851607520562,362.8254219774996,6517920
2023-09-14,365.37200927734375,367.72783401515096,363.50261896406715,366.2494948324134,5225585
2023-09-15,366.6786804199219,368.85328548483574,363.5789127686648,367.76596839893244,6773145
2023-09-18,364.81884765625,367.126995394861,362.71101357527806,365.51511371326603,3166810
2023-09-20,365.848876953125,371.01834849757927,361.0895506400739,362.4343764243705,4028295
2023-09-21,362.4915771484375,367.0124595006032,360.71757033927065,365.23845269143635,2504980
2023-09-22,360.7080078125,368.0997607475343,358.8100057279025,362.49156160552843,2804785
2023-09-25,371.123291015625,373.75571872505157,354.9282138647522,360.7080867083134,10327105
2023-09-26,359.4967346191406,370.65587996197223,356.9024665458951,370.4460483859417,5973300
2023-09-27,360.98468017578125,364.990516687359,358.66698539716253,362.05290324553533,3216495
2023-09-28,356.9883117675781,364.7997282579519,354.1078937779094,364.2083635419445,21636670
2023-09-29,366.12548828125,368.33825256395033,355.872410288473,357.2267831652499,6908925
2023-10-03,366.62152099609375,370.0455691440969,358.81010280726207,369.6831300514735,11039535
2023-10-04,353.0110778808594,366.239927959522,351.2752009875559,364.1511590937444,6700835
2023-10-05,350.51220703125,357.274466253665,347.7462661848993,353.27814787760076,7397385
2023-10-06,352.6772155761719,355.3764139344307,350.0352704709885,353.07781370635837,6311950
2023-10-09,347.3456726074219,351.151253555518,344.0551672680107,350.99864610658403,5354120
2023-10-10,361.07049560546875,361.81443870810125,346.2583756606611,350.9890900285063,8377560
2023-10-11,362.16729736328125,366.3448348270615,359.6779304867323,363.779178788473,4561415
2023-10-12,358.2568664550781,364.06535118192267,357.66553076797834,364.06535118192267,3313985
2023-10-13,358.8005065917969,359.90688873622406,356.78802683993985,357.63690029394195,2983920
2023-10-16,356.244384765625,359.57304903532724,353.9648493428723,358.8004938845189,2463960
2023-10-17,360.2311706542969,361.0800150061485,357.0932437249662,358.32362124432706,3378270
2023-10-18,355.98687744140625,360.68900906780476,353.3830910091537,360.2216396488426,2524565
2023-10-19,358.39984130859375,360.52676896908696,347.8320324220334,350.41675322423754,3099700
2023-10-20,357.98974609375,359.7160757488715,355.94868363537734,357.9515869607562,2206225
2023-10-23,358.61932373046875,365.4865139127471,355.9487659411921,357.6273897914959,10365280
2023-10-25,346.4395751953125,359.92593355612473,341.8328273546046,357.0073854674928,6849205
2023-10-26,342.90106201171875,346.95460439624077,335.8908414087071,346.43958702669994,4792965
2023-10-27,369.1489562988281,387.1752917342038,353.08739435442027,353.08739435442027,25056665
2023-10-30,360.94647216796875,369.14893978149115,355.8056129571658,369.1107806464817,10187990
2023-10-31,358.5906677246094,363.76013929898295,356.8452728666548,362.8158825727776,8455335
2023-11-01,362.8636169433594,363.76968549587485,357.8849115612648,359.38231580438725,3794295
2023-11-02,372.89727783203125,374.8334392163796,362.96848018591527,365.00957191784215,4288760
2023-11-03,384.0946350097656,386.84151104403855,372.3632168125295,374.35660261771733,9322270
2023-11-06,383.6996154785156,387.72641271963664,381.8692691319535,387.0617035065788,5634155
2023-11-07,382.8711853027344,386.37773982695023,376.52275612215425,385.3180856557422,8807090
2023-11-08,381.41650390625,383.9212023541645,379.7980942256545,382.87116169000774,3525375
2023-11-09,374.4322814941406,379.55727510716247,373.77721508014986,379.55727510716247,4975345
2023-11-10,376.1277770996094,378.77697129220275,371.25326213715,373.77721699135947,2430100
2023-11-13,379.1334228515625,380.13530821053473,371.8890911302343,377.12968153252524,2779500
2023-11-15,392.2252197265625,393.2752603984015,380.53986076360735,382.4954464916936,6346865
2023-11-16,392.2252197265625,395.16343443848126,388.32369111106425,392.42751358839087,3184495
2023-11-17,384.3354187011719,388.9883831094287,381.69586757694793,388.9883831094287,5468870
2023-11-20,383.2083435058594,387.22546864506023,381.0600773410139,384.3739806792334,2862980
2023-11-21,385.3083801269531,389.1521100797929,381.5224484140882,385.33727924694057,5089455
2023-11-22,380.9251708984375,387.26395604950267,376.33000514195675,386.29097003585946,2639075
2023-11-23,380.4917297363281,385.1254089662456,379.5572854970922,381.0986407596028,1529325
2023-11-24,375.2221984863281,381.48392965490615,373.98912029370274,380.49168727645684,2379295
2023-11-28,378.728759765625,379.5572208061658,372.727121045923,376.0506374466362,3604165
2023-11-29,380.3953552246094,381.75367277354576,377.63056472243045,378.7287901700868,3299720
2023-11-30,386.72454833984375,389.1907049101342,379.8077502934653,380.14489693948593,11002290
2023-12-01,385.9635009765625,391.0981374113568,384.7593218087841,388.0346832653603,3034950
2023-12-04,403.53485107421875,406.14550293985263,386.73414315132067,390.1539997849366,9360830
2023-12-05,398.8144836425781,404.38260674457626,393.6316919810727,403.53488933505395,8296900
2023-12-06,396.0689697265625,401.5407524939848,394.0074009986167,400.17279210267736,3598450
2023-12-07,392.04217529296875,398.824120255578,391.11737397044607,397.0804712604792,3904160
2023-12-08,391.4256591796875,396.41577044941323,388.16955410133295,394.9707554903024,4218365
2023-12-11,394.41204833984375,398.419530815448,388.3140684547638,391.42567806713254,4948465
2023-12-12,384.422119140625,397.8607694819621,383.0349024834972,397.8607694819621,7159045
2023-12-13,384.4317626953125,387.59152744266333,380.72288522872327,387.2543514186273,7973270
2023-12-14,408.1300354003906,410.38425524641076,386.3199284748816,386.4933526160409,11924520
2023-12-15,400.30767822265625,408.7658311173567,398.84337760924853,407.8795423566676,11228265
2023-12-18,394.5854187011719,400.471432110056,393.6027897269918,400.13425607771785,4203410
2023-12-19,396.8107604980469,401.2614020451074,393.04408449377945,396.6662648761759,11070960
2023-12-20,385.09649658203125,406.90660370818296,383.41064575271656,397.0901328130037,9435625
2023-12-21,388.5837707519531,394.56612423674966,379.9425804299566,384.81709503222095,9405990
2023-12-22,396.0207824707031,398.6314345081875,388.5163301442161,391.09811245837744,6928875
2023-12-26,392.2252197265625,400.1342600082625,390.75130564971823,399.2094586695712,4822975
2023-12-27,394.95147705078125,397.9571032932897,392.23484202432047,393.2463406793906,3750095
2023-12-28,394.1325988769531,397.82219031091125,392.29260988023486,397.82219031091125,3288345
2023-12-29,395.6065673828125,398.4387990673444,392.6490963641019,395.45242892527756,5291010
2024-01-01,394.7491455078125,396.89741149831355,393.2559752580958,396.04002191054553,1523610
2024-01-02,391.1270446777344,396.8493065540534,388.42005220412796,394.97077525365046,5389635
2024-01-03,402.6871643066406,404.2188767097051,390.92472080188446,392.08074458479274,6787670
2024-01-04,413.8812255859375,414.71932963189107,402.71607921732874,404.60422403111323,7695105
2024-01-05,418.5533447265625,419.39144856790597,408.3515442391158,414.8155685799225,8114435
2024-01-08,423.16778564453125,428.68775313934646,416.8482561748837,420.78832660283535,7487975
2024-01-09,417.6767883300781,428.31207787455855,414.35324197311155,425.1426993822177,5463445
2024-01-10,414.2375793457031,421.53009448433943,411.4824318829231,420.01763859238736,2470725
2024-01-11,439.2363586425781,441.1823013887324,424.64168515026245,427.3294210007809,14663945
2024-01-12,441.7507019042969,443.7351867531168,435.45042848192935,441.7507019042969,5187280
2024-01-15,441.7507019042969,441.7507019042969,441.7507019042969,441.7507019042969,0
2024-01-16,445.00677490234375,449.8716464639494,442.18418628857177,447.9546028400889,6647950
2024-01-17,440.8259582519531,446.57711968940833,431.5778554692588,441.98195272547224,5308645
2024-01-18,434.5448913574219,440.6910264358786,423.2063510774826,437.5505472074945,7883550
2024-01-19,443.4943542480469,447.36701316367066,437.5505424977509,437.5505424977509,5296785
2024-01-23,439.1882019042969,445.82565131217865,433.0420669840598,440.6428596860501,10999270
2024-01-24,443.60992431640625,446.0279252844526,425.7110196454762,430.3928537346128,8501730
2024-01-25,444.5155029296875,453.3397313052394,441.5965738339755,446.5674289135959,5327820
2024-01-29,464.1387939453125,470.49686565666707,443.5521521611481,468.57017904103867,17895075
2024-01-30,472.6065979003906,481.0069528635305,464.1388018488183,464.1388018488183,14238795
2024-01-31,475.2749938964844,477.741179571049,462.50108287147054,472.0381748092652,9573360
2024-02-01,461.8653259277344,469.9092485684409,460.20837423335996,464.52416291145045,10601720
2024-02-02,463.4644775390625,466.47974683713704,459.63036053848737,461.92312234592697,4405185
2024-02-05,454.1393127441406,468.6472605324808,452.2318824209799,466.06547813779434,1993400
2024-02-06,463.68798828125,465.12947581910527,449.60195298537445,456.63528670916804,7511415
2024-02-07,467.0160217285156,475.81977185643444,463.68799940059074,463.97822189028665,5230250
2024-02-08,454.3037414550781,469.21211338405624,452.92029839213575,469.21211338405624,4430985
2024-02-09,451.6239013671875,455.4840078917433,443.3812288166185,454.3037206240127,2903050
2024-02-12,437.72174072265625,455.2712273315942,436.2899074421926,451.798093496225,2845040
2024-02-13,450.9563903808594,453.4427379964209,432.49747217111184,438.64077082458033,8984610
2024-02-14,463.0784912109375,465.2649323265114,441.1948303035594,442.12357177180786,3686385
2024-02-15,471.65008544921875,476.6421190539863,466.6967580186724,471.5727026249366,5721585
2024-02-16,473.9332580566406,475.9455361718573,470.92448052177826,472.11445175633685,4596560
2024-02-19,472.0951232910156,476.3615710464662,467.5771296943502,473.9332679539496,3451410
2024-02-20,467.59649658203125,473.0529159301952,463.46550541925103,472.0951521288487,4396705
2024-02-21,455.8516845703125,467.2869234812836,453.74265566805053,467.0450615560473,3665875
2024-02-22,463.4461669921875,464.31686404087236,451.42076931802603,456.46119322856083,2571220
2024-02-23,473.1689758300781,475.4037775785373,462.07234991049916,464.08465759104814,5723325
2024-02-26,480.8504943847656,490.4959484373702,473.6526816552313,474.03000040254847,5989015
2024-02-27,459.0345764160156,485.53295247492343,436.7058678862561,478.8865917735679,20513770
2024-02-28,454.4682312011719,471.7178103296317,446.55448674743394,462.82696379638986,11119410
2024-02-29,471.8435974121094,475.03616303942266,454.92294644385896,464.181398572732,20232355
2024-03-01,474.13641357421875,478.6640614744601,471.1470038891559,477.8223867457926,5500370
2024-03-04,473.37213134765625,476.9516995229079,468.0511691825934,475.9842518565328,2666695
2024-03-05,470.46978759765625,475.18128252567743,466.50327579117686,466.50327579117686,6190170
2024-03-06,459.46026611328125,474.62983868082057,454.48757085634276,472.88841513877287,6744720
2024-03-07,473.9622802734375,475.09417748687156,459.4602494929821,459.4602494929821,5963990
2024-03-11,480.03790283203125,483.70453808197186,468.3704852949954,473.2754524875748,11377355
2024-03-12,468.5832824707031,480.6279881860516,466.3484807263756,480.6279881860516,7206710
2024-03-13,449.1666259765625,472.0564425601854,445.0452892442373,471.127701016338,8118855
2024-03-14,443.3812561035156,450.43395789654505,438.47631884665606,447.9282719698934,10111785
2024-03-15,438.60205078125,447.9282602637372,435.5449422000189,443.8649683393701,7257360
2024-03-18,446.7576904296875,451.39174374636264,438.20545613651365,438.2538167127998,5870405
2024-03-19,442.5105285644531,453.32658570114455,440.6820679438037,449.47616312920775,6619825
2024-03-20,447.77349853515625,450.4242958363959,441.15615968281344,443.0910551200187,4526425
2024-03-21,447.1156311035156,455.6581812757728,443.0910451418606,449.4181613458041,8698620
2024-03-22,450.966064453125,456.38374770636057,446.0223915793483,452.5720015805174,6367775
2024-03-26,459.0635986328125,462.3238925234202,441.14644907264847,441.34963433866034,10693585
2024-03-27,461.73370361328125,470.1795317568699,453.7329226213416,466.3097413720397,77232200
2024-03-28,456.5965881347656,463.3203611635807,452.42689109316717,459.35381986327826,11625440
2024-04-01,470.5181884765625,471.5339967382468,457.80591169780496,458.76370498436256,4228910
2024-04-02,477.13555908203125,478.1707352622776,470.16992345926246,470.1796073845126,4433110
2024-04-03,494.6463317871094,496.6489260431621,475.7520798077317,479.2735740047666,11588495
2024-04-04,483.58837890625,498.22586689996683,481.0149940813109,498.22586689996683,7019985
2024-04-05,487.3710632324219,489.9154551255404,483.35616162683465,485.7650966853555,3253480
2024-04-08,497.11334228515625,499.2610477933455,488.9480519730846,492.03421243677946,3678905
2024-04-09,493.4756774902344,504.1659915892449,488.1934216611207,501.13787576279736,4766875
2024-04-10,489.1512145996094,496.5425291565074,487.4968873089313,495.32353561381797,3504425
2024-04-12,480.9376220703125,487.5839834071079,479.6412456246696,487.5839834071079,4144555
2024-04-15,467.2095031738281,482.3694213800558,465.9324651445333,482.3694213800558,4750690
2024-04-16,464.51995849609375,469.0185839241047,458.25091695352904,464.37484726115616,4033025
2024-04-18,458.85076904296875,472.549831753447,456.8481452568251,468.2253394369525,6791185
2024-04-19,457.9026794433594,460.2439159238149,449.8825295523609,454.6714075912118,4797160
2024-04-22,469.1444091796875,470.624602989516,459.34415918997024,462.4400036601208,3489700
2024-04-23,469.5894470214844,475.2876985460421,467.68357389689675,472.49179008283636,2892585
2024-04-24,476.18743896484375,480.18300281401497,467.8577281802963,469.59912228480835,8459300
2024-04-25,482.14691162109375,484.55584697681934,468.6800560003574,475.79077306593217,14587660
2024-04-26,483.4529724121094,490.87330936284366,452.1850552362792,486.14247587378793,20810260
2024-04-29,482.2146301269531,498.6128803216127,470.22793904738603,497.2584299330221,11904615
2024-04-30,493.72723388671875,498.9708131799482,480.6279843400289,482.3694078376756,13426225
2024-05-02,499.6092834472656,502.8792611271262,490.4959433992926,492.7307450398301,9243475
2024-05-03,500.85736083984375,514.2951642697016,498.2646081371874,503.07279477482217,7622145
2024-05-06,492.92425537109375,504.80448165786055,483.50129530272534,503.0727716436355,4326785
2024-05-07,480.9762878417969,496.30065541341725,472.4337083700598,492.92427248806297,7825870
2024-05-08,473.6623840332031,483.33686071066165,470.71165093208236,480.5312683790306,7324775
2024-05-09,456.8094482421875,478.72213275876004,455.51307186611626,473.662400179435,4104015
2024-05-10,453.607177734375,465.6712511853827,451.04344735086613,459.3441352485242,10984650
2024-05-13,445.37420654296875,455.6001357613439,440.91428684217436,453.73296879644494,8390345
2024-05-14,450.8983459472656,467.82868029634557,448.2765414849557,453.7329605553417,12376035
2024-05-15,448.8957214355469,453.1524853029485,445.61605964397916,452.3785389722064,4269680
2024-05-16,452.5139465332031,453.88773516306185,438.25377786668463,452.18501788079385,12445545
2024-05-17,458.8797607421875,461.79175799268205,449.08919558284595,453.5394310013407,4729135
2024-05-21,459.19903564453125,462.34324060615654,454.43920959000053,458.5702005570382,3935580
2024-05-22,452.13665771484375,460.4760515971671,451.2369385009022,459.1990136343192,3465540
2024-05-23,464.4619445800781,466.2517286598929,450.54038807426116,453.92645489179625,5512760
2024-05-24,463.89117431640625,469.9764286445898,457.15774655972564,464.3458759184962,4877325
2024-05-27,460.5050964355469,468.92190307502034,459.73115009994115,466.30978252507055,3398210
2024-05-28,463.1558837890625,470.760037757244,459.53763898457817,462.43998196763863,6493910
2024-05-29,459.46990966796875,463.92017480482923,456.2483219536739,459.547322014229,2197930
2024-05-30,445.5483703613281,460.50510348072277,443.47801811946056,457.7962617405004,6688165
2024-05-31,455.4840393066406,461.92724439052813,447.6670750523483,448.6828833054527,12916455
2024-06-03,485.4942626953125,492.8081944152305,469.26049159082345,474.04936947992775,15161795
2024-06-04,437.4217834472656,491.46339362153344,424.322534334762,491.46339362153344,17788625
2024-06-05,461.94659423828125,463.9685563945668,431.48167551982596,433.78420577673467,7114095
2024-06-06,478.847900390625,490.49597884535456,464.3845751391685,470.17957735471856,10501485
2024-06-07,483.3271484375,485.0685718517981,475.9939085367358,479.7282421436069,3706890
2024-06-10,487.4194641113281,493.882007088907,480.86017046748975,485.6587023675442,4849020
2024-06-11,490.1090087890625,493.79498214957124,481.7889526970918,486.61650725329315,4681350
2024-06-12,496.677978515625,499.8705440493749,489.63493106332413,490.44761309563586,3510365
2024-06-13,519.3839111328125,521.967038773262,499.41577823699987,501.5248659950023,10022455
2024-06-14,528.6423950195312,531.5157451512115,521.4639502247625,524.7436118226291,15318425
2024-06-18,547.5270385742188,549.7327886289169,528.6811171926764,531.8930506480453,12393205
2024-06-19,540.0776977539062,547.7689190524085,534.0311494136251,547.5367410438735,9175135
2024-06-20,542.77685546875,552.3159350034679,534.9502363671343,542.6510825394543,6948810
2024-06-21,545.9597778320312,549.897297062293,540.8032650503467,543.7056081543736,9672340
2024-06-24,557.6852416992188,559.1847738332248,537.8718725357986,545.505049104531,5367855
2024-06-25,578.504638671875,580.4685857301212,553.6993259850628,557.8787068881179,15844875
2024-06-26,578.3499145507812,591.9715948740289,572.4581320013817,577.7210499184326,9032225
2024-06-27,570.997314453125,579.8204325396914,565.7537055312577,577.9628904858627,12298175
2024-06-28,563.3447875976562,574.5284807211237,561.1196696827167,570.9973320219411,6005455
2024-07-01,565.8117065429688,569.246192769526,561.5162368271496,561.5162368271496,6673330
2024-07-02,546.5885620117188,568.8592261202563,544.7988074536273,566.3438858145624,12638725
2024-07-03,551.5322265625,558.2172634766023,542.8445069884673,549.5102351034838,7945600
2024-07-04,548.3009033203125,554.9278954711579,545.6404225366674,554.9182705961638,3958315
2024-07-05,554.5119018554688,555.7502630764054,544.5375198661782,548.5427669392344,6163345
2024-07-08,543.3380126953125,552.606178879632,541.0161144244277,552.606178879632,4065755
2024-07-09,540.2227783203125,544.4698285244249,536.9624845424903,543.4927560221315,6359760
2024-07-10,534.4374389648438,542.670428294352,523.3892028250609,540.6000760561271,8300735
2024-07-11,529.9677124023438,538.9553371920366,525.1595268183067,534.4373149911105,5689115
2024-07-12,540.6871948242188,553.3801043826973,532.0962542141319,532.0962542141319,9030805
2024-07-15,557.69482421875,558.9911708414717,543.163743427444,544.28595658062,7400215
2024-07-16,544.3828735351562,561.1197081940373,542.1577554675002,558.5849997533028,4907090
2024-07-18,554.7926025390625,556.079265519168,537.3204987071077,537.3204987071077,4119020
2024-07-19,543.8700561523438,556.4468762333092,539.7100428583041,553.3800835624808,3677715
2024-07-22,547.0723266601562,551.0485817304057,534.8147803829957,541.7513641140787,2717785
2024-07-23,532.833251953125,549.9122351321013,518.0884908628323,549.9122351321013,12227465
2024-07-24,529.9251708984375,536.8793382460185,518.4581498816705,532.794374886714,5130575
2024-07-25,521.1231079101562,527.1532865290806,512.6614104419282,525.1108344409665,10445410
2024-07-26,568.9755249023438,592.1235771197348,523.2629613631811,526.336375685552,32196680
2024-07-29,572.4768676757812,590.5187879762134,565.085072911402,577.7289729937569,12753435
2024-07-30,566.4564208984375,579.9465442273648,562.5563139109429,572.4768648983576,9486875
2024-07-31,570.327392578125,573.2646272031108,567.2345074915957,570.7067237944725,4655790
2024-08-01,581.4734497070312,583.3700464642394,567.9931221593663,570.5122020489443,8859720
2024-08-02,582.02783203125,588.0191281798283,568.0028468522609,572.865884924626,8905205
2024-08-05,562.44921875,572.2531198248707,546.2358669357828,559.4438945568894,9480440
2024-08-06,551.8185424804688,571.980735062938,549.5232031710398,568.0319512341504,5917390
2024-08-07,568.9851684570312,570.3565190215838,558.3837221161288,562.1866509878819,3986695
2024-08-08,558.7047119140625,568.0028381921294,556.0591883741371,568.0028381921294,4434050
2024-08-09,575.4140625,578.3805035956563,560.24140876806,566.0575828047615,4568775
2024-08-12,578.9154052734375,586.4823200866605,569.4811600528594,573.8286870656093,5709795
2024-08-13,562.4298095703125,582.6795066998731,556.4287780037521,579.6741231295866,7249815
2024-08-14,563.1592407226562,567.3414413010843,557.1095909129017,564.3069105042456,3626125
2024-08-16,579.9658813476562,581.9889217122793,564.5111328337123,566.641145783712,4976095
2024-08-19,598.2704467773438,600.0989540118867,586.1031148891265,589.0112024290846,9092170
2024-08-20,614.6587524414062,617.9948485100631,593.7380143293744,606.5180321616955,12149555
2024-08-21,614.503173828125,620.5236169375191,606.2943637310985,610.7878058633099,5227030
2024-08-22,611.497802734375,616.0399228264693,607.5490183758783,615.6605916271006,4610695
2024-08-23,608.1812133789062,615.1353809770757,606.4596790512561,614.6879601416446,2466965
2024-08-26,615.106201171875,618.529798830103,605.1564446817188,610.7975567407498,3366050
2024-08-27,628.1975708007812,635.8714594247273,606.1291007952283,613.5014834214871,9915805
2024-08-28,622.8287353515625,631.805884666029,620.8640489677108,627.3319133702421,3352220
2024-08-29,622.5660400390625,634.5291598379708,617.5182047149295,622.2742696602905,5976425
2024-08-30,623.34423828125,627.2151975559597,617.9948964495326,622.6147825769249,11026125
2024-09-02,627.3804931640625,633.8288860200811,625.2018617331354,626.3495315275254,3165735
2024-09-03,636.3966674804688,638.6239177080213,620.5334385149505,624.6086670890398,7181415
2024-09-04,631.0180053710938,638.4098580688981,627.5263776517943,629.675802257534,3467420
2024-09-05,631.319580078125,640.7538858301283,628.1391935394207,631.6016742793742,3368300
2024-09-06,629.4035034179688,635.4920359356792,626.3981200887878,632.953544578845,3058060
2024-09-09,644.9750366210938,646.4339480629625,625.60064993153,639.9758191664413,8095085
2024-09-10,634.1498413085938,649.2933475829471,628.3336673105143,647.3481325346795,6190070
2024-09-11,638.0111083984375,641.531943127972,632.9924793498863,635.1224923482074,2946285
2024-09-12,661.5191040039062,663.7852370427063,641.0554014541303,641.9210364929469,9163615
2024-09-13,655.1970825195312,666.236154175533,654.5648638834068,661.3147624768833,4786700
2024-09-16,665.059326171875,669.1248187963477,654.0980789406419,657.0936675924071,4724820
2024-09-17,666.1583251953125,674.357399455705,662.8222885292157,664.2909353808134,8030320
2024-09-18,695.3560180664062,698.3224591098891,669.153969278556,670.0293397859942,10582475
2024-09-19,685.7564697265625,704.8779096381502,680.8253419122641,694.743354741683,6428925
2024-09-20,687.0694580078125,697.5541966413376,684.1322233636715,688.4116612719049,6407140
2024-09-23,693.9943237304688,702.6116711667967,688.6060996323639,690.7361123998246,2935070
2024-09-24,683.9959716796875,696.6787523264462,681.2143284291583,696.6787523264462,6681865
2024-09-25,685.5035400390625,688.5672776343423,672.6553726498125,683.9960101760103,3801635
2024-09-26,705.8115844726562,707.474764775462,686.5733783902042,688.0420253078404,5359390
2024-09-27,704.3720703125,710.4411313676678,699.4603551465644,703.778734645549,4967200
2024-09-30,695.7937622070312,709.0212017646179,694.0527566180638,702.9910227980023,4405700
2024-10-01,694.5196533203125,705.6851695992494,692.0686631661041,695.8035024790285,3381135
2024-10-03,663.2211303710938,695.3949462703787,661.3828878037442,694.441809841348,8036680
2024-10-04,648.9821166992188,664.1937128734222,644.9360360890186,662.7348015632858,8827525
2024-10-07,641.7945556640625,663.901906844053,633.3620646118658,655.4986225134642,5480765
2024-10-08,647.6204833984375,656.1307999130189,637.6415199072186,637.6415199072186,9122180
2024-10-09,659.0291748046875,676.9348536499353,649.7018422962022,652.5224279317118,6569580
2024-10-10,649.2447509765625,664.4757591983652,646.9590875998078,661.3731387172057,3740385
2024-10-11,649.9353637695312,653.1838996264585,643.4869699315732,651.6471628297135,1799620
2024-10-14,660.4589233398438,667.2088225489067,652.3765564499696,655.148464401845,3844085
2024-10-15,661.5968627929688,668.881684373455,655.2651776844689,665.2636125190311,5209855
2024-10-16,659.5057983398438,665.652685684734,654.9734135408406,664.6800780547816,1607350
2024-10-17,633.8677978515625,658.6401443422427,631.4071314875107,657.288205528344,8237815
2024-10-18,650.6063842773438,656.2961742637596,611.9160854406933,620.085953531301,9380205
2024-10-21,644.5081176757812,658.1635661938595,636.4744288698757,652.9990222798637,5627980
2024-10-22,633.0702514648438,659.6224245925677,630.2496659429468,644.5080659075661,19691260
2024-10-23,622.0311889648438,634.2374026734768,616.6429641427626,622.4688742647127,9660305
2024-10-24,631.2417602539062,635.3072526194796,619.6579712889679,620.5236062407791,7501270
2024-10-25,601.5869750976562,633.0313343797576,589.0111072636312,633.0313343797576,15251890
2024-10-28,634.0039672851562,650.5091489020685,611.575638708047,615.4660690552524,21602980
2024-10-29,635.268310546875,639.1295933242832,615.1547938749674,630.6581603355825,10906400
2024-10-30,619.7066040039062,634.0817721699815,617.9851289975136,625.7854012263831,6964385
2024-10-31,610.5836181640625,619.5510316027887,600.6046548445214,619.5510316027887,8075010
2024-11-01,612.9275512695312,615.466042715262,610.7975383710639,614.4934351700851,286730
2024-11-04,612.3342895507812,616.5651087281285,604.7576386002667,613.7932009034189,4842960
2024-11-05,615.1353759765625,617.8003110941014,594.2631971415406,614.2211225295069,7606175
2024-11-06,619.8817749023438,622.4688850861492,610.0778733405244,619.9401289857902,4294660
2024-11-07,601.3618774414062,625.6012562283332,598.9819585576894,625.6012562283332,5846920
2024-11-08,589.1785278320312,604.2705753825591,587.043451154117,604.2705753825591,3851745
2024-11-11,587.5136108398438,598.7958996719584,579.3554513450907,589.5800648271504,4101875
2024-11-12,574.1452026367188,592.586735384048,572.4705201085458,590.4517183987983,5430660
2024-11-13,558.994384765625,574.0080663887625,556.1345846485146,574.0080663887625,6755505
2024-11-14,552.8733520507812,561.5701526883645,545.1167073031418,558.788718703435,7172685
2024-11-18,557.8778686523438,561.5308952418563,548.4465420840736,552.8733083020496,4841895
2024-11-19,553.2944946289062,561.3742883842089,548.7796181615619,557.848524334515,5942545
2024-11-21,548.8775024414062,555.6939314269305,542.1785929404658,555.4882424409424,4777400
2024-11-22,558.2500610351562,561.1783644021808,537.7812276727666,538.6528803162294,8194990
2024-11-25,577.3966674804688,590.5593865467773,573.3127163207134,573.3127163207134,13791540
2024-11-26,596.7000732421875,603.1540804337268,577.6317308129992,580.7167665743713,10105100
2024-11-27,591.3428344726562,600.6860505280579,589.0608885665057,593.2820252294717,4064750
2024-11-28,596.1809692382812,602.3118276497263,585.907399823494,595.4562458715993,12057145
2024-11-29,591.47021484375,600.6566993213489,586.0934894901557,598.8840441165546,5600545
2024-12-02,606.0726928710938,610.1174315443083,589.7172198408085,591.4702687001799,5433440
2024-12-03,618.0894775390625,628.1476150328787,612.1153513004912,613.280802655011,9872220
2024-12-04,613.5354614257812,621.5956483288812,611.0674326742595,616.1307531401975,5743725
2024-12-05,612.3602294921875,618.7750840573736,601.9201231768726,617.4823098908427,7117350
2024-12-06,612.3699951171875,616.6596355683831,605.9550811702446,612.4973178529118,3193785
2024-12-09,608.5602416992188,619.6172948761953,606.3272519520684,607.3262273416813,3963995
2024-12-10,624.1517944335938,626.2378549941216,608.9715763274803,612.1937382982147,5630900
2024-12-11,636.2470092773438,640.0371620160422,622.4868288553422,625.914619894801,7350105
2024-12-12,636.217529296875,639.5278004888299,631.0170835706139,634.533043721569,5108345
2024-12-13,619.4606323242188,637.5005907197465,610.6561154799114,635.0325619641605,6003130
2024-12-16,614.5441284179688,626.2084444840314,612.4972810682802,621.7033120675844,2943305
2024-12-17,583.0966186523438,614.0642562676927,580.8146725417123,614.0642562676927,10413170
2024-12-18,574.1844482421875,594.0851724102764,569.7674847785881,583.0966816455584,7447675
2024-12-19,576.9364013671875,578.3172850945398,558.8865815090064,562.1576996515932,7354675
2024-12-20,563.5778198242188,579.9234884127261,556.9964300321067,578.4642383822537,12499100
2024-12-23,564.6845092773438,578.6111056567343,562.7061650685176,569.2091885903387,4691250
2024-12-24,564.6942749023438,567.5638182736415,559.2391835884961,564.70401837843,2020780
2024-12-26,573.3029174804688,575.0755726315139,562.3829313633479,566.5257020678895,4462340
2024-12-27,567.8184814453125,575.8394546721115,566.1730892298407,575.2616605445685,1524915
2024-12-30,571.7554931640625,581.5198311780672,567.1132946188152,570.5410854168922,3452720
2024-12-31,565.90869140625,570.5214802055219,564.3221187296188,567.6225868091725,4075070
2025-01-01,571.6869506835938,574.1060227885005,564.6844993818739,567.838038336789,1297175
2025-01-02,599.3834838867188,601.1169857188121,574.2234980716415,575.3399928033601,7297085
2025-01-03,597.091796875,606.8169224936768,594.7021344626169,599.3737430588739,3652225
2025-01-06,581.6569213867188,603.5556540759541,578.8069843641017,593.6934026853357,5430225
2025-01-07,579.4729614257812,591.9305644410158,577.8276289097939,583.1259881548282,2781710
2025-01-08,567.7891235351562,581.7451304525792,556.4480148607888,581.7451304525792,4976035
2025-01-09,550.3758544921875,572.7642706349211,548.6424123680746,568.7684292034726,5408205
2025-01-10,521.0242309570312,554.3227720332325,518.0861243914841,554.3227720332325,5999299
2025-01-13,510.3490905761719,529.5447561556749,508.04759765859717,519.1144538548174,5558523
2025-01-14,532.8746337890625,536.2045122044517,507.60692626502663,516.0784917837462,6987503
2025-01-15,522.1994018554688,534.6863527579981,518.1839543271417,533.755940539488,4072535
2025-01-16,535.5189208984375,542.3255469416508,524.5010203962369,524.5010203962369,6194466
2025-01-17,515.6376953125,536.2533974813939,513.0423439708304,535.2740286393948,5347916
2025-01-20,506.0399475097656,510.7409065061207,483.1716765908145,500.45753254962165,12701612
2025-01-21,509.5655822753906,519.7999983430298,502.8569298058285,507.31304595702204,7753705
2025-01-22,507.94964599609375,517.4494754224967,502.4651449156912,509.6145251155733,5895189
2025-01-23,518.86962890625,522.4443492853743,501.0451329400528,507.9497015864477,5150004
2025-01-24,516.568115234375,530.6220344125538,498.64564723048153,520.9752750879277,7602501
2025-01-27,501.09405517578125,519.7020928071528,497.66626427567996,515.0500908713011,8523575
2025-01-28,519.1633911132812,530.622018340636,498.10699122760224,509.32074636032206,16222471
2025-01-29,542.0806884765625,544.1863555309734,519.3103614538343,520.1918173779909,9135552
2025-01-30,527.1942138671875,548.4465288139121,525.7741171498944,542.080631604465,7172857
2025-01-31,535.0165405273438,542.0517245764431,527.5878171250122,537.6240014824238,4058608
2025-02-01,523.2584838867188,540.8218221982496,509.68014455622745,539.0999298179921,3874882
2025-02-03,537.3780517578125,549.0376993071843,507.7122810797618,516.5677278427809,7442129
2025-02-04,567.486572265625,570.5860027940851,536.640122008365,547.069846865518,12290382
2025-02-05,562.1240234375,581.3108231771204,559.2706379706638,567.7324846031256,6953215
2025-02-06,557.2536010742188,560.8450009796233,545.4463378957004,560.8450009796233,6345455
2025-02-07,550.5628051757812,569.7987918709174,545.9382819669255,558.7787281240824,5747620
2025-02-10,551.7926635742188,557.4994944990469,537.7223559331387,552.6782321896388,4253881
2025-02-11,529.9000244140625,556.9091460710551,525.4231166112074,556.9091460710551,6416783
2025-02-12,538.3619995117188,542.6421081652463,518.5356137861919,529.9000919824919,5467745
2025-02-13,539.837890625,551.2515533844279,529.3589214115524,538.2143680522661,5723009
2025-02-14,530.490478515625,546.0366951627301,518.3388017278337,542.1009410720786,6763071
2025-02-17,541.510498046875,544.1179589425851,516.6660523627877,528.3749438556388,4397756
2025-02-18,544.46240234375,545.5447708407443,530.4412772408114,542.1009857277419,2988732
2025-02-19,548.8408813476562,550.7595734268374,537.7223883479529,539.0014963824605,4066886
2025-02-20,571.5206909179688,572.898228929604,548.0537801868431,548.0537801868431,7590778
2025-02-21,575.702392578125,585.148238215132,567.4373452074391,571.5206539513086,9328402
2025-02-24,567.9293212890625,572.4062295088901,559.6642137641186,566.748583063379,4523171
2025-02-25,565.0267333984375,577.325965731882,562.3209022850798,572.4554577168689,6222936
2025-02-27,597.053955078125,599.0218323592361,570.9795811034035,571.9635197439591,17099035
2025-02-28,607.38525390625,610.0418999978544,592.5769907640449,600.1533295975674,23771834
2025-03-03,611.321044921875,619.881322819398,605.023873865824,615.2567993524743,10284029
2025-03-04,622.7347412109375,625.1945876210694,603.5479392119084,608.6643717011077,5369562
2025-03-05,621.160400390625,627.2608314684239,611.5178145217654,616.5358771515753,9532495
2025-03-06,634.000732421875,640.3471475973691,626.7688086516757,628.5398858959246,8075827
2025-03-07,620.7175903320312,637.2478054855923,617.372235402261,634.0007603308877,5829062
2025-03-10,615.5519409179688,631.1965880897536,612.8461098700392,621.4063873780942,4906168
2025-03-11,627.998779296875,629.7206717587152,605.6633622094645,614.1744546856405,6734891
2025-03-12,626.7196655273438,636.8542204858684,618.9957119497274,628.7367275248666,5378060
2025-03-13,609.59912109375,633.6564308279217,607.5820590624869,627.7527994848043,5273706
2025-03-17,613.2396850585938,619.389300833349,603.5479146195161,603.5479146195161,4548324
2025-03-18,613.2396850585938,613.2396850585938,613.2396850585938,613.2396850585938,0
2025-03-19,657.2216796875,666.7166494081412,627.4083575707645,635.3290498412497,9823834
2025-03-20,657.1725463867188,683.8372556423477,654.3191007225341,678.9175631557122,8747482
2025-03-21,665.9295654296875,668.094242142738,656.9265641789302,658.3040420473515,6365496
2025-03-24,671.0460205078125,683.7388504894991,663.1745129358734,666.1263282753505,4983671
2025-03-25,667.4546508789062,676.9496813323201,656.9757419900234,676.9496813323201,5257157
2025-03-26,661.2066650390625,669.9637416188073,658.5008341925485,667.8974347576566,4792266
2025-03-27,667.6022338867188,673.4074947250597,655.4998030431442,659.2387571173199,4628163
2025-03-28,645.4636840820312,673.9979018234625,639.7076676285417,671.0460861950386,6806264
2025-04-01,627.2116088867188,643.3974092239964,623.7186392224041,641.5279020519091,7600903
2025-04-02,629.13037109375,633.6564646766444,620.3732934450688,629.7207102376591,4387926
2025-04-03,643.6433715820312,649.9405417317847,621.849110537309,622.8330490033491,3704676
2025-04-04,643.1021728515625,654.3190956561756,639.0680490656933,644.9716800039445,5191619
2025-04-07,604.1382446289062,619.8320758610976,579.7857665270081,586.4273514638894,15188995
2025-04-08,631.1473999023438,637.8873550012355,613.0429064171569,613.6824905016548,10415072
2025-04-09,614.518798828125,637.5429845242829,609.057951980464,637.5429845242829,9235529
2025-04-11,628.5399169921875,638.2317474845181,616.9294544223211,616.9294544223211,7102851
2025-04-15,661.2066650390625,663.7156961766804,638.7236945726909,641.4787103327191,6085948
2025-04-16,665.191650390625,667.1103425904602,651.8101100184176,661.846295324995,6571065
2025-04-17,680.6394653320312,684.4768495488283,657.8120798541992,666.1263722873656,5771289
2025-04-21,691.7088012695312,705.9759102573097,679.4095693835154,687.5270624282858,6740583
2025-04-22,692.2008056640625,698.5472216502034,688.7570205612562,691.7088363636616,3672514
2025-04-23,692.5943603515625,702.3353158368603,674.8834666821019,698.1043921379022,5442424
2025-04-24,685.4608154296875,694.1686475822404,683.345323523552,692.6927397560556,5010172
2025-04-25,644.676513671875,694.2669777667332,624.8009440700182,687.6746378967954,9784886
2025-04-28,612.0097045898438,620.2748114390364,586.5749201493223,612.6984735030825,32221482
2025-04-29,604.8270263671875,620.6684126773398,600.3993029824421,614.9615812146363,10387632
2025-04-30,601.8751831054688,611.812937779061,596.7586909740311,604.826998559586,7374108
2025-05-02,593.9052734375,606.401304795279,589.8711494813326,601.8752115734891,7749204
2025-05-05,618.7496948242188,620.7668167706659,597.4474625689468,600.3500931226453,8616953
2025-05-06,613.4365234375,621.7015715267885,607.1392924653176,618.7005708505317,5098276
2025-05-07,626.4244384765625,627.7527313626836,607.3360085166402,608.2707620554987,5983998
2025-05-08,605.9093017578125,630.5077636678799,597.2506551764365,624.800932515712,10052396
2025-05-09,591.7898559570312,602.514750174374,587.0669629036703,590.363133041213,5637324
2025-05-12,635.5751342773438,637.592196344316,601.1864690839152,601.2356540016766,9560644
2025-05-13,623.4234619140625,637.3954017979659,621.7999992856779,631.2949705748706,5748439
2025-05-14,641.4786987304688,644.774868589215,627.3591456265866,629.228652745028,9324793
2025-05-15,663.9617309570312,669.0290385834223,633.8040500042098,644.2829596776003,9817422
2025-05-16,654.8111572265625,663.9617744600813,649.448679690597,663.1746355682992,5415727
2025-05-19,666.9135131835938,672.9155741555464,655.3030507223049,659.2388047806971,4356035
2025-05-20,647.7759399414062,671.0952962919077,645.6605080278999,671.0952962919077,7035801
2025-05-21,647.4315795898438,651.0229793952205,628.4415771842716,647.7759340676878,7986603
2025-05-22,639.3140869140625,644.1845948545806,630.0158554012269,641.5279487002213,6840583
2025-05-23,649.2517700195312,652.9415392514105,635.7718611362694,640.5439386542314,3128629
2025-05-26,653.8271484375,657.074133551955,641.6262867321549,654.1715028985628,2963171
2025-05-27,651.2689819335938,659.238860554176,646.4476587822293,657.0741836279542,2493252
2025-05-28,645.1685180664062,653.2368261726235,643.4958105234958,651.2689490762215,3244100
2025-05-29,641.77392578125,649.1042800644615,637.6905567351773,645.1685258243311,4173868
2025-05-30,629.0811157226562,644.4305938139288,627.0148686982762,632.7708854482248,6693573
2025-06-02,632.2296752929688,637.4937823352514,614.961566516163,628.0479366406588,4344402
2025-06-03,637.838134765625,648.1694890502977,631.7868889483806,637.5921501397995,5336167
2025-06-04,630.9014282226562,651.2197238253877,629.7206899180909,639.5108907801301,6290382
2025-06-05,640.98681640625,644.2829867119254,627.8511999931487,636.608277601883,4542850
2025-06-06,677.1956787109375,679.8031397813068,633.951569236336,643.4957847830775,20115034
2025-06-09,686.7890625,704.4015854026663,681.1314162114971,688.7569394699141,11413586
2025-06-10,689.1505737304688,694.6114205871222,679.6063579328459,693.6766669681824,6453133
2025-06-11,675.0309448242188,690.8231445430158,673.3582374898498,690.8231445430158,4586055
2025-06-12,657.320068359375,678.9175293099862,655.8933455984084,677.9335908617109,4970089
2025-06-13,656.4346313476562,659.583186681496,633.1644604872968,641.3803234040835,4687026
2025-06-16,665.2900390625,670.3081013774816,657.861255362995,658.254854783905,6882573
2025-06-17,654.3191528320312,668.8814317412339,651.3673371049695,668.8814317412339,2390137
2025-06-18,651.4656372070312,662.6825597911328,648.5630667633238,652.4003907648461,3352972
2025-06-19,641.7246704101562,658.2548243929122,637.592116900758,650.1373321638516,3342726
2025-06-20,655.6473999023438,660.124368151597,640.051998593448,641.5279063534638,7441267
2025-06-23,651.02294921875,655.4998574974295,637.8873338744606,651.1705039646246,4243520
2025-06-24,665.191650390625,671.0460968240321,662.5842492437897,663.1745883568881,4823566
2025-06-25,664.2568359375,667.1102815175486,660.2227122393439,665.1915894933669,3211981
2025-06-26,691.9055786132812,696.1856871492515,663.4205464755539,664.3061151646435,19068571
2025-06-27,688.707763671875,695.5461482438021,685.411533670739,691.7579489936762,7554681
2025-06-30,695.4968872070312,702.532071326989,688.6585628479293,688.7569326735187,3721603
2025-07-01,685.2639770507812,699.137485812335,682.85331572637,696.6284546603314,3524637
2025-07-02,666.0280151367188,687.6254178314616,664.1585079073391,684.5752324096758,3288839
2025-07-03,664.5521240234375,673.259956212654,662.1414625528839,670.6524950201451,6014549
2025-07-04,665.2900390625,673.4075316663374,659.2387932813398,665.0932393520451,3843226
2025-07-07,660.5179443359375,669.0782218321112,658.2548976554153,665.2900823922052,1770086
2025-07-08,658.2056884765625,666.5199810258883,656.5821658879644,661.2066889676049,2820100
2025-07-09,670.1112670898438,672.0299590718067,660.2226977118336,660.4686823234997,3560120
2025-07-10,660.960693359375,676.3101100764135,660.2227394776936,673.0139400935058,3035156
2025-07-11,660.466552734375,668.8181433560604,654.6847147862651,668.1262845468574,4931083
2025-07-14,661.9490966796875,665.0624312305015,654.7835409485524,662.1961848083473,2832157
2025-07-15,676.4778442382812,679.9864833593706,662.8879980955612,667.0390904367322,3786182
2025-07-16,660.5653686523438,666.1495844020308,646.876710669331,666.1495844020308,9358644
2025-07-17,657.6990966796875,664.1727926383229,657.1060490631442,662.1960878983278,2671888
2025-07-18,637.9815063476562,662.6903175927242,636.9931538978535,662.1961413678229,6570609
2025-07-21,648.0133056640625,650.3359097835912,630.074684630759,637.9815042025959,4980207
2025-07-22,632.69384765625,652.2138086257875,631.5572182042745,650.3359148331966,4671422
2025-07-23,646.4319458007812,647.1238046212401,630.6183056725799,634.5223101440796,5191770
2025-07-24,626.170654296875,652.3125874812368,624.3916320322294,652.3125874812368,7248079
2025-07-25,608.6768798828125,622.6126867140058,594.6917278143493,617.7203296384193,16922561
2025-07-28,626.0718994140625,631.4089666873256,603.932779417882,608.676859324421,11583112
2025-07-29,630.914794921875,635.8565574271744,619.2522474742183,624.6387806698444,6858651
2025-07-30,625.4293823242188,630.9147260413856,618.8074092252256,627.6037696540103,6024759
2025-07-31,623.5021362304688,632.0020037305536,615.7929989716926,617.7202983674485,6481051
2025-08-01,607.0460815429688,624.6387429341771,605.1187822174841,622.662038051474,3528632
2025-08-04,617.6214599609375,619.4992933904572,608.7262880574631,608.7262880574631,2955463
2025-08-05,622.7608032226562,625.8247317593567,613.9150977845353,623.1561682997277,3996694
2025-08-06,623.2550659179688,632.3479210345766,615.1506236312364,626.6154885667966,4763826
2025-08-07,620.0428466796875,622.4643220959076,611.0982696302857,619.54867048553,3482599
2025-08-08,602.5491333007812,619.5487482542782,600.8689219648891,616.0401089001872,5493423
2025-08-11,610.4064331054688,616.237736538417,602.0549033797007,603.3397494664154,3348109
2025-08-12,604.7728881835938,611.7901664477222,603.883346849044,608.8251090982178,2787285
2025-08-13,612.0372314453125,614.1127473818808,603.2408708442975,604.9210820104092,5325700
2025-08-14,609.2698974609375,615.6447830123711,604.377540627314,607.144915502377,4279172
2025-08-18,619.4993286132812,630.0747123202115,618.1650768815967,619.6970111761138,5265058
2025-08-19,619.0545654296875,623.2056580024793,607.9355997834144,618.7086661837254,4765094
2025-08-20,609.1216430664062,617.6709164527758,606.1565855207406,616.0895162338707,5710611
2025-08-21,612.5808715820312,614.7552591616006,608.6274615552685,610.801849134838,3993795
2025-08-22,608.6768798828125,614.7552720561549,605.4153286071719,612.5808844309776,3496256
2025-08-25,613.6185913085938,616.534243086003,609.2204711880269,612.7785158600968,6850166
2025-08-26,587.773193359375,613.2232680496962,586.1917933005756,612.6796862862082,18048586
2025-08-28,564.99169921875,581.1018320046863,563.3608935550765,570.0322725577023,20025147
2025-08-29,573.4915161132812,581.793700924327,559.901669759886,563.8550796081464,12236788
2025-09-01,581.7442626953125,583.3256629043375,571.8607376048434,573.244455247209,3886326
2025-09-02,577.7908325195312,589.4534399791705,575.4682283339281,583.1279600120525,4136915
2025-09-03,579.4710083007812,582.0407607718936,573.2444001570278,578.186162227347,6612194
2025-09-04,578.9768676757812,589.0580749836394,577.0990341682009,589.0580749836394,5054056
2025-09-05,585.598876953125,589.058110825422,578.7792203323248,582.1396430808281,4166734
2025-09-08,589.79931640625,596.9648715699623,585.9447177746928,589.0580520789694,2968301
2025-09-09,588.0697631835938,591.9737677939487,583.9680759997553,591.0348208130908,3947645
2025-09-10,597.7555541992188,599.7322591141132,589.7499234235951,591.6277568981968,4708224
2025-09-11,612.8279418945312,615.6447826512673,595.7788616497133,597.7555666056343,8412580
2025-09-12,625.4788818359375,626.3190176908674,612.0373113995756,615.9413160038339,10816255
2025-09-15,616.385986328125,624.2433394949761,612.9761585500006,623.4526696552967,3643666
2025-09-16,610.900634765625,621.0807134191691,606.9472249038206,616.3860392082763,4759255
2025-09-17,615.9906616210938,618.7086308460565,610.5547231711683,612.7785161734106,4633747
2025-09-18,619.5982055664062,623.6504266813876,612.7785491956581,612.7785491956581,4675034
2025-09-19,625.8247680664062,629.8769888823912,619.795782074624,622.6620282390732,6415748
2025-09-22,620.537109375,630.5689116444992,618.165099506938,630.5689116444992,2712596
2025-09-23,621.4760131835938,627.0108231398964,617.2261096813816,620.6853432824781,3586451
2025-09-24,617.8685913085938,622.6620768178888,613.0750454750491,620.8830543775447,2129098
2025-09-25,605.5635375976562,618.7086126710257,603.6856438767845,617.868537246777,4280161
2025-09-26,598.990966796875,610.208802859552,596.717768315759,602.8949708863155,3958021
2025-09-29,604.6740112304688,608.3309273263618,596.1247988119,601.8078253466304,4098133
2025-09-30,608.9239501953125,613.4704078829558,604.0316535871436,604.6740465166182,5882401
2025-10-01,641.144287109375,642.379727750358,608.8745534371997,608.8745534371997,15107673
2025-10-03,638.2779541015625,642.4290461569635,628.5921128551213,637.4872842634485,7200543
2025-10-06,663.6292724609375,667.6320878658984,638.969866477133,638.969866477133,10343487
2025-10-07,659.033447265625,665.1612449451255,655.7718960194514,662.393869958198,3729360
2025-10-08,659.13232421875,665.4577441953944,654.2893727079785,654.2893727079785,2870458
2025-10-09,661.2572021484375,664.172853974036,652.3126244387854,659.1322805512533,2274108
2025-10-10,657.3037719726562,663.5798461021527,655.2776615545688,661.207776138773,2480723
2025-10-13,664.3211669921875,666.3472775827985,651.0772191633766,652.3126598069504,2469940
2025-10-14,666.5942993164062,673.0185900231082,659.2310617492606,667.187286636558,4731724
2025-10-15,669.2628784179688,674.4517287244199,664.7164210025309,667.6320727633858,4687947
2025-10-16,664.6670532226562,675.786018797013,654.5364401437979,668.9663624483745,5309779
2025-10-17,667.632080078125,671.733766875957,662.2949527176021,664.3705290574704,3516617
2025-10-20,685.8671875,690.5124560307979,670.2017651383698,670.4983191296353,6170486
2025-10-21,687.1520385742188,689.3758315793133,682.2596818981615,687.3991266858959,674998
2025-10-23,701.3843383789062,709.3899690725976,687.152039007626,687.152039007626,8911040
2025-10-24,707.1167602539062,714.9247082800504,702.767985419013,702.767985419013,6036751
2025-10-27,711.2183837890625,721.7937668443656,709.8841321395911,712.6021013193806,8133230
2025-10-28,715.2706909179688,718.3839649878772,701.9773382001216,711.1195985005104,7071903
2025-10-29,729.848876953125,733.2587049619982,709.0440699971898,715.2706783518628,10246214
2025-10-30,729.6511840820312,739.1393433145919,724.6106108005295,729.8982721904234,6357608
2025-10-31,740.1771240234375,760.8336526409889,718.5321826982902,724.9070676357712,18363853
2025-11-03,787.17333984375,790.5831679433,749.6653513971951,753.9152549697983,26222030
2025-11-04,787.2227172851562,804.6671619548206,783.022219421425,783.2199019739791,8543137
2025-11-06,783.2693481445312,791.2749791819873,775.8567044712391,783.368159263809,10930939
2025-11-07,811.7581176757812,815.3876111974823,776.4080937433318,788.0422949682985,9765252
2025-11-10,816.4814453125,826.0274835642368,812.0565242646218,817.3764072614222,8623863
2025-11-11,827.6184692382812,828.6128444411848,799.5273697562551,816.481454827392,7336169
2025-11-12,817.8735961914062,833.9327798340911,816.7798077559127,827.6184609438284,4239741
2025-11-13,809.42138671875,821.7018957663081,805.1952922549236,821.3538887342598,6048569
2025-11-14,804.747802734375,813.3491721225039,799.3782132995948,804.9466899042209,5672058
2025-11-17,813.2994995117188,823.6906717874458,804.0517616078506,804.4495359641757,7386312
2025-11-18,815.5865478515625,823.0443618211418,805.4439087145656,815.3876606740047,6684086
2025-11-19,813.4486083984375,822.0499780301578,811.2112642309565,819.5143334453817,3711577
2025-11-20,821.9505004882812,824.0387247838701,811.9073354350811,817.376398931582,3187958
2025-11-21,818.6690673828125,827.3201435219518,806.040490553664,820.3595173144354,3831244
2025-11-24,823.54150390625,834.7779308610681,816.4814039901161,820.3594913167137,8140579
2025-11-25,833.5349731445312,837.1146994234998,822.547139827192,823.5415149815548,5418151
2025-11-26,851.78173828125,854.0190823925685,833.5846849808945,837.2141785937707,7052927
2025-11-27,862.7696533203125,864.609223135352,852.4281271222317,855.1626588802791,6752154
2025-11-28,846.859619140625,867.0951291273532,843.9759069344507,865.1560854502251,8198342
2025-12-01,846.7601928710938,860.1345515039462,844.6720292193254,853.0247445182446,6330770
2025-12-02,838.6560668945312,851.1354635003562,836.0706549626984,850.936576322239,5587375
2025-12-03,823.4420776367188,841.6888989450902,814.3435809851577,838.6560667279031,9931005
2025-12-04,823.4918212890625,831.2976420966053,816.382014547025,825.7788720416294,11436899
2025-12-05,850.0913696289062,852.1795332399207,823.4918334396788,823.4918334396788,12137708
2025-12-08,829.5574951171875,854.0191003038992,826.3257757775041,853.6710932671327,4117973
2025-12-09,841.9374389648438,844.2244896370352,813.199973285857,825.331362071542,5737027
2025-12-10,832.5405883789062,850.98623514102,828.6127944261494,841.2413708791337,3699625
2025-12-11,842.3849487304688,845.8154945101878,830.9993409065718,837.065005160989,4213992
2025-12-12,843.2301635742188,849.9421961262541,836.7667248204069,847.2076643457953,6036788
2025-12-15,850.5387573242188,865.7029783090958,841.0921934320003,847.2076248600156,7193809
2025-12-16,843.6279296875,851.8315249487433,838.2582794215847,850.5387886571323,5171831
2025-12-17,859.3390502929688,870.525771166886,850.1907864177075,851.1851616065001,11621162
2025-12-18,864.5595092773438,871.9676164800468,856.9525149009877,863.6148407213752,12481529
2025-12-19,896.6281127929688,908.361727789705,845.716091390415,864.1120322378256,35297309
2025-12-22,929.5916137695312,944.4575348652642,909.8532907015416,913.83079142592,31894463
2025-12-23,952.4125366210938,954.5504675378743,926.4593686628954,933.4199949328016,14632455
2025-12-24,968.22314453125,978.16689653282,952.6114417504158,952.6114417504158,10574513
2025-12-26,954.8487548828125,973.2446954871676,951.3187351754806,971.0570579796323,4739099
2025-12-29,950.12548828125,960.5664277129121,943.8609367606217,957.5833021610086,4897735
2025-12-30,973.8910522460938,979.0617545047908,955.5448184760786,955.5448184760786,17757531
2025-12-31,990.5965576171875,994.574058301704,973.8910668805872,977.4707932199145,9795995
