Price,Close,High,Low,Open,Volume
Ticker,SUNPHARMA.NS,SUNPHARMA.NS,SUNPHARMA.NS,SUNPHARMA.NS,SUNPHARMA.NS
Date,,,,,
2020-01-01,406.073974609375,408.0842646942593,403.22221154142096,404.81173660058977,2321850
2020-01-02,406.6817626953125,413.8345685698179,403.9234775345867,405.79349363428383,4555670
2020-01-03,415.70465087890625,421.1276870180839,404.90528906262915,406.40130788749445,9457180
2020-01-06,411.3568115234375,415.7980998528417,406.8220166802621,412.2450520688093,4794923
2020-01-07,417.3876037597656,418.88362240375835,409.1127764942835,412.71256333115224,4504083
2020-01-08,411.4970397949219,417.4810854813231,410.4685252548731,414.161818387809,3881918
2020-01-09,411.2633056640625,415.9383460182426,410.4685430970155,413.92808437278154,3934566
2020-01-10,414.76959228515625,419.8186302382001,411.4035574717329,411.49706398708565,4334013
2020-01-13,415.70465087890625,424.1664636640786,413.7878669509212,417.9486648491113,4823348
2020-01-14,417.01361083984375,420.2861391760309,415.5175921793217,417.94861893589723,2708589
2020-01-15,419.8653259277344,421.4081119364904,414.81628849540175,418.50958146457634,3054107
2020-01-16,419.8653259277344,426.6909013660067,418.32256845315766,422.8573629053578,4416809
2020-01-17,425.0546569824219,426.5974145281258,417.0135822017405,419.0706112854662,3216737
2020-01-20,420.23944091796875,426.55074617807327,417.1538967814064,424.68072980470896,2824739
2020-01-21,418.3226013183594,422.3898920957357,417.01359573812533,418.88361186251154,2573651
2020-01-22,417.2940979003906,424.35342607920427,416.40585733806705,419.2576205903316,3412716
2020-01-23,420.6134338378906,422.81070875915015,416.078638475756,418.13566787740007,1875787
2020-01-24,418.6966247558594,423.41843288274754,417.7616166357845,420.75365403369744,2153164
2020-01-27,419.2575988769531,422.38988151366374,413.46056615709705,417.9485933295134,3530914
2020-01-28,423.4651184082031,432.4412009344349,418.9303238915682,419.1173369056442,9487290
2020-01-29,420.8471374511719,427.0649354015224,420.2393879133208,425.28842577773395,3103817
2020-01-30,413.3670349121094,424.25987220514105,411.68400342252363,422.15610424379327,3486193
2020-01-31,406.073974609375,416.4525694132773,404.53121707205264,413.83455835201386,3757229
2020-02-03,390.41259765625,401.02494467057903,387.0933305111912,396.2563979357064,4032780
2020-02-04,397.9861145019531,399.15487439919497,386.01802456786766,389.8515627376563,4848610
2020-02-05,398.5471496582031,403.3624350264166,394.4798592569083,401.5859255793507,3826307
2020-02-06,402.6612243652344,409.53353946724025,396.44342633358417,400.3704716873538,7745520
2020-02-07,402.80145263671875,413.03980209902574,395.6954143526824,403.92347369955655,7402556
2020-02-10,392.98388671875,404.62474879087796,391.11387054871705,400.6977034201359,3638523
2020-02-11,391.34759521484375,397.0979173630944,389.7113311804395,394.57338429634143,4683072
2020-02-12,387.6543273925781,393.91886395102443,387.0933168786716,391.58134392156387,4439987
2020-02-13,391.72161865234375,392.79687216098563,385.2233015451313,387.65432808696085,3924569
2020-02-14,391.34759521484375,397.1446563504052,389.4308401882137,392.70336825702225,2862205
2020-02-17,384.6140441894531,394.1258077836414,383.57810441856896,391.9597754137577,2625157
2020-02-18,384.8494567871094,386.92133618377335,375.80857292739546,383.29556160970014,4187206
2020-02-19,380.0464782714844,390.07622525327895,377.2683090583628,386.4975271490149,5910512
2020-02-20,381.364990234375,387.53349487791536,380.0465057772765,380.32905047816007,4000525
2020-02-24,374.678466796875,390.49999142150443,372.7478454428027,382.8246686347954,12668574
2020-02-25,366.249755859375,378.9634914770146,362.8594206133019,378.9634914770146,10050971
2020-02-26,352.8767395019531,364.4132751786867,350.8048603741437,362.67101710396156,12146582
2020-02-27,365.873046875,367.94492633278304,347.93256533897676,353.1593116554054,15164166
2020-02-28,351.1816711425781,363.1420132809437,349.48651766572806,357.5385397910406,8439591
2020-03-02,347.97967529296875,361.3055488558811,342.1878677715821,355.9846204620898,6915567
2020-03-03,370.62890625,373.3129227097019,351.511227413851,352.2175460221842,14474553
2020-03-04,381.8358459472656,388.8519267834685,364.7900180175391,374.8197363708854,26369149
2020-03-05,381.31793212890625,390.64133360483055,378.35139921477344,386.07382881554133,9874059
2020-03-06,377.55084228515625,379.7169033069543,367.3327604554041,367.3327604554041,6500912
2020-03-09,370.4405822753906,380.3761194824172,363.09485129818734,372.9833120927399,13151861
2020-03-11,363.4716491699219,372.22999038888065,357.9152518746894,371.429490037857,9127352
2020-03-12,334.13580322265625,350.99329826515316,326.22503996382267,344.21262762033587,11662910
2020-03-13,361.8235778808594,379.4815473491434,306.07147078359003,321.13960472985906,15802632
2020-03-16,347.0849609375,373.3129316354067,341.6698514774728,354.1010707774327,14480298
2020-03-17,348.591796875,372.5595548974971,342.9883527504545,354.1010881703675,12903597
2020-03-18,341.622802734375,363.8953794389039,334.4183579216449,361.07010470919164,12342300
2020-03-19,339.4096374511719,352.6413569343157,327.40222082855837,331.21635864690734,8728092
2020-03-20,343.97723388671875,357.39729023958864,341.1048824441078,343.93015746576464,10630619
2020-03-23,305.6004943847656,334.04159965716843,296.70086910769066,324.9065348620775,8018903
2020-03-24,315.6302490234375,327.73184741301714,310.78020013303353,310.78020013303353,6408582
2020-03-25,327.4022521972656,330.3687849578665,310.35642200277476,312.6637412277872,6174391
2020-03-26,318.5967712402344,346.5669998432174,316.52492055049584,343.74172538797376,11670467
2020-03-27,318.5497131347656,331.96976756838103,313.60548255396,326.7900974361084,7745135
2020-03-30,313.3229675292969,323.96482379149205,293.8285611132137,302.91652207909607,11648241
2020-03-31,331.7813720703125,334.3241304742153,309.13210092439766,320.29194032347374,9954142
2020-04-01,323.541015625,334.5595979763083,318.6909666803462,332.44064204260894,6702159
2020-04-03,354.05401611328125,367.0973445347515,320.19779643530023,323.9177529193706,28550430
2020-04-07,393.042724609375,398.2223938408051,365.6846362428983,374.8197007471267,29675052
2020-04-08,411.2658386230469,422.61401402159333,389.08741462638454,394.5967061282398,27810872
2020-04-09,427.9820251464844,446.2992048778427,417.5755798006338,427.9349199924141,31862948
2020-04-13,435.4219055175781,450.06623389696097,417.2930603341377,435.98696618042254,30510226
2020-04-15,423.0378112792969,460.0488984730749,418.2348385257077,447.2409807102306,32508955
2020-04-16,436.6933288574219,440.36618042598946,423.0378337059456,423.7912288389197,16932965
2020-04-17,430.4776611328125,449.1715663763367,422.3314587883557,449.1715663763367,19774082
2020-04-20,445.8283386230469,447.33515753330033,424.3091574020931,430.7131305856253,17893064
2020-04-21,445.5928649902344,462.1207378434644,437.2112231644127,440.60155826816583,30021752
2020-04-22,446.7230224609375,454.304164721667,441.68461017887796,447.28808314736875,13336137
2020-04-23,449.6424865722656,459.4367665940324,446.7230302582305,449.17160744871745,13748820
2020-04-24,457.27069091796875,468.0538340022207,445.96959231026926,449.17159324126146,23394027
2020-04-27,461.3673400878906,475.3995316310474,458.6362470342851,462.4032798641354,19310626
2020-04-28,446.3463134765625,466.54700976232397,442.90887303061817,466.1703122277516,12847910
2020-04-29,449.8307800292969,456.70563185138883,445.59286830314176,448.27688481107566,10166496
2020-04-30,437.3996276855469,456.75274809321814,431.7019730683168,455.810989849727,18471206
2020-05-04,438.3414001464844,446.8643010304444,431.3252895088378,437.3996418724476,16097066
2020-05-05,429.7242431640625,444.9807370741032,427.5582108606198,442.43797850903684,7850482
2020-05-06,427.9349060058594,436.0340320027584,421.9076594756712,432.8320599779877,10829910
2020-05-07,425.8631286621094,438.57686612726087,423.97961200060547,435.09234880740524,11216033
2020-05-08,441.6846008300781,443.94481478778243,427.60530408366577,433.2087769335521,13693803
2020-05-11,436.8345031738281,447.8530557688551,434.4330027596548,446.11082626506504,10294818
2020-05-12,436.88165283203125,441.49626257664926,428.78252601525475,437.9175926702552,9507971
2020-05-13,426.0043029785156,442.1083730188939,423.9795287131865,441.6845703572348,10010310
2020-05-14,429.3946533203125,435.98696057498887,422.66105934660715,426.6164551954845,11764703
2020-05-15,422.4727478027344,432.17284607742323,419.6003679566047,429.3946765425271,7863358
2020-05-18,415.0328674316406,428.1233012059653,408.95851529389734,420.9659328413866,9067298
2020-05-19,415.974609375,429.4417401693259,413.0551532003744,417.9522786073204,10126393
2020-05-20,429.206298828125,431.74905745932773,411.7837721614869,414.27942563867214,7967084
2020-05-21,439.28314208984375,441.6846141032883,426.61648227886906,428.9708778764346,8987658
2020-05-22,442.0612487792969,444.41564404201165,431.37228853853634,439.801035075126,10194204
2020-05-26,432.4082946777344,447.8060478110724,430.3835201885596,443.5681356866774,9801056
2020-05-27,424.6387939453125,437.823409593365,417.57560699099866,437.823409593365,13253937
2020-05-28,432.3611755371094,434.7626473408903,418.7998638271562,427.4640216256533,12632972
2020-05-29,446.6288146972656,453.5507430347055,431.32524434654226,433.2087606974005,12662824
2020-06-01,438.2942810058594,455.52847411502216,431.60779172547973,455.34011097015144,18563612
2020-06-02,445.5458679199219,452.98575291624775,440.88415272959617,442.6264113734645,10978049
2020-06-03,448.4181823730469,453.55077630167176,445.4516496508921,447.2880897237493,7767457
2020-06-04,466.029052734375,468.99558532726456,444.60405360546883,445.4516302405545,19100026
2020-06-05,465.4639892578125,481.23843907079856,463.5333964484143,471.8208570928964,22798341
2020-06-08,460.519775390625,469.70191815148104,456.7998188786163,469.70191815148104,9176155
2020-06-09,471.58544921875,482.8394719343214,463.3450644345981,463.3450644345981,25883378
2020-06-10,470.0785827636719,477.47139011406534,464.80473128656564,473.2334783674908,10636465
2020-06-11,446.06378173828125,465.0402044033124,441.77879327011243,461.4615346105679,18547382
2020-06-12,452.1380920410156,453.8332452092381,428.4999568075524,428.4999568075524,11498488
2020-06-15,457.506103515625,460.8964386462092,445.169094587938,452.9856758349648,10727187
2020-06-16,455.24591064453125,464.75767426506394,448.74778477670304,460.8964598757174,11247556
2020-06-17,457.3648986816406,461.2261133417776,451.19639350106473,455.95226127477457,8222223
2020-06-18,456.0464172363281,460.0488896643186,454.86921946338975,457.3648729939831,4077225
2020-06-19,459.67218017578125,463.297954970215,456.9410871615953,458.4478772796432,8114839
2020-06-22,464.47515869140625,472.0092243393435,457.6944881121908,463.53340048541406,9203804
2020-06-23,471.30291748046875,473.7043894697802,460.99065337069067,464.4751703161429,10732649
2020-06-24,456.1876525878906,474.0810578487961,452.9856805523959,472.7626021565546,8567595
2020-06-25,459.2484130859375,463.8159464282418,449.21869329192145,452.3264840764848,6954147
2020-06-26,451.99688720703125,462.4033044568825,444.69826071102136,461.69698576372025,7489306
2020-06-29,453.92742919921875,458.9658410597353,447.33512213615955,447.8060012120924,5727377
2020-06-30,445.404541015625,455.76388095581973,442.43797976788085,455.2458967147028,8339357
2020-07-01,440.8841552734375,448.0886007308142,439.00063861842744,445.922568073626,5983810
2020-07-02,445.4516296386719,447.28806962902576,440.6957622136543,440.74283862769227,3731827
2020-07-03,449.0774230957031,451.43181869886797,444.50988987752714,449.2186810838569,4666364
2020-07-06,452.2322998046875,453.2211344200777,443.94481038832697,450.1604202655525,5995257
2020-07-07,451.33758544921875,457.69445284991195,448.4181294875316,452.0439040492958,6793452
2020-07-08,454.3983459472656,459.5780162119495,451.99687395698436,454.44542236269064,6279449
2020-07-09,453.8804016113281,458.82463244047034,452.37358265821996,456.32895007742513,3184268
2020-07-10,465.13433837890625,469.84312906656515,454.91625683865107,456.42307560673737,14898919
2020-07-13,470.59649658203125,472.4800126320051,463.6274642049888,466.1702223685231,7504299
2020-07-14,463.439208984375,474.55194408084316,461.5556926127581,470.87909290422596,6996801
2020-07-15,466.2644348144531,470.31398309415647,463.5333421090595,465.416858283838,4710170
2020-07-16,470.59649658203125,476.4824842381995,462.0264928066155,467.11198039351007,11263548
2020-07-17,474.2694091796875,479.8728529173487,468.38342075346065,470.50237658690236,9592466
2020-07-20,455.62261962890625,472.6684493194022,453.550768769511,472.6684493194022,16111398
2020-07-21,449.4541320800781,459.76639658039767,447.3351759833151,459.5780334312795,8470749
2020-07-22,446.6759033203125,459.5780021724553,444.13317342125293,451.7143154446243,9848007
2020-07-23,448.27685546875,453.78614610017223,446.44041567821716,450.1132952592829,5416291
2020-07-24,457.31781005859375,468.80724341701574,453.2211559399832,461.46154059343746,19812185
2020-07-27,447.8060607910156,459.2013416927245,441.684631989456,456.6115064305262,6112617
2020-07-28,454.4925537109375,455.57556998975014,445.6871080054765,447.80606414496367,5917155
2020-07-29,464.2867431640625,467.394533397082,455.95217823346746,457.4119205321459,8531803
2020-07-30,480.2496032714844,483.31031740673313,458.91875715214593,464.4751534975101,17534819
2020-07-31,500.73291015625,509.4912510347106,477.9423473199919,484.29921597892775,41253676
2020-08-03,489.14923095703125,508.7377899763035,486.700625154398,502.99303048118446,25348229
2020-08-04,498.1430358886719,501.39211333455887,487.12445291061937,491.59780458065404,11950138
2020-08-05,498.0489196777344,506.6660322518621,496.35376601014093,506.57187940158514,10928555
2020-08-06,501.2508239746094,509.91501129137947,495.50612169433475,502.8047480650313,10919796
2020-08-07,495.31768798828125,504.26439000686855,492.16276384088326,501.29782897698516,7275403
2020-08-10,512.1751708984375,518.7204018438786,495.36481012493437,495.36481012493437,16271180
2020-08-11,509.5382080078125,517.590228258823,503.93473582225283,516.083438292446,7774058
2020-08-12,501.1566467285156,509.2557442176891,498.89640406716745,509.2557442176891,7405695
2020-08-13,490.467529296875,504.73518524410673,488.81945288292025,501.15651652701655,8729438
2020-08-14,500.4031982421875,504.7823968788962,491.5977820350444,493.01041933974284,11787355
2020-08-17,497.5779113769531,506.19502171550903,496.3065608261828,504.8765372714558,6657699
2020-08-18,495.3647766113281,502.8046888339443,493.62254706215634,500.73280945090585,5555588
2020-08-19,495.7422180175781,502.81885764902523,494.7514423973029,500.08253395559603,5414452
2020-08-20,492.81719970703125,499.98822948458303,491.63775970314225,494.8930256318448,4886692
2020-08-21,502.2998352050781,508.2914243749863,494.7042538633855,496.8272456564582,9833484
2020-08-24,503.33795166015625,508.2444348038461,498.24274655135184,508.2444348038461,5675533
2020-08-25,495.4591369628906,504.9418807266119,493.9023107017181,503.47932904057114,4414315
2020-08-26,495.50640869140625,500.08261334361066,492.7700845635861,496.3555710280798,5205745
2020-08-27,502.20562744140625,506.68750011467387,494.7987661646839,499.09191689163293,8564601
2020-08-28,524.3790283203125,532.870996390277,504.56443615706183,507.7253123471665,29017731
2020-08-31,490.8829650878906,529.3327119929008,485.0329307279317,529.002491803889,20056792
2020-09-01,492.01531982421875,497.8653551440864,477.6261483760065,491.77943176769065,13860865
2020-09-02,485.4575500488281,495.9309552063617,480.45673549243685,493.949518854347,9636136
2020-09-03,493.9023132324219,497.11035552602516,483.6175732441724,489.27888532801364,10052098
2020-09-04,483.5232238769531,500.4599934432069,479.56029404128,488.75992585023715,12380025
2020-09-07,484.278076171875,488.9486702072347,475.78610795843736,486.87284423709207,6320017
2020-09-08,473.5687561035156,488.42972930834935,470.5022120189308,483.09863732536377,8519561
2020-09-09,480.551025390625,483.8534574133622,465.73727616558546,468.94534722868866,10532163
2020-09-10,479.27728271484375,487.53336327980617,475.2199915602508,483.7591550215376,8572739
2020-09-11,477.0127868652344,483.4289300876568,474.2293252474612,478.38094902637727,5189670
2020-09-14,467.8131103515625,480.26800934165374,466.11472812333386,477.0127431434704,8041379
2020-09-15,477.8147888183594,483.47613034524403,468.00185250861546,469.8889567526018,11686574
2020-09-16,489.23175048828125,490.6470785996263,474.9841084084226,481.3530849094755,10080107
2020-09-17,483.0986022949219,492.4397897111703,481.68327435851097,487.62764017346854,9959257
2020-09-18,493.8079528808594,504.80035753413057,485.9293161309855,488.2410302208404,25685130
2020-09-21,475.219970703125,498.4313562317271,470.8324595544379,494.23253821071745,9977984
2020-09-22,480.1264343261719,485.9292732870229,465.7372665249542,480.7397373587149,9862141
2020-09-23,474.5122985839844,491.5905956704847,470.12478751020916,491.1188196669621,10846053
2020-09-24,458.3775939941406,472.95548530865665,455.73565965901474,469.4171649696891,8768744
2020-09-25,462.0102233886719,468.00178424841715,456.53763339728397,468.00178424841715,9665092
2020-09-28,481.305908203125,483.0986513456182,460.925178090497,467.0582664376582,12221177
2020-09-29,477.578857421875,488.61839896980723,476.02200232093975,488.61839896980723,8592449
2020-09-30,472.20062255859375,487.0615669564154,470.1719626683498,479.3244288313265,12981899
2020-10-01,478.2865295410156,481.68332268820313,473.002632289271,476.5881473648836,6733075
2020-10-05,493.5719909667969,495.4590948245783,475.36145025717394,478.38082794759214,8831627
2020-10-06,491.63775634765625,497.81801040788514,489.70348627244863,496.30835024914836,8537178
2020-10-07,482.86279296875,493.38342204592436,480.45674660285044,486.96722161705804,8346531
2020-10-08,494.5156555175781,496.3084276266954,482.86280957787335,485.55191015169675,9392711
2020-10-09,483.9478759765625,499.4220952503518,482.2022701067246,495.36483289886394,11468529
2020-10-12,484.8914489746094,488.14665765946876,480.5510747450467,485.8350010780121,7092628
2020-10-13,474.74822998046875,490.59992242471526,473.2857357538373,484.9857759516629,8851580
2020-10-14,473.8518371582031,478.8526513588586,465.4542011230654,474.74819430251245,7640368
2020-10-15,462.6235046386719,476.2106756098631,461.39689863470716,476.2106756098631,6605127
2020-10-16,459.4154357910156,466.8223243106641,457.8585808423441,463.2840045205378,9085611
2020-10-19,456.3489685058594,463.18972124734626,453.7542002246057,462.29336402714085,5158764
2020-10-20,458.89654541015625,460.9723426438069,453.28239919305156,457.57557829875617,5550859
2020-10-21,462.52923583984375,464.41633997824385,454.3203213198335,461.39696183883405,7269981
2020-10-22,458.1416931152344,463.66147844811314,454.50904070510643,463.47278531228477,6428694
2020-10-23,457.1509704589844,466.5864910050934,455.6412814126222,460.45340265012254,6578265
2020-10-26,447.7154846191406,459.88730130817845,444.50741314376313,459.88730130817845,6499259
2020-10-27,443.89404296875,449.8384089577214,440.87466509805,447.8097779484643,7693069
2020-10-28,437.24200439453125,448.8948777093982,435.3549003368985,446.30010963015314,7723679
2020-10-29,430.5899963378906,437.8081639719783,426.72142706104995,436.8646118944525,8297097
2020-10-30,439.4593505859375,442.5258946318941,430.118191404931,432.7601255265555,8680701
2020-11-02,442.9032897949219,444.41297870875536,433.1375211280064,441.4879618372507,7737909
2020-11-03,458.1888732910156,462.90663345917903,439.45935966442227,445.403725958339,16853462
2020-11-04,476.16351318359375,488.9958262003193,467.19976914325986,471.6816411634268,48182254
2020-11-05,483.5704345703125,484.98576267149394,474.13491389576984,479.32445026676834,14095319
2020-11-06,480.4095458984375,486.6369955166761,478.14502661769393,485.92933144176095,9251548
2020-11-09,481.3530578613281,488.7599469868116,475.9748286173843,483.57041087015625,9718357
2020-11-10,463.189697265625,485.2216434720015,461.39695412310886,482.15509929838163,12767338
2020-11-11,477.4844665527344,479.65465337728637,464.2275727908029,467.05822872245415,11754997
2020-11-12,480.50384521484375,488.4768709538538,473.8518152821207,475.5030312450583,10911897
2020-11-13,479.74908447265625,486.68416948316485,476.0692081875798,483.05151687572715,9501329
2020-11-14,484.98577880859375,486.40110695686786,481.40029235093596,482.1551225120455,1766237
2020-11-17,489.13739013671875,493.8551502360704,485.0329042963758,487.81639427296227,12411197
2020-11-18,484.042236328125,489.09021712133756,480.26802785773026,484.98578844572364,6483702
2020-11-19,478.71112060546875,487.01439561505066,476.49376761106646,483.0986317165664,6843207
2020-11-20,474.8425598144531,483.57041610513113,468.00180758662447,481.2115360265695,7594535
2020-11-23,483.9006042480469,487.25025980974806,472.7195364517418,475.55019235863847,8931512
2020-11-24,490.78863525390625,493.2418476149999,479.51317643034264,484.51399091401714,9096230
2020-11-25,477.62603759765625,496.3083558236183,475.6917387058011,491.77931770669477,10673809
2020-11-26,482.8155517578125,484.0421577937074,473.9461402554805,477.43729404213633,7494355
2020-11-27,482.7684326171875,491.40192868785545,480.45674721844324,484.985785840619,12954065
2020-12-01,508.9048156738281,512.1129159353425,483.7120200037034,488.7600008374157,25388623
2020-12-02,513.9056396484375,516.122963897984,505.7438914978418,510.36731951202535,14234038
2020-12-03,517.3023681640625,520.3217459896005,510.46161637347524,518.9535841135146,9345458
2020-12-04,536.9282836914062,540.5609936456415,514.4245902863581,518.9536286181471,16177536
2020-12-07,549.4302368164062,558.1109254504238,535.041070944692,538.1547805661779,21232768
2020-12-08,536.5980834960938,549.1473147375912,533.8617594073379,549.1473147375912,10673103
2020-12-09,537.4000854492188,550.9872586850138,534.7109850081039,538.7682475081463,11144200
2020-12-10,533.2957153320312,542.3066273303804,528.4835645547423,537.8247543772368,6755693
2020-12-11,536.031982421875,540.6082451512339,530.2763370309688,535.8433180535353,6968494
2020-12-14,543.7219848632812,545.98653330256,536.2678990413594,536.2678990413594,8582193
2020-12-15,539.3815307617188,547.2601670269447,536.8810948936751,542.5424069663676,5896090
2020-12-16,544.0520629882812,545.8448348335252,538.7681947967898,538.7681947967898,5135499
2020-12-17,539.0984497070312,553.2045646073539,537.5416233525197,546.7884220785006,9025916
2020-12-18,542.5423583984375,544.3351300969072,535.9374949048913,541.5988064707881,4940687
2020-12-21,521.3596801757812,552.8271759874702,509.2350592188423,541.4101614869606,12715463
2020-12-22,536.2205810546875,538.8625150922414,509.89551525177967,521.7842472156939,8012096
2020-12-23,542.1650390625,544.0049772618,534.1448458361917,537.8247222347918,4958783
2020-12-24,557.120361328125,561.4135119604405,539.8533690328582,542.1650256572849,7486583
2020-12-28,553.8179321289062,565.6123337093419,551.553383989522,565.187723734476,12299793
2020-12-29,557.2616577148438,562.3568603580468,550.2322430322324,556.5068278095104,7430043
2020-12-30,551.0344848632812,561.4135590644731,548.6756043630104,561.4135590644731,5589703
2020-12-31,558.9130249023438,561.3191286634965,549.194450459708,551.647720304642,8835267
2021-01-01,562.5927734375,565.8952048119759,552.7798114602671,559.0544541077044,8229768
2021-01-04,570.282958984375,575.0478859616715,561.6022674354219,566.1313063683982,11329298
2021-01-05,569.3865356445312,574.3401842511506,566.1312693279255,574.104296222264,7790158
2021-01-06,571.1320190429688,576.463110925213,562.4985527218835,569.999745115165,6422080
2021-01-07,567.9238891601562,573.6795324863383,564.2440138599183,571.8395948362194,4555702
2021-01-08,585.7570190429688,587.6441228785387,569.9053583421482,572.7360140955033,11451416
2021-01-11,585.9458618164062,592.5507266033867,579.3881631170769,588.493464037926,7516087
2021-01-12,575.2365112304688,588.6821274968053,572.783241427967,585.9458036066655,6747035
2021-01-13,568.3014526367188,579.8128004699596,563.5365257618931,576.5103679204968,6186661
2021-01-14,572.7831420898438,577.1235151769724,562.7343493874673,568.3012707783585,6730284
2021-01-15,570.1884765625,581.9828768620298,564.3384424959642,574.6231825930922,8389544
2021-01-18,548.6282958984375,573.0662569855238,545.7976400326856,569.9997131309593,7414570
2021-01-19,562.8759765625,568.9618989397757,550.4210777045552,553.77073362923,5500391
2021-01-20,561.1304931640625,569.5280730151441,559.4792768484737,567.2635823362494,5182972
2021-01-21,549.9963989257812,564.951672781002,547.8734072535353,564.2440088902533,4546393
2021-01-22,542.7311401367188,553.8178765088855,538.3907662371121,549.9965022985759,5591688
2021-01-25,553.2989501953125,560.469922804686,534.9940172226549,544.5238699785128,8149590
2021-01-27,537.6358642578125,552.8270844908835,531.9273867472727,552.8270844908835,8534047
2021-01-28,532.4935913085938,542.0706679205001,519.3310859139956,523.5770702580204,9863454
2021-01-29,553.1102294921875,566.1312364116868,522.8221737902538,535.9375704697302,22539938
2021-02-01,556.8372192382812,565.5650749781299,546.8826998631207,562.3569752378163,12621971
2021-02-02,575.0477905273438,582.0772645994515,558.1110202379936,563.2533902687218,15788247
2021-02-03,593.6829223632812,611.7991320507191,576.0384886698401,577.9255926458264,23788455
2021-02-04,595.8530883789062,604.8168323846063,590.8994403757562,596.7966403795062,7926593
2021-02-05,598.9195556640625,607.8832985215789,587.9743768950295,597.7401158143892,10981738
2021-02-08,598.8253784179688,608.4495640090463,596.8438844040371,604.7225791918405,6479801
2021-02-09,593.5427856445312,608.4384871355386,591.0681275106288,601.4427764965226,5794015
2021-02-10,596.8740844726562,601.1096084167964,584.5006776791151,593.0193039748656,6902162
2021-02-11,612.6263427734375,617.480501513338,592.0198411426531,592.0198411426531,11433578
2021-02-12,596.9216918945312,622.8582548713456,592.3530031340745,622.8582548713456,15471776
2021-02-15,597.2548828125,606.5825171724258,593.2573086315892,601.5379855577689,7310676
2021-02-16,600.7288818359375,603.9173901304372,592.9716848719659,600.5860885300328,6137454
2021-02-17,591.3060913085938,601.9186906716113,589.925968893319,598.397017020209,4700733
2021-02-18,586.3567504882812,597.0169288719726,584.5007276917812,592.019975700864,5633766
2021-02-19,578.0285034179688,592.305512681182,572.2225428882484,586.2140235848574,7301975
2021-02-22,566.60693359375,581.4074225597575,561.9431451143703,578.6948138571236,5330343
2021-02-23,574.9352416992188,579.0279733787391,563.4660540753005,566.3214563763577,7564187
2021-02-24,572.46044921875,579.9796386657753,567.1303313125436,577.8380874402367,3296243
2021-02-25,580.1699829101562,589.0693524373553,573.6501727252397,577.1718461924038,6261754
2021-02-26,565.9406127929688,591.4012788101403,561.5623532759333,575.7917838462458,15404415
2021-03-01,575.3157958984375,581.3597055425455,568.2724493032421,571.0802722605141,5274758
2021-03-02,584.5958862304688,586.6422224757879,575.3634096431769,579.646511948213,4776776
2021-03-03,594.256591796875,595.2560287508626,582.7398295101839,586.7849814504343,6626297
2021-03-04,589.1168823242188,606.0589182030312,586.3090594630031,592.0198619902401,11530735
2021-03-05,581.7406616210938,589.5930182351645,577.647929792422,589.5930182351645,6127488
2021-03-08,585.1669311523438,591.924749504861,581.8356294286962,582.0260011458487,4554461
2021-03-09,583.0728759765625,590.9728654212761,578.2187173888829,588.2126211462215,4035628
2021-03-10,595.8270874023438,597.6355315119671,585.6903892755151,588.2126837294703,5825924
2021-03-12,584.0247802734375,598.8253249465606,582.0260224035637,597.730731102924,4264170
2021-03-15,576.315185546875,584.4054895553778,567.7489813025779,584.4054895553778,4030762
2021-03-16,573.26953125,580.5508296042814,570.3665508285652,576.7912053435302,4189930
2021-03-17,556.5653076171875,574.8874660979585,553.9478564056487,574.8874660979585,7667561
2021-03-18,546.85693359375,563.03754114507,544.4298540797097,559.0876041576329,5537584
2021-03-19,550.4261474609375,554.5665139648355,535.0069697051728,543.4780163141077,6186643
2021-03-22,562.51416015625,564.9888185033742,550.7118093623526,550.7118093623526,7033955
2021-03-23,559.5159912109375,566.0358605467527,554.8997812764047,562.7045582577863,5341729
2021-03-24,557.0888671875,568.2249455788094,555.0901092092149,556.8033386325017,7299582
2021-03-25,547.9992065429688,559.6111857166859,543.954053911084,556.232305136948,4710869
2021-03-26,558.897216796875,561.8477748539274,546.904496679926,552.8532492895374,5761818
2021-03-30,568.8911743164062,570.1285033561165,558.9448474054749,566.2737229237028,4637718
2021-03-31,568.986328125,576.791103855231,566.9875703093533,569.3670715628815,5269919
2021-04-01,581.3121948242188,583.1682175438312,568.558044021375,571.0803387548608,6033653
2021-04-05,579.4562377929688,582.4544331486319,564.1798486181723,582.2164829805096,5353987
2021-04-06,590.5446166992188,591.9247390074842,574.4115870192898,579.4085395161436,7444994
2021-04-07,591.11572265625,598.1114915866506,586.4519347959451,591.068144247192,4757224
2021-04-08,584.6434936523438,595.827150226076,583.7392715021913,590.639825558324,3222479
2021-04-09,606.0588989257812,611.0558509781729,580.1223382728915,583.4536396411526,16755446
2021-04-12,589.4976196289062,614.7203330154484,585.5476823884987,608.2005227924706,15229597
2021-04-13,597.1121215820312,604.9168986227347,586.4043641432527,593.9236126042491,7399207
2021-04-15,602.7276611328125,610.5800151862602,596.3030078163554,603.0607680674603,8588761
2021-04-16,614.9107666015625,618.6703905938308,596.1602831449052,602.7277305285282,9804095
2021-04-19,609.7710571289062,620.0029132349464,604.3933606823666,612.9595657944002,11340358
2021-04-20,614.05419921875,627.71251501163,608.3433954430566,612.7692335132389,13831258
2021-04-22,609.104736328125,626.2847235859506,607.3438705623719,619.3365916146736,11295290
2021-04-23,607.2012329101562,614.672844733794,599.7771995000937,605.8211103566694,7668180
2021-04-26,604.1078491210938,612.9595830338232,600.586175301774,612.9595830338232,6527947
2021-04-27,608.4385986328125,611.4843724972693,601.5380435446813,602.20431565461,5112384
2021-04-28,612.3886108398438,616.1005988182552,607.5343922773434,610.056687440601,6069155
2021-04-29,613.4353637695312,620.5738668389982,610.1992191407248,617.6708872094057,5676290
2021-04-30,622.9058837890625,634.4702256568538,609.247510991844,611.0559552806158,10874266
2021-05-03,627.4269409179688,631.9479935790303,618.7655209639577,622.4299879767955,6567597
2021-05-04,614.05419921875,632.852261647074,611.0560039991909,630.0920165848355,5604638
2021-05-05,650.4606323242188,654.7437355447207,611.2940096371954,611.2940096371954,25296369
2021-05-06,646.6533203125,663.1194582955492,640.8948804800407,656.5995896377394,11153908
2021-05-07,646.7008666992188,657.6941509465996,644.940000903661,648.1761458677777,6466334
2021-05-10,664.5470581054688,669.5915886615179,650.6507372587957,654.8386823015271,10924222
2021-05-11,673.9699096679688,687.0571665207405,662.6435185931815,664.832648120805,14760511
2021-05-12,668.9729614257812,680.4897823875026,666.2603532249681,680.4897823875026,7250661
2021-05-14,658.1224975585938,676.7301865692293,653.8869735204789,669.1157822196459,6851035
2021-05-17,654.02978515625,664.8326983924522,647.2719662507568,654.8387924037326,6318234
2021-05-18,657.5038452148438,662.310426643389,651.7454631828915,657.6942169541849,4080423
2021-05-19,669.4965209960938,672.685029557883,657.5037993733264,660.8351012529905,7745431
2021-05-20,653.744140625,667.8308342935798,651.9833329630732,666.2603402542354,6226376
2021-05-21,657.1231079101562,661.0254668384798,654.8387634051463,658.4080153859156,3434231
2021-05-24,657.6466064453125,664.7375322132713,656.3616408374486,657.694184854501,3722957
2021-05-25,662.5482788085938,663.7856658846619,657.6941196864296,661.5013215370022,2800233
2021-05-26,669.877197265625,672.113963353312,662.6435365195373,665.784466630515,6235460
2021-05-27,665.7844848632812,675.5404405028075,661.0254821122928,673.1609391273133,9875654
2021-05-28,637.4683227539062,661.025382833278,634.1845997302456,660.5494826296542,28316552
2021-05-31,636.0881958007812,643.1315419991968,627.2364636980548,639.609868899989,13947126
2021-06-01,638.7056884765625,640.8472395162976,632.2810353573572,637.8014664189052,6443084
2021-06-02,644.7973022460938,645.4159377553208,637.8491697632248,638.6581770034816,4978457
2021-06-03,642.9412841796875,648.0333939850948,641.0376830422199,645.320785601522,3604574
2021-06-04,641.4658813476562,646.5104117715301,640.3712876671515,646.1773048739601,3747803
2021-06-07,642.7985229492188,645.1304460776987,638.5630566815319,641.466036942444,2793705
2021-06-08,646.0347290039062,647.1769014694249,633.0426261335776,640.5618749460463,5695920
2021-06-09,640.4189453125,651.697816130897,635.4219926709209,648.2237210570536,4492551
2021-06-10,643.4647216796875,648.1761458119572,640.5617417495554,640.6093201562868,3099864
2021-06-11,648.461669921875,653.2682508348174,641.5611162873985,642.6557101012186,3822099
2021-06-14,644.464111328125,650.746029640211,639.1816300405096,649.1279571313422,3640962
2021-06-15,640.752197265625,648.5569740689332,639.3720747301675,644.4641848755141,3862284
2021-06-16,636.3262329101562,647.700260865842,634.7081603899957,642.4653579492186,4842448
2021-06-17,632.994873046875,641.0851768129934,629.758786396401,639.419526037616,2776147
2021-06-18,636.2786865234375,640.5617891253155,621.240249006614,634.8509856561448,4158743
2021-06-21,638.9912719726562,642.2749954680925,630.0919601236359,630.0919601236359,2932177
2021-06-22,634.6605224609375,647.4622500114647,633.7563004233001,645.3206990191445,4577152
2021-06-23,633.185302734375,639.9430632616783,632.2335022041467,634.66058193757,2631031
2021-06-24,632.7569580078125,638.6581327006047,629.6160279902384,632.1859009476325,3460776
2021-06-25,639.8479614257812,644.7497578149681,632.7570352476241,632.7570352476241,3010243
2021-06-28,643.7026977539062,647.1292145760835,637.2780440672807,642.4653686625485,3342385
2021-06-29,644.9400024414062,648.6520476683146,640.6569001457241,640.799693459564,2937766
2021-06-30,642.8936767578125,650.508080964065,641.7515045082159,645.368334887527,3768943
2021-07-01,651.17431640625,652.7447523296789,641.2279898513713,642.4653188467885,4102748
2021-07-02,648.4140625,656.2664162844037,645.606239528131,652.4592144495413,5071894
2021-07-05,647.4147338867188,651.9357864165237,645.8918181785974,651.0315642919038,1600769
2021-07-06,640.7996826171875,650.0797374341464,639.9906754345642,645.320734963911,2682423
2021-07-07,647.3196411132812,649.1280857037369,633.9944311428233,635.8028757332789,2576763
2021-07-08,634.7557983398438,648.0810057943877,633.042510906767,644.3689604804471,2548016
2021-07-09,635.7075805664062,639.8954679326915,632.1859070790284,634.3750366220062,1994075
2021-07-12,636.3262329101562,640.4189635717665,634.2798966259982,636.3738113180121,1555035
2021-07-13,650.0797119140625,656.1236215766797,636.7545055205093,637.9918344955385,7744032
2021-07-14,652.8875732421875,659.0266981671683,648.1761490861188,649.080371191755,2663467
2021-07-15,650.0797119140625,655.0290859074688,648.4616395190445,652.9351132841097,1905193
2021-07-16,655.4098510742188,662.1200915858824,649.7466841417204,651.888235430133,3479357
2021-07-19,656.028564453125,658.1701158060732,645.36838609979,645.36838609979,1940882
2021-07-20,643.8455200195312,658.2652640862715,641.418440136347,655.790605792299,2724983
2021-07-22,654.1724853515625,655.0291290563223,642.9888292488415,647.2243531787435,2047831
2021-07-23,660.549560546875,665.2609847371576,648.7472108675097,653.1255281132777,3956261
2021-07-26,669.4965209960938,671.019378618051,661.6917449736504,661.6917449736504,4715053
2021-07-27,655.1243286132812,671.6856819683334,641.3707985922514,671.0194099426386,5327355
2021-07-28,654.6483764648438,658.5983718024029,640.1334187470866,655.124276717885,3332667
2021-07-29,669.1157836914062,671.9236069201501,647.8906431389154,654.6484037767168,4397443
2021-07-30,736.6459350585938,745.9735674088122,662.5958751692375,669.068106304494,35893710
2021-08-02,737.6453247070312,763.2487792148225,727.2706769028691,747.1633288967994,18661462
2021-08-03,756.4910888671875,765.5807727815425,728.3653933653678,736.6460700245744,14678219
2021-08-04,747.8773193359375,759.4417198305672,742.1189373408747,752.8742724718123,5796169
2021-08-05,748.2579345703125,756.1102881523226,745.5452684769178,747.6392410507782,5026619
2021-08-06,747.3538208007812,758.0615772364649,743.8797254754408,748.5911499258009,4064324
2021-08-09,750.7802124023438,754.7777860657386,744.3079807104762,751.1133774287133,2873586
2021-08-10,755.1109619140625,760.2982866594314,744.4984203731944,751.8748748194328,5656020
2021-08-11,741.97607421875,756.6814036825601,736.027321045145,755.7296031747834,4275776
2021-08-12,741.1195068359375,743.5941649796722,735.8846039144806,742.4044143157048,2821380
2021-08-13,740.7863159179688,750.4946926154831,730.6496754710208,731.9345829059056,4319920
2021-08-16,743.1657104492188,745.2596828626364,733.8856569269828,737.8356516635044,2310304
2021-08-17,746.3544311523438,754.9682145877316,740.691206210858,745.2598372727984,5686055
2021-08-18,745.1647338867188,753.2550392137335,741.7382167745913,750.0188938456076,4036305
2021-08-20,724.4630737304688,746.6400168204606,707.520976019176,737.6454892362743,6238261
2021-08-23,724.65380859375,734.8172128228891,716.4944862564786,730.0456724798834,2375417
2021-08-24,736.1055908203125,742.404059751637,719.7869442524718,725.0833429984307,2732537
2021-08-25,733.9105224609375,740.5429744093606,724.8923006207317,734.817126669082,2254852
2021-08-26,725.7989501953125,735.8668881186702,724.558361423309,730.1888020183839,1735864
2021-08-27,736.5350341796875,741.4974483144593,723.4610005974603,725.9899405472651,2432862
2021-08-30,751.2313842773438,758.6272724097976,733.0518257429688,733.8629643686347,3617125
2021-08-31,757.7683715820312,764.4008248451254,747.8913055707734,751.4699611178012,7435465
2021-09-01,752.471923828125,767.1682916123352,751.0404617028971,758.7226301256849,2811619
2021-09-02,753.8557739257812,759.2953423127893,752.281142097896,754.1897584971024,2679549
2021-09-03,753.330810546875,760.7744018118922,748.1775236922944,756.7662962857008,2860730
2021-09-06,748.416015625,756.8616177498401,744.1216298165045,753.3307249043677,4613445
2021-09-07,734.721923828125,747.223338244791,731.5726600966788,746.2690300222561,3851664
2021-09-08,741.9268798828125,743.3583421020553,728.6619733526238,732.2406289007308,2548562
2021-09-09,740.829345703125,746.5074903889086,736.2009748458471,736.9167059008699,2008287
2021-09-13,744.6466064453125,747.2232499911024,736.3918762431537,740.829374006022,1935832
2021-09-14,745.6963500976562,751.9947600687306,741.7836520581227,748.8455550831934,1996844
2021-09-15,744.9805908203125,749.8475385002702,743.2150860077608,748.8455267127895,1393824
2021-09-16,745.3623657226562,748.7024442333812,742.7380183213724,744.3603538187081,1353677
2021-09-17,734.721923828125,751.8994718337524,731.6204221048866,749.1319546898607,4052622
2021-09-20,721.9342041015625,739.3503299771124,717.258070293969,731.6681600757983,2206369
2021-09-21,729.5685424804688,731.3339891670048,716.7330868856639,721.9340776801499,2123997
2021-09-22,734.91259765625,738.6344223074983,729.568495935507,730.0456499550855,1817865
2021-09-23,734.6741943359375,741.6883950298218,731.0955383430437,735.8670796669021,2109768
2021-09-24,735.2466430664062,741.1633645797618,727.1827284572123,733.8628847553757,1777859
2021-09-27,728.1848754882812,739.111716254549,725.3696545905269,736.2010878333527,2862731
2021-09-28,739.6841430664062,754.8576642945034,720.4548708896415,731.6679904287823,4938824
2021-09-29,774.2301635742188,782.2940788111106,736.1055426556555,748.177563632706,18565413
2021-09-30,780.8624877929688,794.8908264456659,769.7447767672264,777.570113683713,10478553
2021-10-01,788.8310546875,792.7437528578358,768.5043037416774,774.898179681421,5730355
2021-10-04,793.984375,800.5691244854377,788.6879764554592,792.0757587139423,4007435
2021-10-05,783.009765625,796.2746709981101,777.7133675250682,790.1670760968922,2987134
2021-10-06,764.01904296875,786.34987584842,760.8698378822181,782.9620937364487,2910453
2021-10-07,785.6342163085938,788.5925483948783,767.3591911973488,771.128720191798,4089061
2021-10-08,783.8687133789062,795.7020991238146,781.1966040447652,787.3996068272371,2753935
2021-10-11,794.5092163085938,797.992464256758,780.4331714916116,788.2585097509996,2988841
2021-10-12,791.7894897460938,804.2431995493536,786.0636408024021,795.4158490944957,2407031
2021-10-13,804.0523071289062,808.1081167008098,789.4514043193232,790.1194316627882,4113083
2021-10-14,802.8594360351562,811.1619286006916,799.9488078229762,805.3406721763314,2300231
2021-10-18,797.7061157226562,812.1161438604213,794.1274605646344,811.1618358182822,2632795
2021-10-19,789.5468139648438,803.7183247491913,787.9245367287815,798.7559107867903,2029762
2021-10-20,777.6656494140625,796.6563445677417,770.6037465803012,787.35184112606,2089252
2021-10-21,781.0057373046875,791.1213794123889,773.0372300793272,785.4432348228266,3155655
2021-10-22,775.423095703125,789.0696909520638,763.5897092846556,787.399651646339,1709523
2021-10-25,776.0432739257812,783.725441643614,759.1997144993803,772.9894766895918,2129988
2021-10-26,776.3297119140625,786.2545403802804,769.4586813025538,779.6697905762619,1628608
2021-10-27,787.399658203125,800.1397073892658,778.5246037537819,778.5246037537819,3569869
2021-10-28,770.6991577148438,791.2645427849703,766.3570677375507,786.3021292767751,1647229
2021-10-29,758.6749877929688,779.2403170077728,743.7400417787568,763.4465285966982,4321416
2021-11-01,774.707275390625,776.6635952742857,751.0404470317765,762.4444400559238,1935341
2021-11-02,778.142822265625,797.8015451759697,746.9846405340793,777.4270912143307,17608860
2021-11-03,751.9470825195312,784.4412618254403,745.6486140826153,782.5326456166192,9452138
2021-11-04,759.1043701171875,760.5835359845765,752.4719173448415,760.5835359845765,485870
2021-11-08,763.4464721679688,766.3093964385987,747.2232346343994,761.5378559875488,4280584
2021-11-09,764.73486328125,774.8982690494662,760.5836458527397,763.4465704920849,3232291
2021-11-10,774.0391845703125,777.7610090162873,760.5834652588723,763.2078122218107,2900645
2021-11-11,758.5317993164062,773.4190411998536,755.9074519399313,771.9875789945037,2107377
2021-11-12,769.6494750976562,771.6057950341907,759.7246476565081,767.216001115804,2076523
2021-11-15,773.6576538085938,782.1987236758553,769.7927173256996,771.3672908761793,2109222
2021-11-16,761.96728515625,780.0991383676379,759.295234226998,775.1844285407512,1512946
2021-11-17,755.191650390625,768.2179785427116,751.422180198575,763.446438303316,1662900
2021-11-18,754.5237426757812,758.0546361428239,744.4557453553381,753.9034190957086,3177648
2021-11-22,735.5330810546875,757.7207477877677,730.0935123998876,755.6689617590706,2894426
2021-11-23,749.32275390625,755.5734604966436,726.7533433759522,734.8172587084505,2739763
2021-11-24,743.3582763671875,760.5358214790978,740.1136056586233,747.7003663989854,2404041
2021-11-25,747.1279296875,751.2791471512433,738.9685477990336,740.1614330755518,1861259
2021-11-26,732.24072265625,762.3968988839458,727.182900483262,739.5889079718215,5432649
2021-11-29,716.7330932617188,739.5887841102663,714.8244770446601,737.6801678932075,4664270
2021-11-30,719.1664428710938,726.8486684127812,711.9614295474563,716.6852655167069,5505266
2021-12-01,711.2935180664062,728.3756563316474,706.5219775729137,722.172653690107,3687799
2021-12-02,731.2386474609375,735.5330342975759,712.0093142161166,718.594063997502,4896650
2021-12-03,717.44873046875,736.6303558881831,714.6812722639288,736.6303558881831,3135454
2021-12-06,703.4682006835938,718.1645096708498,700.1758262696529,716.8762171049491,2577704
2021-12-07,709.718994140625,716.6854320976306,701.4165014537397,707.237757963184,2583462
2021-12-08,722.93603515625,728.6141795736426,713.2020816187684,715.9218944471024,2530785
2021-12-09,725.03564453125,731.7635055953007,721.600158359158,723.5564784917756,2604449
2021-12-10,726.5624389648438,739.5887676549817,719.7391710884779,719.7391710884779,2950388
2021-12-13,727.7553100585938,738.0141217994659,724.3198243090245,728.9481951447416,2491218
2021-12-14,721.504638671875,733.6243633812306,719.1665721409357,722.649820059105,3224172
2021-12-15,739.6841430664062,743.2627982384724,711.2457749483214,718.1168045279567,6231786
2021-12-16,729.5208740234375,750.563356998212,725.2741911235107,750.563356998212,6186549
2021-12-17,733.815185546875,737.0597979639861,719.0711145482109,727.1827329605,7171030
2021-12-20,729.043701171875,739.3025134794449,718.6417193475219,732.9086374152253,7474026
2021-12-21,742.9765014648438,748.129788100116,729.1390350976809,729.1390350976809,5599344
2021-12-22,761.0607299804688,764.4008084192545,741.9745674731216,749.1318784133769,5871235
2021-12-23,756.2415161132812,767.2160599978622,753.903449462514,765.2119779059126,4277384
2021-12-24,749.5135498046875,758.4840103358215,742.0699005761566,757.1480140420814,3076272
2021-12-27,757.8161010742188,760.2018715199207,745.4578567625618,748.1776117721225,3598487
2021-12-28,777.8564453125,782.4371704144578,757.9114426036102,759.6291853936749,5477769
2021-12-29,800.4736938476562,805.102123492247,779.1926329735815,784.9184820830015,8748856
2021-12-30,796.3224487304688,803.4797598672762,789.5468259064827,798.4219383132017,5179861
2021-12-31,807.0582885742188,812.0684055824439,795.8928733066209,796.3223235565935,3346523
2022-01-03,810.1597900390625,820.7525855639288,802.4776222713588,806.3902617814674,3726756
2022-01-04,799.4238891601562,814.9790991933844,794.3660679924167,813.5476370753632,3027262
2022-01-05,796.942626953125,805.9608496488285,792.6960027399714,801.6187596831463,2436343
2022-01-06,791.6939697265625,806.294930129428,784.4412515267986,799.5193077292615,2423850
2022-01-07,791.0736694335938,797.8015295345873,787.4950142472843,791.6939347180828,1475374
2022-01-10,788.9265747070312,796.8473208579061,780.1946316649593,794.0798038701597,4837873
2022-01-11,794.3660888671875,803.0502693128531,790.4533906939707,792.9346267115496,4950526
2022-01-12,797.9923706054688,806.3902694546638,789.6898792588572,806.3902694546638,3953446
2022-01-13,825.9536743164062,831.2023689538878,796.1315456943523,797.9924581696375,7395140
2022-01-14,820.4664306640625,829.1983735212824,817.6512099767483,825.9537025178785,2351963
2022-01-17,814.2156372070312,823.9495909339942,811.6389938313145,820.4663432645181,1750754
2022-01-18,808.0126953125,827.5760117351955,806.3903598623245,815.9334410441272,3354708
2022-01-19,800.1873779296875,809.2533052884615,795.8929912860577,809.2533052884615,1677779
2022-01-20,782.5326538085938,804.2431634112102,778.3814368094885,800.9507887672587,2886894
2022-01-21,771.7966918945312,782.2463774556953,764.4962114794638,779.1925798230415,3218477
2022-01-24,764.257568359375,787.3041307582902,755.4302190145094,767.2636619753519,5300160
2022-01-25,771.1287231445312,774.6119713449923,748.9410576733898,754.8577801149642,3779497
2022-01-27,774.9935913085938,780.0514708787241,755.143994308893,765.3551027150837,3593525
2022-01-28,789.5468139648438,804.3863520944591,774.9936148734477,778.715439906835,5073701
2022-01-31,796.3701171875,810.9233158538983,782.5803533592504,792.1711382081653,8041517
2022-02-01,851.0042114257812,854.105712616848,801.4755998760554,808.6806723169914,12337459
2022-02-02,849.9545288085938,857.3981203064405,841.6997404815244,849.3342052477966,4404741
2022-02-03,843.1788940429688,850.4793741674304,840.2205622878632,848.7138692682573,2292825
2022-02-04,853.1036987304688,861.5970054852454,841.0793822711441,842.5586063557455,4222492
2022-02-07,846.5189819335938,860.2610417662536,839.5048407511729,860.2610417662536,3494623
2022-02-08,853.2468872070312,855.0123922190774,841.6997819773097,845.5170145486354,4766558
2022-02-09,852.6217651367188,860.4126336420411,851.5637075444391,859.787473829569,2874380
2022-02-10,860.172119140625,862.0477158703216,846.4178409661176,857.3828228428356,3159839
2022-02-11,846.5140991210938,861.6149763603836,841.2721258970379,860.4607583390809,2682532
2022-02-14,831.8460693359375,852.8141972667053,829.2972323320006,836.7995614868964,5163415
2022-02-15,843.3400268554688,846.4179219492045,826.2673926343342,829.5857473649874,3219287
2022-02-16,835.6932983398438,847.5239580207453,834.0100810834831,842.5704666125006,2136415
2022-02-17,829.6337890625,839.0597946511737,828.4314909336905,839.0597946511737,2275289
2022-02-18,829.9703979492188,834.7795900599317,823.718448205292,829.6337192778939,1797851
2022-02-21,811.6473388671875,831.0284067903413,807.4633651626058,822.8527801031677,2305713
2022-02-22,813.52294921875,816.6008439997527,793.1319623388126,804.0969441505221,3171552
2022-02-23,808.1847534179688,820.4481935918207,806.0686970977591,817.4183790076615,1979574
2022-02-24,787.0242919921875,805.0106822976982,783.8983171080145,798.9029730696617,3679222
2022-02-25,799.8167724609375,803.1351269421904,785.8701145679294,789.1884690491822,2098988
2022-02-28,811.6954956054688,814.6771713333957,789.6693715049798,789.6693715049798,4123139
2022-03-02,789.5731811523438,812.7053833738303,784.5716096354379,812.1282450992114,3807036
2022-03-03,789.5731811523438,801.0190231078071,785.8219878381748,801.0190231078071,2657776
2022-03-04,797.9893798828125,807.5596265312307,778.4640102700207,785.1487999621366,4082674
2022-03-07,791.2564697265625,797.3641207517448,778.223511017297,786.7838971953284,3065234
2022-03-08,822.3718872070312,828.8162166608399,794.6709511686182,794.6709511686182,4864275
2022-03-09,835.1162719726562,851.9965257922124,827.1811044013641,830.451378761615,7276355
2022-03-10,836.36669921875,848.2454405320949,833.5292637557101,836.7033779347522,2899758
2022-03-11,867.5783081054688,872.3875005007319,835.8857184794923,838.72315373389,7194497
2022-03-14,858.2003784179688,877.0043088432896,855.9881616689831,867.5302233568683,3861194
2022-03-15,857.623291015625,873.3493264399511,847.7163078588611,859.5950481281793,4039746
2022-03-16,855.266845703125,865.6546902448703,846.8507584368555,865.6546902448703,3134307
2022-03-17,876.8119506835938,880.0822250569008,858.1523190589705,858.1523190589705,5484100
2022-03-21,878.927978515625,895.471611872507,876.5233823505538,877.6776002509802,3878744
2022-03-22,879.2164916992188,886.8150388332102,868.0591893134189,878.9279519093368,2174495
2022-03-23,866.4240112304688,890.6623504348992,861.6148192734768,882.9676433037122,2578669
2022-03-24,874.1668090820312,879.7935989631418,851.707905854419,852.1888250559178,3141478
2022-03-25,867.9149169921875,880.034116896852,862.095806009524,877.0523824263411,1571676
2022-03-28,871.3294677734375,876.1386599816893,864.9812988349695,874.2149830983886,1545077
2022-03-29,884.2661743164062,886.8150697454562,866.7126222308807,873.3974113416293,3177777
2022-03-30,885.4684448242188,886.8150421232756,873.7340628151209,886.8150421232756,2084073
2022-03-31,879.8417358398438,891.6242570358405,876.0424621619832,885.4684673775885,1901705
2022-04-01,874.0226440429688,883.9295687084103,869.598151783419,879.1203762780054,1184766
2022-04-04,890.7105712890625,893.3556272831592,868.1554457072998,873.3493973235486,1876408
2022-04-05,893.6441040039062,904.8014655420253,888.8830505154874,892.5861051633602,2911697
2022-04-06,892.6821899414062,902.9738724978487,889.700514402548,892.393650164413,1881754
2022-04-07,895.4235229492188,911.8228568937207,891.4799500534227,892.6822481242215,2728625
2022-04-08,889.3157958984375,901.5311557968179,884.2180639204878,901.2426160067375,1453271
2022-04-11,890.0853881835938,897.9243368829834,883.5448392953641,884.8914367031676,1102625
2022-04-12,886.1417236328125,892.7303520261605,876.6195585088321,884.8913454293756,1420380
2022-04-13,901.0021362304688,907.0136263307521,886.1417209613767,886.1417209613767,1825531
2022-04-18,892.1051635742188,905.1380628480463,884.1699963510519,892.201323936964,1287320
2022-04-19,886.8151245117188,901.9640813566858,880.1303349881435,895.4235910949724,2001066
2022-04-20,888.2578125,895.471600906876,881.0921042746444,882.9677010016243,1455897
2022-04-21,908.0716552734375,909.8991718070196,885.4684517454618,895.4715950870351,2410164
2022-04-22,889.5081787109375,906.2922712516424,883.3043090237937,905.0899732001014,1745381
2022-04-25,865.6547241210938,887.1517929543803,862.3844494586936,880.611302335548,1146270
2022-04-26,883.0157470703125,889.4600762060219,869.5500092310215,870.4637674684507,3142879
2022-04-27,871.5217895507812,886.5265044822452,869.117193443748,875.3210631410859,1586283
2022-04-28,885.8532104492188,891.96086111054,874.5996888684439,884.8913720013911,3150038
2022-04-29,893.2113037109375,930.1458651177134,884.458538556731,888.7387314178467,4290688
2022-05-02,888.1615600585938,889.7004779434656,868.1071951429982,887.2478018805961,2119174
2022-05-04,866.520263671875,885.7570322408503,860.8453934616438,884.9875145333242,3925917
2022-05-05,844.6384887695312,884.1219468228356,839.3002382150062,870.4638285997465,4462293
2022-05-06,849.5918579101562,851.9002935822408,828.6237922615602,829.1047114677481,2350532
2022-05-09,851.6117553710938,857.3827858559958,834.9238236620107,834.9238236620107,2522123
2022-05-10,828.96044921875,856.853764422478,814.1962524122645,851.2270329413515,6975331
2022-05-11,822.179443359375,833.9138834489834,818.5244692215512,820.4481459999802,2768829
2022-05-12,817.5626220703125,823.1893531045317,803.3274258036912,820.351976851523,2700591
2022-05-13,848.8224487304688,855.0743987777754,827.3253824348069,830.0185184063005,4870689
2022-05-16,851.8040771484375,860.6049221312408,841.656693607724,848.2934021559978,2739020
2022-05-17,857.7193603515625,861.4224145673622,845.1673814534623,846.5620588212412,2317400
2022-05-18,864.8370971679688,874.3111827617147,854.1125745791009,856.9980900337599,2878378
2022-05-19,850.84228515625,865.6546210431507,844.8307947323392,851.2270440257648,2715634
2022-05-20,880.7073364257812,882.6790933642536,855.1224002855972,858.9216736290671,2877917
2022-05-23,886.8631591796875,895.7601651240703,881.6211277199129,884.8914020359086,2195036
2022-05-24,875.1768188476562,895.3272871734728,872.3874638930675,892.5860711055861,2911410
2022-05-25,876.4271240234375,887.4401849696676,872.6278507660977,880.0820980446176,2405811
2022-05-26,865.6064453125,887.2478084497347,859.4025761386351,883.7370749473126,4113170
2022-05-27,869.40576171875,877.9660883386357,861.8072148022843,867.5301650792723,2374509
2022-05-30,854.4010620117188,880.5630789381847,852.6697645862379,870.463775465928,3541617
2022-05-31,827.7582397460938,849.1110674803991,818.7169925221398,834.1544896408316,24360628
2022-06-01,807.222900390625,841.608624178489,800.826651364485,841.608624178489,5999099
2022-06-02,826.7482299804688,829.9704240194338,801.019051379975,804.818325007969,3553217
2022-06-03,832.0864868164062,841.6087117228566,822.2276419076528,829.2491101245125,2618353
2022-06-06,826.9887084960938,840.5987463903853,825.2574109834745,831.9902803038525,2095566
2022-06-07,815.8794555664062,824.6803007622384,806.5976911512599,822.3718650271469,3031449
2022-06-08,814.917724609375,821.4101349264163,805.6359589700327,812.8497482111898,3208941
2022-06-09,826.074951171875,829.2009262171406,803.5679660695398,813.7153502445173,2297715
2022-06-10,813.4267578125,821.3619247216739,809.8679439423456,817.5626512482112,2124778
2022-06-13,797.8449096679688,818.5244341500198,788.4669857749457,807.9442123219937,2191412
2022-06-14,793.5647583007812,803.7602805402271,790.4868636868739,794.4785165198102,2461692
2022-06-15,790.9198608398438,798.3741099125702,787.8901045048328,793.7572964216237,2008725
2022-06-16,783.5135498046875,794.4785312240614,775.7707623008988,791.2082571288914,2327414
2022-06-17,763.1226196289062,779.3776535695316,759.7561851866163,774.4723011502922,5719089
2022-06-20,774.5684814453125,782.4555683685847,764.1806380686423,770.4325879080964,2745302
2022-06-21,786.2548828125,788.9960990176228,774.6166018981002,775.8189000066562,1342717
2022-06-22,778.4158325195312,789.6693539330948,772.59672173783,782.9364848983424,2032073
2022-06-23,793.4204711914062,794.959389055048,777.6462989122882,778.6081372535527,1778752
2022-06-24,793.1319580078125,801.9808834401393,790.1502823116618,796.3060718400526,1404748
2022-06-27,803.7603759765625,815.6390581165106,796.4022878779136,796.4022878779136,2980249
2022-06-28,796.9793701171875,805.5397563838311,793.564855129828,805.0588371262885,2823691
2022-06-29,806.6939086914062,811.5031008754423,792.4105726812435,792.5548719291482,2975927
2022-06-30,798.903076171875,815.7833896896606,792.218345213945,804.0970278244192,3809670
2022-07-01,797.6045532226562,805.0107212011889,793.5167397150334,798.229771712089,2316527
2022-07-04,797.7488403320312,807.6076845238674,790.5350518989804,793.8052674317205,2097164
2022-07-05,803.904541015625,814.4847636530084,795.1037546817403,797.748810341086,2682730
2022-07-06,805.7320556640625,810.4931675812338,799.5281861178064,807.9442722874675,2364840
2022-07-07,817.0336303710938,820.3519845506547,810.0122218803722,810.8778412059384,2327906
2022-07-08,824.9688720703125,826.7001695847952,817.3222444498891,820.9291387325453,2927832
2022-07-11,824.5359497070312,830.0665203816483,818.6206201987543,824.1031106956527,1768048
2022-07-12,819.1015625,827.181028587188,816.6008061285147,820.4481597498504,1695338
2022-07-13,827.3253173828125,830.3069929193118,816.9374157716197,821.9870673358553,2663538
2022-07-14,846.3216552734375,849.2552507341582,831.2207802305983,834.2986749377309,4934156
2022-07-15,844.8788452148438,851.1788747786933,839.540595312221,851.1307946015253,1413559
2022-07-18,849.1109008789062,861.4224202676849,845.0230878084085,854.6895516809827,2866600
2022-07-19,841.897216796875,857.2866326047227,840.1659192596846,846.4178694316228,1604458
2022-07-20,834.394775390625,850.9384068859586,829.1527445994296,850.9384068859586,2885666
2022-07-21,836.4628295898438,844.3979967839869,830.739879084391,838.7231264597308,2321107
2022-07-22,841.127685546875,842.7147423982143,833.4329783034501,837.7612511278766,1939758
2022-07-25,835.21240234375,844.4941669549673,823.7184797241086,836.7994592833959,2419358
2022-07-26,834.5391845703125,843.9171097943168,829.1047736504278,836.0300224801157,1560211
2022-07-27,859.883544921875,862.7690601732907,833.0001494216606,834.3948268677032,2797789
2022-07-28,860.701171875,862.6248489054685,845.2155952621139,861.807309649905,3183169
2022-07-29,907.2059936523438,915.6220796804635,845.4559564248334,862.7690476826798,11315800
2022-08-01,883.6409912109375,904.0800581683035,875.2729849977886,904.0800581683035,4219890
2022-08-02,882.2463989257812,891.2395657731373,877.2448267872984,883.6410765469878,2043767
2022-08-03,862.7691040039062,882.7753323555582,859.4507495550067,880.0821963919445,2863168
2022-08-04,883.4486694335938,884.8914271953253,861.4225441221072,866.6164955467261,3151481
2022-08-05,880.9959106445312,893.5478902573312,877.1004767931048,884.4104252869926,3317738
2022-08-08,875.65771484375,884.698960704091,873.7340380173849,884.698960704091,2677742
2022-08-10,884.6028442382812,891.6242532617175,878.3508942423792,878.3508942423792,3077870
2022-08-11,885.9012451171875,891.5280349714782,882.4386503652831,887.7768417352844,1526395
2022-08-12,878.59130859375,887.5844742575396,872.5317383434027,885.9012570376676,1384417
2022-08-16,879.6973876953125,884.3623392147671,871.7141406208743,872.387439250131,1635836
2022-08-17,885.6607666015625,890.662337907678,880.0821157511073,883.9294692625875,1828327
2022-08-18,881.765380859375,883.92951732726,861.0377744303792,875.2729714557199,2989998
2022-08-19,869.7993774414062,888.5685669539549,866.5666634479343,883.9365965682714,1708425
2022-08-22,849.7275390625,871.825979423171,847.4115831212484,868.9792283611808,2860170
2022-08-23,857.302734375,860.7766974869922,842.0557457534679,843.551537133756,2314528
2022-08-24,850.1617431640625,868.4484348904075,847.3149922897322,860.7767024998226,3223687
2022-08-25,846.5912475585938,859.4739835842003,844.3717678343122,856.9167198135648,5016244
2022-08-26,849.341552734375,859.3292413000547,847.3632631171928,851.4162595274332,1542618
2022-08-29,848.4730224609375,850.161766037061,834.7218247696457,841.47679907414,2068888
2022-08-30,861.7899780273438,864.1542308630469,851.1267801465185,852.091776495891,3672052
2022-09-01,841.3319702148438,870.3301551016731,839.932772749329,861.7416647823253,2939235
2022-09-02,839.112548828125,847.266779614405,835.6868236287867,842.345321879998,1963435
2022-09-05,853.6356811523438,855.131472497284,834.1910415538019,838.5817628245244,2808538
2022-09-06,856.6754150390625,859.5221657367013,851.6574227938734,855.9516678565457,2252661
2022-09-07,862.4655151367188,865.022779104718,848.7143167135599,848.7143167135599,1698682
2022-09-08,862.9962768554688,869.2205154737397,855.9518148489672,866.8080244510538,1772605
2022-09-09,858.8467407226562,870.3302207030356,855.6622645873576,863.1892242431641,1405210
2022-09-12,856.6272583007812,863.8164927757811,854.1182324907312,860.0047454730508,1571387
2022-09-13,858.9913940429688,862.0310967445578,852.5741457306796,858.7018480629845,2216354
2022-09-14,852.8154907226562,866.2772010546804,849.2449925885469,853.6357140283689,1889322
2022-09-15,843.6962280273438,857.0614617210498,840.6082281801414,852.0917073654977,1780723
2022-09-16,837.6649780273438,859.3291554901301,835.4937364778178,847.9422115879115,5625488
2022-09-19,844.2269897460938,846.2535173159152,826.808818305664,841.862795929352,1920725
2022-09-20,880.0284423828125,882.730420411382,846.1087967654353,846.8325440355185,4408042
2022-09-21,873.6111450195312,890.2090932810426,871.0539401449903,886.3973460883376,4153228
2022-09-22,876.2166748046875,879.352912902832,863.9612095337361,868.4002280272543,2317690
2022-09-23,888.8580932617188,894.2621080322705,871.005661211787,871.005661211787,4802181
2022-09-26,869.1722412109375,893.9243627329454,867.5799736428387,885.8184285737533,3760536
2022-09-27,865.7464599609375,878.0018659348809,863.092720117986,873.562906484333,3096645
2022-09-28,885.7218627929688,893.586606485121,860.8249691220439,862.7067237556136,5559336
2022-09-29,898.1221313476562,922.0540294908598,892.7181163484141,892.7181163484141,8519098
2022-09-30,915.44384765625,917.6633275704135,897.4466414483678,901.2583889632928,4182345
2022-10-03,911.43896484375,933.9716038878726,909.7502213938013,919.593194996099,4444578
2022-10-04,911.4873046875,922.8260119750868,910.0398101401485,922.2470377156277,1856830
2022-10-06,920.510009765625,928.3264563689182,914.3822478173165,921.2819950389983,3449485
2022-10-07,921.71630859375,927.8922500374613,913.079579281625,919.6415428337515,1762328
2022-10-10,912.934814453125,920.8477965569604,902.5128653182051,912.8383383745082,1683827
2022-10-11,911.6803588867188,918.5801067817823,907.0966259365076,917.5185753909304,2426935
2022-10-12,922.102294921875,926.3965406661624,908.1098471722298,912.8865911147809,2875040
2022-10-13,934.50244140625,939.6651480568901,918.1939803605966,923.3566870112365,4498223
2022-10-14,942.1259155273438,945.5999376926488,930.256472317965,941.8364284049105,3307000
2022-10-17,945.6964721679688,950.5214541688257,939.2309845070791,942.1259737075933,2647369
2022-10-18,944.1041870117188,950.5214365131422,938.7002308306184,949.3151910353337,2065146
2022-10-19,942.7049560546875,946.3719303978681,931.2697139900403,941.4504136831468,2424533
2022-10-20,946.0341186523438,948.4466094520883,932.7171812174942,936.0464303008819,1669666
2022-10-21,943.4769897460938,957.1799503722318,941.5952349909671,946.6614660785434,1791608
2022-10-24,952.4513549804688,955.2981058657736,947.7228495168303,951.4863586734976,191840
2022-10-25,956.842041015625,962.4390076093543,951.0038253540738,957.2280630836194,2119595
2022-10-27,976.2385864257812,977.927330047603,957.7588826617928,964.0313589714166,4379157
2022-10-28,955.3463134765625,968.3737632057884,952.9820608200373,966.92626879143,3934980
2022-10-31,981.3048095703125,991.3407951462286,956.504391653805,960.1231279578079,3546309
2022-11-01,1000.3151245117188,1012.281101993717,983.4759864735852,986.1779642892528,5264069
2022-11-02,1015.1278686523438,1033.4627993996746,996.50350967692,1002.4382608204057,5923662
2022-11-03,1007.6491088867188,1018.6500904795881,1003.1619702426003,1008.4211530606543,2386317
2022-11-04,1003.4996948242188,1009.7721708923223,995.345405257243,1008.710698501816,1576349
2022-11-07,992.3539428710938,1013.1978398395468,985.2612434731524,1008.4211551708563,2853521
2022-11-09,978.072021484375,1000.3634721148014,974.6462962821337,984.344497648567,2268760
2022-11-10,975.2735595703125,986.5157314190658,971.5100503427547,974.6462883994857,2419991
2022-11-11,978.072021484375,995.3454205050054,974.50152327271,980.1950251966111,2390487
2022-11-14,981.3048095703125,985.6472931351161,966.926340429593,982.9935531788473,1764788
2022-11-15,980.4844970703125,986.2262369418374,969.2905633416077,986.2262369418374,1703050
2022-11-16,982.9935913085938,986.9982909678087,971.8478359409651,971.8478359409651,1485506
2022-11-17,977.8790283203125,994.4287392925715,975.0805742427964,987.480753788516,1758031
2022-11-18,974.2603149414062,982.2215350212718,970.7863515569467,979.7125680101293,1130682
2022-11-21,968.0360717773438,977.3482508280974,958.7238338278896,967.8912987713873,1108922
2022-11-22,974.7427368164062,976.9622754202335,961.3775616517935,970.9310485591808,1723123
2022-11-23,982.0285034179688,983.4277009271177,974.1155220172003,979.6642507148728,1311376
2022-11-24,998.8676147460938,1001.0871532843381,978.3132059907076,984.9234657743214,1994268
2022-11-25,997.6613159179688,1001.6177768503005,991.0028184576402,1001.6177768503005,1948596
2022-11-28,998.5299682617188,1005.0436935922494,991.9679459949627,996.841224657507,1427648
2022-11-29,1013.101318359375,1014.4040397745018,997.8061509206987,998.7711471981848,1179559
2022-11-30,1009.4345092773438,1021.2557149189863,1002.9689628602038,1016.1411869918016,3060171
2022-12-01,1009.8203125,1020.8212936777662,1003.2101115256844,1018.0710778326741,1878374
2022-12-02,1003.5960693359375,1013.1012585485354,998.5781361082139,1011.6055850851708,2284133
2022-12-05,1003.0172119140625,1009.3378672157265,994.66997007551,1005.6709518293744,2294634
2022-12-06,997.3719482421875,1003.5961271038245,987.4324394797966,1003.0171528976671,1321211
2022-12-07,982.125,1000.8459520782718,979.8089852835558,1000.2669778485111,2954262
2022-12-08,946.4683837890625,982.3662588591367,940.8714168837507,979.4712698841098,10021644
2022-12-09,958.0966186523438,962.1013771316814,945.6964389057651,946.4684242190086,4231753
2022-12-12,952.83740234375,960.1713509118371,945.8411789325834,960.0748748380604,1875104
2022-12-13,959.8335571289062,961.4740036580333,945.5033272755309,945.6963383079864,1863361
2022-12-14,965.237548828125,967.8912886524463,959.7370581397918,964.0313034534335,1570685
2022-12-15,967.1193237304688,971.7512942869523,963.1628034790568,965.9613163666726,1304660
2022-12-16,958.8685913085938,969.9177517584233,953.0303166096189,963.211074632572,2618988
2022-12-19,953.3681030273438,958.3860955495176,939.6169058004817,953.0303189843063,1547342
2022-12-20,953.7540283203125,955.9735668333348,945.1173589275851,953.3680651562154,1352408
2022-12-21,970.4003295898438,974.1638390058116,953.8024390853304,957.2764024702973,2043630
2022-12-22,975.2735595703125,997.8544971382564,971.7995374605588,984.2480136144486,5163443
2022-12-23,966.4920043945312,991.8713945671489,963.5005395109571,976.5762272161771,3612433
2022-12-26,965.0444946289062,976.3832006439071,954.0918106760226,974.6462191617741,2307374
2022-12-27,965.14111328125,980.1950326299924,958.2413658888333,965.2375893557961,1870105
2022-12-28,960.17138671875,975.2253065088287,958.2413939816269,963.9348961156218,1686511
2022-12-29,965.527099609375,969.5318580769219,954.4778794688273,963.5971068825964,2162872
2022-12-30,966.347412109375,971.5583572955854,958.9651661388615,968.8563791732498,1629162
2023-01-02,962.101318359375,966.3473256708925,952.6443663277591,966.3473256708925,1616012
2023-01-03,973.7777709960938,977.348269189327,953.4163720353855,958.2413536752407,1810117
2023-01-04,968.9528198242188,989.9897875544401,965.7201055833463,976.5763146143856,2573870
2023-01-05,980.6292724609375,986.1297632663448,972.9575399348722,973.7777632476403,2246533
2023-01-06,973.391845703125,986.0332745322588,968.952827082404,979.4713110263061,1773153
2023-01-09,981.2564697265625,987.5289457125577,975.128766745878,979.4712501207979,1567316
2023-01-10,976.4315185546875,988.1562475909556,974.6945369304594,980.4362769066512,1607654
2023-01-11,992.0162353515625,996.889513976872,973.0540337525308,976.5762939453125,3258157
2023-01-12,996.6963500976562,999.2053167802346,985.4059411273572,995.827829915927,1641398
2023-01-13,995.4901733398438,998.7711843648705,984.44101267042,995.0559721177762,1491367
2023-01-16,999.2054443359375,1003.1137267539423,990.1827518346695,995.4902318704046,1437532
2023-01-17,996.5516967773438,999.7362318936514,990.8583124745627,999.2054367751309,1245848
2023-01-18,1003.6926879882812,1005.0437064484134,994.0910213490474,996.5516913825029,1238451
2023-01-19,1004.1268920898438,1007.4560820235505,999.7361120463585,1001.7625806058927,824263
2023-01-20,994.2839965820312,1010.8337080586548,981.2565454519197,1007.5045176665902,2963571
2023-01-23,1012.5706176757812,1017.9745731452914,986.7086709180901,998.7711241077978,2106604
2023-01-24,1004.2715454101562,1014.1627569249284,998.3369127392076,1013.2460576108093,2088556
2023-01-25,1003.644287109375,1009.0482419585776,994.2355747014075,994.2355747014075,1753333
2023-01-27,1006.8770751953125,1014.2110228764253,997.806087206683,1008.3727486514729,3448013
2023-01-30,1014.8866577148438,1034.6209045973899,1003.789199213761,1005.4779428987083,3320916
2023-01-31,998.2886962890625,1023.1856485450538,990.1345244774845,1018.071120913447,5265462
2023-02-01,979.3748168945312,1007.4078901183276,969.9178055675844,1000.1704175101762,4717887
2023-02-02,972.3302612304688,980.146766703471,958.2413386228855,974.5980379047987,2117181
2023-02-03,992.1610107421875,996.31042432663,966.5886077267309,971.7513145873515,2332076
2023-02-06,987.5289306640625,990.0378974607476,977.2999935407167,984.2962166492531,1215157
2023-02-07,971.1723022460938,992.4986969685833,966.9262949562669,990.3274552882923,2360600
2023-02-08,984.8809204101562,988.672687078018,969.7139724205668,976.9085259680679,1815142
2023-02-09,978.85302734375,992.8533329282069,973.6029572552761,975.1585203909136,1474402
2023-02-10,978.6585083007812,986.1933817592434,969.0333507132372,978.8529685162817,1530150
2023-02-13,987.0684204101562,989.1101043151168,974.1862174350914,980.2627282723861,1355766
2023-02-14,978.804443359375,989.7907639570055,975.4015970204052,989.742163734635,1832842
2023-02-15,967.7694702148438,978.4641295590905,963.0540620812329,974.1862420850207,2251350
2023-02-16,967.5264282226562,981.9641948762976,963.6860613349048,971.172334886801,1678410
2023-02-17,957.1719970703125,968.8388979995595,954.7413927100527,964.658270368098,1847026
2023-02-20,957.0747680664062,964.1235205007752,947.8870719906645,962.6651579281471,2157871
2023-02-21,944.6300048828125,963.2970572506764,942.2480602084569,962.5192757647078,1771813
2023-02-22,941.6647338867188,950.8524302806218,939.1855292955835,944.5814591329784,2605147
2023-02-23,945.505126953125,950.1232753881146,937.2896720795368,945.9912478410187,2835983
2023-02-24,943.5606079101562,956.0538905227248,936.9493759516655,943.6578083477074,1823835
2023-02-27,938.2618408203125,945.5536535711168,933.4006323197763,943.5605699540818,1548675
2023-02-28,930.0464477539062,948.9079617128484,927.5186429037473,942.102269364498,3819644
2023-03-01,932.6715087890625,939.2341406710977,924.6019140467454,924.6019140467454,1862513
2023-03-02,938.5049438476562,940.1577666810514,924.6990992112487,933.3520744713643,1510195
2023-03-03,940.0606689453125,942.8315344827477,931.553552753795,940.2064696183214,2215832
2023-03-06,938.4563598632812,952.310804958388,937.0465974415584,943.0745082283167,1989152
2023-03-08,930.9214477539062,938.2132606605948,920.7129096845422,933.3520520561357,4734482
2023-03-09,926.2547607421875,932.7687925720148,920.8588307018495,930.9215094435358,2994556
2023-03-10,929.025634765625,930.9215181328806,919.8379379404096,920.2268583945394,2001392
2023-03-13,927.6157836914062,933.2548330330073,921.2476124145833,928.5880253929341,1412106
2023-03-14,930.6298217773438,936.9979934182525,923.9213299168888,927.0325154078379,1879695
2023-03-15,924.9907836914062,938.1160467347034,922.9976407194993,925.574104979183,2189113
2023-03-16,940.5466918945312,943.0744967060323,925.2824845641967,928.7339309056055,2228093
2023-03-17,931.115966796875,941.8106264024045,926.3033581062009,941.6647663986847,2218687
2023-03-20,934.518798828125,935.9285612592444,921.053214743132,923.6296791634857,1955757
2023-03-21,929.6575927734375,938.2133084852208,926.7894676824213,938.2133084852208,1687239
2023-03-22,945.067626953125,947.3524307807477,930.0464793205346,930.4353997757262,1626129
2023-03-23,950.51220703125,955.6650766354345,945.019017196974,947.9357425586932,1857923
2023-03-24,945.845458984375,951.8247700915995,941.1301097534916,950.4636077667398,1534322
2023-03-27,956.1512451171875,963.4430588844025,936.268887710395,952.7969989160822,2473222
2023-03-28,956.8803100585938,960.3803565045906,949.1995767553631,959.6025749989163,1394675
2023-03-29,964.3665771484375,968.8388652839252,951.824635336641,958.2900664529789,3045795
2023-03-31,955.8108520507812,967.5750129701834,954.1580885288757,967.5750129701834,1822710
2023-04-03,951.8732299804688,960.5748051135997,949.102364855934,953.7691131745357,1671570
2023-04-05,969.4708862304688,971.2695097343467,948.227368355947,957.658125213545,1544121
2023-04-06,984.005859375,985.8531424512698,965.8249859761063,969.4708925680118,1423990
2023-04-10,980.60302734375,988.72128174319,978.7072033614003,986.825398419912,1110974
2023-04-11,981.2349853515625,993.8741280907949,979.5821625097851,980.60300447823,1786844
2023-04-12,988.4782104492188,991.881056613312,977.3460304156423,987.3115084676298,3246327
2023-04-13,975.6446533203125,995.4297503563054,974.1862906098187,993.922787423648,1445693
2023-04-17,970.9778442382812,981.8669636688428,967.4291381266718,971.7070255482618,1768817
2023-04-18,976.9085083007812,978.3182707205641,960.8665192653633,971.2695179625774,1217390
2023-04-19,967.8667602539062,981.380945685437,965.436155632475,975.6446950424861,2174563
2023-04-20,960.331787109375,974.2834324643933,956.4428201152596,971.3667072188067,1638094
2023-04-21,961.984619140625,966.6999679296684,957.6095312304466,966.6999679296684,1216575
2023-04-24,951.9705200195312,955.2275061003987,932.6228857270305,947.9356930767315,3485350
2023-04-25,945.505126953125,955.6164651576842,940.157797186295,952.7969402715296,2377746
2023-04-26,944.2898559570312,949.6857861228854,936.4633212713393,948.7135443149501,2911028
2023-04-27,951.5330200195312,954.3524855119798,936.8035336557025,941.1300213451544,2777173
2023-04-28,960.234619140625,964.9499680440657,951.9705639986859,957.6095544626468,2009995
2023-05-02,946.039794921875,961.4498618070659,943.3661301886417,960.2345596555962,3152556
2023-05-03,936.8521728515625,945.4079481470274,932.8660052159851,943.5606649943861,3087472
2023-05-04,946.9634399414062,948.8107229548696,938.3591244134218,940.7897287253865,1197830
2023-05-05,943.5120239257812,950.1232559980272,940.9841597557657,946.9634702912033,1062645
2023-05-08,935.1506958007812,942.1022479924106,934.3243140564568,935.2965557984511,2676958
2023-05-09,930.8728637695312,940.0119005007347,923.1435300854645,935.1993513711344,6902170
2023-05-10,927.32421875,933.3035295678377,925.1852749177125,930.4354043841519,2180917
2023-05-11,934.3729248046875,937.1438494051522,925.5741488086728,927.3241720957978,1296607
2023-05-12,929.463134765625,936.3660276159021,925.5741676745555,934.324343629462,2014927
2023-05-15,926.54638671875,929.2200515282742,921.733778193421,926.54638671875,1814239
2023-05-16,914.8308715820312,935.8312693025066,911.9627465982119,926.5463726099105,2625163
2023-05-17,909.9697265625,919.0601636759509,903.066774162889,915.1225962455505,2956985
2023-05-18,903.8446655273438,916.8240705737481,896.8445122931645,916.8240705737481,3014019
2023-05-19,900.1500244140625,908.4627390701356,898.6430615297147,906.1293350717767,1309343
2023-05-22,911.4280395507812,916.5809089527626,897.2332744095395,900.1499996568036,1382485
2023-05-23,905.7403564453125,929.6575381989329,903.309752161871,911.4766062906046,3057684
2023-05-24,925.7200317382812,928.2964368428612,906.7126575245443,909.5321824143114,2953574
2023-05-25,918.7684326171875,925.2824640605421,916.532288511807,923.3379806052677,2331464
2023-05-26,942.9773559570312,949.5885884017645,910.9905766478579,917.747669100572,4137189
2023-05-29,941.5675659179688,946.2343146047306,920.1296464868643,943.0259285913899,5344765
2023-05-30,932.9631958007812,940.5953294392767,929.75480976935,938.213325191072,2624815
2023-05-31,948.2759399414062,952.1163066119979,934.0812345347041,938.2132618537491,5595631
2023-06-01,960.2831420898438,962.956806773563,947.9356605913915,952.6024088984258,3261906
2023-06-02,971.8528442382812,975.8390710780283,953.7691711515947,959.165101077386,3734815
2023-06-05,980.7489013671875,989.4504772177638,970.7834230633326,977.4432555592932,3629780
2023-06-06,985.6587524414062,987.7490961060347,976.130794404055,980.8948030931965,1632644
2023-06-07,986.4365234375,989.2560484421598,981.9642348172789,986.8254439005328,1608613
2023-06-08,959.6026000976562,987.7976106375063,955.9566935623308,986.8253688947528,3395935
2023-06-09,956.63720703125,963.1998383309611,953.7690822246733,956.6858072467671,2306206
2023-06-12,958.095703125,962.4221910458452,953.8178154264481,960.4777074266726,593319
2023-06-13,960.6720581054688,968.3527917361324,958.1928534887877,962.5193411835052,2413311
2023-06-14,959.3109741210938,967.3805690094694,956.9289698970555,964.0749232282413,2139387
2023-06-15,960.9637451171875,967.1860565551627,958.3386805904348,961.0609455533569,2731724
2023-06-16,964.4638671875,967.0403316981128,959.7971184080045,962.5193835842994,3611214
2023-06-19,973.9917602539062,978.7557685015547,966.1652261392778,967.5263883074421,1327862
2023-06-20,964.4152221679688,979.7766300515214,962.1304184357803,979.6794296122484,1445688
2023-06-21,964.3665771484375,966.2624010126808,956.2969234721286,964.4151773658162,1396686
2023-06-22,962.81103515625,968.5472854678457,959.6998495523494,959.6998495523494,5384143
2023-06-23,963.92919921875,968.3042875672069,950.1719532311179,966.4084040813555,1218237
2023-06-26,967.33203125,975.9363478036205,963.9291848076297,966.4083896331701,2066932
2023-06-27,973.9917602539062,975.498723078064,958.6303526775627,972.1931367768351,4647465
2023-06-28,993.4366455078125,997.0826115478611,967.3805774996266,967.3805774996266,5296330
2023-06-30,1022.409423828125,1025.7150695897144,991.7352077858316,993.3880306666263,4765060
2023-07-03,1004.0339965820312,1024.4025322270368,1001.4089913589771,1023.7705513601969,2338356
2023-07-04,1019.6873779296875,1024.6457880084633,1001.3119818195174,1011.1316015209903,1549174
2023-07-05,1015.7011108398438,1028.340256104574,1013.7080860649169,1025.7152503300351,1840716
2023-07-06,1013.5620727539062,1027.2706583468675,1011.1314682628897,1011.1314682628897,2551103
2023-07-07,1006.95068359375,1022.0204299793158,1000.193651235542,1004.8117993214413,1721224
2023-07-10,1015.9927368164062,1021.8261879368832,1002.4785513175946,1007.2425601356908,1221769
2023-07-11,1042.4862060546875,1044.9168104054795,1019.930245152079,1022.7983108132723,4369937
2023-07-12,1048.8057861328125,1053.6669948750273,1040.298670833937,1045.1598795761515,5088473
2023-07-13,1045.791748046875,1051.8682583215375,1041.9513223441836,1051.8682583215375,1541690
2023-07-14,1043.1668701171875,1050.0212227942868,1035.4375946999216,1049.9725632278912,2641580
2023-07-17,1047.6876220703125,1051.0419271120422,1040.7847298033157,1043.8958557405447,1254025
2023-07-18,1037.52783203125,1048.9516728666197,1034.8055075934828,1048.5140928595551,2238739
2023-07-19,1051.819580078125,1055.8544065651793,1034.3192307980391,1037.5276756387905,2311282
2023-07-20,1067.1812744140625,1073.841107250497,1052.257385976334,1055.9032928592578,5218991
2023-07-21,1066.695068359375,1073.5493015430907,1060.083776933266,1072.7715793459254,1879610
2023-07-24,1069.8548583984375,1076.611891170062,1062.1741247440089,1063.6324873866781,2130036
2023-07-25,1064.6534423828125,1079.1884099814395,1060.5214146869378,1079.1884099814395,1702900
2023-07-26,1081.1328125,1083.4662164072338,1063.7296616559406,1066.5978459917385,1321572
2023-07-27,1103.4456787109375,1123.2794332849187,1085.313465807326,1096.688646314981,6366612
2023-07-28,1110.861083984375,1116.08095085347,1094.3720596684998,1102.4701363798963,2677679
2023-07-31,1115.5928955078125,1117.1539601908157,1099.5917145284275,1112.27555861793,1718336
2023-08-01,1115.641845703125,1124.618177970225,1108.3730734518597,1115.5931331379804,1448567
2023-08-02,1107.64111328125,1116.4710680570563,1099.0550785920504,1116.129484654523,1731918
2023-08-03,1113.2513427734375,1141.2533227731062,1095.0548793889393,1102.7627784133897,8460399
2023-08-04,1111.251220703125,1117.154135171535,1093.7866356179836,1101.5432476931555,3527805
2023-08-07,1132.56982421875,1138.375074795405,1105.933702404621,1111.2511127949485,3353219
2023-08-08,1120.71533203125,1136.2773870032058,1112.2268409634087,1133.9357301878838,3073468
2023-08-09,1124.7645263671875,1131.1064496077518,1112.568520135333,1123.154629724258,1306791
2023-08-10,1122.3253173828125,1129.7404653003307,1115.7881866266355,1122.6179500693854,1443067
2023-08-11,1104.811767578125,1123.0082323483155,1103.006782510661,1122.0813835330728,1756630
2023-08-14,1106.6654052734375,1114.2269277692446,1093.2498008453929,1103.4944442268088,1824622
2023-08-16,1115.8369140625,1117.641898983443,1094.5670336869457,1107.348423115583,1224080
2023-08-17,1116.958984375,1121.007962807413,1109.8364697198888,1115.8369280797958,1964341
2023-08-18,1107.2999267578125,1121.349751091224,1101.5433874494856,1113.251554543723,1473774
2023-08-21,1109.739013671875,1116.0809368598784,1099.738288644639,1102.4701225569593,941384
2023-08-22,1109.8853759765625,1119.1055088578905,1102.518940723118,1107.3973431156983,1438879
2023-08-23,1096.3720703125,1102.9579133277032,1083.590680281096,1100.567543873943,3050418
2023-08-24,1091.1033935546875,1105.5433914128043,1086.127328440476,1096.2744279985295,1575291
2023-08-25,1079.395263671875,1095.9818303106988,1073.4923496685906,1090.8106766003039,1515282
2023-08-28,1089.8350830078125,1096.8112221759484,1078.273293279665,1083.0541513942935,1959645
2023-08-29,1084.5665283203125,1097.6895038171804,1079.5417494230473,1097.6895038171804,1749707
2023-08-30,1087.7861328125,1091.9327746307947,1083.4931151097073,1090.3228781045457,1543173
2023-08-31,1084.5665283203125,1091.6402126519242,1074.907266585095,1091.6402126519242,4782404
2023-09-01,1082.029541015625,1090.3228242425257,1078.85857978181,1084.9565821545311,2715249
2023-09-04,1081.9320068359375,1086.907952997922,1075.1997883336714,1086.907952997922,1205294
2023-09-05,1104.3726806640625,1108.37294652751,1080.273303059407,1083.0052558499438,1698118
2023-09-06,1114.5684814453125,1121.0567799275304,1101.592003582488,1109.3486151241098,2960249
2023-09-07,1105.4947509765625,1113.6903712488845,1101.152901633025,1112.275682276109,1863837
2023-09-08,1102.9580078125,1110.3732751239172,1101.055478419108,1105.4460408053606,1789037
2023-09-11,1109.2510986328125,1112.2756841289809,1098.323406415489,1102.9578884326932,2032253
2023-09-12,1117.39794921875,1125.740064063777,1109.4461303439575,1114.2758196600919,3989578
2023-09-13,1120.8128662109375,1128.5694777967362,1114.5197752339018,1121.0567863123981,2115524
2023-09-14,1115.9832763671875,1122.9105833074516,1111.056042763028,1120.8128466511776,2065163
2023-09-15,1121.8375244140625,1125.740246545819,1116.1785296823646,1116.1785296823646,2404169
2023-09-18,1119.73974609375,1128.8623349194904,1114.7637993798573,1121.0568909442477,962842
2023-09-20,1125.10595703125,1127.8866225485242,1111.3000545698694,1120.081178793863,2303191
2023-09-21,1118.2762451171875,1128.8135232090685,1113.3978425464209,1121.0569107621995,2088934
2023-09-22,1104.811767578125,1120.0811909086588,1100.8603330955611,1114.714948269288,1585418
2023-09-25,1096.713623046875,1109.1535483939942,1094.3719662200358,1098.811240667255,1009279
2023-09-26,1098.4697265625,1102.5188239397687,1091.2984996253374,1097.640422063929,1966198
2023-09-27,1112.2269287109375,1118.0322990966813,1095.8842804773403,1098.76260938841,2332018
2023-09-28,1104.762939453125,1123.9837952556554,1101.39677068866,1115.153840195686,2685663
2023-09-29,1130.47216796875,1139.0093718364399,1106.7143730258454,1106.7143730258454,2288577
2023-10-03,1113.690185546875,1133.6916308842476,1111.5437366147214,1131.3500935406598,1946966
2023-10-04,1096.4698486328125,1111.300145337312,1085.9324510627112,1110.4220090228653,1803871
2023-10-05,1091.8839111328125,1101.2017065875955,1084.7615156782597,1097.2989849900507,2348562
2023-10-06,1099.8846435546875,1104.6166700228255,1095.7867141119548,1100.567572244333,1056281
2023-10-09,1095.73779296875,1106.22635604455,1082.029437308112,1083.9807978803537,1080276
2023-10-10,1099.1041259765625,1102.9093038948097,1092.5671140130921,1094.7135635558839,1092093
2023-10-11,1101.2991943359375,1106.8605246866264,1095.054816279736,1100.5674340739204,1456045
2023-10-12,1102.9091796875,1105.0069164281294,1093.9328482884755,1101.5432032679078,1221965
2023-10-13,1117.44677734375,1119.3004747686855,1094.7133770425967,1098.7136427462274,1934884
2023-10-16,1107.6900634765625,1119.3493972234246,1105.494782462178,1113.7392346311085,1144308
2023-10-17,1109.153564453125,1116.17841593374,1106.4216115986549,1110.9585494347925,798807
2023-10-18,1125.3499755859375,1133.5457160655587,1106.470580673244,1109.3487906688922,2178517
2023-10-19,1113.7392578125,1122.032541817236,1107.3973347500548,1119.495796412582,1765065
2023-10-20,1114.422119140625,1117.1540719353477,1105.543451210195,1110.3243090501535,957910
2023-10-23,1095.1524658203125,1121.251917675701,1090.8107354887545,1107.39730302302,702730
2023-10-25,1093.0548095703125,1102.2261101313316,1085.7372065046402,1097.640459850822,1800673
2023-10-26,1076.8583984375,1090.7618439902894,1070.8092276621937,1088.8104832109505,2223975
2023-10-27,1084.273681640625,1092.5669650825398,1080.712424342304,1084.9566102834322,1250965
2023-10-30,1088.0787353515625,1092.713217255448,1077.0047866226007,1088.5665755519715,1078813
2023-10-31,1062.125732421875,1092.371826895059,1042.3682029676177,1092.2254510047037,6475786
2023-11-01,1089.054443359375,1105.0069135984252,1056.2716048811844,1065.4430247016867,3973264
2023-11-02,1105.299560546875,1109.885330067187,1083.5906707978613,1100.4211583560855,3454692
2023-11-03,1113.3487548828125,1117.8368603956226,1103.982247920948,1110.8120099496239,1741756
2023-11-06,1122.032470703125,1123.0081511124322,1112.2756666100543,1112.3732108306626,1428537
2023-11-07,1142.4730224609375,1145.0098870169816,1118.666513779232,1121.0568833397863,1811831
2023-11-08,1148.0831298828125,1154.1324200916754,1142.5217989971707,1146.4245207700046,1702301
2023-11-09,1147.5953369140625,1154.473931962559,1138.4727482147587,1152.278650874948,1849169
2023-11-10,1150.668701171875,1152.7664379346947,1141.6436571169484,1145.4976663094812,957539
2023-11-13,1149.1566162109375,1158.669501712347,1145.205062285084,1151.400610047727,816825
2023-11-15,1152.1810302734375,1155.595911738918,1142.5217703078986,1150.8150538669227,2246320
2023-11-16,1160.6207275390625,1165.8405941289416,1150.9126355955657,1153.2542924971015,2205723
2023-11-17,1165.5478515625,1169.2554849443618,1159.059552695051,1160.8646568240424,891965
2023-11-20,1159.1082763671875,1169.10900013214,1156.4251553570782,1166.913719305687,1054810
2023-11-21,1172.1824951171875,1175.6949208529395,1157.4009127483814,1160.08403393705,999135
2023-11-22,1174.8167724609375,1185.2566244386483,1169.8408261284205,1175.6949086611733,1401782
2023-11-23,1169.645751953125,1180.47578095051,1165.6941985546664,1174.2802340147568,1177434
2023-11-24,1166.376953125,1180.1828530261541,1163.791495642023,1170.816346077851,1376695
2023-11-28,1162.376708984375,1171.1578317402757,1160.815644314757,1168.0357024010398,886708
2023-11-29,1172.9630126953125,1180.0855277627218,1155.6935160272376,1162.962287883764,1813462
2023-11-30,1196.037841796875,1201.2089957619257,1163.3525471048847,1163.3525471048847,4672807
2023-12-01,1201.3065185546875,1211.648707198673,1195.2085159224303,1203.0627909534232,1749751
2023-12-04,1201.208984375,1209.84373235414,1190.8179639824418,1207.160611173516,1615837
2023-12-05,1209.4046630859375,1213.3560971653324,1190.8667358595565,1196.0866020740316,930042
2023-12-06,1210.1851806640625,1227.4059638338827,1203.3067051893954,1218.185831539528,1704590
2023-12-07,1209.1607666015625,1211.6975118196476,1199.0136666276103,1201.0625716460017,1478355
2023-12-08,1205.745849609375,1217.2588065213113,1200.7210718805416,1205.9897697020212,1612113
2023-12-11,1211.2095947265625,1216.0391647562817,1185.5491542110747,1205.94089708403,1172972
2023-12-12,1188.3787841796875,1219.6005584766908,1183.1589176097307,1218.6248780299093,2832873
2023-12-13,1203.111572265625,1209.4534953655834,1183.1589541533274,1188.6715726682307,2448178
2023-12-14,1201.355224609375,1209.74605153374,1194.4766307187308,1208.8679154261854,2341190
2023-12-15,1205.6971435546875,1216.1857086311293,1203.0140222560628,1210.81946603388,3474624
2023-12-18,1222.28369140625,1237.0652741368149,1203.9896828539713,1205.697123652184,2135393
2023-12-19,1214.6732177734375,1237.1138660761999,1206.4287663637176,1234.0405682203675,2187458
2023-12-20,1202.1846923828125,1224.4789668838403,1198.574603250551,1224.4789668838403,1837031
2023-12-21,1203.5018310546875,1207.843561402037,1179.158651549153,1194.3304110350014,1916222
2023-12-22,1213.405029296875,1220.5762568658108,1205.9898816126583,1209.8437717934496,2058127
2023-12-26,1217.161376953125,1219.6005781093438,1209.1608448013753,1213.405030992872,1796483
2023-12-27,1221.990966796875,1224.8692956673974,1211.0633930860122,1219.6005972668802,2005268
2023-12-28,1231.4549560546875,1233.8941568870655,1219.1614076798228,1224.4299861964769,2043365
2023-12-29,1228.82080078125,1241.0168074550154,1222.0887003786336,1231.4063780164138,1840160
2024-01-01,1229.6011962890625,1233.2111660467683,1222.039673360088,1230.3329565725116,733452
2024-01-02,1264.677001953125,1267.408954962438,1226.5767503261204,1230.3330963877092,3174447
2024-01-03,1267.0185546875,1272.9214687997085,1259.7497832846493,1264.6768978867226,1699057
2024-01-04,1281.01953125,1296.1914090835303,1265.5063081990133,1272.2872393262503,2851729
2024-01-05,1268.5794677734375,1285.9466246083318,1255.7005355621573,1285.9466246083318,2960339
2024-01-08,1273.5556640625,1278.092482606663,1267.701581707079,1273.653208281435,1678133
2024-01-09,1291.8009033203125,1301.0210358430927,1275.0679599441407,1282.970947692469,1712486
2024-01-10,1292.6302490234375,1301.069908923392,1281.2148351459725,1297.7038589369042,1278475
2024-01-11,1284.2393798828125,1299.5088025978487,1278.3364655767978,1295.7036250593542,1320281
2024-01-12,1293.703369140625,1297.6549223719508,1273.7995844095917,1286.9224380515811,1538242
2024-01-15,1297.020751953125,1307.4117723221275,1289.459228643053,1296.8743760687362,1475983
2024-01-16,1281.5074462890625,1299.1673578101284,1275.7510268844646,1297.7038371272745,824502
2024-01-17,1267.4088134765625,1288.3371099845504,1262.8718758897542,1280.092658415127,2544642
2024-01-18,1303.26513671875,1310.7291158420103,1258.62775696589,1267.3600491894647,2842572
2024-01-19,1303.1187744140625,1311.7048099436447,1296.825683204296,1307.4117921788536,1605745
2024-01-23,1344.7802734375,1360.683791674345,1283.9953400193463,1283.9953400193463,4129729
2024-01-24,1348.4879150390625,1356.195814351021,1327.2668654260158,1346.4390099312295,1719845
2024-01-25,1335.0235595703125,1356.2933211577015,1315.705039711435,1349.9026859000116,1870910
2024-01-29,1366.7818603515625,1386.2954682920542,1322.2420264070681,1331.8037419385535,3413149
2024-01-30,1338.3896484375,1374.9288334077405,1335.8529031045975,1367.8064376308073,1935332
2024-01-31,1383.9537353515625,1403.9064698335626,1333.6574851140176,1338.3406793010247,5796356
2024-02-01,1373.709228515625,1395.6620384261446,1364.8793919903635,1392.2959885471782,2442481
2024-02-02,1382.1976318359375,1398.9792867032309,1370.9773074847008,1374.7336531210974,1775449
2024-02-05,1428.2010498046875,1430.3474990931038,1388.9786253672232,1392.1008741795545,3481964
2024-02-06,1439.22607421875,1442.0555710811113,1411.3704714210091,1414.7365210200348,1893995
2024-02-07,1459.81298828125,1463.9596300421563,1444.3973091957896,1446.9340544527274,2259235
2024-02-08,1463.13037109375,1470.8382704274243,1449.2269247563763,1464.5451791995756,2213750
2024-02-09,1506.0107421875,1510.13191196876,1464.2588340710736,1472.7466039911415,6343881
2024-02-12,1505.6671142578125,1525.9297905641524,1492.567554249003,1510.9658463345634,4059288
2024-02-13,1513.271728515625,1521.9067081050352,1496.8359210618794,1508.6599379184343,4687838
2024-02-14,1491.8807373046875,1516.8043143514665,1479.7624195021447,1516.8043143514665,2105672
2024-02-15,1481.5775146484375,1500.3683253763556,1477.3091353430623,1500.3683253763556,2161691
2024-02-16,1481.626708984375,1493.4507261807462,1476.622397392836,1486.5820303310318,3480879
2024-02-19,1501.398681640625,1503.9989974533648,1479.1245313847187,1486.43473793737,777823
2024-02-20,1509.83740234375,1513.0755496813574,1483.8835927403584,1503.2631271801813,2230669
2024-02-21,1514.4493408203125,1520.4348947007138,1504.2443972740848,1511.1622031776828,1993748
2024-02-22,1528.8245849609375,1531.7192017798188,1506.2069024548507,1520.5330158119916,1981678
2024-02-23,1531.964599609375,1539.0294965280161,1521.3181442023088,1528.7755620121097,1340283
2024-02-26,1527.7449951171875,1537.5084268738472,1519.6497469685683,1532.700316138559,974892
2024-02-27,1553.0611572265625,1555.7104633655279,1519.9933416110382,1527.5488589559002,2140963
2024-02-28,1544.3280029296875,1557.6728728107598,1533.3381382701082,1556.7407406387615,578316
2024-02-29,1548.3511962890625,1558.0165284995628,1527.303597451945,1545.4565794968285,2350244
2024-03-01,1530.001953125,1552.2271136777301,1519.0120880181387,1550.3627294773128,4069161
2024-03-04,1522.986083984375,1539.6672023626936,1519.8461566724404,1521.4652303535047,2298105
2024-03-05,1544.6715087890625,1546.8303136168267,1506.5993811909898,1524.6542626260118,1408172
2024-03-06,1573.9124755859375,1576.6108916132823,1537.0177931318017,1545.456452024845,1761032
2024-03-07,1575.5804443359375,1589.5631447248868,1570.379932901701,1580.535765017568,2440999
2024-03-11,1563.7076416015625,1596.4811570421266,1556.6427452416842,1584.8534602170753,2994345
2024-03-12,1554.582275390625,1573.7165008755892,1550.51009575438,1562.3339939934203,1294598
2024-03-13,1529.3642578125,1562.3339758475508,1515.0381438795944,1551.5403103147298,2881503
2024-03-14,1540.7464599609375,1544.7696488195581,1517.2457571002833,1537.8518433729469,3062556
2024-03-15,1519.1591796875,1543.9846561349677,1512.2904840453361,1539.3237555206422,3421374
2024-03-18,1541.77685546875,1546.6830666237818,1514.4982735345548,1519.2082841556035,2281873
2024-03-19,1519.404541015625,1550.1174718969055,1511.505612631529,1544.4753288594582,3692624
2024-03-20,1520.287841796875,1530.6889869613497,1491.979023382333,1530.6889869613497,3412218
2024-03-21,1535.84033203125,1541.3843747368362,1513.615290744956,1535.4479309530714,2567975
2024-03-22,1578.720703125,1590.5937105679475,1536.7234862971056,1539.4710125496033,4941447
2024-03-26,1568.123291015625,1584.4118891911273,1563.2170795301995,1565.1305738778476,3649049
2024-03-27,1574.0596923828125,1595.6470206908807,1562.2356760109494,1571.9499977056885,2530169
2024-03-28,1590.1522216796875,1603.3498824078497,1577.7884731512445,1579.7509577074352,4427587
2024-04-01,1598.6888427734375,1603.104432641463,1588.140489199821,1600.9947379706316,1148498
2024-04-02,1591.8201904296875,1602.3685442882907,1579.701872976145,1598.688885965522,1921533
2024-04-03,1589.4652099609375,1598.3944903408133,1564.2963226841675,1578.8187556702956,2098379
2024-04-04,1588.974609375,1597.4623787711405,1557.3786569208612,1590.4955827706929,2439461
2024-04-05,1578.8187255859375,1608.1087817782068,1575.973099203353,1580.7812100179897,1548980
2024-04-08,1569.6932373046875,1588.5331610678522,1567.0439310441975,1580.7813230508468,1170390
2024-04-09,1572.4898681640625,1578.6716226771773,1562.0886041422668,1570.9688947135494,1389391
2024-04-10,1573.9617919921875,1578.3282724058622,1554.0425249753089,1572.980549671761,1928878
2024-04-12,1511.1131591796875,1565.0814862932477,1505.2257053127537,1565.0814862932477,8258068
2024-04-15,1511.162109375,1515.1360684465296,1475.592079357776,1489.1331499511796,2474028
2024-04-16,1508.7091064453125,1514.3512495213524,1496.5416782904379,1506.2068907341527,2058697
2024-04-18,1487.9556884765625,1516.5589224173525,1478.1922567678403,1516.5589224173525,3266796
2024-04-19,1494.2357177734375,1499.6325500457233,1475.4938953306996,1476.7695581436399,2536516
2024-04-22,1511.211181640625,1518.9630194557144,1493.401610654075,1499.779685348172,1680307
2024-04-23,1456.80126953125,1533.1418415222486,1449.9815643104523,1532.7003304404209,9160422
2024-04-24,1457.880615234375,1474.8070433769246,1451.6006411268277,1456.8012727582052,4652803
2024-04-25,1491.6353759765625,1498.651281764692,1460.7262462271008,1462.0508992602545,3846327
2024-04-26,1478.2906494140625,1503.2632182807206,1471.912574401775,1502.2819759711379,1794350
2024-04-29,1493.0582275390625,1499.1420015362514,1481.7249510866986,1487.563294733624,1091667
2024-04-30,1473.924072265625,1500.4667250662028,1468.9197603647822,1498.3570301115715,1991646
2024-05-02,1490.507080078125,1501.300745569145,1473.8259606829122,1474.8072030002777,2494925
2024-05-03,1482.8040771484375,1508.1691623972551,1473.335066583916,1498.356741041385,3183226
2024-05-06,1500.4666748046875,1505.2256759648935,1480.4493080912862,1489.5257992925087,1240626
2024-05-07,1486.9254150390625,1514.20399741795,1481.7738932422997,1507.1389813712035,1532550
2024-05-08,1493.2054443359375,1497.1795234947892,1474.071219815122,1481.6758475092922,1026357
2024-05-09,1466.61376953125,1501.2515494802706,1461.8547685209535,1492.6656796955167,1477007
2024-05-10,1478.2906494140625,1497.8172755503142,1463.0322835878292,1466.6138419739173,1528487
2024-05-13,1496.443603515625,1501.300704942925,1473.8259208001787,1484.6195859991146,1628326
2024-05-14,1516.2645263671875,1518.9138324243547,1487.6123017216169,1496.3943715968037,2206236
2024-05-15,1498.7493896484375,1521.1707504023389,1491.8315840904615,1516.2645393060566,1207536
2024-05-16,1507.4825439453125,1512.2415449880702,1480.0077604466946,1500.3194274780956,2684392
2024-05-17,1502.674560546875,1508.4639143749248,1491.6355840961462,1507.188251406172,1341676
2024-05-21,1512.045166015625,1529.069814526163,1495.4131581336405,1501.3006115121193,1791791
2024-05-22,1510.42626953125,1534.662905614346,1477.1621327232688,1517.9817870750596,3948239
2024-05-23,1467.0552978515625,1481.6758316698454,1439.4824139467967,1481.6758316698454,11618479
2024-05-24,1458.8128662109375,1477.456469741132,1449.3929641728446,1475.7884057585463,5307322
2024-05-27,1438.55029296875,1472.844662753556,1433.1534604270148,1458.8128502328236,3474806
2024-05-28,1437.4217529296875,1451.355344550151,1428.639563186889,1441.3957120548366,2616438
2024-05-29,1451.2081298828125,1466.9571153883296,1438.15768025638,1440.5616757774073,2843365
2024-05-30,1431.7305908203125,1449.6873725070577,1422.3106888619184,1448.3136093550822,3133423
2024-05-31,1432.41748046875,1451.6498045590222,1412.9888360606965,1437.5198922423058,5503924
2024-06-03,1425.7940673828125,1469.9008576215206,1423.7824729030883,1468.4289942794428,1855318
2024-06-04,1403.029296875,1448.6080741688013,1351.3668651546072,1434.183740303603,5055952
2024-06-05,1459.4014892578125,1462.0507951354411,1405.1387507610416,1422.5066888044632,2487724
2024-06-06,1445.075439453125,1465.975947663357,1427.7566092559734,1465.975947663357,3004955
2024-06-07,1478.5848388671875,1481.7738761331234,1444.535781201566,1452.1404085280287,3404664
2024-06-10,1484.7176513671875,1493.156310913675,1476.8677132252362,1490.5070047029867,1433942
2024-06-11,1471.6180419921875,1496.394408426795,1469.2630366719968,1495.413166191761,1441589
2024-06-12,1478.5848388671875,1486.1404759501945,1467.7911742747885,1471.863353508939,994784
2024-06-13,1482.4608154296875,1486.1894640515413,1469.9008669189625,1486.1894640515413,1412477
2024-06-14,1487.563232421875,1489.5257168973656,1477.3092989496554,1485.4535376546135,937490
2024-06-18,1492.42041015625,1494.284794459729,1481.8720555592968,1494.0394838877069,1478241
2024-06-19,1475.788330078125,1501.1534180452334,1471.8633611151513,1496.3453071094812,1537367
2024-06-20,1443.4073486328125,1460.0393568452203,1439.4823796358505,1460.0393568452203,4168375
2024-06-21,1439.7276611328125,1460.0884373935082,1433.496796932034,1452.3365998248933,4426556
2024-06-24,1466.466552734375,1474.7090116473055,1447.3814387525272,1447.3814387525272,3726155
2024-06-25,1476.9658203125,1479.7133465870836,1464.307890824624,1469.9500338901914,1833311
2024-06-26,1492.6168212890625,1500.2214494843952,1467.2026205253226,1473.8260063728703,2563493
2024-06-27,1487.80859375,1499.3873004627148,1476.769618198681,1496.3944636232482,3881458
2024-06-28,1492.3221435546875,1510.082603033465,1487.170622116392,1491.4881116588808,2634599
2024-07-01,1491.58642578125,1501.3007486995348,1475.6412380908139,1492.3223575208087,1451094
2024-07-02,1495.4622802734375,1506.1087345963342,1479.9586050056155,1485.6007478723698,1336816
2024-07-03,1505.176513671875,1507.433418777382,1470.1953230003573,1490.8504006618987,1061099
2024-07-04,1528.6773681640625,1541.531618043965,1497.3757155538449,1506.2068960518689,2630823
2024-07-05,1538.9803466796875,1545.2112109212921,1527.7941612347688,1532.7003724140711,2481046
2024-07-08,1527.2054443359375,1545.2603254849207,1521.8576022664593,1541.1390362138713,1120204
2024-07-09,1555.66162109375,1560.0772115990605,1520.7294179411824,1535.4480529588843,1492840
2024-07-10,1568.5648193359375,1571.116025185403,1538.1953003589401,1562.9226764966854,1899956
2024-07-11,1552.0799560546875,1572.440733097921,1542.8072645423988,1570.9688696972053,1707500
2024-07-12,1552.6214599609375,1562.5141445942818,1525.748550332855,1557.2478752429527,1426598
2024-07-15,1561.3819580078125,1569.7489653534258,1552.621305268354,1555.2297467242734,832804
2024-07-16,1554.5902099609375,1570.044518600244,1550.3081742364416,1564.1383950193026,688481
2024-07-18,1569.3062744140625,1571.619482149193,1545.6817797702254,1550.3574610018181,1665636
2024-07-19,1544.106689453125,1564.8765316374668,1540.6614509812073,1559.9054966352612,1649335
2024-07-22,1562.51416015625,1564.6305451018031,1530.7196008546932,1530.7196008546932,826636
2024-07-23,1576.5411376953125,1580.5278189419064,1549.6683490802811,1562.1695951931613,1502677
2024-07-24,1594.11181640625,1599.5257626562652,1567.0913509135091,1576.9348895499006,2923358
2024-07-25,1639.7366943359375,1654.9941790383104,1577.1316932353147,1589.583793492231,5329712
2024-07-26,1687.4285888671875,1696.8292162072228,1638.9491617114581,1644.313842134589,4591049
2024-07-29,1696.287841796875,1701.7017881946017,1666.2650481367532,1688.4130106729085,3187339
2024-07-30,1674.9764404296875,1698.453255065579,1670.4484368780043,1689.2495708567535,1525840
2024-07-31,1692.4488525390625,1703.8673337375808,1668.6766818415629,1675.468747778047,1594881
2024-08-01,1688.3636474609375,1719.1247047633856,1654.9941486275457,1698.5025400119764,5258291
2024-08-02,1704.5562744140625,1714.547489472833,1657.504114913849,1673.4014527470208,2992406
2024-08-05,1693.43310546875,1730.494051595578,1688.1668364541615,1698.010374859142,5165558
2024-08-06,1680.83349609375,1706.869607849445,1677.2897260391114,1698.0104230336174,1710278
2024-08-07,1707.3125,1709.6749732899702,1682.6545079669627,1693.0886348239173,1922313
2024-08-08,1709.8719482421875,1721.2904291708571,1701.3079974253963,1707.8539747323841,2480113
2024-08-09,1708.1492919921875,1722.4224228842272,1702.9814342554146,1722.4224228842272,751683
2024-08-12,1706.721923828125,1721.1427319742554,1702.9814512394812,1707.8539548043084,1526788
2024-08-13,1712.8741455078125,1724.4403034826953,1698.6010143898718,1712.775734152869,2076963
2024-08-14,1714.4000244140625,1725.5724173454016,1705.491573396697,1720.1584707992522,2207250
2024-08-16,1715.4827880859375,1723.7513850171242,1701.6034218945115,1722.2255883822993,2180718
2024-08-19,1720.453857421875,1725.4247727024883,1713.4157027473273,1725.4247727024883,1363446
2024-08-20,1738.71337890625,1743.093825584569,1717.8451255905554,1724.3911026498006,1766597
2024-08-21,1737.0400390625,1744.2257500449111,1729.805062323617,1742.3063081086052,1184193
2024-08-22,1723.2591552734375,1741.814202000164,1721.0443590290179,1741.814202000164,1369554
2024-08-23,1747.9664306640625,1753.5771998066004,1724.4896142786613,1726.3106449540192,3515492
2024-08-26,1744.7178955078125,1752.1498149781921,1736.8923306342808,1752.1498149781921,933372
2024-08-27,1761.4027099609375,1764.5525940500074,1739.5008379580777,1750.181052633015,1231023
2024-08-28,1783.50146484375,1794.4770340925743,1758.4004421507382,1768.7854231329793,1768949
2024-08-29,1771.0494384765625,1798.2668470700282,1762.2395193861257,1781.5820970034213,3205924
2024-08-30,1793.148193359375,1799.5464933075689,1763.2730784025766,1770.0158781620587,3036374
2024-09-02,1787.5374755859375,1808.2581739283698,1776.9556708119962,1801.3184306403725,1617946
2024-09-03,1783.1571044921875,1810.7682796780687,1776.857215448379,1791.5241127108923,2148689
2024-09-04,1804.1729736328125,1806.2893584936423,1773.116681009439,1783.1570424584377,2473477
2024-09-05,1797.9224853515625,1815.0502680724544,1791.5241846919484,1804.5176087365458,1902919
2024-09-06,1796.0029296875,1821.0546880070094,1776.7587631635959,1791.081160260454,1701134
2024-09-09,1793.3450927734375,1806.683135915515,1784.4859078508314,1796.0029203464508,1544883
2024-09-10,1807.6181640625,1813.4258757955909,1797.1347715531685,1801.3675411621286,1460472
2024-09-11,1816.8218994140625,1828.4373232057144,1802.4503568680489,1807.6674804708248,1701900
2024-09-12,1836.2137451171875,1842.2182797313092,1811.6048982065367,1826.1241178838206,2744070
2024-09-13,1824.7459716796875,1835.8199526271706,1822.4327641360678,1835.8199526271706,1322430
2024-09-16,1833.802001953125,1844.0393062773085,1821.9406098647519,1832.86691383675,1284085
2024-09-17,1836.9027099609375,1840.3972142201903,1830.1599100672588,1833.851237033913,738265
2024-09-18,1807.2735595703125,1838.772880870013,1800.9736712782976,1838.772880870013,1202676
2024-09-19,1817.16650390625,1826.96077681695,1806.289345613741,1816.3297069911462,1675819
2024-09-20,1836.558349609375,1841.7262077551336,1813.081532350721,1822.1375404657986,4229991
2024-09-23,1833.5560302734375,1845.663631761953,1828.4374378655082,1837.7888002664354,812520
2024-09-24,1838.871337890625,1851.2250263338403,1826.9606807604155,1826.9606807604155,2528953
2024-09-25,1841.283203125,1846.647883720909,1829.4709565340347,1844.6791759557482,956893
2024-09-26,1868.6973876953125,1875.1940991247704,1837.8379182850995,1841.2831567874284,2452807
2024-09-27,1918.2103271484375,1928.6445742375151,1885.2837384543107,1887.9414458235608,3809008
2024-09-30,1896.5545654296875,1929.6780973997247,1890.9930621568226,1918.5057049356399,2608461
2024-10-01,1889.91015625,1904.478641525461,1872.5855522470085,1894.7335142236582,1275678
2024-10-03,1880.95263671875,1906.0045157156342,1866.3842710102826,1871.0599520624671,2492195
2024-10-04,1880.1651611328125,1921.7048464638563,1873.8652723204211,1880.9525721341208,2798189
2024-10-07,1875.440185546875,1887.9414314632731,1858.5093472751635,1880.1651321233626,1691999
2024-10-08,1887.154052734375,1891.3867022944673,1871.7981563388612,1874.209775264938,2309881
2024-10-09,1900.6397705078125,1916.5371105829906,1864.8585290187345,1864.9077947796193,1597182
2024-10-10,1858.2139892578125,1907.628504700873,1854.4242509491964,1899.4091740459926,2383012
2024-10-11,1872.19189453125,1879.4761375886474,1860.9210901846081,1869.288098524502,1019117
2024-10-14,1879.8697509765625,1885.7758740323861,1865.4489431498498,1873.2253625387607,676879
2024-10-15,1868.74658203125,1890.3532218699002,1865.0061093702523,1887.9907485174674,1383203
2024-10-16,1868.7957763671875,1884.7422606059836,1857.4757071397855,1879.0822259922827,1401914
2024-10-17,1859.98583984375,1893.5522816367034,1850.2407128302139,1893.4538702851282,1447059
2024-10-18,1880.46044921875,1887.8923692294302,1843.3995008440684,1870.2724103837372,1203693
2024-10-21,1867.3192138671875,1890.500794607445,1860.970179733425,1888.7781754064604,660583
2024-10-22,1858.0172119140625,1876.1784929129958,1851.5696459440423,1862.3975386103818,1192915
2024-10-23,1810.5712890625,1859.9859260416238,1803.3363120609265,1850.634564161395,1673366
2024-10-24,1819.9718017578125,1830.4551939724718,1800.8260478633456,1801.3674905284754,1739776
2024-10-25,1831.2919921875,1846.2541231794423,1821.1530991050695,1827.748342232607,2148004
2024-10-28,1873.126953125,1886.0219644448168,1806.2893031086842,1834.0480334356298,2445724
2024-10-29,1842.316650390625,1892.6171083327952,1832.866877417755,1891.9281086986707,2295542
2024-10-30,1823.1217041015625,1851.4711424633488,1791.5239701977332,1839.2651309420135,1900203
2024-10-31,1819.9718017578125,1843.2025278768144,1813.278147717927,1830.8981051273029,2572932
2024-11-01,1829.3232421875,1835.770687890946,1802.8933650102174,1830.8981843354968,107596
2024-11-04,1780.5977783203125,1816.132929770465,1732.5612603522018,1816.132929770465,5031861
2024-11-05,1775.3804931640625,1804.3205189734533,1771.2954008538968,1776.758612518867,1658010
2024-11-06,1798.857421875,1811.2111109404048,1774.0024867928016,1787.143707014073,2060619
2024-11-07,1762.928466796875,1816.1328400673362,1750.9686637344926,1816.1328400673362,1909269
2024-11-08,1781.2867431640625,1786.651543863973,1762.928519414806,1771.6401473123922,1644075
2024-11-11,1766.5213623046875,1789.2107661891127,1763.9128006186538,1788.964677731192,1069649
2024-11-12,1772.673583984375,1796.445753188785,1767.0135494195335,1773.7072035777592,2471888
2024-11-13,1751.16552734375,1769.1792511529236,1742.7492537265953,1762.977773733927,1810332
2024-11-14,1740.534423828125,1767.8995088330114,1735.5635089980697,1751.8544930661983,1473358
2024-11-18,1720.4044189453125,1770.8525531011971,1715.925560921955,1770.8525531011971,1533025
2024-11-19,1749.4429931640625,1778.4814336188888,1702.9322707406545,1702.9815365004965,1933316
2024-11-21,1752.14990234375,1763.4207061795037,1730.5433827919237,1744.2750713219802,2014349
2024-11-22,1767.2105712890625,1786.5530289296892,1740.3869280217095,1757.0716782467896,1420813
2024-11-25,1770.754150390625,1801.367530844485,1756.23493122125,1777.7430386366884,3137448
2024-11-26,1734.0377197265625,1778.4813201271122,1725.7691233468631,1778.4813201271122,1589883
2024-11-27,1722.0777587890625,1750.771696948305,1713.021751622685,1732.5611511043055,1982546
2024-11-28,1707.1156005859375,1733.1517108815951,1696.4353857445187,1722.0777304828107,3071758
2024-11-29,1753.035888671875,1767.7027858485048,1711.9882588489422,1715.6304403837553,2427677
2024-12-02,1780.2532958984375,1785.6179765952768,1764.1098678883209,1771.8370219798776,1948045
2024-12-03,1771.88623046875,1803.336288528219,1760.369218101897,1802.5980231262558,1543970
2024-12-04,1772.0338134765625,1786.4546219056908,1757.071682507599,1782.1727065434218,2320116
2024-12-05,1785.0765380859375,1797.38096187864,1747.6219441571845,1780.4008570447106,2742263
2024-12-06,1776.6109619140625,1795.4120957796356,1772.8212237521095,1787.4388538970015,1590478
2024-12-09,1778.3829345703125,1791.4747688810555,1768.5885415154817,1786.405442603655,1528215
2024-12-10,1781.6312255859375,1794.4770915572894,1767.8995372665343,1792.5083838320484,2043634
2024-12-11,1785.617919921875,1797.7746661825408,1776.8080008508025,1795.7568128455632,1745911
2024-12-12,1777.20166015625,1791.5240571387385,1769.9175375906975,1790.5397032611897,1082394
2024-12-13,1785.0765380859375,1788.3742197906927,1746.2930904196505,1776.512707190372,1391111
2024-12-16,1781.4837646484375,1793.9850113133236,1764.3067167237166,1790.2444183696116,1483330
2024-12-17,1761.0584716796875,1787.3406739218574,1755.2014936163112,1781.6806387435283,1608164
2024-12-18,1772.8704833984375,1793.9355588734522,1764.749564439215,1769.8681562039071,1732860
2024-12-19,1794.7725830078125,1800.7771179968256,1762.7810800265868,1772.821442128845,1924091
2024-12-20,1780.5484619140625,1797.3808889474024,1766.0292424278111,1794.7724473375015,2513418
2024-12-23,1786.20849609375,1799.3988618924343,1768.5393923138286,1782.66484621838,1299181
2024-12-24,1790.5396728515625,1803.0901845771575,1774.937688189468,1786.503846054232,1121058
2024-12-26,1812.5399169921875,1816.1820982918753,1786.0116291014133,1791.5239865664648,1402706
2024-12-27,1832.1285400390625,1836.8042206650857,1808.0118715469432,1816.6249674369858,1668898
2024-12-30,1854.42431640625,1866.0888859644024,1825.9764649684644,1832.916207953389,6021550
2024-12-31,1856.8358154296875,1880.1158074439886,1839.5604778815998,1847.435308488695,1844944
2025-01-01,1860.3795166015625,1873.1761166918582,1849.2563901577657,1860.330371005137,1338092
2025-01-02,1848.61669921875,1866.3350701377794,1835.7708322382962,1862.3976543779952,2507223
2025-01-03,1820.710205078125,1854.5227373236849,1815.1485815418657,1848.616613956412,1515825
2025-01-06,1818.495361328125,1827.4529575024972,1797.0856646808427,1821.5468342894537,1397724
2025-01-07,1824.401611328125,1835.820092968127,1816.7728683144505,1819.6275187645492,1615649
2025-01-08,1808.996337890625,1833.4575077078648,1800.5800641761023,1833.4575077078648,1298188
2025-01-09,1797.7747802734375,1812.1955894141072,1785.6180332412769,1812.1955894141072,1199181
2025-01-10,1756.8748779296875,1805.8956297505906,1745.0133654438162,1796.88876758916,857827
2025-01-13,1719.56787109375,1757.613173784557,1715.18742409373,1756.677965472908,1645287
2025-01-14,1743.14306640625,1756.136609882772,1714.8428919984221,1727.5410812430555,1962645
2025-01-15,1729.362060546875,1747.2281071961975,1720.355198666435,1745.0625767612908,857867
2025-01-16,1735.711181640625,1747.818661828744,1713.5632201448668,1747.2773393106322,2180496
2025-01-17,1758.597412109375,1763.912826750902,1739.943834626419,1751.1654925059195,1163986
2025-01-20,1750.42724609375,1772.2798536535424,1740.6329732814052,1761.3535498736462,1341246
2025-01-21,1735.1204833984375,1777.496964706741,1731.9705991424676,1744.3734336208743,2489267
2025-01-22,1770.8033447265625,1775.3806142498852,1746.0960866446023,1749.1968253642974,2262270
2025-01-23,1804.9111328125,1810.9649328123953,1758.1051809624137,1760.1230341887936,1974760
2025-01-24,1793.6895751953125,1814.2625951258215,1779.9086210049752,1800.3832295804873,1277935
2025-01-27,1758.8927001953125,1795.70755920856,1746.539131141445,1789.6537588359963,1452975
2025-01-28,1678.8155517578125,1752.1499162292032,1666.6095395452621,1751.9530935162534,5972497
2025-01-29,1708.198486328125,1716.7131714456407,1669.4641850755772,1678.815546961319,1433336
2025-01-30,1711.889892578125,1732.7582679531458,1698.3058804645843,1713.2187463491769,2017991
2025-01-31,1716.6639404296875,1742.1587305399157,1679.3570236482724,1714.744498383712,4275269
2025-02-01,1714.9412841796875,1761.0090938952092,1706.180630763185,1712.775753704675,1477972
2025-02-03,1713.3663330078125,1757.9576116671103,1683.7865711220554,1753.5771648214666,2210231
2025-02-04,1737.630615234375,1748.4585074692302,1713.4155348139568,1721.9302195579874,2796294
2025-02-05,1725.326171875,1746.0468680167262,1708.0507141309702,1746.0468680167262,1787905
2025-02-06,1725.07861328125,1751.1726312742373,1719.434030122037,1735.971761815173,3421791
2025-02-07,1732.802978515625,1735.9718462530805,1710.5215372488285,1734.3874123843527,1371545
2025-02-10,1715.2747802734375,1733.0009282305343,1706.9563516410208,1724.3359235893818,1237839
2025-02-11,1683.239013671875,1717.3543258245982,1678.584716760651,1708.441749785153,2779274
2025-02-12,1677.3963623046875,1698.2913782758192,1671.6527745103654,1689.873945040826,1757284
2025-02-13,1729.3863525390625,1735.7242086574404,1683.437046786511,1683.486609452374,2750390
2025-02-14,1683.981689453125,1731.9610076703173,1668.6322532952165,1730.3765739212488,2123774
2025-02-17,1697.548583984375,1718.493161640431,1679.5749858623913,1683.981711172033,2277889
2025-02-18,1685.071044921875,1712.9476268063138,1681.9021773018378,1697.5486273920292,2163972
2025-02-19,1660.3138427734375,1682.4962781514014,1631.1003994506204,1648.9255513086105,2576319
2025-02-20,1653.0848388671875,1661.650717980516,1646.8459873142822,1650.955699312812,1670915
2025-02-21,1627.7830810546875,1668.0382427189738,1616.1472172053232,1661.7499489858033,2244190
2025-02-24,1623.57421875,1653.6789432928745,1611.24520396052,1613.9189283365738,2357441
2025-02-25,1597.9259033203125,1631.7937663322086,1590.6473234025875,1623.5743419259406,2836717
2025-02-27,1631.49658203125,1637.0421608038846,1589.458979455039,1613.1267239070628,2744489
2025-02-28,1577.7735595703125,1654.768315105597,1570.990122970159,1654.768315105597,3549979
2025-03-03,1569.7027587890625,1591.7861911944533,1566.8309043991671,1569.9008885758637,1425492
2025-03-04,1551.283447265625,1574.555174690293,1540.8854413950287,1569.6037433233423,1717135
2025-03-05,1567.0784912109375,1570.8911901349716,1537.9641709934328,1549.4019051118648,2428171
2025-03-06,1598.322021484375,1602.1841620700768,1557.274704416556,1582.7250129104102,2458676
2025-03-07,1593.667724609375,1612.9287439888355,1590.0531555879154,1608.224884259628,980890
2025-03-10,1595.8463134765625,1625.5053387117098,1587.181308671772,1606.1947565753194,1600589
2025-03-11,1639.2208251953125,1647.4401282749168,1589.755956069868,1600.4015329145766,3325416
2025-03-12,1660.5615234375,1663.9285209643763,1641.944213915485,1645.8557963652988,2389362
2025-03-13,1667.097412109375,1670.7615439253354,1647.2916862432883,1655.7586824048633,1666929
2025-03-17,1687.744873046875,1703.4408856424727,1671.949735120467,1677.5944391719095,2588408
2025-03-18,1687.744873046875,1687.744873046875,1687.744873046875,1687.744873046875,0
2025-03-19,1715.5223388671875,1731.0203426565547,1709.5311796627507,1730.8223337629315,2167448
2025-03-20,1733.24853515625,1740.0815345610301,1706.164229987911,1718.7903798654954,1602232
2025-03-21,1767.165771484375,1775.3851955195173,1733.2484682210857,1741.9134727044077,2483162
2025-03-24,1767.462890625,1802.3209171523695,1760.3327573231188,1777.068618587872,1182084
2025-03-25,1747.6075439453125,1778.5044245452243,1741.4182552927225,1767.462830296639,1471028
2025-03-26,1741.8638916015625,1753.5988799709714,1729.1387379005184,1750.776467547211,1762361
2025-03-27,1714.631103515625,1735.2786688284705,1703.2923741462057,1733.991248331399,3279881
2025-03-28,1717.8494873046875,1724.4349149589302,1688.6360433074972,1714.6310570338105,1956781
2025-04-01,1681.8526611328125,1717.1068281397131,1665.2653661235754,1714.1855319993706,4142445
2025-04-02,1697.0040283203125,1701.7573297106799,1669.523585338969,1678.5351658874724,3369489
2025-04-03,1752.806640625,1795.0918146184608,1733.000915872175,1737.9523470603813,5715573
2025-04-04,1692.7457275390625,1761.5706198924483,1641.9441169370045,1761.5706198924483,5345276
2025-04-07,1650.1634521484375,1675.5643183859863,1604.3627135400736,1604.3627135400736,5715334
2025-04-08,1671.9498291015625,1693.2409842799836,1629.0209427210527,1629.0209427210527,2807382
2025-04-09,1636.15087890625,1663.4333131976173,1624.0694351207574,1633.9722975300303,3481864
2025-04-11,1671.1575927734375,1720.1271989907707,1665.7604602343595,1693.389470509049,3801939
2025-04-15,1688.43798828125,1707.7485693788947,1680.3176897119565,1703.2922814332844,1993085
2025-04-16,1676.6536865234375,1686.1604106914103,1665.7605373782576,1674.6731139515866,2205374
2025-04-17,1734.486328125,1740.9231886061948,1671.0090050950514,1678.53515625,2683908
2025-04-21,1727.9505615234375,1743.89414652257,1714.4826922348705,1743.89414652257,1539511
2025-04-22,1730.42626953125,1737.9524210809573,1717.651552344684,1733.9912759616843,961907
2025-04-23,1771.424072265625,1773.89978786255,1725.1776323843349,1737.160071696542,1471029
2025-04-24,1786.37744140625,1790.3385865190153,1756.6688530605102,1772.6124379624794,2101177
2025-04-25,1770.0377197265625,1797.8647399968627,1747.063005516993,1788.457020343891,2036801
2025-04-28,1823.7110595703125,1828.0683430698152,1763.8977483287135,1770.0375953594596,3216482
2025-04-29,1787.9617919921875,1828.0683843907937,1779.5443590196405,1827.0780981587293,2886160
2025-04-30,1814.5015869140625,1821.037452140905,1785.7832849884787,1792.41815466574,2667314
2025-05-02,1806.876220703125,1833.2178100929195,1796.1812020112825,1814.501497161058,1885257
2025-05-05,1818.759765625,1825.39475626075,1803.7074624569946,1810.0453188536228,1219830
2025-05-06,1801.4296875,1810.144254826256,1781.524958114871,1802.3209692990913,1414772
2025-05-07,1763.996826171875,1808.658708849283,1761.4219853883812,1800.2412762935912,2015237
2025-05-08,1750.0338134765625,1771.5230976424903,1737.952369574651,1763.9969463158297,2647871
2025-05-09,1727.8514404296875,1749.1425941032496,1714.8785942744369,1734.8824483961403,1148956
2025-05-12,1669.820556640625,1695.7661278374987,1607.8286641572022,1679.2282756226243,9221075
2025-05-13,1683.4866943359375,1731.5155794390512,1674.8712519599235,1694.3798435345818,6988329
2025-05-14,1691.60693359375,1694.7759221426484,1675.6633490542597,1685.4672071623734,1639324
2025-05-15,1723.1971435546875,1727.4554229419255,1667.7411114916051,1684.575978367898,3880385
2025-05-16,1718.0477294921875,1724.6825993616694,1702.3021531137006,1723.0981654554037,1448249
2025-05-19,1713.3931884765625,1747.8551976682609,1709.8281822219678,1728.0494730487903,2074023
2025-05-20,1691.2108154296875,1731.020272191486,1686.7545275436112,1726.8611185182995,2706777
2025-05-21,1714.977783203125,1741.6163867307562,1691.2109131047398,1699.727350713084,2754306
2025-05-22,1702.0048828125,1723.0980277124547,1690.6165912500326,1717.3543192662605,2670554
2025-05-23,1667.2459716796875,1673.088684960634,1620.7025161051683,1641.8946668628182,8339783
2025-05-26,1659.8187255859375,1685.8633017834197,1650.807145071694,1676.6535914924873,2282131
2025-05-27,1667.0478515625,1675.5642889012822,1644.9644204412464,1659.8187137825698,2800622
2025-05-28,1650.2130126953125,1670.5138805929525,1646.846015306111,1667.0478787567702,2657712
2025-05-29,1683.28857421875,1686.7545760075059,1654.1741350162908,1658.7294274760316,2377583
2025-05-30,1661.30419921875,1696.9545044418328,1652.8867660410776,1685.4672080468613,3640641
2025-06-02,1658.3333740234375,1667.1469460589315,1644.37036170529,1662.6906578158278,1819538
2025-06-03,1651.30224609375,1678.5351167189842,1641.4983884917563,1678.5351167189842,2556920
2025-06-04,1648.7276611328125,1652.78781072701,1632.982085014284,1639.914089013738,1700482
2025-06-05,1666.750732421875,1677.842010747808,1645.8557171096074,1645.8557171096074,2037073
2025-06-06,1662.888671875,1672.5935257661272,1652.7878001797906,1668.63238064886,2500047
2025-06-09,1677.9410400390625,1682.2983237000342,1657.0460244174062,1663.5818894665877,2589656
2025-06-10,1672.3955078125,1690.319665194212,1661.4032334639328,1685.269229373942,2369135
2025-06-11,1674.177978515625,1678.5352623706667,1662.9878159638881,1678.3372534663927,1999978
2025-06-12,1671.009033203125,1710.7194874320173,1664.770181508742,1678.436180037128,3588365
2025-06-13,1671.4051513671875,1683.486595048421,1644.9644364318735,1650.6091404871777,2404272
2025-06-16,1668.929443359375,1673.385731425313,1639.6168740402327,1648.826584396991,2249326
2025-06-17,1634.1702880859375,1665.3643043250918,1625.158707571536,1663.680866088227,5408285
2025-06-18,1631.99169921875,1645.162554368449,1622.583980078836,1629.0208405429876,1455885
2025-06-19,1631.5955810546875,1639.2208576156943,1620.1082848742983,1632.0907241735367,1696525
2025-06-20,1648.9256591796875,1653.7780861242686,1629.615076736919,1631.5956492951518,2567882
2025-06-23,1646.350830078125,1650.8071180392387,1631.1994026565192,1647.0439820738125,840643
2025-06-24,1645.55859375,1670.0187363655616,1642.6868603667087,1654.2731610004403,2066326
2025-06-25,1653.3818359375,1662.4925416217097,1641.9935444956482,1645.5585506831444,1372945
2025-06-26,1653.5799560546875,1662.5915363574031,1634.3683794706653,1658.5313870874484,2102627
2025-06-27,1671.20703125,1679.228325601745,1651.9954540538424,1653.9760265300536,5313904
2025-06-30,1659.4227294921875,1687.9430237145828,1655.3625797780876,1679.5255900380948,2160184
2025-07-01,1651.0052490234375,1667.939241235612,1641.3995203951588,1659.4226824613615,3298070
2025-07-02,1661.205078125,1665.6613659649777,1639.9139251117736,1639.9139251117736,1611046
2025-07-03,1663.3837890625,1676.3566358267922,1658.2343488442164,1661.2052076358154,1553777
2025-07-04,1660.016845703125,1670.3157257254463,1655.3624279194328,1670.3157257254463,1264399
2025-07-07,1669.05810546875,1671.5419707006272,1652.267152244763,1663.891593016956,1550620
2025-07-08,1661.7059326171875,1671.1446210236827,1638.45692849627,1669.1575287275784,1860328
2025-07-09,1658.6259765625,1669.9524269938443,1636.3705184185847,1649.2866184425322,2178705
2025-07-10,1651.7703857421875,1659.818084868856,1636.569081949883,1651.273612693844,1741718
2025-07-11,1661.2091064453125,1669.0581450205405,1651.4723059926273,1655.0491690372774,1298302
2025-07-14,1671.74072265625,1685.948481071095,1664.686569269172,1669.554969645884,1309704
2025-07-15,1716.3509521484375,1719.7290332716816,1677.0065493687105,1693.9961640596734,3332578
2025-07-16,1690.02197265625,1720.1264690066841,1687.0413342565037,1718.834810520466,2285143
2025-07-17,1692.406494140625,1705.918697188592,1685.054228556699,1693.0025975593248,1461039
2025-07-18,1682.669677734375,1698.3677548795465,1675.81418527775,1697.9703121766654,1253929
2025-07-21,1681.378173828125,1690.4194194057986,1666.6736425079068,1670.250384339653,2390289
2025-07-22,1667.17041015625,1682.172932498894,1662.0040187807986,1675.2181095721396,1244491
2025-07-23,1671.641357421875,1678.6955106617793,1660.6130196769561,1667.6671729168602,1229173
2025-07-24,1681.080078125,1685.054262706856,1669.2568547374815,1671.6413897430925,1079045
2025-07-25,1688.034912109375,1691.0155505651303,1671.34328824415,1679.0929967421093,1088592
2025-07-28,1691.214111328125,1699.0631497208833,1682.9677515240733,1691.1147809753018,2168507
2025-07-29,1699.460693359375,1706.9122895009684,1686.1471506632306,1687.0413664567195,1325544
2025-07-30,1722.6103515625,1729.2670622088262,1701.050327485951,1708.8993662735888,2318723
2025-07-31,1695.6851806640625,1736.7186855343634,1683.0671929606474,1704.4284353742567,3233087
2025-08-01,1619.18212890625,1684.0607416859682,1597.6222257410245,1679.0930108845346,8774548
2025-08-04,1631.0052490234375,1636.7678649006018,1603.1859582998518,1619.2814778451302,1898762
2025-08-05,1621.566650390625,1633.9859772903794,1609.644096566861,1630.3099050410478,1622897
2025-08-06,1584.90478515625,1619.1821276597536,1580.7319397992544,1619.1821276597536,2376257
2025-08-07,1588.0841064453125,1595.038929127571,1560.860919118262,1570.7963800929167,3435674
2025-08-08,1576.6583251953125,1591.6608469998002,1570.6970486147889,1579.7382938387532,1654424
2025-08-11,1598.0196533203125,1649.2866104488512,1573.9757636996972,1576.6584110765473,1140902
2025-08-12,1611.73046875,1626.1368875025048,1599.7085849440618,1601.2982344809448,1679088
2025-08-13,1629.217041015625,1632.8931132931275,1606.8622524247546,1613.7176238999627,1313668
2025-08-14,1630.806640625,1640.4439895646522,1621.6659434674307,1629.216991074875,1738094
2025-08-18,1622.1627197265625,1638.953673598573,1614.9099057390576,1638.953673598573,3080173
2025-08-19,1616.10205078125,1627.4285004990954,1608.650455082994,1622.2621093279643,2656391
2025-08-20,1622.5601806640625,1625.9382618042353,1605.5705658879585,1623.4543964485918,1831706
2025-08-21,1629.6142578125,1641.8349233037904,1613.4195292205059,1620.2750215379986,1727099
2025-08-22,1631.2041015625,1640.7421202523267,1624.5472696533852,1631.4027622775534,2098310
2025-08-25,1646.0078125,1649.7833362781898,1623.4543640340632,1638.556216581851,1904984
2025-08-26,1589.971923828125,1636.7679223969371,1585.8982876602297,1634.3833874232264,4502371
2025-08-28,1575.466064453125,1589.6738227570108,1557.482903589684,1582.8183301398738,4993739
2025-08-29,1584.2093505859375,1591.3628344180145,1565.6300859249247,1570.7964774389259,3176534
2025-09-01,1553.210693359375,1589.8724480539984,1546.15641890205,1588.6802412264847,9366820
2025-09-02,1555.098388671875,1560.1655710733091,1547.944904890128,1555.8932741065087,2855840
2025-09-03,1568.51123046875,1570.8957654426454,1548.2429863968566,1552.0183889299112,2091370
2025-09-04,1572.088134765625,1586.6932147794025,1550.9255530811818,1586.6932147794025,2298657
2025-09-05,1583.3150634765625,1588.9783490975083,1565.3319030644045,1572.1873955095048,1814479
2025-09-08,1570.79638671875,1594.144720107675,1568.014409121119,1587.2892277497494,1369139
2025-09-09,1581.4273681640625,1586.6932113044306,1567.3190612603253,1569.802926650595,1709406
2025-09-10,1583.116455078125,1591.2634849715168,1572.1874474598008,1581.824796573873,2408379
2025-09-11,1599.3111572265625,1606.5640924898203,1580.731893105321,1582.2222123005806,1762484
2025-09-12,1606.1666259765625,1612.028572314202,1592.753753418016,1599.6092458711034,1878894
2025-09-15,1591.660888671875,1606.6634108691514,1585.1035085181136,1606.1666378077682,2005917
2025-09-16,1600.1060791015625,1604.5770367892105,1589.6738444970506,1592.1577098790772,1480567
2025-09-17,1609.743408203125,1611.6311701264297,1597.0260903751814,1602.1924817923948,2128406
2025-09-18,1637.9600830078125,1640.6427302584464,1617.1949451750547,1624.5472106020936,1832386
2025-09-19,1645.3123779296875,1657.3342617486428,1632.4956087001874,1637.9601123708476,3191406
2025-09-22,1633.389892578125,1647.200208505448,1624.7460894698136,1639.3511695583372,1785320
2025-09-23,1620.67236328125,1633.3898019799758,1614.6117562773588,1632.5949165803738,1967731
2025-09-24,1616.598876953125,1625.3421313727292,1614.512454345545,1619.4801849743005,1131058
2025-09-25,1616.89697265625,1632.1976070917785,1612.2272331438078,1617.3937457140107,2762750
2025-09-26,1576.4595947265625,1592.5551147894816,1538.0094080385923,1574.7706148198765,7256759
2025-09-29,1579.04296875,1608.4519109812734,1569.8029409013186,1570.7964870664462,4180922
2025-09-30,1584.0106201171875,1593.9460812700709,1575.7641388473005,1578.8441075481974,2257443
2025-10-01,1625.64013671875,1640.8414410892474,1601.4970384204441,1601.4970384204441,3109095
2025-10-03,1620.67236328125,1634.8801211423663,1589.6737732165213,1589.6737732165213,4041865
2025-10-06,1644.020751953125,1648.988482661006,1609.5447493534264,1619.4802107691883,1756916
2025-10-07,1642.4310302734375,1652.2671608996916,1636.3704233324065,1638.7549582239958,2174852
2025-10-08,1621.06982421875,1644.3188276700992,1618.4866285647079,1634.383366475718,1846507
2025-10-09,1647.7962646484375,1651.5717884738617,1621.8647347853546,1634.383391827965,2197566
2025-10-10,1660.1162109375,1665.7793752224488,1638.3575269836463,1644.3188036130591,1454056
2025-10-13,1657.63232421875,1664.1897041697284,1645.1136677155218,1651.770378019208,1375179
2025-10-14,1643.7227783203125,1659.1227436781396,1635.5756271034522,1656.8375390152728,2108287
2025-10-15,1644.418212890625,1657.9304163093134,1639.450482127689,1641.8350171503962,2088737
2025-10-16,1648.29296875,1652.1678227702848,1632.5948919631978,1643.3252382836047,2895957
2025-10-17,1668.2633056640625,1681.0800751745505,1646.0078477882328,1647.498167003813,1594147
2025-10-20,1677.7020263671875,1685.9485080320117,1671.9395313920309,1674.0259540775617,1647622
2025-10-21,1679.5897216796875,1685.0542253586216,1673.1316718773107,1679.0929486179662,74296
2025-10-23,1678.99365234375,1700.9509978610427,1671.3432742684568,1693.9961748557698,2687094
2025-10-24,1688.034912109375,1690.9162202064363,1675.1188121344358,1679.0929967421093,994307
2025-10-27,1682.669677734375,1697.473539118685,1679.092935973414,1690.0219432489805,2067904
2025-10-28,1676.1123046875,1691.7109302608092,1668.3625964373616,1681.0800352882336,2440939
2025-10-29,1704.8258056640625,1710.8864127185896,1676.4104109869058,1679.0929369886273,1016738
2025-10-30,1692.406494140625,1705.8193668325564,1669.2568209074827,1704.7264903511925,1986233
2025-10-31,1679.788330078125,1693.9960877138794,1675.9135973433574,1689.0283572513754,1560918
2025-11-03,1695.3870849609375,1701.7458042411731,1670.3496505354751,1677.3044732176897,1099955
2025-11-04,1679.093017578125,1700.156147747174,1671.343308983999,1695.983302370331,1597993
2025-11-06,1675.0194091796875,1712.77416131628,1656.24136346578,1688.0348389492265,3389867
2025-11-07,1680.48388671875,1698.9638198004336,1672.2374056301176,1683.0670823052249,1512908
2025-11-10,1686.8426513671875,1692.1083730346895,1674.9200979249385,1686.5445390181371,1235665
2025-11-11,1705.0245361328125,1707.9058442452217,1684.0607364721645,1690.618116853257,1315353
2025-11-12,1720.9212646484375,1732.8438184656877,1699.162579675458,1710.2903693410517,1833097
2025-11-13,1726.18701171875,1736.5199153752737,1714.2644585648725,1723.3057037833998,1727602
2025-11-14,1745.7598876953125,1748.7405260971425,1723.5044300384848,1726.187077369624,1667322
2025-11-17,1752.5159912109375,1756.5895059671477,1736.4204716107533,1754.4037530586884,1430618
2025-11-18,1747.448974609375,1753.1121390135681,1738.705720189144,1752.615365950657,1429522
2025-11-19,1772.5855712890625,1778.745629873463,1739.7985500161499,1750.6282267536994,2131124
2025-11-20,1765.928955078125,1780.4347046429366,1761.656658110908,1778.4476123386478,1513894
2025-11-21,1768.2139892578125,1775.864367185946,1762.2527125108188,1766.5250093591587,2199311
2025-11-24,1769.3070068359375,1774.374067871133,1760.3650916153026,1774.374067871133,3434492
2025-11-25,1765.332763671875,1780.533946272675,1754.7017476042085,1773.479793200475,1848114
2025-11-26,1793.25146484375,1795.2385571376026,1762.153421931962,1764.0411838676196,1158948
2025-11-27,1798.6165771484375,1803.1868650124306,1790.4694262511168,1790.4694262511168,2902053
2025-11-28,1819.779052734375,1821.170041561623,1795.8346154515186,1798.6165931060145,1623103
2025-12-01,1795.7353515625,1837.0668475095704,1789.3766318900682,1829.1184782396533,1869293
2025-12-02,1787.88623046875,1803.1868648665188,1777.0565535797946,1792.3571879775634,2948688
2025-12-03,1795.039794921875,1804.2798227031194,1770.9960264142678,1793.3508149664815,2114510
2025-12-04,1806.56494140625,1811.4332203221738,1786.694019194368,1796.7288106548715,1713961
2025-12-05,1793.64892578125,1808.4526664948564,1788.581743354456,1807.2604596194283,1777401
2025-12-08,1784.6075439453125,1794.3443447164593,1774.1753093830075,1793.6489109253014,2410074
2025-12-09,1764.5379638671875,1789.5752783550101,1760.563779263883,1784.4088868837098,2401728
2025-12-10,1773.9765625,1780.1364998103056,1756.4901753871322,1776.3610973977736,2321746
2025-12-11,1795.5364990234375,1798.8152497314682,1763.6436928373055,1766.525000840956,1280916
2025-12-12,1781.9249267578125,1800.1068688641526,1779.4410615128197,1796.3313451787706,1442309
2025-12-15,1785.501708984375,1792.953304888502,1766.127559633645,1767.5185484589124,1396948
2025-12-16,1769.8037109375,1780.3352753082418,1766.823072646772,1778.4475134676177,1533979
2025-12-17,1781.328857421875,1785.9984756587708,1760.0669462616247,1769.505634373104,1910628
2025-12-18,1734.6322021484375,1773.479831340348,1724.7960712643385,1773.479831340348,3461351
2025-12-19,1733.638671875,1748.6411942280731,1729.9624784130965,1735.7250944979794,2768986
2025-12-22,1758.3779296875,1761.755889388824,1731.850176147664,1733.6386076339388,1467257
2025-12-23,1744.567626953125,1763.1468905709062,1740.394660549985,1760.5636949589527,1124853
2025-12-24,1725.7896728515625,1747.647688282037,1707.9058420448107,1744.5677194551502,2224786
2025-12-26,1708.402587890625,1725.7896453422597,1696.9768072795507,1725.7896453422597,2507337
2025-12-29,1706.1173095703125,1716.3508828842944,1699.2619385257333,1708.4025141068273,1800816
2025-12-30,1709.0980224609375,1711.9793305250298,1695.9832619186739,1711.9793305250298,2639497
2025-12-31,1708.6011962890625,1714.4631425926211,1704.4283511414358,1709.0979693438983,1428439
