Price,Close,High,Low,Open,Volume
Ticker,TATACONSUM.NS,TATACONSUM.NS,TATACONSUM.NS,TATACONSUM.NS,TATACONSUM.NS
Date,,,,,
2020-01-01,306.71435546875,307.56672861274734,301.78948789904115,304.34663623385586,1514293
2020-01-02,306.2408142089844,310.12387956758056,304.10986687957677,306.4775861344741,3091351
2020-01-03,301.36334228515625,306.6670107155502,300.22682539131455,306.6670107155502,1718884
2020-01-06,295.5860900878906,301.31595936642555,293.97602936520235,298.5694106949198,1712158
2020-01-07,298.2379455566406,302.49984070118626,295.49139668849864,297.38557230829673,2146089
2020-01-08,299.5164794921875,300.55828172315955,295.017813001791,295.68078594045204,1521535
2020-01-09,311.1656799316406,312.5389687798337,300.60565691858403,301.2212581977368,4302141
2020-01-10,323.2884216308594,325.1352254724307,311.6392245177897,312.4442549167019,10109760
2020-01-13,334.2746276855469,335.1270008666253,323.9513482500531,324.8510931595839,7399348
2020-01-14,368.9853515625,371.25835612556165,339.05737625752823,341.42509536547186,44997621
2020-01-15,370.73748779296875,374.99938239775423,364.6287606316472,368.8906552364327,24437080
2020-01-16,363.9184875488281,372.20550580791013,361.9769691178308,371.73196190739117,12118796
2020-01-17,360.177490234375,363.6817267669582,356.6732826046187,363.3976119790523,5495593
2020-01-20,362.87664794921875,365.1023098338287,357.1467789020609,360.17744221268424,7618479
2020-01-21,365.3863830566406,368.7959041835601,358.993541782224,361.787461752171,5981471
2020-01-22,364.6761169433594,368.27506763998684,361.9769400494183,368.27506763998684,4148230
2020-01-23,372.4422302246094,378.3141854027569,363.1134107944266,364.6287568632539,11073810
2020-01-24,364.2499084472656,373.8628421156537,363.44487818082865,373.8628421156537,6033580
2020-01-27,362.16632080078125,368.79593451958203,360.3195171779514,363.49223776397696,3735041
2020-01-28,360.55633544921875,367.0912354601635,358.23595878820447,362.5451966982872,2710063
2020-01-29,363.1607971191406,372.4895880215172,362.02428029612673,364.53405696889035,6500722
2020-01-30,361.4086608886719,365.38641176357737,360.03537220514596,365.29172611877306,2297423
2020-01-31,363.1134338378906,366.19146899375914,359.8933413015469,362.35577520680647,2681230
2020-02-03,358.80419921875,361.7875198452863,348.054747495138,353.97404592192606,3318729
2020-02-04,359.798583984375,363.6816490385276,355.6787470232963,363.6816490385276,5327138
2020-02-05,373.7207946777344,386.4117634821221,360.84039678109934,361.78748443669275,23579395
2020-02-06,371.30572509765625,376.3253073017186,366.8544302029102,375.0467331128148,4985380
2020-02-07,375.7096862792969,382.6234146360977,369.88507404809894,370.40598960278663,11308676
2020-02-10,371.5425109863281,377.3671237432214,367.8015317334204,377.3671237432214,3145276
2020-02-11,369.93243408203125,377.8879643939718,368.653860000886,374.09961387373147,4171668
2020-02-12,374.24169921875,375.75704532070876,370.87954944178585,370.9742639924376,4018932
2020-02-13,371.7792663574219,376.7988485264455,368.9380032476126,373.6734417639614,2860031
2020-02-14,375.8990783691406,378.835055832406,369.8377232563863,372.20544235533885,4733600
2020-02-17,360.8877258300781,380.6345084761629,355.96288755063335,376.65675781616756,9537335
2020-02-18,361.7875061035156,366.04940080892356,353.45314579629166,359.89333067888987,7402772
2020-02-19,362.87664794921875,365.9073401626651,357.6203227539854,362.734590574206,4326781
2020-02-20,360.36688232421875,364.581434296236,359.0409652788863,362.8766590355309,5137245
2020-02-24,349.57012939453125,359.7513237289938,348.2915550231263,358.8515787150499,3017687
2020-02-25,349.47540283203125,354.21084189479586,346.2079383175931,350.89603455086063,3659466
2020-02-26,346.3026428222656,350.564537854982,342.08811952049695,348.1494755642396,2808589
2020-02-27,344.07696533203125,346.30262730774865,341.18835927817565,344.83465286782024,1827751
2020-02-28,327.83441162109375,339.0100641652712,323.4778022870186,339.0100641652712,4494646
2020-03-02,320.8733825683594,336.4529907452829,315.9485426211751,332.4752098354381,3837169
2020-03-03,336.5002746582031,338.7733084388545,322.578101717252,322.578101717252,4204156
2020-03-04,330.7230529785156,338.6785842767195,321.0627463931667,337.3526672108229,2331888
2020-03-05,330.0600891113281,338.20504974514256,328.63945745087767,335.0322999229048,1890082
2020-03-06,326.271728515625,328.5447333255899,316.4693645634006,322.0098336583817,4469801
2020-03-09,312.6336669921875,322.8148601397941,302.2630447365191,320.1156543154453,5653362
2020-03-11,310.502685546875,319.8788473114884,307.8034800184567,309.55559791604895,3475867
2020-03-12,287.393798828125,303.06809004922843,281.47450019435104,303.06809004922843,5401010
2020-03-13,307.0931701660156,310.45531975859365,244.3486134243085,259.07581480406367,7428473
2020-03-16,284.4104309082031,297.6696589953515,280.906223684008,289.14586951075614,3695134
2020-03-17,268.83087158203125,292.3660086473116,267.07875341206085,288.86177230737076,3307243
2020-03-18,253.29861450195312,273.3295133846843,248.13697502522305,269.9199919167503,4036479
2020-03-19,237.48226928710938,251.4518145392923,219.96114473352404,244.3486559364874,6319631
2020-03-20,250.22059631347656,258.9337863136501,231.5629559876941,233.93067537407134,3907591
2020-03-23,214.515380859375,234.7830534469805,213.09474919805464,227.30106581125827,2922955
2020-03-24,235.8721923828125,242.54916349603127,202.39263671844574,235.96689248108538,6049682
2020-03-25,262.4853515625,267.50493373882574,233.83594849691204,234.9724653036183,3964369
2020-03-26,264.2848205566406,278.0175926967864,249.51027503157056,264.71102159798164,3335026
2020-03-27,269.6831970214844,279.34350220726265,264.47421516505534,274.65540697534846,2980925
2020-03-30,266.5104675292969,268.9729012793199,258.22345032438824,267.5522697584784,2901681
2020-03-31,279.24884033203125,281.28507329755956,269.77796244322457,276.0760904587159,3269934
2020-04-01,265.1846008300781,287.9147094726562,262.674823781359,277.35468561302406,5532600
2020-04-03,253.0144805908203,270.8670900326263,250.0311600301166,270.8670900326263,5990371
2020-04-07,269.49383544921875,271.57744027488235,256.6608066765235,265.18459730415714,6492026
2020-04-08,278.8226318359375,280.3379780383313,262.0591957611511,267.74172234300914,5331494
2020-04-09,292.69744873046875,302.1209831193005,284.3157455185401,285.4522334424985,7699408
2020-04-13,288.9090881347656,298.3326222068737,285.16810910275393,298.3326222068737,3699539
2020-04-15,298.9482421875,305.67257098587976,288.8617634413426,294.63900449073435,5721837
2020-04-16,306.90374755859375,316.0431666861138,298.9482169200695,301.03182135286437,8211111
2020-04-17,307.3299560546875,318.60029380894815,300.0847409914358,317.22703399723866,4845904
2020-04-20,307.5194091796875,315.2381686919813,304.1572302687105,307.424694622523,3621443
2020-04-21,295.8702087402344,303.06808145536417,294.5442916644321,301.1739059462682,3462472
2020-04-22,312.6809997558594,317.7005819297296,293.59718829711176,298.0011403410038,4645157
2020-04-23,312.4915771484375,321.8203672434409,308.0875965175249,320.11562105928317,3747875
2020-04-24,308.8453063964844,319.0264992257427,305.9093287302732,305.9093287302732,5438849
2020-04-27,330.8651428222656,332.759318503054,313.72284713056587,314.38582017997265,7426420
2020-04-28,324.75640869140625,336.78443560335063,322.4360608670004,334.1799440903792,3767231
2020-04-29,335.2690734863281,337.1632490427481,324.8511079260185,324.8511079260185,3653489
2020-04-30,332.9960632324219,342.27751174816393,331.3386596472661,340.90425183358695,4760235
2020-05-04,317.2270202636719,328.82884398842526,315.38018778309277,322.0098013400947,3385449
2020-05-05,312.0653991699219,324.7563686515028,310.5027102353715,321.06273237815935,2833246
2020-05-06,317.7952880859375,323.1463570821534,308.4191249900132,313.9122513704594,3642687
2020-05-07,323.2410583496094,326.3664654677641,311.4024607115073,318.1741616827627,3605449
2020-05-08,330.296875,336.68971774193545,325.8929224472319,328.6394713261649,3247800
2020-05-11,336.2161560058594,345.68703363982723,330.58097225251856,335.1270108585181,4792044
2020-05-12,339.7204284667969,344.07700952007417,328.3080023609148,335.69530504374393,3257800
2020-05-13,337.4947204589844,355.157900952455,330.06007595181484,355.157900952455,8536848
2020-05-14,343.6034240722656,345.2134848080833,331.48071243574526,331.48071243574526,5120801
2020-05-15,333.5643310546875,348.29153462167994,330.62835312639373,334.4167042847533,9452893
2020-05-18,328.73419189453125,336.97383868188007,325.22995535897905,332.61725778188793,4181440
2020-05-19,339.104736328125,343.7928319614557,330.77037620533997,332.3330651155093,5696557
2020-05-20,341.661865234375,344.55047096767447,337.6840855956739,340.5727202317943,3489683
2020-05-21,341.2357177734375,347.01295904925894,336.5002788428995,344.64523958398996,3883173
2020-05-22,343.27191162109375,347.53380581414063,337.35261413075085,342.4195096602285,3956328
2020-05-26,352.2693176269531,356.5312127131104,340.9516068925829,347.3917923505347,7728662
2020-05-27,349.0491638183594,355.82086406438225,343.0351799845475,354.77906180323845,3384187
2020-05-28,351.5115966796875,353.6425440204812,346.6341007691022,348.4809333589193,3390919
2020-05-29,347.4864501953125,362.54513792801197,338.4417747720593,350.94331430930254,63551245
2020-06-01,343.65081787109375,349.8542314696517,340.4780679248863,349.00185822064145,9637108
2020-06-02,348.00738525390625,350.4224473161724,342.18277280463604,343.65077607427577,2638814
2020-06-03,347.2497253417969,352.31665069553696,345.2608352427893,352.31665069553696,4027578
2020-06-04,361.3139343261719,363.2081096044218,346.63407591973504,349.94888265667237,4535651
2020-06-05,359.6565856933594,367.28063078748016,357.0520942893917,363.6817087722186,3140410
2020-06-08,359.3724670410156,365.5285375657732,357.57297714998026,363.6817048472159,1565959
2020-06-09,363.9184875488281,368.27509721416783,359.41982049389793,361.7875399964928,2635455
2020-06-10,364.2972717285156,373.10520452798744,360.0827488780463,365.52850305893077,3409451
2020-06-11,355.9155578613281,366.0494081473653,354.5896408180732,365.5758642817154,2855842
2020-06-12,351.36956787109375,353.31108626720277,345.781755725946,345.781755725946,3179703
2020-06-15,350.4224853515625,359.8460205052551,347.0129634973065,351.8431170489337,2293579
2020-06-16,349.5227355957031,357.9518400069374,341.1883746463872,356.10500726451517,2343185
2020-06-17,350.043701171875,353.5005663008823,346.6341788777574,346.6341788777574,2556896
2020-06-18,355.0203552246094,356.7852076626306,348.1994673712839,350.8705749278807,1929487
2020-06-19,359.93328857421875,365.3709355526642,356.1651201530924,356.6421057086442,4249130
2020-06-22,363.558349609375,367.42192046838437,360.2194511489872,365.3708886652944,2623125
2020-06-23,372.859619140625,373.86127717433357,364.4169688819089,366.2295081925135,3834436
2020-06-24,365.46630859375,376.7231551388851,361.88891721971737,373.86124203965903,3889495
2020-06-25,366.3249206542969,371.4763590284201,360.2195111326364,362.50903606414795,1961912
2020-06-26,367.89892578125,371.04704768121957,364.89392282759985,369.28219543450894,1759164
2020-06-29,368.757568359375,374.24290294746464,364.56010075802385,369.23455397573065,2764272
2020-06-30,369.6161193847656,373.76587043609237,368.13744669185184,370.1407918517715,1860920
2020-07-01,366.80194091796875,370.6178258690009,362.98605596693653,367.2789265368478,1611560
2020-07-02,372.8118896484375,376.8185798643014,366.8495703467872,367.2788689816609,2607208
2020-07-03,378.20184326171875,383.782550744412,374.5767357192158,376.81857356171724,3223088
2020-07-06,387.026123046875,389.6495438167905,379.0127417684572,381.6361625383727,4073356
2020-07-07,393.7038879394531,395.3256213554139,385.11814796695813,389.6017947070839,4087677
2020-07-08,412.4971008300781,416.217582324673,395.75491954795734,396.9950703418597,6978394
2020-07-09,413.4033508300781,417.1715189231629,409.11048120383197,413.1171420539305,2808348
2020-07-10,410.3030090332031,417.60088271437144,408.9197391814547,409.77830741814097,3765369
2020-07-13,404.91302490234375,413.5941381902901,402.5757841784283,410.3029555267052,2552387
2020-07-14,400.0478210449219,406.8210222605573,398.2829685354204,400.66789649072234,3232206
2020-07-15,394.03778076171875,403.62520850348506,392.41604723782524,403.38671571059865,2076567
2020-07-16,391.4143371582031,396.6611782949774,388.4093339660828,396.2795956712441,2027078
2020-07-17,403.52978515625,404.96074184120124,392.0821316766401,392.46371430338274,2740774
2020-07-20,403.62518310546875,407.05948492950796,398.7122377037332,407.05948492950796,1680893
2020-07-21,390.6034851074219,405.199231537667,389.6017979678478,404.4837532006376,2752464
2020-07-22,388.2662353515625,398.18752890897576,385.40432206887283,391.1281486342521,2619808
2020-07-23,385.7859191894531,393.37000131889545,384.16418573601794,390.7465807111233,2992496
2020-07-24,389.6495666503906,395.898066659743,383.83033623353646,386.07217448177846,3124083
2020-07-27,389.6495666503906,394.9440954147798,385.6905626934796,389.6495666503906,3132821
2020-07-28,394.03778076171875,397.2335900089742,390.17420916211535,391.08049342023946,3500423
2020-07-29,408.0134582519531,410.11217724093046,397.8059556582528,397.8059556582528,5938179
2020-07-30,405.34234619140625,412.1155473524151,402.1465369344982,410.5891876507541,1866344
2020-07-31,408.34735107421875,414.0234912281477,405.43775062664236,405.43775062664236,3115208
2020-08-03,414.11883544921875,419.74725877844344,408.0134265986549,409.2058904020028,2917293
2020-08-04,429.0484924316406,431.4811070359593,415.9313901060485,419.17488594943575,6816080
2020-08-05,426.9974670410156,450.0835500234311,420.03346059451957,443.59655823631306,20178067
2020-08-06,462.4375,466.4918772563177,428.38071940177616,429.2870036101083,15882211
2020-08-07,494.72943115234375,505.5570389916378,460.48190069156936,465.1563536556651,30560068
2020-08-10,496.3511657714844,501.78881284096195,487.193066241884,496.97127029439326,6832824
2020-08-11,492.1537170410156,503.60137031686065,490.6273283354376,500.35784526506103,4690222
2020-08-12,493.7277526855469,497.97293591078477,485.7144009187557,491.4859437931178,3883832
2020-08-13,514.238037109375,518.0062340668007,494.6816323241643,496.0649018687594,7877135
2020-08-14,512.7594604492188,519.4372580736737,506.12934973406925,517.0046434413485,5921905
2020-08-17,518.7217407226562,522.7761175466954,513.5225870325579,516.2414393676697,5044171
2020-08-18,520.6297607421875,527.9276634089126,517.5293544711622,520.4389548649687,3328153
2020-08-19,522.9669799804688,525.7334612948614,517.386213989254,522.2515016399881,3597622
2020-08-20,523.9686279296875,527.7368254288658,515.1920821435162,516.4799780670653,4812366
2020-08-21,520.6773071289062,531.3141059859589,519.1032900746661,527.5459092745594,2953395
2020-08-24,520.43896484375,524.684148233706,518.5310224865365,521.3452491085824,2123227
2020-08-25,520.43896484375,522.4900261680664,516.336900420897,522.2038464596404,1850446
2020-08-26,523.8732299804688,535.5593754451951,519.6280471256789,519.8188529825024,5778027
2020-08-27,519.5803833007812,528.3568708468413,518.4832932446361,527.3552128362338,2572048
2020-08-28,521.8699340820312,530.2648690092162,518.9603335629101,522.6808445386921,2692860
2020-08-31,507.8465270996094,526.9259504259894,503.887581694853,523.7301703091324,5541983
2020-09-01,523.2531127929688,524.4932634935408,501.7887645015525,501.7887645015525,3854978
2020-09-02,524.5409545898438,530.4078997933341,517.1476790081921,526.592015622159,4042692
2020-09-03,551.872314453125,564.7032381629213,523.2531797364547,523.2531797364547,12052237
2020-09-04,542.8572387695312,560.3626432597092,540.5199979467716,542.7618649505512,6461042
2020-09-07,520.2003784179688,545.6714159473797,517.0522857403492,543.7634739335776,5253648
2020-09-08,513.5703125,523.4439482071368,509.08669496208245,522.0129915735612,3891628
2020-09-09,510.13604736328125,516.0029929374327,504.793832476435,509.42056903598353,4391991
2020-09-10,521.3928833007812,523.6347502792846,509.56367681765704,513.2364421936028,3787048
2020-09-11,523.1577758789062,527.5460196599082,516.0506795204305,524.4933004868839,3451466
2020-09-14,521.34521484375,529.6447751973053,518.3879276747455,526.5920559812444,2809233
2020-09-15,517.38623046875,525.1611186399249,515.6214071296629,521.8222196113331,1812894
2020-09-16,517.4339599609375,521.2020993129287,512.8071650828969,517.004661310801,2127916
2020-09-17,523.0624389648438,526.5921443310606,508.60980906949,517.0524315714399,3725291
2020-09-18,515.716796875,527.7845555983331,512.5687036245853,525.6858073561299,9395417
2020-09-21,484.3788757324219,517.338568974622,478.8935413445117,515.7168062930401,3886296
2020-09-22,481.1830139160156,488.1470203688625,467.8274186020975,481.2307299384407,5113511
2020-09-23,470.8324279785156,487.38383249924067,467.44584219551956,482.70937989986305,4284285
2020-09-24,466.157958984375,470.1646491360051,455.99817287981836,467.35042282558794,9646972
2020-09-25,486.33447265625,488.4332207970176,472.50189120789696,475.840790178189,5153385
2020-09-28,493.2030944824219,497.9729503284801,480.3721706113693,490.34118097478694,5554154
2020-09-29,480.08599853515625,502.7428141639888,477.0809951269628,495.6834041093246,4918324
2020-09-30,476.9378662109375,491.7721052678485,472.74037005316166,483.66335086478983,6252142
2020-10-01,485.6667175292969,487.67006276374684,476.12700604419143,485.14201592988263,3070361
2020-10-05,480.37213134765625,489.7687815318137,478.9888907330938,489.7687815318137,2023148
2020-10-06,482.3277893066406,489.86415510100164,479.7043688070734,483.66334301111556,2973460
2020-10-07,481.8030700683594,487.47920949530857,478.511887393706,483.6633252722533,2157212
2020-10-08,465.7763977050781,484.9035069487848,462.6759915759609,483.4725502738076,5419695
2020-10-09,449.5588684082031,470.35542616633506,448.41409147479413,467.6366318970405,6721697
2020-10-12,452.8500671386719,461.34040362469443,448.7002872663858,452.65926128433546,4422520
2020-10-13,447.36474609375,455.5211871184652,445.55217776569174,451.9914825050627,2260650
2020-10-14,467.25506591796875,468.78142560763735,442.2133227860128,447.12629758602253,8021621
2020-10-15,452.2777099609375,471.4525351321357,449.32039369155774,470.30775815273455,4700083
2020-10-16,455.1396789550781,464.29780857156123,453.18402046885313,456.7137256595772,4313466
2020-10-19,453.9471435546875,461.96049479200235,450.3220359884327,459.71865693481226,3162037
2020-10-20,455.90277099609375,461.7220003771434,453.27935053940547,454.0902317758683,2736592
2020-10-21,443.88275146484375,460.10026054042936,437.82505812986204,457.6199589132974,4907120
2020-10-22,444.7413330078125,448.8433970423218,439.2559992501221,444.2166314415185,3460945
2020-10-23,451.03753662109375,452.18231361717864,444.7413504812918,448.3187422029467,2619194
2020-10-26,454.9965515136719,462.00821617394996,448.5095302277061,453.0408931889713,6102517
2020-10-27,475.7930908203125,478.559601215036,455.99819029996866,455.99819029996866,10455291
2020-10-28,470.1646423339844,481.5645790233213,467.01652037099507,478.70266584581447,5195173
2020-10-29,469.3537902832031,472.5972862633956,462.00820102589205,466.1102943030106,4365903
2020-10-30,470.1646423339844,477.2717092570611,466.3964450051125,471.26170322945137,4403196
2020-11-02,471.0232238769531,475.26840685629014,465.82406981128304,471.2617166485364,6105178
2020-11-03,466.9688415527344,481.32609459679037,465.82406461674555,474.8867898358487,8103580
2020-11-04,470.06927490234375,475.60229581819004,466.4918831603168,468.39982542273117,5024804
2020-11-05,483.138671875,485.76209238172737,473.02657246285526,474.12363339763647,5208756
2020-11-06,480.9922180175781,486.85913418863515,478.36879761392055,484.37880362078164,3209659
2020-11-09,486.3822021484375,494.01394232182224,482.23242177644806,487.47926316076155,6179187
2020-11-10,475.4591979980469,489.8641676602943,472.21570202891075,487.6700457404667,3255303
2020-11-11,480.2767639160156,481.6600045489737,472.2156964426973,476.5085664103582,2912596
2020-11-12,485.3328552246094,488.910247277862,479.0843554167512,481.7554631713567,2737879
2020-11-13,489.62567138671875,495.11100526002343,484.80812893444977,486.33445941758083,4005435
2020-11-14,492.3922119140625,495.0156324676134,491.29512184681266,494.0139162210915,530739
2020-11-17,494.4432373046875,497.8298232550787,489.4825756604209,494.1570576037406,2774413
2020-11-18,493.107666015625,499.88083727619556,490.34112664115366,494.4431905690671,3693589
2020-11-19,491.86749267578125,503.6967580102728,488.67171267189815,492.15373059618156,3655576
2020-11-20,495.1587219238281,499.69008496101657,491.86750975692485,496.3034989678526,2767344
2020-11-23,497.6390380859375,510.2791549191438,495.1109914289866,496.06496251073804,5314636
2020-11-24,502.5997009277344,506.27252496491974,497.6390972930534,500.0717121957875,4070241
2020-11-25,491.10430908203125,505.0323220334576,484.99889988391334,504.8892030786001,2941845
2020-11-26,495.9218444824219,499.4992360456569,481.8030840913423,492.72606464290817,3566655
2020-11-27,513.2365112304688,520.2004894217109,496.5897019626884,496.82819476530483,18853563
2020-12-01,504.9368896484375,528.4999873732293,501.12100526307125,528.4999873732293,5105352
2020-12-02,514.4288940429688,516.8615086005209,505.7000355547122,507.5126038588027,3694795
2020-12-03,525.0657348632812,527.4506626956439,515.1444117903416,516.0983829232866,3859218
2020-12-04,537.562744140625,540.8062693476677,524.4456408009025,526.5920758928571,4170295
2020-12-07,541.7124633789062,543.7635245248802,535.177784663961,537.9920110413062,3707125
2020-12-08,536.8472290039062,543.7635193820108,532.3158663423895,543.7635193820108,2866169
2020-12-09,539.4706420898438,543.7635119207974,534.5576677707763,538.0396854795259,2567264
2020-12-10,553.2078857421875,557.7869355555059,534.4146426945455,536.1317790963177,4578520
2020-12-11,549.8689575195312,562.2228365084268,544.2881917283398,557.8822797102385,3441778
2020-12-14,550.4413452148438,556.1651720281696,545.7668633603166,553.1124527492403,2482828
2020-12-15,545.003662109375,553.9233265732915,540.4246126062333,550.4413088681317,3411634
2020-12-16,556.737548828125,558.2639376282078,547.2932692262852,548.4380462699025,3686970
2020-12-17,550.7275390625,566.0865096750732,549.0580895323798,558.025441727337,3608243
2020-12-18,547.1500854492188,555.1157786720817,541.378572227455,551.3952682774784,5068565
2020-12-21,536.8472290039062,553.255543339185,528.2138023150134,547.5794037285513,4816486
2020-12-22,549.4873657226562,551.4429948756458,525.6380876964993,534.0330219165513,3264707
2020-12-23,577.438720703125,578.9173643283145,546.6731513685272,551.2045142937781,7582654
2020-12-24,573.336669921875,587.7416112169549,569.5684721765671,586.6922662262116,5295707
2020-12-28,574.7199096679688,583.7826352571741,571.6195035453459,579.728258019898,2351027
2020-12-29,571.047119140625,579.7282917241406,565.8957097574707,579.7282917241406,2114428
2020-12-30,566.9927368164062,576.1985818195635,562.8906724651645,571.2379201322525,2297999
2020-12-31,562.7476196289062,572.1442124157857,559.9810799300811,569.950090357638,2322873
2021-01-01,573.8135986328125,578.8696336589029,563.796902397327,565.7048445374195,3606724
2021-01-04,576.1985473632812,579.0127737679094,569.9977351813917,579.0127737679094,2120531
2021-01-05,581.4931030273438,586.0244659913243,573.4320351620541,576.1985747882694,3813409
2021-01-06,577.1048583984375,585.5474797792008,567.9944455680269,584.7843145049372,2167700
2021-01-07,573.1935424804688,582.208581497737,570.9994204795017,581.6362220977554,2195640
2021-01-08,581.4931030273438,584.3073295659188,574.8629918875217,578.8696823639865,3458752
2021-01-11,600.0478515625,603.6729302765456,581.4454141929153,584.784313207969,6360644
2021-01-12,595.564208984375,605.676338647816,591.4621444662973,603.4821583054611,4562628
2021-01-13,591.84375,603.8637637124957,583.1625772291703,597.9491306850055,3660044
2021-01-14,585.73828125,594.3240215289088,580.6345589300709,594.2286477050098,3576000
2021-01-15,574.6721801757812,585.2612354735018,567.6127711601198,581.9223368196186,4492648
2021-01-18,557.8345947265625,573.8136104797389,554.2572031400305,573.8136104797389,3346718
2021-01-19,555.8789672851562,563.7969157083246,550.7751870044468,562.8429446157555,5743934
2021-01-20,569.1868896484375,574.9584032550491,556.7375200040882,560.9350162047745,6156865
2021-01-21,567.851318359375,584.5458132292432,562.8906568100301,575.6262064033674,4506198
2021-01-22,557.8345947265625,578.9650776546548,555.7835335933077,571.6194886184875,4307126
2021-01-25,547.1978149414062,562.6998457490516,543.7635421758694,560.7442165846271,2016556
2021-01-27,546.2915649414062,561.4596702526062,540.4723063892968,546.6254315307401,3662455
2021-01-28,538.612060546875,549.4873543928775,535.6547734229179,545.5760961675438,4769073
2021-01-29,534.0330810546875,547.5794841188111,528.7385523917267,547.5794841188111,3593336
2021-02-01,557.2623291015625,561.6505735622233,528.8339392646221,537.0858138692682,4707518
2021-02-02,548.8672485351562,568.948386750305,541.0447321037509,562.842948426219,5713446
2021-02-03,553.4463500976562,570.4747107313509,544.7174913505039,561.8889709377352,10599727
2021-02-04,560.9827270507812,562.842982451497,550.9660299054581,558.0731266680098,3816120
2021-02-05,565.2278442382812,572.3826270767405,562.0797514345136,566.563426991769,5918498
2021-02-08,569.6161499023438,576.9617393964082,567.5174599547066,567.6128337793162,3970852
2021-02-09,571.1425170898438,579.5374512404347,567.1835136799484,569.5207545523284,3072281
2021-02-10,573.0980834960938,578.058744386657,569.8068718708125,573.0980834960938,2435907
2021-02-11,582.2562255859375,593.3700119620311,570.8085726220398,575.5307411148024,7033762
2021-02-12,579.5374755859375,587.8370362641757,575.721590973026,587.8370362641757,3621853
2021-02-15,594.4193725585938,596.7089265021496,579.4420727825654,580.0144321555666,3234989
2021-02-16,599.427734375,605.7239787488222,589.1248578482999,600.9064362025081,6418986
2021-02-17,603.0528564453125,615.9791532542431,595.5164614363841,606.7256219039492,8556599
2021-02-18,595.2780151367188,613.7850792822428,592.5592205694351,608.1089391273697,4457424
2021-02-19,588.552490234375,597.2812909891459,582.3516779954092,595.2779749407134,3013104
2021-02-22,589.8403930664062,594.8487419661891,583.8303860318234,590.5081845648672,3020000
2021-02-23,598.6168212890625,605.771604013633,587.6461544447211,591.3666647518061,4222282
2021-02-24,597.1381225585938,623.8969958261686,586.6921291025897,623.8969958261686,10479819
2021-02-25,599.57080078125,609.7306156838424,595.6117976608026,599.9524124889215,4977348
2021-02-26,581.111572265625,597.0905896592661,576.6755829526005,596.2319923000418,5547291
2021-03-01,595.8026123046875,599.5708096268925,581.1591798626612,586.5968265354581,2530243
2021-03-02,603.24365234375,606.7256704408372,593.3700739216994,599.5708865912991,3051386
2021-03-03,607.5842895507812,618.1733467369814,603.8637785254773,605.7717209536778,3601961
2021-03-04,602.0511474609375,614.2142791786976,599.8570255413202,605.6762842790084,2621353
2021-03-05,593.9901733398438,613.8804489791597,589.5541841011976,604.5315431418047,2839628
2021-03-08,587.6939086914062,599.2846813236363,586.6922506403465,598.0445304877635,1939925
2021-03-09,583.544189453125,592.3207360595911,574.2906572509355,590.3173616220845,3065358
2021-03-10,592.3683471679688,594.9440807004116,586.6922076600864,588.4093439397906,2778304
2021-03-12,586.9307250976562,596.0411375478812,585.1659018354584,594.3240011960014,1884687
2021-03-15,579.6806030273438,590.3173466059351,574.6722543996478,588.695583976573,2765564
2021-03-16,582.54248046875,589.5541448231814,580.4914192959643,583.4010195305999,2480801
2021-03-17,575.5784912109375,584.2119770162842,572.4780848595178,583.8303652519512,2263020
2021-03-18,567.5174560546875,580.2052606068193,559.9810607374163,578.1065124478267,3387208
2021-03-19,572.62109375,579.6805024526359,550.4889548661956,562.8428909829238,4874177
2021-03-22,591.9866943359375,594.3716218437172,568.8052106054721,575.2445148764774,3154483
2021-03-23,604.9130859375,610.5415390408441,591.9867884357753,592.4160871005691,4940745
2021-03-24,600.1431884765625,609.7306444964717,595.898063713417,603.6728931491175,2938251
2021-03-25,586.5491333007812,605.0085098318202,582.8763676948157,604.8177039582866,2981311
2021-03-26,599.3800659179688,605.7239973983085,586.787635008396,591.4621169650441,3557256
2021-03-30,599.9524536132812,608.2519556792021,589.1248465929602,601.8126506948165,19895244
2021-03-31,609.4921264648438,615.9791179525535,601.0017608388747,601.0017608388747,4424477
2021-04-01,620.2243041992188,622.8954115059138,611.1615791840152,611.4954457626874,3844057
2021-04-05,615.263671875,621.9414695672381,609.7783380563759,621.9414695672381,3568896
2021-04-06,643.5011596679688,647.7463424825597,608.7289032754074,615.5021326609829,7636739
2021-04-07,635.1063842773438,643.8829317623081,628.8101970738837,643.8829317623081,3898156
2021-04-08,639.8284301757812,646.0292423428441,636.1079195852334,636.3464123608896,2477848
2021-04-09,648.509521484375,653.4701826915679,634.3907612991134,639.160616647227,2566543
2021-04-12,625.4234008789062,644.5028219945016,620.0811862568485,643.9304626513426,4201041
2021-04-13,633.38916015625,646.697069416783,625.8050778270621,626.7590489822862,3065417
2021-04-15,628.953125,642.9765116014476,617.3624112471001,632.2920237991173,3193956
2021-04-16,640.4008178710938,645.4091663813876,629.907135278097,632.2920631401417,2708331
2021-04-19,633.5321655273438,638.015841210208,621.5121533123039,631.5288495667616,2620095
2021-04-20,648.7957153320312,665.871821141588,635.6309259288281,646.1722948332642,8230341
2021-04-22,634.8677978515625,649.3681709202249,632.4828699858541,649.3681709202249,3013453
2021-04-23,634.0092163085938,644.5983312313438,630.574943386814,636.2987704069666,2329094
2021-04-26,639.3514404296875,643.9304900470896,631.5765527039941,636.2987212761611,1845322
2021-04-27,642.6904296875,648.6050629622581,637.3481558607772,643.8828937257261,2258769
2021-04-28,645.9815673828125,661.1019863488206,643.9305061839161,645.838448424461,3900923
2021-04-29,640.9254150390625,649.1296008558716,635.3447077879899,647.126226751708,3247095
2021-04-30,638.6836547851562,646.7924091774995,634.4384717228331,640.1146114426285,2206232
2021-05-03,645.933837890625,651.0853053551749,630.5749257725577,631.3857779541174,1985777
2021-05-04,615.5498046875,654.7103036698885,612.0201002452227,649.6542688759201,7400792
2021-05-05,619.1749267578125,625.8050375045784,610.5891869139997,619.1272398482796,3332318
2021-05-06,623.0385131835938,624.8033946853996,608.7766915659528,621.9891682452695,4000163
2021-05-07,600.0478515625,612.4494764755565,585.7382843551272,606.7256495926074,14598653
2021-05-10,604.0068359375,607.6319145364565,592.4160635772008,598.1398902784298,5026811
2021-05-11,612.06787109375,619.9858782781567,596.2319731764937,599.0938866477409,4619231
2021-05-12,610.5892333984375,616.9331649451977,602.0511798141516,615.3114023171904,3137276
2021-05-14,615.4544677734375,619.6042186961041,608.681238145529,611.0184789451188,2927148
2021-05-17,623.2293090820312,627.1406255343821,610.6368788947074,616.2653316849263,2659352
2021-05-18,622.9431762695312,627.7130321368325,618.17332040223,627.7130321368325,2267368
2021-05-19,623.1339111328125,630.5748737926239,620.7489834709645,621.9891342099709,3202046
2021-05-20,615.2159423828125,625.8049975572688,610.6368348444595,625.8049975572688,2102743
2021-05-21,619.7950439453125,622.4661514173506,614.6435766432724,615.3590549782348,1833201
2021-05-24,610.6369018554688,624.5649153991658,609.1105713256997,620.0812394075251,2669967
2021-05-25,620.0335693359375,621.9891985758745,611.4955157778153,611.4955157778153,2085253
2021-05-26,612.3540649414062,624.8510629092822,611.1616010808924,621.9891496440488,2314694
2021-05-27,618.6979370117188,621.9891489079972,611.6385859012951,613.8803946660985,3543940
2021-05-28,624.8034057617188,627.4268263798126,616.5515321635855,620.5582225709206,2881977
2021-05-31,633.2936401367188,634.3907301031452,620.2719706121691,629.5731880836062,3417033
2021-06-01,635.1539916992188,636.5372615372994,626.5682511914096,635.1539916992188,2355484
2021-06-02,642.5471801757812,643.6919570650675,629.7640032184365,634.8677249748832,3021421
2021-06-03,648.7003784179688,651.5622918521657,642.2610731910256,644.8844938390395,2485855
2021-06-04,655.3304443359375,658.192357572814,643.9304782972245,649.5111858188242,2398771
2021-06-07,667.7321166992188,674.4576016475786,655.6643583865003,658.2400921313001,3511853
2021-06-08,677.7488403320312,682.4710093450528,669.3061604055308,672.6928046944223,3981598
2021-06-09,670.4985961914062,681.9462499351363,668.4952800765647,679.5136351597492,3039558
2021-06-10,678.9898681640625,689.5915773986915,675.4399589407706,675.7277767569147,2571253
2021-06-11,686.3775024414062,688.2483475204659,680.7168316509847,685.1782127450515,2171601
2021-06-14,685.75390625,687.9126278856244,674.0967859939997,686.3775603683648,1798953
2021-06-15,690.3110961914062,694.7244585113259,686.3774497131762,688.8719486663373,2387652
2021-06-16,706.0457763671875,707.8207015003584,691.7502213239693,694.6285162809345,4134529
2021-06-17,714.7766723632812,716.9833537339314,695.4440986737209,700.9128715029449,4167585
2021-06-18,709.78759765625,717.127273974802,702.3999614619629,715.7360862240812,3762934
2021-06-21,712.4260864257812,713.7693143977802,698.3224269560751,699.425796973008,1594856
2021-06-22,726.0020141601562,727.9688375283206,712.2341334648727,717.654946255267,3346784
2021-06-23,727.1053466796875,733.9653072890886,721.3487560342828,729.1681484179181,2952360
2021-06-24,726.7215576171875,732.8139255283022,723.4115065187834,731.08696016885,1668843
2021-06-25,726.865478515625,732.4781894514148,722.9318317202037,724.370979361319,1588289
2021-06-28,734.5889282226562,738.4746150211756,728.2086837882371,731.086978981076,1486902
2021-06-29,727.2972412109375,740.5854063549266,725.1864796060693,735.30853162229,1506378
2021-06-30,723.79541015625,737.179437599713,718.998250912264,733.9653643298715,1733070
2021-07-01,725.37841796875,729.1681853808991,719.5738671522031,725.1385600130326,1914434
2021-07-02,732.6220703125,737.6111271885721,722.6440151194233,727.1533561143167,1916135
2021-07-05,735.2125854492188,740.2016425808911,733.9653358060683,739.1942508906185,1020895
2021-07-06,731.6626586914062,737.8030455631538,727.2492958866978,736.8436137743851,1411602
2021-07-07,732.0943603515625,734.9726555041608,720.7730777964889,728.2086736073678,2104914
2021-07-08,732.3341674804688,734.9246446499243,726.2897597911132,731.9983898262504,1540033
2021-07-09,734.8767700195312,741.4008942911272,728.8803215053681,732.0464346090328,1151792
2021-07-12,744.423095703125,754.9288262001963,737.8989131534621,739.7218568468794,2992685
2021-07-13,741.4967651367188,749.2202371607967,735.5962953234009,749.2202371607967,1500414
2021-07-14,737.0355224609375,745.1906927829468,732.4302615203227,742.2164190594779,1094262
2021-07-15,741.01708984375,743.1758112846144,732.5261422666435,737.8030168998675,965602
2021-07-16,732.04638671875,743.5116072395917,730.511319423175,741.0170496854527,980383
2021-07-19,734.492919921875,738.7624026620593,727.7768980794926,730.1275174361391,1695546
2021-07-20,726.3856811523438,736.8435095949591,716.6954448794719,731.0869196762484,2195159
2021-07-22,733.1976928710938,734.8287384195598,724.466829551216,732.5260789912475,1464419
2021-07-23,743.7034912109375,745.4784163977833,734.9246679030914,736.0280377602525,2021122
2021-07-26,744.8547973632812,754.1133369466211,739.5299629936011,748.5966045198487,2154261
2021-07-27,738.5225830078125,756.1761504747567,733.0058504942758,748.7405544782506,2001824
2021-07-28,724.2750854492188,738.7624821296927,709.2119945563189,737.7550904567843,3112462
2021-07-29,720.7251586914062,729.0722268179196,718.1346811957203,724.37098771245,1742057
2021-07-30,725.5702514648438,731.0869839553202,714.9685424775673,721.4926665805785,1613176
2021-08-02,728.7363891601562,739.7218946379945,725.9060537269651,732.0464404783266,2054226
2021-08-03,736.5078125,739.4820275263656,728.7363801242566,729.1681361271981,2946289
2021-08-04,727.9688110351562,738.7624177885606,724.5148802976927,738.7624177885606,5426419
2021-08-05,737.1793823242188,739.4340821352731,726.5776729017659,730.1275821879494,2469893
2021-08-06,749.6520385742188,765.9623797196253,740.6813743678739,741.6408061999566,7849735
2021-08-09,733.8213500976562,751.6668157717586,732.0464247849106,751.6668157717586,1661739
2021-08-10,740.58544921875,743.1279084198236,730.1755787809661,734.8288582681466,1429806
2021-08-11,733.9652099609375,742.791992825221,721.4925985498365,740.5853117489153,1391781
2021-08-12,742.840087890625,744.7109916546016,732.0464798973806,734.5889976483065,880420
2021-08-13,774.6931762695312,777.9072492001908,742.8879904146849,745.4784678448781,7956492
2021-08-16,769.6082153320312,782.3686461214728,767.6413333624031,774.6452321088425,2604160
2021-08-17,799.0148315429688,801.1255933210183,772.342637872359,772.342637872359,7580699
2021-08-18,807.2659301757812,810.5759229984748,796.472322556383,805.2031284071131,3048603
2021-08-20,812.9264526367188,817.8195893514995,793.1621834065261,799.1586314204271,3782381
2021-08-23,798.7268676757812,815.2291041611954,789.6122667833849,815.1811442893636,2161681
2021-08-24,802.9484252929688,806.354396167649,793.4500278957421,799.6863340400255,1170096
2021-08-25,802.0849609375,816.1406598129627,799.4465235659951,802.1808806910184,1777820
2021-08-26,818.68310546875,822.0411166138713,800.6937600484575,807.8415383406004,2464570
2021-08-27,813.5501098632812,825.9747619089125,809.7603429917325,819.3066999793363,2366396
2021-08-30,825.591064453125,827.7497860045713,815.5170305463756,815.5170305463756,1875514
2021-08-31,829.8605346679688,832.4989720783733,821.7053644903547,827.03019918863,2132008
2021-09-01,832.2590942382812,839.2149745176251,817.7236796102321,835.7609850365794,2051666
2021-09-02,836.0968017578125,839.5027727239077,827.0781199757806,831.2516831813334,1314628
2021-09-03,834.5617065429688,838.1116158243362,827.1741287184492,838.1116158243362,1075187
2021-09-06,834.7535400390625,842.0452561046849,827.9895582564283,834.5616419869817,985142
2021-09-07,833.0745849609375,852.9348340919909,829.8605119906296,834.705630663703,2840271
2021-09-08,844.1080932617188,845.5952008528246,820.841871909584,838.8312183158738,1601842
2021-09-09,840.0784301757812,851.5436514816023,837.1521750037687,839.502794540295,1685368
2021-09-13,846.314697265625,848.1376409582789,835.3772107868962,841.2297208585704,1064009
2021-09-14,845.5471801757812,849.9606013122228,841.9972710283796,848.9051912635001,622424
2021-09-15,836.1927490234375,851.399777742326,835.1853573748335,849.0971180663155,1945751
2021-09-16,838.5433349609375,847.1782205612218,836.0008174438942,838.063619094255,1294536
2021-09-17,838.6873168945312,845.2594011872861,831.155742259294,844.2040496491588,1829129
2021-09-20,822.2330322265625,841.3737078741054,820.3141686741085,834.7536051945116,1081450
2021-09-21,824.0559692382812,829.3808038406735,816.4764348448838,820.3141619181852,1478291
2021-09-22,819.4985961914062,828.3253208356548,817.3398749027245,827.0301114860708,982114
2021-09-23,816.140625,824.8714303242078,814.6054990957107,822.3769312484529,1464265
2021-09-24,802.8045654296875,817.4359005032492,800.1661279574059,816.140690985939,2846056
2021-09-27,801.1734619140625,808.2253203309227,795.3689116051146,803.1402852671353,1433229
2021-09-28,789.324462890625,803.4281204421466,783.8556905470886,803.0443243426109,1933307
2021-09-29,790.0440673828125,795.752697870802,778.099130668748,791.0514589844423,2156442
2021-09-30,780.5936279296875,790.5237814175194,777.9551906862981,789.612309567081,1622014
2021-10-01,768.7446899414062,786.7340352598479,763.7076732522426,779.9220932562247,1989799
2021-10-04,781.2652587890625,784.0955941506088,769.2244020926896,772.3905151415946,1709463
2021-10-05,768.9366455078125,785.9665603495106,767.2576398191943,781.9369349850128,3499870
2021-10-06,787.357666015625,800.1660560796042,770.4236727001465,776.5160407106997,5215518
2021-10-07,791.0994262695312,796.9999548700241,788.0292330022754,794.4094774708062,1500439
2021-10-08,785.5347900390625,795.3210061580808,779.490381381721,793.3541826704076,1747911
2021-10-11,783.1361083984375,792.970283113395,780.0179554400364,788.0772049715289,1772719
2021-10-12,783.0402221679688,789.6123060302568,780.5936244332597,784.3354315671141,1246493
2021-10-13,813.7420654296875,819.3547177659327,784.8631345041365,786.7340381359072,7233280
2021-10-14,815.1331176757812,825.1112303972328,811.6791871116965,825.0632705258826,2352197
2021-10-18,809.71240234375,827.9895646843554,807.8894586734264,827.9895646843554,1914236
2021-10-19,809.0888061523438,827.0301921011546,806.0186127529156,814.5575789952208,1915361
2021-10-20,793.4020385742188,817.3398706744671,789.1805157634548,806.8820419508842,1535158
2021-10-21,781.7449951171875,804.7233977391073,775.2208707877184,803.1883303294916,2257911
2021-10-22,762.9881591796875,788.4610624332561,757.9511420961372,785.4388873185687,2948977
2021-10-25,756.9437255859375,768.1210708505637,742.2164124126382,760.8294126398124,2954698
2021-10-26,776.0843505859375,778.9626457787758,754.2092602731136,754.2092602731136,1776800
2021-10-27,785.5347900390625,787.8854096722148,776.803984040577,779.0586253578244,1930632
2021-10-28,776.8518676757812,789.1805417316381,773.2539987615354,784.8151391608326,1822874
2021-10-29,776.6599731445312,785.2948585778861,761.9327197457129,774.2613938574882,2220844
2021-11-01,791.435302734375,796.3283814134081,773.3020185773578,788.1732112423069,1552830
2021-11-02,799.9741821289062,802.0849436925421,789.4204328697938,794.3135699344588,1251565
2021-11-03,793.3540649414062,804.9631646310543,786.7819229195298,799.2065746575307,1044563
2021-11-04,793.8338623046875,800.7417241351513,792.4906344159488,800.1660885023018,175837
2021-11-08,802.4207763671875,804.19576036329,783.9037540191431,796.3284077555774,891122
2021-11-09,801.7492065429688,807.3618591454859,792.4906662556998,801.989064492804,1481130
2021-11-10,808.225341796875,811.6792727252704,797.0479383173977,803.0923467216234,1371873
2021-11-11,803.66796875,807.9854113023413,789.9960673342525,807.9854113023413,1411243
2021-11-12,813.5021362304688,818.2512761486324,805.9226026155784,808.0813238725844,1180441
2021-11-15,817.9635620117188,823.1924769864419,813.0704832994131,817.9156021339646,1190768
2021-11-16,799.5904541015625,823.19245202984,796.376322562509,821.1776687526947,1669041
2021-11-17,802.46875,812.9744809576375,798.7269427006582,800.0701705924905,1439354
2021-11-18,798.295166015625,808.8009552601771,788.9407065686656,803.2362628907222,1132067
2021-11-22,779.7781372070312,805.011179950518,774.6931607586508,798.2951578521491,1951384
2021-11-23,787.6455688476562,790.4278860061338,769.4643240428105,769.4643240428105,1025086
2021-11-24,766.5379638671875,796.3283062631717,763.7076286572105,790.5717160974139,1634131
2021-11-25,775.0289306640625,777.6194080163989,763.3238519839582,766.5859432512063,1767252
2021-11-26,735.5963134765625,772.3425367426937,732.1903425729264,767.7372761857305,2616604
2021-11-29,734.9247436523438,743.4637099199737,718.8542613335752,735.6443174875125,1584564
2021-11-30,747.0135498046875,757.6153176693741,733.1977675056461,733.9653012068593,3529356
2021-12-01,741.4487915039062,758.7665216373885,736.3158554332196,757.8551083875177,1263844
2021-12-02,741.880615234375,749.2202916894189,732.5741153650788,741.4488592265958,1766820
2021-12-03,742.8880004882812,749.3162049958337,735.9800801004499,736.3638762283001,1408239
2021-12-06,717.2711181640625,746.4378653761655,715.3042948835601,745.4784336725971,1654143
2021-12-07,729.8397827148438,734.4450436477182,713.8172599267176,727.5850828471064,1741795
2021-12-08,740.8251953125,742.2643428328437,727.8248491981461,727.8248491981461,1002435
2021-12-09,745.9581909179688,747.4452984292072,734.9726855907074,741.6407480123343,935828
2021-12-10,738.4266967773438,750.2276960214849,734.3010932544296,749.9398781977876,1412794
2021-12-13,723.5074462890625,745.7183143272608,721.4926630737859,742.6001611956254,1944410
2021-12-14,709.4996948242188,723.3634936762741,702.6877536322213,722.4520219102592,2333787
2021-12-15,716.0238647460938,720.05348959086,705.3741963183421,711.8983201551207,1676700
2021-12-16,710.2193603515625,719.5738200117148,705.4701614276717,716.6955247316679,1452909
2021-12-17,696.8831787109375,708.8281148621736,691.7982025087786,708.060581228481,1693819
2021-12-20,680.7647705078125,690.3590877824179,668.3401179253855,688.3443045783769,2520192
2021-12-21,677.0709838867188,696.1636401871313,676.2074719056922,681.7242043557499,2695789
2021-12-22,685.9457397460938,688.4402388665459,675.24805233536,677.5507119535209,1035751
2021-12-23,697.26708984375,700.0014471646064,683.3553281612809,690.7909249226007,1095354
2021-12-24,689.783447265625,699.4257243462396,685.0342485366461,699.4257243462396,931510
2021-12-27,689.3516845703125,695.108274838123,678.0783619625169,681.1965150242476,691930
2021-12-28,697.4588623046875,699.9533612162186,690.2151649278744,692.9974816278035,819253
2021-12-29,697.1710815429688,699.3298029091953,690.7908371924955,698.4662909390788,783940
2021-12-30,698.46630859375,707.9166878344757,695.8758311769874,699.4257403363239,2230935
2021-12-31,713.28955078125,714.776658291385,699.4737100698434,700.3851819499478,865277
2022-01-03,717.6549072265625,718.9981350220023,709.9794536733373,716.6954755324093,925699
2022-01-04,708.8760986328125,726.0019898671989,701.3925429736568,721.4926490985201,2352482
2022-01-05,703.839111328125,713.337509116586,697.0271692981839,710.2193559160091,2076552
2022-01-06,696.019775390625,705.1343770240233,693.2373998894346,703.263473397986,2077754
2022-01-07,706.2376098632812,714.4407972683383,695.6359019068141,696.0196979881135,2107056
2022-01-10,702.2081298828125,712.8577990151316,701.3446178735683,710.411259734363,1592097
2022-01-11,708.6842651367188,713.4334053150942,701.1047311065355,706.5735036357379,1905347
2022-01-12,706.2376098632812,713.145529413248,703.4073333601744,712.8577116318037,1817215
2022-01-13,700.5770263671875,709.4517694315017,694.2447421264014,707.1011500972492,1604671
2022-01-14,731.5667114257812,745.4784718397797,697.5068842053023,700.5770775257222,8733345
2022-01-17,734.061279296875,740.057728312694,728.4486264416973,736.8436550638439,1857366
2022-01-18,701.7764282226562,738.7625137922595,698.8501728343845,732.8140246966633,2674149
2022-01-19,688.5361938476562,708.0606058286552,685.0342446634957,705.1343508090624,2426249
2022-01-20,694.1008911132812,715.975922666868,688.1044428497396,698.5142536116218,5297725
2022-01-21,697.0751342773438,712.8098385821519,683.1154138659142,691.7502997153429,4854277
2022-01-24,663.3991088867188,695.5880330491087,660.5687734542225,695.5880330491087,3114690
2022-01-25,679.037841796875,681.1486034231403,647.6164510249249,662.0079277143677,2030546
2022-01-27,677.3108520507812,680.7168230334978,659.6093246448621,671.6022214565869,3118535
2022-01-28,688.7760009765625,700.2891807100007,677.8384568061721,677.8384568061721,2074152
2022-01-31,697.794677734375,707.0532172492367,692.7576612080551,696.5474282110993,1682459
2022-02-01,706.2376098632812,709.019985055051,687.9604487533088,702.303963545734,2063749
2022-02-02,712.3301391601562,714.680758740848,704.7985645264733,711.5145870089818,1771997
2022-02-03,708.156494140625,737.8029562483513,703.599193695658,719.5737544684831,8154082
2022-02-04,704.031005859375,716.263760661818,692.9016209921516,710.9389261655091,1931658
2022-02-07,676.2074584960938,706.8613133877344,673.5690212896923,699.4257176242394,1908753
2022-02-08,668.8198852539062,681.1965789141433,663.303152396503,676.4953396642065,2410446
2022-02-09,671.7941284179688,680.2371161734706,668.2921790789213,677.3588209005222,2206837
2022-02-10,678.0304565429688,682.1560015210856,670.6428200608141,677.5987005263947,1770292
2022-02-11,672.5617065429688,674.5764899435061,662.007956511624,666.8051156167808,2013324
2022-02-14,666.1334838867188,672.3697905573084,656.2993079830965,661.0485070825133,2069409
2022-02-15,673.5210571289062,677.3587839501536,661.1923831392749,664.8861717810997,2209622
2022-02-16,672.5617065429688,679.6135070039206,667.8125073170494,676.8791497376097,1217196
2022-02-17,691.1266479492188,696.6913990290855,673.0413826168548,673.0413826168548,3442092
2022-02-18,688.3922729492188,695.2042148746368,683.3072964427312,686.5693292209185,1686289
2022-02-21,684.2667236328125,692.0860571206991,675.9196558445655,681.6762462421061,1542807
2022-02-22,686.1856689453125,687.8167147976429,662.0079746799686,662.0079746799686,1861977
2022-02-23,693.9089965820312,701.5364905238162,685.1301728559846,685.9936848339472,1816654
2022-02-24,650.2069702148438,685.5620101243071,646.7050205723332,670.6428567118452,3091298
2022-02-25,680.7169189453125,684.4107082601456,657.7864735868088,662.0079972829678,1771881
2022-02-28,689.4476318359375,691.5583933968617,666.3733099699712,671.1225088422839,1935344
2022-03-02,682.156005859375,689.4476640736251,673.0893636899365,683.0674777759236,1938441
2022-03-03,659.1775512695312,689.5915484940559,656.7789719704215,683.2593225680322,2112330
2022-03-04,642.7713012695312,660.4728284561409,630.8263644812293,660.4728284561409,2833168
2022-03-07,633.0809936523438,646.1772599843381,623.8225127390091,632.2655001183056,2137318
2022-03-08,655.9635009765625,659.849187862851,631.3060932224731,632.2655249750909,2850859
2022-03-09,670.7866821289062,677.2628459653657,650.782496476405,657.2107004407032,1920634
2022-03-10,694.8204345703125,697.9865474034227,676.9270103094726,676.9270103094726,2574455
2022-03-11,687.3848876953125,696.5954090542131,678.7500019616933,694.9164034948982,2305707
2022-03-14,692.9495849609375,694.6285905319747,680.8607682730963,690.7908635124611,1584725
2022-03-15,718.2305297851562,742.6001177980185,694.3886760417518,694.6285339609371,9386502
2022-03-16,717.510986328125,724.8986222628282,710.555106378001,723.4115148128906,1959778
2022-03-17,740.9691162109375,743.0319178619804,723.6513851297872,727.2492541310954,3099238
2022-03-21,717.4630737304688,742.4562599001359,715.064494279271,740.6813345298771,1889226
2022-03-22,722.356201171875,727.2492797624809,701.7284181706965,719.5738256225076,3047970
2022-03-23,718.4224243164062,729.1680707551365,714.8725154180228,728.6883549191133,1103251
2022-03-24,710.4591674804688,721.108835831365,708.7322021477644,717.6549051659563,1179087
2022-03-25,703.5993041992188,709.9795492478447,679.8533665723482,709.9795492478447,2968621
2022-03-28,711.1788330078125,715.9280322048053,698.6102996524831,704.2229523477023,1833105
2022-03-29,713.0496215820312,717.4150239241876,705.7579058289765,711.8982918779635,985708
2022-03-30,734.7808227539062,750.9952436449239,718.6144203002849,719.5738521030889,8328100
2022-03-31,745.8622436523438,748.356742704399,734.8287788560609,736.7956021731505,2892133
2022-04-01,757.7592163085938,760.3496938543593,747.3973646846006,748.3088365972493,3082307
2022-04-04,756.1281127929688,762.7482150643227,750.0357448132507,759.8699199131366,1565651
2022-04-05,773.9256591796875,777.1397321792709,756.2241313460128,758.9105285849423,2912280
2022-04-06,776.4201049804688,779.5382580125188,764.715026502191,777.5714347348846,2004175
2022-04-07,772.2467041015625,785.1030554999552,769.5122882481022,776.1803511845552,1965237
2022-04-08,784.52734375,786.5900868509333,771.3831172296713,777.6194235256824,1406219
2022-04-11,788.1731567382812,790.5717360345025,776.6599761164196,784.5273279198381,1231236
2022-04-12,779.1544189453125,789.4683091749222,769.991858406634,788.1730998720374,1193490
2022-04-13,784.4313354492188,790.0920059097202,778.1470695183981,779.154461092809,1036739
2022-04-18,788.9407348632812,791.435292607375,776.180304000063,783.0882244742999,1480954
2022-04-19,759.246337890625,802.9004851576984,753.0100311381859,791.5312416557261,2460482
2022-04-20,777.5714721679688,780.4497674130406,759.9658644501727,767.5453986858219,1522453
2022-04-21,786.7820434570312,788.6529471968671,771.6230325828228,779.0586291044477,1344250
2022-04-22,782.512451171875,788.2690412252995,770.5195552272407,784.8151106168697,1880668
2022-04-25,760.5894775390625,777.0437545606632,757.5192843978899,769.4642207333058,1193621
2022-04-26,788.7008666992188,790.9075480356935,762.7482492996419,765.8664025200492,1285209
2022-04-27,766.2021484375,784.6712090539871,763.9954671925378,781.840932326245,1186809
2022-04-28,778.7228393554688,785.7746396207451,767.161639385588,777.9552470726862,1802590
2022-04-29,790.3319091796875,801.3653743761263,780.0180178004078,781.9368813128319,2268921
2022-05-02,790.95556640625,795.0331513864492,777.1397256379485,789.9001563347581,1439813
2022-05-04,770.7114868164062,798.2471888154842,768.3129075230905,790.9555311874301,1817504
2022-05-05,744.8547973632812,779.058561832896,741.1610086402859,777.1396983801056,5079723
2022-05-06,733.9172973632812,746.9175853057953,731.9984339456684,738.7624157809407,2003395
2022-05-09,727.489013671875,736.843471810089,723.4114293552176,732.0463137904921,1742459
2022-05-10,715.5442504882812,741.1131323024068,712.9058129432957,728.6405184533841,1326184
2022-05-11,713.9132080078125,728.0168677535501,708.0606972132828,715.5442538459989,1287768
2022-05-12,708.1085815429688,717.6549390347225,698.4663043011737,711.8983486146578,1488552
2022-05-13,707.6767578125,730.3673396366587,705.2302188299626,716.6954386976474,1481400
2022-05-16,705.6620483398438,714.248974168097,700.3851737431488,709.0200594468314,829085
2022-05-17,704.4627685546875,712.6179385005028,691.7982576329022,707.1012058900983,2536701
2022-05-18,723.6993408203125,727.1533301770372,704.0309903935479,706.9572454525461,2750146
2022-05-19,692.0381469726562,716.1678802131627,689.4956878331587,714.776692388646,1504820
2022-05-20,709.595703125,712.617936579222,701.7284095751489,705.1823404722022,1205301
2022-05-23,700.0972900390625,718.374451346483,698.5142043854258,714.7765826419097,970827
2022-05-24,686.1376342773438,708.0606261763872,681.1965373783671,705.1823309480279,1513724
2022-05-25,687.1449584960938,694.5805537733601,681.2444304330904,690.5029692664721,822598
2022-05-26,692.9495849609375,695.4440840999946,669.6833649051358,692.997544836868,1339748
2022-05-27,696.019775390625,701.9202455231216,693.2853597651655,700.385178145334,1039408
2022-05-30,719.7177124023438,722.4520693207689,699.5216282918761,701.3445719435354,1145649
2022-05-31,728.92822265625,748.3087544044644,712.8577419329961,722.4520587826999,6125585
2022-06-01,730.2234497070312,748.8364482702375,727.0093769081005,729.1680982516085,1641729
2022-06-02,727.489013671875,729.6477347806937,716.6954081277819,726.2897241669758,630109
2022-06-03,723.3156127929688,739.7218721365737,721.5406289370976,729.1681229880622,1747685
2022-06-06,732.6700439453125,738.7624118401086,715.0644370471911,726.0499417662367,1441390
2022-06-07,725.9060668945312,731.0870219699142,715.8320331272294,731.0870219699142,1346609
2022-06-08,726.433837890625,733.8214161789361,709.1160464073913,723.7473819031605,2461233
2022-06-09,729.5532836914062,734.1951802220418,717.8517710137502,724.3311132038682,882672
2022-06-10,731.6807861328125,745.9933842173951,722.4453343731072,725.2981857085443,3230970
2022-06-13,711.7109375,729.3115184301269,702.0886365304465,727.2323067092228,1455794
2022-06-14,711.6141357421875,724.3310530064035,707.5525135060063,709.8250906631512,1209734
2022-06-15,713.4515991210938,721.8650692959219,708.3745121737732,714.6604293466462,842942
2022-06-16,701.0731811523438,724.0892965705727,695.3674789450279,724.0892965705727,1060953
2022-06-17,688.2112426757812,704.5062503891618,685.4550743663804,699.2357388386461,1329315
2022-06-20,693.239990234375,698.9456929706331,681.7803023788258,694.7873284632353,1028878
2022-06-21,703.2974243164062,708.8580433467525,696.286209017274,696.286209017274,816577
2022-06-22,685.6002197265625,703.0557178348089,683.7144326123932,703.0557178348089,1190195
2022-06-23,694.7872314453125,695.996061599882,683.4725693935605,686.615527795441,714841
2022-06-24,704.9898071289062,710.7921923727655,696.3829120738823,698.2203576777371,1013159
2022-06-27,705.3766479492188,712.8229950361316,700.6380097803521,710.8888666447435,695465
2022-06-28,712.5811767578125,715.6274523609345,698.3169809168345,705.9568111128139,878300
2022-06-29,696.2862548828125,719.3023720586776,692.4179979112413,706.0052387189016,1741451
2022-06-30,683.0857543945312,698.2203322987845,679.9427958350145,698.2203322987845,2030048
2022-07-01,695.8510131835938,699.1390549784816,674.0437279091622,676.9449204252705,954981
2022-07-04,706.1019287109375,707.7458905832098,691.0156922146022,699.1873962720031,1281683
2022-07-05,705.0381469726562,714.9022136703516,702.185295762428,707.8909981828845,1367769
2022-07-06,725.249755859375,727.0871422908231,697.4950035325435,697.4950035325435,1351519
2022-07-07,729.9883422851562,734.5818969489992,725.298104817302,728.1992972365713,2064199
2022-07-08,736.3226318359375,739.1754237206424,730.1817393652595,731.5839941199755,1456394
2022-07-11,740.6744995117188,744.6394391491705,733.4215179615645,736.4677347976804,1287117
2022-07-12,731.5357055664062,736.9028999222749,727.3773414269456,734.9687715760222,609080
2022-07-13,737.4347534179688,742.7052648235872,732.0675592076243,733.03462335453,697646
2022-07-14,740.6260986328125,753.149591906809,734.2918398878311,739.8041176675922,1697611
2022-07-15,764.5125732421875,766.5434434286225,741.0129255485348,741.0129255485348,3002946
2022-07-18,768.1874389648438,771.6689055691546,761.8531801336275,771.5238223262983,1335985
2022-07-19,761.3213500976562,767.2204185621194,758.3718158654247,764.8511583095374,1184051
2022-07-20,768.8159790039062,774.8117883809942,761.5629980699072,764.9477225057734,1173216
2022-07-21,791.3485717773438,793.6212079150306,767.22030974582,768.8159891823892,2245980
2022-07-22,777.56787109375,796.8608115273364,774.7634206428825,791.3485343998963,1746104
2022-07-25,781.3394775390625,786.9967791033596,774.8601360473197,777.5679038129241,940240
2022-07-26,764.8026733398438,783.0318683141311,762.2883301140378,779.3570362822176,1146412
2022-07-27,775.1986083984375,777.2294785529278,761.1278366508723,763.9806877328317,1056918
2022-07-28,780.0339965820312,783.225355811181,772.2974826202956,777.5196531544341,1192580
2022-07-29,784.9176635742188,787.8671975117248,777.3261743630294,782.3549198929109,867439
2022-08-01,784.3857421875,787.6737840488667,773.119479770442,785.2561235698953,1269287
2022-08-02,784.8692626953125,798.7950104585503,779.695492956666,786.2231761535126,2161684
2022-08-03,785.9813842773438,788.5441278729558,775.1502540424553,784.8692369000229,908414
2022-08-04,763.2554321289062,771.717244015036,755.3738351621449,766.2049661813742,15358133
2022-08-05,758.951904296875,767.2686910860255,756.3408193860382,759.193670325195,2109882
2022-08-08,762.7235107421875,767.7522561524361,755.2771049447916,755.7606370222211,947150
2022-08-10,764.5125732421875,767.5588490093833,760.4508918942308,762.7235281248904,1185175
2022-08-11,747.9757690429688,772.2490552871301,746.1866649734353,768.3807987366717,3371339
2022-08-12,738.30517578125,750.3451368841628,735.500665989437,747.9758177876193,2257305
2022-08-16,753.8265380859375,754.8902850877673,740.0942147468684,742.0283431319509,1804736
2022-08-17,767.3654174804688,770.3149513885492,754.7935832936432,754.7935832936432,3021532
2022-08-18,781.2427978515625,786.9968417017224,764.9477895352715,766.8819179538183,3191360
2022-08-19,761.0311279296875,782.8384122281582,758.2749597477862,780.5658351355452,1767351
2022-08-22,767.8006591796875,770.701851877117,754.4067841449382,760.0158039132351,2166778
2022-08-23,782.6934204101562,784.9177153860006,761.0795582181217,765.81819661242,1890327
2022-08-24,779.16357421875,786.2231304981922,772.2007007414593,778.4866175289602,1355374
2022-08-25,775.4404296875,785.1594724248484,771.2337238944061,781.3878983155864,1267482
2022-08-26,775.537109375,784.0956035198762,772.4908336828039,779.3570245846854,1254230
2022-08-29,779.5988159179688,789.801331259112,758.0332373844257,763.9807057288626,2181301
2022-08-30,782.9835205078125,787.1418845895228,779.7438201578836,782.3549051940453,2692962
2022-09-01,810.78662109375,814.268028484431,779.4537184779708,782.9835262969242,6228307
2022-09-02,806.2413940429688,819.1033354390962,803.3402015915907,817.1692071381775,1885440
2022-09-05,809.867919921875,813.446069239584,801.7445570938285,806.5315366523232,1553679
2022-09-06,791.3002319335938,817.9428371646892,789.1243376203025,813.9295564017874,2620566
2022-09-07,797.9246215820312,800.245599195706,787.2385743282675,788.1572970930517,1321905
2022-09-08,792.1222534179688,804.2105557776919,788.1573138539452,801.9379785440295,1094898
2022-09-09,789.4144897460938,799.7620884267308,786.3682729499851,799.7620884267308,884012
2022-09-12,798.3114624023438,803.6303152711662,793.3794588066733,793.3794588066733,1300582
2022-09-13,821.0374755859375,823.938668079174,802.3731490177651,802.6149150588681,3310733
2022-09-14,812.57568359375,832.7873487236315,810.9316626699224,815.1384273007383,3818926
2022-09-15,809.8195190429688,820.0703751220302,802.8566455624224,816.6856506964086,1697675
2022-09-16,769.0094604492188,812.0438171703813,765.141203665294,812.0438171703813,4786431
2022-09-19,766.8819580078125,775.7789610027985,761.4180213300721,772.87776822345,1707558
2022-09-20,777.7129516601562,786.1264210338272,769.7346729312267,770.7500784190179,1547208
2022-09-21,777.7129516601562,784.2889756559894,771.8138253062455,777.7129516601562,1082534
2022-09-22,776.7459716796875,781.1461019531782,762.046584140024,774.1832279580834,1255234
2022-09-23,755.8090209960938,779.7438601769865,753.8265511719524,776.5525600911838,1229421
2022-09-26,755.1320190429688,760.0640816302663,736.902883398265,753.342973972767,1431943
2022-09-27,771.5720825195312,775.0052073565042,755.3254171508896,758.9519075914305,1830866
2022-09-28,767.5105590820312,777.7130750276058,764.0290923967484,769.7347950330936,1415083
2022-09-29,766.4949951171875,777.2294422251326,764.2707594542505,771.3787161253715,1136839
2022-09-30,776.407470703125,779.4537465483605,761.0795267165753,764.9477835232669,1436359
2022-10-03,752.3275756835938,778.2932247905653,750.4417887650908,776.4074378720624,1652675
2022-10-04,759.2904663085938,766.3500230340829,755.4705509836982,760.8377453902386,1238967
2022-10-06,768.1390991210938,773.2645276886502,758.2750322595249,763.9807347747712,2067042
2022-10-07,755.180419921875,767.7522538981266,753.3913158256922,761.9498689860104,1053907
2022-10-10,732.2127685546875,749.5231843508691,730.1335566707559,743.9142231377205,2334168
2022-10-11,718.141845703125,734.823703022881,715.8692684608341,733.0346578768149,1956824
2022-10-12,732.4060668945312,734.0017464750957,714.4670373330941,720.9463794429299,1372962
2022-10-13,732.4544067382812,735.1621745382097,724.4761275452412,730.0850877790023,1198492
2022-10-14,736.1776123046875,743.6240183490739,734.968782071018,743.6240183490739,1278730
2022-10-17,738.0150756835938,746.5252289290568,732.3577146385186,736.1776300740995,940646
2022-10-18,748.8461303710938,750.4418098912662,738.4018489456311,741.7382321992283,1361691
2022-10-19,739.368896484375,751.4088571588918,736.0325133059071,748.9428553399938,1115277
2022-10-20,745.31640625,746.5735779311703,730.6170182992217,736.4677450259531,955562
2022-10-21,736.564453125,755.1320380808571,730.1817941496251,747.5406079106175,1692279
2022-10-24,745.55810546875,750.4417675375627,739.6589788399131,744.6393827370144,292558
2022-10-25,741.6898803710938,751.2154388790974,739.4656445749263,744.639414298071,871995
2022-10-27,744.687744140625,753.826512251933,734.5819118699176,749.2329574947852,1692389
2022-10-28,736.2742919921875,747.9758040194506,734.4852468639064,747.9758040194506,1598314
2022-10-31,744.7844848632812,747.0087206216082,736.8062055601067,739.9975054763942,997865
2022-11-01,749.3296508789062,758.6618437588173,742.1250700096036,747.5406057687263,1893673
2022-11-02,742.753662109375,752.5693875489496,739.5140205834607,750.4418344607017,1073726
2022-11-03,737.628173828125,744.63938885304,731.7291061757471,742.753601972391,1573795
2022-11-04,739.127197265625,741.7382825554844,734.1951931819376,735.935897033538,940199
2022-11-07,746.7185668945312,750.8769307110268,739.1270783101453,742.8503105024594,1004208
2022-11-09,744.7844848632812,756.0507468885745,740.6260617641213,752.8594469722871,1256533
2022-11-10,743.3822631835938,746.2834557868666,736.9512626363731,744.639434840029,839329
2022-11-11,747.7340087890625,754.1649499389686,744.6877331220625,747.1053934847891,921004
2022-11-14,742.4635009765625,749.4747160623067,741.2546707893653,747.8790366052417,708750
2022-11-15,747.2988891601562,748.507719456436,738.3535449676859,742.4635679750371,756436
2022-11-16,744.2042236328125,748.7010956539086,739.610668804238,747.2988407959928,1071710
2022-11-17,760.1123657226562,763.4487485985577,740.7710841521052,740.7710841521052,2944879
2022-11-18,750.151611328125,766.8818079436031,743.9140362681169,763.3520004761447,1417103
2022-11-21,745.55810546875,749.9098940691612,737.1929771046622,748.7977467057585,760664
2022-11-22,745.8965454101562,751.3121399076962,740.9645419984721,745.6064379785707,868523
2022-11-23,744.7844848632812,750.4417865773856,739.8040808398197,747.6372769093354,875779
2022-11-24,766.64013671875,768.8160311465232,755.5188985323538,761.9014985771895,6211909
2022-11-25,763.15869140625,773.1677816677823,754.3100308953973,772.442483561152,2385612
2022-11-28,777.8097534179688,782.2582843197093,759.1454254631573,763.0136824081925,2043706
2022-11-29,778.5350341796875,785.159459464825,776.6009057504355,778.4383513681911,1278339
2022-11-30,791.1068115234375,794.8783852965714,777.7613381356659,778.5349776462057,3390682
2022-12-01,786.4165649414062,794.8300347054229,783.4670311400602,794.8300347054229,966282
2022-12-02,769.347900390625,785.7396501274983,766.1082589816032,783.3219896655676,2882169
2022-12-05,774.1348876953125,776.5525481815564,762.6268001708256,769.3479081275666,1540201
2022-12-06,771.3787841796875,773.6513614439633,767.4137855373384,773.6513614439633,826214
2022-12-07,773.022705078125,779.9372373640387,770.7984693369979,773.5546375808195,2020441
2022-12-08,777.7129516601562,781.3394419914879,770.2665463748403,774.183144127697,805216
2022-12-09,776.8425903320312,783.2252488941251,774.6183546766432,777.7129716438789,1080966
2022-12-12,783.3703002929688,786.2231513309478,772.8776779103862,776.5525098631624,948219
2022-12-13,781.0009765625,787.6254013424558,778.1965259689026,785.2560823923243,1224742
2022-12-14,788.5924682617188,790.0914058803774,780.7592132780682,781.7746778494958,971275
2022-12-15,778.3900146484375,788.5925303691791,775.6338462052116,788.5441889631398,783051
2022-12-16,775.1503295898438,778.4383716150589,768.816070624275,776.8426920094569,849333
2022-12-19,782.2098388671875,783.3219862848412,772.1524068039104,774.7634918965092,1120217
2022-12-20,781.677978515625,783.273658050407,773.7480402964036,781.8714031599795,677159
2022-12-21,776.1657104492188,785.1594548118751,774.6184313249527,782.3549449961133,811513
2022-12-22,772.3458251953125,782.3549157735504,761.0795039725391,776.3107646937176,1017965
2022-12-23,753.343017578125,771.6205547082791,750.2484003094064,766.9302578873559,1216647
2022-12-26,749.7648315429688,757.8881940980166,747.5405957796547,753.3429807404282,1014226
2022-12-27,752.2308349609375,755.2771106818471,745.2196197849537,753.1495577200144,601101
2022-12-28,754.4551391601562,757.1145656393757,747.685689940325,752.3759275755285,610240
2022-12-29,750.5385131835938,753.3430230153114,737.9666783964319,753.3430230153114,1691955
2022-12-30,741.6898803710938,756.5342918383693,739.8040934260056,752.3759276933756,715796
2023-01-02,737.1930541992188,745.606524844864,733.1313726090883,744.5427777968159,1061086
2023-01-03,741.88330078125,742.6085989079247,734.0983870016786,739.8040892081509,785495
2023-01-04,737.1447143554688,742.2218015976678,734.3886048910989,742.2218015976678,1004383
2023-01-05,738.6919555664062,755.2771299819943,735.0654648654684,736.9029104305757,3198519
2023-01-06,736.2742919921875,745.4614017291291,734.0500561766474,738.6436110451183,603050
2023-01-09,741.6898803710938,743.4789254837928,736.0325195358295,739.9975180658708,729173
2023-01-10,743.9141235351562,747.347189583342,739.3689100654154,741.6898877169594,873061
2023-01-11,734.2918090820312,747.2988339133938,730.6169770579994,746.5735357892462,688374
2023-01-12,729.4081420898438,738.6919344083675,727.2322477316043,734.9687610053447,763021
2023-01-13,728.1026611328125,732.6478156612636,725.2981513376743,730.2301551568047,1067599
2023-01-16,722.6387329101562,730.133480558271,720.5595212429712,727.328970731591,838829
2023-01-17,725.3464965820312,728.0059231510123,717.1747922287244,719.4957699352558,1427736
2023-01-18,725.7816772460938,727.9092302768479,721.9617618766578,725.2981451493275,747592
2023-01-19,714.1768798828125,727.9575441188722,713.3064985316229,725.4915423237176,1140422
2023-01-20,714.1285400390625,718.4319873517187,711.759221044462,713.6933493625176,878832
2023-01-23,717.996826171875,719.399081065055,709.8251218873982,714.8055261209608,682160
2023-01-24,716.4979248046875,724.814653725797,715.6275433717009,719.3507171157623,653737
2023-01-25,715.67578125,718.0451001193486,707.1172875050056,715.9658886773897,868627
2023-01-27,711.033935546875,721.3331926333097,701.7984844692019,715.675831787625,772860
2023-01-30,711.4207763671875,715.9659307213199,703.5875212182177,711.7592252148655,1295677
2023-01-31,705.4733276367188,715.0472867416858,701.1698801799424,711.7592448809115,2189899
2023-02-01,716.401123046875,723.750846130389,707.1656720578035,712.9680570593034,933031
2023-02-02,712.871337890625,718.2868733391591,708.6645735641675,714.466958269701,704702
2023-02-03,702.6688232421875,716.594571314954,696.7214138344817,712.8713977595182,1752697
2023-02-06,705.715087890625,708.3745143951803,697.2532762852218,704.4095748528996,852170
2023-02-07,704.2161254882812,710.7438084975676,698.2203159562508,707.6975328166027,1244247
2023-02-08,700.5413208007812,707.7459017753168,697.3499617631671,707.7459017753168,1521104
2023-02-09,698.1720581054688,702.4271054576374,697.0599105904587,700.638060176884,688243
2023-02-10,702.6688232421875,704.0227367304811,695.4642421810173,698.2203515376475,651630
2023-02-13,694.1586303710938,705.473292654566,692.4179267178467,702.6687830285655,599763
2023-02-14,697.2532958984375,699.9127224778005,691.4509106343728,694.3521032664052,563171
2023-02-15,704.119384765625,705.7634056273832,693.5784209341856,697.3015943057427,727403
2023-02-16,708.47119140625,711.275701125343,704.1194026162241,708.0844011509732,837121
2023-02-17,702.330322265625,710.5987087468683,700.299511208797,707.1173014994743,624402
2023-02-20,698.02685546875,705.4249194425871,694.9322385442395,703.0072591929552,1316763
2023-02-21,702.2820434570312,705.9568756623453,698.2687033621354,701.5567452971042,673449
2023-02-22,697.6884155273438,709.8250583300487,696.1410775329322,702.0885454327184,1690647
2023-02-23,692.5146484375,701.0732020030143,691.4509014298814,699.1390736074063,1165270
2023-02-24,692.56298828125,697.5916744499851,690.0969275726516,693.38496916751,1040351
2023-02-27,686.9056396484375,696.7697055781906,676.9448909156605,696.2861735132509,1064436
2023-02-28,691.7410278320312,694.1103469865332,682.3121516451713,688.5497276968465,2395442
2023-03-01,691.6926879882812,693.2883675719362,686.1804100923742,689.4684520723654,991540
2023-03-02,684.0528564453125,694.6905629281118,682.602260106749,693.2399665895482,969963
2023-03-03,686.4705200195312,689.7585620113254,682.9407709951662,685.6485390340409,873264
2023-03-06,690.0969848632812,695.0773890697117,686.5672359719974,689.5167699571539,739338
2023-03-08,696.7697143554688,699.3807993440176,687.3891803724879,689.5167332900058,1026628
2023-03-09,685.8902587890625,699.0423078185495,684.7781113897322,699.0423078185495,905544
2023-03-10,681.2000122070312,686.8089724830583,678.2504193238126,683.7143553920018,970983
2023-03-13,671.2876586914062,684.004517897678,668.9666809300381,681.7802819742346,1158330
2023-03-14,670.465576171875,676.9449179053804,666.7424027333604,673.0766612316354,1501579
2023-03-15,664.905029296875,676.8966498956623,663.9863064322639,673.0767342111754,1119482
2023-03-16,671.1425170898438,673.5118360516993,666.3071963615307,666.3071963615307,974834
2023-03-17,682.9407348632812,685.3100539062883,671.5293893585954,675.0107967922578,2111478
2023-03-20,679.4592895507812,683.4726296276091,668.241368337712,668.241368337712,1018438
2023-03-21,677.8152465820312,682.7472498477387,676.9448652881262,680.9098044605648,721243
2023-03-22,687.4859619140625,692.6113903580763,677.9120027446502,677.9120027446502,776214
2023-03-23,683.8594360351562,690.4354604381798,682.5538640200906,688.1144828724484,587643
2023-03-24,679.217529296875,686.3254867077883,675.8328045368921,683.7144015165327,960470
2023-03-27,676.31640625,684.1013212190941,674.2372533841223,683.6177890607613,3695292
2023-03-28,673.125,676.6064664076893,667.2742736088469,667.2742736088469,1113702
2023-03-29,674.5756225585938,679.8461342664962,671.9161960020748,673.1250262550379,1160832
2023-03-31,685.50341796875,687.5826295583925,675.5426687548136,677.090006852312,972962
2023-04-03,693.433349609375,694.8356044574518,685.9386023100775,686.615559032416,797533
2023-04-05,703.4425048828125,704.409569058332,691.4508854964062,693.3850138474451,947741
2023-04-06,706.4404296875,707.3591525235623,698.7039157415726,703.3458123041456,738748
2023-04-10,696.914794921875,706.5854363055136,696.2861796219743,703.0556285905212,916628
2023-04-11,693.6751098632812,702.0402384536316,692.1278308179146,702.0402384536316,776167
2023-04-12,694.7389526367188,699.76763931286,692.7564237846807,697.1566131636771,702063
2023-04-13,695.8993530273438,699.8643515387519,694.0136251160305,698.220330644993,502380
2023-04-17,689.7101440429688,695.5608701797139,688.0661232295676,693.384975903865,1180651
2023-04-18,683.7627563476562,696.1895671968209,683.424307474979,692.6114177181727,1323608
2023-04-19,677.7669067382812,685.55182060486,675.2525634810062,684.6814392331577,1235220
2023-04-20,680.2329711914062,681.2000353761964,673.5118633021315,675.9778651683638,1263116
2023-04-21,677.331787109375,681.7802588050879,674.0437452299947,680.232979700035,966029
2023-04-24,708.4227905273438,710.7921093635372,682.7472506267446,682.7472506267446,6009290
2023-04-25,710.2603149414062,713.6933810534147,704.3611878944441,711.7592526494759,1783879
2023-04-26,722.1068115234375,724.3310472601084,700.1544435464867,709.7767436294904,3725680
2023-04-27,729.1664428710938,730.3752731808933,717.7067551441609,718.5287361448576,1664942
2023-04-28,738.6919555664062,739.8041029913261,726.7487364679497,733.0346536829087,1261145
2023-05-02,753.9231567382812,757.2595397236138,739.755702938114,742.6568952688539,1438425
2023-05-03,755.6640014648438,760.9344542184322,749.1846594171839,752.2792767112066,1189150
2023-05-04,749.958251953125,756.8727842690405,743.5756521422121,747.5405915664289,1001352
2023-05-05,750.6835327148438,756.4375761071409,749.4747025494414,752.279212143139,617459
2023-05-08,762.9169311523438,763.787253471949,750.8286292835649,751.2154195284188,1048005
2023-05-09,763.0136108398438,766.1082279105896,759.1453542576392,763.6422261444164,652399
2023-05-10,765.0928955078125,765.9148765001502,758.9520021815291,763.0136837861345,476497
2023-05-11,763.4487915039062,765.4312611713199,760.1124084405021,765.0928123347775,968940
2023-05-12,763.06201171875,769.0578216934907,758.9519887798034,762.0466060917581,747655
2023-05-15,761.0311279296875,765.3345751076347,758.3717015756079,763.0135975886557,803643
2023-05-16,760.354248046875,763.6906314331133,758.9519931135383,761.5630783299384,658173
2023-05-17,752.6177368164062,760.6926995249967,747.3955663656963,760.3542506545447,907649
2023-05-18,750.73193359375,760.1124682254336,749.4747619271134,757.5981248921604,1004449
2023-05-19,748.2843627929688,754.5897298285366,739.4861928828019,754.5897298285366,1233831
2023-05-22,748.9197387695312,750.7771540327899,743.1520854954258,748.2843511968218,548104
2023-05-23,752.7811279296875,754.2474894773719,744.9605330087035,748.8708304691954,826476
2023-05-24,753.8565063476562,757.2290902225978,748.3820540245764,750.1906024258458,861728
2023-05-25,762.80126953125,764.903078294837,747.8932603779319,747.8932603779319,980266
2023-05-26,771.990478515625,773.2613132412744,763.6322297305582,766.4182927701125,961268
2023-05-29,776.4384155273438,779.126744948433,772.5281181875774,773.2612989387836,1171159
2023-05-30,773.1636352539062,779.1268153694683,770.5730391656002,774.7765972525053,601270
2023-05-31,780.73974609375,782.0594475449218,769.3998483045082,769.3998483045082,2201928
2023-06-01,775.8519287109375,783.4769969235473,771.648311153797,780.9841941937485,703293
2023-06-02,778.1980590820312,781.9128297250437,775.2164692106558,777.6604051161117,697200
2023-06-05,774.6788330078125,782.4994280845949,772.8702845964634,779.0779177385026,774985
2023-06-06,774.3366088867188,778.1003058860301,766.8582010044966,775.1675828734561,744002
2023-06-07,804.6414184570312,805.5212592329488,773.7500930617463,776.1940289210695,3971089
2023-06-08,789.000244140625,806.303322290889,787.1428886516386,806.303322290889,1117198
2023-06-09,783.0370483398438,793.6437060893717,781.0818996548504,792.5195313953421,835145
2023-06-12,782.7926635742188,789.7334176175881,781.4240356127415,784.9433390852245,3168760
2023-06-13,801.5132446289062,802.6862861321714,784.3567668136033,784.3567668136033,2697513
2023-06-14,843.157958984375,845.6018950973732,797.7007472826087,804.348241576682,7652583
2023-06-15,845.601806640625,852.835880644921,836.8036375541908,844.6242322976879,3106263
2023-06-16,843.4022827148438,850.9296172524761,832.9422250846069,848.5345481269017,1754715
2023-06-19,837.78125,850.4897170361727,835.6794412005323,847.0193398941913,1308412
2023-06-20,839.638671875,847.5570006092856,828.2987730912259,837.7812566576215,1178858
2023-06-21,840.8606567382812,857.5282885769731,833.9198425935097,839.7364222947232,1439299
2023-06-22,823.0198974609375,842.6691187057271,821.7490030290692,842.6691187057271,988651
2023-06-23,821.9933471679688,827.2234056056581,812.9997111126407,823.1175815080856,806171
2023-06-26,843.206787109375,846.5794307239468,828.8364314905949,834.848537919458,3022935
2023-06-27,835.0440673828125,848.6323157912905,833.4799125374064,844.5754178167073,1131450
2023-06-28,835.7772216796875,840.7139603273988,831.9157909751353,835.3373012787933,914411
2023-06-30,841.5938110351562,844.1843473528608,830.9870931691274,830.9870931691274,1394632
2023-07-03,839.5897827148438,847.5081714672527,837.2436398620774,847.5081714672527,1226135
2023-07-04,836.3637084960938,842.3758145093914,833.0888583477655,839.3942247276235,759030
2023-07-05,826.9302368164062,841.9359804977565,822.2867582592343,839.7364380233066,2537154
2023-07-06,826.0991821289062,828.5431179731231,822.531071596191,826.9301561157814,2363769
2023-07-07,814.5638427734375,833.3821493721638,813.1463480054474,826.0992083915836,1811594
2023-07-10,807.1343383789062,822.6288689664349,803.5661679030416,822.6288689664349,1177214
2023-07-11,821.4557495117188,824.0952123029097,807.2320540440422,807.4764476419969,2167322
2023-07-12,824.339599609375,828.7875511249201,819.9893816657035,826.0014879960636,1435731
2023-07-13,818.5718994140625,829.9606650328424,816.4701502553424,828.0055162341785,985928
2023-07-14,832.404541015625,833.6265089266873,814.9059366626524,820.1359951218401,1705168
2023-07-17,833.4799194335938,841.3983079671128,830.3028025960081,835.9238554625057,1200820
2023-07-18,839.443115234375,843.6466730509425,829.4229780399692,835.0440306124407,1412514
2023-07-19,841.1539306640625,845.5530156013494,835.2396172927696,845.5530156013494,952601
2023-07-20,853.5202026367188,855.3776179021551,835.3862090704746,840.7140015952609,1381298
2023-07-21,833.2354736328125,856.7461844912474,830.5471441694192,854.1067218120896,1230534
2023-07-24,843.744384765625,847.5569485391093,829.8628769402055,834.8484821826981,1149904
2023-07-25,849.0722045898438,850.000912171846,836.8036582163314,843.7444123560033,873678
2023-07-26,854.3023071289062,864.1269180893044,850.0498226138872,854.351173916489,1940116
2023-07-27,830.987060546875,860.265424130977,828.6897847012682,856.3062599645638,3203072
2023-07-28,840.0784912109375,841.1049920083891,823.1176001573909,835.0928859078992,2365708
2023-07-31,840.0296630859375,841.5448914602088,833.3821691538275,840.0785298722549,1454789
2023-08-01,837.536865234375,843.9399656060663,833.9686948161867,842.5713972491219,987812
2023-08-02,824.14404296875,835.8260683722629,819.4028312427902,835.8260683722629,1604731
2023-08-03,816.6656494140625,822.7754892029923,813.8795266704681,821.1624676321532,1375222
2023-08-04,816.0791015625,822.7265955848623,813.6351655493957,818.2786439742938,887582
2023-08-07,819.0117797851562,821.7979024868812,810.8979246006725,818.1808654529103,1106208
2023-08-08,828.4454345703125,833.9686941128481,815.0526533997579,820.1849189833846,1252297
2023-08-09,840.9095458984375,843.1090883902087,828.6409985998398,831.9158491099134,1704615
2023-08-10,831.4758911132812,843.8422310971079,828.9830883351772,841.8382155173146,941390
2023-08-11,818.1320190429688,834.7018569810602,816.2746038622294,830.644959120989,909080
2023-08-14,825.757080078125,826.9301812522888,811.0445977819991,820.0382342289781,754694
2023-08-16,821.8468017578125,824.5351313308082,818.0342377695473,822.0423285691297,360863
2023-08-17,825.3171997070312,826.9790881454971,816.2746363699983,816.2746363699983,1105325
2023-08-18,823.6552734375,829.9117732715093,816.7633860628894,826.0503425770694,1145798
2023-08-21,829.4718627929688,830.3517036029765,821.9445281213191,827.0279268389529,680778
2023-08-22,829.7650756835938,832.453405079148,825.0727308537249,828.0054538306931,782931
2023-08-23,825.6104125976562,828.9830560680061,821.5045883583783,828.9830560680061,516482
2023-08-24,825.268310546875,835.6305751964276,823.2153685315749,826.050358124244,1482572
2023-08-25,813.8795166015625,827.1745636176364,811.5333739514813,821.1624574731467,1149261
2023-08-28,822.922119140625,824.0463535687638,809.6759979353325,813.8306891411581,649996
2023-08-29,819.4517211914062,825.0239070713511,817.2521788440389,822.1400507270774,606053
2023-08-30,829.3251953125,830.2539028999569,819.8916384146614,822.140047538859,604884
2023-08-31,815.63916015625,832.3557178555238,810.4580278750876,829.3252014774214,2025392
2023-09-01,825.2194213867188,828.3965380625945,814.3194433859989,814.3194433859989,661741
2023-09-04,827.0767822265625,829.960638545839,818.22974612823,825.0727667051685,705024
2023-09-05,827.3211669921875,833.2844063740283,824.1440503296474,828.0054809758616,745626
2023-09-06,859.190185546875,863.1982168207026,826.539175902496,826.8324362965601,3618782
2023-09-07,839.443115234375,847.508103707921,834.848503807074,846.2861357573838,3458930
2023-09-08,833.9686889648438,845.4551880572936,832.6489874037628,844.6242736916362,901217
2023-09-11,843.2556762695312,845.5530119712074,835.581740889551,836.3149217092845,1039583
2023-09-12,845.3574829101562,854.4000463295479,836.8037067026236,847.5570253635218,1795152
2023-09-13,869.3568725585938,871.2631545073465,840.8606155630487,842.6691042752681,2812359
2023-09-14,864.7134399414062,877.5685674111032,861.2430626890508,874.9291045479007,2205160
2023-09-15,856.2574462890625,869.7968279488746,853.9112438475323,867.646152321873,1104866
2023-09-18,861.1941528320312,866.0820246800291,856.2574141988342,863.1981683564295,1084407
2023-09-20,850.1964111328125,861.1452556187372,845.6017998247617,861.0474623853901,924868
2023-09-21,851.46728515625,854.4000082968571,841.887068163548,849.5121363958453,1165593
2023-09-22,858.06591796875,869.8945441818481,850.5385832575032,851.4672908581956,1518828
2023-09-25,880.4034423828125,885.2913141696733,851.0273448770596,862.1717164176637,2700627
2023-09-26,875.1245727539062,889.4949276765337,871.5075357144635,887.2464589314724,2064298
2023-09-27,868.9169311523438,883.7272063195028,867.0107089160821,878.8393346031338,1233749
2023-09-28,856.8439331054688,875.9066332715345,850.5874332869676,874.733532097265,1801983
2023-09-29,857.2349853515625,866.0331546449426,854.1067354473021,866.0331546449426,817204
2023-10-03,852.34716796875,859.8255765459917,844.7220396942805,850.4897526882698,1183376
2023-10-04,845.3574829101562,850.3430886045551,835.8261322789056,847.5570253635218,623081
2023-10-05,840.9095458984375,849.75658265428,838.2700829750303,846.6283325104791,749977
2023-10-06,855.1332397460938,857.8215694509257,841.691591221934,841.691591221934,960117
2023-10-09,860.90087890625,864.0290691066161,847.3614383005263,848.5345394588653,1200788
2023-10-10,868.8192138671875,872.3873841535693,861.9761933360254,865.1533100112079,870512
2023-10-11,868.4771118164062,877.0797545138755,866.3264362254375,874.9290789229068,1062565
2023-10-12,872.3384399414062,874.0981214895722,863.3936705147752,868.9658561956944,775364
2023-10-13,892.8674926757812,897.4132371882301,868.9169215307794,870.2855494627689,5120134
2023-10-16,888.2240600585938,897.2177563107296,885.7312573165401,897.2177563107296,1524935
2023-10-17,887.4908447265625,907.1889916334403,884.8514417297168,891.59666890646,3228492
2023-10-18,875.6134033203125,894.4805773351943,872.0940996752155,891.9877745447546,1218914
2023-10-19,875.3201293945312,880.2080013262264,859.3367523780448,875.9066501597725,1430475
2023-10-20,878.79052734375,881.576590544232,868.7215228592909,871.9475064773245,2295312
2023-10-23,863.2959594726562,885.7313046837492,860.509896200145,878.5950232432608,973113
2023-10-25,870.0411987304688,874.3914166574021,862.562730852347,863.4914384471944,1531972
2023-10-26,860.6075439453125,867.0595703711076,852.4448220957047,863.4425333899441,1966650
2023-10-27,871.116455078125,874.4402316418149,856.3551066721407,860.2654039628811,797507
2023-10-30,873.5115966796875,875.906665902546,860.4610022540637,866.1309218634551,1147541
2023-10-31,880.3057250976562,883.140714653039,871.9963429062847,879.3281507222008,1082510
2023-11-01,882.8963623046875,899.3684674340636,875.6134209340323,885.6824255383278,2678745
2023-11-02,890.8146362304688,897.120002790566,883.287301719438,889.7393283002089,1082513
2023-11-03,893.209716796875,898.6841094206668,890.8146476490643,891.5478284290225,901911
2023-11-06,898.0487060546875,902.9854446194747,895.4581101445856,896.1912909116253,742374
2023-11-07,901.3724365234375,902.9854581015697,892.5254004023468,899.3684209968884,819721
2023-11-08,895.7514038085938,908.6065309350116,893.6496546648107,901.8123769746585,1090425
2023-11-09,882.60302734375,898.3420110579607,878.2039425229642,895.7514150191575,3194352
2023-11-10,892.232177734375,896.2890757441885,876.3954603272493,882.6030339766687,3846444
2023-11-13,895.9957275390625,899.8082912386294,886.7576383181125,893.5029249661461,904887
2023-11-15,908.7531127929688,911.0993151534881,895.8002523575784,900.7370506717376,1564164
2023-11-16,899.4172973632812,912.0768975313217,897.4132818153842,912.0768975313217,1315309
2023-11-17,909.97509765625,913.0544808533133,900.3460137750552,901.3235881656905,961365
2023-11-20,909.97509765625,919.7508415626024,907.38456132091,914.5208424392662,1169030
2023-11-21,906.8958129882812,910.6105838986009,885.6824358691706,885.6824358691706,804344
2023-11-22,907.4334106445312,918.7243827058039,901.5679644135944,910.5616605676452,885449
2023-11-23,912.076904296875,916.6715158552315,906.2114579669916,908.3132667684287,907511
2023-11-24,906.1137084960938,915.8405257560264,903.2787189531638,913.738776657872,521207
2023-11-28,910.9526977539062,913.9832142502398,904.0119432510907,904.2563368556463,904835
2023-11-29,912.6145629882812,916.8670473992423,909.1441858251331,913.9831910055481,1047897
2023-11-30,919.6531372070312,926.9360785819204,911.0993610172236,911.0993610172236,2982505
2023-12-01,921.7059936523438,931.5306640466182,918.6755368970589,924.6876432876084,1129388
2023-12-04,925.4208374023438,935.0499214566889,920.8262257504566,932.605985436154,1112904
2023-12-05,928.7445068359375,932.7525975033695,922.976853923882,925.4696566033706,792716
2023-12-06,930.3575439453125,941.4041224415114,927.6203476305807,932.6059530728991,982484
2023-12-07,935.44091796875,938.0314541924956,928.7444978815219,930.6507797944233,933106
2023-12-08,925.3718872070312,940.2798965498079,922.6346908675403,938.4714078075741,649090
2023-12-11,929.1356201171875,931.6284229567704,922.8791199579452,928.5979661190669,476174
2023-12-12,927.4736938476562,940.377687608383,922.4391619196288,931.6772517521038,732063
2023-12-13,935.8319091796875,938.1781114758644,925.2741181796973,926.7404796982072,899820
2023-12-14,929.1356201171875,939.2534915051917,922.9279867457003,939.2534915051917,1980762
2023-12-15,933.290283203125,938.4225487568766,927.6203636674995,938.4225487568766,1155502
2023-12-18,928.4024047851562,936.7117870524417,924.1010536272935,934.5611114735102,999922
2023-12-19,944.4835205078125,956.067753159595,927.864755882339,931.6283934162516,3897491
2023-12-20,954.4058227539062,987.3500901711142,944.4834789347017,953.1349880364716,4465789
2023-12-21,957.3385620117188,961.8354398825782,941.4529786086694,954.1125785462265,1588905
2023-12-22,970.5358276367188,975.9124866996066,957.6807604043844,963.8883338195203,1491449
2023-12-26,984.7595825195312,994.193199677032,970.5358864338348,970.7314132539752,1804990
2023-12-27,1003.7244873046875,1005.9240296435582,987.4478501304822,992.1891216385574,1799498
2023-12-28,1017.6549072265625,1026.4530764533051,1002.3070375308123,1007.6347700516612,2052402
2023-12-29,1062.4278564453125,1069.4663440661902,1024.2046037094253,1030.3144434264395,5017576
2024-01-01,1055.8780517578125,1069.3196993273293,1051.8700207127365,1069.3196993273293,936544
2024-01-02,1073.13232421875,1078.313516400393,1055.2915909762155,1061.9879519157544,2635193
2024-01-03,1060.6192626953125,1074.4519638673376,1058.4197203675888,1073.327729477717,1100701
2024-01-04,1100.3089599609375,1103.2904904067311,1061.792503113364,1063.6987255404647,2777186
2024-01-05,1097.76708984375,1105.7832712685658,1091.9994965333788,1099.7711650331562,1207155
2024-01-08,1080.1707763671875,1103.68148822051,1070.1018317324445,1099.8201171064502,1722755
2024-01-09,1086.7205810546875,1095.0299632668039,1081.197261953013,1081.197261953013,998355
2024-01-10,1088.9688720703125,1092.6347757906435,1076.3093322892237,1087.0626498688616,933127
2024-01-11,1094.150146484375,1099.7222728276056,1087.1116585421034,1091.9506040858137,1084035
2024-01-12,1133.0087890625,1139.4119494516754,1098.6470232325653,1100.2111184880896,6018282
2024-01-15,1124.99267578125,1164.242192772535,1109.3025588091843,1163.3135448186204,4237485
2024-01-16,1118.0517578125,1136.4791301297876,1116.3899291187392,1126.7033864422328,1449691
2024-01-17,1113.066162109375,1127.0943305568433,1106.516461514694,1108.569343840429,1272932
2024-01-18,1121.082275390625,1124.2104654744765,1097.3271717348694,1109.497924258407,1218211
2024-01-19,1135.648193359375,1139.460757589424,1120.9845765767395,1130.8092475542328,900162
2024-01-23,1119.9581298828125,1139.8517449613298,1112.7240554907664,1132.959797741089,933643
2024-01-24,1133.0087890625,1134.96393796511,1108.5694277798748,1119.9092675484492,1040096
2024-01-25,1111.2576904296875,1137.5544654487096,1106.9563392370724,1133.986295050308,1125321
2024-01-29,1115.4613037109375,1123.42843951082,1109.5469309274947,1111.257686107339,1588430
2024-01-30,1097.71826171875,1121.473246829199,1095.5187194307748,1119.2737045412239,798009
2024-01-31,1092.92822265625,1102.2151798255115,1087.0627760230323,1099.7712437283374,2428738
2024-02-01,1104.31689453125,1109.4491598975046,1083.1523858686098,1092.9281294233806,4728358
2024-02-02,1136.6746826171875,1144.4463516992028,1106.6142685208827,1106.6142685208827,1741322
2024-02-05,1124.9437255859375,1150.6050532388863,1120.5935672978953,1143.6642989593176,1266268
2024-02-06,1137.456787109375,1140.633904038577,1116.4877437769524,1116.4877437769524,1219085
2024-02-07,1140.0472412109375,1148.6499438426295,1127.1922330503548,1141.855849354729,864874
2024-02-08,1112.3819580078125,1136.8213185434756,1099.771224104847,1133.9863288547758,2477973
2024-02-09,1103.9259033203125,1123.6240515631464,1094.7366799928589,1116.389977057159,917196
2024-02-12,1097.033935546875,1108.9604147352413,1050.8924719533056,1104.7079899943647,898953
2024-02-13,1112.2841796875,1115.705690024853,1093.1236263320745,1097.8160310992828,886148
2024-02-14,1110.1334228515625,1114.2881138946693,1094.8832866540147,1109.5958285515512,1206706
2024-02-15,1106.0277099609375,1121.033453269157,1101.9707522979354,1114.4837524634524,1278358
2024-02-16,1121.7176513671875,1123.6239929683934,1107.0052288525667,1109.5468983213668,1213292
2024-02-19,1129.0985107421875,1138.1410745728067,1118.8339788263495,1124.2106384013123,961914
2024-02-20,1128.511962890625,1133.00878146993,1113.2618254190256,1128.6096964685369,1056193
2024-02-21,1134.7193603515625,1145.6193375826883,1124.25936315187,1129.098308168042,1445959
2024-02-22,1133.4974365234375,1138.6297017599602,1116.8297464507518,1134.9637980195869,1689403
2024-02-23,1134.279541015625,1139.4606133566454,1129.2938164743662,1132.031072327104,1280859
2024-02-26,1150.70263671875,1156.2748815962593,1123.6726845834085,1133.0085664925437,1292210
2024-02-27,1157.05712890625,1163.02030935864,1148.601085800513,1155.493033607187,1584564
2024-02-28,1141.7579345703125,1177.9771126123894,1137.0167227554052,1163.0691035108634,2170054
2024-02-29,1163.3623046875,1172.1115466478748,1124.7969282377317,1140.7802436436434,2722341
2024-03-01,1174.06689453125,1186.4332349805113,1167.4682671056996,1176.9996178314946,1804771
2024-03-04,1176.2664794921875,1186.775405030971,1163.313617781594,1179.883457293338,790960
2024-03-05,1173.67578125,1184.7224195193705,1169.1789629513646,1179.7856211483663,867925
2024-03-06,1192.689697265625,1195.5734940193004,1165.268687547838,1176.8041132281649,1367260
2024-03-07,1233.259033203125,1240.4441811832626,1189.4636523091613,1200.4613643194166,3522952
2024-03-11,1193.2762451171875,1240.5419446745934,1181.8874792053455,1234.6764981276685,2609165
2024-03-12,1187.9483642578125,1200.3147042959397,1182.0341107319691,1199.9236506690115,1089396
2024-03-13,1152.51123046875,1190.0990357694914,1144.4462420933605,1188.2416206407192,2050756
2024-03-14,1171.4761962890625,1178.0260160216312,1134.035170353001,1134.035170353001,2211062
2024-03-15,1184.966796875,1192.4940717934996,1149.5297259501508,1173.0892444087992,2843465
2024-03-18,1160.3319091796875,1190.3435154499384,1157.7414324349627,1185.8466969880133,803158
2024-03-19,1120.544677734375,1158.3279528937917,1114.2881775864598,1158.3279528937917,2152306
2024-03-20,1098.842529296875,1127.534313476126,1086.769390240651,1117.465249631524,2070193
2024-03-21,1108.5203857421875,1113.4082574890692,1096.3496328255746,1108.5693121927789,1901034
2024-03-22,1097.571533203125,1114.4346896918837,1093.9056296186122,1108.5203175090835,1696377
2024-03-26,1087.600341796875,1095.958530512906,1080.5617351944898,1080.5617351944898,2407110
2024-03-27,1066.58251953125,1091.9505256390719,1059.7883063441088,1090.3375041294455,1962948
2024-03-28,1071.616943359375,1084.1299426396454,1069.1242003930247,1079.1443373741395,6721940
2024-04-01,1062.525634765625,1079.6331866938,1058.8108043280963,1075.3318354852966,2229535
2024-04-02,1105.783203125,1107.9827453195203,1060.7658584773667,1067.3156779451742,5107047
2024-04-03,1094.3946533203125,1103.6816110751522,1087.8449519000292,1103.6816110751522,1133287
2024-04-04,1092.879150390625,1107.4939579015272,1083.6900473575029,1107.3962243372432,2403608
2024-04-05,1090.533203125,1099.6735001789818,1086.0851917353516,1090.9730638853757,627856
2024-04-08,1111.84423828125,1114.8746951045875,1091.9506227802408,1094.8833460285316,1833218
2024-04-09,1100.357666015625,1115.4123348930123,1096.3496350416417,1115.4123348930123,1184800
2024-04-10,1119.615966796875,1125.6768801204141,1093.6123932488197,1104.6590312948917,1374918
2024-04-12,1123.6728515625,1130.7114588748577,1109.0092354944375,1118.6872459659214,2006949
2024-04-15,1105.29443359375,1111.2086866558552,1086.0850742554348,1099.7711147951072,1990224
2024-04-16,1110.182373046875,1113.3594897948483,1088.9689373145661,1091.9505869188654,1051408
2024-04-18,1109.1070556640625,1133.0087014163835,1102.2640350342829,1117.3675114054586,2573549
2024-04-19,1112.577392578125,1124.797072488114,1079.2910561030017,1079.7309168466365,2160942
2024-04-22,1144.690673828125,1151.3871538049796,1115.3634423948124,1115.3634423948124,2299311
2024-04-23,1147.0367431640625,1153.4399023507547,1126.165556414775,1146.6946160369193,1930671
2024-04-24,1085.254150390625,1112.1862511872307,1079.242044482788,1081.1971931140977,6447489
2024-04-25,1081.4415283203125,1090.9728773834745,1053.2385347025408,1090.9728773834745,6233672
2024-04-26,1077.9224853515625,1086.8673153874345,1059.7396245460898,1086.8673153874345,3426210
2024-04-29,1073.865478515625,1085.4986377434402,1064.480788141177,1084.0322761432822,2254895
2024-04-30,1083.4945068359375,1089.26221936686,1071.0793603254351,1075.234051312475,2504796
2024-05-02,1066.6802978515625,1089.0178483428408,1056.85562769847,1089.0178483428408,3423995
2024-05-03,1069.759765625,1089.8977753767974,1065.3606806112803,1070.4440200051179,2935813
2024-05-06,1073.523193359375,1084.765297306165,1065.6048657503688,1080.219553148078,1076304
2024-05-07,1074.7452392578125,1096.3985344732146,1065.6537502811595,1070.492814800786,2614541
2024-05-08,1090.0443115234375,1092.7814480656432,1070.5905583627398,1077.6779723015584,1071294
2024-05-09,1060.7171630859375,1089.7021489248898,1053.8252157507316,1089.0178945698656,1743688
2024-05-10,1066.4847412109375,1069.417464403414,1043.7073293490578,1063.552018018461,1080599
2024-05-13,1072.3502197265625,1076.3094438881603,1051.919009673049,1061.7435610625294,933422
2024-05-14,1061.1080322265625,1073.7676916796509,1057.9309155838162,1071.4214893692154,1194960
2024-05-15,1044.9293212890625,1066.3870320725646,1032.3185874058934,1061.6458200026518,1920081
2024-05-16,1075.08740234375,1077.8246582847044,1034.1270127957125,1046.982139495482,2665288
2024-05-17,1070.639404296875,1076.5048505278648,1064.725150946979,1068.488788411969,1069069
2024-05-21,1069.4173583984375,1072.985528462155,1064.5294868954823,1064.578413343632,906092
2024-05-22,1095.2254638671875,1096.838485506554,1069.4174756357647,1075.3318485358373,2032291
2024-05-23,1092.879150390625,1105.8320099774935,1079.242036520967,1102.1661063208326,2087340
2024-05-24,1081.0230712890625,1093.5730773522862,1078.8083643367288,1093.5730773522862,1424791
2024-05-27,1070.83544921875,1092.5887691499972,1069.6050564606983,1081.7613128791413,1881215
2024-05-28,1078.365478515625,1080.7277364901256,1063.0593445207253,1071.9181723917313,981637
2024-05-29,1054.495849609375,1072.9024770712242,1051.2475646899702,1067.9809060754847,1526469
2024-05-30,1050.4600830078125,1057.596361072147,1035.498554990322,1054.200525089957,2743237
2024-05-31,1043.6190185546875,1054.0035803124915,1031.85651318919,1052.9207386842625,4787041
2024-06-03,1052.379638671875,1065.9139600498954,1046.6705677738346,1059.5159172166493,1323788
2024-06-04,1069.9495849609375,1075.4617207051558,1012.7609513230218,1052.37959970819,3223165
2024-06-05,1124.4805908203125,1141.8044970898775,1076.0031154050741,1091.604471786788,6089603
2024-06-06,1122.0196533203125,1129.9925734046928,1102.0380292649695,1129.9925734046928,2655137
2024-06-07,1117.83642578125,1130.9769960911487,1113.849905278504,1130.9769960911487,1877248
2024-06-10,1115.2772216796875,1125.513992953537,1107.9932727690339,1121.133842946296,1392359
2024-06-11,1117.787109375,1126.8428715240939,1109.026689529069,1115.277180420253,805013
2024-06-12,1107.009033203125,1124.0868612229954,1105.8770477968785,1124.0868612229954,773116
2024-06-13,1097.116455078125,1115.2278582727063,1086.7320135749926,1112.2749160177916,1605436
2024-06-14,1095.000244140625,1107.3041711958053,1092.6871298853587,1097.1165436252236,1107470
2024-06-18,1109.2236328125,1110.6016966450925,1095.0002213395612,1095.0002213395612,1161864
2024-06-19,1088.2576904296875,1113.160886263119,1085.698497693792,1111.9796372004123,1201455
2024-06-20,1085.9447021484375,1090.9646808193056,1078.906831192006,1090.669458636048,1223872
2024-06-21,1067.8824462890625,1087.667136690055,1064.8310964525324,1085.993850695823,1634958
2024-06-24,1084.6649169921875,1086.6828090385761,1060.2539984476853,1063.206940863551,912255
2024-06-25,1077.4302978515625,1090.816946922596,1072.902476568711,1090.7678033059865,932314
2024-06-26,1069.85107421875,1082.5487507914163,1066.1106323846034,1077.873258576501,1003738
2024-06-27,1068.5714111328125,1079.2511955684781,1060.942976513689,1073.000824782626,2272855
2024-06-28,1080.2354736328125,1086.682779125525,1067.980811006517,1068.5713754423268,1129490
2024-07-01,1077.3812255859375,1080.2356408267335,1070.9339190953403,1073.0009550183665,767705
2024-07-02,1087.6671142578125,1092.5886849105627,1063.059260994061,1078.808287082862,2026189
2024-07-03,1128.3685302734375,1130.5832371667818,1094.6066261704457,1096.5259907491284,4406793
2024-07-04,1117.3934326171875,1136.686087076114,1115.5233317602163,1129.5498091207533,2113837
2024-07-05,1119.5589599609375,1132.8963448588659,1114.9326112728631,1117.5903316227455,1281630
2024-07-08,1132.748779296875,1145.7416780997087,1118.1808817193032,1120.1495100321893,1958676
2024-07-09,1124.2835693359375,1150.1710794341973,1122.1181262772657,1143.182473029718,1545936
2024-07-10,1132.748779296875,1138.6054004654966,1112.2749967806449,1124.2835814270354,1015150
2024-07-11,1113.653076171875,1135.3079879158179,1107.84559853671,1132.5027165619147,1883264
2024-07-12,1134.176025390625,1135.898575223069,1112.3242984355518,1117.196605613677,1092749
2024-07-15,1130.7802734375,1138.851602332172,1121.9214450701797,1134.4221881485119,1201063
2024-07-16,1157.799560546875,1160.506424556655,1124.8250353368257,1130.7801842205583,2152821
2024-07-18,1160.2589111328125,1161.425621435249,1137.508781168547,1142.3699138879779,2591377
2024-07-19,1155.0089111328125,1166.7729804548803,1150.147778092653,1166.6756544603052,1402279
2024-07-22,1171.34228515625,1177.272922277744,1149.4185852529931,1152.092166163694,1719663
2024-07-23,1221.9954833984375,1227.5371768042164,1166.9185895032288,1181.2590323879517,5204189
2024-07-24,1197.057861328125,1222.7733097597215,1183.5923903893079,1222.0927487792594,3367339
2024-07-25,1189.6202392578125,1200.703626664221,1175.279915758972,1197.786971063701,2529080
2024-07-26,1194.6129150390625,1199.829708040571,1186.4923231461646,1196.9752930753768,802492
2024-07-29,1182.5550537109375,1202.8319013390646,1166.4122774850996,1195.9417022315579,1944124
2024-07-30,1176.1571044921875,1192.398289384319,1170.5464412543054,1187.0829684794212,1331004
2024-07-31,1170.30029296875,1174.2868134487928,1148.6946448405206,1174.2868134487928,2994289
2024-08-01,1189.39599609375,1196.9260234798087,1169.3652268865235,1170.3002772801522,1675363
2024-08-02,1174.9266357421875,1200.8632901499748,1171.3338649823525,1181.1770067048933,1262150
2024-08-05,1180.5865478515625,1194.5637622857996,1132.9457136212616,1157.5535701291083,3718458
2024-08-06,1167.0028076171875,1193.0871320425247,1164.295943761728,1181.1769551096095,1304014
2024-08-07,1180.7833251953125,1188.8055101935736,1164.0008396825124,1164.0008396825124,759323
2024-08-08,1159.8175048828125,1176.2555044560895,1155.5849056330117,1173.3025617670783,1298997
2024-08-09,1167.544189453125,1170.251053218172,1161.4906337292775,1170.251053218172,489864
2024-08-12,1152.4351806640625,1165.7725667589418,1147.7596879412586,1157.5535667404913,787584
2024-08-13,1160.3096923828125,1164.1976856296076,1149.28530062848,1154.3052793001486,785371
2024-08-14,1149.236083984375,1168.4793543622748,1140.5248072527638,1168.380946974093,991108
2024-08-16,1169.119140625,1171.9736757129901,1149.678936013471,1149.678936013471,831846
2024-08-19,1158.9315185546875,1181.1769945883268,1153.1733047371767,1179.208366264013,682374
2024-08-20,1152.8287353515625,1164.3944271250527,1148.448585252755,1164.3944271250527,673329
2024-08-21,1159.0792236328125,1162.4750595294247,1148.7439246276822,1153.566968038977,802420
2024-08-22,1186.8861083984375,1190.8725088083152,1162.4750682178444,1165.477274584942,2041300
2024-08-23,1178.0272216796875,1195.9416911307069,1176.1570007653306,1192.9887486834705,852159
2024-08-26,1200.91259765625,1202.6842911375065,1175.3204282456152,1186.0986207621077,1045317
2024-08-27,1190.62646484375,1201.4047777217825,1189.051586111797,1200.8633568347618,483025
2024-08-28,1182.3089599609375,1196.2861727655622,1177.8302825364617,1191.020116117966,779730
2024-08-29,1179.6512451171875,1189.9374000789849,1166.6583463981694,1182.3089654157611,1062444
2024-08-30,1181.32470703125,1188.5593923448494,1176.2554648878634,1176.2554648878634,2550399
2024-09-02,1180.8817138671875,1207.753539957806,1178.420928333451,1181.1770561934534,1852516
2024-09-03,1180.192626953125,1199.2390810967834,1177.535026897929,1190.0357681287142,1884428
2024-09-04,1176.206298828125,1180.1435559414447,1156.5692770376636,1177.2891406587291,1633635
2024-09-05,1170.005126953125,1187.919597776349,1167.0521842797004,1180.684912257568,1062421
2024-09-06,1155.437255859375,1173.0565049277889,1150.4172772262245,1169.365326498186,989655
2024-09-09,1173.351806640625,1177.1905359500695,1151.5492227735097,1155.4372158558622,1969830
2024-09-10,1185.261962890625,1193.9238557202448,1177.4858567127824,1181.1770349469919,1815998
2024-09-11,1185.508056640625,1199.8790200523085,1182.4074428530234,1190.9217847868822,1837013
2024-09-12,1203.5701904296875,1206.7199478136984,1180.5372140730385,1191.020184354874,2635403
2024-09-13,1191.3154296875,1207.7534274594955,1189.10072291343,1206.7691133376866,1569211
2024-09-16,1199.3868408203125,1204.554490319128,1188.067227632431,1200.8633121056882,984584
2024-09-17,1201.109375,1214.939037255004,1193.1364541939843,1203.8162389879124,1450593
2024-09-18,1182.013671875,1204.2100049375767,1175.2711436997902,1201.109391205753,930896
2024-09-19,1196.187744140625,1206.3753713350732,1185.1634739684216,1188.0671525840235,2737652
2024-09-20,1197.7626953125,1211.6415013284354,1194.3175956554323,1200.8633090349688,3533125
2024-09-23,1192.5457763671875,1214.2990935894682,1191.2661199959537,1202.8318104813513,2818001
2024-09-24,1192.644287109375,1208.6393923584337,1191.0694084698061,1196.9260297141693,3393528
2024-09-25,1170.9400634765625,1196.9259805054855,1163.5085638981584,1194.8589448663115,2448744
2024-09-26,1194.416015625,1197.9103790904799,1172.465881100644,1176.2554667322295,2323705
2024-09-27,1182.7027587890625,1196.6307084028724,1180.1927095514034,1194.908158576588,2177204
2024-09-30,1178.1748046875,1194.612923517045,1176.2061763358568,1176.2061763358568,1223096
2024-10-01,1177.48583984375,1186.5414822530597,1172.9087548677949,1178.1748117087154,892381
2024-10-03,1134.6680908203125,1171.3337914345452,1132.1088981642508,1167.3965349927482,1912206
2024-10-04,1112.668701171875,1136.6367258742946,1107.5501956734497,1131.9612338215534,1773781
2024-10-07,1093.966796875,1124.7266148085716,1089.586526707936,1112.6687661786116,1542124
2024-10-08,1101.496826171875,1106.7628829797707,1088.1100572604448,1093.9667986980803,1738272
2024-10-09,1100.2664794921875,1114.2436933071442,1092.588780539691,1109.322122223632,1322027
2024-10-10,1096.673583984375,1111.2906244107533,1093.9667201959521,1100.266354498297,1176370
2024-10-11,1095.64013671875,1104.7450432742583,1084.369786936582,1100.4633004387226,569469
2024-10-14,1096.0831298828125,1120.149564107438,1088.2577598679984,1102.431908436143,513799
2024-10-15,1097.7564697265625,1101.4476481721797,1088.7499702881469,1098.494705415686,768815
2024-10-16,1096.4766845703125,1102.431833159863,1084.8125860809332,1097.7070772412499,738403
2024-10-17,1073.0501708984375,1099.4789836727111,1070.5893853485882,1095.5417267929522,975432
2024-10-18,1076.1014404296875,1080.9246037776072,1055.2340285905898,1073.050090607301,953926
2024-10-21,1001.0966796875,1042.8315629940764,970.8782237062775,1030.5769000669552,11484692
2024-10-22,982.5916137695312,1007.7900323254511,978.9004356561973,1007.2486715510491,2742491
2024-10-23,998.6359252929688,1000.8506321668972,979.3925953594992,984.3141661904514,1936612
2024-10-24,980.8198852539062,1006.067508145037,979.294210277118,1001.9826403089763,2014701
2024-10-25,957.786865234375,987.8084466085313,955.2768761842203,981.2627936014824,2258366
2024-10-28,960.5922241210938,967.9253166374934,948.8788614476346,957.7868926852976,2364081
2024-10-29,976.4888305664062,979.6878515213898,958.525097511499,966.5964854750108,1256095
2024-10-30,1006.6581420898438,1010.8906811247633,972.6500985719407,975.7014485539646,2048134
2024-10-31,986.8241577148438,1011.7765579355271,981.4596334804174,1008.922022815478,1381633
2024-11-01,988.349853515625,996.1259596427586,984.3141893703149,986.8241785376551,212772
2024-11-04,978.9989013671875,985.2493327248093,960.739884560966,982.3455937537702,1427199
2024-11-05,985.0524291992188,997.208685458503,969.6478880389897,969.6478880389897,1163041
2024-11-06,991.2536010742188,994.7971682336594,982.247162209237,986.2828263899037,683591
2024-11-07,969.4017944335938,994.157320048077,968.1221980174026,991.6965346024134,1144864
2024-11-08,977.3748168945312,981.6565597209918,960.1001143467884,973.4867637094598,973252
2024-11-11,960.6414794921875,982.2963924328975,957.9838190702732,977.6208998661533,1108758
2024-11-12,952.3731689453125,970.8782634380159,950.4045405933703,960.6414320545778,968082
2024-11-13,937.8053588867188,954.7355752295903,935.0984948227581,949.8632078989069,948691
2024-11-14,910.4906005859375,940.2661040105047,907.5376580975507,935.0984546558277,1950720
2024-11-18,916.150390625,927.7160818308488,901.6317569836153,915.2152801715267,2193819
2024-11-19,902.7637939453125,925.7475065194449,900.6966980754804,920.3337784111441,1844903
2024-11-21,897.3992309570312,907.5376547812244,886.3749003584519,902.763755140218,1550618
2024-11-22,930.373779296875,933.6220040904919,898.5311793784919,901.8778716372306,1427895
2024-11-25,940.7090454101562,947.6484481538702,931.751750596214,935.0984427381736,2468847
2024-11-26,948.4359130859375,952.2747624067509,937.0178926656133,944.9416097736824,638057
2024-11-27,944.9907836914062,949.9615581123093,937.7560987506408,948.8788365830001,786040
2024-11-28,926.288818359375,957.442385221752,923.5819544482852,944.941583507711,1834887
2024-11-29,943.6128540039062,949.2726607867191,926.7318410466684,927.0271232980433,1482253
2024-12-02,941.9887084960938,947.7469226517164,932.4408485469843,943.612850990127,916920
2024-12-03,940.0200805664062,944.695573113726,933.7697092974139,943.0222269233413,1346981
2024-12-04,946.122802734375,948.7311992672021,934.7539859600804,941.0043569779368,1236061
2024-12-05,951.2904663085938,955.7198801885862,931.4073075428514,949.8631987094865,2043341
2024-12-06,959.1649780273438,961.0844027205345,948.9772900763024,954.7847678500035,1893714
2024-12-09,919.3002319335938,958.7220024628416,916.8886501993192,958.7220024628416,3679131
2024-12-10,912.213134765625,923.8772333641081,910.6874598549452,923.7788259806194,1990270
2024-12-11,920.3829345703125,928.1590403917286,914.8215956656763,916.7902239670204,1356603
2024-12-12,906.7994384765625,923.7296543909462,901.6317890306988,922.3023868141537,1913140
2024-12-13,915.116943359375,916.3965398312326,893.1667482447077,904.83084773347,1278151
2024-12-16,905.9135131835938,919.9892537347207,902.6160847784876,915.1168866268513,848667
2024-12-17,890.7059326171875,907.5376811983259,885.882769065611,905.9135387572643,1597108
2024-12-18,895.0860595703125,902.5176795588383,890.2629562210899,890.8043169948701,1154541
2024-12-19,892.8713989257812,903.6004478827307,886.9655136455019,893.7573057489318,2589001
2024-12-20,875.498291015625,902.1239785300633,869.0510449194807,892.7729934825612,2441036
2024-12-23,888.5896606445312,891.7886818542734,876.0396543601582,880.9120217567046,1054695
2024-12-24,893.0682373046875,898.629636414225,882.7329384863666,890.7551230288377,1038280
2024-12-26,886.81787109375,897.0547025030105,884.5046967277211,893.7572740362973,595956
2024-12-27,893.7080688476562,897.103964773195,884.8984449496778,887.8513874800994,870974
2024-12-30,889.3278198242188,897.6944899609158,884.6031239978726,893.7080297348665,1830048
2024-12-31,900.3522338867188,902.7638157542295,879.0910105738291,884.8984885341387,1120133
2025-01-01,905.8643188476562,908.0298220377174,896.7102090800656,898.6788374205269,641424
2025-01-02,915.0677490234375,916.6426277621748,898.7280967396172,906.5534068928462,1705632
2025-01-03,924.7139282226562,927.1255098743877,911.4748910615543,918.0698077964516,1832664
2025-01-06,932.047119140625,940.0200399509862,914.5262787107364,920.3337563918033,2692614
2025-01-07,940.0200805664062,956.7534223147087,934.8524309088422,937.0671379049411,2413582
2025-01-08,946.5164794921875,948.7311863691918,930.6198417327952,940.0200300174156,1235226
2025-01-09,954.8831787109375,967.3839810314334,939.5279012651096,942.4316401625202,2130681
2025-01-10,957.5408325195312,964.6279067068089,943.9573087059487,950.060068702709,1443387
2025-01-13,950.30615234375,953.8496594174959,930.1769150242322,930.373789878945,1876479
2025-01-14,948.042236328125,961.6749638313715,943.5635587004709,950.5522254975965,1558290
2025-01-15,940.5614013671875,948.0422251713804,929.7831490957171,948.0422251713804,3190709
2025-01-16,922.991455078125,944.9416501440415,911.5241703968306,944.9416501440415,2019985
2025-01-17,939.4786987304688,944.3018022562334,920.678261493325,927.2239749441558,677451
2025-01-20,945.2368774414062,953.4066729677589,929.6355220099574,944.9415952084573,702848
2025-01-21,956.851806640625,962.6592844326254,942.87459310883,945.9751467819659,2281022
2025-01-22,952.2255859375,966.3012670532889,943.1206795413515,961.5765708848958,1759236
2025-01-23,968.466796875,977.9161894708868,946.0736480974834,952.1763482735333,1235360
2025-01-24,976.7841796875,988.2514642348798,970.9275582156558,973.2406725719496,2201712
2025-01-27,950.650634765625,982.7393134764687,944.9416244666928,973.5359397331777,1806238
2025-01-28,946.1719970703125,963.8896521519933,942.972976013898,955.7198565465499,1647098
2025-01-29,945.4337768554688,951.4873331381762,923.2867076423005,946.1720124959077,1479070
2025-01-30,951.5364990234375,959.7062944374541,938.0513831783525,950.7982634123317,1706978
2025-01-31,1008.5775756835938,1015.0247616426019,952.717744466809,954.7847802692731,5028986
2025-02-01,1053.0684814453125,1058.1377234071613,998.8327951882948,1009.9063295030209,3077657
2025-02-03,1020.0448608398438,1057.5963517147982,1017.4364041600227,1050.6077448757715,1298543
2025-02-04,1017.9777221679688,1027.427234840664,1003.0653977244104,1023.6867927280933,2251233
2025-02-05,999.3742065429688,1019.0112870705318,994.6987140401095,1018.8636159077539,1628436
2025-02-06,1007.2978515625,1010.2016503700448,994.304952971237,1004.3941729104899,1172479
2025-02-07,1005.181640625,1015.7138142407507,996.667299038593,1015.7138142407507,941811
2025-02-10,1011.3828125,1020.586125984099,999.8663246632782,1004.0004562043796,1418998
2025-02-11,997.897705078125,1019.2080710585672,993.2714164100357,1013.7451994451739,1204012
2025-02-12,1013.5975341796875,1022.7024404104835,994.2065326780059,1003.016156668222,1082392
2025-02-13,1006.7565307617188,1020.7338041259599,1000.899849378229,1013.5975263246935,1169309
2025-02-14,1006.5104370117188,1021.5704317147774,1002.0318195782733,1011.7765538390713,2032391
2025-02-17,1007.199462890625,1011.3335342949538,989.2849331867162,1005.969070192249,925113
2025-02-18,1010.8413696289062,1011.8256837802195,1002.573166804536,1003.1145275722047,789814
2025-02-19,1009.2173461914062,1016.6488459315729,1005.2800295131148,1007.9376897340218,782204
2025-02-20,993.0745849609375,1014.0896683496454,987.9069355954091,1004.0004481598043,878748
2025-02-21,988.2514038085938,997.7500593603711,975.8982732765398,992.1886603974726,1330146
2025-02-24,986.676513671875,995.2399985903822,974.4709943579015,974.4709943579015,1002365
2025-02-25,989.088134765625,994.1573771057388,977.5717062811731,978.4083493496082,1663313
2025-02-27,992.188720703125,994.305020279384,982.5916571844192,989.2357780819848,1362115
2025-02-28,948.5836181640625,985.7906833638383,942.3331868709089,979.3926409855408,5082193
2025-03-03,938.9373168945312,954.7847511033868,933.5235889243575,948.5835838076507,1323481
2025-03-04,939.5770874023438,942.8253121769832,928.3559418101559,930.2753063966907,1916433
2025-03-05,941.7918090820312,950.7983079909017,933.1298561878249,933.6220132849704,2773457
2025-03-06,943.1206665039062,949.8631946837656,928.2574861673736,948.8788804923836,2421530
2025-03-07,946.9594116210938,952.2255283459479,935.2461093368194,941.9886372020908,945675
2025-03-10,942.283935546875,954.0957054943827,938.0513966645718,944.941595800618,1660207
2025-03-11,944.7939453125,947.3039945434675,915.5105983437315,941.004359735885,2748541
2025-03-12,930.6198120117188,946.6641204149474,928.5527162792032,936.7225716712261,1619168
2025-03-13,931.2596435546875,940.0200639936953,925.4030221082526,935.0984929780215,907521
2025-03-17,925.6983032226562,941.4965341481133,919.9400290946904,931.2596424169103,993027
2025-03-18,925.6983032226562,925.6983032226562,925.6983032226562,925.6983032226562,0
2025-03-19,934.9508056640625,944.7939475253582,930.4229844389746,932.6376913577661,1650477
2025-03-20,950.6998291015625,952.5208463857824,935.344551886235,938.149823275149,2403031
2025-03-21,946.122802734375,956.9010550312139,941.5949214553925,952.816127149208,3155551
2025-03-24,955.2277221679688,960.8383250927596,941.4965271377038,950.1092763404794,1475967
2025-03-25,955.4737548828125,964.5294570543141,943.9572673428466,963.6435502905599,1569597
2025-03-26,944.5971069335938,960.9859016380674,941.9394466881263,959.7063052466256,1399118
2025-03-27,958.279052734375,965.0216408775259,937.5592513731265,947.8945502071609,2585170
2025-03-28,986.1843872070312,999.0788787539301,959.706312103529,960.1984691866589,2313101
2025-04-01,976.685791015625,998.6359862458739,973.7328483368174,987.267168948019,1045548
2025-04-02,1046.0306396484375,1056.316795007572,999.0789009375304,1002.0318435018778,8717812
2025-04-03,1054.200439453125,1058.38377453032,1031.659621711956,1033.4314352186288,1595000
2025-04-04,1070.7861328125,1078.3654239228704,1046.2275426311628,1048.7374716408892,4089261
2025-04-07,1030.92138671875,1060.7952967271315,1003.0161049831519,1003.0161049831519,3200820
2025-04-08,1052.9700927734375,1056.661270943945,1028.3622383033876,1039.43577281491,1444712
2025-04-09,1072.6563720703125,1075.8061293676978,1043.4222891387328,1045.341653717524,2274161
2025-04-11,1080.678466796875,1108.3376687806322,1076.5935392795884,1107.3533546875767,1888677
2025-04-15,1086.09228515625,1093.573048858105,1076.938115262909,1090.915448646768,1023355
2025-04-16,1088.552978515625,1091.5059207920094,1069.7526033870831,1076.9380241663014,679360
2025-04-17,1102.6287841796875,1116.015554218151,1077.331955801435,1086.6829412560842,1541674
2025-04-21,1103.416259765625,1111.782930780797,1085.1080389870638,1102.6287603137432,692767
2025-04-22,1118.869873046875,1130.9769854441322,1100.6600608356334,1104.1051604431657,1231830
2025-04-23,1132.0596923828125,1138.4577344284523,1114.834194567628,1125.0710858717594,1760325
2025-04-24,1143.0841064453125,1150.5648701897246,1081.0723130429744,1132.945622318905,5766752
2025-04-25,1137.57177734375,1146.7259466971936,1112.963924410334,1142.001190871765,1451946
2025-04-28,1137.0797119140625,1144.2652536118633,1127.0397551703943,1128.1224767556068,663435
2025-04-29,1150.5648193359375,1155.6832047886396,1131.862850723745,1137.0796435590887,1439143
2025-04-30,1147.5135498046875,1161.9829205755586,1134.323715408723,1156.273850116613,1477319
2025-05-02,1136.5875244140625,1157.7502790760873,1132.945610046069,1138.8514950680294,825657
2025-05-05,1143.281005859375,1155.1911842999816,1134.914334701558,1137.3751203362099,1359727
2025-05-06,1137.17822265625,1155.0926927084731,1134.5205022712237,1143.2809225231288,1382140
2025-05-07,1128.0240478515625,1144.0684170132376,1118.5746557750133,1122.1181627842768,1792683
2025-05-08,1098.49462890625,1122.118169312836,1090.1279583455841,1118.180912578405,2692162
2025-05-09,1096.2305908203125,1101.0537540545477,1069.3588873533438,1080.776907150052,815694
2025-05-12,1127.63037109375,1136.882948995472,1105.3848932657272,1105.3848932657272,748637
2025-05-13,1101.0538330078125,1132.2566650404667,1098.691454911897,1127.3350940721182,1096797
2025-05-14,1102.82568359375,1111.192354520457,1098.2978621821705,1101.0538699235233,1386813
2025-05-15,1129.2052001953125,1141.0169705745752,1088.1593461895907,1102.8256517749505,2064096
2025-05-16,1149.678955078125,1155.0926830344004,1126.0554149052869,1136.7844634315586,1336653
2025-05-19,1131.2723388671875,1151.35225208098,1125.0711114505198,1149.6789660316772,786128
2025-05-20,1110.798583984375,1137.0797252818236,1109.1252978926059,1130.9770252530323,825451
2025-05-21,1120.93701171875,1135.4063817859267,1106.1722993418198,1110.7985278243766,619421
2025-05-22,1109.0267333984375,1120.937031045611,1098.0024626958007,1120.937031045611,1414277
2025-05-23,1122.90576171875,1133.930033425949,1106.3692340024015,1108.8300196652183,897235
2025-05-26,1128.3194580078125,1135.3080650598522,1119.1652875409056,1119.1652875409056,616370
2025-05-27,1120.5433349609375,1131.7645411289052,1109.5189435752582,1128.6146635234777,901912
2025-05-28,1103.8099365234375,1120.937027147524,1101.447558479505,1120.5432774476124,492483
2025-05-29,1100.488037109375,1108.7183215786372,1088.985272522652,1106.3384350763479,2556089
2025-05-30,1097.0174560546875,1110.4041820811626,1092.3568195511666,1100.4880887282181,2475644
2025-06-02,1110.9991455078125,1115.5605243314214,1089.9769545549955,1090.7702904573898,907133
2025-06-03,1105.2476806640625,1113.77549627354,1100.7854388984697,1106.7350945859268,795876
2025-06-04,1114.965576171875,1116.4529901953044,1100.6863773377404,1100.6863773377404,635699
2025-06-05,1102.5704345703125,1117.6428479177744,1098.9014074338752,1115.0646878775588,1044950
2025-06-06,1106.2393798828125,1114.469786004684,1100.091450257701,1102.5704736623532,503186
2025-06-09,1111.7923583984375,1113.0814989760333,1100.884655513149,1106.2393702296852,467790
2025-06-10,1105.7435302734375,1119.1302561146317,1103.3636436924578,1111.7923229258022,460271
2025-06-11,1095.0341796875,1109.6107877298725,1092.7534299180693,1105.842624035871,862130
2025-06-12,1075.9952392578125,1099.5955892802494,1070.93805598045,1099.5955892802494,941294
2025-06-13,1069.3515625,1071.5330546826865,1057.6505235846978,1057.6505235846978,614108
2025-06-16,1074.3095703125,1075.8961210283067,1064.5917504783363,1064.9884184188031,439929
2025-06-17,1062.6085205078125,1084.8205934307807,1056.5597278797961,1074.3095588736614,664517
2025-06-18,1056.26220703125,1066.773362737575,1050.1142776203576,1057.4522108516571,545933
2025-06-19,1079.16845703125,1082.4406951161232,1052.692415911506,1056.2621852068485,2816398
2025-06-20,1090.968505859375,1093.7450603239513,1073.615343070917,1079.1684520000695,2084108
2025-06-23,1100.0914306640625,1102.6695907497685,1080.854185177381,1080.854185177381,758904
2025-06-24,1098.4056396484375,1107.5285183880335,1095.1334013880914,1102.6696083148433,1134930
2025-06-25,1117.0479736328125,1124.3859073004219,1097.314922636832,1098.405668752515,1564437
2025-06-26,1135.789306640625,1140.3506851721022,1109.7099338569624,1112.5856250113902,2236678
2025-06-27,1114.866455078125,1137.5742126506898,1110.6024863994155,1134.4011111079744,622376
2025-06-30,1089.6795654296875,1117.246233402584,1081.449159206065,1114.5689365108865,1836286
2025-07-01,1086.4071044921875,1091.4642876181144,1076.7885428810334,1089.6794635392282,971874
2025-07-02,1086.6055908203125,1089.0846142333485,1074.9045518923572,1084.8206455445006,1230645
2025-07-03,1080.25927734375,1096.5216953031068,1077.5818594035866,1086.8038750095945,730322
2025-07-04,1080.556640625,1085.8122185028446,1072.9212971872857,1081.8457811749804,573351
2025-07-07,1092.654296875,1098.9013627515817,1075.8960757259106,1075.8960757259106,1152136
2025-07-08,1090.671142578125,1099.298095459645,1084.3248185620564,1098.7031540619648,605639
2025-07-09,1088.6878662109375,1098.1081544876627,1082.440679251108,1090.7702215155286,752158
2025-07-10,1079.763427734375,1094.4391732463034,1071.0372171789118,1088.6879117381645,533377
2025-07-11,1067.7650146484375,1092.5552488198252,1064.988460002816,1074.8054169438985,983485
2025-07-14,1062.806884765625,1074.4086650328363,1061.0219396263358,1067.764931212477,770739
2025-07-15,1072.7230224609375,1075.8961239010232,1058.5429606122968,1062.806929153094,538506
2025-07-16,1072.425537109375,1080.7550800534184,1059.2370840274675,1072.7230683397597,1753658
2025-07-17,1096.5216064453125,1100.3887858576127,1070.9380382248519,1072.4254521668308,1193262
2025-07-18,1086.7047119140625,1099.0006920750411,1084.3248252625726,1096.7199421494333,844437
2025-07-21,1081.1517333984375,1086.6055848772874,1067.9632804947928,1086.6055848772874,805610
2025-07-22,1075.6978759765625,1081.151727425281,1066.2775871105944,1080.7550594743432,961735
2025-07-23,1053.68408203125,1077.879374631454,1042.1814376611392,1075.8961559108811,1508414
2025-07-24,1063.798583984375,1095.2325526962995,1056.559787141609,1074.904560545757,6264546
2025-07-25,1045.5528564453125,1070.7397565448848,1041.1897513732042,1068.954811409823,1180451
2025-07-28,1051.0067138671875,1062.0135528103524,1035.636769825581,1039.2065390711946,1219854
2025-07-29,1052.6925048828125,1067.169977776786,1045.1562977232436,1051.0068173371699,944513
2025-07-30,1064.095947265625,1073.91290383678,1047.1394519405721,1047.1394519405721,1175543
2025-07-31,1064.195068359375,1070.6405289063894,1045.6520225886961,1059.7328264422113,1114320
2025-08-01,1061.418701171875,1080.7550840201297,1058.0472050814276,1058.1463418098976,1040166
2025-08-04,1063.60009765625,1066.57492551901,1051.1058448418692,1061.4186056419817,663828
2025-08-05,1055.667236328125,1063.9967786554216,1050.2133851793787,1063.6001107263014,861402
2025-08-06,1043.96630859375,1058.344643294113,1041.78469552882,1052.0974563507054,598309
2025-08-07,1043.96630859375,1047.6352145471444,1029.9845207724143,1042.1813634539033,600790
2025-08-08,1042.181396484375,1053.0890990165617,1034.2485219155121,1043.173005805483,843741
2025-08-11,1050.21337890625,1053.9815426412988,1028.9929158086704,1039.2065399537375,617689
2025-08-12,1038.0167236328125,1053.9816100760181,1036.2317783712592,1046.9412078484502,651741
2025-08-13,1047.2386474609375,1049.8168076531467,1034.4468621831275,1039.008362191729,501792
2025-08-14,1042.379638671875,1050.5109074887594,1036.6283774095507,1048.3292944201073,767620
2025-08-18,1062.3111572265625,1080.854203865275,1050.114313663602,1052.0975323862906,1099268
2025-08-19,1076.689453125,1083.7298551208135,1060.030368052431,1067.6657114338234,667231
2025-08-20,1096.02587890625,1097.612429680101,1069.8473674764828,1076.8877697546159,871108
2025-08-21,1078.9700927734375,1094.7367054028539,1077.3835420472833,1094.7367054028539,614098
2025-08-22,1075.003662109375,1082.5398688899434,1070.938088021469,1078.0776268565205,394813
2025-08-25,1072.524658203125,1082.143341610534,1070.045634806277,1075.8961542320512,444715
2025-08-26,1070.8389892578125,1082.639165040392,1061.121168955437,1065.0876064590898,1201357
2025-08-28,1053.48583984375,1076.0944613016395,1051.1059530992175,1072.4255549781167,641975
2025-08-29,1056.4605712890625,1068.4590195969022,1046.346083812344,1056.0639033602793,1079893
2025-09-01,1066.674072265625,1067.9632127700281,1048.1310268318662,1050.2133821461618,807324
2025-09-02,1091.5635986328125,1096.3232507880878,1065.0875569002305,1067.963248165785,1649975
2025-09-03,1095.1334228515625,1097.3149150678814,1077.3835907505545,1093.6460087824175,1244093
2025-09-04,1062.11279296875,1116.5521726658453,1058.2454921401786,1116.5521726658453,2407789
2025-09-05,1063.40185546875,1068.459038774853,1052.2957584937565,1064.9884061663035,1130356
2025-09-08,1065.1866455078125,1072.2271682680196,1059.732794440419,1063.4018214224805,600835
2025-09-09,1074.40869140625,1076.8877146905284,1059.1378837658833,1065.1866763703108,779147
2025-09-10,1091.7618408203125,1093.745059423074,1072.6237328852392,1074.4086780461475,1200433
2025-09-11,1096.02587890625,1098.5049023172874,1085.118175897686,1089.77869149201,1030547
2025-09-12,1094.6375732421875,1099.9922878805855,1086.010499367529,1095.728319305587,1131972
2025-09-15,1093.348388671875,1098.6039663740542,1081.4490770860116,1094.6375291787663,1491729
2025-09-16,1082.9365234375,1096.1249759248751,1077.8793400714,1093.745089327281,641025
2025-09-17,1126.7657470703125,1129.2447704326548,1093.8442441907673,1093.8442441907673,3361334
2025-09-18,1119.824462890625,1134.7977395390506,1113.5772757037826,1126.7657281888678,1030976
2025-09-19,1117.345458984375,1123.0967205609286,1105.0494788903402,1119.0311464533852,1438338
2025-09-22,1120.61767578125,1127.261530897105,1110.503309068356,1110.6024457918038,701996
2025-09-23,1119.0311279296875,1125.0799206282034,1109.0158979146286,1121.5101512525268,1082761
2025-09-24,1130.5338134765625,1137.475079035549,1109.0159386621306,1115.5605362656763,1100753
2025-09-25,1124.6832275390625,1136.880070433131,1118.138630322318,1135.3926564726867,1023970
2025-09-26,1109.61083984375,1127.3606710531437,1107.8258946320113,1116.5521051510837,565909
2025-09-29,1113.6763916015625,1120.9151879813594,1093.7450686842524,1109.6108176406876,1372491
2025-09-30,1119.824462890625,1123.691642434226,1104.652791748899,1113.5772757037826,1377509
2025-10-01,1135.1944580078125,1140.1525048701,1112.6848526253868,1119.6261182325895,789835
2025-10-03,1127.95556640625,1140.3506825206043,1119.6260241681928,1136.3842453640111,1567152
2025-10-06,1132.5169677734375,1142.3339241432552,1122.7992691713816,1123.4933472693647,1472109
2025-10-07,1110.6024169921875,1135.2935127934575,1105.9419016964468,1126.8648337359275,1354474
2025-10-08,1110.80078125,1117.2462422327217,1100.6864139724637,1102.6696327363782,963508
2025-10-09,1108.6192626953125,1114.965586798309,1105.1486299408996,1107.627653336909,852898
2025-10-10,1117.0479736328125,1121.9068838347475,1099.0998679505446,1106.6360750769807,982270
2025-10-13,1107.627685546875,1122.8984943195817,1103.1654433042959,1110.6025137085944,832628
2025-10-14,1109.51171875,1115.0647068648811,1101.3804495049396,1105.6444181007937,1033610
2025-10-15,1104.85107421875,1112.6848121856663,1102.8678555459137,1109.5117107275526,1299596
2025-10-16,1139.6566162109375,1144.515404941118,1099.6947130269718,1104.8510329653932,2383412
2025-10-17,1156.2164306640625,1163.653500329569,1132.9136123788091,1142.5321740611084,2001759
2025-10-20,1166.529296875,1177.5361367652342,1153.836648413967,1157.109007780878,1751305
2025-10-21,1164.7442626953125,1174.4620822798042,1162.6619073689378,1166.5292078585237,123219
2025-10-23,1151.2584228515625,1181.2049759577874,1148.283594885538,1164.7442854216627,1137414
2025-10-24,1145.6063232421875,1153.539197992114,1134.7977571862002,1153.539197992114,1103267
2025-10-27,1160.083740234375,1170.0989699202437,1146.201210082779,1146.201210082779,874449
2025-10-28,1159.0921630859375,1166.5292330162783,1148.085323798245,1159.4888310247677,842574
2025-10-29,1167.2232666015625,1178.0318320305828,1157.5055682242296,1159.1912555923832,1017034
2025-10-30,1166.7275390625,1174.0654724746794,1157.208113494891,1174.0654724746794,900192
2025-10-31,1155.224853515625,1173.5696258675898,1148.0853148565272,1161.1745094135595,749738
2025-11-03,1187.4521484375,1192.7077261976508,1147.490244835752,1155.026572426774,2595111
2025-11-04,1169.4049072265625,1189.732898073308,1128.5505310435174,1189.732898073308,2886618
2025-11-06,1180.4117431640625,1182.4940984993782,1157.6047291049551,1162.2652444290452,2401724
2025-11-07,1157.4063720703125,1177.833621290702,1146.1021224424844,1175.0570667230584,1351606
2025-11-10,1133.1119384765625,1163.9510856262093,1129.0463644130264,1157.4063671795705,1586398
2025-11-11,1146.4986572265625,1149.2752117648674,1124.4849785516476,1138.3675091510506,1177071
2025-11-12,1152.25,1156.0181637368391,1143.4246530713394,1146.5978754407977,1168588
2025-11-13,1145.1104736328125,1158.1996680381078,1136.9792047055953,1158.1996680381078,1603498
2025-11-14,1148.0853271484375,1153.8365886170477,1137.1776245521082,1139.3591166529498,1832598
2025-11-17,1169.00830078125,1172.8756015013043,1148.283640911374,1156.2165158054079,2105780
2025-11-18,1144.416259765625,1168.8098241412686,1142.2347677414994,1168.8098241412686,1695622
2025-11-19,1152.3492431640625,1156.0182705195932,1139.3591844177731,1144.4163680767324,1935207
2025-11-20,1164.0501708984375,1169.5040219988641,1153.2416054174719,1155.1256872795577,2193836
2025-11-21,1173.1729736328125,1177.040274227439,1152.7458456523993,1164.050216218977,3194549
2025-11-24,1176.0487060546875,1184.675659105634,1161.9679015001147,1178.5277294654268,4765158
2025-11-25,1167.8182373046875,1183.9815174946034,1155.9189255710733,1178.0318616277964,1258048
2025-11-26,1175.3546142578125,1177.0403017390977,1140.3507556865732,1140.3507556865732,713335
2025-11-27,1167.8182373046875,1182.890771461567,1158.4972066168698,1177.0402523166617,1118308
2025-11-28,1162.5628662109375,1172.1814288189662,1155.9190107093534,1167.2233818981128,1020242
2025-12-01,1154.0350341796875,1168.1158388269166,1149.8702021946006,1162.5628505595332,487062
2025-12-02,1152.4483642578125,1163.25693062687,1146.498708023036,1150.2668720568208,708989
2025-12-03,1130.4346923828125,1153.638376067252,1124.088368146187,1150.068606511046,716554
2025-12-04,1138.76416015625,1144.3171481042164,1127.5589264920918,1143.3255387904346,703643
2025-12-05,1153.142578125,1155.5224648584183,1130.5338357266264,1138.764242041262,699541
2025-12-08,1136.18603515625,1161.1745422150402,1132.7154024510812,1153.1425307351478,590111
2025-12-09,1137.078369140625,1141.4414743974169,1122.4026236991292,1131.029576442965,851746
2025-12-10,1130.5338134765625,1146.994504735803,1128.7489892461765,1131.525422842132,342793
2025-12-11,1132.5169677734375,1144.5154162049666,1125.476565887669,1126.5673119185246,616435
2025-12-12,1139.6566162109375,1141.3423036014829,1128.4513827093724,1132.5169566276727,751834
2025-12-15,1147.688720703125,1159.5880332639742,1130.5338300094738,1133.4095214208924,1037323
2025-12-16,1160.083740234375,1166.8266108232306,1143.7221868414224,1147.6886240275928,1181775
2025-12-17,1169.9007568359375,1177.9327683431022,1160.1829368100437,1160.1829368100437,1502200
2025-12-18,1161.6702880859375,1173.6687363358299,1158.1996555564447,1167.025002483509,568209
2025-12-19,1174.0654296875,1176.3461795318367,1159.7862313334401,1161.6703132423195,598033
2025-12-22,1168.9091796875,1178.7260156633072,1164.2485429972842,1174.0655000191575,670307
2025-12-23,1175.6519775390625,1177.337785999164,1161.1745057753283,1168.9091068368325,805182
2025-12-24,1169.3056640625,1179.5192884973364,1161.571183978678,1177.3377964074004,530345
2025-12-26,1165.8350830078125,1169.900778244637,1162.1661767726048,1163.7527275487469,322741
2025-12-29,1185.17138671875,1190.8236323553215,1160.6786854317777,1164.1493179811253,1806020
2025-12-30,1169.107421875,1191.7161634390995,1161.273683812681,1190.6252963189052,2256987
2025-12-31,1181.998291015625,1185.0722556504977,1162.7610462982732,1169.1073700565619,960678
