Price,Close,High,Low,Open,Volume
Ticker,TATASTEEL.NS,TATASTEEL.NS,TATASTEEL.NS,TATASTEEL.NS,TATASTEEL.NS
Date,,,,,
2020-01-01,38.45708084106445,39.17648104711926,38.214538569271255,38.88871908289574,121005300
2020-01-02,39.86299133300781,40.10553045446571,38.80650093112115,38.80650093112115,216749610
2020-01-03,39.7684440612793,39.973986985299625,39.41902171771196,39.710892293460496,129568630
2020-01-06,38.90927505493164,39.46424030698136,38.68728832684455,39.46424030698136,96016080
2020-01-07,39.143592834472656,39.84243748379797,38.93393818514068,39.094261406295736,131957880
2020-01-08,39.073707580566406,39.31213496727309,38.39541536531446,38.77772529490477,133048410
2020-01-09,39.723228454589844,39.95754728663088,39.39024988704113,39.87533136309721,101311520
2020-01-10,39.9739875793457,40.602948434381005,39.46424199837416,39.916435810671636,159276340
2020-01-13,40.7591667175293,40.86193819027328,40.10142991923512,40.376856713468236,109427500
2020-01-14,40.99348449707031,41.601889843740196,40.75916567068566,40.816717443037234,156608220
2020-01-15,41.28124237060547,41.40045764943311,40.21653147125287,40.44262681826836,121179480
2020-01-16,40.64816665649414,41.441562451710524,40.45906754679698,41.273018888510556,104383690
2020-01-17,40.718055725097656,41.01814664682622,40.442625815028045,40.55773249045665,56824600
2020-01-20,40.3398551940918,41.09214308704899,40.216531315199056,40.861936004046854,72918780
2020-01-21,39.147705078125,40.105532681033424,38.92982695310594,40.105532681033424,113158030
2020-01-22,39.057273864746094,39.45191596883101,38.905170946326606,39.35325622689394,76621710
2020-01-23,39.484798431396484,39.61634578222201,38.90105412179298,39.12715260118197,72000200
2020-01-24,39.7437744140625,39.88354207761317,39.17236541526759,39.4889000944672,74811300
2020-01-27,38.021324157714844,39.27924881837014,37.82811333298116,39.27924881837014,129631190
2020-01-28,36.68941116333008,37.98433218459717,36.339988827137006,37.81989722158394,180152830
2020-01-29,37.17860412597656,37.79523288187576,36.96483773424999,37.227932419193436,110818340
2020-01-30,36.878509521484375,37.363590927502486,36.29065665771951,37.153936275525034,146520160
2020-01-31,36.06867218017578,37.347149445118106,35.88368479923889,37.24437798096734,107387270
2020-02-03,35.85079574584961,36.09333802245132,34.25167207845129,34.36677561188828,162371260
2020-02-04,37.15393829345703,37.27726530398576,35.637033627436196,36.33999006024315,133362630
2020-02-05,39.057273864746094,39.43958389313096,36.83329754762833,37.18271994992195,160567650
2020-02-06,39.26691818237305,40.060313981563475,38.773616427330076,39.299805802398865,166660740
2020-02-07,38.72428512573242,39.4395767501541,38.54751808792744,39.11070682147728,116499090
2020-02-10,36.48798751831055,38.087111512898545,36.17556133767454,37.84046058559083,267960480
2020-02-11,36.51264572143555,37.630799755151365,36.3975421832006,36.862068072887695,168243710
2020-02-12,36.82918167114258,37.36770629476905,36.38521131415418,36.99772838366514,117858580
2020-02-13,36.278324127197266,37.13749199768623,36.122112642472715,36.89495286590317,99652210
2020-02-14,35.72747039794922,36.63185795440918,35.62880754222433,36.25776834987482,94848170
2020-02-17,35.91657257080078,36.24955111241519,35.60003470354346,35.80557763270518,97247650
2020-02-18,35.46848678588867,35.77680117468998,34.638094745371724,35.68225318513916,115024230
2020-02-19,35.61648178100586,36.052231827168434,35.20128414784282,35.88368824069171,84651090
2020-02-20,36.467430114746094,36.808632167293474,35.1889527042479,35.271171766730944,129802370
2020-02-24,34.15711975097656,35.752134761901104,33.98446445690822,35.752134761901104,175231420
2020-02-25,34.63809585571289,34.987518213621385,34.07079535487825,34.44899673421343,145581760
2020-02-26,34.227012634277344,34.481883882952616,33.815926737615044,33.815926737615044,142707060
2020-02-27,33.939247131347656,34.194121490124466,33.46650090791633,34.11190557378932,102263790
2020-02-28,31.386404037475586,32.80054036588004,30.831438766937932,32.77998481883429,245328330
2020-03-02,29.93115997314453,32.39356649240895,29.433746467045122,32.36889920850401,202207720
2020-03-03,31.863264083862305,32.14691117850414,30.42857225547907,30.70811074991546,186489330
2020-03-04,31.00820541381836,32.056475573103306,30.017487021926556,31.904372681372234,229371480
2020-03-05,30.893102645874023,31.883817926021692,30.773887371504422,31.56728319750226,146284680
2020-03-06,28.899337768554688,29.458414799818165,28.500583974868913,29.347419859134355,148481880
2020-03-09,26.498594284057617,27.76473949154231,26.288941184464043,27.74829568070451,204221360
2020-03-11,24.644596099853516,26.80690690002668,24.344503628751934,26.638363338722073,286928700
2020-03-12,23.63332748413086,23.99097175387834,21.96842844709061,22.609722972300016,437671340
2020-03-13,26.860347747802734,27.304321215453054,20.99415408885899,22.1986357464827,338414370
2020-03-16,23.810091018676758,26.116282824099173,23.604548099379475,24.994018672916162,236054820
2020-03-17,23.246904373168945,25.294111706479082,23.061915428075366,24.665150861328975,206539390
2020-03-18,23.0906925201416,24.101964950176935,22.66727457668127,23.842980413494995,187721700
2020-03-19,22.35073471069336,23.39078286053004,21.417569748005185,22.112305759966805,187219810
2020-03-20,24.480161666870117,25.07623645358064,22.539837551898145,22.996141520923455,173077660
2020-03-23,22.293184280395508,22.8563714260761,20.846161976608002,22.03419976948102,121004020
2020-03-24,22.354848861694336,23.48533494411747,21.26136056833177,22.77826678347904,129288020
2020-03-25,23.579885482788086,24.254066050923814,21.956096001338377,21.956096001338377,94428290
2020-03-26,23.386676788330078,24.295176258282115,23.029032491538548,23.842982391909757,114938330
2020-03-27,22.794710159301758,24.274618557181622,22.54394754580051,23.925196220177998,111835940
2020-03-30,20.88727378845215,22.260300668102015,20.624177512259518,21.951986263104306,158537210
2020-03-31,22.165748596191406,22.400068976756195,21.351798789734225,21.561453454405857,157868130
2020-04-01,21.898542404174805,22.030089744633102,21.22025015580021,21.86976652146005,119647990
2020-04-03,20.862606048583984,22.108195622183217,20.636509153809286,22.00953590032459,125266950
2020-04-07,22.7083797454834,22.831705168936125,21.47512237462046,21.873874524845345,159566590
2020-04-08,22.589168548583984,24.081410674529472,21.923209887750776,22.28085415047274,204349980
2020-04-09,23.419559478759766,23.81008975008286,22.827594899095732,23.061913689156764,138556280
2020-04-13,23.2304630279541,24.00741667979198,22.515174455248292,23.431895804690193,155103280
2020-04-15,23.444225311279297,24.30750652935873,23.17702045210104,23.629214255736894,209917430
2020-04-16,23.752540588378906,23.999193046311888,22.69193988058823,22.69193988058823,172487980
2020-04-17,24.118406295776367,24.640485518413524,23.47300163060189,24.459608307236653,174923730
2020-04-20,23.5469970703125,24.25406523665242,23.440115438924593,24.237621426233336,119607480
2020-04-21,21.86565589904785,23.103025191499114,21.64367073081916,23.024917876006874,169249100
2020-04-22,22.062976837158203,22.190414015316417,21.310690546410736,21.87798945902179,147898560
2020-04-23,22.223299026489258,22.93858744398285,22.11641583976721,22.198633313822352,154678570
2020-04-24,21.997201919555664,22.51517093990937,21.742329145824144,21.89443046277399,123808460
2020-04-27,22.334293365478516,22.765933163079893,22.239742246839246,22.52750263462948,124106120
2020-04-28,22.49050521850586,22.64260810357475,22.161636870543898,22.51928110094203,85471050
2020-04-29,23.23868179321289,23.526442191872473,22.301406589513462,22.445286004759247,198765690
2020-04-30,24.52538299560547,25.035130165524563,23.73609887618408,23.838870343910916,236333720
2020-05-04,22.494619369506836,23.526444216024355,22.20685894608912,23.431894653846904,128914590
2020-05-05,22.4165096282959,23.218127304000166,22.280852120931286,22.93858881638875,121823300
2020-05-06,22.835819244384766,23.057805985485523,22.367181614173013,22.53572675430475,95077310
2020-05-07,22.679607391357422,23.25512825429099,22.5809476577031,22.646721336195377,89583760
2020-05-08,22.43706703186035,23.349676576346823,22.363071451473864,23.251016847943582,98777550
2020-05-11,22.7083797454834,23.26745510301361,22.609718465820514,22.654938153659007,109074080
2020-05-12,22.523395538330078,22.757714362362346,21.746443483047486,22.469953935325194,150402970
2020-05-13,22.737157821655273,23.678543180539933,22.48639521445044,23.637435224807465,147231160
2020-05-14,22.07942008972168,22.62616500963446,21.976648629723158,22.363070322945134,107969020
2020-05-15,22.482284545898438,22.75771288052656,22.09997458038816,22.198635874267744,149896650
2020-05-18,21.919097900390625,22.708383565980963,21.577897452495005,22.535726689564786,116153670
2020-05-19,22.36307144165039,23.053695812842143,21.993093539880487,22.358959704870667,168970940
2020-05-20,23.283903121948242,23.349676797562918,22.206858595694914,22.363071663342808,144218120
2020-05-21,23.325010299682617,23.534663379532585,22.8974806671701,23.341452540803896,130358110
2020-05-22,22.56450080871582,23.041360305638623,22.469951256620643,22.938588848817606,106567390
2020-05-26,23.057804107666016,23.38256228747618,22.77415545147181,22.815263406919787,121075590
2020-05-27,23.6744327545166,23.875865499016104,22.942700486901877,23.201683427899553,140074620
2020-05-28,24.295175552368164,24.55004993409521,23.793651831258003,23.999194776940197,166019580
2020-05-29,24.2705078125,24.410277057616412,23.666211139766098,24.015633468473133,131279850
2020-06-01,25.914852142333984,26.128616970715708,24.82958575837142,24.82958575837142,243843600
2020-06-02,26.260164260864258,26.593144360402242,25.861410488744845,26.145059157720727,165626630
2020-06-03,26.09572982788086,26.82746371447127,25.902518974656413,26.757576735664696,103869540
2020-06-04,26.30538558959961,26.523259031366223,25.865522264675537,26.054622957246238,112512660
2020-06-05,27.867509841918945,28.253931540304205,26.72469169327907,26.78635519736933,309184760
2020-06-08,27.42764663696289,28.841782872978172,26.91378935775221,28.586908533408742,164816490
2020-06-09,27.312543869018555,28.28270669009887,27.03711397607428,27.62496684531925,149268320
2020-06-10,26.638362884521484,27.25499162595637,26.473927926204986,27.222104007025877,172188830
2020-06-11,25.746309280395508,26.597255364220906,25.56954222532745,26.473931481175338,139066840
2020-06-12,26.112173080444336,26.346490318633148,24.665150716874216,24.665150716874216,175578850
2020-06-15,25.174896240234375,25.898406591527596,24.87891394880317,25.795635136799312,185810020
2020-06-16,25.4009952545166,26.51914927742741,24.772032832545232,25.90663066595016,234418060
2020-06-17,25.33932876586914,25.881961902942386,25.080344269667126,25.257111291246673,114470230
2020-06-18,26.15328025817871,26.243719643258718,25.248891111882667,25.339330496962674,113692780
2020-06-19,26.354711532592773,26.790461487608063,26.08750512879939,26.391707750055204,151342880
2020-06-22,26.77812957763672,26.967228675042612,26.173832931396223,26.288938025260272,110312750
2020-06-23,27.296100616455078,27.419424487616624,26.815130932619265,26.942566540387023,125450560
2020-06-24,26.80690574645996,27.801732670740193,26.700022555880864,27.6742970711155,207826420
2020-06-25,26.56436538696289,26.917899424031596,26.391706968245433,26.473926009619397,113456530
2020-06-26,26.626028060913086,27.12755327969302,26.51914800234452,26.78635442143796,97063330
2020-06-29,26.379377365112305,26.802795274727057,25.659977151520163,26.556144400191243,119611330
2020-06-30,26.860347747802734,27.760626756704312,26.56436857237197,26.56436857237197,365236470
2020-07-01,26.613697052001953,27.098778480476835,26.334158548536156,27.049450185729782,104894330
2020-07-02,27.53453254699707,27.748295816260313,26.683584934085204,26.8891278660575,119713930
2020-07-03,27.123445510864258,27.70718665971747,26.913790851138966,27.70718665971747,106126140
2020-07-06,27.8633975982666,28.093604663922704,27.156329455081657,27.390648257291918,141439660
2020-07-07,27.15633201599121,27.859288488912537,26.971344625977935,27.855179888306974,108393710
2020-07-08,27.476978302001953,28.480028837798365,27.296102650221197,27.361874759140658,215601630
2020-07-09,28.323816299438477,28.652683104686638,27.66607955260595,27.707187511219946,244037810
2020-07-10,27.846956253051758,28.307373561450415,27.559197395512797,28.114162698672974,125261130
2020-07-13,28.126493453979492,28.52935897197627,27.83051113648573,28.2251563173682,121150000
2020-07-14,27.67841148376465,27.87162233822348,27.345429807135865,27.87162233822348,83070350
2020-07-15,27.896282196044922,28.488246742274747,27.789399011567717,28.007273980295164,96874130
2020-07-16,28.08949851989746,28.488252319445234,27.259103298165,27.78940445192413,105860440
2020-07-17,28.85411834716797,29.3350880644849,28.37725723040717,28.447141075897058,244153950
2020-07-20,28.97333335876465,29.16243248169824,28.496472246408068,28.86645015490261,95320490
2020-07-21,29.528295516967773,29.647510782394377,28.734899750486953,29.269309440361866,113681040
2020-07-22,28.780120849609375,29.836611344447157,28.496470613296633,29.639288759113054,178429190
2020-07-23,28.932222366333008,29.302200276150316,28.582800004525215,28.784231202406083,96250490
2020-07-24,28.45536231994629,28.759564963087104,28.16349175018015,28.529357896530385,89188290
2020-07-27,29.01032829284668,29.09665594493814,28.303260129427738,28.85822539935061,118356070
2020-07-28,29.474851608276367,29.598178607006574,29.002105431260926,29.071989266917974,106392570
2020-07-29,30.72866439819336,31.115086064487073,29.281643722239448,29.515962509253843,301158810
2020-07-30,30.14081382751465,31.06164523595605,29.935270906395118,30.99587313209256,103982570
2020-07-31,30.116151809692383,30.45324209870583,29.63107035610364,30.058600038617133,90249550
2020-08-03,30.708112716674805,30.983542628546168,29.76672885022406,29.98871245630511,111369710
2020-08-04,30.6053409576416,31.078090322907535,30.22714271996334,30.79033147605151,111842600
2020-08-05,32.541561126708984,32.71421645080647,30.671119039976723,30.671119039976723,305597410
2020-08-06,33.777252197265625,33.975471082152765,32.51624687160988,32.87472625905488,221228070
2020-08-07,34.080909729003906,34.30443207895327,33.157298570111834,33.39347264286883,151763170
2020-08-10,34.59965133666992,34.713520054465135,33.70555875931797,34.22430189459237,120182110
2020-08-11,35.126827239990234,36.067308375854616,34.793651284003545,34.84426138967261,258851910
2020-08-12,34.96235275268555,35.20274515356079,34.37613263094362,34.89487260342833,115744020
2020-08-13,34.84426498413086,35.56965726776937,34.48578232951424,35.27443966498803,124220440
2020-08-14,35.29974365234375,36.34988175038899,34.50687120870672,34.58278476738914,477423650
2020-08-17,35.85222625732422,36.19805396995811,34.94126356982195,35.25756952226626,181455010
2020-08-18,36.649314880371094,36.843315467200775,35.400961179708126,35.56544000805569,173400200
2020-08-19,36.41313552856445,36.737878071070085,36.17274316095711,36.649312800649504,118436810
2020-08-20,36.489051818847656,36.969839807817635,35.68352769823258,35.848006529605044,158466000
2020-08-21,36.17274856567383,37.28193020349498,35.97874796086659,36.75475359772619,134818760
2020-08-24,36.227577209472656,36.923450976791706,36.10949016389234,36.57340493622815,90928540
2020-08-25,35.7636604309082,36.49327101487087,35.54857148559235,36.438445808964296,105529000
2020-08-26,35.84800720214844,36.07996618286159,35.61183312551721,35.84800720214844,79571570
2020-08-27,36.00404739379883,36.28661322550054,35.67930486800312,35.890175467953064,95491160
2020-08-28,35.78052520751953,36.944531929241855,35.683526524327014,36.24022483164981,152112670
2020-08-31,34.83583068847656,36.28240347418868,34.582786552351365,35.9745341274861,157459100
2020-09-01,36.15587615966797,36.49748551778519,34.74725881351928,34.91173763169647,140728230
2020-09-02,36.999359130859375,37.25661831820841,36.025134711913516,36.27396370813958,117392780
2020-09-03,36.952972412109375,37.421105494122386,36.76740521776025,37.324103583176985,102142880
2020-09-04,35.535919189453125,36.602924054052465,35.34191859749238,36.109487555959014,105290810
2020-09-07,35.63713455200195,36.13478934072329,35.29552517942919,35.7383515480179,96263460
2020-09-08,34.16947555541992,35.911269022886124,33.95860492488933,35.911269022886124,116372720
2020-09-09,35.20696258544922,35.438918353042084,32.60060141183869,33.63808454845232,319997830
2020-09-10,34.414085388183594,35.92391983680607,33.83208362099427,35.763659320005345,229205440
2020-09-11,34.371910095214844,34.806303045401016,33.950168867052696,34.47734540225538,136871250
2020-09-14,34.13151931762695,34.92861001866286,33.92064869369935,34.5827823241268,123310520
2020-09-15,34.18212890625,34.62917359254105,34.038735210990595,34.32973769723004,91323090
2020-09-16,34.12730026245117,34.582781572466146,33.967039750096404,34.28334567911287,99873490
2020-09-17,33.629642486572266,34.371907901705,33.16572780872556,33.90377491090941,148080220
2020-09-18,33.35973358154297,34.215867838869876,33.182603021605786,33.91643192536735,168417030
2020-09-21,31.495635986328125,33.6718191153207,31.293198775020986,33.401904978664724,141383050
2020-09-22,31.558902740478516,31.92581561788295,30.213546942980066,31.5462510161033,220130270
2020-09-23,30.47502326965332,31.88363748372264,30.06593374711512,31.799290521760895,169844110
2020-09-24,29.00736427307129,30.1334127009515,28.910365582050904,30.09545753080367,124957470
2020-09-25,29.699018478393555,29.994239288202678,29.032666521612587,29.35319077714262,122425760
2020-09-28,30.44972038269043,30.782896393724354,29.99845732321526,30.361155096359496,122701960
2020-09-29,31.213069915771484,31.360678705500284,30.50875960312784,30.78711036458526,178916090
2020-09-30,30.344284057617188,31.335378647843633,30.196675251933666,31.29742025916465,129636870
2020-10-01,30.782896041870117,31.234159096187266,30.631068919143722,30.728070832186418,95540970
2020-10-05,32.246337890625,32.51625205248102,31.166681243200934,31.2172881375298,195905330
2020-10-06,31.833030700683594,32.663858253455764,31.47033297129335,32.6259030857344,142863360
2020-10-07,31.301639556884766,31.993295026084176,31.208855956786913,31.71494422579062,96937190
2020-10-08,31.516727447509766,32.30538158626412,31.352245387164018,31.584204379521555,141111310
2020-10-09,31.16668128967285,32.63855745849341,30.9600289630504,31.719161337790894,220065830
2020-10-12,31.301639556884766,31.811946139792212,30.57624401171691,31.50407357743395,157568610
2020-10-13,31.06967544555664,31.736027356977587,30.926284972725156,31.377547957268668,119024640
2020-10-14,31.676984786987305,31.82037526409387,31.170896586148437,31.24259182470172,148921160
2020-10-15,31.537811279296875,32.777731627937115,31.33537727398653,32.13668310331652,316506980
2020-10-16,33.220558166503906,33.39347363033595,31.647465043382265,31.807725566402038,288554790
2020-10-19,33.35973358154297,33.73930136543016,33.047645944849286,33.53686414148015,147289680
2020-10-20,33.0982551574707,33.51577809960626,32.86207786633013,33.06451508478913,109496320
2020-10-21,34.080909729003906,34.41408570600348,33.26273388368269,33.427212715442806,263519520
2020-10-22,34.553260803222656,34.882218463992224,33.747733469814285,33.89956057749722,208883010
2020-10-23,35.71726608276367,35.93235179508267,34.7683483077073,34.8358252318769,285885950
2020-10-26,34.44782257080078,35.70882790274713,34.089343181567486,35.70882790274713,166073190
2020-10-27,34.66712951660156,35.16056922526435,34.0260842313668,34.47312892741696,160621710
2020-10-28,33.93330001831055,35.27443729946512,33.777254600087446,34.70508726506457,169657540
2020-10-29,33.857383728027344,34.161037913187606,33.342858938464694,33.69290491400388,138603960
2020-10-30,34.62917709350586,34.827396011846005,33.33443148007477,33.967043406200006,180209980
2020-11-02,33.97969436645508,34.793655155153594,33.62964833629916,34.58278451784963,131431090
2020-11-03,34.3213005065918,34.768348403167685,34.11464820261527,34.37191061308065,122580340
2020-11-04,34.068260192871094,35.008744666045665,33.85738955219461,34.49000147422405,136143660
2020-11-05,35.89018249511719,36.122141487530826,34.51108991718061,34.75148231948628,265177560
2020-11-06,35.97453308105469,36.51436141378739,35.64979048807504,35.80583592266805,173981930
2020-11-09,36.969844818115234,37.10480190875256,36.05044863263881,36.52279684105403,158308620
2020-11-10,37.27349090576172,38.23084535512883,36.7378809284277,37.11323038743565,262002400
2020-11-11,39.97684860229492,40.263632746054476,37.07948540950196,37.273485974746656,368618330
2020-11-12,39.90937423706055,40.47872751161721,39.33159077069987,39.81237554922692,234936850
2020-11-13,41.039642333984375,41.19568776367597,39.22193847309868,39.71537499133536,234181870
2020-11-14,41.51620864868164,42.131950472275456,41.077597373457905,41.88312146778676,78374000
2020-11-17,44.088829040527344,44.78470272097495,42.31751392505795,42.68021164413658,642845990
2020-11-18,43.624916076660156,44.18161439983105,43.0724328493096,43.69239300371976,174815130
2020-11-19,44.16474151611328,45.185354506516944,43.017604871388755,43.173650282700464,201379980
2020-11-20,44.94918441772461,45.69144672118518,43.945438156186704,44.367179417638134,266860000
2020-11-23,45.80953598022461,46.05414346114376,45.24018271555193,45.37935810103327,170254250
2020-11-24,46.248146057128906,46.42949170193028,45.66614108495585,46.21862108131809,130291260
2020-11-25,45.65349578857422,47.12115693037553,45.50588697689482,46.47589003766713,176809890
2020-11-26,47.94354248046875,48.171283127579734,45.653487505087995,46.054140380898126,225701850
2020-11-27,48.698463439941406,49.12020469676241,47.49228318802292,48.07850327759367,462912480
2020-12-01,49.41120910644531,49.93416738421188,48.6647252511008,49.93416738421188,147391090
2020-12-02,50.97586441040039,51.24999364000126,49.26359280234613,49.4027681826123,249970850
2020-12-03,52.371829986572266,52.6965693421996,51.28373675957129,51.368086942457296,247756520
2020-12-04,52.52366256713867,53.35027513970938,51.84044049395894,52.63331620749288,201535520
2020-12-07,51.836219787597656,53.05505177103548,51.40604190071932,52.59957043821036,155883210
2020-12-08,51.743438720703125,52.41822412580116,50.815605973266535,51.95852445700803,170158530
2020-12-09,51.397605895996094,52.35495709166457,51.2078204080868,52.12721643675161,127307310
2020-12-10,51.46086502075195,51.789825892881844,50.0606842236318,51.11503733042801,198293280
2020-12-11,52.439308166503906,52.75561412020525,51.810914572753795,51.86574299734558,163956980
2020-12-14,52.865264892578125,53.89009625584843,52.74295954431274,52.865264892578125,177227150
2020-12-15,53.59065628051758,53.73826506284524,52.07238854383425,52.58691334305935,132263120
2020-12-16,54.2696647644043,54.77997454418259,53.831056665180476,54.084104007018865,160402560
2020-12-17,53.58644104003906,54.48896703817025,53.261701700297785,54.269659791025475,79651860
2020-12-18,53.244834899902344,54.05457735941607,52.97070243312922,53.83527331657588,253515060
2020-12-21,50.25890350341797,52.945396398241236,49.39433587987114,52.633308777200895,190766540
2020-12-22,50.72282028198242,51.49038925188771,49.34372776781874,50.27155725930673,188468790
2020-12-23,52.41400146484375,52.65017553263213,50.29686182863847,50.524602487275985,122383430
2020-12-24,52.48991394042969,53.72561589282747,52.23265152859862,52.742958038956715,120907400
2020-12-28,53.3629150390625,53.59065567965608,52.85260855866267,52.991783930852655,104805170
2020-12-29,53.32497024536133,53.95336387251253,52.3844857439422,53.801536749255355,104163260
2020-12-30,54.020835876464844,54.31605346828417,52.637525073145014,53.38822399316879,115144280
2020-12-31,54.29074478149414,55.12157548950406,53.69187302868551,53.69187302868551,177130120
2021-01-01,54.24435806274414,54.80105960728337,53.98288054439072,54.40462179864377,84113960
2021-01-04,58.453338623046875,59.035337160111055,54.52692226060502,54.74201441225235,381849550
2021-01-05,57.403202056884766,58.52503533146713,56.94350563674941,57.94724544035291,215452540
2021-01-06,57.67733383178711,58.76121198580161,56.93507151246672,57.694207086351824,196105220
2021-01-07,60.96691131591797,61.70074337445785,58.34368034461276,58.453337183225436,382321940
2021-01-08,60.1529655456543,61.34227270223879,59.30526138777104,61.32118434953182,193293130
2021-01-11,58.67686080932617,60.05595003141642,58.04846404472346,60.05595003141642,170245090
2021-01-12,58.61359786987305,61.11030532945018,58.293076832483436,58.622034496853544,245254840
2021-01-13,59.8155632019043,60.27104453131001,58.45334074482053,59.16607806292802,193538710
2021-01-14,59.57938766479492,60.26260642449594,58.799163785060244,59.887256972711214,115408580
2021-01-15,59.54143142700195,60.85726860996145,58.845560882029545,60.05595630865549,206884370
2021-01-18,56.23497772216797,59.78182324167455,55.627669281817155,59.71856462716338,250452260
2021-01-19,57.44959259033203,57.68998175231422,54.57331422644739,56.68202043976082,312451180
2021-01-20,58.21294021606445,59.001594240000415,57.57611328908914,58.21294021606445,233131500
2021-01-21,56.23497772216797,58.60094643379918,55.80480627297021,58.284640490721536,161178670
2021-01-22,54.57331466674805,57.00254836265115,53.44726952961529,56.5133269727528,237156650
2021-01-25,54.9908447265625,55.82589065126554,53.223747750277205,54.910712854471484,163484730
2021-01-27,52.802001953125,54.92335987518986,52.6164379955411,54.90227152614086,149180840
2021-01-28,52.608001708984375,53.190006683144254,51.6717356354492,52.12721694975772,170917520
2021-01-29,50.69329833984375,53.45992320297754,50.27155707838871,53.14361725688626,268265750
2021-02-01,53.6539192199707,53.98287686102172,50.39385813127828,51.02225487393235,210846940
2021-02-02,54.1220588684082,54.657672092257066,52.64174608468834,54.23593081511083,180489570
2021-02-03,55.09206008911133,56.03254124985427,53.750919603260755,54.39618318386697,148463810
2021-02-04,55.328243255615234,55.96507031434004,53.86480040125525,55.16376440281814,147649950
2021-02-05,57.782772064208984,58.25090515544765,54.94445497269135,55.40837296770675,291008880
2021-02-08,59.2926025390625,59.45708137399558,57.584549139212264,58.537688510846834,214621690
2021-02-09,58.97630310058594,60.431309329447636,58.335260944354246,59.592048243183534,293370280
2021-02-10,58.22138214111328,61.11030590654361,57.36102636828144,59.88725882851631,573979190
2021-02-11,58.596736907958984,59.43178287518802,57.59721209210511,57.99786503770289,163407050
2021-02-12,57.39898681640625,58.866644567532575,57.23028645490503,58.62203386980139,147054790
2021-02-15,56.69467544555664,58.03160092525159,56.513329789634604,57.95568415084023,131716720
2021-02-16,58.97630310058594,59.76917882071558,56.3699449001351,56.694681074646354,336618380
2021-02-17,58.77385711669922,59.33898881126836,57.98941818421506,58.84555235240482,159574830
2021-02-18,58.85399627685547,59.97160808270785,58.537690320263906,59.043778563758174,148561470
2021-02-19,56.57237243652344,58.7063821854064,55.3282370048705,58.7063821854064,223923860
2021-02-22,57.740596771240234,58.866645149951125,56.585023415751714,56.757938874778475,281491090
2021-02-23,61.51517868041992,62.080310408182996,57.54237689715451,58.16655214221729,389070710
2021-02-24,61.38022232055664,62.83944996329985,60.73074358869248,61.9959674134569,216767890
2021-02-25,62.662315368652344,63.514234491058204,61.73870100635373,62.01283024331198,219015960
2021-02-26,60.321651458740234,62.552666311456036,59.98004207029776,61.15248224964245,235515910
2021-03-01,61.607967376708984,62.270097844509415,60.00113411854233,61.06813904943151,140586460
2021-03-02,62.03813552856445,62.396611701475535,60.99643420886588,61.61217278128269,111133990
2021-03-03,65.55123901367188,66.00250523744731,62.50205159594907,62.50205159594907,288428350
2021-03-04,63.93175506591797,64.6866755133383,62.72557482364252,63.345534981033865,228738220
2021-03-05,61.852577209472656,63.767279774924496,61.32117908205569,63.13466785962711,168819600
2021-03-08,62.185752868652344,63.36241468938362,62.00018566858996,62.750884661379445,106145960
2021-03-09,59.613128662109375,63.341319792694286,59.2335576734028,62.83944667218077,195564380
2021-03-10,61.11030960083008,61.57001249211645,59.30104232033353,60.300567106147184,196858600
2021-03-12,60.726524353027344,62.83944567965615,60.22465124044072,62.41770443348396,161214090
2021-03-15,62.11405563354492,62.33336290253615,60.31321855360602,60.89943867945351,155429990
2021-03-16,61.072349548339844,62.42614179602282,60.66326001991052,62.42614179602282,125699980
2021-03-17,59.414913177490234,61.23683214823742,59.09860721966333,61.14827008379215,105409590
2021-03-18,59.452857971191406,60.97534397321057,58.900378024257535,60.41442740033403,143206510
2021-03-19,61.8272705078125,62.14357644881032,57.46224594793818,59.27573463004454,246378140
2021-03-22,62.71292495727539,62.89427704796257,61.15248356037324,61.66700841963313,137603700
2021-03-23,62.51469802856445,63.21478998467451,61.85256767231736,62.9237875188661,118738960
2021-03-24,59.27995300292969,61.82727392566238,58.95521041701358,61.65857355331451,210302830
2021-03-25,60.99644088745117,61.633267877474594,58.06111886735827,59.89569593432395,367224000
2021-03-26,64.68244934082031,65.36145296756088,61.16934417944606,61.60795865530575,429122470
2021-03-30,67.47859954833984,68.32208204269409,65.61450400804824,65.79163455963135,284794680
2021-03-31,68.4781265258789,69.46078443676531,66.64355590070514,66.97251356964004,280445850
2021-04-01,72.7967529296875,73.29018938952024,69.08121377600976,69.24990769150014,368420980
2021-04-05,73.19319915771484,74.0451183303672,70.61213819303975,72.70819283299572,305759860
2021-04-06,72.77989959716797,74.43733982560576,72.38346174352573,73.84690457673108,207789200
2021-04-07,73.79206848144531,74.64820272099517,72.93171271074536,73.34080224612762,171132080
2021-04-08,77.4654312133789,80.43870837059248,74.45419888739185,74.56385573308535,530630560
2021-04-09,75.87125396728516,78.44387835852405,74.70725034704627,77.6847427647764,321790690
2021-04-12,71.82675170898438,75.33985711578062,71.13509631205069,73.93545797222863,221355040
2021-04-13,74.14212036132812,74.36142763486585,71.61167261135284,72.70819610851862,204285020
2021-04-15,75.76160430908203,76.88343767355627,74.18428958380032,75.23864279809686,218563570
2021-04-16,75.09104919433594,77.12806070171024,74.75365482485815,76.23396465730477,173985980
2021-04-19,74.90546417236328,75.82907854570045,72.53949548658234,73.36611117364188,191469960
2021-04-20,75.4073486328125,76.39843686484635,74.39516561265194,75.91343692526189,169152930
2021-04-22,77.7184829711914,79.17348910777027,75.66460498610297,75.90921570201724,319028150
2021-04-23,78.07273864746094,79.70909676736545,76.82016661201004,78.42700619055856,247523860
2021-04-26,79.35062408447266,80.63693635376607,78.4480979477861,78.86562415707657,212348580
2021-04-27,82.47151184082031,82.91434148932215,79.65006153680002,79.9874558611472,249045150
2021-04-28,81.93589782714844,83.16738162954415,81.14302213762542,83.08303465806033,204479680
2021-04-29,86.9925765991211,87.46492477871331,82.91433914820131,82.91433914820131,447186470
2021-04-30,87.21610260009766,88.78498075942791,85.28452666338974,86.37261999552275,281297380
2021-05-03,89.80979919433594,90.1682818361049,85.90869257563277,87.043177584119,264841000
2021-05-04,89.73389434814453,91.65703356388975,89.20249621440459,90.62798380645314,249616280
2021-05-05,90.26527404785156,91.80041185243306,88.3126101130126,91.43349904525128,192498390
2021-05-06,92.8589859008789,95.22917611627264,87.93305115984265,88.98740429125563,464345370
2021-05-07,99.72915649414062,100.54311403886906,95.32196160415602,95.73526623802421,540754330
2021-05-10,102.59700775146484,103.66401272458927,101.21791189995473,102.06139449912102,280808840
2021-05-11,104.07731628417969,105.09792944603365,99.26946809441115,100.37442822822815,411083810
2021-05-12,99.45924377441406,105.16961769839915,98.11810319894317,103.91283052454183,308891920
2021-05-14,95.49066162109375,99.9526852187,94.06517400890208,99.9526852187,376480320
2021-05-17,97.07218933105469,97.6921495254682,93.07829890756578,95.98831759130005,287534300
2021-05-18,99.53093719482422,100.91846310640676,97.59514635909937,99.10919593552413,245738800
2021-05-19,98.20246124267578,100.33647112505015,97.67528463397613,98.9405084948553,174350260
2021-05-20,93.20903778076172,95.77744706137747,92.61860256410363,95.40631267647169,284462530
2021-05-21,93.8880386352539,94.79900131483559,93.27651508623083,93.96395540951623,141049260
2021-05-24,92.1082992553711,93.53800203459947,91.27325326593318,93.4578765915581,189238420
2021-05-25,93.22168731689453,94.97191744531456,92.7830792284205,92.9475580660059,181137520
2021-05-26,91.27745819091797,92.27698935723515,90.46350064467205,91.98177176106464,154327030
2021-05-27,92.5005111694336,93.60547120945557,90.6743707445333,91.27745765637403,227910320
2021-05-28,93.07830047607422,96.4606673895934,92.56799712407347,95.3978775476519,192085810
2021-05-31,94.94661712646484,95.28400500474605,92.69873531524235,93.79525879017882,154286470
2021-06-01,92.8589859008789,94.72308790024658,91.56002850600763,94.47004057460313,176909250
2021-06-02,94.8116455078125,95.29665178664628,93.12046548112657,93.20481244062708,128625910
2021-06-03,94.63873291015625,96.13591561863943,93.87960381651246,95.27556630938813,121094770
2021-06-04,94.52908325195312,95.21230201574977,93.37350991350654,94.13264544842544,97133470
2021-06-07,95.20386505126953,97.0004803267141,94.9381660241348,95.3135154514669,122185920
2021-06-08,93.71934509277344,95.54126402425587,92.78729405894882,95.54126402425587,108343730
2021-06-09,92.86741638183594,95.14482285612566,92.27275971061081,94.21698701367778,111143380
2021-06-10,94.00191497802734,94.95926949910928,93.02769363702058,93.56752196827334,77767640
2021-06-11,97.70479583740234,98.2319724064965,93.88803619010852,95.1279565102597,174458560
2021-06-14,98.24884033203125,99.41705891239897,96.15700098779959,98.51875446335852,160312640
2021-06-15,99.0501480102539,100.10450111159984,97.85240443158746,98.68745028598047,97681020
2021-06-16,96.33836364746094,99.93160138416768,95.45271076411672,98.60311884152053,175211070
2021-06-17,95.18280029296875,97.77418469571396,94.48429215383017,96.49358205444528,162076870
2021-06-18,94.19539642333984,95.71314223657193,90.56917833065384,95.29058852783004,403470770
2021-06-21,95.38976287841797,95.63553815548822,91.72474005092974,92.2723394214682,130014320
2021-06-22,95.92012023925781,97.53272611064178,95.41995082727615,96.08396384856273,90246340
2021-06-23,94.8680419921875,97.23521140395802,94.67401268324645,96.6272537798456,78063360
2021-06-24,95.99341583251953,96.6272497064735,94.72574808461157,95.29059171585466,72394700
2021-06-25,100.4863052368164,100.89592412574605,97.44649082230174,97.87766998523227,180227700
2021-06-28,102.10322570800781,102.53440486506926,100.29227456420405,101.2408673938849,116603350
2021-06-29,101.1158218383789,102.79310849757768,100.51217364969752,102.14633976144542,78037590
2021-06-30,100.60272979736328,102.7068797294236,100.27502940865088,101.84883736887272,80432670
2021-07-01,100.33970642089844,101.48232857688228,99.72742621660196,101.05977483721473,56149280
2021-07-02,97.96390533447266,100.61997057972158,97.46373592219747,100.55098033404114,75734070
2021-07-05,99.76191711425781,100.18878683823247,97.96390086117269,98.82625915498456,76799000
2021-07-06,100.65877532958984,101.58581448720959,99.19276879190686,99.91714663520284,91468350
2021-07-07,105.09129333496094,105.63889270259497,99.90420864002833,100.71913697770604,167456260
2021-07-08,102.59907531738281,106.0700687193794,101.86176267043285,105.63888957824372,124105850
2021-07-09,106.87637329101562,107.28599874496253,102.44816817889266,102.793106233816,178593560
2021-07-12,105.80705261230469,108.52779202844329,105.0654239391525,107.88102329575976,166477750
2021-07-13,105.96227264404297,107.22994035623194,105.47503811512465,106.7599566771411,79155280
2021-07-14,107.33773803710938,107.59644157806031,105.12147748201099,106.23822989507087,83413880
2021-07-15,108.30789184570312,109.15731529836458,106.73408399912135,107.45846839304168,96555510
2021-07-16,110.2481918334961,110.49396709348643,108.57521471843178,109.06244923641668,84969250
2021-07-19,109.20905303955078,111.32182821293087,108.11386090893531,108.57090974878125,89046290
2021-07-20,106.35896301269531,109.71785236627798,105.63889460226596,109.69197608999109,85799400
2021-07-22,109.77821350097656,110.20507664594017,107.62231776513076,107.70855227871026,78940240
2021-07-23,110.50259399414062,111.71852237674143,109.86445068302662,110.32580896048218,86418650
2021-07-26,111.9297866821289,112.81801462061611,110.2136956190535,111.15797236948681,86784330
2021-07-27,114.74971008300781,115.0817132937125,112.80077189015405,113.4001172288714,103413820
2021-07-28,117.71190643310547,118.13876957537082,112.64123548371478,114.866121448069,128351250
2021-07-29,125.78358459472656,127.78424904694074,117.97062035113176,118.57426854108674,300610410
2021-07-30,123.68804168701172,126.99950748009981,123.12751406886984,125.52918503483113,140492650
2021-08-02,121.59683227539062,124.7832392459259,121.20445768285943,124.69701131390748,97689200
2021-08-03,121.35106658935547,122.52819045987046,119.89799489263828,121.93746394412514,86405600
2021-08-04,122.1271743774414,124.8694805272584,121.16995616833684,122.45487473182371,112894350
2021-08-05,124.7487564086914,125.04195507633719,119.65221563339162,122.04957068493033,162217990
2021-08-06,123.21804809570312,125.64558856215933,122.9722860063512,124.95569936246812,96740250
2021-08-09,121.7822494506836,124.45986849165435,121.19583891959414,123.66218437171328,78594930
2021-08-10,118.45353698730469,122.28240995672722,117.90162819990869,121.76498971168071,84516230
2021-08-11,122.9895248413086,123.29135548102762,119.36762295739105,119.8677923028597,145353570
2021-08-12,123.77859497070312,124.58489783168478,122.15735724474469,123.83465036250058,109431080
2021-08-13,126.04657745361328,127.33581187912714,119.9238422773604,121.16132415895531,289698720
2021-08-16,131.02671813964844,132.32887439514744,126.95638603732824,127.9739624836368,271144880
2021-08-17,129.6728057861328,132.28575022982838,128.6422945202671,131.0267145541524,189709230
2021-08-18,129.39254760742188,130.98359969978674,128.33616660086233,130.16867796092896,123317450
2021-08-20,118.6259994506836,124.78323686495106,117.52218193698329,124.61508384767076,273400690
2021-08-23,117.16432189941406,121.57527643592144,113.03361803625918,120.90263797595179,229257290
2021-08-24,121.13116455078125,122.4548877987693,118.74674419850615,119.17792338089619,176075790
2021-08-25,119.88505554199219,122.9722998605528,119.07012062565083,122.28241058313786,125650100
2021-08-26,118.5785903930664,120.27743741338163,117.71191603133231,119.90230047395072,91578980
2021-08-27,119.36331176757812,120.25155287379181,118.64756599729552,118.91919779374263,73940810
2021-08-30,124.23133850097656,124.61077827028076,120.55769676447865,120.64392470206536,134443870
2021-08-31,125.06350708007812,125.81807059189029,123.48970581572145,124.61077423640819,247521080
2021-09-01,121.69600677490234,125.51626112773627,121.33381784504182,125.14975619536916,88128970
2021-09-02,122.8946762084961,123.4897055389872,121.59251991667679,121.67876100982227,61480460
2021-09-03,124.49435424804688,125.29634110927607,122.14873874123785,123.14476147330262,84523820
2021-09-06,123.9208984375,125.21013318279458,122.72653680031827,124.78325683046596,69586760
2021-09-07,123.20512390136719,125.8180684508372,122.51093179841394,124.52453102402855,63527170
2021-09-08,123.30430603027344,124.40812363720481,122.3341529114713,122.97230281113693,46762240
2021-09-09,124.78324890136719,125.21012522657082,122.45488402001928,122.45488402001928,53130300
2021-09-13,126.2018051147461,126.9391176521118,123.87774357334133,124.78322226685671,56702080
2021-09-14,125.24028778076172,127.28408582705204,124.95570797283413,127.28408582705204,55037670
2021-09-15,125.48176574707031,126.22339449563991,124.55904910371862,125.24030644833091,44174640
2021-09-16,123.89933013916016,126.93051900685839,123.42503044721765,125.90431053480368,56067970
2021-09-17,119.51423645019531,124.20546781791064,117.28073155870862,123.92088799319147,195720300
2021-09-20,108.0621109008789,116.58221467670481,107.56625753563117,116.4183645027785,282384120
2021-09-21,111.4339370727539,111.83924651368555,106.3201522514727,108.48467335856871,255935400
2021-09-22,112.60674285888672,113.65882098586506,110.6491859297001,112.05483410035241,111242470
2021-09-23,113.71917724609375,115.50858112640404,112.6282945954969,114.69364627100961,99462510
2021-09-24,109.70059967041016,114.17623481907432,108.52348242112134,113.83129675897968,132866160
2021-09-27,109.5626220703125,111.13210729696304,108.74769375914664,109.69197054885348,86688770
2021-09-28,110.46378326416016,111.83061374857253,108.91585175391874,109.81701456390951,81007360
2021-09-29,111.72282409667969,112.95168731530677,109.2780456662264,109.51950493939356,94945770
2021-09-30,111.14936065673828,113.52084597952104,110.71386550491157,112.36528901665186,75145680
2021-10-01,111.92117309570312,113.0551763450236,109.08832297347979,109.95068125785512,90374700
2021-10-04,114.18917083740234,114.49962035808595,110.41635319783106,111.92117740988118,96902370
2021-10-05,113.55965423583984,114.92649797449849,112.98187573551964,113.31387895448566,57952160
2021-10-06,110.37322998046875,114.57291700387302,109.79114211241858,113.82266954114998,86316930
2021-10-07,111.17522430419922,112.69297009112692,110.68798978629731,111.67539366954352,46033670
2021-10-08,112.20574951171875,115.90526064993304,111.79180807359896,112.27904259488766,107220150
2021-10-11,113.2448959350586,114.46512711461752,111.93410766171728,112.53775582755107,63496580
2021-10-12,114.61604309082031,115.12483132213367,112.53775646096213,113.24489657244976,60970190
2021-10-13,116.78917694091797,118.70792940028053,113.66312813853524,114.30559401262745,132857180
2021-10-14,118.5785903930664,119.91955132552721,116.7633165727903,118.4880332911981,82273710
2021-10-18,121.68305969238281,122.86449946706688,119.96265915887172,122.28240500459877,109232300
2021-10-19,117.87576293945312,123.01972725067849,117.06946000143827,122.54112469076145,87569240
2021-10-20,115.84059143066406,118.66050674175804,114.40475749966005,118.31555552838105,69757740
2021-10-21,113.37423706054688,117.0953149122735,111.21834149486908,116.9961389791771,83575730
2021-10-22,111.78319549560547,114.23228992835557,109.60573945553585,113.83129647382775,80712890
2021-10-25,111.52880096435547,113.48635799758162,109.2823546889858,112.27904847762402,64185010
2021-10-26,115.87078094482422,116.50461483932504,112.23162776475115,112.36529225229168,77228750
2021-10-27,114.36164855957031,116.56496765889376,113.93908826337234,116.07343027949989,72418040
2021-10-28,112.07208251953125,113.48203350308675,111.33907275303403,113.39148957239226,93076820
2021-10-29,113.48204040527344,115.01272110903457,111.24421958648966,111.26577328035656,79147600
2021-11-01,117.70330047607422,118.39317665589245,114.69366498122025,115.5560233645377,96875330
2021-11-02,113.28370666503906,118.14309111354599,113.0379313831392,118.14309111354599,72161370
2021-11-03,114.35301971435547,114.86612396014822,113.14140734465487,114.24522492588713,57302440
2021-11-04,114.34009552001953,115.12484481124052,114.18487732626316,114.77990671941875,6744340
2021-11-08,115.83627319335938,116.215712941481,112.63261534496915,115.63361847145546,54936670
2021-11-09,115.2067642211914,117.30660468714302,114.59448400611939,115.80179358496088,47565160
2021-11-10,111.98153686523438,114.60741639185476,110.994146054997,114.52118845428332,118804170
2021-11-11,112.07208251953125,114.21934611296969,111.10192950074858,112.52913133347434,136638600
2021-11-12,111.007080078125,115.55601495568698,109.61436665333706,115.55601495568698,232395580
2021-11-15,107.40241241455078,112.0203374060236,107.06178378245242,111.6753993509823,121082150
2021-11-16,105.96659088134766,108.74770180256867,105.526792863236,107.402418312796,123148800
2021-11-17,105.21202087402344,106.70821303452642,104.78515773091875,105.63889059639973,87802040
2021-11-18,102.32744598388672,105.9234787600252,101.93075534919309,105.518169278822,101083510
2021-11-22,100.46905517578125,103.20704551362465,98.826263604784,102.45679139568924,96210010
2021-11-23,102.79742431640625,104.25912139428534,100.47767834825203,100.72776304862275,93829630
2021-11-24,101.62892150878906,103.7373872303976,100.99508764959954,103.51748823855958,67671010
2021-11-25,101.21067810058594,102.32743707796268,100.55097454005144,101.75827745280343,47502860
2021-11-26,95.92012023925781,99.99044604293518,95.39839055310468,99.85247213092724,106455260
2021-11-29,96.13139343261719,98.0501393992508,92.70782981297756,95.92011985269524,93929910
2021-11-30,92.37582397460938,97.26539398358291,91.66869042787566,95.80369692018272,133559840
2021-12-01,93.35459899902344,94.60070652741993,91.97051755852601,94.16952736078763,93791140
2021-12-02,95.92874145507812,96.23919098885443,92.61728853382692,93.3934123682677,91286810
2021-12-03,96.41165161132812,97.80866771675727,95.05343346749623,96.15294151366365,100737840
2021-12-06,95.61829376220703,98.39508876818243,95.04914065884083,96.066723799305,82159400
2021-12-07,99.06771850585938,99.64981298636869,96.6703634997787,96.67898892491996,85053900
2021-12-08,101.1546401977539,101.49957828494493,99.08497877824635,99.94733715476848,74485010
2021-12-09,101.48663330078125,101.93074729399737,99.94732717363206,101.93074729399737,52123940
2021-12-10,101.7582778930664,102.52577624235883,100.68895545909803,101.19343426761462,48121300
2021-12-13,100.49061584472656,103.39676580568079,100.17585689427229,102.44817295190374,53537780
2021-12-14,100.65446472167969,101.5771878660296,98.91249722122016,99.94301515616829,53522640
2021-12-15,99.52045440673828,101.37883541302158,99.08496585194506,100.90022631331868,44308330
2021-12-16,99.44715881347656,100.79243565503617,98.614986212691,100.3785073557586,42460080
2021-12-17,97.6275863647461,99.93439754373553,97.015312736102,99.51615322470924,47435020
2021-12-20,92.5267333984375,96.34267155626833,91.93171063776056,96.32542070565637,73526500
2021-12-21,95.29920959472656,96.95062639044755,93.5658677146826,93.99704682857515,70268490
2021-12-22,97.3473129272461,97.53271679301022,95.72176578323571,96.15294490838542,43669170
2021-12-23,97.24382781982422,98.89524466292528,96.60136855315419,98.13637176923952,46214780
2021-12-24,96.1917495727539,97.7439970569722,95.19141742235759,97.45079183027705,40936300
2021-12-27,96.7393569946289,96.9894416979597,95.06207031857099,95.81232442856339,27588510
2021-12-28,97.22659301757812,97.57584709117835,96.75660272393723,97.18778189218878,28807810
2021-12-29,96.2607421875,97.15759558059601,95.54929924425059,96.58412653975364,41935200
2021-12-30,94.94564056396484,97.1877706639828,94.77317154829855,96.40302808964857,41140930
2021-12-31,95.84681701660156,96.88596041931068,95.0879440284244,95.29059876934352,36870210
2022-01-03,98.52012634277344,99.25743900481196,96.15295044095824,96.15295044095824,38658030
2022-01-04,99.06771850585938,100.00769246810687,98.00702148799255,99.429913989804,59757310
2022-01-05,101.55132293701172,101.82727735072892,98.41664843703991,98.9125018653643,61861760
2022-01-06,100.31382751464844,102.0169904358269,99.64981451257813,101.06839103390966,53354000
2022-01-07,100.06375122070312,101.24086849002957,98.98580331637844,100.48198895465099,39738570
2022-01-10,100.81399536132812,101.1891191140519,99.5032136486263,100.46474130475471,38225000
2022-01-11,97.46804809570312,100.26639656623985,95.9804813452426,99.91714250770156,96978850
2022-01-12,98.92974853515625,99.24019805987396,97.65345531361989,98.29591463713025,50358430
2022-01-13,105.30687713623047,105.6820074534435,99.35660382306921,99.51614457516243,157231160
2022-01-14,104.65579986572266,105.75099197052198,104.00903116512497,104.6040604750417,52679070
2022-01-17,106.04850769042969,107.36360537737228,102.65082055640784,104.77653054900186,89696070
2022-01-18,103.03887939453125,106.39345257030492,102.62063510327282,106.07006821598787,58408970
2022-01-19,104.31085968017578,105.2853221953247,102.01699001236457,103.13805186019336,73043210
2022-01-20,104.0607681274414,105.55265079021824,103.2242795748386,104.35397335275793,59205970
2022-01-21,100.87005615234375,103.8538152212976,99.71880855715906,103.4830008716699,71662670
2022-01-24,94.79042053222656,100.34831938211082,93.99705249387226,100.03356045219434,83920760
2022-01-25,95.6441650390625,96.67036697250055,93.74266335231358,94.402366944978,57330630
2022-01-27,93.85476684570312,95.15692974940681,91.5220860141097,93.99705675783082,90566560
2022-01-28,93.53569030761719,97.07998346424421,93.216621945795,95.36389228107102,78648930
2022-01-31,93.6133041381836,96.11845391003067,93.17781557164807,95.7131444623285,55709390
2022-02-01,100.66739654541016,101.27967014809818,93.68660506334082,95.28196660040358,170752680
2022-02-02,100.68032836914062,101.74965078542628,99.88696033703422,101.74965078542628,75247340
2022-02-03,100.60272979736328,101.90488618856918,98.8521367936805,99.42992189720474,65140900
2022-02-04,101.439208984375,103.28897130476152,100.91748587399972,101.2236193997603,93174180
2022-02-07,102.0169906616211,104.74203949884883,100.11979843285933,100.74932289377303,145105250
2022-02-08,105.17321014404297,105.4146693985209,101.02526911567409,103.05180966349528,140839840
2022-02-09,105.41036987304688,106.41501810632693,104.18582263649293,106.15630797836906,73520600
2022-02-10,107.65249633789062,108.16129115018944,105.72512503348389,106.070069665323,93920570
2022-02-11,108.17853546142578,109.08401429793197,106.33739866947475,106.84619348196317,96762260
2022-02-14,102.34898376464844,105.87603232391014,101.76689591070073,105.21632880854006,80216130
2022-02-15,104.15132904052734,104.51782738468835,99.30487283789579,103.21135503582514,101889210
2022-02-16,102.7758560180664,105.026611566394,102.31880720038487,104.77652688554967,66092140
2022-02-17,102.70256805419922,104.30223909828257,102.28863315410749,103.57786124721207,56557920
2022-02-18,102.68962860107422,103.91417581589607,102.01699017544733,102.36192823424038,47251200
2022-02-21,101.91781616210938,103.65546765428914,101.27536342306743,102.44817126712097,49787320
2022-02-22,98.19673919677734,100.60702899770239,96.51945261415102,99.86109093161329,93858570
2022-02-23,98.22261047363281,99.39541827350025,97.79143132895423,98.99873424990857,49608380
2022-02-24,92.6172866821289,96.57982429214978,92.02225732440871,94.34200335561633,121268670
2022-02-25,98.77020263671875,99.23156086670558,94.47996519618238,94.66105963424675,92128860
2022-02-28,105.27238464355469,105.63888954511371,97.37749562451964,97.79143049475957,176054460
2022-03-02,111.18816375732422,112.07208889764546,105.08267207856296,105.27238537533381,248475320
2022-03-03,112.39115905761719,114.57724051082782,111.5589864543936,112.6239994835057,174503380
2022-03-04,110.13178253173828,113.8183657417149,109.77821903445911,112.31355465297686,162829230
2022-03-07,111.40807342529297,112.26179974031177,109.00209292386306,110.02829485038171,110400010
2022-03-08,109.47637939453125,111.58915451756302,107.27736976062967,111.50292658596466,91078220
2022-03-09,108.25614929199219,110.10590489838572,107.67405482421864,109.85582020893412,69348880
2022-03-10,112.85682678222656,113.29663793775418,107.0186639720374,108.47174218494376,136740620
2022-03-11,112.25318145751953,115.54739657134353,111.7788817476046,113.40011960747975,118822990
2022-03-14,111.84786224365234,113.11552992213977,110.1835105602082,112.53775147443788,52780820
2022-03-15,106.3934555053711,111.5029310762435,105.89760211344786,111.39943913219774,96143130
2022-03-16,109.1098861694336,109.62299041506613,106.94967439846876,107.36360928093748,63024510
2022-03-17,112.40409851074219,113.64158061921009,109.61436876366454,109.95068798881799,106239760
2022-03-21,112.36096954345703,115.03858829534657,111.63227575046508,112.79646468183078,84227630
2022-03-22,112.279052734375,114.69365870728988,111.07605917106036,113.83130037114485,81795880
2022-03-23,114.77989196777344,116.22864755748283,111.44687248905755,114.17623064685148,130552380
2022-03-24,116.46578216552734,117.23759645071921,114.34438832987712,114.77556743646936,94605270
2022-03-25,115.46546936035156,117.79815016304809,114.99978850514113,116.84093191460833,69457440
2022-03-28,115.46546936035156,116.84955076061462,114.48668425908077,115.55601329832,46554910
2022-03-29,115.09465026855469,116.08637023381614,114.43494667867606,115.9009531941237,43202370
2022-03-30,112.80076599121094,115.17225120848174,112.10657390734676,115.12482782023686,58483160
2022-03-31,112.72748565673828,113.87010784984867,112.11520543254734,112.79647590443192,40067950
2022-04-01,113.58122253417969,115.63362643164895,112.57656770121429,112.96894232419,55321590
2022-04-04,115.71986389160156,116.76331007942603,113.35269453796249,113.58121896410121,69670320
2022-04-05,115.97856140136719,117.1082485608545,114.62896868569769,116.28469488416866,63296420
2022-04-06,118.20777130126953,119.58323395835288,116.14241931434573,116.41838030969971,114097540
2022-04-07,116.37525177001953,119.09168835255173,115.6422550987028,118.74673713204068,55650640
2022-04-08,118.20777130126953,119.00113942509549,116.957354292615,117.36266378045084,52287710
2022-04-11,117.09962463378906,119.35038026290316,116.67707749956371,118.20345533411174,44778820
2022-04-12,113.85285949707031,117.27642330755836,111.77026980569696,116.67709107779143,69191680
2022-04-13,113.78816986083984,116.07342714668361,113.40011127525665,115.12051179451639,44937800
2022-04-18,115.47840881347656,117.11256839852156,114.5944836172015,114.85750975413254,80700420
2022-04-19,114.40045928955078,117.85419545561595,112.88270020630492,116.6425830538689,64772190
2022-04-20,113.33543395996094,115.24987029929999,112.36958378645191,114.66777585745972,54100210
2022-04-21,112.29198455810547,114.06844057734227,110.88634945586455,113.48635924295989,66690280
2022-04-22,110.17058563232422,113.1026052582481,109.8428918367955,112.24456293412355,55848230
2022-04-25,105.2378921508789,108.91153355720054,104.58680746167937,107.79478120296295,72310460
2022-04-26,106.3805160522461,107.07902414123707,105.63888741831458,106.50124568295388,44812710
2022-04-27,107.51020812988281,108.22596710089002,104.37984985637895,105.81136121912162,71209740
2022-04-28,108.73043823242188,109.40307660898945,107.19113219054937,108.61401802747095,51295830
2022-04-29,109.61004638671875,111.39081166861187,109.14437215016954,109.34702686179571,57173520
2022-05-02,111.6926498413086,112.34372140499137,107.68699188422595,108.3984348445452,54426170
2022-05-04,108.7735595703125,114.69364710698457,108.1828396958946,114.46080669538297,138374020
2022-05-05,110.74836730957031,113.52946493195336,110.20939337206855,110.38186240036043,87338160
2022-05-06,110.70092010498047,111.24420999242113,107.19112900425064,109.34702454673943,69256760
2022-05-09,107.98881530761719,109.88169148675831,107.2773723516687,108.65714429672518,50552970
2022-05-10,100.45611572265625,108.19578008750025,99.90852294360442,107.8810211527097,145537420
2022-05-11,100.52510070800781,102.69824059812775,96.87732242402244,101.32709414183317,107063150
2022-05-12,96.38578033447266,100.24052282971851,95.11811921216427,99.76622973177594,94191610
2022-05-13,94.6007080078125,99.32643464293447,94.16952883443273,97.87767235720757,82924410
2022-05-16,95.1612319946289,97.8604175398602,94.341994285196,96.49788991977876,62665270
2022-05-17,102.50852966308594,103.24153287486996,96.1831325582138,96.92907061767325,112876010
2022-05-18,101.77984619140625,104.25912646268108,101.32710673905815,103.22429248884657,81575800
2022-05-19,96.76953887939453,99.59376378543415,96.17020009060244,99.25744455599813,66545630
2022-05-20,100.9476547241211,101.62029310700063,98.41232594090364,100.23621179898417,65527500
2022-05-23,88.2149429321289,94.60070525111652,86.36949665018217,94.60070525111652,273883460
2022-05-24,86.7834243774414,89.67663262334955,86.40829406458593,88.90913430678005,123116660
2022-05-25,86.15821075439453,87.81824633864024,85.5286863747257,86.78341913233825,99343400
2022-05-26,90.72008514404297,92.06105248412726,85.82620602955832,86.83947302435779,150536730
2022-05-27,89.9870834350586,92.069679429875,88.99537011667869,91.62556545073784,74772200
2022-05-30,90.32772827148438,91.73767944496568,89.98709303683505,91.32375111891925,72701590
2022-05-31,91.03485107421875,92.43618323520377,89.42654819545902,90.11643742949865,121248850
2022-06-01,91.71611785888672,93.04845982383588,90.83219930512062,91.88427746048932,94055290
2022-06-02,93.26836395263672,93.54431835454561,91.33237371617048,92.0783118280181,79177040
2022-06-03,92.03951263427734,94.23852255193896,91.84116731233802,94.16953230263204,53954860
2022-06-06,92.9708480834961,93.38478297068305,90.47863307282074,91.84116079319097,57262490
2022-06-07,92.14297485351562,93.26404317563288,91.7161117436704,92.0136198041527,43341570
2022-06-08,93.716796875,93.90220076330142,92.62159807959792,93.22093687323942,64734340
2022-06-09,90.10350799560547,93.7599053654463,89.78874905657668,92.69920833502589,98547810
2022-06-10,88.27961730957031,88.9436302738742,87.15423951882255,88.82290064400077,95225630
2022-06-13,85.54163360595703,87.27065967542109,85.37347399610528,86.60664666144211,82235750
2022-06-14,85.90382385253906,87.41726694390617,84.98972612117046,85.22255997715742,77202600
2022-06-15,87.2126235961914,88.54869426161484,86.40371129053682,86.70364000242392,92443330
2022-06-16,81.95469665527344,88.61686909339574,81.63658620435982,88.61686909339574,122741050
2022-06-17,82.40912628173828,84.29052994004734,81.39117303467572,81.61839573222167,121290260
2022-06-20,78.29185485839844,82.25461939736817,76.58768456701651,82.25461939736817,139866890
2022-06-21,80.41867065429688,81.39118364925173,78.52817589993819,79.52795451266856,124526970
2022-06-22,76.17414093017578,79.42342992260815,75.95600906488202,79.34162613919364,109877390
2022-06-23,76.4649887084961,77.796517479131,75.16527444773081,76.34683538816734,111515840
2022-06-24,77.51475524902344,78.59633058630254,76.76945813569913,77.25571804242367,85433810
2022-06-27,78.87809753417969,79.87787610499116,78.44182686520152,79.11895306014786,72814730
2022-06-28,79.8824234008789,80.38231618683184,78.20097656475426,78.70995326733362,84647330
2022-06-29,80.12782287597656,80.78221848123682,78.93717111429963,79.07350613241984,72318470
2022-06-30,78.80538177490234,81.30028268732842,78.4645477106442,80.11872875847226,84672090
2022-07-01,79.3325424194336,79.5279506268017,78.08281748101243,78.79629320366364,54761890
2022-07-04,77.66926574707031,79.18256977616477,76.64676358694865,78.93716537453508,77554410
2022-07-05,78.1782455444336,79.90968149614554,77.96465564093397,78.34638813192984,79058290
2022-07-06,77.99646759033203,78.2645887168106,76.16959510865797,78.02373320532489,81439710
2022-07-07,81.80017852783203,82.39550093985422,78.02828001996903,78.80083587476338,111007940
2022-07-08,80.51863861083984,83.42709354695954,80.02784364463878,83.42709354695954,112000630
2022-07-11,82.95901489257812,84.43596254469311,79.53249245647062,80.45501612751026,150193340
2022-07-12,81.99104309082031,83.24985886495878,81.21848725193227,82.2455314204035,100175050
2022-07-13,82.24099731445312,83.09080812493714,81.85926478363238,82.34097587266155,70135110
2022-07-14,82.52729797363281,82.79996108794998,81.3457370087296,82.70907338317758,74498580
2022-07-15,80.32777404785156,82.73633628379382,79.75517528573326,82.2546252234628,81253510
2022-07-18,82.19100952148438,82.5273016719286,81.09579425403564,81.52751607176677,73060810
2022-07-19,83.56797790527344,83.79065868379381,81.89107299735379,81.89107299735379,85341580
2022-07-20,84.38597869873047,85.25397119281274,84.09058498873151,85.06764688971472,77088650
2022-07-21,84.91767120361328,85.33121819880047,84.02695513200139,84.52684786621522,50877140
2022-07-22,85.07672882080078,85.79929536325882,84.70862221146136,85.6629603524983,48608940
2022-07-25,87.31714630126953,87.69433684744807,84.85405285600169,84.98129702407552,99635630
2022-07-26,86.29918670654297,88.77137102178247,85.98562517620263,88.34419119659647,126264690
2022-07-27,87.19898986816406,87.39439807133631,85.76294066916637,86.43551795271095,52559020
2022-07-28,91.20719909667969,92.7068704466446,88.29875103285276,89.16219460153312,137156107
2022-07-29,97.79666137695312,99.34178009792033,92.843208648226,93.61576454156591,166959934
2022-08-01,98.38744354248047,101.29589175570253,96.47877396916053,100.4324481426706,125365761
2022-08-02,97.25132751464844,98.16021842600028,95.7516561240604,98.16021842600028,64935371
2022-08-03,97.29676818847656,98.5692098300304,96.3424300230243,97.25132087229812,61428846
2022-08-04,97.8875503540039,99.52355680116267,96.38788586744377,97.7057749417807,79526154
2022-08-05,97.5694351196289,99.29632918801707,97.34221239837487,97.84210515884863,54469112
2022-08-08,97.43309783935547,98.29654832065916,96.97865240739152,98.023878287766,41384943
2022-08-10,99.25088500976562,99.88711280997575,96.79688231630661,98.06933098243947,73880698
2022-08-11,99.15998077392578,100.56876422911793,98.70553539280395,100.25065384918989,75321498
2022-08-12,102.38655853271484,102.61378125163596,98.88733004818698,99.3872158692412,95942333
2022-08-16,102.70467376708984,103.34089463617987,100.977779635476,103.34089463617987,69207437
2022-08-17,102.2502212524414,103.15911210801866,102.02299853854709,103.15911210801866,54008422
2022-08-18,102.29566955566406,102.7046676709042,101.25044367481074,102.25022223873205,49396425
2022-08-19,100.0234375,102.6137749497616,99.56899209006686,102.29566454966573,57134813
2022-08-22,95.4789810180664,99.6144299846892,95.16086369162224,99.52354229182792,74037526
2022-08-23,97.79666137695312,98.38744186043213,94.07021000050555,94.70643086930609,70531639
2022-08-24,96.84233093261719,98.29655502726362,96.11521541815024,97.75122185855714,55686404
2022-08-25,96.56965637207031,98.06932771670577,96.11521093031939,97.29677185258663,42186335
2022-08-26,97.5694351196289,99.2508818700514,97.34221239837487,97.47854741798471,71257092
2022-08-29,95.29720306396484,96.02431850873973,93.84297910870188,94.57009455347676,59895805
2022-08-30,98.4328842163086,98.61465961700299,96.38787975420485,96.79687787291077,67401780
2022-09-01,96.70599365234375,97.93299498689989,96.25154819996834,97.25132680833678,52454732
2022-09-02,95.88799285888672,97.2513292502453,95.43354739510053,97.2513292502453,45601352
2022-09-05,97.1604232788086,97.52398096834852,96.1606448332884,96.3878675224651,40352735
2022-09-06,98.70555114746094,98.88733348949616,96.38788349438221,97.61488483239887,59505849
2022-09-07,97.79666137695312,98.97822234391114,97.34221591801348,97.7512209916316,43945660
2022-09-08,96.20610046386719,98.52377503464727,95.75165501346225,98.52377503464727,71228405
2022-09-09,96.06977081298828,97.56944227002614,95.88799539637846,97.25133182381512,63647166
2022-09-12,97.93299102783203,98.11476642771878,96.79687744282238,97.0695474769395,40838533
2022-09-13,97.93299102783203,98.79643457872456,97.7512156279453,98.16021374483397,44179394
2022-09-14,99.2054443359375,100.34155797484131,96.16066117053278,96.6151066260943,86379872
2022-09-15,97.25132751464844,99.06910933735215,96.7968820589725,98.75099890523646,62926791
2022-09-16,96.06977081298828,97.70577729962734,95.43354992056624,96.5242162888005,107967267
2022-09-19,93.7066421508789,96.52420230589337,93.61575445574037,96.52420230589337,51146568
2022-09-20,96.16065216064453,96.66053795435239,94.5246459001957,94.7064212916737,52140254
2022-09-21,94.93365478515625,97.43310484055975,94.79732669320059,96.16066308705705,46142823
2022-09-22,94.16110229492188,95.7062210911994,94.07021458556149,94.93365822591677,61380323
2022-09-23,94.79732513427734,98.06933103886784,94.29743235770229,96.52421232400054,109765520
2022-09-26,90.75275421142578,94.93365092924638,89.52575289364944,94.88821054520264,101291962
2022-09-27,88.7531967163086,92.11609023259852,87.70797080688209,92.11609023259852,104949032
2022-09-28,86.52641296386719,88.93497529299981,86.34463755325952,87.75342125547503,71724106
2022-09-29,88.02607727050781,89.29852584497812,87.61707916248984,88.16241228460943,60884592
2022-09-30,90.25286865234375,91.25264725004311,86.98085588272802,88.02608179889486,66436616
2022-10-03,89.38941192626953,90.57097278139821,89.07130152197696,90.52552546609067,37282313
2022-10-04,91.93431091308594,92.25242132389718,90.88908504817455,91.16175507703383,40186702
2022-10-06,94.11565399169922,94.34287671313326,92.47964762365918,92.70687034509324,48169310
2022-10-07,93.88843536376953,94.07021077512726,92.61598668140307,93.88843536376953,36080875
2022-10-10,93.79753875732422,94.0702088029317,91.93431655996415,92.70687244346892,36641275
2022-10-11,91.20719909667969,94.20654179660953,90.70731326954949,94.11565409479377,41083734
2022-10-12,91.38897705078125,91.97975055138852,89.9801934702097,91.20719472158247,41357469
2022-10-13,90.97998046875,92.52509920629085,89.7984264234055,91.88887139637845,34668093
2022-10-14,90.97998046875,93.43399013391928,90.7982050569393,92.57053959209978,32456805
2022-10-17,90.48008728027344,91.252643119238,89.16219138153444,90.66186267734031,37568783
2022-10-18,91.47986602783203,91.79797644052101,90.70731018721969,91.16175561514306,30722156
2022-10-19,90.93453216552734,92.02519841000525,90.61641482112499,91.43441797162686,38764542
2022-10-20,91.70708465576172,91.97974773979502,89.79841533038218,90.43463612741316,38091315
2022-10-21,91.07086181640625,92.20697539662233,90.2983059687167,91.66164226497601,30973997
2022-10-24,91.9797592163086,92.79776243904574,91.79798380427255,92.70687473302772,7480281
2022-10-25,91.9797592163086,93.1613201974053,91.52531375193101,91.93431883044332,37163180
2022-10-27,94.70642852783203,95.11543359133812,92.75231865013393,92.9340940555007,74349009
2022-10-28,92.34330749511719,95.0699800014747,91.61619898732725,94.61553458374846,51006232
2022-10-31,92.29786682128906,92.84319993397425,91.16175328057544,92.61597722583153,38715841
2022-11-01,91.9797592163086,92.20698194849739,89.57120380253737,89.57120380253737,69031178
2022-11-02,92.02519989013672,93.61575890058351,91.6162017754509,91.79797717435859,42336049
2022-11-03,92.70687103271484,93.11586916061488,90.88908924775964,91.57075741711785,39110676
2022-11-04,95.2063217163086,95.43354444116852,92.88864714902245,93.16131719256927,70299020
2022-11-07,96.9786605834961,97.66032878891228,95.06999099518825,96.25155199162468,74426059
2022-11-09,96.43331909179688,97.75121500254859,95.93343327816302,97.47854497017597,38295904
2022-11-10,95.16087341308594,96.34243434384801,94.93365069057687,95.61531885810409,27864285
2022-11-11,97.75121307373047,98.34198657506911,96.56965220247952,96.56965220247952,77933417
2022-11-14,98.79644012451172,99.97800109296169,98.38744198466456,98.6146647144213,55474425
2022-11-15,98.66011047363281,99.38721903678162,97.43310220492349,99.06910860701106,35007427
2022-11-16,96.84233093261719,98.88733551598209,95.61532263516828,98.56921814447314,40404167
2022-11-17,96.20610046386719,97.06955098020893,94.97909913463133,96.2515477826226,32894825
2022-11-18,95.88799285888672,96.61510837465961,95.16087734311382,96.20610329667956,28992538
2022-11-21,94.75186920166016,97.88753979720903,94.38831148213457,97.88753979720903,58404309
2022-11-22,95.61531829833984,95.7971006358552,94.11565388598923,94.88820975113985,27846186
2022-11-23,95.84254455566406,96.34243733441609,95.38809909653946,96.06976728522638,22809651
2022-11-24,95.88799285888672,96.2969910025793,95.06998963721408,96.20610329667956,23737867
2022-11-25,96.52420806884766,96.7968781048296,95.52442949405894,95.97887493117081,27361785
2022-11-28,95.3426513671875,96.70598763954685,94.9790936410343,96.34242991339364,33516118
2022-11-29,96.43331909179688,97.84210270191048,95.38809321341778,95.43354053024221,40661568
2022-11-30,97.84210968017578,98.11477279770823,96.25155055789703,96.43332596958534,61142050
2022-12-01,100.65966796875,101.1595607414068,98.16021797404063,98.79643883534264,91702642
2022-12-02,101.79578399658203,102.2502294608525,100.11433716563884,100.70511765604793,70541914
2022-12-05,105.29500579833984,105.52222851561476,102.3865577909357,102.97733824270789,96441799
2022-12-06,102.65922546386719,104.84056503372773,102.0230046008729,104.84056503372773,50581245
2022-12-07,101.06865692138672,103.15910859167275,100.75054651963538,103.06822089607046,39494279
2022-12-08,101.6594467163086,102.70467264781193,100.70511542307389,101.56855901232728,32416724
2022-12-09,100.38700103759766,103.38634389802459,99.70533283607222,102.52290028314071,35665257
2022-12-12,101.52310943603516,101.88666717816474,98.79643677149397,100.15977310376456,37082389
2022-12-13,101.06865692138672,102.56832816882785,100.70510613897758,102.29566508202099,32264080
2022-12-14,102.75011444091797,102.88644252241437,100.97777310430824,101.43221853406146,38606984
2022-12-15,100.84143829345703,103.1136654468408,100.61421557811865,102.38655691833017,34361613
2022-12-16,100.93234252929688,101.8866738639369,99.47811146535231,100.29611470524922,34736665
2022-12-19,101.61400604248047,101.88666915364897,100.70511513667756,100.93233786312828,17297590
2022-12-20,100.84143829345703,101.34133104091624,99.06910388753248,101.02322062629992,34836506
2022-12-21,99.43266296386719,101.79577784849265,98.79643519174188,101.61400244747801,32303565
2022-12-22,97.84210968017578,100.52333514115925,96.66054870133944,99.97800197180689,39639329
2022-12-23,92.93408966064453,97.02409849656532,92.66141963120172,96.34243035724519,46756489
2022-12-26,95.43354034423828,95.93343309118478,92.38875734868427,93.43398322502617,33995681
2022-12-27,101.02322387695312,101.38678162005023,96.20609938306275,96.93321486925694,76033410
2022-12-28,99.97799682617188,102.06844862443396,99.70532678838566,100.93233502413655,50660601
2022-12-29,101.56855773925781,101.79578046350672,98.93277275111313,99.06910777251993,51751642
2022-12-30,102.38655853271484,104.29522798479485,101.88666577737354,102.61378125163596,56048485
2023-01-02,108.38523864746094,108.79423677430252,103.38633875177092,103.9771192172099,143444095
2023-01-03,107.65812683105469,109.52135599303287,107.02190595999686,108.88513512197504,74419090
2023-01-04,105.20411682128906,108.2034594266259,104.84055909120475,107.93078939549093,55634568
2023-01-05,105.93122863769531,106.34022673604234,104.06799966903289,105.88578132264044,58806907
2023-01-06,105.11322784423828,107.11278493395837,104.74967011857457,106.34022910085228,58551863
2023-01-09,106.84012603759766,107.34001186252206,105.9312351548764,106.24934557697142,37763131
2023-01-10,108.02168273925781,108.83968594112162,106.8401287225988,106.93101642629762,56750710
2023-01-11,108.02168273925781,109.38501909760171,107.24912685638706,108.56701589573791,49321252
2023-01-12,107.34001159667969,108.38523749607789,106.88556615644455,108.11256745822197,33740024
2023-01-13,109.47590637207031,110.52113229622667,107.38546145804487,107.74901920570194,68884010
2023-01-16,109.02145385742188,110.38479012208802,107.97623493527395,110.38479012208802,44362359
2023-01-17,108.47612762451172,108.97602039367072,107.24912629527913,108.83968537169216,27880531
2023-01-18,111.29368591308594,111.79357867273579,109.06690602218126,109.06690602218126,64749065
2023-01-19,112.29347229003906,112.97514045788401,110.11213276607779,110.70291323173419,53564076
2023-01-20,111.74813079833984,112.88424439707973,110.88468723701237,112.15713585445846,37784498
2023-01-23,110.88468933105469,112.56613610208619,110.4302438829766,112.1571379725308,28601260
2023-01-24,109.43046569824219,111.3845825192315,109.15779565464841,111.33913520053679,27707765
2023-01-25,109.97579956054688,111.11191319237071,109.15779635877625,109.38501908514101,46522102
2023-01-27,109.6576919555664,112.02080698378262,108.24890824209594,110.79380561665954,58771746
2023-01-30,107.9307861328125,110.0666781978466,106.24933948307445,109.47589777110439,46551837
2023-01-31,108.79423522949219,109.47590338740702,107.02190079262846,107.93079166984823,43986769
2023-02-01,110.93013000488281,112.8387993856244,108.43068019016988,109.15778870296883,72919626
2023-02-02,109.02145385742188,111.33912828106907,107.61267721117228,110.83923554364341,38768010
2023-02-03,109.385009765625,109.97579019069683,106.52200227049745,109.11234667779034,46977350
2023-02-06,106.74922943115234,109.0669039130188,106.34023131519334,109.0669039130188,49546361
2023-02-07,101.29588317871094,104.84055890576089,100.47788695532681,102.3411090504969,110953246
2023-02-08,101.29588317871094,102.47744406582324,100.06888190934782,101.29588317871094,66523699
2023-02-09,101.11410522460938,102.65921686781006,99.93254436737115,101.9321083615984,64710455
2023-02-10,98.8873291015625,101.11410895195824,98.43288366807056,100.88688623521227,60810058
2023-02-13,98.84188079833984,100.52332749862663,98.5237703849267,98.8873281149504,56186469
2023-02-14,99.29632568359375,99.88710612486153,98.38743483065468,99.56899571319023,31163587
2023-02-15,100.25066375732422,100.52332685237387,98.8873274792153,99.06910287591506,35544190
2023-02-16,101.79578399658203,101.97755940857523,100.56878262990931,100.88689306804112,30956191
2023-02-17,102.02300262451172,102.79555849583544,101.15955905084766,101.38678177384212,34107244
2023-02-20,102.11388397216797,102.43199437770633,100.9323300466988,102.06844359096921,19896764
2023-02-21,102.84100341796875,103.79533467173736,102.47744568279101,102.61378070026855,29830864
2023-02-22,101.02322387695312,103.34089148740865,100.56877843165356,102.93189336035391,24391211
2023-02-23,101.84123229980469,103.29545641265038,101.20500448311202,101.38678683114745,30845778
2023-02-24,99.75077819824219,102.61378597529978,99.56900278845237,102.25022822143276,34326940
2023-02-27,96.43331909179688,100.02344215803055,95.56987554642852,99.79621944248235,56217189
2023-02-28,94.47920227050781,97.29676948832787,94.11565147337087,97.11498715547243,76540448
2023-03-01,95.88799285888672,97.34221695614505,94.97910193131433,95.16087734311382,76175319
2023-03-02,95.11543273925781,97.1604372356066,94.8427626993631,96.38788136828782,55276248
2023-03-03,97.25132751464844,97.66032565104183,95.43354569194473,96.34243660329658,117175295
2023-03-06,96.02432250976562,97.79665694560755,95.43354205305596,97.70576924479539,106868143
2023-03-08,96.79688262939453,97.16044038293518,94.52465533762471,95.70621630305997,43939583
2023-03-09,98.34198760986328,99.02365575023003,97.7057667859024,98.02387719788284,51967449
2023-03-10,98.2510986328125,98.47832134331126,96.88776236981985,97.25132009347526,47699832
2023-03-13,97.06954956054688,99.06910673936974,96.66054450059185,98.38743857373188,34552596
2023-03-14,96.70599365234375,98.66011048441545,96.52421131082122,97.25132680833678,48584984
2023-03-15,98.75099182128906,99.20543724436513,97.61487826359887,97.7057659613567,38930902
2023-03-16,95.4789810180664,97.47853799816022,94.2519728944366,97.47853799816022,81088340
2023-03-17,97.25132751464844,97.56943794676411,95.43354569194473,96.75143473968997,48962238
2023-03-20,94.9791030883789,96.7514376450212,94.38832259140229,96.43332720335303,41569640
2023-03-21,95.2063217163086,95.79710218780184,94.79732358527563,95.52443214425503,26434897
2023-03-22,95.25177001953125,96.29698901726063,94.88821226914013,95.20632270037461,25891259
2023-03-23,95.3426513671875,95.88798448927386,94.84275862694099,94.88820594306772,20913844
2023-03-24,92.79776000976562,95.47899233997599,92.2978741726089,95.43354502101297,39014278
2023-03-27,92.97954559326172,93.97932423672192,92.79776324535871,93.20676832742484,24753289
2023-03-28,93.16132354736328,93.70665673736835,93.02498851629008,93.47943399700893,18703734
2023-03-29,94.16110229492188,94.97910554774083,92.38876769238726,93.16132362338215,37221124
2023-03-31,94.9791030883789,95.88799402702368,94.61554532606348,95.43354855770129,34579415
2023-04-03,94.61553955078125,95.66076545328022,94.34287644640357,95.5244304339478,21840428
2023-04-05,95.29720306396484,95.43353807664599,93.7975317930459,94.61553493484594,25194802
2023-04-06,94.84276580810547,95.52443399589869,94.70643078368936,95.29721126663429,21053782
2023-04-10,95.38809204101562,96.11520749554776,94.9790939317706,94.9790939317706,19992257
2023-04-11,97.75121307373047,98.02387616643595,95.52442634472473,95.93343138521321,49304956
2023-04-12,97.79666137695312,98.52377688497151,97.2058808934741,98.34199454082321,27349538
2023-04-13,97.70576477050781,98.29654520016359,96.25154082124598,97.70576477050781,34880922
2023-04-17,97.38765716552734,98.43288304277642,97.02409943418587,97.79665527935713,24642162
2023-04-18,97.79666137695312,98.06933142603187,97.11499318854366,97.43310362294393,25476339
2023-04-19,98.2510986328125,100.34155034311594,97.93298822497158,98.02387592231372,62100775
2023-04-20,98.16020965576172,98.79643046314919,97.6148765445315,98.34198504807621,18337948
2023-04-21,96.47876739501953,98.251101820701,95.75165192411649,98.16021412040989,37638506
2023-04-24,96.79688262939453,96.97865803902116,95.75165668832294,96.70599492458122,23475012
2023-04-25,97.29676818847656,97.79665399500504,96.56965273534276,96.97865084380123,23333425
2023-04-26,97.11498260498047,97.29676492931817,96.20609178615184,96.79687220524778,23590297
2023-04-27,97.84210968017578,98.02388509186407,96.6151083155611,96.6151083155611,22364308
2023-04-28,98.11476135253906,98.61465407780018,97.52398786632259,97.97843327681936,30072920
2023-05-02,100.25066375732422,100.75054956539202,98.16021202384245,98.16021202384245,52822162
2023-05-03,99.705322265625,100.88688313005204,98.84187874228071,99.79621689695539,51272624
2023-05-04,100.93234252929688,101.70489844808765,99.52355878645844,99.9780042603692,38636907
2023-05-05,98.75099182128906,100.75054890910906,98.52376910975102,100.75054890910906,32958346
2023-05-08,99.56900024414062,99.84166335185792,98.3874393078374,99.29633020213612,23130472
2023-05-09,99.56900024414062,101.06866467230375,99.20544249956369,99.61444062828323,27999202
2023-05-10,99.29632568359375,99.97799382329805,98.70554524232597,99.61443609526505,19213215
2023-05-11,98.66011047363281,99.5235540593368,98.38744042852245,99.25088401422643,19817637
2023-05-12,97.02410888671875,98.52378034067779,96.84233347048212,98.4783330194748,36794838
2023-05-15,97.8875503540039,98.3419958188494,96.02432810870988,97.29677679713475,22148028
2023-05-16,97.61488342285156,98.75099704058891,97.43310108344124,98.34199197763114,18587658
2023-05-17,96.3424301147461,97.70576638995476,95.93343200589824,97.61487869179822,28895465
2023-05-18,95.61531829833984,97.38765968410706,95.52443059672574,96.79687922218466,24208481
2023-05-19,95.11543273925781,96.06976401031494,94.57009959375556,95.97887630844576,29848841
2023-05-22,95.43354034423828,95.66076305934361,94.79731951565815,95.43354034423828,21588716
2023-05-23,95.9788818359375,96.38788691933445,95.43354865902913,95.5244363661326,21304034
2023-05-24,95.61531829833984,96.16065837659876,95.34265519349752,95.52443059672574,28454367
2023-05-25,95.29720306396484,95.61531347069631,94.79731726318306,95.43353807664599,25885062
2023-05-26,96.70599365234375,97.02410408214908,95.38809767988269,95.43354499883516,28362042
2023-05-29,98.56920623779297,98.93276395111045,96.61509653049897,97.25131732808958,41062311
2023-05-30,97.29676818847656,99.02365525466732,97.16043317422812,99.02365525466732,33475211
2023-05-31,96.16065216064453,97.2058710630731,95.97886983487983,96.70598526936524,41249944
2023-06-01,96.29698181152344,96.97864994214098,96.16065373282937,96.25154143005435,21211538
2023-06-02,98.16020965576172,98.4328796785202,96.7968734105428,96.7968734105428,46686933
2023-06-05,99.43266296386719,99.88710840069082,97.978438952889,98.75099480863175,39642539
2023-06-06,99.06909942626953,99.84165523677302,98.43287862568705,99.7507675415879,26751372
2023-06-07,101.3413314819336,101.5685541982608,98.97821661898806,99.52354975131595,45157197
2023-06-08,101.02322387695312,102.70467063770413,100.84144153826098,101.34133430180539,46380294
2023-06-09,98.97821807861328,101.47766799507176,98.75099535893523,101.11411025672948,36392617
2023-06-12,99.52355194091797,100.52333052789625,99.20544151791859,99.20544151791859,23472313
2023-06-13,101.02322387695312,101.65944472665765,99.6598875410544,99.97799796590667,30018212
2023-06-14,103.4317855834961,103.61356098695133,101.25044607059758,101.3413337723252,66696433
2023-06-15,103.3863296508789,103.7953277417172,102.9318842458201,103.52266465925386,39430138
2023-06-16,103.84078979492188,104.34068258515512,103.47723203241473,103.977124822648,31715807
2023-06-19,103.7044448852539,105.06778116402837,102.75011365068391,104.93144614929355,33502185
2023-06-20,103.84078979492188,104.74968073404591,103.15912159057883,103.70445476719576,30371599
2023-06-21,103.52267456054688,104.43156545759419,102.56833634493229,104.43156545759419,35627983
2023-06-22,104.27351379394531,105.30592340366555,103.75731256939028,103.80423604765339,34769987
2023-06-23,102.86568450927734,103.94502479936119,102.4902608656903,103.7103859171956,22190233
2023-06-26,103.1003189086914,103.42881189731845,101.45784680494609,102.8656800367278,25332751
2023-06-27,103.94502258300781,104.64893921449546,103.38189070993975,103.80423782458824,24129403
2023-06-28,104.69586944580078,105.16514719829543,104.08580693543568,104.64893880630721,23895274
2023-06-30,105.11820983886719,105.30591806362126,103.61652255900533,104.74278622874928,26741918
2023-07-03,106.15062713623047,107.22996740879113,105.16514814350055,105.3528563819414,30979256
2023-07-04,105.49363708496094,106.43219256229936,105.2120675775154,106.24447717046567,25080307
2023-07-05,106.00984191894531,106.57298095305472,105.30592528691882,105.63442544368607,27877180
2023-07-06,105.72827911376953,105.91598735060249,104.64893885045446,105.11821660314708,34320086
2023-07-07,104.7427978515625,106.33834658146168,104.41430484148668,105.1182215033394,30034274
2023-07-10,108.2154541015625,108.59087058031558,104.78972502836314,105.3528569071031,60652690
2023-07-11,108.07466125488281,108.96628606611976,107.74616828024867,108.49700834218247,37999385
2023-07-12,107.65231323242188,108.91936888881327,106.9953272451606,108.07466750475575,32771204
2023-07-13,107.79310607910156,109.76407134940493,107.46461306081947,108.87244641969482,44847814
2023-07-14,109.95177459716797,110.65569119873676,107.74617067770774,108.59086487110233,34521821
2023-07-17,110.51490783691406,112.01659517370129,109.90484534242268,110.7026160687837,49115369
2023-07-18,109.43557739257812,110.89034138185058,109.24786914391554,110.74955661504829,23433431
2023-07-19,109.52942657470703,109.99870433579937,108.96629469351831,109.52942657470703,17222355
2023-07-20,109.76406860351562,110.04563813249118,109.2009367061751,109.52942971623952,22303831
2023-07-21,109.43557739257812,110.7026259725773,108.40316770371253,109.43557739257812,31546136
2023-07-24,108.40316009521484,109.34171559387471,107.32381983963396,109.34171559387471,38113555
2023-07-25,111.92274475097656,112.5328072655987,107.32382131231543,107.93388382693756,88035259
2023-07-26,112.5797348022461,113.18979733885523,111.54732513446709,112.43895719892984,29716336
2023-07-27,112.43894958496094,113.98756040145773,111.82888708966308,112.86129668753097,39664251
2023-07-28,113.18978881835938,113.65906655571625,111.40653198428119,112.81436519635186,33996691
2023-07-31,115.58311462402344,116.24010062891716,113.18979516506268,113.18979516506268,52330311
2023-08-01,115.63004302978516,116.52167511510717,115.01998763951464,115.95854320683631,27863562
2023-08-02,111.64117431640625,115.34847285290327,110.98418832796891,115.34847285290327,54951586
2023-08-03,110.93726348876953,112.29817333684376,110.2802774659824,111.40654126522053,34624188
2023-08-04,111.68810272216797,112.39201933596314,110.74954723710773,112.06352634831407,22303966
2023-08-07,111.54732513427734,112.25124179329964,110.74955435284085,112.25124179329964,20711952
2023-08-08,110.89032745361328,112.15737587446647,110.70261206791776,111.68809815114234,21275054
2023-08-09,112.81436920166016,113.095938718315,109.71714032150814,111.07804294391596,34154214
2023-08-10,112.62665557861328,113.23671806178608,111.92273898124694,112.62665557861328,24439101
2023-08-11,112.90823364257812,113.94064329820472,111.82889334599149,112.90823364257812,26337436
2023-08-14,110.89032745361328,113.00207720857186,110.13948023205076,112.90822309602899,33095516
2023-08-16,108.82550811767578,110.70261913073175,108.30930688545153,110.70261913073175,31252473
2023-08-17,108.91936492919922,109.6232815302222,107.6523093188699,108.77858017687264,28461865
2023-08-18,108.68473052978516,109.24786240162963,107.69924438359962,109.1540082830906,30381609
2023-08-21,109.7171401977539,109.90484843490523,108.73165405118377,109.57635543958527,22629651
2023-08-22,110.32720184326172,110.51491007893941,109.34171570442837,109.95177821129614,17343131
2023-08-23,111.64117431640625,111.92274383179952,110.4210564577926,110.60876469431463,43744909
2023-08-24,110.98418426513672,112.72051045153906,110.79647603548618,112.15737860197748,27103446
2023-08-25,109.7171401977539,110.89033458147537,109.52942479999231,110.74954982330675,23692527
2023-08-28,110.37413024902344,110.98419278312467,109.81099835624174,109.81099835624174,19218821
2023-08-29,112.20431518554688,112.76744706494954,110.51491238672854,111.21882902613446,36038317
2023-08-30,114.59761810302734,115.16074993643437,112.8612919664349,113.09593082707198,51467177
2023-08-31,115.34847259521484,116.00545858218447,114.64455596891445,115.30154195588406,60626985
2023-09-01,119.24347686767578,120.79208768468685,115.81774792581331,115.91160204190336,76460408
2023-09-04,123.65469360351562,124.73402675657589,120.93288823940298,121.26137408888077,68525900
2023-09-05,123.60775756835938,124.31167419952455,120.93288296266405,123.65468820801449,36466807
2023-09-06,121.63679504394531,124.264738911686,120.32280878885499,124.264738911686,36058850
2023-09-07,122.15299224853516,122.76306191452949,120.69824268465561,121.54293690376117,30268235
2023-09-08,121.54293823242188,123.56082684524414,121.26136871590188,123.32618796834758,34313523
2023-09-11,123.09154510498047,123.74854539598951,121.26136478870397,121.54293429610499,33377857
2023-09-12,121.07365417480469,124.96865360000236,120.74515403576498,124.64016778218242,38065283
2023-09-13,121.58987426757812,122.4814991751067,119.85354077300578,121.63680490928408,23371459
2023-09-14,123.60775756835938,125.95414633890994,122.76306333944937,122.95077157684932,58800620
2023-09-15,123.84239196777344,125.10944758654733,121.87143406450515,124.45246161879123,85058495
2023-09-18,122.43456268310547,126.70499309231269,122.05914620983866,126.70499309231269,62420823
2023-09-20,120.41667175292969,123.70161595488136,120.13510224280408,122.43456031992622,43627379
2023-09-21,119.94740295410156,121.30830564643237,119.38426389185786,120.41668073223089,29826091
2023-09-22,118.96190643310547,120.7920867447554,117.78871208958371,119.33733005515442,34059194
2023-09-25,119.57196807861328,120.41666943209981,118.35184310573163,119.478113963917,23466981
2023-09-26,120.97979736328125,122.52842252002755,120.51051961661031,121.07365864110356,48936598
2023-09-27,120.27588653564453,120.83902558725802,118.91498386900311,120.83902558725802,33277329
2023-09-28,119.00884246826172,121.35523126171633,118.5395647095708,120.46360638444771,29982233
2023-09-29,120.97979736328125,121.58986702668565,119.71275604000188,120.32281138218599,28406435
2023-10-03,120.13510131835938,121.16751807380206,119.43118470907211,121.07365679740906,18613557
2023-10-04,117.60100555419922,119.29040113685885,116.8501582992771,119.19654702014611,33272725
2023-10-05,117.5540771484375,118.39877853611719,116.89709115835899,118.1641396595734,27063441
2023-10-06,118.16413879394531,119.19654841105287,117.41329153026153,118.72727066140305,21928671
2023-10-09,116.24009704589844,117.22558318347252,115.06690267288651,117.1317290657536,21457836
2023-10-10,117.60100555419922,118.16413741508576,116.14624168301638,117.03786653270257,28745957
2023-10-11,117.27250671386719,118.5395623657683,117.03786783916108,118.2579928518769,24455932
2023-10-12,118.16413879394531,119.10269429324495,117.41329153026153,117.64793040508644,19361688
2023-10-13,117.36637115478516,118.02335715742127,116.38088499022058,117.31944051433527,26912800
2023-10-16,119.19654846191406,119.43118733683909,117.27250682328476,117.41329158036181,23868700
2023-10-17,119.57196807861328,120.65130829914553,119.19654445921816,120.0412458127047,24241710
2023-10-18,119.29039764404297,120.79208494930779,118.82111991360958,119.99431423969303,20926079
2023-10-19,118.25798797607422,118.72726570613801,116.70937003474175,117.78871024601044,30941319
2023-10-20,115.53617095947266,118.02334425867602,115.16074735873467,117.31942769252089,30746140
2023-10-23,112.62665557861328,115.81774558546263,112.34508607542277,115.77081494806092,30699479
2023-10-25,113.89370727539062,115.25461703220905,113.33057541353237,113.75292251977353,27346103
2023-10-26,112.53280639648438,113.47136190077431,111.59425089219445,113.42443126131572,36298907
2023-10-27,112.53280639648438,114.31606328675728,112.15738276264636,113.09593826693629,28424007
2023-10-30,111.82888793945312,113.79985303410739,111.64117254529883,113.61214480056321,18753217
2023-10-31,111.45346069335938,112.76743976733991,111.12496771501672,112.62665501644737,22319950
2023-11-01,109.43557739257812,111.78196630391389,108.87244548597968,111.6881121795826,24717941
2023-11-02,110.8434066772461,111.26576096217472,107.55846232176101,107.55846232176101,72538804
2023-11-03,110.09256744384766,111.3126853465733,109.90485203992876,110.937261699346,31747230
2023-11-06,112.06352233886719,112.29816120173726,110.28026554893269,111.21882100041296,27883152
2023-11-07,112.29816436767578,112.81436558417691,111.12497002025044,111.9696713825187,25818033
2023-11-08,111.73503112792969,113.09593368982888,111.26575339477688,112.39201709009966,22552386
2023-11-09,112.29816436767578,113.09593509180301,111.54731712107956,111.87581010623664,22979112
2023-11-10,112.67359161376953,113.04900808852838,111.50039722862245,112.15738322006071,23584510
2023-11-13,113.56521606445312,113.79985494061935,112.53280644144378,113.42443130663135,17951775
2023-11-15,116.42781066894531,116.75630365626421,114.03449132020319,114.22219955278254,38344393
2023-11-16,117.03787231445312,117.55408072278941,115.4423307696854,116.38088630439829,30836413
2023-11-17,117.50714874267578,118.02335714512925,116.66245449954886,117.03787098066732,23319439
2023-11-20,116.7093734741211,117.9294984724875,116.42781112415123,117.36636661193766,18780290
2023-11-21,118.49263000488281,118.63341475978291,117.27250500989543,117.36636628690222,29643312
2023-11-22,118.35183715820312,119.10268435926109,117.78870533771446,118.63340664875226,19588063
2023-11-23,118.91497802734375,119.57197116841473,118.16413792976137,118.58648503711332,30736851
2023-11-24,118.21106719970703,119.19655337929183,117.83565071282757,118.91498385352175,14719450
2023-11-28,119.0557632446289,119.19654800116176,118.25799250508962,119.19654800116176,18377843
2023-11-29,119.90045928955078,120.27587574279143,118.91497319826944,119.33732744907995,23092165
2023-11-30,120.04125213623047,120.93288417433945,118.72727297943482,119.94739801659013,40165104
2023-12-01,122.01221466064453,122.29378417410548,120.18203430497894,120.97979788502786,31192397
2023-12-04,122.95077514648438,124.21783084785636,122.38763609671439,124.0770389248034,41230928
2023-12-05,123.51390838623047,124.31167196112051,122.01221387163,122.95076936295023,35192149
2023-12-06,123.74854278564453,125.20329228762658,122.7630566911388,124.35859810446154,40753593
2023-12-07,122.01221466064453,124.07703389065752,121.82450642541069,123.60775614196274,34686333
2023-12-08,121.26136779785156,123.32618703466484,120.08817342225079,122.15299265906407,34393711
2023-12-11,122.05914306640625,122.48149016825967,120.83901807788071,121.87143483460696,24038059
2023-12-12,122.1060791015625,124.0301064640694,121.73064830015036,122.05914846123339,30696410
2023-12-13,123.32618713378906,123.42004841240073,121.21443725601034,122.52842355047157,22767972
2023-12-14,123.88932037353516,125.06251469525424,123.42004264484753,124.17088987499169,43372143
2023-12-15,128.06588745117188,128.34745694857537,124.82787403408062,125.2032904831389,77377446
2023-12-18,128.20668029785156,129.14523574857895,126.79884712176045,128.44131916053342,38461877
2023-12-19,127.0804214477539,129.14525520744726,126.51729668520083,128.2536159379334,27726431
2023-12-20,121.77757263183594,127.78432193104543,120.8390171587582,127.549683062776,39495961
2023-12-21,122.95077514648438,123.37312227320139,119.99432377763384,120.79209455066069,34914399
2023-12-22,125.3440933227539,126.47035708936122,123.65469051223258,124.26474587545546,37357334
2023-12-26,126.8927001953125,127.73740873444707,126.18878357331052,126.42342244731118,25936447
2023-12-27,128.7698211669922,130.36536276960723,127.17427956437713,127.50277974192498,48101400
2023-12-28,129.66143798828125,130.2245770228141,128.44132728216107,129.66143798828125,34661176
2023-12-29,131.02235412597656,132.57096497955038,128.72288168351417,130.08379862169656,49202910
2024-01-01,131.25698852539062,132.2893909521552,130.50614128333095,131.39776611774306,21186105
2024-01-02,131.02235412597656,131.96090963025657,128.62903472581846,131.86704835134037,27764060
2024-01-03,127.03348541259766,131.02234606023316,126.0949299660952,130.9284847870951,45176618
2024-01-04,126.00106811523438,127.97204027234038,125.7664292546846,127.64354013908287,43913498
2024-01-05,125.43794250488281,127.59662311650266,124.68710952798986,126.70499821552649,71330190
2024-01-08,123.88932037353516,127.59661156592351,123.65468150919135,126.98655624711749,39559717
2024-01-09,125.43794250488281,126.51728997130326,124.35860935968341,125.29716490202064,30736868
2024-01-10,125.86029815673828,126.42342286346131,123.9831871585541,125.57872864276658,27213624
2024-01-11,126.61113739013672,127.31505404943226,125.95415137237177,126.56422106982723,23113349
2024-01-12,126.98655700683594,127.87818183243279,126.37648736316032,127.4558347383311,32883921
2024-01-15,126.61113739013672,127.87819310535714,125.71951248593992,127.64355421892529,34158775
2024-01-16,128.81674194335938,129.98993631442823,125.76643657858038,126.42342256213486,56361287
2024-01-17,123.56082153320312,127.40890467736091,123.32618266639399,127.12733517294598,58982971
2024-01-18,122.95077514648438,124.12396956582106,120.32281678292601,123.56083051605107,45273496
2024-01-19,126.00106811523438,126.42341519998008,123.51390192189447,124.4524573640936,32653013
2024-01-23,122.1060791015625,126.89270366949631,121.35523181995895,126.5172871893049,35373970
2024-01-24,126.84577178955078,127.22120258729399,122.10607790826535,122.19992486678571,39340119
2024-01-25,125.53179168701172,128.11281917964186,123.88931964624707,128.11281917964186,61358839
2024-01-29,126.7049789428711,127.08039537421428,125.29714584350586,126.42340945875426,29745400
2024-01-30,126.42343139648438,129.23909808380571,126.23572314824055,127.26813999541359,35704185
2024-01-31,127.59662628173828,128.30054295595298,126.23572357583416,126.70500135864395,36079354
2024-02-01,126.51728057861328,128.34746088605343,126.23571107257173,128.01896074213494,31701793
2024-02-02,130.17764282226562,131.0223513509592,126.51728216158723,126.98655990378806,69296192
2024-02-05,132.85252380371094,134.5419264397036,130.7877047247063,131.3977600249056,80737626
2024-02-06,135.76205444335938,136.18441589741428,131.82012400154235,134.2134435158952,53192936
2024-02-07,135.5274200439453,138.34308678436983,135.19893418362875,137.8268926722693,61517064
2024-02-08,134.823486328125,136.700597251294,134.26036164390618,136.3721114324713,38997666
2024-02-09,132.61788940429688,135.57433337574645,130.59998657192511,135.33969451067205,35961925
2024-02-12,128.95751953125,134.16650540271056,128.25360290865316,133.27488054499867,36477544
2024-02-13,129.37986755371094,129.75528398503542,125.86028480547309,129.2860062852704,39155909
2024-02-14,132.52403259277344,132.80560210458907,127.40890802613403,128.58210239101555,29141690
2024-02-15,132.52403259277344,134.6357824495602,132.33632435863646,132.80560210458907,31587387
2024-02-16,133.55645751953125,134.63579067265613,132.8056102159038,133.321818632224,22316127
2024-02-19,133.22796630859375,134.5419527586146,132.66484153391804,134.16652192094202,16973568
2024-02-20,132.3832550048828,133.50951873098805,131.44469951292507,133.22794921915667,24291123
2024-02-21,135.05813598632812,137.21681658472158,132.75867778593508,132.8525390680821,88000833
2024-02-22,136.93524169921875,137.16988057418055,134.68271422807362,136.09054747784444,46728176
2024-02-23,136.51290893554688,138.06153426578194,136.09056178047254,137.4045338898642,28414697
2024-02-26,133.88494873046875,136.9821850311979,133.509532224232,136.8883380652496,22570277
2024-02-27,135.33970642089844,135.6212759480105,133.2748870907785,133.88494246517038,24119469
2024-02-28,132.1016845703125,136.0436147447563,131.44469859477525,135.1989205363827,20721926
2024-02-29,132.19554138183594,133.13409683553382,130.83462451699825,132.1486107449071,32248156
2024-03-01,140.7364044189453,141.3933904516549,134.21344609200474,134.21344609200474,123709943
2024-03-04,143.69285583496094,145.3822443139194,141.76881415479082,145.3822443139194,67577785
2024-03-05,142.51966857910156,144.53755731968653,141.48725172690095,143.78671000183348,37165490
2024-03-06,142.28501892089844,143.27049073471392,138.8123521287512,142.4727271558528,51782444
2024-03-07,147.58786010742188,149.37110992236174,142.8950823615579,143.03585996544538,124847699
2024-03-11,144.02133178710938,149.1364561555137,143.59898469636403,149.1364561555137,54155385
2024-03-12,143.1297149658203,145.05375662140824,141.62802042457596,144.72525646512963,34947937
2024-03-13,134.823486328125,143.5051243477816,133.74415327579075,143.41127739435504,70937597
2024-03-14,133.69723510742188,135.10506843109684,129.84916594877632,134.7765825816387,91956952
2024-03-15,132.99331665039062,134.87042772328596,131.256997500695,134.11958042988365,68482621
2024-03-18,140.50177001953125,141.01797846217295,133.4626030413862,133.79110322885504,166913078
2024-03-19,139.61012268066406,143.08277496881314,138.5307896455703,139.84476154231226,105004268
2024-03-20,136.7006072998047,141.3933849526812,135.01121880174583,140.40791310255383,77550319
2024-03-21,140.87718200683594,141.9095844327994,138.71850155804697,138.90620978811123,84225737
2024-03-22,142.4727325439453,143.36435743461362,139.2347188245599,139.844774191538,68241556
2024-03-26,143.03585815429688,143.97441369158548,141.2526083619369,141.8626637326861,52965508
2024-03-27,143.31741333007812,144.63139954345195,142.66042738400097,143.0827744692492,35328794
2024-03-28,146.27389526367188,147.3532284698348,143.31743654558858,143.31743654558858,62575327
2024-04-01,153.12533569335938,153.82925237167004,146.88394687416002,147.16551640972858,84583929
2024-04-02,154.53317260742188,155.3309505896945,151.85829776099706,152.93763096409836,69533405
2024-04-03,153.5946044921875,156.0348545627091,153.07841041527234,154.53316000835417,50938559
2024-04-04,153.35997009277344,155.75328959315118,151.1074425166656,155.37787310420688,61094750
2024-04-05,153.31304931640625,154.06388227247126,150.91972988559223,153.82924339339579,44668121
2024-04-08,155.0493621826172,156.69183426997802,154.11080670412528,156.69183426997802,48255703
2024-04-09,155.80020141601562,159.36671491508395,155.04935420759818,155.80020141601562,63884687
2024-04-10,154.90858459472656,158.80358410211556,154.39237621729404,157.0203344214069,64134758
2024-04-12,153.45382690429688,155.80021569488244,152.98454914617975,155.80021569488244,55317636
2024-04-15,150.96665954589844,154.58008966747775,148.8549096479241,151.8582844163546,66426404
2024-04-16,150.21580505371094,152.46833244146617,149.23031895111058,150.96665229003597,41391261
2024-04-18,150.21580505371094,153.9230962766172,149.37109654238782,151.01356860631515,68093672
2024-04-19,152.13986206054688,152.51527855619668,147.63479250664264,150.1688896553321,60078229
2024-04-22,151.9052276611328,154.58010249446116,151.576727476812,153.7354081936673,39304790
2024-04-23,151.24822998046875,153.453841380171,150.91974411153186,153.453841380171,30295177
2024-04-24,155.37786865234375,156.64491000714344,151.52978530542475,152.46834082211518,59894921
2024-04-25,157.395751953125,157.6773214628384,154.0638771174936,155.2370714736159,50128523
2024-04-26,155.6125030517578,160.21141922265943,155.0962946681945,157.67732226479077,65355111
2024-04-29,157.11419677734375,159.17903048947522,156.64491899208141,157.8650440980078,44906151
2024-04-30,154.86166381835938,158.05274692006748,154.39238604921283,158.05274692006748,55043389
2024-05-02,157.06727600097656,158.52202563705234,154.86166474431158,154.86166474431158,69320283
2024-05-03,156.2694854736328,160.25834621395077,155.0024298629262,158.56894350674858,62573586
2024-05-06,157.30191040039062,158.28738223640633,154.5800908079654,157.63039623865563,37621296
2024-05-07,154.15773010253906,157.63038234562788,152.32754986967515,157.63038234562788,43611824
2024-05-08,155.84713745117188,156.83262355128622,153.45381815695703,154.11080411662664,30128705
2024-05-09,151.95213317871094,156.4572025454539,151.57671669865766,155.75328590443846,30223088
2024-05-10,152.28062438964844,154.25159659713955,151.9052079316596,153.17224921828685,31472419
2024-05-13,153.78233337402344,154.39238875612145,148.33870829223812,152.46834700464285,36561003
2024-05-14,154.81471252441406,156.3164069138405,153.4538100396821,154.01694901602178,46261468
2024-05-15,155.4248046875,157.25498514433107,154.8147349877422,154.8147349877422,29601304
2024-05-16,155.70635986328125,157.67733224483007,152.327568479339,156.9734155830228,41126570
2024-05-17,157.06727600097656,158.09967850653933,155.28401187482459,156.36335934304788,39181277
2024-05-21,163.63717651367188,164.43494019032437,157.63041201026945,158.146620460587,84833644
2024-05-22,162.65167236328125,164.71649161616284,160.96226958502524,164.6695609765295,42919832
2024-05-23,164.71649169921875,164.99806121594014,160.02371415793047,162.4170335682316,49377680
2024-05-24,164.10643005371094,166.64052696457762,163.4494297661507,164.2002770082053,38674485
2024-05-27,164.71649169921875,166.78131095314149,164.10643634733947,166.78131095314149,30410585
2024-05-28,164.15335083007812,166.59360085274736,162.79244822256734,165.09190632784006,39208456
2024-05-29,163.5432891845703,165.18576124237805,162.83937258836698,164.01256691537253,36575550
2024-05-30,154.0638885498047,161.4315553814586,153.313055563147,161.4315553814586,108813875
2024-05-31,156.9264678955078,157.6303844808536,153.92309332894308,155.84713485979879,83713848
2024-06-03,163.5432891845703,164.2472057807736,158.47509542039435,162.60473372296588,86397540
2024-06-04,149.18338012695312,163.91869725617764,139.04697879586485,163.77791967262576,125042158
2024-06-05,158.80357360839844,159.1790043677319,149.23031122429148,152.1867550577945,60098501
2024-06-06,161.47848510742188,163.96565158436454,158.99130430925808,159.5544433672781,57920819
2024-06-07,167.90756225585938,168.61147883488823,160.30527179507953,161.4315354572818,84319867
2024-06-10,169.212158203125,170.91095562178475,166.46219756941727,169.1370863687229,74286848
2024-06-11,170.18826293945312,172.45956542955724,169.40926019066714,169.40926019066714,55555544
2024-06-12,171.032958984375,172.57218937959226,170.34781750243351,171.05173410368323,33304643
2024-06-13,171.34268188476562,172.7880653079752,169.41864033427535,172.13106503130552,36669164
2024-06-14,171.8964385986328,172.22493876072468,170.253966430615,171.70873035796066,28509237
2024-06-18,169.9911651611328,173.2573485659894,169.50312661934797,172.50650131241707,35032118
2024-06-19,168.95877075195312,171.27700405992593,168.29239002340327,171.23945381879082,27476795
2024-06-20,171.07989501953125,171.70872548460727,168.34869508342138,170.4416841551151,38837494
2024-06-21,172.2863006591797,173.20545912431137,170.60115245683764,171.7692612390028,65494855
2024-06-24,170.39051818847656,171.33839941275582,167.65216705545657,169.89263217981113,47597307
2024-06-25,168.20750427246094,171.38629622063544,167.79580118808022,170.41926148471478,30599989
2024-06-26,165.22019958496094,168.513882350278,164.530823442929,168.20748646059263,44006436
2024-06-27,166.7521514892578,167.50854260865793,164.49253291428585,165.22020124495944,49767976
2024-06-28,166.60853576660156,169.56711472112474,166.18726329624906,166.76173372478144,37521949
2024-07-01,166.66598510742188,168.50431665661114,166.12979228870128,167.0776881572447,27807688
2024-07-02,167.11598205566406,168.27452146244843,166.21597697267265,167.04896708373604,33359495
2024-07-03,168.86814880371094,169.35646545267204,166.98194101048543,167.11598556691845,29090492
2024-07-04,168.7915496826172,170.61074250094825,168.34155443693248,169.471356467363,29504744
2024-07-05,167.2787628173828,168.7053767114824,166.02447104847684,168.7053767114824,38123217
2024-07-08,164.9521026611328,168.0064189713982,164.77018193648235,167.1734289266929,31479861
2024-07-09,164.49252319335938,166.31170121741644,164.21485010573164,166.21596346390575,25127904
2024-07-10,160.83502197265625,165.53618024725262,159.9158634377228,165.16276935310563,41525591
2024-07-11,161.7350311279297,163.67868445091202,161.49566481121008,162.76909536932962,33987236
2024-07-12,161.5148162841797,163.14250429654055,160.86373231337913,162.96058356043804,33311402
2024-07-15,159.66690063476562,161.80205867204833,158.74774217160137,161.51481617364936,32635187
2024-07-16,159.96372985839844,162.59675935397343,159.6094577734475,160.66267541558173,26505901
2024-07-18,159.28392028808594,160.48075185594854,157.44558875302025,160.48075185594854,36568852
2024-07-19,151.05929565429688,159.02539888823415,150.5135334524681,158.9392305226065,77987514
2024-07-22,153.50083923339844,153.86466610167957,149.75714651808016,151.66249305680057,40353690
2024-07-23,153.21359252929688,155.08064683428645,148.40711291074504,154.72638936891312,37077411
2024-07-24,153.4912567138672,155.12852877111797,152.41890027528842,153.21359821093546,28086566
2024-07-25,150.69546508789062,151.75825217012866,150.22630182482223,151.75825217012866,45155876
2024-07-26,155.63597106933594,156.018951305155,151.480575610685,151.99760039001671,45642032
2024-07-29,155.94235229492188,157.69451536236318,155.4253275157265,157.69451536236318,31754833
2024-07-30,157.09132385253906,158.26900196887053,154.4487105254659,155.97107670142609,42824600
2024-07-31,158.2977294921875,159.41796206705504,156.59344253796917,159.21688793885622,52769925
2024-08-01,156.12428283691406,161.76375262954843,154.05615437057605,161.04565368510555,118341338
2024-08-02,151.4901580810547,154.3338311372673,148.13902959418223,154.1519103961325,72427529
2024-08-05,143.4474639892578,147.44966209045603,142.66233539920745,147.12412738179393,102883971
2024-08-06,143.9261932373047,147.25816844448048,143.24638643501106,144.7783367837013,53507102
2024-08-07,147.31561279296875,147.73689986582087,145.43897436201678,147.16241483742957,32029697
2024-08-08,143.88787841796875,146.9134721525128,143.61978931336463,146.8751653605634,51858615
2024-08-09,145.35279846191406,146.4921844563585,144.8166202550603,146.4921844563585,23290101
2024-08-12,145.5921630859375,146.87516301026378,143.5048958606688,144.57725226192537,30550334
2024-08-13,142.5474395751953,146.44431577744308,142.18359808342728,145.63047903238453,29396493
2024-08-14,139.95269775390625,143.52403914556635,136.29518799367844,143.52403914556635,97911180
2024-08-16,143.16021728515625,143.61979654336187,140.23037577323345,141.7048659227837,54131721
2024-08-19,147.41136169433594,147.7368963848656,143.99320361449196,144.4336440738492,62889770
2024-08-20,147.3826141357422,149.07733166396417,146.30068837299874,149.07733166396417,37559016
2024-08-21,145.45811462402344,147.62198076401268,145.31450068477454,146.49217881589504,49749381
2024-08-22,147.5836944580078,147.78476859071984,146.0230214105015,146.0230214105015,36719176
2024-08-23,147.64114379882812,147.8230645402611,146.06133192490307,147.44965366407368,31490857
2024-08-26,149.0773468017578,149.74756960110676,147.16241616946866,148.03371311350293,32497603
2024-08-27,148.119873046875,149.84331343969902,148.02413528657172,149.17309067853427,24523684
2024-08-28,147.16241455078125,148.40712237003052,146.5400679460372,148.11987985639436,25195197
2024-08-29,146.4634552001953,147.02835617106115,144.76873767783806,146.6932521114545,44452983
2024-08-30,146.26239013671875,148.64648393077448,145.9847316352877,146.49218706221254,55134023
2024-09-02,146.37730407714844,147.35390819306303,145.66877447463654,147.35390819306303,19200143
2024-09-03,145.6783447265625,146.92305258273504,145.5443001641908,146.33899814459508,19780066
2024-09-04,144.7495880126953,145.70705325297433,142.81551874635903,143.14105342171146,39613696
2024-09-05,145.26663208007812,146.2911123229386,144.57725591620016,144.57725591620016,28347324
2024-09-06,144.78790283203125,146.3964375122058,143.28467530875676,145.47727901203777,30709532
2024-09-09,143.11233520507812,144.481503529731,141.7527362736201,144.481503529731,32624586
2024-09-10,143.064453125,145.1421509240014,142.48039874944587,144.09851732810043,41607844
2024-09-11,141.8676300048828,143.81128337122274,141.34102117440037,143.52404086279952,24633287
2024-09-12,145.28578186035156,145.95600461139665,142.42295551189292,145.53471756509396,73191476
2024-09-13,146.96133422851562,148.79008160011858,146.0134384505366,146.28152752940275,54894255
2024-09-16,147.65072631835938,149.03904804358055,146.97091954558672,148.40711745645567,32575460
2024-09-17,146.31983947753906,147.67943831395104,145.79323069342468,147.44964140549396,18275113
2024-09-18,144.19427490234375,146.47303230076827,143.2463790294976,145.91770069332145,24856345
2024-09-19,143.17935180664062,145.71664356917074,141.50378756355425,145.4294010626895,36913781
2024-09-20,145.5538787841797,146.81772538125833,144.2421413904577,144.57726008887275,53873369
2024-09-23,147.44007873535156,147.82305899048202,146.30069275316202,147.81348959751986,33281905
2024-09-24,153.70188903808594,154.63063146084204,148.2634936563583,148.5507215316357,137414352
2024-09-25,154.78384399414062,155.77003208493187,152.73486883534235,154.6306460397091,58044967
2024-09-26,158.56582641601562,158.8434849203407,153.65402482937571,155.10937615315066,88661662
2024-09-27,159.46583557128906,161.82119183483928,158.83390501872296,159.89669199903508,72795668
2024-09-30,161.38076782226562,162.9414262162406,160.1456294911625,160.37542640642263,92381529
2024-10-01,159.9254150390625,162.2807859160864,158.07751417123993,162.2807859160864,50761579
2024-10-03,159.87754821777344,162.7595280581904,157.5221918125888,158.46050369539955,75959797
2024-10-04,159.65733337402344,161.90738259681194,157.024303888095,159.89669969092603,53880875
2024-10-07,157.36898803710938,160.80628475561033,155.42533476120158,159.99244806433083,48775098
2024-10-08,152.73486328125,156.63173931572797,150.03480421918394,156.0668383152851,74956764
2024-10-09,152.29443359375,155.3008741562495,151.38484444896807,152.7348740754111,42766218
2024-10-10,152.92636108398438,154.324252260621,149.93907398014832,151.56676209160358,46507936
2024-10-11,153.8263702392578,156.81365713768548,152.42846454898114,152.52421691767853,53263433
2024-10-14,151.58590698242188,156.43067886066913,151.3178032686307,154.99448097060719,35566857
2024-10-15,149.01031494140625,152.7444234073302,148.45498336779914,152.71570061988155,38964393
2024-10-16,148.6369171142578,149.89119430858034,147.46880828982898,148.58904092772988,28518262
2024-10-17,145.91769409179688,149.65181722608608,145.63046621280222,149.0294560654913,28404223
2024-10-18,148.78053283691406,149.55607739472043,144.67301311566652,145.9177063216584,34750795
2024-10-21,148.4358367919922,151.2124801778258,148.0145497437117,149.46033162392519,25799090
2024-10-22,143.99319458007812,148.31135748461637,143.71553609316737,148.31135748461637,39079846
2024-10-23,142.45167541503906,145.48683843381778,141.7527298895184,143.90702665194343,42107893
2024-10-24,142.64317321777344,143.45702454907357,141.71443072808205,143.1314898604578,22115070
2024-10-25,139.6558837890625,143.1410567605819,138.28670086645107,142.66232412927562,39730802
2024-10-28,143.0261688232422,143.3612729068424,138.5739464860324,139.7899314876512,28386897
2024-10-29,143.67723083496094,144.05064169224244,140.31653311942756,143.4761713170648,32258407
2024-10-30,142.63360595703125,144.52938314763492,141.8006158267189,141.8006158267189,21362130
2024-10-31,142.24102783203125,143.57190387617973,141.8963397755013,142.7389138269655,26383702
2024-11-01,143.3804168701172,143.8591494807019,142.66231795424014,143.2942485065543,5106804
2024-11-04,140.69952392578125,143.61979603375312,138.92822187388833,143.61979603375312,25571021
2024-11-05,145.8123779296875,146.06132824738492,140.69951695069528,140.74739313561867,42772283
2024-11-06,147.08580017089844,148.35923064718642,143.22721656211465,147.4496416240549,48928986
2024-11-07,144.5293731689453,150.24544174589212,143.81127424832144,149.46989724917992,88254789
2024-11-08,141.29315185546875,145.53471583725118,140.68994408180956,145.53471583725118,61980989
2024-11-11,138.84202575683594,141.4080401336077,137.97074351341604,141.29314898277426,47497863
2024-11-12,138.0377655029297,140.8718691156459,137.492017898951,139.45481000440753,28861672
2024-11-13,133.2504425048828,137.49202133184406,132.70469488727792,137.49202133184406,57609083
2024-11-14,132.11105346679688,134.7440829513831,131.65147422931113,133.76747889794598,36345184
2024-11-18,135.20367431640625,137.15689699718155,132.1302044370754,133.5568329184097,40233848
2024-11-19,133.52810668945312,136.42922515204557,133.14511183364692,135.96006193234294,37611903
2024-11-21,134.2557830810547,135.57708984602934,131.41211002324619,133.56640690887318,58398744
2024-11-22,136.70689392089844,137.09945819896518,133.71002286651526,134.1887555149593,43710169
2024-11-25,137.5590362548828,139.9335460797896,136.76433831220302,138.7750212620927,53883890
2024-11-26,138.32501220703125,139.5984428013521,137.472868679675,138.08564588350688,25608469
2024-11-27,138.3824462890625,138.73670374332016,136.82177331423495,138.17180277308236,24895631
2024-11-28,137.2909393310547,139.07182525084315,137.00369683887718,137.87499370823693,30947861
2024-11-29,138.3920135498047,139.30161717741578,136.96539975235902,137.77923640632747,29742979
2024-12-02,140.1824951171875,140.5846287815188,137.05157956161287,137.98032205176875,23840351
2024-12-03,140.30694580078125,141.89634155975267,140.11545568024775,140.50801992368523,35527228
2024-12-04,139.6463165283203,140.79527193904764,137.8749999215352,140.74739575323386,38537808
2024-12-05,140.81442260742188,141.5899671293947,138.64097237947502,140.26866039728668,36328245
2024-12-06,141.98252868652344,142.35593958432852,140.3644245358758,141.22613749703783,30604899
2024-12-09,143.50489807128906,144.26128919959288,140.39313597135887,141.9825172020591,39059139
2024-12-10,143.9261932373047,146.01346061238982,142.95914391841148,143.80171807116724,36278104
2024-12-11,144.19427490234375,145.64004219447833,143.67723547724202,144.1846908994371,20499709
2024-12-12,144.36660766601562,145.18045896362426,142.3750782143673,144.4527760312419,25761723
2024-12-13,142.61444091796875,143.66765849885763,139.35906502937362,143.61978231613364,39701388
2024-12-16,141.5037841796875,143.42829870025722,140.84314542326788,142.60487799324102,22634773
2024-12-17,139.48353576660156,142.18359488415763,139.14843168256274,141.50378810321808,27110781
2024-12-18,138.31544494628906,140.6516480277094,137.20478168166815,139.78993509363937,19850229
2024-12-19,137.16647338867188,137.6835128312718,135.09835944755528,135.5292159098812,27104579
2024-12-20,134.69619750976562,138.25796922747668,134.04512818554898,136.81220203298884,46503449
2024-12-23,135.68240356445312,137.68350237985638,134.62918597226198,136.39091848123633,27514178
2024-12-24,134.40896606445312,135.48132238631018,133.32702574059147,135.19407991159585,25882917
2024-12-26,134.3898162841797,135.14620736516756,133.5759650188964,134.9547172467949,23939932
2024-12-27,133.0015106201172,135.72070861260912,132.71426810321762,134.71536710834124,19562177
2024-12-30,131.057861328125,133.3270495246232,130.30145552278444,133.00151481309618,32555723
2024-12-31,132.17808532714844,132.78127852119832,130.75145679502504,131.04826869538877,20080291
2025-01-01,130.92381286621094,132.56107037881694,130.77061490896088,132.2259662833139,18169498
2025-01-02,132.3025360107422,132.5610557087721,130.59824910178597,131.17273407301693,23388424
2025-01-03,132.47488403320312,133.7866066660078,131.97699804457096,132.30253270223997,23351832
2025-01-06,126.55774688720703,132.50361238433428,125.76306360416112,132.4748895962608,44620509
2025-01-07,127.70672607421875,128.18545872303827,126.39498868181578,127.13224105173092,24239451
2025-01-08,126.9981918334961,128.5301420973989,126.1652017302452,128.23331559382538,31570331
2025-01-09,124.40345764160156,126.76839806764471,124.18324471647617,126.38541779701265,31903107
2025-01-10,122.00980377197266,124.84390019037357,121.31085088710218,124.40345972299295,34855510
2025-01-13,117.70120239257812,121.11935301145725,117.40439050536858,120.6406203908586,38968332
2025-01-14,121.53106689453125,122.21086635898129,117.71078251633102,117.71078251633102,36877365
2025-01-15,121.14807891845703,122.85236592287846,120.42997996907405,122.55555402802851,18773125
2025-01-16,122.3736343383789,123.00556492559245,121.17680274582023,122.55555507800953,22164393
2025-01-17,124.73857879638672,125.58115294011135,122.21087097497396,122.45981399969992,27421959
2025-01-20,126.05988311767578,126.48117018126658,123.42685357999412,125.41838312893918,20571916
2025-01-21,124.18324279785156,126.76839610907963,123.752386347607,126.44286142309578,32238213
2025-01-22,123.4364242553711,124.8056072262617,121.7129911048261,124.7098548527199,27505569
2025-01-23,124.82474517822266,125.18858666353462,122.26831460717494,122.41193586164648,20722538
2025-01-24,124.22154998779297,127.53437165648766,123.80983232263387,124.94921833698494,37092106
2025-01-27,120.99488830566406,123.94387577351505,120.39168051290343,123.53217272178101,24650571
2025-01-28,123.14917755126953,124.93964752916087,119.4342149575899,120.9948880126621,40373804
2025-01-29,125.23645782470703,125.75348263224956,123.08216100871927,123.51301744996476,16674706
2025-01-30,125.54283905029297,126.52902709015444,124.56623501318917,125.23645776701343,25256096
2025-01-31,128.8939666748047,129.25780814322,124.40345233582303,125.54283831553602,26689228
2025-02-01,127.31415557861328,129.73654149456493,124.70984892743233,129.25780886912372,21173846
2025-02-03,126.21308135986328,126.8737201368187,122.37363620221089,125.7056113159095,27765357
2025-02-04,127.74501037597656,128.6258766422838,126.26093633425106,127.1513866031904,25032519
2025-02-05,128.68333435058594,129.63123028563984,127.41948771360889,127.48650268955087,16958362
2025-02-06,126.90243530273438,129.13333104438675,126.4045639015855,128.77907358400006,22408168
2025-02-07,132.42701721191406,132.84830426209064,126.92159199024184,127.6301215391534,52950146
2025-02-10,128.33863830566406,132.22595957234125,127.34288085359974,132.22595957234125,26120805
2025-02-11,124.5758056640625,128.62587962641553,124.18324140080149,127.3428796833171,23635428
2025-02-12,126.65350341796875,127.6205380710088,122.85236516716951,123.84813721898777,37927696
2025-02-13,130.45465087890625,131.8334032881424,126.25137867534517,126.65351235974546,52036196
2025-02-14,128.75035095214844,133.32703359361898,127.65884117175086,130.45463789680852,41469242
2025-02-17,128.5780029296875,129.06631956098687,125.16942895244972,127.2567108097113,21189637
2025-02-18,128.81736755371094,129.1620556260865,126.14604595012052,128.57800124261013,23957576
2025-02-19,129.9854736328125,131.05784461900643,127.3715976603746,128.77907270932423,18447487
2025-02-20,132.1685028076172,132.47489871450335,129.25781474100347,129.51633446121855,24139808
2025-02-21,134.77281188964844,135.57709385414466,131.31636153324553,132.04404451970584,41987785
2025-02-24,131.7950897216797,134.6770695597755,130.84720844635495,132.9057529509142,25193205
2025-02-25,131.23977661132812,133.4227963419775,130.8855045131865,132.59937559376687,23575603
2025-02-27,132.7908477783203,133.07809025346435,130.10037296764807,131.37380340663796,30747044
2025-02-28,131.36424255371094,131.93872760523516,128.35780195155925,131.93872760523516,45540594
2025-03-03,132.6759796142578,133.13555888824095,128.59716790215208,131.17275201281223,31154401
2025-03-04,133.4132080078125,134.94515829281517,130.03335675342007,130.3588914408109,28634645
2025-03-05,139.88568115234375,140.25909202154875,133.08767192247157,133.08767192247157,62109377
2025-03-06,144.04107666015625,145.72621026535774,139.9814186811011,140.54631968054383,79121467
2025-03-07,145.11343383789062,145.96557734294433,142.92084480008745,143.3708546453163,81821791
2025-03-10,144.62513732910156,147.67945399144855,144.0123601179238,145.11343937543094,54450331
2025-03-11,144.337890625,145.24747971693674,141.70486111111111,141.80061348279318,35916900
2025-03-12,143.9070281982422,145.80280527881376,141.41761273545356,144.57725094291294,26377549
2025-03-13,144.46237182617188,147.02837186521504,143.63895106846553,145.53472830699454,48286431
2025-03-17,145.35279846191406,146.14749637912962,144.48150157089648,145.52514980540872,35879780
2025-03-18,145.35279846191406,145.35279846191406,145.35279846191406,145.35279846191406,0
2025-03-19,151.85400390625,152.42847432600115,149.843320912718,150.1305634274742,66161413
2025-03-20,152.27528381347656,153.29020936319338,149.9869421966734,153.19445698367383,39889517
2025-03-21,150.5901336669922,152.95507400823206,150.14970783253443,152.2656978580057,49184821
2025-03-24,151.681640625,152.2369722139201,150.42736350595635,151.27950697987026,30905773
2025-03-25,150.06353759765625,152.23698799498456,149.41246818369657,152.23698799498456,28467187
2025-03-26,149.1826629638672,150.83907380780764,148.41668781778858,149.5560738387384,23182869
2025-03-27,148.8092498779297,149.4603338558387,147.6411410847122,148.2156260881754,25909068
2025-03-28,147.679443359375,150.23587378804137,146.84643866885847,148.77095314475795,24589315
2025-04-01,146.60707092285156,148.73264489614846,145.60174412203705,145.60174412203705,29142122
2025-04-02,148.1103057861328,149.6039492781643,145.7932415728839,147.44965240855873,24977582
2025-04-03,147.08580017089844,149.33584924737713,146.1091961804673,146.49217641870388,15117526
2025-04-04,134.41854858398438,146.48261682208707,134.04513771331628,146.12834473777897,80846143
2025-04-07,123.97259521484375,124.80559990848474,119.99912031177419,122.55555075002937,121806340
2025-04-08,124.73857879638672,130.40677165016805,122.57471246608434,129.1524944378805,68999181
2025-04-09,121.77043151855469,124.47048324757613,119.97039946750046,124.47048324757613,73399980
2025-04-11,127.74501037597656,128.9705647125571,124.93964423967024,128.941841924181,73706472
2025-04-15,130.60784912109375,131.17275015923235,129.10462154089,129.83230454165573,38967608
2025-04-16,131.14401245117188,131.74722021535035,128.89396333856956,130.60783426512873,42684087
2025-04-17,131.30677795410156,132.09190643682822,128.01309530319298,128.6833180263989,62282856
2025-04-21,133.260009765625,134.3323808066835,131.2206186675147,131.79508906581256,26503486
2025-04-22,132.2834014892578,136.76433181415285,131.84296104914992,135.96006451631428,58429662
2025-04-23,135.15579223632812,135.48132690063045,131.47912934480175,133.46107472782782,37851304
2025-04-24,135.50048828125,135.8451763607548,134.31322609412004,134.71535975191557,23061444
2025-04-25,132.9440460205078,137.34837708045265,132.1493481683336,135.96005549209787,37764696
2025-04-28,136.027099609375,136.53455503999055,132.49405038167612,132.64723372335874,26971589
2025-04-29,135.48133850097656,137.20477894449593,134.9260068797447,136.02710072882473,25758449
2025-04-30,134.12173461914062,135.53877910523266,132.1302051363776,135.43345734283497,29205042
2025-05-02,135.38558959960938,137.01329232174635,133.51853515865602,134.0451440034791,29588258
2025-05-05,136.0366668701172,136.63029066045345,135.19409276014787,135.54836484352708,17213477
2025-05-06,138.29629516601562,139.21545370509273,135.51963693184993,136.03667639362217,42658262
2025-05-07,139.78993225097656,140.69952135394513,136.15156122934144,136.15156122934144,34674594
2025-05-08,137.5590362548828,140.42186272720443,136.77392231533562,139.78993213040928,29687927
2025-05-09,136.70689392089844,137.17605717588756,134.53344360622944,134.99303746776363,21875453
2025-05-12,145.18045043945312,145.48683170107768,138.3537190064348,139.4165059444386,47087413
2025-05-13,143.0740203857422,146.48260883098732,142.6718867477112,145.53471300649727,54389876
2025-05-14,148.70391845703125,150.4656509255911,144.57724576642528,144.57724576642528,60002060
2025-05-15,150.65716552734375,151.12631415768095,147.73689354257314,148.88584894041847,57066105
2025-05-16,150.84866333007812,151.42313375333512,150.32205448477157,150.65717318899246,22884754
2025-05-19,150.86781311035156,151.41356072985053,149.48906075196962,151.2795161733279,21839582
2025-05-20,151.94015502929688,155.20511486986828,151.2795017032843,151.6146203674169,58061639
2025-05-21,154.76467895507812,154.96575308136366,151.78696150996174,152.66782776703747,36044599
2025-05-22,154.4295654296875,156.6413224535258,153.53912975015402,154.13275353650968,60715453
2025-05-23,156.03811645507812,156.57429466952186,154.630641337283,154.72639370833107,29483665
2025-05-26,155.59767150878906,158.50837403137618,155.1572456781114,156.16258710604288,25581584
2025-05-27,154.78384399414062,156.92855691713783,153.78807190009675,155.59768073375614,23296776
2025-05-28,154.3817138671875,155.77003566293013,153.8167982234654,155.49236253792478,13044476
2025-05-29,156.18173217773438,156.97643011523544,154.63064309549128,155.2912964778573,26455081
2025-05-30,154.17105102539062,156.91897148194354,153.68273442178048,156.17214979263815,32739340
2025-06-02,152.27528381347656,153.3093481512878,150.60930344402672,152.23699162752587,31365564
2025-06-03,150.65716552734375,153.81678921897827,150.48481418229866,152.27526955552628,28398746
2025-06-04,151.45184326171875,152.21781836864687,150.14012057007034,150.80077391717384,16660138
2025-06-05,151.25079345703125,152.3231499097348,150.36992714091605,152.10293698314624,23708504
2025-06-06,154.30775451660156,154.68987355895635,151.13321673748325,152.55391497441923,25804151
2025-06-09,154.1411895751953,155.00339807472366,153.6512926059639,154.50370854827648,15315437
2025-06-10,152.5343017578125,156.08116571614772,152.35794603830144,154.80743070129662,22764080
2025-06-11,153.24957275390625,154.34693717546995,152.17179344667835,153.2887579330468,17605668
2025-06-12,149.80068969726562,153.10259037648876,148.78171061318454,152.84784934308564,27846151
2025-06-13,149.05604553222656,149.41856447828644,146.77312403171527,146.77312403171527,24277592
2025-06-16,151.05482482910156,151.37815861242703,147.7921093251464,148.93846640213576,16188193
2025-06-17,149.5165557861328,151.7602772489202,149.27160731004182,150.70209803815087,16740382
2025-06-18,149.0364532470703,150.10442502801618,147.75292560844213,149.12463111144888,14860746
2025-06-19,147.94888305664062,149.3695812614616,147.4589860928769,148.92867698416805,20145922
2025-06-20,148.89927673339844,150.07502639609703,147.5863565258928,147.70392700702223,29944714
2025-06-23,149.3499755859375,150.2024064371807,147.43938048913083,147.45898055307632,17096676
2025-06-24,151.66229248046875,153.79825097470666,150.5355354661638,150.69230607959693,25403324
2025-06-25,153.22996520996094,153.72965470957556,152.3677418062637,152.7498608237262,18240433
2025-06-26,157.29611206054688,157.84480922363562,153.28875844651355,153.70027010597835,40650557
2025-06-27,158.18772888183594,160.00035365399057,157.4528834256331,157.74682459820806,31989509
2025-06-30,156.53187561035156,158.92257523340902,156.27713456626822,157.7370329296518,15842285
2025-07-01,156.8258056640625,157.19813212171806,154.54288413508942,156.77681298008653,17823415
2025-07-02,162.52821350097656,162.7927470840807,156.60045754044165,156.8258059465753,63315210
2025-07-03,162.5576171875,165.36962102869037,161.87176441531565,162.64579505453744,60571824
2025-07-04,159.71620178222656,163.12589539382557,158.7266153035522,162.55761312522574,22938753
2025-07-07,159.1185302734375,160.0493464791388,156.81602347896515,159.7064126190942,17469909
2025-07-08,158.6972198486328,159.6084210032526,158.33470088825314,159.167516736486,11398248
2025-07-09,155.7872314453125,158.67762048517898,154.3273331395368,158.67762048517898,29839077
2025-07-10,157.4136962890625,158.28571228822938,156.06157588231,156.76702870753138,17566887
2025-07-11,156.61026000976562,158.35429202947023,156.1007779245607,157.39409815300198,20689511
2025-07-14,157.19813537597656,157.8643880503442,156.08117093035503,156.61025305703114,15152964
2025-07-15,155.7872314453125,157.59985615615295,154.75844485133464,157.02176638780477,17993051
2025-07-16,154.15097045898438,156.05177294773478,153.82763668972055,155.787224418252,14591157
2025-07-17,156.66903686523438,157.45287496649962,153.94521104995056,154.31753751190692,21733241
2025-07-18,159.08912658691406,159.4614530433001,156.86500525657647,156.86500525657647,30728478
2025-07-21,159.72601318359375,162.25388335707254,159.20672358850962,159.21651614579585,29812899
2025-07-22,159.74559020996094,161.08791801366775,159.44185649430568,160.0003461911957,13615524
2025-07-23,159.48106384277344,160.82337675678392,158.60904783395793,159.95136074796844,14287149
2025-07-24,160.17669677734375,161.42103917135105,159.52023668220534,159.70639990852942,14377270
2025-07-25,158.16812133789062,160.28447973979533,157.79580982400492,160.19630187733304,12443495
2025-07-28,156.4534912109375,159.0107540258306,155.87541636688312,157.97217482791075,19296285
2025-07-29,158.42288208007812,159.16752008069668,155.00339590063598,155.00339590063598,15262937
2025-07-30,158.09954833984375,159.5006464764026,157.79581461516142,158.42288212915784,16083106
2025-07-31,154.7486572265625,158.85399622593465,153.39653680564152,157.74682428993594,26213891
2025-08-01,149.9182586669922,154.73884284196984,149.42836171891963,154.73884284196984,23927359
2025-08-04,156.33590698242188,156.68863337246128,150.39835854214874,150.39835854214874,30064719
2025-08-05,156.3946990966797,156.90419611590218,155.0817788456723,156.33591385416722,14441034
2025-08-06,155.4541015625,156.57106599467667,154.61147822240403,156.39469532092863,13438851
2025-08-07,156.44369506835938,156.76702885943823,153.10259417768006,153.97461017769194,23159540
2025-08-08,154.75843811035156,156.71802584191784,153.83742948444055,156.277121592409,11951173
2025-08-11,155.3169403076172,156.76703115971318,153.97461243699314,154.75845058288553,14325736
2025-08-12,156.92379760742188,158.38368097798784,155.29733611426408,155.31693617876937,20056598
2025-08-13,156.94337463378906,159.11851821725458,156.66903354672746,157.70762760542405,18079396
2025-08-14,152.16200256347656,157.35491345916554,151.7014982135466,156.78663117732714,47256126
2025-08-18,154.76824951171875,155.78722857956774,152.84784690825515,154.80743468913022,61022494
2025-08-19,156.0125732421875,156.23793659591405,153.59248119487864,155.29732790547314,21224239
2025-08-20,158.64822387695312,159.47124715126446,154.836826266843,155.00338943303922,28520245
2025-08-21,158.2465057373047,159.25569224762015,157.93297946685604,158.6482248201789,17282594
2025-08-22,155.34632873535156,158.02116194615854,154.90542446221374,157.99176932464727,16063984
2025-08-25,156.40451049804688,157.09036326188235,155.43450912103523,155.98319133210362,16376542
2025-08-26,151.89744567871094,155.9439992314392,151.51532665935787,155.9439992314392,19621100
2025-08-28,150.52574157714844,152.72047034391545,150.06523724830674,152.63229248106538,22269875
2025-08-29,151.35855102539062,151.96603338377983,149.95745298441892,151.3781510886852,16971859
2025-09-01,153.01441955566406,153.20058279845597,150.59432730030775,151.35856538616036,10798622
2025-09-02,155.18955993652344,155.85582758300345,152.35795607753843,153.01441621642076,21202113
2025-09-03,164.4584197998047,164.6053829115023,155.19935505065737,155.19935505065737,82352014
2025-09-04,163.43942260742188,165.8791148683674,163.25325936917514,165.58517370010776,26316842
2025-09-05,164.29183959960938,164.60538083456697,162.5870077235515,163.6255869010279,16798170
2025-09-08,165.4088134765625,169.01444785456843,165.05608707432555,166.56496310305295,36402317
2025-09-09,165.7321319580078,166.29062165640096,164.59558239805637,165.87911001307,14028910
2025-09-10,166.0064697265625,167.28020475923196,165.34021706513215,165.77132876392503,13128306
2025-09-11,165.9868927001953,167.44677608258885,165.05609145998108,165.92810745667194,13829526
2025-09-12,166.3494110107422,167.5447607925511,165.22265397975173,166.1730552808698,12119036
2025-09-15,165.81051635742188,166.76091762984797,165.2226489917924,166.33961343200357,10611401
2025-09-16,168.54415893554688,168.7891074222772,165.60477709478272,165.9672960709935,26629438
2025-09-17,167.89749145507812,169.40636755614264,165.92811100261414,169.0144559572989,21381306
2025-09-18,168.55393981933594,168.72050298472064,166.3787962117765,167.9954650825129,16413388
2025-09-19,168.0150604248047,169.1810176039512,167.152851925054,168.62254283312726,25406461
2025-09-22,167.9268798828125,168.73031807598298,167.0646564463308,167.34880505629351,20970704
2025-09-23,169.78848266601562,170.29797969308981,167.74071695110763,167.9856654323302,24533561
2025-09-24,169.1712188720703,170.91525082329014,168.8968777752808,169.66111582354708,20168891
2025-09-25,168.89688110351562,170.3371793652769,168.3873840778086,169.40636317875388,17026549
2025-09-26,164.01748657226562,169.86685712635648,163.8215307898951,168.74010016487503,20157657
2025-09-29,165.56556701660156,166.83930206116054,164.1742614896264,164.21346161741062,16832342
2025-09-30,165.3598175048828,166.71192289452748,165.00709110965636,166.07506285197854,24553596
2025-10-01,164.12527465820312,166.3102258708126,162.7731692107931,165.5851729856298,17542776
2025-10-03,169.71011352539062,171.2091970451847,164.72295104958138,164.72295104958138,55172705
2025-10-06,166.62374877929688,169.9746421340475,165.879110795064,169.79828640770359,21474004
2025-10-07,167.966064453125,168.72050995731377,166.95687791202062,166.95687791202062,19189843
2025-10-08,168.46575927734375,170.12161329868525,166.62374202986783,168.52454451707717,22662699
2025-10-09,172.85523986816406,174.22696031292153,169.28879063254445,169.29858318947913,68504717
2025-10-10,170.3469696044922,172.58089852081383,169.40636087371374,172.44372797158246,18085975
2025-10-13,169.5337371826172,170.2881826711327,167.45657890046212,169.50434456167864,19386219
2025-10-14,167.0646514892578,172.88462961188387,165.83011656494588,171.3757535932804,22082970
2025-10-15,169.739501953125,170.48413994081272,166.67274223785583,167.37819504744152,15031989
2025-10-16,170.48414611816406,170.96425053250476,168.74011409529163,169.5043521749562,12205250
2025-10-17,168.7401123046875,170.7878780361492,167.5349699534617,170.09223271611626,21659007
2025-10-20,168.47555541992188,169.79828314395053,167.36839849695085,169.79828314395053,18049579
2025-10-21,169.28878784179688,169.74929216810278,168.62253516997373,168.91646137785548,2471987
2025-10-23,170.6409149169922,172.52211747382847,170.1314178858275,170.38615892617537,31472510
2025-10-24,170.91525268554688,173.76645656232023,170.2097998716964,171.07202329984003,25226376
2025-10-27,173.09039306640625,174.30532792781943,171.98322118098574,172.3359475811792,23832477
2025-10-28,178.13632202148438,178.3812704902341,173.44311593844535,173.76644971125117,59511794
2025-10-29,181.44802856445312,183.16266783116117,178.37147642106427,179.95873770095284,51610530
2025-10-30,180.62501525878906,181.44803856405343,178.94956107620848,180.67399299444838,24270977
2025-10-31,179.1455078125,180.57601344258129,178.44005502923633,180.28207229114344,16041321
2025-11-03,178.9789581298828,180.38007124540465,178.1265421819268,178.71440957861506,16652212
2025-11-04,175.667236328125,179.3904560232443,175.2851173169437,179.30227816307968,18746387
2025-11-06,173.6880645751953,177.01935777322672,172.9532191682353,175.66723744027053,23664538
2025-11-07,177.70521545410156,178.56743887313962,171.47372563120948,173.42352088090925,19165876
2025-11-10,177.81298828125,178.82217477664634,176.55885331705906,178.35187790269174,18376132
2025-11-11,177.3818817138672,179.20429897242093,175.40270879310737,179.20429897242093,14109340
2025-11-12,175.00099182128906,178.46945570347353,174.40331693489793,177.7738103958271,19037263
2025-11-13,173.08058166503906,180.28207261093482,171.56191312244096,180.28207261093482,82083661
2025-11-14,170.73887634277344,174.1093696859203,168.64211803518344,173.93301396354244,38345500
2025-11-17,169.67091369628906,171.70888687233943,169.13202404268722,171.59131638445137,28204282
2025-11-18,168.9654541015625,169.62191421676354,167.10385168236368,168.91646141674815,34278387
2025-11-19,169.71011352539062,170.3861587800188,168.58334153340576,168.9654605688343,19621610
2025-11-20,168.9752655029297,170.8368679650301,168.779294759156,170.5821269287805,15968891
2025-11-21,164.60537719726562,168.42656747344327,164.31143603360536,168.3285970525356,28412865
2025-11-24,162.0187225341797,164.97770434638255,161.84235185507077,164.60537787418383,31202769
2025-11-25,162.9691162109375,163.89012484092416,161.74437387328885,162.6457824397421,19983310
2025-11-26,166.2416229248047,166.51596401038026,163.52758973843058,163.6255751049081,15044796
2025-11-27,164.73275756835938,167.54476135192886,163.80194137825137,167.005871702516,17546627
2025-11-28,164.56619262695312,165.58517172087537,163.90971754715025,164.73275579853328,11975539
2025-12-01,165.22265625,166.22203530061321,164.3114401150656,165.58517522225367,11758473
2025-12-02,164.3898162841797,165.4382029138782,163.6255782524512,165.0266763271307,15355023
2025-12-03,163.5471954345703,164.59558208020943,161.66599294706072,164.38981878370706,18873943
2025-12-04,163.40023803710938,164.57598776405808,162.84174832028913,164.40942458986666,11419966
2025-12-05,163.7333526611328,164.26243476770992,161.6659870170177,163.6255747384361,33500436
2025-12-08,160.1669158935547,164.80133702411302,159.70641154765582,163.7137651572728,15772400
2025-12-09,157.42349243164062,160.08853317640472,156.82581752306186,160.08853317640472,25766371
2025-12-10,158.95196533203125,160.37266354271006,157.56065974326197,157.74682298233478,22537548
2025-12-11,163.0181121826172,163.2924532757465,159.87296721789184,160.1963009956089,32603566
2025-12-12,168.41677856445312,169.01445346166966,164.01749842261532,164.21346916961272,41130927
2025-12-15,169.37696838378906,169.6709095467895,167.05486160197606,167.49576587124238,23254201
2025-12-16,166.39840698242188,169.21041081212448,165.83012470194237,169.21041081212448,22981935
2025-12-17,166.89808654785156,167.83869525433352,166.23183388321416,166.65313807694636,11624504
2025-12-18,164.7229461669922,167.00586775474434,164.17426397345784,166.4865781822587,13152378
2025-12-19,165.28143310546875,166.1926342436874,164.4388097650615,165.73212992099573,28448892
2025-12-22,165.80072021484375,167.99546387027857,165.58516436696766,165.62434954364147,23729300
2025-12-23,167.44677734375,167.88769657443396,165.83012333280536,165.92810870639488,17348078
2025-12-24,166.63356018066406,168.18162142742085,166.24163363996013,167.88769520997894,17430406
2025-12-26,165.70274353027344,166.46698159443727,164.42902339031292,166.45718903737267,16904834
2025-12-29,168.81849670410156,170.61152138554397,165.8693074139259,166.08486327402076,48001907
2025-12-30,172.24777221679688,172.78666185691725,167.34880267109997,169.28879042506475,33741158
2025-12-31,176.4412841796875,177.73460433052753,174.8932080510617,176.3628988750202,50897201
