Price,Close,High,Low,Open,Volume
Ticker,TCS.NS,TCS.NS,TCS.NS,TCS.NS,TCS.NS
Date,,,,,
2020-01-01,1841.1494140625,1854.9943921477904,1829.5975545391166,1841.4890892482845,1354908
2020-01-02,1832.6978759765625,1851.6394346034203,1825.5205264223189,1851.6394346034203,2380752
2020-01-03,1869.221923828125,1888.2059941676498,1838.0916650376942,1838.0916650376942,4655761
2020-01-06,1869.052490234375,1890.7120778453518,1858.39253407301,1872.9172816550415,3023209
2020-01-07,1873.6390380859375,1881.1135521553886,1854.9098269215103,1869.0946894754072,2429317
2020-01-08,1915.5992431640625,1919.6338718770785,1870.411443052674,1872.917118357946,5197454
2020-01-09,1880.8587646484375,1912.7959068867915,1877.1638117534574,1910.077883113388,3734173
2020-01-10,1880.1796875,1897.5497861901479,1875.465500406377,1892.4534125477392,1915807
2020-01-13,1860.4736328125,1884.7662212096955,1855.67442351397,1883.8320105243963,2843893
2020-01-14,1874.53125,1893.982535565308,1864.4235243203632,1864.4235243203632,2948452
2020-01-15,1891.5185546875,1895.0011588156267,1863.7433662679941,1879.7120414428427,2620681
2020-01-16,1901.6265869140625,1910.2903790842545,1881.4109336023228,1891.5611678193789,3117214
2020-01-17,1884.8934326171875,1914.1550629449189,1879.712037680234,1903.282760249428,3281059
2020-01-20,1843.48583984375,1904.514789824649,1831.4667675734145,1864.338336112075,5817599
2020-01-21,1844.0799560546875,1857.2455849789383,1833.037815666606,1843.1455381500018,1902980
2020-01-22,1874.53125,1877.1644595662883,1846.3313547967512,1852.5319847575,1773686
2020-01-23,1865.2086181640625,1888.0241471151915,1859.0365180325846,1881.2561616430298,2069866
2020-01-24,1858.7811279296875,1865.208667044992,1847.3734670765718,1865.208667044992,1319430
2020-01-27,1846.7354736328125,1867.337482755451,1843.1173448957193,1864.1450162227216,1549101
2020-01-28,1859.0791015625,1862.5270059181612,1832.0495599599315,1850.7786911491128,1743024
2020-01-29,1834.2633056640625,1861.8035203479224,1830.3471309908557,1860.1434796348929,2306761
2020-01-30,1820.0035400390625,1843.1169091342633,1809.0639408361708,1838.8602880970018,2098567
2020-01-31,1769.94580078125,1825.537318301137,1763.603476410503,1821.3230968054377,3287223
2020-02-03,1789.909423828125,1868.401486362742,1781.9920659020738,1832.0499786340665,4728073
2020-02-04,1794.37841796875,1819.0242097296616,1776.3729959273448,1812.469055559468,3509339
2020-02-05,1827.4102783203125,1836.0511371146565,1791.441825452799,1800.5509541962376,2439322
2020-02-06,1811.9161376953125,1850.9492317278268,1800.9765374199822,1826.0906040018253,2640065
2020-02-07,1818.8968505859375,1831.1984443127308,1803.9560685721415,1820.9825534100098,2083442
2020-02-10,1840.5206298828125,1844.8198594024605,1803.9562907585666,1822.6002108152,2383032
2020-02-11,1833.24169921875,1851.4601642896578,1828.3041844594725,1841.4144957907451,1335820
2020-02-12,1848.0125732421875,1860.1439468083288,1830.3475906809642,1831.2841307249787,1620407
2020-02-13,1866.0601806640625,1870.35940976988,1848.2249788850293,1849.8850196328256,1645948
2020-02-14,1859.46240234375,1883.1292582794824,1848.2249637092027,1862.6974760920018,1500115
2020-02-17,1875.6805419921875,1887.3862528522318,1864.5707166618972,1870.3171565386463,1774724
2020-02-18,1886.3214111328125,1890.7908627444326,1861.0371264413504,1872.8704485235667,2486223
2020-02-19,1869.8060302734375,1898.4530070862859,1864.8257004585244,1886.321636973739,1760463
2020-02-20,1836.13623046875,1885.1723838048908,1831.4113391930252,1876.7443566535846,2317278
2020-02-24,1800.848876953125,1854.992975797518,1793.4847973149003,1835.4551253774898,3092877
2020-02-25,1835.582763671875,1853.0349114165053,1797.1455555568139,1800.97651481783,2674567
2020-02-26,1807.8726806640625,1842.1808896394898,1798.805950588366,1833.7528607425893,2686842
2020-02-27,1792.4632568359375,1804.7648510124557,1776.0326567981538,1804.7648510124557,2349001
2020-02-28,1702.7763671875,1761.8156882641067,1694.13540451586,1760.5387017782907,4298076
2020-03-02,1703.7552490234375,1748.5773872786488,1690.47450769598,1732.4448344429431,2667076
2020-03-03,1733.4664306640625,1753.7279897845094,1712.8644249739966,1719.675019109082,2757585
2020-03-04,1773.478759765625,1783.0561582463324,1723.931726527335,1750.3227801186176,3237002
2020-03-05,1809.1065673828125,1828.4315855238933,1774.2022745151698,1775.6068763349078,3937056
2020-03-06,1801.785400390625,1807.9148942148595,1763.6036275453152,1786.0785075151293,2595027
2020-03-09,1679.109619140625,1770.6694938039764,1647.3126743502442,1766.4980874815278,4940975
2020-03-11,1663.2320556640625,1691.8366320534906,1634.5424715599345,1645.6096862111215,6796449
2020-03-12,1506.7161865234375,1624.6672016335385,1496.925957756006,1620.9213541904119,8728786
2020-03-13,1537.7470703125,1549.410171241741,1282.1369582711084,1436.9502559705115,8029720
2020-03-16,1444.1865234375,1568.3521483806219,1426.6917679868736,1494.0741052560682,7844271
2020-03-17,1411.4954833984375,1473.642148228405,1381.8268566577278,1472.790824052652,5713248
2020-03-18,1408.4310302734375,1458.7868865335959,1385.7432154835387,1427.5007165633792,7258778
2020-03-19,1403.2427978515625,1445.348208151082,1326.4068383658043,1337.5119967888709,5135111
2020-03-20,1541.3931884765625,1602.7505341021995,1395.224782763124,1397.797416044187,8547498
2020-03-23,1431.8419189453125,1500.7027797992453,1387.2925268687022,1389.2220018713012,7003490
2020-03-24,1460.52685546875,1517.8536811923277,1400.2414385750947,1417.5638993270773,6350865
2020-03-25,1500.9598388671875,1552.1551920018178,1440.6744323552784,1457.825318454746,2765520
2020-03-26,1535.8189697265625,1571.0641252915073,1477.163021536476,1570.6781675361465,4556067
2020-03-27,1564.5897216796875,1586.4571033748543,1501.0457040428153,1560.7307719687758,4331250
2020-03-30,1525.142822265625,1633.6221964666943,1512.322574459605,1514.4235165145312,8513547
2020-03-31,1565.9619140625,1590.744969838719,1526.429135478663,1575.6522083117031,3927593
2020-04-01,1465.3291015625,1573.379703930825,1459.5406764356255,1565.790456367289,4941878
2020-04-03,1418.5498046875,1492.127150897123,1414.9481603334789,1492.127150897123,5735369
2020-04-07,1522.3126220703125,1531.4454899369334,1462.1130531895685,1466.4007747531741,5427577
2020-04-08,1462.4991455078125,1548.7252821299135,1458.683114564221,1509.2782372916101,6285615
2020-04-09,1514.5517578125,1525.3997132227692,1484.5805242633048,1501.0882506369821,5307397
2020-04-13,1508.6348876953125,1532.4317432494095,1497.2724251334464,1510.1355902978232,2990438
2020-04-15,1487.96826171875,1553.8705312497955,1481.6653309966784,1530.7168312808417,4761399
2020-04-16,1471.5889892578125,1513.4800088390127,1436.4296717304637,1466.3578851006434,6245533
2020-04-17,1548.896728515625,1588.1293867180648,1503.2754060956759,1543.579994850095,9895823
2020-04-20,1559.5731201171875,1569.306227972019,1545.7237573330954,1569.306227972019,3244282
2020-04-21,1490.1119384765625,1538.9490466079792,1481.5793095129716,1513.5657551629176,5122541
2020-04-22,1517.425048828125,1535.004711727801,1474.2477025936034,1490.1122764298962,3829836
2020-04-23,1610.6827392578125,1629.334329609926,1510.007007639457,1526.4290035292993,5934366
2020-04-24,1559.4874267578125,1588.1293262719785,1550.268824361662,1578.481951671356,2987102
2020-04-27,1574.9659423828125,1607.895666570314,1565.0184487951058,1571.2785644625692,3374741
2020-04-28,1594.2178955078125,1601.8928757113408,1571.5357842183566,1599.3202426133032,2678505
2020-04-29,1634.179443359375,1640.096520425824,1586.4999975063731,1607.0381432168233,4241510
2020-04-30,1727.4801025390625,1742.5300471314006,1665.522525814041,1697.9377427756758,5915544
2020-05-04,1655.4464111328125,1685.9321539578934,1641.0397291871698,1685.9321539578934,3729348
2020-05-05,1657.4189453125,1695.3652851547342,1652.4880649940176,1676.5850417881977,2905528
2020-05-06,1632.42138671875,1675.384337270059,1623.8459433080814,1663.464554673794,3517431
2020-05-07,1622.1739501953125,1658.8767891775371,1615.0562895178284,1637.909869629695,3166754
2020-05-08,1623.67431640625,1663.2070856999471,1617.5428540353314,1662.864047061163,2686530
2020-05-11,1659.605712890625,1673.4121567420582,1637.0522533839771,1637.0522533839771,2449841
2020-05-12,1671.7828369140625,1677.7856478186013,1638.1242186278982,1657.976392769766,3256595
2020-05-13,1671.911376953125,1709.943448258849,1651.3303123803003,1709.943448258849,2656665
2020-05-14,1631.3494873046875,1649.1435327200934,1621.702113284287,1637.9097225747016,2263146
2020-05-15,1623.2457275390625,1644.2555641980364,1599.4916861406964,1643.0549811670965,3173682
2020-05-18,1668.438232421875,1674.7411623297828,1605.4087239813866,1635.337042122603,3727694
2020-05-19,1671.0540771484375,1686.318306132054,1631.9071505770628,1631.9071505770628,3198693
2020-05-20,1675.298583984375,1683.2737881343803,1656.5183422006914,1672.211445329139,2778505
2020-05-21,1707.5423583984375,1713.3737021599557,1664.6223242133185,1668.781393595232,3400908
2020-05-22,1732.539794921875,1742.530208044889,1681.8589421889953,1695.4509998933604,3663418
2020-05-26,1666.208984375,1735.6700897452392,1650.7731831816134,1727.952189148546,4575317
2020-05-27,1719.6336669921875,1723.664083424431,1664.7079114167548,1679.9293230987366,3482160
2020-05-28,1718.776123046875,1727.0942610814907,1690.4771604770194,1705.226880913875,3475681
2020-05-29,1691.377685546875,1717.3613228796191,1682.8451605930363,1699.6530099877514,7237735
2020-06-01,1753.8927001953125,1766.5414802113892,1698.8812054943344,1706.5133716605167,3747773
2020-06-02,1755.522216796875,1784.5500767340839,1749.433671877752,1766.7131095393202,2443886
2020-06-03,1759.822265625,1774.9593907336337,1737.3315417477602,1764.7246998002104,3699799
2020-06-04,1798.869384765625,1806.1368936040424,1760.3384223733683,1760.3384223733683,4048593
2020-06-05,1761.62841796875,1804.4166585614244,1754.7909421206657,1798.912325671897,3573289
2020-06-08,1781.8399658203125,1801.8364804602654,1773.5404211540367,1787.4303892680414,2957841
2020-06-09,1782.0980224609375,1802.2665080792453,1771.949211772973,1774.4004814225148,2909439
2020-06-10,1813.6624755859375,1833.6589913215028,1783.345177535242,1786.3984509655056,5168397
2020-06-11,1778.3135986328125,1810.4371155285323,1773.2823435615098,1806.136789838441,2269513
2020-06-12,1754.102783203125,1762.445372733657,1729.5909276888867,1729.7628987146727,2842642
2020-06-15,1745.8465576171875,1770.874436622272,1720.9476044151804,1753.7591163099735,2399022
2020-06-16,1759.521240234375,1783.731989037868,1746.7922346384917,1776.0344483153544,2146528
2020-06-17,1761.241455078125,1770.7452169751268,1742.9650706519071,1759.693295813712,2703527
2020-06-18,1752.89892578125,1771.046281152258,1741.8040633069688,1758.8333968710685,1944389
2020-06-19,1758.4893798828125,1797.5363630246716,1747.6525787876233,1756.2532312422866,5681758
2020-06-22,1744.1690673828125,1765.068692384611,1736.6005571060468,1763.1335458099416,3196138
2020-06-23,1750.490478515625,1757.9730026273335,1728.7307902548632,1743.3518964410985,4205944
2020-06-24,1756.4249267578125,1775.3894044406768,1747.3082575837284,1749.3724348467176,2560937
2020-06-25,1733.977294921875,1771.7341752860927,1728.085869754166,1750.2325469452421,3043931
2020-06-26,1822.348876953125,1833.6586481326358,1737.2883193064747,1741.631689713221,6300722
2020-06-29,1807.5557861328125,1829.874644110098,1798.6542380743408,1813.0172836678028,3076341
2020-06-30,1790.7845458984375,1816.3714837939795,1784.6782093951856,1806.1367926264988,3071725
2020-07-01,1799.29931640625,1818.1346589634443,1788.5054569142367,1788.6774279467036,2503466
2020-07-02,1855.2890625,1862.0406564923198,1804.416303612419,1807.856563485846,3758699
2020-07-03,1891.842529296875,1896.4439625846,1857.9560408949578,1860.8801788873307,4185208
2020-07-06,1946.499267578125,1952.2616616794996,1896.443521389867,1896.443521389867,5190366
2020-07-07,1952.26171875,1980.471896491389,1919.794260688648,1956.6481348231946,5630055
2020-07-08,1908.398681640625,1956.1323025755662,1898.680112386715,1952.3480995012,2793358
2020-07-09,1895.884765625,1930.416298649532,1884.445856722952,1917.085288344757,3443998
2020-07-10,1911.3656005859375,1935.0173888759766,1871.501502513637,1896.6584046039513,9610320
2020-07-13,1909.344482421875,1930.8030642267013,1900.7438316001546,1909.344482421875,2963503
2020-07-14,1868.0185546875,1925.6859678965664,1862.041143589132,1900.7440772895989,2976738
2020-07-15,1921.299560546875,1943.7473461905254,1875.8882861040847,1879.2424563833176,5569321
2020-07-16,1926.341796875,2011.0327383865645,1913.7136643300162,1934.315244294664,8582118
2020-07-17,1897.0341796875,1934.2291539445812,1887.8108816781694,1928.2814767515335,4509135
2020-07-20,1903.197021484375,1919.574912243742,1888.4570460696336,1897.2493453350992,2952646
2020-07-21,1917.98046875,1929.7034650190358,1897.3786786098465,1922.2472984664473,2665286
2020-07-22,1888.5863037109375,1923.1092163129777,1882.76784238861,1923.1092163129777,2861534
2020-07-23,1871.5625,1888.58689213627,1864.4941868735057,1888.58689213627,2265766
2020-07-24,1859.666748046875,1864.4940011610656,1831.8244955833902,1857.1670483132298,3665100
2020-07-27,1902.249267578125,1909.3175795074992,1864.9248682909592,1866.2178598797905,4248480
2020-07-28,1990.9915771484375,1999.8270198005737,1909.317607266496,1909.317607266496,8092319
2020-07-29,1961.9423828125,2018.7908710147412,1936.082550989083,1975.6911513090465,6090431
2020-07-30,1964.9168701171875,2032.583452395845,1958.6674086965472,1970.4335518817575,7098496
2020-07-31,1966.55419921875,2012.584832515376,1945.9094727068618,1985.3025798902256,4723290
2020-08-03,1943.06494140625,1985.9062391355415,1922.8512111869852,1974.3553858331834,4012337
2020-08-04,1939.2286376953125,1956.4253828047974,1917.9805612500547,1948.0640797399385,2927928
2020-08-05,1947.67626953125,1982.58704134626,1942.0733061535323,1948.1072667141514,3800641
2020-08-06,1989.5699462890625,1999.3966011714856,1952.7196748081049,1961.0378390451087,4748047
2020-08-07,1978.5791015625,2006.7231369806102,1971.381363520041,1989.4832474876498,3165491
2020-08-10,1967.760986328125,2004.1371102832632,1961.9425237498833,1998.1031490910125,2929353
2020-08-11,1965.2613525390625,1992.9314626485923,1961.5549442151166,1967.933619907758,2774423
2020-08-12,1945.8228759765625,1979.4835843187227,1936.5132956446287,1972.544698709289,3415751
2020-08-13,1943.322998046875,1982.5868803095268,1939.9181626680827,1959.3130343232845,2695682
2020-08-14,1932.7208251953125,1966.4680351123227,1924.919943565945,1962.7614167855165,2270405
2020-08-17,1942.4183349609375,1956.7275279346768,1929.3592023787623,1950.6935663947902,2625630
2020-08-18,1956.5120849609375,1973.1054796676224,1938.022344377351,1950.5212650655033,3493374
2020-08-19,1945.176513671875,1969.3123552148145,1941.6422526953813,1962.2009019030554,2843005
2020-08-20,1941.9449462890625,1962.3741796647769,1930.9113714587218,1945.5221403031794,2895164
2020-08-21,1938.280517578125,1957.5891062212536,1931.7724183542693,1948.1071686746072,1975294
2020-08-24,1937.849853515625,1948.0643617234116,1922.2476694187735,1940.0048396921034,2167966
2020-08-25,1933.15185546875,1939.487599138418,1925.3078318920695,1935.1776266958882,1663419
2020-08-26,1942.5042724609375,1948.0209521352517,1910.5673396260054,1932.591337411769,2618149
2020-08-27,1938.1083984375,1971.6832534164769,1932.3762190472694,1953.2795861987788,3579393
2020-08-28,1929.617919921875,1965.3044097045517,1926.644080847966,1955.3483306763478,2941136
2020-08-31,1945.7371826171875,1962.071937121074,1920.5238422288598,1930.8677767471481,6018154
2020-09-01,1936.341064453125,1963.6231010591182,1931.9879509586635,1955.8651520206931,3610908
2020-09-02,1952.546875,1955.6501395659047,1932.2900030309427,1936.9017580626282,2084137
2020-09-03,1982.156005859375,2003.2748674134323,1955.0031838613013,1955.0031838613013,4654146
2020-09-04,1972.9332275390625,2003.4908931671453,1950.6505835714265,1961.0376603012824,5231303
2020-09-07,2005.904052734375,2020.0838181156842,1968.2349406307906,1973.1051246711334,4620401
2020-09-08,2024.1351318359375,2060.5543938657274,2005.9040351409906,2013.5757008332173,7453998
2020-09-09,2006.42138671875,2033.4449981088842,1999.827213061726,2004.1371855036693,3866535
2020-09-10,2009.4381103515625,2024.3937969909064,2003.533575130218,2012.756872886424,2308813
2020-09-11,2046.461181640625,2054.132848342824,2008.5763558401682,2009.2659935145825,4145424
2020-09-14,2147.572998046875,2159.942703214201,2053.141669592996,2055.0811572043826,7512131
2020-09-15,2147.572998046875,2187.742025644076,2124.4717139673253,2147.572998046875,7318770
2020-09-16,2157.572998046875,2161.5382583311352,2135.419773636343,2145.4619289406814,3074003
2020-09-17,2121.3251953125,2151.3226442009072,2112.4036790419095,2137.7462316410897,4828176
2020-09-18,2111.7998046875,2155.330517936108,2100.1628813438124,2142.05588956022,4183256
2020-09-21,2125.074951171875,2159.2098049865785,2113.739597931011,2124.816310748337,4598809
2020-09-22,2174.76904296875,2202.3960095618318,2118.7825407056685,2142.056392861508,7499613
2020-09-23,2126.927734375,2172.0963607092435,2076.5442110288495,2163.605632910923,7502280
2020-09-24,2010.38671875,2111.886573453746,1984.8286654177632,2111.886573453746,8424708
2020-09-25,2088.009521484375,2103.2667835211582,2027.4975438185504,2041.2031735156158,8228267
2020-09-28,2091.457275390625,2106.714535790202,2039.4789654990252,2103.266557826552,4347166
2020-09-29,2144.987548828125,2164.5118552478275,2091.4578036896505,2098.8279005382024,6995811
2020-09-30,2148.3486328125,2159.295919335931,2120.5061722819923,2145.5040092723084,3917166
2020-10-01,2175.19970703125,2189.4657563125415,2148.3486658918328,2163.6059245450706,2610337
2020-10-05,2332.385009765625,2351.6075312620997,2243.8150654132287,2258.4258316620735,17412105
2020-10-06,2339.712158203125,2358.4174003192907,2284.3721428729355,2358.4174003192907,9846367
2020-10-07,2358.373779296875,2387.724733727029,2329.971102983451,2363.5888880431457,9656101
2020-10-08,2435.738037109375,2486.8543576773836,2413.5848185430414,2413.5848185430414,19839329
2020-10-09,2424.747314453125,2439.3151473378803,2396.3446386138053,2422.2044728434507,7739245
2020-10-12,2439.4443359375,2460.1322030973943,2414.230997836379,2426.9454161950644,4623203
2020-10-13,2436.470703125,2460.908122005074,2424.1009973273153,2452.3744602592483,4209878
2020-10-14,2432.185546875,2460.233159154899,2413.0974887159787,2460.233159154899,4395936
2020-10-15,2372.4541015625,2447.897119842701,2360.680910904799,2433.397154585035,6629355
2020-10-16,2392.10546875,2399.333684978802,2364.4040343609036,2380.678669333532,5273773
2020-10-19,2347.306396484375,2401.3674195915205,2343.0213743240615,2401.3674195915205,3331194
2020-10-20,2371.069091796875,2389.161502336794,2352.846704006739,2358.949717103499,3406273
2020-10-21,2316.012451171875,2379.7258206872184,2305.321558013331,2371.0691243587817,4570143
2020-10-22,2312.333984375,2325.7518673348313,2283.723764301313,2303.547519749055,5262294
2020-10-23,2325.880615234375,2339.038748009679,2311.4239783428557,2326.7462846451854,3499091
2020-10-26,2327.0927734375,2345.921085594935,2311.770465123228,2328.6076951053396,2672752
2020-10-27,2276.8408203125,2353.0197453269852,2271.6036882938483,2337.0915091801853,3537502
2020-10-28,2269.958740234375,2299.175088685862,2255.934935246684,2294.0243969315857,3569445
2020-10-29,2279.005615234375,2298.353420658212,2250.9579970118702,2257.666938258613,3105968
2020-10-30,2306.8798828125,2315.1037445996953,2269.4396699392164,2281.9918800354617,3427003
2020-11-02,2254.722900390625,2306.8794886019123,2250.7840618334503,2302.680906921554,2571196
2020-11-03,2279.827392578125,2307.009331685458,2251.6498066894565,2254.2034895718325,2879269
2020-11-04,2296.751708984375,2356.2233923793306,2259.3981422435854,2259.3981422435854,4893928
2020-11-05,2324.9287109375,2345.964523658515,2308.740732323712,2324.322784510374,2816502
2020-11-06,2343.75732421875,2348.7782506132935,2321.12014670814,2336.442457718706,3884421
2020-11-09,2360.3349609375,2375.397528365028,2333.066366861881,2364.230474376874,3646592
2020-11-10,2293.678466796875,2348.6916058399343,2283.9396829048114,2334.8842167242133,4760020
2020-11-11,2326.7470703125,2331.0754188280953,2288.3112086869273,2309.563442167529,3242441
2020-11-12,2312.246826171875,2348.561623604364,2304.1960566269504,2325.188544416263,2437505
2020-11-13,2299.95458984375,2306.923061740111,2281.905292352151,2299.0022686510715,2548093
2020-11-14,2311.640869140625,2327.7855224207824,2302.724430114096,2318.219831203173,298819
2020-11-17,2307.918701171875,2332.979796231569,2294.06798624063,2332.979796231569,2827273
2020-11-18,2273.81103515625,2306.316971832417,2256.8440373193826,2303.546871302431,2893762
2020-11-19,2282.68408203125,2316.6616138063814,2277.4469500311766,2282.7707335292334,4167501
2020-11-20,2302.89794921875,2316.5322477621935,2274.5905907023457,2298.3531830376023,2711471
2020-11-23,2358.300048828125,2363.277648270453,2307.0091328354424,2328.650869541216,3706418
2020-11-24,2356.396240234375,2374.5319781116973,2341.6365296362164,2367.087134181822,3120516
2020-11-25,2338.43359375,2365.8319551099826,2327.093236186215,2362.4126020773597,3302249
2020-11-26,2355.14013671875,2364.099687754864,2319.9938762935926,2325.1878924345483,2341099
2020-11-27,2319.691650390625,2352.6304236558776,2310.5156786810176,2341.6364610983064,6086808
2020-12-01,2360.508544921875,2368.3860136018397,2271.907152900118,2319.1294845998823,3605017
2020-12-02,2380.2021484375,2384.660262821729,2339.429021328647,2353.755897027541,2509032
2020-12-03,2345.48876953125,2401.2811404532845,2338.0008110265976,2401.2811404532845,2852548
2020-12-04,2361.157470703125,2370.9395807404094,2336.4425580992556,2346.6575029935425,2686527
2020-12-07,2369.943115234375,2375.3968748180228,2342.631202921443,2350.292461782409,1996400
2020-12-08,2421.537841796875,2428.6796166676804,2365.399078425881,2371.934926788797,4277818
2020-12-09,2433.224365234375,2458.501877480286,2417.9451686605585,2436.860135601058,3659996
2020-12-10,2410.283935546875,2447.507728748379,2406.777931360035,2439.4569591125182,2127801
2020-12-11,2409.677978515625,2430.540489028881,2393.186930397962,2417.555445053574,1795408
2020-12-14,2421.883056640625,2427.3368157209916,2386.0011049682535,2425.60547705072,2483658
2020-12-15,2390.590087890625,2419.2869525341393,2384.919909357971,2411.755668773614,2365509
2020-12-16,2436.167724609375,2441.0155596607315,2389.6379763790737,2405.696192223398,2565149
2020-12-17,2456.943359375,2470.361237863296,2428.203171591672,2433.3971890710122,2863460
2020-12-18,2476.680908203125,2508.710685764647,2463.8689549094893,2482.7405958498994,6076692
2020-12-21,2441.318359375,2498.7556294363926,2410.8901534662577,2476.68105172961,2705195
2020-12-22,2486.63623046875,2496.2883631525297,2440.0198322628976,2453.307946787968,2881737
2020-12-23,2518.015869140625,2526.8889804972873,2480.5323418234675,2489.7085220083845,2790988
2020-12-24,2518.53662109375,2528.924659122405,2495.8992280825337,2518.2335521131777,1807144
2020-12-28,2535.892333984375,2553.465468386941,2512.1730724899494,2519.0984289957796,2108994
2020-12-29,2536.8447265625,2555.456622696639,2527.755195892339,2527.755195892339,1994151
2020-12-30,2518.492431640625,2551.734057394362,2512.1730017380114,2540.2206102586583,2637968
2020-12-31,2478.1953125,2514.769848157366,2462.829679176491,2510.4415007422936,4040956
2021-01-01,2534.896728515625,2545.0683452013786,2492.262505385976,2493.1281748911465,2681440
2021-01-04,2631.159423828125,2640.941532578551,2545.890968215903,2553.7253203660493,5113293
2021-01-05,2677.515625,2695.911100923456,2631.2889606292065,2631.2889606292065,5801309
2021-01-06,2641.591064453125,2695.2625853432096,2629.2119455917064,2683.5760445042397,3726716
2021-01-07,2625.40283203125,2666.998299006181,2597.2252439937083,2661.93404725628,3717827
2021-01-08,2701.668701171875,2707.8150410781145,2648.9494967068513,2674.91958981182,5879039
2021-01-11,2749.75634765625,2796.1130001916113,2723.8729093751917,2796.1130001916113,9508039
2021-01-12,2748.37109375,2778.799294319537,2726.8591205939383,2749.756038242285,3611458
2021-01-13,2734.606689453125,2750.2320665668194,2706.2993384024294,2748.500727525858,3572801
2021-01-14,2819.38720703125,2833.090857385207,2706.3757644928123,2736.385016087656,6931542
2021-01-15,2804.33935546875,2839.5957049191766,2784.0874199115933,2805.7703437426803,4131692
2021-01-18,2794.2783203125,2824.634412874287,2764.4858990565126,2818.7800235945138,4160906
2021-01-19,2828.06005859375,2843.9319995684277,2803.1681069244155,2804.035423789182,2975735
2021-01-20,2869.77783203125,2886.3868638315007,2833.610764301601,2836.1258982892523,3453446
2021-01-21,2839.46533203125,2870.081447200783,2829.274359122853,2866.482167000132,2778546
2021-01-22,2864.8349609375,2883.829119158745,2811.7549894065555,2811.7549894065555,3052459
2021-01-25,2854.599853515625,2896.6647187182984,2843.6281688422373,2869.9079104832576,2272887
2021-01-27,2828.36376953125,2867.7398714023216,2798.831587254303,2862.1457198448093,2786662
2021-01-28,2772.42236328125,2840.4633436209647,2761.3640708747866,2801.4340763040354,3083938
2021-01-29,2698.5263671875,2790.0282949045827,2688.682236236561,2784.1304979724146,5445659
2021-02-01,2722.81201171875,2745.0586105460407,2640.2000582734067,2688.6829992710036,3985846
2021-02-02,2778.406494140625,2796.22990015266,2732.0484446280643,2752.8640518252305,2881837
2021-02-03,2775.45751953125,2806.637520088835,2743.0197400566317,2786.6892311636057,2505866
2021-02-04,2765.396484375,2808.242065615907,2754.5984314876746,2789.334515140999,2057261
2021-02-05,2738.943603515625,2780.4882137372515,2713.834819396082,2774.503599551176,2366135
2021-02-08,2787.6435546875,2797.964541919402,2736.515049968468,2766.3074725517463,2526592
2021-02-09,2755.379150390625,2815.137415654774,2744.1908463670006,2771.0776719793193,2658751
2021-02-10,2786.94921875,2792.239724377092,2738.3794761556483,2762.4041100537565,2127983
2021-02-11,2780.6181640625,2792.153521939731,2762.4479161633303,2788.4240166752766,1165882
2021-02-12,2767.43505859375,2814.8772549896066,2759.8026268300505,2761.7106818341476,2777404
2021-02-15,2723.24560546875,2783.2204965684164,2716.0468313892998,2783.2204965684164,2630853
2021-02-16,2696.3154296875,2747.356913725318,2688.682996895233,2732.048851683866,3435770
2021-02-17,2665.3515625,2717.1737455720167,2641.456940340768,2693.105702387942,3678426
2021-02-18,2651.6923828125,2686.861926626539,2628.838489404935,2658.3272748354098,4189909
2021-02-19,2664.267333984375,2677.537112309935,2615.95761633869,2652.2549109868482,3725028
2021-02-22,2565.914306640625,2685.2138195586645,2552.644312275895,2685.2138195586645,5366696
2021-02-23,2584.77783203125,2626.235622986641,2574.1966080001152,2575.9312418329996,3832829
2021-02-24,2556.93701171875,2604.85626995892,2533.5626521024114,2577.6658007201077,3774549
2021-02-25,2597.874267578125,2627.883304283941,2574.586724879215,2579.4003758655426,4224073
2021-02-26,2510.275146484375,2577.969267498008,2497.8724734507728,2567.257819935516,5553153
2021-03-01,2536.208251953125,2571.5948268268826,2516.780436442631,2537.769464855129,3265871
2021-03-02,2607.45849609375,2623.6338731250016,2556.850465445456,2567.258269239671,3306469
2021-03-03,2653.209228515625,2657.458996650778,2599.261947632257,2632.306806408326,3509857
2021-03-04,2645.055908203125,2672.5932156202625,2615.8707836237077,2621.89859281911,3916760
2021-03-05,2608.93310546875,2656.765556276552,2599.0023675543516,2615.9150500997966,3203686
2021-03-08,2607.979248046875,2630.572902034325,2598.4821676540846,2615.8285105623227,2003125
2021-03-09,2646.14111328125,2659.974778934964,2595.099628042051,2607.979160169022,1942397
2021-03-10,2663.487060546875,2682.784863519715,2653.989981882737,2666.999736695888,3053778
2021-03-12,2652.2119140625,2703.42702403116,2637.8145792568857,2666.999710906582,2938317
2021-03-15,2659.32373046875,2687.815176427966,2637.510794294109,2637.510794294109,3097083
2021-03-16,2697.399169921875,2724.242587644878,2653.989913464924,2653.989913464924,4894756
2021-03-17,2699.9140625,2736.384779967567,2675.9328352603716,2693.0189355940715,3838390
2021-03-18,2633.607666015625,2728.969113170011,2590.718889302189,2711.1891174007637,3656306
2021-03-19,2645.48974609375,2687.8148496444464,2606.287067822382,2627.9699885197397,5776626
2021-03-22,2714.398193359375,2722.897941147131,2618.1260195174214,2644.1889341547226,2821646
2021-03-23,2725.6298828125,2748.526961822051,2708.500375871514,2723.374774415033,3305973
2021-03-24,2706.9833984375,2734.0436487376264,2698.3534241722164,2698.396832375288,2207104
2021-03-25,2658.196044921875,2715.4389551376166,2645.3163054244246,2699.2633693691996,3179786
2021-03-26,2659.8876953125,2704.294281315624,2639.2889175122286,2680.57307776039,3697370
2021-03-30,2739.464111328125,2765.396804537564,2654.770480508778,2673.938270618232,4694008
2021-03-31,2756.203125,2779.7506943892795,2716.436560008494,2736.3848489229877,3530069
2021-04-01,2745.05810546875,2788.4239523165975,2727.711766729611,2767.695162222246,4285076
2021-04-05,2809.153564453125,2830.0559934493817,2732.9164680842787,2750.2628118994758,5317862
2021-04-06,2831.52978515625,2840.4631926612587,2801.433927418585,2840.4631926612587,2291562
2021-04-07,2837.341064453125,2842.6751916443673,2805.5973857734098,2826.586417156742,2491268
2021-04-08,2877.19384765625,2892.5019064803846,2832.700447644889,2836.1263071037056,2578118
2021-04-09,2881.443359375,2909.284314518921,2869.084094457822,2908.980668927308,2911129
2021-04-12,2815.7880859375,2895.191000687045,2786.8629789060474,2881.443941356318,3791828
2021-04-13,2692.19580078125,2787.5572776210893,2665.3089695409717,2787.5572776210893,8654596
2021-04-15,2791.85009765625,2807.7220415767556,2677.7979087714425,2740.9820387955283,6062760
2021-04-16,2771.20751953125,2816.1779856768385,2760.32286179011,2800.56628141377,3224657
2021-04-19,2742.28271484375,2765.873693017994,2719.125395135016,2748.5273543976236,2679106
2021-04-20,2727.321533203125,2797.400784488991,2711.536407203048,2797.0971388602725,3141893
2021-04-22,2704.98828125,2730.313895106737,2693.236093640469,2730.313895106737,1988980
2021-04-23,2696.922119140625,2705.161630358453,2680.9201633880944,2693.019192774286,1615309
2021-04-26,2689.37646484375,2734.6503676872076,2678.318173632836,2690.4606110408986,2490260
2021-04-27,2716.436767578125,2719.992851877007,2691.284575285735,2693.886526212534,1471417
2021-04-28,2709.58544921875,2732.9161946166687,2699.0908275617494,2732.0054693080297,1639037
2021-04-29,2701.909423828125,2738.423556113337,2693.4530826412783,2728.2325808368805,1621395
2021-04-30,2632.870849609375,2716.4803381017155,2619.297422829073,2687.8154679957943,3072305
2021-05-03,2634.041259765625,2649.652962984519,2605.4198038643194,2623.5466412362357,1545831
2021-05-04,2645.099853515625,2680.009360558499,2632.3069285744477,2656.418381999483,1990777
2021-05-05,2684.953125,2688.1621554674107,2647.3982575233513,2662.663121026859,1939289
2021-05-06,2698.613037109375,2718.171074908476,2666.132062625608,2693.4525440741136,1791671
2021-05-07,2717.217529296875,2740.591893433538,2698.917266401351,2717.304345701702,1912540
2021-05-10,2728.145751953125,2744.364538267314,2710.3657526159645,2728.536002272037,2137153
2021-05-11,2708.283935546875,2713.054178671087,2681.006648647862,2710.3654114839755,2415625
2021-05-12,2677.92822265625,2706.0292105281887,2663.18383272709,2706.0292105281887,1978558
2021-05-14,2646.61767578125,2687.381572475243,2636.643530845486,2687.381572475243,2043935
2021-05-17,2662.44580078125,2667.172635087634,2633.17385818776,2649.6528777218728,2890462
2021-05-18,2678.96875,2709.498265572481,2669.601684197214,2688.6826578984287,2098538
2021-05-19,2673.07080078125,2704.2942105243146,2660.1478631142904,2674.8054346558647,1986041
2021-05-20,2653.990234375,2678.9690083421133,2647.138514220481,2660.1482702713383,2329027
2021-05-21,2671.769775390625,2678.448073333491,2649.7400102940805,2654.8570954295415,1685566
2021-05-24,2672.635986328125,2693.0179255391295,2664.396478987506,2672.635986328125,1652260
2021-05-25,2714.036376953125,2726.4561002580645,2686.233713053899,2694.8620672893585,1841613
2021-05-26,2752.821044921875,2758.4861824213185,2705.1467765216416,2719.2659997328637,1923753
2021-05-27,2771.559326171875,2804.4606986759595,2755.69698516361,2755.827633980854,5959785
2021-05-28,2739.834716796875,2787.247471728041,2732.905648071262,2779.8392154711028,1763701
2021-05-31,2753.386962890625,2763.14859899798,2726.76099180802,2745.4122790029396,1652799
2021-06-01,2748.02734375,2762.800236009924,2729.724592649857,2761.6237582519175,1377441
2021-06-02,2727.50146484375,2753.6482462980025,2714.907474333229,2746.1529632842817,2240078
2021-06-03,2737.786865234375,2749.378651621519,2721.575769952128,2749.378651621519,1281706
2021-06-04,2739.965576171875,2751.3830923937803,2723.623833172838,2726.2385120526837,1836060
2021-06-07,2774.347900390625,2780.666706179255,2731.1186808720404,2741.0543731367998,2559821
2021-06-08,2789.12109375,2816.0087898714464,2777.834440599766,2787.2473259080425,2574057
2021-06-09,2789.208251953125,2806.421551844094,2776.962798587997,2790.733481057388,1710925
2021-06-10,2803.6328125,2809.907998724652,2782.8896525830687,2797.7061649832917,1874324
2021-06-11,2853.311767578125,2883.9906219366367,2798.5777839342823,2799.057184255201,3452954
2021-06-14,2855.5341796875,2883.7290030941417,2850.304822455383,2857.843727351782,1847360
2021-06-15,2843.680419921875,2874.4028886376045,2833.918997241148,2874.4028886376045,1304985
2021-06-16,2853.791015625,2871.527124287829,2835.1831346541367,2843.1144114443937,1635552
2021-06-17,2891.61669921875,2907.566281552538,2841.284135167847,2846.0777126965045,2273413
2021-06-18,2873.793212890625,2926.696832554393,2854.3573932744603,2920.5086749244424,3380431
2021-06-21,2852.70166015625,2863.944693285063,2834.050158038341,2845.6419426584694,1130569
2021-06-22,2877.191650390625,2899.7215444408,2863.072431640513,2879.632059099012,1708688
2021-06-23,2842.50390625,2901.4214102067162,2838.1461089982627,2901.4214102067162,1467104
2021-06-24,2940.29296875,2948.485542252552,2857.4075821090723,2862.201158958729,4155204
2021-06-25,2946.568115234375,2962.9968825509254,2919.7240426734816,2941.730917920498,2722861
2021-06-28,2908.17578125,2955.893657633738,2904.907433552484,2955.893657633738,1355238
2021-06-29,2911.74951171875,2933.9306574546695,2899.242548334486,2912.7517199861272,1497322
2021-06-30,2916.02001953125,2947.6140494820856,2909.7012135410832,2916.23790939298,1693146
2021-07-01,2912.31591796875,2930.1828867906443,2904.3412340712302,2926.696648971738,990310
2021-07-02,2898.327392578125,2910.74711500687,2871.9627186504385,2903.164590185935,1682274
2021-07-05,2894.44873046875,2940.6413780793623,2877.8891020800397,2912.751477635219,1972858
2021-07-06,2843.2890625,2900.550488419691,2837.8854352765143,2887.4770937903954,2159420
2021-07-07,2854.31396484375,2861.068551496173,2825.2475809189878,2854.357585378772,2640710
2021-07-08,2839.976318359375,2874.4029148225313,2816.7927530962797,2874.4029148225313,2485811
2021-07-09,2796.093505859375,2860.4582596113323,2789.8619405898457,2832.568355800375,6365067
2021-07-12,2782.976806640625,2820.366625180118,2778.836898893528,2819.4950656544133,1892226
2021-07-13,2778.13916015625,2801.1918633324153,2767.201047318114,2801.1918633324153,1809339
2021-07-14,2801.67138671875,2808.1644618657065,2775.9167632036856,2777.6598820502813,2044279
2021-07-15,2797.65380859375,2822.8969769583846,2789.836369868689,2819.1847651324792,2232968
2021-07-16,2790.53466796875,2812.414919822018,2788.088933272535,2806.4316236230125,1256526
2021-07-19,2781.625244140625,2794.9018146966923,2774.113390843784,2777.607236424192,1597058
2021-07-20,2800.142578125,2808.1783802962723,2756.775091986286,2781.6252392310043,1811945
2021-07-22,2809.35791015625,2816.8695509188374,2786.342114911224,2786.342114911224,2859334
2021-07-23,2806.30078125,2831.369082897258,2800.88514951478,2821.2805602259114,1776193
2021-07-26,2792.9365234375,2816.257900011186,2787.0843747463373,2795.076461203627,1259611
2021-07-27,2780.1845703125,2803.8117493545283,2761.143064692313,2795.0771333129255,1121367
2021-07-28,2793.1552734375,2798.9637072093665,2736.030762446464,2784.5953079467704,1660654
2021-07-29,2791.40869140625,2817.3067431732998,2786.604652490122,2795.295552970715,1731997
2021-07-30,2766.6455078125,2815.603066161806,2762.1909822360863,2811.672489522213,2999943
2021-08-02,2812.022216796875,2816.826255643097,2766.25291381549,2777.6079147247424,2608669
2021-08-03,2869.233642578125,2873.688381599337,2811.6288983685017,2820.407229235337,3804735
2021-08-04,2859.669189453125,2886.9648608907482,2848.5325555065747,2882.4229038130147,2929598
2021-08-05,2868.404296875,2895.5253233221265,2849.66858743241,2860.5868578823424,2534521
2021-08-06,2890.983154296875,2903.3862659725373,2851.852033213097,2858.446710732652,2292362
2021-08-09,2902.250732421875,2914.7412755930864,2891.1578130695584,2903.2988436623186,1510489
2021-08-10,2912.033203125,2926.0085870941607,2896.0490283082218,2896.0490283082218,2040777
2021-08-11,2921.0302734375,2934.8310095246384,2906.0942078553617,2926.0963934248625,1929707
2021-08-12,2927.62451171875,2941.8182607499816,2905.132878638491,2905.132878638491,1310205
2021-08-13,3025.146728515625,3039.646275935448,2932.647233176226,2935.4859832902466,4363584
2021-08-16,3033.488037109375,3052.180240931902,3001.6504084686876,3022.176753470583,2083489
2021-08-17,3103.452880859375,3110.222208478217,3024.7976185870784,3041.4808209854054,4336019
2021-08-18,3110.003662109375,3140.094370801781,3089.084299979811,3121.6207437384664,2631309
2021-08-20,3109.0859375,3122.6245895666525,3057.114982792527,3062.3557513344567,2836148
2021-08-23,3177.12890625,3208.2242222354967,3111.182560271568,3126.9922993746472,3744176
2021-08-24,3155.9912109375,3203.289281535624,3139.5700912462094,3194.248869248207,2511141
2021-08-25,3195.99560546875,3229.842238349842,3150.619323520232,3153.195992277176,2123263
2021-08-26,3207.22021484375,3220.977235702535,3186.3006379240014,3196.869609089104,1902533
2021-08-27,3249.40771484375,3257.574665170031,3189.095368849665,3202.109859904366,3944728
2021-08-30,3232.94384765625,3267.052569846858,3220.9774649609785,3244.9102303515215,2033114
2021-08-31,3307.318115234375,3322.7348380108765,3234.820813776714,3240.017866834133,3207480
2021-09-01,3244.866455078125,3333.7411818291675,3237.9224773082524,3315.6605675376654,2643336
2021-09-02,3351.25341796875,3370.818870315569,3251.023710609158,3261.5052486336904,3403717
2021-09-03,3355.882568359375,3368.853342795532,3323.1277643578337,3340.99000815719,1746812
2021-09-06,3364.573974609375,3386.9346761466745,3331.382434880622,3362.564970344723,1723693
2021-09-07,3333.04150390625,3380.2521385252685,3326.3596090282194,3375.0550854815306,1585039
2021-09-08,3296.574951171875,3332.2559421687856,3280.7217087250224,3327.8886342498226,4147175
2021-09-09,3311.641845703125,3326.752772302166,3288.5825474027815,3310.157003802656,1441148
2021-09-13,3358.76513671875,3364.9228694618578,3290.329345494768,3290.329345494768,1691473
2021-09-14,3394.18408203125,3403.4428595697864,3340.990360029368,3362.783182604123,1991188
2021-09-15,3454.147216796875,3476.3767693180266,3376.8021583375607,3390.864973783777,2461369
2021-09-16,3409.382080078125,3477.9050873700435,3399.599354603407,3432.7034578675884,2946666
2021-09-17,3343.480224609375,3445.806170455863,3323.5215408325876,3423.9696294517066,6477148
2021-09-20,3339.680419921875,3381.169845826488,3326.0108312122866,3327.015226750993,2002008
2021-09-21,3374.138427734375,3381.650282754764,3338.064421190229,3369.8148354860814,1568129
2021-09-22,3373.439208984375,3403.748493291431,3364.9666751791547,3373.7450058049103,1744067
2021-09-23,3379.640869140625,3388.1571186654996,3349.7248131173474,3380.295965257923,2003869
2021-09-24,3381.431884765625,3445.2817988337056,3367.194418246505,3397.765573794787,2320754
2021-09-27,3351.427978515625,3409.9936133201095,3321.6865725122584,3406.4997674048227,1673362
2021-09-28,3300.942138671875,3362.8269749249935,3276.5726466720475,3362.8269749249935,2253075
2021-09-29,3312.078369140625,3324.3942608183484,3251.1544333308298,3284.0403846948934,2489161
2021-09-30,3297.79736328125,3323.5207598903125,3275.5678124118886,3323.5207598903125,2252412
2021-10-01,3258.185302734375,3327.8875572120737,3253.643346618104,3303.2122754558427,1578374
2021-10-04,3295.83251953125,3304.8727186534416,3238.3149909855993,3253.4696342242864,1356860
2021-10-05,3348.240478515625,3354.092628733975,3268.1440904216533,3278.974929236287,1877966
2021-10-06,3328.6748046875,3369.3344857764355,3314.7868502187716,3350.5987766638227,1678154
2021-10-07,3400.2978515625,3405.6260514842033,3336.666315532846,3345.35721394832,1647233
2021-10-08,3437.638671875,3485.023958314772,3406.49985465641,3428.336392186259,2934339
2021-10-11,3219.229736328125,3282.0315318379744,3196.869036999863,3279.8478781241765,11845402
2021-10-12,3190.6240234375,3237.921879814256,3171.1895044664,3237.0484182874648,5752877
2021-10-13,3192.67626953125,3210.3638640053305,3183.7670053345314,3188.1343126120823,3545655
2021-10-14,3160.51513671875,3211.754477725501,3157.6709399741703,3172.3732920313196,6442299
2021-10-18,3191.757568359375,3196.614624095019,3151.76382833439,3153.5141032909023,3590107
2021-10-19,3180.380859375,3229.344973413171,3172.5484214832622,3210.879486705096,3135441
2021-10-20,3158.23974609375,3176.748816961341,3131.504255329877,3160.9963434888055,2933693
2021-10-21,3091.4228515625,3157.0143566654665,3072.826181896342,3154.082774582638,4871211
2021-10-22,3061.97509765625,3116.889978835823,3049.8543571444025,3115.489673295286,2691670
2021-10-25,3056.811767578125,3075.7148247703158,3019.224651245397,3065.6069429891672,2595594
2021-10-26,3047.754150390625,3088.3604476916144,3041.1030194753075,3058.1682018867514,3878763
2021-10-27,3054.011474609375,3072.8269332250643,3048.1042957416585,3048.1042957416585,2510813
2021-10-28,2994.414306640625,3078.7338948809274,2988.594727407154,3078.7338948809274,2424942
2021-10-29,2973.49853515625,3028.8509837909737,2963.171869596629,2975.5113942015646,3960501
2021-11-01,3042.327880859375,3051.6044237040865,2986.8004499216345,3008.678887143488,2020718
2021-11-02,3049.153564453125,3074.882731178509,3036.5078722599783,3057.7299533615865,3087414
2021-11-03,3056.198974609375,3080.396441340284,3033.2704145388475,3066.6568251407275,1537639
2021-11-04,3070.55126953125,3074.576987711035,3067.35710294661,3074.314403715549,328991
2021-11-08,3065.387939453125,3104.9879121203876,3046.5286832194915,3104.9879121203876,2526082
2021-11-09,3067.96923828125,3093.6108076502364,3059.4804479618747,3069.982097096755,1782692
2021-11-10,3049.24169921875,3080.221481918905,3045.6535499293364,3061.2310404939344,1516489
2021-11-11,3052.65478515625,3071.776626249125,3006.972647388828,3045.4786999165085,1284514
2021-11-12,3085.778564453125,3092.867049870975,3050.466681553837,3068.232015188849,1747259
2021-11-15,3109.6259765625,3123.890759879037,3087.4849561130213,3087.4849561130213,1809157
2021-11-16,3112.339111328125,3129.0981236798307,3099.7372160142086,3123.365929970274,2013204
2021-11-17,3082.146484375,3117.983533699684,3068.5818539674124,3107.263099990461,1632914
2021-11-18,3041.71533203125,3081.227917908715,3020.624646710882,3076.239463289162,2136598
2021-11-22,3026.57568359375,3076.939893428129,3010.735821786596,3044.078434976218,3167936
2021-11-23,3031.695068359375,3046.309821800846,2982.293599476673,3014.84867157337,2153461
2021-11-24,3013.361083984375,3056.8991758736497,2996.4708870125883,3038.6524730061487,2161746
2021-11-25,3015.635986328125,3030.6009218524678,3005.2657359705536,3013.8857114671073,1849619
2021-11-26,3016.467529296875,3054.2296238540935,2985.8813052616533,2997.345691031596,1941251
2021-11-29,3064.73193359375,3088.6670328724526,2981.1124915891824,3016.7305498565015,2981745
2021-11-30,3088.490966796875,3118.7708052901758,3055.1045615624002,3055.1045615624002,5588446
2021-12-01,3131.0673828125,3141.7440189198405,3093.611450384857,3093.611450384857,2102118
2021-12-02,3188.03857421875,3192.501861296703,3127.8292802160927,3141.043729353686,3152938
2021-12-03,3185.893798828125,3208.2098017837393,3177.492608262315,3191.1446230529755,2486263
2021-12-06,3094.8359375,3201.2527349839775,3082.234043907482,3185.894030279183,1849642
2021-12-07,3136.930419921875,3148.744776364599,3084.247184293791,3117.6773946078056,1484458
2021-12-08,3174.03662109375,3191.145604687298,3151.3706416801215,3151.3706416801215,1428660
2021-12-09,3152.0263671875,3180.905903556539,3120.7402027877074,3159.2462512797597,1567957
2021-12-10,3182.69970703125,3187.250378734149,3128.7037727258034,3137.3675474360034,1510718
2021-12-13,3158.939453125,3204.7529789059627,3151.982153916856,3194.2513306954575,1883864
2021-12-14,3171.323486328125,3181.1249841256044,3130.104422391659,3154.870857709162,1747007
2021-12-15,3124.547607421875,3170.6235164782865,3113.870757804585,3167.9981036851773,1603233
2021-12-16,3134.392578125,3157.889891975921,3124.2408975889543,3134.7425476648837,2072320
2021-12-17,3136.798828125,3195.4330339805606,3127.478486612213,3152.6824864874143,4333992
2021-12-20,3112.7763671875,3155.7457022284616,3071.863690654172,3140.8683653072517,2312310
2021-12-21,3157.7587890625,3186.550728307967,3121.090398398311,3135.3113832465447,2340989
2021-12-22,3177.4052734375,3182.699897702745,3155.964406068714,3171.4980956930385,1224328
2021-12-23,3205.36572265625,3212.1918371297324,3176.7487723146514,3192.5012455657984,1792861
2021-12-24,3212.54248046875,3242.3847576277903,3189.701517657581,3224.882005899705,2209923
2021-12-27,3234.595947265625,3238.008898209195,3196.9650330431937,3212.6299095475556,1534135
2021-12-28,3243.740966796875,3259.887211057231,3232.6267631978826,3246.7601484623697,1456218
2021-12-29,3233.37060546875,3255.4678282113414,3224.881814116782,3231.226561240893,1456923
2021-12-30,3267.544677734375,3273.0142871714934,3220.506036575159,3221.687557676224,1966475
2021-12-31,3271.5703125,3290.5169536454464,3265.4005504805923,3275.4646315888162,1207141
2022-01-03,3341.056396484375,3351.776831519915,3277.390139436575,3281.765827206183,2346158
2022-01-04,3399.69091796875,3403.5414380892203,3335.7620711811446,3352.739869446205,2488606
2022-01-05,3378.86181640625,3386.7818528762077,3336.3738514637826,3382.406165727789,1733031
2022-01-06,3332.04248046875,3356.1525631255286,3301.0188965083426,3336.024399122429,1810293
2022-01-07,3372.3427734375,3382.3192567090296,3322.3723305430844,3343.025663560724,2460591
2022-01-10,3395.40234375,3481.2970046437595,3378.905916271884,3481.2970046437595,3937092
2022-01-11,3426.950927734375,3434.9147646258375,3374.530275769995,3374.530275769995,1906106
2022-01-12,3377.942626953125,3438.414704288068,3357.508297690947,3434.914154830916,3203744
2022-01-13,3411.1982421875,3433.164278039845,3375.4052053019836,3428.788590711219,6684507
2022-01-14,3472.67724609375,3480.422299459404,3378.074997981083,3393.65249028002,3348123
2022-01-17,3517.308837890625,3538.180952966991,3467.557398640576,3494.161493482207,3442604
2022-01-18,3492.323486328125,3537.042880457683,3483.0469441799814,3530.260565428187,2389041
2022-01-19,3431.87646484375,3517.2208806487747,3428.238348399061,3517.2208806487747,3102539
2022-01-20,3354.6416015625,3436.5668579592284,3341.0092591027087,3427.800105770557,6176776
2022-01-21,3360.735107421875,3376.559141017117,3306.0306487010357,3337.5032095878646,3112358
2022-01-24,3306.24853515625,3374.8920203399643,3278.852439846021,3366.4321917209636,3258414
2022-01-25,3304.97802734375,3339.606700640597,3263.160659611942,3304.6274428472343,3330501
2022-01-27,3199.207275390625,3272.9794148169553,3178.0356529262563,3270.8754797512975,5718297
2022-01-28,3234.975341796875,3269.8231807515967,3196.3577567022803,3196.3577567022803,3143862
2022-01-31,3275.477294921875,3294.544978070634,3262.45858426268,3286.654902284941,2739393
2022-02-01,3331.935791015625,3338.3794398855766,3275.609404720287,3305.065779508567,2105169
2022-02-02,3380.635009765625,3387.473119428021,3331.9356574912495,3355.8250577253107,1984212
2022-02-03,3352.932861328125,3403.6922819940964,3345.4372437603306,3376.077006557441,1960538
2022-02-04,3344.428466796875,3353.0199274159713,3304.189156735994,3344.7792653309098,2307366
2022-02-07,3312.956298828125,3359.2448022267936,3292.9241805536844,3323.4764035081826,1919149
2022-02-08,3281.7900390625,3331.1030236369234,3262.1087218032067,3323.958205706961,2946443
2022-02-09,3296.781005859375,3312.03506891022,3284.1130918732606,3287.532039581612,1638721
2022-02-10,3305.372802734375,3322.4240945117594,3294.5457771673173,3322.4240945117594,2112459
2022-02-11,3239.27099609375,3289.7236967950407,3234.9314966485545,3289.7236967950407,3851488
2022-02-14,3273.286376953125,3325.4485569139447,3252.4653387334697,3264.738792841898,5951745
2022-02-15,3346.970947265625,3362.0497193674596,3285.7789695408705,3319.092630384668,3931683
2022-02-16,3342.85107421875,3378.794765843109,3336.6265932270653,3369.9402586350075,3256906
2022-02-17,3317.514404296875,3362.049549347574,3312.9557358499305,3353.2827969372806,3134372
2022-02-18,3326.018310546875,3345.3490435758326,3294.195168617033,3304.1891813505617,3688883
2022-02-21,3260.705810546875,3355.7375352299355,3248.5639868604344,3340.132673110831,7465922
2022-02-22,3144.10791015625,3215.5569402853985,3129.730522221603,3199.8645395262893,5408531
2022-02-23,3124.29541015625,3176.10679085941,3117.150378194761,3165.6744406252515,2426203
2022-02-24,2982.142333984375,3054.205212099578,2972.8935811505858,3045.5698751137397,5039136
2022-02-25,3086.55517578125,3094.664423917578,3035.05049167214,3040.310544517326,2549723
2022-02-28,3115.879638671875,3124.2519314805745,3029.702404742474,3059.597121253513,3288942
2022-03-02,3108.822021484375,3131.440286972598,3073.6235938927493,3114.3889952378754,2761341
2022-03-03,3107.287841796875,3137.27030822549,3094.7515562563644,3123.4626722767534,1928039
2022-03-04,3089.7109375,3122.0162965868326,3057.0109032695236,3069.678819607283,2370257
2022-03-07,3055.125244140625,3110.443533520385,3008.3547517838224,3024.5293660217944,3054130
2022-03-08,3155.987060546875,3163.9210144590907,3033.296400672888,3033.296400672888,3300992
2022-03-09,3184.611328125,3203.3720971589064,3153.445473043267,3160.4150000705686,2719654
2022-03-10,3174.3974609375,3229.671882735904,3169.1812855836843,3229.671882735904,2005441
2022-03-11,3155.2861328125,3190.966992281194,3149.763249101279,3158.880587511238,1623423
2022-03-14,3193.728271484375,3198.418570177751,3138.497724928373,3138.497724928373,1765688
2022-03-15,3150.68359375,3207.7552471656413,3143.2318529462536,3207.7552471656413,3651133
2022-03-16,3205.037109375,3215.644966004357,3170.277019714628,3191.5363955122302,3090475
2022-03-17,3219.80908203125,3252.465235677881,3208.8945177799264,3240.7178727305695,3600452
2022-03-21,3179.4384765625,3255.9284015121616,3169.18141768512,3240.1921216498486,2413831
2022-03-22,3244.53125,3253.3418791403783,3177.9478070287987,3191.0979358854693,2907611
2022-03-23,3254.5693359375,3269.8236147540456,3234.9318946020617,3250.712050185486,1596195
2022-03-24,3287.400634765625,3294.720744378706,3239.314913695118,3243.6982897623643,1879046
2022-03-25,3250.2294921875,3313.3939844123242,3219.1513985347415,3296.2110645371786,1690133
2022-03-28,3250.448974609375,3255.0953965166586,3209.6835730639873,3239.3152410797343,1760990
2022-03-29,3248.388427734375,3262.9849837063884,3235.8080534283395,3239.0955853168134,2689063
2022-03-30,3271.357421875,3277.0119341716986,3249.1336196941684,3277.0119341716986,1583455
2022-03-31,3278.7216796875,3291.608763532692,3261.4073428596666,3278.765556258031,2168110
2022-04-01,3295.202880859375,3298.928750428687,3268.2889952474547,3285.778622536997,1387014
2022-04-04,3305.372802734375,3313.832633765955,3276.2233490114336,3298.0524783670694,1472994
2022-04-05,3344.340576171875,3362.5754630314427,3306.818835025309,3306.818835025309,2314947
2022-04-06,3292.22265625,3339.5192456312348,3271.0069428753104,3339.5192456312348,2051729
2022-04-07,3229.802734375,3283.586841541289,3225.287942872888,3283.586841541289,2494829
2022-04-08,3231.117919921875,3248.081670941631,3193.2894700148154,3234.931542719195,2296773
2022-04-11,3240.542724609375,3254.525867868103,3205.2128787232596,3234.932087901723,2291660
2022-04-12,3235.89599609375,3277.888653596006,3198.4181303699656,3228.7948411859024,4483476
2022-04-13,3210.34130859375,3252.3341869773744,3204.730671873133,3249.8355765754336,1621672
2022-04-18,3092.95361328125,3164.7970945463367,3088.0880236951443,3164.7970945463367,3820792
2022-04-19,3043.72900390625,3124.076426618072,3015.0178867422333,3112.1974330460894,3170014
2022-04-20,3118.158447265625,3128.9852577507763,3050.8297479526764,3068.363252251255,2640370
2022-04-21,3181.148193359375,3194.605246737693,3127.451823611108,3138.4980195721573,2280996
2022-04-22,3167.033447265625,3170.9346096051195,3131.0458828323704,3139.4620514565872,1581465
2022-04-25,3110.618896484375,3142.0039113968096,3097.381229406358,3119.2103562360066,1960694
2022-04-26,3108.95361328125,3145.4231768034088,3084.275075531486,3134.2455668934876,1943469
2022-04-27,3122.01611328125,3128.3720093644906,3073.886723725813,3108.690691195903,1727648
2022-04-28,3142.26708984375,3159.8881336605136,3101.720860196266,3145.510745409141,1703660
2022-04-29,3109.304443359375,3176.4139846900484,3100.6693195191265,3153.401256587347,2051115
2022-05-02,3105.534423828125,3110.4000144347265,3062.007581823019,3085.8092300435665,1324161
2022-05-04,3050.6103515625,3108.2078660799434,3037.9424384582558,3102.1150165971426,2305825
2022-05-05,3080.11083984375,3097.293760926186,3055.5202694917,3078.97133320661,1612262
2022-05-06,3009.275146484375,3046.007748936161,3002.1739922958363,3032.4192843776605,2010812
2022-05-09,3020.234375,3029.7900508322155,2934.101020690317,2978.9428798402396,2481830
2022-05-10,3014.667236328125,3037.50467106659,2999.9829248171122,3010.5030285861963,1622685
2022-05-11,2991.216064453125,3023.1708356998556,2965.047221652753,3011.379595954421,1841769
2022-05-12,2988.279052734375,3024.2666151245353,2936.949887257732,2961.409041508169,2807195
2022-05-13,2993.758056640625,3015.6749366536083,2965.0469438236173,3011.379313783876,2187823
2022-05-16,2960.357177734375,3006.996260602617,2951.415132535495,2993.846131183072,1195813
2022-05-17,3025.9326171875,3039.4333314895703,2937.212903663973,2954.3958255321177,1754076
2022-05-18,3023.477783203125,3063.9801387979924,3018.436900285217,3037.6798800958636,1866781
2022-05-19,2859.671142578125,2985.0795954059245,2831.661407683153,2978.066192538598,4642963
2022-05-20,2886.89208984375,2905.2145200759633,2866.7724322365875,2901.795571631586,3065125
2022-05-23,2912.09619140625,2927.1310872588047,2864.098218506576,2897.2365878081046,2293690
2022-05-24,2882.508544921875,2914.8141171163234,2871.63785621687,2906.310195013011,1711510
2022-05-25,2795.7060546875,2906.205306459052,2783.7030890856627,2906.205306459052,3548046
2022-05-26,2848.043212890625,2860.884802763167,2807.0915622767334,2816.3144857680904,2813186
2022-05-27,2878.35986328125,2893.8931509887725,2850.0289426919717,2871.210874953486,3103153
2022-05-30,2978.93017578125,2988.947551799698,2900.4688464824417,2909.8682437006983,2094624
2022-05-31,2969.31005859375,2986.123046252866,2934.5804266036826,2960.3075643045477,4840965
2022-06-01,2961.234619140625,2990.18330819429,2947.8636081875393,2990.18330819429,1493835
2022-06-02,3021.073486328125,3029.016711971407,2953.379595329582,2961.058003689997,2657939
2022-06-03,3036.209716796875,3068.9977170114703,3028.3106631264545,3053.1993941968394,1913622
2022-06-06,3028.08984375,3047.550788928705,2980.6069647315944,3016.6604681605313,1084210
2022-06-07,2967.85400390625,3017.4110382784365,2961.940756456237,3001.701059109505,2308256
2022-06-08,3004.436279296875,3013.0856111661406,2953.5556003995584,2983.254347604184,2185707
2022-06-09,3024.69189453125,3033.4293558024483,2959.380933713857,2987.535167119956,1279197
2022-06-10,2965.3828125,2994.59631990641,2958.4105111483304,2984.8879321908275,1527582
2022-06-13,2841.556640625,2906.337971721971,2817.5944475896667,2903.6902298710247,3030921
2022-06-14,2833.56884765625,2858.5898753729225,2801.9282507618755,2815.431775412681,2611493
2022-06-15,2829.818359375,2854.265800096779,2825.1406388713017,2840.585800127237,1404536
2022-06-16,2773.068115234375,2863.841611879597,2765.1690623293366,2859.561009980705,2032028
2022-06-17,2726.203369140625,2752.5484885593214,2668.7916684356446,2728.939455430997,5240434
2022-06-20,2746.943603515625,2770.199687078133,2708.6396940319523,2730.704207668576,1502769
2022-06-21,2834.8046875,2857.575309853257,2758.4172942182936,2762.4772511283127,2964461
2022-06-22,2844.512939453125,2868.8722488134295,2809.2538895886987,2824.169414688557,3336315
2022-06-23,2920.283203125,2928.4029028591412,2844.5135602114065,2844.5135602114065,3692578
2022-06-24,2906.42626953125,2952.232116631172,2892.6579259368214,2946.9366330138964,2132118
2022-06-27,2925.48974609375,2968.0300860921525,2918.2526285792947,2956.6448830305876,2037686
2022-06-28,2928.53515625,2938.993824065704,2888.3337764710327,2918.6944673229077,1400046
2022-06-29,2904.131591796875,2941.6412689436206,2886.921269341309,2886.921269341309,2133994
2022-06-30,2883.479248046875,2922.136107068585,2872.7999362877504,2887.80380692274,2719603
2022-07-01,2925.843017578125,2941.6411240439957,2870.196267951424,2877.2127405890865,1502879
2022-07-04,2855.1923828125,2928.3582275862204,2846.3665769061995,2923.106916166727,2622535
2022-07-05,2838.64404296875,2887.80373957271,2830.3918281224514,2872.7998692876445,2170627
2022-07-06,2877.874755859375,2884.71475566246,2826.243789603828,2840.5857246748133,2182144
2022-07-07,2901.79248046875,2929.6377237989454,2881.6696012988828,2886.9209123553114,1989921
2022-07-08,2882.02294921875,2916.9290571272395,2868.3871212295094,2912.51615386381,2136916
2022-07-11,2748.1796875,2846.3226132721766,2741.2955152940713,2829.6858817306656,6974600
2022-07-12,2722.49658203125,2767.949487076794,2718.569141097803,2749.1504754874695,3734815
2022-07-13,2681.941650390625,2744.825514673745,2678.631973323092,2739.530031365693,3863530
2022-07-14,2653.624267578125,2705.1702829466703,2625.5283707892613,2704.2853728115883,4764908
2022-07-15,2649.952392578125,2680.304642138172,2613.140038767697,2671.145950429042,4574806
2022-07-18,2710.92333984375,2722.82534296162,2667.385786081384,2675.0844642884467,3202795
2022-07-19,2720.43505859375,2724.594093136044,2681.3220727415583,2681.3220727415583,1865074
2022-07-20,2800.564208984375,2806.8912313215537,2741.496445439905,2750.1243210138164,3402251
2022-07-21,2811.62548828125,2817.5543439749486,2782.202221341185,2802.5108691484493,2420640
2022-07-22,2806.050537109375,2829.058204711029,2781.7155040691646,2818.439281202573,2075886
2022-07-25,2802.289794921875,2819.722485260362,2786.671213973187,2800.741201840289,1797504
2022-07-26,2757.2919921875,2804.1922393604004,2740.1248183185944,2800.4756592080407,2639367
2022-07-27,2821.846435546875,2826.492214850678,2752.0711685384485,2756.495720256356,1389808
2022-07-28,2885.25,2888.347186014415,2833.1729430263163,2845.871492102438,2106333
2022-07-29,2921.885498046875,2935.5132475278792,2898.08149523586,2911.3551509392305,2430257
2022-08-01,2919.14208984375,2944.0965166592227,2894.5415407250725,2944.0965166592227,1306913
2022-08-02,2912.94775390625,2931.6192315155813,2895.116681826572,2911.3548721658553,1269114
2022-08-03,2955.157958984375,2963.5646068688943,2899.895353730968,2902.5057959181763,2895824
2022-08-04,2968.829345703125,2997.987092734307,2926.707751037012,2964.44908354937,2150567
2022-08-05,2977.767578125,2988.342213462795,2968.874186013526,2974.3605869043527,1106933
2022-08-08,2986.085693359375,2990.023501216288,2952.0609335419035,2977.7233337435564,1068836
2022-08-10,2968.210693359375,2995.4216880141566,2951.1761682502843,2995.4216880141566,1878359
2022-08-11,3028.60546875,3034.091869341709,2986.6165186810267,3008.6949872169466,1449248
2022-08-12,3010.06689453125,3025.508537188174,2992.10317091767,3025.508537188174,1472354
2022-08-16,3002.23486328125,3021.835754299982,2997.633373341012,3018.428763532455,839942
2022-08-17,3009.66845703125,3024.57906570946,2983.121148478597,2995.5098924698354,1622326
2022-08-18,2992.102783203125,3001.615568391867,2975.0682608884013,2999.8457478916357,1430659
2022-08-19,2996.08544921875,3027.7209966778273,2983.254248151432,2997.191587241795,1398410
2022-08-22,2968.47607421875,2994.625218414386,2962.1488355557162,2977.723344218881,1536532
2022-08-23,2906.576416015625,2957.2816026427063,2893.6566394043225,2937.8578650454288,1849256
2022-08-24,2880.692626953125,2927.28306452254,2876.1352096062324,2913.124500727993,1691923
2022-08-25,2847.818359375,2900.868690050921,2844.7654619679774,2898.9662192727565,1946930
2022-08-26,2851.35791015625,2882.1528316395706,2846.579480978904,2862.0654111458343,1457962
2022-08-29,2772.02587890625,2781.0076322786413,2726.408708491399,2765.344762750932,2539173
2022-08-30,2841.580078125,2855.1635398205867,2780.4771849666295,2791.892443246227,3431525
2022-09-01,2771.273193359375,2822.863500543327,2761.8046975535185,2822.863500543327,3546935
2022-09-02,2770.123046875,2798.9712083448303,2761.1855826958235,2798.9712083448303,2052900
2022-09-05,2772.77734375,2785.652829483852,2754.061580722941,2764.1494698928072,2147912
2022-09-06,2767.158447265625,2779.3702510714947,2748.8408495780836,2774.635895147535,1936453
2022-09-07,2787.113525390625,2797.9977490829297,2744.991709326938,2744.991709326938,1291534
2022-09-08,2804.855712890625,2817.111806381108,2796.4049927606457,2805.1655178979468,1346113
2022-09-09,2847.33203125,2861.35794834005,2803.8387689239053,2827.288895916641,1561185
2022-09-12,2869.7197265625,2893.4796538091186,2853.83563037096,2867.0207070213914,1785928
2022-09-13,2857.684814453125,2887.8601223695387,2853.8353687015865,2887.8601223695387,1972678
2022-09-14,2761.274169921875,2779.857287273214,2755.433891236994,2774.193947449832,5090269
2022-09-15,2747.071044921875,2776.626958960374,2743.2215991641015,2769.7689049624637,2138023
2022-09-16,2662.4296875,2738.2223874832284,2654.7310107772587,2721.9841963836157,5322221
2022-09-19,2680.216796875,2691.897571531114,2643.9354686590973,2686.5881088653723,2072220
2022-09-20,2690.393310546875,2725.4799238140686,2681.2786896145844,2698.976898786958,1544295
2022-09-21,2655.792724609375,2691.3660751321318,2653.093705010806,2679.5083636387303,2253818
2022-09-22,2661.279296875,2681.234068451284,2636.4134456963543,2645.881943221107,2017983
2022-09-23,2638.8466796875,2674.641256436931,2636.1476601904446,2658.270416653943,2652374
2022-09-26,2649.775146484375,2677.605746474014,2589.3359496927173,2619.2016704081934,2925489
2022-09-27,2670.17236328125,2676.853478808768,2633.4928770032707,2663.0487926332676,2227447
2022-09-28,2686.27734375,2698.931601789391,2637.0321815419015,2637.0321815419015,2739767
2022-09-29,2652.341796875,2704.153340326122,2645.8819082049836,2702.516169785291,2493902
2022-09-30,2658.757568359375,2672.1638744157713,2610.574240599038,2646.634339166177,2817353
2022-10-03,2641.4130859375,2673.0486307094293,2631.7233608871984,2650.306478095884,1763331
2022-10-04,2735.390625,2741.45234749849,2675.0840692343236,2681.234153144955,2145875
2022-10-06,2744.94775390625,2764.4600713056393,2736.5411051618826,2752.956236181768,1790816
2022-10-07,2712.16162109375,2747.6466122290967,2706.1444036015023,2740.92120721209,1939879
2022-10-10,2759.63671875,2767.1141666538147,2659.155123375348,2663.579674329383,3064063
2022-10-11,2716.2763671875,2783.0428039660296,2701.940863997202,2743.22184174712,4730645
2022-10-12,2743.885986328125,2751.9828302585565,2709.6399962637565,2729.860069746357,1665247
2022-10-13,2746.142333984375,2752.0711901243612,2701.0561948337768,2743.8857693820296,2054781
2022-10-14,2742.4697265625,2787.4675026654077,2717.5595875191957,2783.042951073875,2245977
2022-10-17,2760.74609375,2775.5178951019166,2724.9918710842394,2726.056468339946,1517005
2022-10-18,2789.97900390625,2799.4278179556986,2775.6508043470494,2794.6812092612113,1793722
2022-10-19,2769.70703125,2802.666443942167,2760.9680194833886,2802.666443942167,1194289
2022-10-20,2801.157958984375,2803.5533568233523,2754.7573332077563,2754.7573332077563,1587601
2022-10-21,2783.502685546875,2803.908296485969,2774.2758872411737,2801.601705210383,1021913
2022-10-24,2805.0615234375,2819.5229335978725,2799.117323946283,2812.514136923427,260949
2022-10-25,2805.41650390625,2825.067906352721,2795.701486132634,2821.7409048142667,2069643
2022-10-27,2801.246337890625,2815.9739505486477,2780.796542816512,2804.174142407178,2438421
2022-10-28,2806.43701171875,2819.966819488832,2790.245602420128,2794.6816049676954,1355739
2022-10-31,2832.9638671875,2838.1540761618767,2819.3454710249935,2838.1540761618767,1919414
2022-11-01,2892.0078125,2894.5808242544076,2842.102777714623,2851.9063878683596,2991060
2022-11-02,2876.03759765625,2901.1454132070917,2858.6041958047094,2901.1454132070917,1405955
2022-11-03,2845.030029296875,2863.927442110941,2834.6054240597227,2863.927442110941,1422652
2022-11-04,2854.478515625,2856.8297266750774,2809.0094945626156,2854.1237221012757,1464013
2022-11-07,2868.940185546875,2877.0137966588013,2834.694376541909,2864.770386557883,1474498
2022-11-09,2853.281005859375,2883.224020577956,2840.5051896184455,2883.224020577956,1162267
2022-11-10,2844.05419921875,2861.2216155527403,2812.425588000678,2812.425588000678,1573092
2022-11-11,2941.912109375,2964.66892949014,2887.881691906993,2900.7905009872784,3265394
2022-11-14,2959.25732421875,2971.2345311973,2935.746510520115,2949.0545182740593,1342074
2022-11-15,2956.684326171875,2963.2051195621743,2920.663901019243,2946.3927142420735,1400708
2022-11-16,2976.8681640625,2988.002356606377,2946.7919383664444,2962.273543145715,1748235
2022-11-17,2971.234375,2980.993580173186,2943.509360303449,2963.249570767393,1417986
2022-11-18,2966.310302734375,2983.433314748381,2946.3926959421224,2972.1215090051523,1164540
2022-11-21,2913.122314453125,2957.659728171184,2903.8067108893188,2947.72312769012,1304194
2022-11-22,2941.02490234375,2944.573703919236,2888.0590821499577,2910.0172918982757,1149739
2022-11-23,2935.125244140625,2954.377450271006,2919.7766332858505,2954.377450271006,1150011
2022-11-24,2998.870849609375,3010.2270599589883,2935.1256201131005,2942.1788211585995,1296591
2022-11-25,3007.298583984375,3019.453402077861,2970.3467759953433,3001.3987882892015,1588981
2022-11-28,3012.267822265625,3031.5644352202753,2985.9180078961676,2986.3172048438537,2195437
2022-11-29,3014.130615234375,3042.2104235794986,3001.3992017991964,3001.3992017991964,1576028
2022-11-30,3008.3193359375,3029.7007368695226,2994.3015254756792,3001.3991290916215,3410702
2022-12-01,3083.598388671875,3087.4577975595,3034.2257665670945,3038.661769149795,2180856
2022-12-02,3051.215576171875,3077.6097915939044,3028.015369256716,3068.0281992766704,2411749
2022-12-05,3039.4599609375,3051.2153670002604,3022.691958930157,3045.759170826894,1475065
2022-12-06,3003.484375,3023.534976844241,2988.0913592964403,3016.5261793583018,1166999
2022-12-07,2999.27001953125,3010.892215820277,2975.6704001996686,2988.3574103425613,1167505
2022-12-08,2972.609375,2999.2697906224844,2962.761363815113,2980.9933755483976,1285619
2022-12-09,2921.329833984375,2993.503690876257,2906.779830494518,2993.503690876257,1797896
2022-12-12,2915.73974609375,2924.212553335306,2871.069335381073,2888.280936706034,1527610
2022-12-13,2956.240478515625,2960.099670215043,2899.1934506517446,2907.5330475990972,1378016
2022-12-14,2985.73974609375,2996.0755433975933,2964.047524534059,2971.0565371698585,1213311
2022-12-15,2932.28662109375,2985.208047200076,2926.8302077564695,2979.92924725395,1415694
2022-12-16,2874.751220703125,2920.6638433931603,2861.3988107840464,2905.581435939429,2703680
2022-12-19,2840.860595703125,2879.4094167044013,2834.1621881565893,2862.9962063488224,2120965
2022-12-20,2878.033935546875,2882.514341262833,2806.7916941337708,2838.06551085569,1529971
2022-12-21,2899.859130859375,2912.723537635871,2874.5295141963525,2882.5143184024537,1432566
2022-12-22,2892.0078125,2922.438837031693,2879.0548134322903,2922.438837031693,1384101
2022-12-23,2864.194091796875,2898.3513142784873,2854.1242785284967,2854.1242785284967,1360281
2022-12-26,2885.97412109375,2902.9197355304514,2861.265719687228,2864.1935243545195,870157
2022-12-27,2891.830078125,2904.5170888075672,2866.9884637094456,2900.4358797986224,835883
2022-12-28,2889.700439453125,2897.6852428596253,2862.1084210411123,2883.2238333697437,910795
2022-12-29,2900.036865234375,2902.4766668035973,2863.8834419813575,2866.6338503909797,1037927
2022-12-30,2889.345703125,2926.874326011963,2880.0300982680355,2915.385123342042,1163131
2023-01-02,2893.559814453125,2898.350826761541,2870.27080304208,2893.1606175778406,709547
2023-01-03,2937.831298828125,2945.5054960853895,2879.2316657438028,2885.1758654426767,1245178
2023-01-04,2940.75927734375,2952.026897843551,2915.518464493648,2933.7060761454604,1231668
2023-01-05,2937.60986328125,2960.854474652095,2911.747836974885,2954.555264030216,1826057
2023-01-06,2849.288818359375,2929.136863618989,2839.041609230721,2927.7616595191807,2488376
2023-01-09,2945.461181640625,2951.7159883266663,2857.805731152668,2864.7703415409696,2885060
2023-01-10,2915.695556640625,2925.9871687992077,2865.7463431410715,2914.4535626153415,3864655
2023-01-11,2953.224365234375,2971.6781796058563,2902.165931337438,2918.9785546870203,2720512
2023-01-12,2958.2373046875,2972.1219069554318,2941.5578906654396,2953.490695001383,2250391
2023-01-13,2993.90234375,2997.8503424610212,2932.1975086811703,2965.8223193412623,1742837
2023-01-16,3025.206787109375,3042.4013462974403,2992.5415773071954,3009.736136495261,1843607
2023-01-17,3065.447998046875,3068.533178172047,3013.3652308156584,3021.5315322541833,1688475
2023-01-18,3075.97412109375,3093.168681388935,3059.868356890383,3066.900451120022,2421189
2023-01-19,3060.639404296875,3073.2517157010698,3049.6601761060806,3066.900147348573,1585044
2023-01-20,3051.565673828125,3080.1929219636927,3044.7604221587917,3053.289582307642,1529349
2023-01-23,3098.56689453125,3102.2871871387383,3044.76021881266,3074.15881545073,1067916
2023-01-24,3117.985107421875,3132.1853116377615,3100.745135300925,3107.7318165396514,1387863
2023-01-25,3112.04150390625,3116.805179945468,3089.5841740070796,3108.003765663745,874110
2023-01-27,3095.073974609375,3126.7864041362013,3068.9871756775947,3108.6390657488755,1785879
2023-01-30,3115.58056640625,3138.083311989628,3071.9363472451823,3103.1950956433448,1953798
2023-01-31,3047.57275390625,3129.5080182900124,3040.5860740185076,3129.5080182900124,2820375
2023-02-01,3092.624267578125,3102.287637094733,3044.216151638733,3051.475087320733,2205161
2023-02-02,3139.852294921875,3147.6557387794014,3103.285586505531,3109.5463294312503,1813847
2023-02-03,3159.724365234375,3179.414186180518,3133.0476406886537,3179.414186180518,1804469
2023-02-06,3139.444091796875,3151.4212906880075,3118.4840491186737,3151.4212906880075,1138714
2023-02-07,3150.876953125,3169.4325618085195,3140.7596793384228,3147.564931045713,1455647
2023-02-08,3194.02197265625,3211.9876581401045,3155.8671542754532,3155.8671542754532,1986946
2023-02-09,3212.85009765625,3218.9748240809963,3180.5931608475644,3189.3945752566206,1655427
2023-02-10,3209.855712890625,3214.2111181684145,3183.17899401736,3193.9313800289237,1187821
2023-02-13,3159.814453125,3220.2451782155104,3151.6481508979105,3220.2451782155104,1087939
2023-02-14,3175.875244140625,3198.3325768166574,3171.2475839488407,3180.3212537169347,1579818
2023-02-15,3194.521240234375,3199.375741838991,3139.6255418846135,3163.9884321589793,1429449
2023-02-16,3228.456787109375,3243.8366114938117,3200.283001045783,3200.464430117626,1618931
2023-02-17,3176.82763671875,3211.0807383085594,3166.7105840645268,3199.5118099570345,1061369
2023-02-20,3164.2607421875,3195.746330382265,3153.145497284836,3177.5989917656707,1296082
2023-02-21,3131.3232421875,3183.859698266715,3125.6521989352045,3170.340019763293,1139541
2023-02-22,3086.454345703125,3127.6941326510655,3080.5110473891405,3098.6129752182524,1218430
2023-02-23,3097.569091796875,3132.593320365543,3092.306319600513,3104.1020890121345,1441570
2023-02-24,3085.455810546875,3115.852602482513,3068.987189496275,3105.463295514014,977592
2023-02-27,3023.21044921875,3075.9737450556004,3008.8285954585162,3075.9737450556004,1128022
2023-02-28,3005.970947265625,3077.788958920468,2994.220367033114,3020.1711526435074,4116217
2023-03-01,3072.072021484375,3075.0663765130616,3007.921226952139,3015.1801620398064,1669307
2023-03-02,3013.774169921875,3057.73605810997,3010.643797981265,3049.6605801733067,1556538
2023-03-03,3032.555908203125,3046.9377608122345,3022.5296821304796,3043.308293556949,1043190
2023-03-06,3059.50537109375,3089.539084539037,3047.8456170537634,3050.476892626339,1334132
2023-03-08,3076.33642578125,3081.4177686623493,3022.3029080296496,3052.382029970596,1844590
2023-03-09,3027.74755859375,3071.437189533484,3022.303356780692,3071.437189533484,1648500
2023-03-10,3022.43896484375,3028.1100076327843,2985.2369241476845,3006.0155363166627,1024404
2023-03-13,2977.9326171875,3057.6448843231524,2968.9043612497244,3024.2537396226567,1901233
2023-03-14,2917.138671875,2998.302582891933,2912.1027421363688,2976.162922928959,2670334
2023-03-15,2902.57568359375,2958.3335528960897,2896.314941034264,2948.9422175317536,1780522
2023-03-16,2889.963134765625,2921.539542364157,2878.1673668686226,2910.8325702757065,1901060
2023-03-17,2884.791259765625,2922.991268444911,2852.7611679955166,2858.659052089655,6739966
2023-03-20,2852.126220703125,2876.0352039233617,2808.3457708538554,2876.0352039233617,2289468
2023-03-21,2818.372314453125,2864.3303576607777,2810.523458137798,2852.1263176035486,1815297
2023-03-22,2840.784423828125,2852.3079395141376,2818.3725050009734,2840.103898631804,1123939
2023-03-23,2835.203857421875,2854.8938961077,2813.7447191349406,2826.357030265614,1372218
2023-03-24,2831.4384765625,2876.3531391453694,2818.2816562099424,2857.207608505045,1329577
2023-03-27,2833.071533203125,2860.700809218684,2818.2814093833103,2844.595047783863,1524217
2023-03-28,2827.264404296875,2857.7974330642905,2822.0470446787185,2837.336265387191,1303530
2023-03-29,2848.1337890625,2858.2056499628916,2816.55759910205,2839.150945629806,1740616
2023-03-31,2908.92724609375,2915.369639228699,2860.0202623245746,2894.4547893885947,2382581
2023-04-03,2903.573974609375,2926.2127336376348,2879.7555943489074,2926.2127336376348,1521830
2023-04-05,2939.68701171875,2961.962911030254,2890.4169500266803,2890.4169500266803,2655065
2023-04-06,2922.3564453125,2955.611574142893,2917.1844984383324,2926.258167173755,1703464
2023-04-10,2961.100830078125,2968.904273441099,2917.1843640321313,2921.7211981908126,2203187
2023-04-11,2916.095947265625,2969.7666137305973,2896.45131988944,2961.6457238357684,2348779
2023-04-12,2941.3662109375,2958.878438723556,2902.6670961555524,2928.9353270720608,2417727
2023-04-13,2893.45703125,2930.7950906210835,2885.4267455650293,2912.6477525986616,4174070
2023-04-17,2848.677978515625,2870.3639557398055,2785.842829602675,2843.778286560608,5505048
2023-04-18,2840.738525390625,2864.4208867828047,2822.455173519428,2862.696756998552,2617302
2023-04-19,2803.400634765625,2849.13183419489,2786.9772066017845,2840.7386910527553,3298034
2023-04-20,2817.1923828125,2824.632745997743,2792.8749091490695,2803.763310354329,2419999
2023-04-21,2868.05078125,2871.3171692054207,2813.563354091303,2821.91108534421,1929184
2023-04-24,2880.708251953125,2886.2884693393776,2836.564722823472,2859.203702418767,1640676
2023-04-25,2881.79736328125,2895.5892962816,2855.9374058336693,2888.148931777147,2024090
2023-04-26,2901.89501953125,2911.1955291566424,2886.33376764612,2886.33376764612,2000029
2023-04-27,2892.640625,2902.848503896997,2876.943131368921,2889.963936616484,2434446
2023-04-28,2921.041015625,2928.299951130164,2900.1715760476527,2903.937060230904,2931312
2023-05-02,2921.1767578125,2935.3317693287354,2912.647598004711,2935.3317693287354,2321159
2023-05-03,2885.3359375,2918.091971436183,2879.2112108808474,2918.091971436183,2468285
2023-05-04,2922.3564453125,2925.7590710882832,2883.611924117269,2885.5626742853387,1953253
2023-05-05,2931.429931640625,2943.497954612831,2912.69289547793,2921.721151002872,1710027
2023-05-08,2949.487060546875,2953.3433700376554,2931.9748343190095,2944.405717078382,928235
2023-05-09,2979.112060546875,2992.4957209117774,2945.3126470829684,2951.301356602049,1107375
2023-05-10,2982.333740234375,3000.2088248723344,2963.505875992397,2985.237270173894,1559987
2023-05-11,2978.114013671875,3003.112014657081,2968.9043287681666,3002.4769021680513,1719623
2023-05-12,2970.991455078125,2985.237070959748,2958.0160642336714,2975.392051583769,1027479
2023-05-15,2953.5244140625,2987.051573782775,2947.4451006687523,2979.792639217082,1150390
2023-05-16,2956.33740234375,2980.700292430745,2949.3507214579936,2954.5680811783823,986306
2023-05-17,2911.468505859375,2976.163818536868,2901.986564827908,2954.341597452627,1588815
2023-05-18,2903.4375,2929.841738749702,2899.0366827791768,2927.119638578078,1369364
2023-05-19,2924.307373046875,2934.878108354694,2906.3414649157826,2912.6476202870826,1152449
2023-05-22,2993.131103515625,3001.9779306569994,2919.0446858597024,2930.795042732196,1333243
2023-05-23,2991.63427734375,3019.671827774928,2985.328121281898,2999.7551673241283,1687418
2023-05-24,2997.3505859375,3009.9174847895656,2972.5340122132757,2972.5340122132757,1016555
2023-05-25,2988.4130859375,2999.75517294956,2964.4586867780845,2988.866769417982,1374917
2023-05-26,3020.53369140625,3029.3805189934887,2986.144573292574,2988.4129906226353,1791115
2023-05-29,3012.77587890625,3059.6412922971313,3005.199276419958,3049.4788269717515,1210372
2023-05-30,3009.010009765625,3018.7642037470678,2995.535744483075,3007.9212138122552,1344224
2023-05-31,2984.783447265625,3019.444818885679,2962.68897442061,3002.477101991778,5815424
2023-06-01,3016.087890625,3030.6057625413655,2992.0426652635188,3007.014220677271,1177314
2023-06-02,2999.392333984375,3026.8853758575733,2991.9971602900687,3018.1293732382414,2030661
2023-06-05,2984.2392578125,3018.810029355667,2980.746027754033,3007.9216252822475,1861468
2023-06-06,2932.8818359375,2984.193474251993,2922.265688378492,2976.1631892319806,2022849
2023-06-07,2971.53564453125,2975.119920852353,2940.7759965528526,2951.6643988850446,1567196
2023-06-08,2936.6474609375,2967.089663718905,2933.517089542269,2958.9233618921558,1759366
2023-06-09,2912.0126953125,2948.942484583645,2908.4286402901084,2944.405649991978,1775689
2023-06-12,2946.129638671875,2952.934890744503,2913.5552540276176,2917.1847217996856,2324605
2023-06-13,2943.225830078125,2962.552788439429,2938.961250154766,2958.015954153917,1371928
2023-06-14,2949.8955078125,2954.2509136852796,2927.029903886838,2943.2262718018237,1658544
2023-06-15,2940.068359375,2968.542954682689,2934.3093897698986,2966.5776965411455,2273810
2023-06-16,2902.22412109375,2924.6199424279303,2884.947433905012,2922.4261553213955,4156189
2023-06-19,2934.675048828125,2938.788566807641,2902.3154633249883,2916.027189923374,1468186
2023-06-20,2950.489013671875,2954.87681041467,2926.127937589783,2937.9656824973704,1528452
2023-06-21,2978.369873046875,2981.294996829443,2947.06142983265,2970.8741736125958,1645987
2023-06-22,2960.36181640625,2987.008182887772,2952.683338666562,2980.0152914881505,1529603
2023-06-23,2940.1142578125,2970.3255840143474,2933.5324504051714,2959.2649249571587,1119505
2023-06-26,2915.707275390625,2937.8745675991736,2900.487347535049,2929.7390320989075,1978803
2023-06-27,2922.74560546875,2933.9890411265674,2908.9881304563214,2926.996150834744,863542
2023-06-28,2939.29150390625,2953.460288680506,2919.1352202864086,2932.4813906976683,1575872
2023-06-30,3018.63671875,3025.721111079567,2938.057558489853,2943.45074854266,2672406
2023-07-03,2991.2587890625,3033.76513982982,2988.0136359285348,3029.6516220136277,1687264
2023-07-04,3024.66943359375,3030.291151438237,2995.829061409342,3007.4382769930016,1656681
2023-07-05,3034.816650390625,3043.089437412835,3021.150673069817,3034.862400784203,1453008
2023-07-06,3037.512939453125,3042.586322830739,3018.4080233653217,3022.567291654091,1848238
2023-07-07,3043.3173828125,3068.592573451774,3018.407748906473,3018.407748906473,1789326
2023-07-10,2990.938720703125,3039.2040404212626,2984.7684440589132,3039.2040404212626,1407431
2023-07-11,2991.35009765625,3012.009187727315,2980.7464966348984,3012.009187727315,1110172
2023-07-12,2979.92333984375,3006.661203060888,2970.9651915603636,2999.1655048447924,1515240
2023-07-13,3053.647216796875,3078.23682351536,2991.6701688926455,3001.9539636829727,4585146
2023-07-14,3212.794921875,3222.1190755212224,3064.1141727781996,3075.997670464989,6306101
2023-07-17,3191.815673828125,3245.0171284101766,3178.4239767823524,3208.544024917349,2743228
2023-07-18,3196.5234375,3221.341572891563,3167.4087826530267,3177.464048629703,2600090
2023-07-19,3172.025146484375,3214.8057777866934,3149.7206041471604,3199.402849087036,2405370
2023-07-20,3174.087158203125,3188.384300817306,3149.1127482930447,3164.7389834644387,1715404
2023-07-21,3087.0205078125,3148.058749845472,3078.5429555507294,3119.7851016890736,3770223
2023-07-24,3111.261474609375,3128.399831677828,3090.503018591767,3098.659708565961,1680132
2023-07-25,3115.2939453125,3122.305243933692,3097.926465252558,3113.7818228908627,1272980
2023-07-26,3105.35009765625,3135.181959017552,3102.3256291018097,3116.393871751204,1066803
2023-07-27,3113.23193359375,3126.750192106114,3102.3716364305046,3111.444818744401,1701769
2023-07-28,3075.19775390625,3110.2994489526377,3052.8354343417113,3102.3260117822556,2599831
2023-07-31,3135.73193359375,3140.4976478889985,3080.2382907228434,3083.446013157544,2743678
2023-08-01,3163.77685546875,3171.0629235048214,3129.82077565577,3129.82077565577,1956167
2023-08-02,3153.328125,3158.5979540245685,3128.5371952867654,3148.104165326231,1914899
2023-08-03,3116.02734375,3146.546576146607,3086.7454652186043,3134.4030555367062,2026351
2023-08-04,3155.986328125,3181.1439908212683,3117.218668620236,3117.218668620236,2248493
2023-08-07,3193.104248046875,3196.7243469805094,3153.8783426165933,3165.517747179838,1853889
2023-08-08,3180.777587890625,3198.5115758637803,3167.946698425561,3193.104361947542,1634225
2023-08-09,3173.35400390625,3177.478218496164,3139.0314183474447,3175.5534955196863,1794589
2023-08-10,3154.65771484375,3175.5535568337395,3143.613939700264,3161.8979133179873,1096701
2023-08-11,3160.7978515625,3177.1571005314463,3128.903883221951,3150.991431301233,1679974
2023-08-14,3161.760498046875,3166.480343065744,3126.1546889138212,3153.3744607157764,1190425
2023-08-16,3169.596435546875,3176.5618655495573,3148.333861924489,3161.8979908095707,1328445
2023-08-17,3148.838134765625,3171.796309553587,3128.171190520314,3166.4806099440398,1843241
2023-08-18,3085.920654296875,3125.2380760753504,3076.205748488831,3125.2380760753504,2526749
2023-08-21,3117.585205078125,3125.008880452658,3090.4113043144994,3093.160780563889,1375579
2023-08-22,3099.713623046875,3126.154509262279,3084.0417426084127,3116.0730963036494,1222012
2023-08-23,3114.469482421875,3117.906328021546,3094.077531863827,3105.0754377827743,1330046
2023-08-24,3104.84619140625,3128.033486881535,3096.0021319156044,3123.4051569072394,1152881
2023-08-25,3098.934814453125,3103.0590289456754,3070.4776897039346,3093.1608694129627,1158046
2023-08-28,3093.6650390625,3110.5742740278224,3079.5052804737493,3110.5742740278224,1037485
2023-08-29,3094.21484375,3106.4959726571,3083.9960459073914,3098.705789480217,944517
2023-08-30,3107.778564453125,3123.4965368174626,3100.538367010313,3114.2398779322057,1188200
2023-08-31,3076.481201171875,3132.0204967577633,3064.429193943753,3116.990113497606,3417652
2023-09-01,3097.009765625,3105.99143210312,3076.480434034668,3084.912115803807,1277950
2023-09-04,3133.0283203125,3146.1800717696538,3088.6243217343977,3095.9103893566257,1828332
2023-09-05,3142.972412109375,3159.148408891023,3120.7931233027793,3134.403121092921,1501842
2023-09-06,3143.476318359375,3156.307208388253,3114.332047153296,3147.2340256547322,1314818
2023-09-07,3166.70947265625,3171.06281032939,3136.5111013373767,3144.301284541943,1885092
2023-09-08,3154.47412109375,3175.645178451275,3148.1962843578217,3166.709380330092,1518917
2023-09-11,3189.988525390625,3194.61685580775,3157.315667562757,3172.8960351530523,1783604
2023-09-12,3281.77490234375,3290.114846064527,3192.1419316903975,3200.3903604544553,4476016
2023-09-13,3269.90625,3289.152583049449,3248.9643171569232,3272.884849162415,1754929
2023-09-14,3262.758056640625,3297.2638979964904,3249.5147892827354,3271.922978515009,2604721
2023-09-15,3297.813232421875,3306.1075298330024,3264.956904480879,3269.906095568762,2952897
2023-09-18,3305.008056640625,3317.0600625898555,3276.6885388831606,3281.0877459263597,1395753
2023-09-20,3304.916259765625,3322.2837396679206,3281.0415966927326,3281.0415966927326,1649396
2023-09-21,3285.8994140625,3303.9542650181074,3233.3843680953905,3288.8780136079395,2004073
2023-09-22,3302.716552734375,3330.3030534939417,3267.3400931464826,3284.7075730917886,1989083
2023-09-25,3278.429443359375,3317.7012171575684,3261.474340454012,3301.662606301144,1238778
2023-09-26,3286.265869140625,3294.743421558143,3240.716253874933,3269.6774954186676,1726062
2023-09-27,3289.5654296875,3312.202741805359,3258.7712029077657,3290.2069294635417,1541134
2023-09-28,3241.403564453125,3301.937914832368,3232.788627869385,3299.3716920990314,1755753
2023-09-29,3233.93408203125,3270.456157608398,3212.808894581624,3241.8157797626336,2243791
2023-10-03,3220.416015625,3239.0664965379606,3189.484405708049,3239.0664965379606,1948148
2023-10-04,3242.320068359375,3251.71411279459,3186.9181632456966,3195.166592505886,1788138
2023-10-05,3289.611328125,3321.3676929730136,3254.6470168624746,3257.213239742299,2990768
2023-10-06,3318.984375,3331.402887606666,3276.5051007551597,3291.123104883123,2075691
2023-10-09,3334.51953125,3371.774850191395,3327.7832239861254,3340.6599843238896,4233074
2023-10-10,3325.858642578125,3343.363734086187,3300.609460047054,3336.077665436022,1848148
2023-10-11,3308.444580078125,3345.1960009874106,3303.9538585094833,3345.1960009874106,2426417
2023-10-12,3246.719482421875,3288.969638519313,3242.6411368893027,3276.4596095114603,4241281
2023-10-13,3272.65625,3278.2925875083633,3230.634993281236,3235.2174542646135,2890357
2023-10-16,3229.763916015625,3276.1382803907245,3225.227325030977,3268.2107135060846,1671104
2023-10-17,3214.18359375,3239.0203948649587,3210.7926178047637,3235.2170422343333,1672065
2023-10-18,3196.03662109375,3228.526216666565,3193.058022192451,3217.803305372473,1408245
2023-10-19,3175.270751953125,3194.750838771474,3171.8250136242077,3187.9971019140276,1514545
2023-10-20,3211.014892578125,3215.5632226086977,3164.612279992973,3170.4469293525376,1481211
2023-10-23,3133.462646484375,3196.6805076496757,3125.3308381439233,3191.2133140425376,1106272
2023-10-25,3115.0390625,3147.107307078789,3103.185589430405,3115.40651814617,1518537
2023-10-26,3066.01806640625,3099.9700309962845,3059.8157372092046,3094.778541475233,1984471
2023-10-27,3079.06591796875,3089.219405557149,3066.247815688342,3078.193042420122,1108851
2023-10-30,3104.426513671875,3108.3776718312,3063.261381474391,3078.1929142674794,910972
2023-10-31,3095.42138671875,3123.2170073341836,3078.2386842955907,3123.2170073341836,999811
2023-11-01,3060.412841796875,3098.0404842339485,3042.3572624846965,3082.787259328347,1563475
2023-11-02,3087.4736328125,3102.0374860880515,3071.944703570906,3071.944703570906,1245384
2023-11-03,3079.019775390625,3113.017726690146,3072.955410568782,3107.596521485964,1402598
2023-11-06,3105.98828125,3117.060631061004,3086.4624322812665,3101.164247975372,1099852
2023-11-07,3096.9833984375,3127.9490531184615,3092.894500782051,3103.9208626386717,1191144
2023-11-08,3107.18310546875,3125.927832295336,3096.1567427867762,3097.902493811986,992899
2023-11-09,3075.849609375,3116.325591826509,3070.887836157488,3115.039272646239,2112352
2023-11-10,3062.985107421875,3075.849194818427,3052.785858442309,3067.1659806921307,1338557
2023-11-13,3061.239990234375,3083.7061597919806,3057.059116098903,3083.7061597919806,1030990
2023-11-15,3128.087158203125,3136.081226043034,3083.7519929067357,3108.6072962449807,2059802
2023-11-16,3214.047119140625,3242.991322415879,3137.1840447327354,3151.748122462739,3951984
2023-11-17,3218.273681640625,3238.534668324732,3209.1770219858477,3214.047043797082,2021292
2023-11-20,3234.0322265625,3247.1717958060967,3207.9823552979888,3207.9823552979888,1475621
2023-11-21,3225.394775390625,3251.904078434434,3216.941275630958,3234.0322273250904,1807236
2023-11-22,3243.7255859375,3246.0227444687735,3198.6555150194213,3216.021943783095,1798051
2023-11-23,3223.603271484375,3256.45264566112,3216.022646674357,3243.588555074423,2729804
2023-11-24,3176.603271484375,3220.2033021073066,3172.835841192993,3210.738962666845,1989733
2023-11-28,3188.59423828125,3198.793713354985,3154.458547345828,3176.6032484945686,1689195
2023-11-29,3228.65673828125,3232.5619082955354,3193.7859120788967,3198.5639575829327,1441634
2023-11-30,3204.62890625,3231.3217154069443,3198.5643165203733,3215.5173057360876,3266235
2023-12-01,3226.72705078125,3231.597072394953,3206.879732976231,3216.022380305287,1172141
2023-12-04,3227.46240234375,3259.944320290129,3214.1848682091013,3257.049765355103,1625213
2023-12-05,3245.05908203125,3250.9397198867314,3218.595763017675,3250.9397198867314,1377656
2023-12-06,3311.67626953125,3319.7163257375805,3239.131811495445,3245.977524530947,1896572
2023-12-07,3321.599609375,3335.979957891831,3300.282020829863,3312.502950367504,1967653
2023-12-08,3332.44287109375,3349.258121343015,3309.7929710621675,3338.2317571575236,1641155
2023-12-11,3347.328125,3356.6087371102208,3321.6919202445793,3328.950852965452,1102503
2023-12-12,3374.158935546875,3398.324867473977,3336.3935538659134,3343.698474230384,2236866
2023-12-13,3301.98193359375,3353.851732647353,3273.9106091568547,3347.925108013577,3850968
2023-12-14,3369.702392578125,3379.580175854481,3333.269542133453,3335.4747249461025,3290396
2023-12-15,3547.732177734375,3579.8464140417323,3369.196944540151,3369.196944540151,8531230
2023-12-18,3546.078125,3610.214844891434,3519.38509432448,3545.0675097062062,2521612
2023-12-19,3506.567626953125,3542.31155968494,3482.493442743035,3533.030946529543,2004435
2023-12-20,3473.35009765625,3582.4651407823453,3460.945440121915,3516.7204109839868,2586083
2023-12-21,3480.196044921875,3497.8381819861793,3439.628304850481,3451.481556102388,1517562
2023-12-22,3513.734130859375,3533.903140431371,3456.764592126822,3491.6814061887094,2413058
2023-12-26,3487.5927734375,3522.9230339059286,3482.6307754103036,3509.921203730051,1285231
2023-12-27,3501.972900390625,3508.4049455776526,3462.2780378170705,3490.762809359621,1293976
2023-12-28,3491.58984375,3526.5986380449217,3484.4228868485006,3513.734547129698,1682889
2023-12-29,3485.616943359375,3512.4479388122318,3459.888763645509,3484.330624106451,1574996
2024-01-01,3501.881103515625,3521.0852627367144,3466.8723111444738,3482.4929921117296,825907
2024-01-02,3476.24462890625,3501.881057224548,3461.588799764739,3501.881057224548,1344068
2024-01-03,3392.214111328125,3465.815162750429,3387.8954980179637,3461.3585853248583,1803075
2024-01-04,3369.288818359375,3417.2534494983192,3354.770729797893,3401.4030536919613,3598144
2024-01-05,3434.619873046875,3443.6707684816074,3376.6857073845927,3376.8234471802834,1963127
2024-01-08,3379.856201171875,3436.3203274728653,3374.434771049721,3434.6203399913543,1067805
2024-01-09,3390.5146484375,3447.897858716544,3383.944863545508,3408.937908160742,1370944
2024-01-10,3411.7861328125,3426.671676512049,3388.7685574784305,3390.6062844618787,1292227
2024-01-11,3432.460693359375,3466.8720875812282,3406.227094795551,3421.847774755498,1777909
2024-01-12,3567.76318359375,3588.391623960816,3511.5287831912233,3535.7866894568133,6813450
2024-01-15,3587.0595703125,3643.2939746897505,3569.784890711143,3638.6996569410876,2801505
2024-01-16,3548.008056640625,3582.649169426814,3542.724590950909,3582.649169426814,1432672
2024-01-17,3569.41748046875,3592.7105371518787,3503.213316001241,3509.139941106088,3458696
2024-01-18,3585.956787109375,3591.65369594661,3548.6508392529267,3581.7299252739276,2239110
2024-01-19,3648.365966796875,3667.33389806662,3622.4585484772238,3650.1701882508987,2941975
2024-01-23,3569.903564453125,3639.899768957106,3555.5619574424277,3608.533376885165,2618854
2024-01-24,3554.682861328125,3593.405063199735,3521.188315964987,3590.0279365554666,2657709
2024-01-25,3525.537353515625,3572.448244885673,3496.298888503896,3552.925062591193,2205154
2024-01-29,3516.93212890625,3534.51216322596,3498.288130235622,3516.7471210923645,1646747
2024-01-30,3516.51611328125,3560.2348866740044,3503.9787267378097,3522.9003517362453,1411621
2024-01-31,3530.764892578125,3547.4659708226372,3512.722225277384,3526.3698838766622,2459358
2024-02-01,3566.109619140625,3613.06681275194,3520.6792481490897,3534.511913206379,2363107
2024-02-02,3669.87841796875,3686.625578034216,3582.625887966643,3585.44799124433,2826510
2024-02-05,3676.355224609375,3721.4155819266507,3665.992302479133,3685.3302493321357,1691523
2024-02-06,3826.89599609375,3839.7570890882835,3691.807307643632,3698.2841625693227,4474396
2024-02-07,3778.226806640625,3844.4758674214854,3769.4830980416878,3842.625337521403,2124267
2024-02-08,3825.138427734375,3847.25217261588,3780.6793958083763,3784.334147666895,2345173
2024-02-09,3824.768310546875,3872.002910542726,3793.586697705998,3827.4049545026455,2100596
2024-02-12,3812.73974609375,3848.7324649898974,3798.721619618426,3821.3445300582025,1013716
2024-02-13,3839.38720703125,3858.355139973566,3776.4691855640554,3817.1347639781625,1257415
2024-02-14,3793.678955078125,3807.372695778341,3746.860457716769,3800.0631929479614,1391283
2024-02-15,3796.547119140625,3836.425674906847,3777.8565874411574,3819.4935079493257,1091582
2024-02-16,3819.771240234375,3837.9530585421244,3793.6790388446657,3805.8461829865505,1307556
2024-02-19,3797.1025390625,3819.7715328328027,3751.9497852480945,3814.913891310595,772291
2024-02-20,3729.418701171875,3791.7353795762474,3710.312072254942,3777.023758724953,1193648
2024-02-21,3693.195068359375,3759.6754457426146,3683.1097707064782,3713.0882648944435,1885939
2024-02-22,3781.650390625,3788.9135847979874,3674.2270417559253,3674.2270417559253,2982052
2024-02-23,3749.26611328125,3821.3441609716992,3743.9919224643445,3821.3441609716992,2538072
2024-02-26,3702.03173828125,3747.3234168691433,3685.0993428482916,3734.3697062923115,1379284
2024-02-27,3797.657470703125,3815.792754559911,3700.13463275584,3700.13463275584,2960475
2024-02-28,3811.12060546875,3844.383612480411,3783.408736890397,3789.515576493475,1939225
2024-02-29,3789.052490234375,3828.838882067221,3760.785601555576,3792.660933089219,3772719
2024-03-01,3788.359130859375,3830.5973909597456,3781.3733343998015,3800.2488773703917,2043265
2024-03-04,3775.728759765625,3810.148571852321,3771.287442681426,3798.212743964883,1749271
2024-03-05,3712.255859375,3760.277023325801,3682.554762016902,3758.426493294637,2070859
2024-03-06,3760.554443359375,3767.678938412685,3662.6150564319732,3695.5545795520343,1744204
2024-03-07,3801.54345703125,3815.792446127852,3735.9420401097086,3761.2018170489137,2688905
2024-03-11,3814.265869140625,3842.625148103546,3783.4081942199373,3783.4081942199373,2304068
2024-03-12,3878.94189453125,3913.8245630337647,3813.0628509397507,3814.265966419898,4039801
2024-03-13,3838.924560546875,3924.048942222053,3823.1024383775984,3890.7394015665486,2837260
2024-03-14,3893.144775390625,3909.24429467232,3780.632470539905,3843.0417702321947,2919608
2024-03-15,3903.923828125,3922.19780942629,3864.831387113379,3879.2656095371062,3373143
2024-03-18,3842.1630859375,3936.7714364581766,3810.1027425981874,3900.22346730838,1526904
2024-03-19,3680.056396484375,3754.7252341028843,3670.1561065216574,3748.479695578933,8931209
2024-03-20,3674.13427734375,3717.714344210438,3664.2339881565845,3688.105867601495,1817913
2024-03-21,3676.031982421875,3708.83258547117,3652.9466630509064,3691.8541061987853,3829582
2024-03-22,3618.619140625,3643.693914856103,3566.896912587679,3605.7580462656765,5852485
2024-03-26,3587.71484375,3651.7431331132784,3582.1169456233524,3585.4016813749195,3440925
2024-03-27,3553.85009765625,3603.907022394527,3543.209550606818,3597.892800149196,1968575
2024-03-28,3586.604736328125,3622.412446366123,3553.4802044110074,3562.3628386987034,4311783
2024-04-01,3624.03173828125,3639.3449194194973,3597.4766775972653,3606.405394611388,1569676
2024-04-02,3593.5439453125,3617.647141683191,3583.5510389868773,3599.280542643675,2142666
2024-04-03,3652.29833984375,3683.4797231172092,3563.1952810159187,3563.1952810159187,3973090
2024-04-04,3704.11328125,3727.5686125865695,3641.148955174128,3678.7608856605966,3394637
2024-04-05,3681.86083984375,3702.9106191002543,3664.512120676301,3680.7042585659196,1636819
2024-04-08,3675.661376953125,3731.2696657380807,3664.0492564790175,3685.330350645436,2302538
2024-04-09,3651.604736328125,3715.725647857853,3631.711538253932,3686.255866399333,1876992
2024-04-10,3686.85693359375,3691.992199302218,3625.1881143494634,3660.7181984660388,2101965
2024-04-12,3702.355224609375,3713.4123219078538,3650.633002250067,3674.227259392984,4354821
2024-04-15,3646.654052734375,3760.461637744864,3626.1595251412014,3702.3549556662488,4200329
2024-04-16,3583.3662109375,3635.088432257424,3574.159869690793,3610.383902806716,3051420
2024-04-18,3573.373291015625,3641.8428983525378,3562.270111447477,3587.067257661961,3476284
2024-04-19,3540.2490234375,3564.6298474104997,3516.839772927929,3551.167196003858,2957749
2024-04-22,3575.779052734375,3588.177512833397,3527.1100255082283,3550.2416494950344,1728883
2024-04-23,3585.124267578125,3603.907192347492,3572.0781665521927,3587.298730696502,1807586
2024-04-24,3544.736328125,3606.6827712829886,3538.6294891035577,3599.280651690822,1317312
2024-04-25,3564.3056640625,3584.1525524444287,3526.1847925650745,3526.369800379696,2856271
2024-04-26,3535.761474609375,3587.067373339443,3518.366447546027,3567.0352506857103,2039178
2024-04-29,3580.96044921875,3587.9925533633923,3533.7719356498687,3551.1669623012726,1110693
2024-04-30,3535.11328125,3591.6470575004178,3525.2593003353104,3582.6257246452287,2203078
2024-05-02,3574.576171875,3581.793283755537,3495.6973338865346,3495.6973338865346,2491044
2024-05-03,3556.1630859375,3602.6115654122227,3513.7861335226567,3599.419220737888,2962234
2024-05-06,3628.010498046875,3645.497916789637,3565.046167455169,3565.046167455169,2053831
2024-05-07,3681.583251953125,3689.9569456672593,3621.024700819664,3637.031831043767,2062112
2024-05-08,3679.732666015625,3686.533454251881,3644.248888132834,3664.974734166066,1247685
2024-05-09,3664.234619140625,3674.2275268958797,3617.8326670724946,3665.9001414156323,1726486
2024-05-10,3602.88916015625,3676.632958650121,3594.7007007453585,3666.455044025797,1672489
2024-05-13,3652.76171875,3659.4235824949233,3580.776046587953,3594.1923909485536,931326
2024-05-14,3609.6435546875,3650.9104615516194,3601.963810472638,3641.8428199206287,1058317
2024-05-15,3590.39794921875,3633.469076951638,3585.8642414130813,3612.696924421978,1115021
2024-05-16,3635.646484375,3643.6150446878205,3582.103702329617,3626.466519045034,2599399
2024-05-17,3573.3427734375,3653.400619466784,3569.521523611679,3652.468629512838,2765804
2024-05-21,3560.38818359375,3583.2685838009415,3550.928576025766,3570.0810162003927,1908117
2024-05-22,3571.3857421875,3580.006649837613,3557.9185319603234,3574.1817122361854,1311168
2024-05-23,3628.65625,3639.420779503035,3565.3275779741,3579.726777292213,2095742
2024-05-24,3587.695068359375,3619.6623669761175,3582.8487664565187,3614.4897775983236,1309452
2024-05-27,3585.412353515625,3642.5433888673538,3580.100055758464,3592.821628877189,1841538
2024-05-28,3578.748046875,3606.8010348271864,3569.5214375679907,3595.617155649428,1801993
2024-05-29,3544.9638671875,3587.136417003768,3541.5621945153166,3587.136417003768,1568095
2024-05-30,3482.0078125,3536.342645636951,3462.7620831275535,3520.126111198893,2919230
2024-05-31,3421.28857421875,3494.7760752132112,3405.25839205768,3485.6425278948263,10956800
2024-06-03,3451.019287109375,3496.407154925521,3444.6350645492275,3478.9323423009814,2156773
2024-06-04,3462.343017578125,3490.3027189313802,3347.242247007224,3448.363166901497,3395997
2024-06-05,3491.65380859375,3526.4637252968946,3448.3629196102897,3463.274759262659,2799670
2024-06-06,3569.894287109375,3578.748191817024,3487.0404698598118,3523.8540736442465,4328036
2024-06-07,3629.12255859375,3648.7409943773578,3576.3254140192635,3576.3254140192635,4552445
2024-06-10,3596.269775390625,3640.259657979909,3580.6122978489143,3630.101057972248,1734661
2024-06-11,3590.1181640625,3616.0739446596235,3579.7729857939453,3583.500945164728,1419898
2024-06-12,3571.059326171875,3628.7029976160984,3567.145013751887,3610.901897932011,2177001
2024-06-13,3614.396728515625,3625.4409004223003,3590.0252823719024,3594.498879632959,1932323
2024-06-14,3571.43212890625,3624.508910984573,3567.657524106183,3624.508910984573,1860730
2024-06-18,3555.634765625,3580.705202970566,3536.94832258526,3565.840009543117,1774045
2024-06-19,3543.146240234375,3573.109854433855,3534.9913279582247,3567.3313345631773,1509050
2024-06-20,3529.678955078125,3550.8350815373415,3522.968672913241,3537.833867179764,2846526
2024-06-21,3551.581298828125,3614.071280984782,3539.745069981294,3566.7261380608106,4642195
2024-06-24,3557.218994140625,3594.684941542304,3533.4532523699927,3549.716430152774,1702154
2024-06-25,3577.396728515625,3585.9709904295314,3534.9445413738563,3557.4055898723664,1338808
2024-06-26,3593.61376953125,3603.958722115837,3579.7736268740387,3583.035591907639,1639845
2024-06-27,3666.588623046875,3673.904836071464,3558.431358037602,3570.4539388609282,4526556
2024-06-28,3638.628662109375,3690.6803945471183,3632.7573071473466,3651.3504621125517,2731571
2024-07-01,3707.642578125,3729.544343158271,3619.849165498956,3619.849165498956,2658723
2024-07-02,3744.176513671875,3749.7684536400434,3711.6967988787364,3721.9953338274368,2307449
2024-07-03,3695.5732421875,3752.2849230860397,3686.0203449597284,3746.599693233403,1821198
2024-07-04,3747.484619140625,3772.0892882100375,3711.2769492433063,3727.8197694219957,2518001
2024-07-05,3738.957275390625,3752.8904794437894,3716.775869378986,3737.2796479964227,1668616
2024-07-08,3721.62255859375,3757.0848248979423,3707.503000592041,3748.4639170826727,1758882
2024-07-09,3714.446044921875,3734.437184375931,3704.753440197671,3713.9800499344306,1305801
2024-07-10,3643.28857421875,3731.0355681986657,3636.6249368125336,3712.7684734009517,2669716
2024-07-11,3656.84912109375,3709.320203652745,3630.6603385899334,3663.6526936077744,4872189
2024-07-12,3899.39990234375,3914.3117429549025,3701.2120841991746,3709.3203520241623,13509164
2024-07-15,3885.65283203125,3951.637541017052,3874.3287896416814,3947.630166106164,4848030
2024-07-16,3894.2734375,3909.27811105421,3863.0049028468607,3888.2619205264737,2029521
2024-07-18,4022.04931640625,4030.8568040536547,3877.0784519914923,3877.0784519914923,5613364
2024-07-19,4019.106689453125,4071.746392777355,4003.086029171015,4033.11900855646,3903354
2024-07-22,4005.047607421875,4035.5011370254547,3984.169161970746,4016.818045996283,1896386
2024-07-23,4019.060546875,4074.5027192991724,3985.38399641182,4000.9845622844437,2365208
2024-07-24,4022.70263671875,4053.3897019049946,3987.0647353547406,4005.187240622732,1809793
2024-07-25,4037.883056640625,4057.033224983282,3992.763574168281,4012.1938064248666,2810342
2024-07-26,4098.93017578125,4131.252014771132,4051.474850472995,4063.5723344725097,3552210
2024-07-29,4092.625,4139.239225486161,4083.1899468742968,4124.292751189664,1746803
2024-07-30,4077.912109375,4108.412167596899,4042.3672511181926,4101.96659171143,1797906
2024-07-31,4096.5947265625,4123.358163060002,4058.9014994326476,4063.572272159268,2330091
2024-08-01,4107.572265625,4128.310229028464,4077.632329853748,4109.7206392669295,2202244
2024-08-02,4001.03076171875,4108.412017712444,3988.8402263829325,4077.5849152603046,2811282
2024-08-05,3881.45947265625,3959.8819455853204,3839.843061412706,3959.8819455853204,2787771
2024-08-06,3896.545654296875,3977.863625691211,3886.830082040627,3896.312115658603,2203067
2024-08-07,3923.869384765625,3965.43925930358,3905.04580700895,3949.6051583477497,1237666
2024-08-08,3897.806884765625,3953.3425623336675,3886.08342611249,3905.700674177,2441283
2024-08-09,3950.306396484375,3973.566755574024,3928.63382658957,3939.330079568338,1302536
2024-08-12,3919.3857421875,3959.8814362113103,3910.698286669118,3951.4740446269975,936912
2024-08-13,3920.600341796875,3955.210587370805,3907.568702638658,3935.5933407163916,1495593
2024-08-14,4012.427734375,4022.6569101782006,3912.379680783193,3931.8568963353414,3226545
2024-08-16,4125.2734375,4135.50261331458,4040.3123462174317,4063.5727056513274,3457058
2024-08-19,4194.35400390625,4198.32416081418,4101.265592573427,4129.897338812813,2055210
2024-08-20,4225.46142578125,4264.415856031023,4203.695805507033,4208.366578624263,2212298
2024-08-21,4251.8046875,4259.745001647808,4196.736091046363,4220.510508211579,1896990
2024-08-22,4205.56396484375,4260.63256038501,4201.080205263111,4259.744931072301,1829872
2024-08-23,4169.97265625,4209.300656405166,4161.658771479141,4203.69572876681,1809253
2024-08-26,4205.98388671875,4252.411089215228,4189.682709110859,4193.419326911627,1844164
2024-08-27,4201.03271484375,4213.036691098735,4191.36412478117,4208.365918713926,930697
2024-08-28,4209.34716796875,4262.080377779873,4163.807131055486,4202.528021816373,1848058
2024-08-29,4214.71875,4256.008567811444,4166.329721782055,4166.329721782055,2133641
2024-08-30,4253.90625,4289.871199903925,4192.298575439788,4203.695443315948,3637222
2024-09-02,4223.35986328125,4285.901701999436,4214.905945819847,4274.691845760554,1216500
2024-09-03,4215.23291015625,4255.915163522401,4199.86588340543,4223.359782095085,1717263
2024-09-04,4184.31201171875,4191.551709902781,4144.563915753981,4182.163638580721,1265505
2024-09-05,4181.22998046875,4202.76206420468,4160.865133996732,4185.947279329001,1688793
2024-09-06,4163.29345703125,4221.398054814522,4147.646367693666,4179.361098385194,1649179
2024-09-09,4156.5673828125,4194.587657162911,4138.771920285124,4161.658707791496,1184938
2024-09-10,4211.029296875,4241.015753552719,4148.0673621993965,4149.935671573333,1385591
2024-09-11,4184.4052734375,4249.7960919167,4176.838530358877,4223.733271206021,1325919
2024-09-12,4220.23046875,4234.149281228469,4139.519145451951,4213.270834445676,2742216
2024-09-13,4224.8076171875,4247.600897834605,4208.366405266087,4231.720269890206,1458786
2024-09-16,4216.0732421875,4246.713330569917,4198.511318185657,4228.917867918421,1155120
2024-09-17,4208.9736328125,4237.138303114714,4171.934493703706,4216.0732990838,1699364
2024-09-18,4059.97607421875,4200.939917363504,4036.4821763829896,4200.939917363504,2961779
2024-09-19,4013.26806640625,4131.018523683511,3999.86285709495,4100.985089340959,2927551
2024-09-20,4002.759033203125,4045.5435884044587,3949.1386493323726,4032.651980992276,5447908
2024-09-23,3987.43896484375,4025.645797282258,3972.9595683449616,4016.864835147739,1702319
2024-09-24,3990.05419921875,4008.457226546826,3960.815343872883,3971.69815329688,3012026
2024-09-25,3993.277587890625,4007.1498756615333,3960.8157138209835,3972.352614968177,2713073
2024-09-26,4009.859130859375,4032.5589080764444,3979.499102495268,3979.499102495268,3964251
2024-09-27,4024.992431640625,4089.7291681823817,4016.9116287956654,4049.560517147242,3012477
2024-09-30,3987.43896484375,4015.697141881708,3979.5451759133052,4004.6273184936945,2503416
2024-10-01,4005.561279296875,4012.89448387877,3963.571305160189,3975.3412878081467,1823365
2024-10-03,3954.04296875,3997.247619935326,3932.7909511399207,3981.9275753897014,3350119
2024-10-04,3972.258544921875,4014.9961140747178,3945.9152050903635,3946.8028343335695,2965463
2024-10-07,3991.5029296875,4014.2962127335372,3950.913726246811,3992.4836096528597,1472619
2024-10-08,3973.193115234375,3997.6211671843516,3927.1394751787057,3991.2690982560466,1541867
2024-10-09,3972.912841796875,4012.193858824102,3967.0743757624978,3979.498449031589,1082504
2024-10-10,3949.045166015625,4011.119923228477,3922.1416952982436,3973.1931542704974,2378875
2024-10-11,3875.99462890625,3962.6374720829167,3841.6644457607786,3870.2026876650034,5759183
2024-10-14,3864.2705078125,3891.1274523744905,3850.772247615099,3867.4000169266274,2137590
2024-10-15,3845.727294921875,3895.377974493319,3825.3629080466067,3859.0389973491433,2759474
2024-10-16,3825.316162109375,3844.046006612446,3799.3933731218913,3816.0213698692205,2359151
2024-10-17,3838.441162109375,3858.0118829761873,3823.447935515133,3841.990767054733,2522659
2024-10-18,3860.962158203125,3882.593864616222,3820.6488768482636,3830.013212330735,2361000
2024-10-21,3820.5087890625,3876.7885409708174,3811.284826473667,3869.90566242773,1595450
2024-10-22,3760.2490234375,3829.8260838402684,3751.6807476679483,3807.538919013043,1928049
2024-10-23,3807.77294921875,3852.0660735451916,3741.192431901251,3745.359744124965,1966476
2024-10-24,3790.589599609375,3819.712776952362,3749.480254699009,3749.480254699009,2676744
2024-10-25,3799.626220703125,3831.8863126796623,3776.3557541640885,3799.1580039005003,1759676
2024-10-28,3830.809326171875,3871.2163428984345,3793.4923573008123,3810.301294003955,1532534
2024-10-29,3816.20068359375,3842.654930403522,3802.013807284174,3835.4913054593726,1445885
2024-10-30,3825.00341796875,3845.932800405673,3801.96728855046,3815.9669251651126,1935002
2024-10-31,3716.189697265625,3819.0570147766425,3708.276879446656,3811.284570542396,3740372
2024-11-01,3730.9384765625,3744.7508713227357,3723.306634635094,3736.22946325371,154895
2024-11-04,3712.1630859375,3738.149117791104,3664.49870814831,3714.176555308054,2269192
2024-11-05,3718.905517578125,3732.624177811658,3690.578402330056,3690.578402330056,967590
2024-11-06,3876.5068359375,3886.0115444872176,3722.5572604185204,3749.1052415175327,3792017
2024-11-07,3887.041748046875,3938.451856070285,3825.377738858535,3904.6469723028927,3724349
2024-11-08,3883.389892578125,3904.6937556251837,3855.90547671498,3890.8813609023655,1648039
2024-11-11,3931.8037109375,3965.140379367605,3855.9054977183528,3865.785145970524,1406487
2024-11-12,3930.586181640625,3949.8768046624846,3899.6372349991407,3948.0039375194488,1587640
2024-11-13,3886.52685546875,3929.9772782781292,3868.4534146320793,3912.512885008803,1098813
2024-11-14,3882.35986328125,3895.5636681242045,3854.7821688707118,3872.1528287724964,1825432
2024-11-18,3763.99462890625,3945.1945196123975,3736.557080351516,3945.1945196123975,3313944
2024-11-19,3782.77001953125,3869.483625120444,3758.93783249858,3764.3689639428794,1776233
2024-11-21,3813.953369140625,3832.3073290355883,3768.208500051012,3787.779869251299,2384347
2024-11-22,3974.7861328125,3984.4783119791628,3796.301797976082,3812.2211691072102,3096553
2024-11-25,4040.804931640625,4052.978569081819,3981.903346546831,4007.9360191008027,4052167
2024-11-26,4076.014404296875,4089.0307389004984,4036.0285097141345,4046.3759173117037,2060669
2024-11-27,4057.14501953125,4099.144155960028,4049.185334306465,4081.8672312002336,1558993
2024-11-28,3975.066650390625,4064.0749328901306,3963.9231826910855,4044.4564672909987,2558544
2024-11-29,3999.366943359375,4025.446706729403,3928.9469641069945,3951.749210359426,2017425
2024-12-02,4004.798583984375,4015.614666194075,3961.1606876475703,3998.5713921173747,1670944
2024-12-03,4029.239501953125,4050.075148671725,3994.310713047887,4040.1022227021986,2010905
2024-12-04,4077.606689453125,4108.087879819126,4016.410657546154,4039.3532825075936,3302642
2024-12-05,4180.28564453125,4203.649842480739,4082.849924975723,4121.056227615031,3746747
2024-12-06,4162.9150390625,4181.175491938829,4132.246842565077,4169.93829016878,1842087
2024-12-09,4169.14208984375,4185.295566844141,4134.868534150862,4148.821758339719,2066639
2024-12-10,4150.78857421875,4208.145132266229,4131.638781428679,4144.795490622383,2087828
2024-12-11,4146.01318359375,4165.86530184749,4126.862933306924,4150.13340004317,1635256
2024-12-12,4171.7646484375,4199.904292516949,4144.654715424752,4148.447088243233,1914642
2024-12-13,4189.51025390625,4209.175359798749,4115.063781598932,4153.036438989519,1967048
2024-12-16,4134.5419921875,4190.540540988883,4117.498717034216,4175.557602741771,1646224
2024-12-17,4053.352294921875,4151.162954243801,4043.519743438294,4129.6716231039545,3225027
2024-12-18,4071.47314453125,4084.72358925596,4016.9258843125067,4037.621159466414,1575404
2024-12-19,4000.35009765625,4086.5957127398788,3991.0794976391758,4009.8081672667645,3015763
2024-12-20,3905.208251953125,4103.451397145036,3888.5399193621092,4053.8204240622686,4116989
2024-12-23,3893.971435546875,3948.940267652302,3853.3303110561437,3933.0675361336625,2195338
2024-12-24,3913.82373046875,3949.8764194562,3893.9711577914836,3893.9711577914836,1181886
2024-12-26,3904.085205078125,3932.9742715466155,3879.784571556427,3913.824022550346,1208464
2024-12-27,3900.105712890625,3915.182385850013,3883.6243894799213,3898.3732192187385,858100
2024-12-30,3894.43994140625,3932.3655028745316,3850.6150310512044,3887.1359420947347,1527169
2024-12-31,3834.508056640625,3876.7881676077986,3775.746852751546,3872.1526387464664,1555429
2025-01-01,3851.036376953125,3871.216337275171,3825.752442210114,3834.1334768483284,763161
2025-01-02,3910.3125,3917.1016434173503,3836.521717202397,3858.1063282045143,1720835
2025-01-03,3839.283935546875,3914.245717822352,3832.1671775259365,3914.245717822352,1791953
2025-01-06,3834.6953125,3885.8713135613334,3807.9132220434763,3844.527864583333,2085593
2025-01-07,3772.235107421875,3877.16252664447,3756.549846323289,3853.3772072331085,2669054
2025-01-08,3847.24365234375,3863.724974901958,3762.3560392419636,3778.415783789389,2181277
2025-01-09,3782.114501953125,3874.727682896163,3769.4257824077367,3840.313752052967,2392472
2025-01-10,3994.49755859375,4023.8548409344226,3904.927783732032,3933.020789370392,7894300
2025-01-13,4018.32958984375,4048.1550860892057,3958.6785973528376,3975.1599171978064,4003771
2025-01-14,3963.969482421875,4039.6802192540545,3950.859413957183,4028.5367525076463,3441709
2025-01-15,3979.468017578125,3985.882678702443,3939.9974357665556,3949.8766266035373,1653474
2025-01-16,3938.92041015625,4021.0458185510897,3925.3892191834284,3989.207076624975,2637705
2025-01-17,3933.198486328125,3967.816788614414,3910.072121172747,3967.149037172065,1761466
2025-01-20,3888.853271484375,3953.7022267709062,3879.602772098358,3953.7022267709062,1287799
2025-01-21,3848.846923828125,3920.514717096685,3843.2678934321675,3905.542231174273,1971591
2025-01-22,3964.002197265625,3970.2485138616216,3856.81016118588,3862.3414621912134,2409223
2025-01-23,3953.36865234375,3997.1417593700044,3948.218491564728,3974.87360036335,1822998
2025-01-24,3959.94873046875,3984.4101308405807,3913.838960500178,3913.838960500178,1910099
2025-01-27,3876.788818359375,3963.763199603187,3853.805645566754,3911.93144531806,1551782
2025-01-28,3853.090576171875,3911.9316269694687,3841.6466026166254,3882.1773422914675,2468272
2025-01-29,3909.833740234375,3917.5110192644393,3866.156090057751,3866.156090057751,1217089
2025-01-30,3910.072021484375,3938.539000483225,3870.447447016769,3909.929064937949,1531251
2025-01-31,3921.849609375,3937.1562032629076,3895.9577125678047,3919.5609078155994,1492943
2025-02-01,3884.41845703125,3944.260904282812,3868.0632040212854,3922.4220804091583,437172
2025-02-03,3880.126953125,3888.0901447868278,3813.4181682881867,3844.1261184510477,1265713
2025-02-04,3916.74755859375,3928.0010789730964,3877.6475473199966,3894.4796324423637,2547132
2025-02-05,3901.536865234375,3957.707610233867,3887.136438388733,3957.707610233867,1693912
2025-02-06,3893.57373046875,3947.6941907477535,3863.819444687176,3915.174138224137,2284536
2025-02-07,3842.695556640625,3900.487717170586,3822.2872299314695,3900.487717170586,1548940
2025-02-10,3849.8955078125,3864.248203802436,3828.34283176266,3852.804230839546,1339511
2025-02-11,3779.897216796875,3852.8048259096363,3771.743338235795,3832.205578263567,1810908
2025-02-12,3767.11767578125,3835.400146101803,3757.5810309224153,3787.097133023103,1678002
2025-02-13,3728.97119140625,3799.828511079361,3721.437334907012,3784.140776452309,2277310
2025-02-14,3752.526611328125,3765.067205571011,3719.29131249416,3743.132923471687,1681975
2025-02-17,3723.5830078125,3751.7161103174226,3677.520966298114,3677.807112211271,1799806
2025-02-18,3693.7333984375,3742.5609756413837,3685.4365636204366,3717.765697945917,2149879
2025-02-19,3608.76171875,3695.4019938643646,3593.550584592638,3692.7794166411277,4366672
2025-02-20,3604.279296875,3612.480904202741,3577.4814657672678,3587.2087965043847,2888572
2025-02-21,3610.57373046875,3640.137329423988,3600.0834211620527,3601.1325452240194,1833931
2025-02-24,3505.289794921875,3588.8306765212556,3499.9491798812087,3569.7096541908536,2508516
2025-02-25,3461.373291015625,3488.505001501012,3453.4578285088955,3457.0340706509483,4101954
2025-02-27,3445.16064453125,3469.4313588459286,3433.8596273751255,3444.349936596485,3823856
2025-02-28,3321.851806640625,3433.192134904543,3296.8181139902795,3418.83943788603,7085018
2025-03-03,3331.19775390625,3359.9983745974937,3315.08068451919,3323.520708287026,4990439
2025-03-04,3368.390869140625,3386.462765522496,3303.780096861225,3313.03059628982,2797737
2025-03-05,3382.695556640625,3433.5259187324127,3357.7095944485823,3357.7095944485823,2501894
2025-03-06,3434.718505859375,3442.2046332492396,3372.253474752731,3392.1849716997262,2786513
2025-03-07,3443.873046875,3457.0336629714075,3408.778148227326,3433.192051502639,2051315
2025-03-10,3423.32177734375,3454.2683775177134,3416.5986286887846,3439.391117760303,1004626
2025-03-11,3409.63671875,3422.4634596541796,3373.7311107824903,3393.138276405314,1995450
2025-03-12,3343.73828125,3403.8668719856255,3325.285013656077,3399.8137980328515,3174167
2025-03-13,3348.363525390625,3360.9995790197195,3322.6623157069057,3340.0189616732987,1693004
2025-03-17,3335.632080078125,3366.864590627224,3316.2251483346326,3327.3352459788202,2690906
2025-03-18,3335.632080078125,3335.632080078125,3335.632080078125,3335.632080078125,0
2025-03-19,3335.060302734375,3382.6480693895237,3302.301833176931,3382.6480693895237,3051244
2025-03-20,3398.049560546875,3413.117506170413,3349.269714639503,3349.269714639503,2845192
2025-03-21,3412.30712890625,3448.6893373916764,3304.4475780330895,3313.9842232799383,4161925
2025-03-24,3460.80078125,3480.6370496480163,3401.33993867541,3433.1922402172363,1834751
2025-03-25,3488.266357421875,3538.0953280117983,3469.4314833711383,3476.1071349334247,3135390
2025-03-26,3467.33349609375,3509.9622534210275,3457.8445807190283,3478.7297405017125,1734499
2025-03-27,3482.019775390625,3493.2730630548403,3443.2056768112207,3447.354210516991,2528474
2025-03-28,3439.05712890625,3491.3179898494645,3425.467409839091,3481.829074680501,2051919
2025-04-01,3386.27197265625,3417.933587672838,3361.667381848982,3407.1571321951615,2618493
2025-04-02,3379.7392578125,3398.955737182192,3366.4834143953553,3379.7869876031436,1764313
2025-04-03,3245.46337890625,3339.733211605574,3238.7877271411903,3329.2429016890515,4537821
2025-04-04,3146.520263671875,3242.125120848791,3142.8010656012702,3206.792040693369,5317367
2025-04-07,3122.345458984375,3138.891399190129,2914.446587584341,2956.3600978903933,6623955
2025-04-08,3140.369384765625,3193.822325127449,3104.464010431693,3149.0478246149446,5557558
2025-04-09,3096.167236328125,3118.4828923346345,3063.2180815269526,3109.4708094407843,2990265
2025-04-11,3081.766845703125,3146.0914699537143,3057.44840084302,3137.1271167444256,7108961
2025-04-15,3097.693115234375,3160.8256612772952,3088.5380753385457,3160.8256612772952,3512160
2025-04-16,3122.10693359375,3126.2077375710383,3079.3827167859167,3097.693028895488,2384391
2025-04-17,3146.043701171875,3150.526110549214,3068.8923368600476,3095.1181104037555,2932346
2025-04-21,3167.692138671875,3198.5907757535792,3131.929719443861,3137.6517065203434,2432946
2025-04-22,3160.82568359375,3179.422142272889,3142.3246845006793,3168.6459191470717,2710498
2025-04-23,3254.85693359375,3262.390790001095,3182.6645776182195,3209.081037662751,3543923
2025-04-24,3243.985107421875,3254.379956863419,3230.7290317834236,3243.5082751937634,2252175
2025-04-25,3288.235107421875,3316.65435532197,3247.2275350265327,3261.532502141187,2742991
2025-04-28,3283.943603515625,3297.581052006719,3247.227521408655,3275.837455517982,1593296
2025-04-29,3311.600341796875,3333.057795415429,3271.4509687837376,3294.911211204666,1578332
2025-04-30,3293.670654296875,3347.2665464023585,3210.0343339326632,3311.122759184256,2809332
2025-05-02,3272.02294921875,3329.7196523454577,3261.532639559349,3311.123194312883,1721761
2025-05-05,3294.2431640625,3342.117073001106,3286.7090751925784,3290.142360352066,1284443
2025-05-06,3299.67919921875,3312.076837828531,3277.7449155245213,3299.67919921875,1324763
2025-05-07,3285.469482421875,3299.202157339632,3262.104703449532,3262.104703449532,1477128
2025-05-08,3289.093017578125,3315.891080036136,3269.829043488972,3288.2348127594464,2543591
2025-05-09,3280.892333984375,3286.518861931395,3240.6477348711433,3241.505939870428,2531757
2025-05-12,3452.646728515625,3462.278832722667,3339.923635561146,3342.5939426230407,2228678
2025-05-13,3352.130615234375,3455.1263780922163,3347.8391251152984,3452.646757336565,3062887
2025-05-14,3384.26904296875,3395.999162462871,3346.027237589939,3357.8525838336896,2119499
2025-05-15,3414.0234375,3433.192187008764,3351.272499900048,3398.8602651386764,3548330
2025-05-16,3396.285400390625,3427.37472311883,3381.789746684424,3427.37472311883,1666727
2025-05-19,3355.754638671875,3385.5089240585153,3341.3542118072583,3385.5089240585153,2537377
2025-05-20,3336.204833984375,3393.138562626365,3332.1040297404493,3368.1525972918466,2038374
2025-05-21,3362.43017578125,3373.111171091834,3336.2044033172906,3345.454901948022,1440153
2025-05-22,3315.8916015625,3335.727870536118,3291.3824694798463,3333.057563261702,2034383
2025-05-23,3351.749267578125,3371.2039297984234,3305.0197081551764,3315.8913900733005,1274331
2025-05-26,3373.3974609375,3380.7406309750972,3347.457833268305,3357.8526831208233,967470
2025-05-27,3336.5859375,3375.972327891045,3321.708911006242,3368.3430118958113,2467680
2025-05-28,3335.632080078125,3365.481823748712,3331.149903755809,3356.8988437504863,1222933
2025-05-29,3336.01416015625,3368.820128574258,3324.951557897849,3342.3082066867746,3188072
2025-05-30,3302.921630859375,3344.2153514588645,3293.0990724903722,3328.2892004179307,3404365
2025-06-02,3289.951904296875,3299.679235825276,3260.197617868956,3290.1425906350296,1877585
2025-06-03,3247.418212890625,3312.553542881876,3242.936036438699,3286.3277699067066,2848125
2025-06-04,3252.90234375,3266.2762443041534,3242.415101032151,3260.6957796433117,2544807
2025-06-05,3243.473388671875,3279.9384360226436,3236.353404838992,3279.9384360226436,3584683
2025-06-06,3256.07763671875,3262.5239346599506,3231.5430403786086,3243.473730125776,2070390
2025-06-09,3292.350341796875,3303.992342378787,3262.5239694574043,3271.27954690969,1718678
2025-06-10,3331.7978515625,3353.831020585222,3293.6009022564963,3309.7649174374747,2419874
2025-06-11,3340.457275390625,3356.909980604606,3318.5206483022603,3338.629301432497,2847013
2025-06-12,3304.1845703125,3343.1512807546196,3293.6010193282204,3340.4572389790806,4060134
2025-06-13,3315.2490234375,3319.867346975648,3264.7366235777054,3264.7366235777054,2178493
2025-06-16,3363.93359375,3376.152737355931,3296.487416323079,3309.7650089781714,1934088
2025-06-17,3382.214111328125,3386.736126790608,3356.043924600645,3377.1147173394984,2111940
2025-06-18,3320.7333984375,3404.0549041256045,3312.747815947458,3385.8705329382847,2696327
2025-06-19,3294.37060546875,3320.3484110609393,3283.7870550423027,3319.3862701130806,2672768
2025-06-20,3305.6279296875,3315.826718687675,3281.7667848759743,3295.333067521792,2351248
2025-06-23,3265.121826171875,3295.332959933054,3242.4152043720856,3285.71154983106,3123421
2025-06-24,3262.042724609375,3311.785601803136,3253.9608342374113,3304.569544364703,3403048
2025-06-25,3314.38330078125,3319.3863869066126,3271.2793378210094,3278.3030139670477,1757699
2025-06-26,3311.4970703125,3320.7334833351697,3286.000332815166,3314.3834934254055,2879106
2025-06-27,3310.823486328125,3335.1654656898822,3301.105768277059,3324.1971522580116,1778433
2025-06-30,3330.931884765625,3333.721999491074,3300.143375143297,3309.66847634863,1468351
2025-07-01,3299.85498046875,3353.0614253891877,3284.268343060543,3324.1971950415045,2375183
2025-07-02,3293.697265625,3357.7757139896216,3290.5221534097136,3355.1779803217332,3090585
2025-07-03,3272.04931640625,3305.243182495177,3268.9705120384147,3300.1437879715377,2531870
2025-07-04,3290.329833984375,3297.257202194738,3261.7542933055606,3278.9765232213795,1109320
2025-07-07,3282.53662109375,3296.3915933540857,3279.361508602982,3288.8868460752856,1639174
2025-07-08,3277.24462890625,3295.3329266950955,3264.929177120374,3276.090106685197,2325242
2025-07-09,3255.692626953125,3284.749236961352,3239.528611847941,3280.9006731219124,2034938
2025-07-10,3253.9609375,3270.3173348795094,3228.9452709195743,3252.036655455352,3035012
2025-07-11,3142.352294921875,3208.740019462478,3137.6378982976325,3174.968778671878,7635550
2025-07-14,3100.69189453125,3148.125494964879,3078.8513398189525,3142.3526487027184,3924009
2025-07-15,3129.171142578125,3136.002202567695,3084.623968418985,3084.623968418985,2590889
2025-07-16,3121.2548828125,3132.6464874286985,3109.187305299685,3115.365810708297,2540733
2025-07-17,3098.181640625,3129.8470122556437,3093.2582102459683,3112.5663349360093,2947640
2025-07-18,3079.549072265625,3117.103513998714,3076.749488627971,3113.434923384125,3432645
2025-07-21,3048.94580078125,3086.982946316993,3042.960329505588,3079.645764950135,3844346
2025-07-22,3050.29736328125,3070.088189339792,3045.4703325352643,3050.29736328125,3198036
2025-07-23,3069.123046875,3071.9226306702544,3048.366812883985,3050.2976253482652,1922875
2025-07-24,3039.0986328125,3063.909524321329,3031.37538342797,3055.6071726498794,2934778
2025-07-25,3027.32080078125,3047.6907301283586,3017.47370470728,3031.375459671135,2568917
2025-07-28,2972.775634765625,3010.136811034937,2963.7006742262606,3002.413560717978,3374473
2025-07-29,2950.28125,2967.658561027487,2935.99319157176,2954.1428746727747,4785312
2025-07-30,2947.964599609375,2962.8317614822286,2941.785858233668,2954.1431052901985,2880121
2025-07-31,2931.74560546875,2953.9499481457733,2910.6997030967705,2936.47600158721,2968371
2025-08-01,2899.114990234375,2931.745768865168,2896.218771462912,2925.084324273871,2053847
2025-08-04,2968.044677734375,2972.8717086542492,2888.1092342571515,2905.0038424767117,2519252
2025-08-05,2957.907958984375,2971.0375775693733,2936.7656575031788,2968.044724074376,1927996
2025-08-06,2927.4013671875,2960.707882222844,2921.3192607812002,2957.0392913988153,1487081
2025-08-07,2941.5927734375,2946.0337363593026,2906.741514367591,2911.665180402855,2543076
2025-08-08,2931.359130859375,2953.94977611907,2920.353595060068,2942.6545713366527,2762140
2025-08-11,2935.607177734375,2944.3922326106717,2916.78175710605,2931.3592490987544,1884215
2025-08-12,2930.393798828125,2989.2835752923374,2922.187846369997,2935.8001676667204,3358232
2025-08-13,2931.166259765625,2939.0825434733065,2923.8293140563796,2931.0698605624675,2148166
2025-08-14,2917.7470703125,2950.1845757137776,2914.6578177545016,2929.0422751905776,3342174
2025-08-18,2907.031005859375,2943.523406147703,2899.500790610218,2941.109890727772,2945609
2025-08-19,2911.85791015625,2920.3535312041786,2906.9344803304716,2907.0308795261603,2650784
2025-08-20,2991.40771484375,2996.0414760002127,2906.741403418293,2906.741403418293,4952358
2025-08-21,2995.26953125,3021.721568272579,2976.444109339037,3021.721568272579,3230726
2025-08-22,2948.3505859375,2988.6079780367672,2944.4889610705222,2979.2435848733217,1593791
2025-08-25,3031.955078125,3042.960615514831,2970.6517789228456,2980.4988759076773,3448370
2025-08-26,3047.98046875,3052.6144657420946,3012.067404527304,3020.756060501902,5522097
2025-08-28,2986.67724609375,3037.6507428505593,2979.7263682848406,3036.2026334864163,3116051
2025-08-29,2977.988525390625,3007.2403810515466,2970.747978726777,2986.001444170926,2271789
2025-09-01,3004.92333984375,3022.7833539936464,2983.105066117822,2983.105066117822,1246862
2025-09-02,3003.861572265625,3045.856744495596,2995.752253975034,3013.1295666219185,2185229
2025-09-03,2990.345703125,3033.2096441073413,2981.1743442292172,3021.6247697126682,1799774
2025-09-04,2988.60791015625,3010.136515439645,2983.877514079595,3008.205703050011,1481391
2025-09-05,2942.847900390625,2996.041643012066,2923.8294445249576,2989.959772231462,2802055
2025-09-08,2914.561279296875,2958.8733290135365,2911.6650607351357,2944.4888711015133,2626187
2025-09-09,2943.90966796875,2954.1430683002914,2925.953253480324,2927.2083287202117,2489301
2025-09-10,3002.413330078125,3014.6739418754814,2947.7712440051832,2950.667462651561,2079428
2025-09-11,3016.1220703125,3030.4101295308183,3002.5099840051885,3030.4101295308183,2263446
2025-09-12,3025.003662109375,3039.774423958481,3013.0327196287853,3035.237062003493,1447167
2025-09-15,3004.24755859375,3025.583130595429,2988.8976937854013,3025.583130595429,1732539
2025-09-16,3036.878173828125,3041.0294675418386,3001.5444490507502,3019.790531578054,2573429
2025-09-17,3063.041015625,3072.3087742640014,3033.692524030945,3042.960518364833,2418271
2025-09-18,3066.805908203125,3092.1961390627853,3052.035145819797,3074.8188270106057,2633138
2025-09-19,3059.565185546875,3070.474322402291,3035.2369972120114,3060.337557621526,4901694
2025-09-22,2967.4658203125,2999.4206262220173,2958.970198053499,2987.932385962669,3634901
2025-09-23,2956.4599609375,2974.126942183857,2946.419830367542,2963.79714260431,3177741
2025-09-24,2930.393798828125,2951.2466664114318,2928.0769182943645,2944.4888232106205,1625714
2025-09-25,2855.09228515625,2924.7948033919906,2848.9137795733855,2917.457621779319,4974361
2025-09-26,2798.80908203125,2852.5821577986485,2791.278866873073,2839.2595057026215,3934636
2025-09-29,2795.9130859375,2827.964525737199,2793.8856385700533,2815.1245756980907,3110035
2025-09-30,2788.47900390625,2814.448570520906,2785.293352196243,2810.2972769748603,2253458
2025-10-01,2813.386962890625,2823.620363841534,2767.4337649082727,2790.9895841039,1952902
2025-10-03,2801.51220703125,2822.8477787064007,2791.086008442819,2822.8477787064007,2899519
2025-10-06,2885.01953125,2890.0398315890247,2795.430032599017,2801.6085374387912,2112774
2025-10-07,2870.828369140625,2900.5629272327596,2853.2580234436414,2891.391568334869,3062943
2025-10-08,2922.4775390625,2937.7310038355854,2865.325540382523,2872.083383638142,4121889
2025-10-09,2955.7841796875,2959.9354735767624,2915.5267874109013,2929.042474504859,3211304
2025-10-10,2923.53955078125,2963.7969409179377,2902.8797173331764,2944.4888175243354,8817365
2025-10-13,2903.16943359375,2930.4904757795234,2894.4807779251564,2922.2845232036298,2866865
2025-10-14,2857.89208984375,2922.477671901626,2853.2580928331454,2916.492200456414,3611416
2025-10-15,2877.756591796875,2887.349664986807,2859.539215693528,2878.9193527026337,4282226
2025-10-16,2878.628662109375,2882.7954389661986,2851.8842144350965,2877.8534092983937,3251495
2025-10-17,2870.391845703125,2896.1675207642234,2863.8025522629873,2877.950145926403,4374683
2025-10-20,2921.749267578125,2929.307567962745,2886.186765192536,2892.9698128193104,3133039
2025-10-21,2913.512939453125,2937.8351067763124,2903.1446131495227,2937.1568492749448,310644
2025-10-23,2977.951904296875,3001.9833223001874,2942.001890896718,2960.3160263483123,5564758
2025-10-24,2968.26171875,2994.231149497321,2963.513679841537,2984.541081052346,2684318
2025-10-27,2989.2890625,2998.300873295387,2965.3546412157716,2971.4594315335457,1946312
2025-10-28,2963.1259765625,2994.424945391891,2945.974602490029,2980.6650953225503,3470737
2025-10-29,2962.83544921875,2980.665080689528,2951.691870406029,2963.125962015583,2895420
2025-10-30,2941.226318359375,2968.8430115115416,2938.8038014162025,2954.598659200471,2241536
2025-10-31,2963.222900390625,2972.3314700068563,2931.342670159881,2940.9357431934422,1868085
2025-11-03,2923.2998046875,2963.2228381217715,2916.710511035491,2952.4667678534975,2194877
2025-11-04,2897.5244140625,2935.412678861251,2883.764563259587,2926.0133591519766,2670720
2025-11-06,2917.582763671875,2930.276848617888,2897.330614208824,2897.4276095278424,2542721
2025-11-07,2899.074951171875,2910.896788283535,2868.7449872547954,2907.989767522932,1830520
2025-11-10,2931.439453125,2953.4358611387806,2899.2684732632038,2900.237480105872,1556656
2025-11-11,2952.56396484375,2960.9942773891976,2924.462765309628,2950.6259510827763,2806868
2025-11-12,3034.735595703125,3039.192885115363,2962.3508338140637,2965.1608589527805,4460315
2025-11-13,3009.444580078125,3034.8325126833847,3005.859301984357,3034.7357539410323,1740435
2025-11-14,3009.7353515625,3016.6153949995773,2981.924901585002,2994.2312415737683,2210794
2025-11-17,3006.052978515625,3026.6928715689805,2990.93661372188,3009.7352518307202,2232853
2025-11-18,2991.421142578125,3008.7662705711664,2982.6030856096777,3005.8592500198897,2548350
2025-11-19,3050.142822265625,3057.216619603584,2987.932629650603,3001.0142221592077,3151053
2025-11-20,3047.3330078125,3066.422396812198,3040.8407087665255,3050.433782640164,2700767
2025-11-21,3052.952880859375,3071.7515179167412,3038.0300343800313,3047.3325941742696,4177037
2025-11-24,3043.84423828125,3080.375748831919,3033.960415828725,3060.1236005069036,6703764
2025-11-25,3022.526123046875,3052.1778273241375,3018.4563415864895,3047.817296493595,2737920
2025-11-26,3064.87158203125,3079.503679669953,3020.394263540353,3022.1385231343734,2508527
2025-11-27,3039.386962890625,3081.4417653096157,3028.1463888655812,3081.4417653096157,2836233
2025-11-28,3040.2587890625,3049.7551028737985,3028.146204245518,3042.6813060258964,1616690
2025-12-01,3036.285888671875,3056.2475238822894,3025.433059554359,3040.646419381282,1747647
2025-12-02,3038.5146484375,3046.557452385492,3023.688796726563,3033.96036368288,2512003
2025-12-03,3081.441650390625,3112.3528729457903,3041.7123712503685,3042.6813780586676,3952112
2025-12-04,3129.11669921875,3149.27208789607,3088.6121678196405,3095.00770730463,5025905
2025-12-05,3137.837890625,3170.2028609083113,3122.527535293584,3129.892081880524,5244013
2025-12-08,3136.190673828125,3158.8653395160463,3109.1554773099156,3142.489218360763,2544725
2025-12-09,3108.86474609375,3133.4774256277456,3082.604565643986,3129.8921475722495,2734893
2025-12-10,3090.356689453125,3125.0471830165943,3079.6008550466445,3125.0471830165943,1386849
2025-12-11,3092.972900390625,3108.9615135733166,3055.3756234989633,3105.6669848803986,1914362
2025-12-12,3120.6865234375,3123.1090405337873,3086.9650381423917,3098.5931202045713,1146554
2025-12-15,3130.0859375,3137.8379924435076,3098.2057061744017,3111.578048266741,1562190
2025-12-16,3105.763916015625,3120.202023295087,3092.197820262168,3120.202023295087,1734623
2025-12-17,3118.0703125,3136.5782015286727,3101.306446555184,3101.306446555184,1376350
2025-12-18,3179.117919921875,3185.9009682967376,3121.171259347543,3127.9543077224057,2307422
2025-12-19,3180.280517578125,3215.067769256,3177.179742937931,3196.753634213965,3902511
2025-12-22,3221.850830078125,3225.436344736965,3189.0015919916527,3207.4127224224762,2632816
2025-12-23,3207.41259765625,3217.005670614833,3191.423985009323,3217.005670614833,2365420
2025-12-24,3216.1337890625,3223.98283930865,3193.943626455098,3201.695681385047,1367708
2025-12-26,3178.342529296875,3217.102804044398,3170.3967202884214,3210.4167512800273,1176664
2025-12-29,3150.7255859375,3186.094333865139,3142.392032892103,3178.342279524835,2079473
2025-12-30,3146.17138671875,3166.229780553915,3139.097589626445,3149.2721612242462,2807593
2025-12-31,3106.82958984375,3145.3961082329884,3099.3682847144837,3139.582067367493,3362634
