Price,Close,High,Low,Open,Volume
Ticker,TECHM.NS,TECHM.NS,TECHM.NS,TECHM.NS,TECHM.NS
Date,,,,,
2020-01-01,586.6915893554688,590.3098254400628,585.34437729109,589.693966465181,746371
2020-01-02,589.732421875,592.1189399007047,585.8447623501081,586.6915625284714,1133488
2020-01-03,596.6993408203125,600.394587965021,587.8077522257738,589.6938581669231,2121704
2020-01-06,593.0812377929688,599.547827253381,591.3491080645863,596.506967888371,1734439
2020-01-07,598.2390747070312,599.3168630693388,585.5367905186637,592.7732621238162,1937143
2020-01-08,592.6193237304688,604.243867290613,590.5407586050233,592.8502649695122,2596664
2020-01-09,595.5831298828125,597.7386594384834,586.7685058380129,593.1581297657951,1678891
2020-01-10,597.5848388671875,601.9344284698583,594.6594732079817,599.7018866055254,1105725
2020-01-13,604.9751586914062,607.169217876605,596.66094537856,600.3946754360276,1393509
2020-01-14,612.9815063476562,614.1747419547577,603.3200803859876,604.9751984903446,1628535
2020-01-15,612.1346435546875,618.6782445236355,607.0152192959362,612.9044789627991,1759644
2020-01-16,602.6656494140625,612.5580629118717,601.3184374074641,610.4794978471433,1110008
2020-01-17,599.2784423828125,605.6680675075711,597.0074183058423,603.1661021826272,989312
2020-01-20,599.0859375,604.6672443346747,596.2760194022156,599.3168787302367,1620105
2020-01-21,599.6248168945312,603.0890762236477,596.6224400144873,598.3545696790455,976954
2020-01-22,599.5093383789062,608.5164222662416,597.5462674387625,600.4716326620185,1192201
2020-01-23,591.9650268554688,600.8181352510312,590.3868734519268,598.3546522131207,2018777
2020-01-24,606.0913696289062,607.2076402984916,587.6153209859094,589.0010152367298,2364265
2020-01-27,609.3248291015625,612.9815479117109,600.202296759479,605.0907336371803,1175606
2020-01-28,611.4417724609375,612.5965255722896,604.0128419830959,610.0945604976934,1506685
2020-01-29,619.0631713867188,621.4111600187924,610.9028877477907,613.4818645953349,2565136
2020-01-30,609.2093505859375,621.9886490526512,603.5510780242734,620.1795072974757,2493688
2020-01-31,613.2509155273438,617.7929635871571,602.7811719485907,613.4433743945049,3081521
2020-02-03,610.5950317382812,630.2643189187053,608.5549489148494,622.0270698585684,3383074
2020-02-04,624.4134521484375,625.876158151719,611.4802272814521,611.4802272814521,1779834
2020-02-05,626.6846313476562,628.1858200945537,621.2573000199815,623.5668067115056,1613898
2020-02-06,629.4945068359375,635.8456498026342,623.6052463810973,625.6453292803637,1553656
2020-02-07,634.6908569335938,635.4606923966736,626.8385258127736,629.4944675578047,1397438
2020-02-10,626.3766479492188,636.7308974143824,624.7214828965792,636.653932662318,1098971
2020-02-11,631.2266235351562,632.6892827834673,624.3750688347086,625.8762574473943,1143705
2020-02-12,632.4198608398438,636.2305559477271,628.8016246062268,631.2651075942445,1394424
2020-02-13,637.4237060546875,638.9633768422592,626.9154341347012,633.4205526095963,1737974
2020-02-14,642.1582641601562,645.1221118697589,635.1527333211442,636.6539218571487,2143044
2020-02-17,641.4653930664062,644.3522760235007,637.0003568235055,643.5439581929198,793328
2020-02-18,645.7381591796875,646.6619713933719,635.383859883183,635.383859883183,1507814
2020-02-19,647.3546142578125,650.3954265339069,643.6208843317465,645.8919081858238,881874
2020-02-20,638.6554565429688,651.2038116928665,636.6154208373479,646.777257952278,1066232
2020-02-24,631.3421020507812,649.6642253325483,627.993336275812,638.1551747125573,2917544
2020-02-25,632.8816528320312,636.4998885481881,622.8353104294964,632.8046880881436,2479975
2020-02-26,624.6829833984375,635.4991620406089,622.1810181935532,631.2650670784969,2212784
2020-02-27,622.912353515625,631.0341078595591,616.0223170580317,621.2571885555182,1907768
2020-02-28,573.0656127929688,622.0271358819309,563.558115382751,608.0161192158964,5959364
2020-03-02,580.9857177734375,588.7108844976065,573.0655191893934,578.9959165344327,3784522
2020-03-03,587.033203125,591.2079328677593,579.0739502538496,585.238481307689,2168900
2020-03-04,601.8592529296875,604.629372253946,583.6778533856866,588.3597613005451,2685540
2020-03-05,589.9984741210938,611.769367341242,587.0722813563875,600.8059079748432,2126955
2020-03-06,577.7474365234375,585.0433903973005,570.7245748847903,582.1952107931178,2004893
2020-03-09,549.9680786132812,569.6321003706188,543.5304555611475,557.9273311849212,3429034
2020-03-11,552.894287109375,557.0690168173556,519.6917670718191,531.3965366004636,4626185
2020-03-12,507.0896301269531,538.419416684778,497.1405756882127,527.4949647520433,3796919
2020-03-13,511.8495788574219,522.8130367443823,410.3692369968072,470.7268125612666,4553639
2020-03-16,470.8439025878906,495.34585933341396,461.16794028912904,495.34585933341396,6499354
2020-03-17,464.640380859375,482.19753654837524,455.15949773658167,468.19081837333954,3333465
2020-03-18,452.31134033203125,476.96936967686383,445.28847844721855,468.19079232084795,3548257
2020-03-19,413.5685119628906,450.75068119292695,408.1062863331921,428.9017786741327,4931298
2020-03-20,449.73626708984375,464.64036969263674,409.7449689815683,409.7449689815683,6315992
2020-03-23,380.1708984375,422.93231073558513,367.8418610689684,421.3716749026125,2912669
2020-03-24,392.89013671875,416.65083077854763,380.0148889414722,380.0148889414722,4082147
2020-03-25,410.99346923828125,423.595575415106,395.6602026398784,397.18183215089067,3664272
2020-03-26,402.01983642578125,440.8016499048558,400.30312732902365,420.86448723564007,5979874
2020-03-27,393.3583068847656,420.435327081216,388.5983623423866,409.666948252516,4672139
2020-03-30,411.071533203125,415.40228879192523,378.96145067788615,385.47711106278456,4138337
2020-03-31,441.269775390625,448.8778749663254,411.8907872091132,419.03071509242375,3652911
2020-04-01,398.8985595703125,437.21215320973494,397.96216847207114,436.978067341882,4114437
2020-04-03,406.46759033203125,416.026484070169,398.0401431972998,400.88829860965456,5826085
2020-04-07,429.0578308105469,435.1443492774166,418.0553661238162,418.64060462048974,3531972
2020-04-08,436.1197204589844,444.6251575213739,419.03073833643225,421.3326858098285,4113059
2020-04-09,425.4683837890625,454.69130202217804,419.45992574434604,444.7812540298315,5917001
2020-04-13,411.1105651855469,429.95526604193043,407.1309619916102,429.95526604193043,3822640
2020-04-15,420.31829833984375,428.08242412759677,412.00789281472396,412.00789281472396,6316254
2020-04-16,403.9316101074219,413.5685178403283,396.6746388082129,411.22756396576045,7001494
2020-04-17,397.84515380859375,415.1291934734223,390.15901642238936,412.8662521274392,10839705
2020-04-20,409.54986572265625,415.05114548869483,399.52279890249514,404.1657003291692,4549088
2020-04-21,400.2641296386719,405.7653620409765,394.76287342295154,398.74250000565195,2950307
2020-04-22,404.4388122558594,407.24798564849766,395.6602347041735,399.52281835228155,2268496
2020-04-23,408.65252685546875,411.8908178266694,397.415929134595,404.98502290304265,6094748
2020-04-24,392.85107421875,415.5973134662949,391.79764024296554,407.32596239933804,4817852
2020-04-27,399.28875732421875,404.9850695868754,395.2310939224516,399.28875732421875,4032316
2020-04-28,406.0774841308594,412.39804053583333,402.29291346091406,404.2047019821413,4972775
2020-04-29,412.5540771484375,418.95269335908546,407.4039505085785,410.4082029552023,6361689
2020-04-30,426.2486877441406,431.43782125436604,415.4022489961211,422.1520184340139,8931956
2020-05-04,392.0707702636719,405.57026150608937,388.5983458009283,401.86375117967486,14814506
2020-05-05,390.1199035644531,401.0833594081244,388.75434737969783,394.8408168492431,5717678
2020-05-06,395.5041198730469,397.2598350925365,382.3557589110755,393.0851296968455,3781531
2020-05-07,402.9172058105469,410.33022728083284,395.114049128926,396.40156914792385,6799899
2020-05-08,418.4065856933594,420.2793206062589,405.1411776462578,411.1496366988421,6016020
2020-05-11,413.7246398925781,424.33694632844214,411.38368574112275,422.54222433769314,4272574
2020-05-12,416.1046142578125,420.9816022355178,409.6669901272416,409.6669901272416,5691969
2020-05-13,425.0782165527344,428.9798064247191,414.66099064526696,422.9323421231428,3296409
2020-05-14,402.4100036621094,417.4701315942555,401.0444471568945,415.4413238372402,6148398
2020-05-15,398.391357421875,405.7653722702293,395.933360410229,405.7653722702293,3628530
2020-05-18,393.3192443847656,401.8637352717339,391.32944318208655,399.13262250775125,3283979
2020-05-19,399.990966796875,405.53125288276146,392.7340193023758,397.96215915388075,3041594
2020-05-20,405.14111328125,409.51087501062733,398.5084103114406,401.86376817080156,2772920
2020-05-21,405.80438232421875,406.93585299405584,398.00120201752543,405.72636957188496,2540109
2020-05-22,413.29547119140625,414.34888150041957,401.94180554600115,403.502441634515,4254552
2020-05-26,406.11651611328125,421.95696212396007,404.8679787264596,415.9094975720217,2719781
2020-05-27,408.6915283203125,410.4472437164379,399.5617987350945,407.05287966799335,2265885
2020-05-28,413.3345031738281,415.012158496809,403.54152063710717,412.00795289104644,3387672
2020-05-29,413.9197082519531,417.97737153050707,409.23780007519844,413.49054286111715,4081245
2020-06-01,424.1418762207031,432.9204544833161,419.06980878008227,420.20127950374166,4913055
2020-06-02,427.2240905761719,427.8873418030469,419.8110698264484,424.1808314281852,3878973
2020-06-03,431.7109069824219,441.26980189527256,429.1748736381962,432.29614544647393,4942023
2020-06-04,454.22308349609375,456.4860247206548,433.58371073625676,434.63712097334144,10915145
2020-06-05,452.4673767089844,463.15774291609273,448.68285343077906,458.82698750834453,6207096
2020-06-08,460.3875427246094,467.76155611225795,452.662376770535,457.11019814934076,4791151
2020-06-09,457.42242431640625,472.3654855445524,456.4860331845077,463.5088952335001,5665593
2020-06-10,460.7777404785156,465.7717943117401,454.53519700039857,461.55805841328026,3438670
2020-06-11,446.22479248046875,461.1678999998932,440.68455418771526,461.1678999998932,3378322
2020-06-12,432.8423767089844,438.46067547848565,429.1748728159191,429.1748728159191,3603893
2020-06-15,428.2384948730469,437.36822469990955,424.0248063869153,434.6371117892054,3944724
2020-06-16,416.1435546875,434.59809332126946,414.46589966513886,434.59809332126946,4262594
2020-06-17,417.8993225097656,425.273337613943,412.32007702359147,414.34888490459406,6139224
2020-06-18,418.1723937988281,421.3716782309623,414.3488169271129,417.5090949884799,2658663
2020-06-19,420.4742736816406,423.67360558927953,415.0511024771892,420.20118147236036,5570067
2020-06-22,428.00439453125,431.71090478471115,420.0451419352942,422.85431512454045,4352621
2020-06-23,436.0417175292969,437.05612147059264,424.9221852985722,427.6142921008513,4438315
2020-06-24,437.7193908691406,441.65998723696646,432.608317503337,436.0416881213067,3500477
2020-06-25,432.4132995605469,441.34790381554575,430.7746029540001,435.4175052322926,2386979
2020-06-26,437.64129638671875,448.6438078863562,431.20367339954043,433.46661447000673,5288935
2020-06-29,422.5812072753906,436.11975327646064,420.74747900919624,436.11975327646064,3304988
2020-06-30,424.0247802734375,428.316528868809,422.5811635334438,426.8339057578591,2356985
2020-07-01,425.9755554199219,427.1069782595419,418.28939562339025,424.4929323774327,3662491
2020-07-02,437.64129638671875,438.9288400348853,423.32248127808936,429.0968530688348,5966748
2020-07-03,442.5964050292969,446.5370016345627,437.7974299976938,441.5820010952928,4007490
2020-07-06,453.79400634765625,458.82706789328216,447.1613021349132,448.64392565673285,4909636
2020-07-07,457.9295654296875,462.33838085481466,450.3214654915703,455.58861160257453,5126702
2020-07-08,455.27655029296875,463.4308829840244,449.54118437066734,460.34861733382814,3391014
2020-07-09,450.4775695800781,458.59289578947426,446.380900100945,455.2765443063665,2498146
2020-07-10,444.0008544921875,446.3418080308107,438.0314039179699,446.3418080308107,3959401
2020-07-13,468.229736328125,469.5952926238397,445.17135240299297,446.30282285909277,11008252
2020-07-14,466.8642883300781,471.15603768358795,462.3774594604996,464.25024186549246,5525588
2020-07-15,480.1296081542969,491.60029113958575,469.75138931115976,471.3120251560473,11907668
2020-07-16,467.72259521484375,498.58416040968285,458.9049643361803,489.2593514429407,13009798
2020-07-17,467.9567565917969,471.5852070449751,460.54373491907535,471.5852070449751,3307397
2020-07-20,486.0211181640625,488.44013289311687,467.0203911424202,471.1950740008111,5461610
2020-07-21,484.3433532714844,493.00486332592817,480.16862373028135,491.600300563968,4218944
2020-07-22,482.19757080078125,488.83027453221746,477.20351599931826,482.2365771797165,2879564
2020-07-23,497.5378723144531,499.22921263297434,477.5167723390163,482.1975476676478,5038587
2020-07-24,513.3895263671875,515.5922781224039,491.8737563127806,497.57721050433224,12276883
2020-07-27,522.7904052734375,528.4545349383683,505.68004258656066,516.8509556449691,11521949
2020-07-28,538.36669921875,552.841691200538,524.7177631174085,527.0778130264823,23296517
2020-07-29,532.1124877929688,546.941445572145,527.86437968919,540.4119852029002,5436716
2020-07-30,530.8146362304688,540.7268280899162,526.7238728543009,534.9447241744627,5126995
2020-07-31,536.24267578125,539.2320626352873,529.8311878579038,533.7252796879892,3114793
2020-08-03,529.909912109375,540.4121641713456,526.723853984077,539.6254807816254,3092967
2020-08-04,513.4288940429688,532.3092939450357,511.5015102832314,531.0112472456326,5559046
2020-08-05,510.2033996582031,520.3909570986509,505.4833002740884,515.2775160991932,5139353
2020-08-06,519.4862670898438,524.5997082360902,510.67545306550267,516.064214144259,8644001
2020-08-07,521.1383666992188,525.5044494531344,514.8055756763916,517.4409455505976,3823897
2020-08-10,536.39990234375,540.7266597955713,521.3349483888795,525.5043596030231,5362182
2020-08-11,530.853759765625,545.9187607195485,528.7297057385889,542.8900018983938,4331864
2020-08-12,544.4241333007812,545.9581752406194,529.1625070672329,531.0111934977207,4355435
2020-08-13,548.3574829101562,555.2409605078763,538.3272726963357,547.4528260922249,7108877
2020-08-14,547.4530029296875,559.3319031864403,544.3849184318096,544.3849184318096,6476545
2020-08-17,567.2379760742188,569.8733939022395,549.6162992053528,554.4543726247272,7657241
2020-08-18,560.9445190429688,572.7054440141849,558.7024908377848,570.345394107533,4752247
2020-08-19,571.6826171875,573.4919787106825,557.7583167433112,562.4784153335227,6506907
2020-08-20,571.44677734375,575.8521846871336,563.4225979540582,566.4119849381641,6610632
2020-08-21,576.32421875,579.5103248168227,574.2788611902539,575.0655445617474,4207706
2020-08-24,568.378662109375,578.1728784159187,565.8219414839696,578.1728784159187,2385907
2020-08-25,581.0442504882812,582.4209462261166,561.9671809782764,571.9187436607641,4585917
2020-08-26,576.5208129882812,582.9323008201706,571.9187350826775,582.8929762598897,3157074
2020-08-27,578.6841430664062,587.1409874715582,576.2061197940958,578.2121523522516,3207076
2020-08-28,591.8611450195312,596.5812446877096,582.1456257419989,582.9323090200286,4223327
2020-08-31,582.9323120117188,609.4435482204473,575.9308115951868,597.6432989894408,7224350
2020-09-01,572.58740234375,592.0578133945979,568.536012287826,581.358940063701,3563888
2020-09-02,578.3695678710938,586.669067027177,572.8234602464823,574.3968268358948,3467486
2020-09-03,597.5252685546875,599.4526521706393,576.7174864451722,582.1062956577452,4606227
2020-09-04,588.5964965820312,596.6206764165689,584.9383997703718,587.6524669517312,2954845
2020-09-07,587.7310180664062,591.5071359578702,577.4648115854056,589.7764232601714,3367905
2020-09-08,591.782470703125,604.9594150491235,586.0790171802302,588.8324085361105,5237241
2020-09-09,592.6477661132812,597.8399040126882,585.842985281526,591.5464384487998,3038259
2020-09-10,590.0125122070312,596.6206715498865,581.5949907631427,595.2439756880701,3737568
2020-09-11,601.9306640625,606.2180490501787,588.0456865060897,589.5404037782579,4917946
2020-09-14,622.0697631835938,626.6718408660141,605.7460861857315,605.864107876187,9021887
2020-09-15,622.384521484375,631.7853486503444,609.679566789655,622.0698289534448,6339704
2020-09-16,623.05322265625,624.8232602206143,616.7597557607323,623.05322265625,4279003
2020-09-17,619.0803833007812,638.354122617884,614.6356038031523,619.9063910970187,7591219
2020-09-18,633.0047607421875,636.2694677527494,619.9064640904847,623.8398807408051,6281494
2020-09-21,619.3164672851562,652.947180497529,616.9957417995968,634.8534634475974,10789179
2020-09-22,629.70068359375,638.0001831550292,607.3195331636036,623.8398831589866,9053623
2020-09-23,623.8792114257812,639.1408873849086,616.0517026117717,639.1408873849086,6091530
2020-09-24,591.4677124023438,619.8670031801068,588.0849844302065,619.8670031801068,5929066
2020-09-25,607.5948486328125,611.5282652693047,588.9504921881114,593.9852366736175,6986586
2020-09-28,613.1409912109375,617.0744077621616,607.3195155089904,613.1016186331543,3604366
2020-09-29,604.290771484375,621.4797816830177,601.0260167162347,617.5463653432518,7041805
2020-09-30,622.8565673828125,625.2559420936278,602.3241503291564,608.1062539777886,5433474
2020-10-01,647.0469360351562,649.2889639630052,627.6551758280913,627.9305437590077,10104719
2020-10-05,661.7973022460938,669.4281395838262,646.5356275706288,647.0863154638265,8551125
2020-10-06,666.635498046875,672.5749478080356,654.9138967841807,672.5749478080356,4902535
2020-10-07,665.809326171875,667.2253943846739,658.6505280530956,666.320689472645,3943817
2020-10-08,676.7835693359375,698.2206872321225,674.6988875974353,678.120940422436,11398839
2020-10-09,671.945556640625,678.4750183958743,664.9440560984634,676.9409763652503,5306496
2020-10-12,674.10888671875,680.323655497774,667.422079187116,677.3342687925809,3343240
2020-10-13,682.9984130859375,692.2026167926093,669.4674514673148,674.1089018880873,7327471
2020-10-14,667.7760620117188,687.4038188332407,665.2193414321605,683.6277488111141,5346616
2020-10-15,639.1016235351562,675.2496879280482,634.6175184807389,671.0409508772188,8893099
2020-10-16,647.2437133789062,651.609796281767,628.4026379169202,639.7308971384391,7978964
2020-10-19,648.3450317382812,658.1391999704646,643.1922179427867,651.3737431009132,4558879
2020-10-20,668.562744140625,670.9621664773595,644.7655757094436,645.552258963367,7382532
2020-10-21,665.4554443359375,674.3449563122132,656.0545689918823,669.546159216815,4818496
2020-10-22,658.8079223632812,671.74887192086,652.0030927859293,664.6293498254095,3962610
2020-10-23,667.3040771484375,674.5415727636068,655.7398235912507,660.8139402354111,7356677
2020-10-26,644.4903564453125,672.3782917560238,640.3602687171002,652.9472027459376,9770648
2020-10-27,651.8850708007812,655.8971360249052,641.9335088411666,650.1150335521382,5479538
2020-10-28,632.7293090820312,658.0211940045963,630.1332640392434,652.947077593723,6829067
2020-10-29,657.203369140625,661.4117787098862,638.8988972553229,645.5587959230261,6477299
2020-10-30,664.5986328125,668.970484622709,655.9367252900653,659.2053771665568,6189261
2020-11-02,665.7018432617188,673.9960176039299,661.4117376060566,671.2176933904271,4433983
2020-11-03,660.3494873046875,674.1595637734697,657.244277470927,670.890911343053,4599741
2020-11-04,675.6712036132812,683.1482649805014,664.0266309147501,666.8050050527382,5017595
2020-11-05,686.9889526367188,694.3434197283736,681.3096597408064,683.1482765137201,4269675
2020-11-06,695.5283203125,697.8572149554665,673.4240208516046,682.3311176672302,4123331
2020-11-09,713.1790161132812,716.6519589015728,698.8786634556102,701.9430247393968,4297119
2020-11-10,671.135986328125,712.566161909707,669.3382176876219,712.566161909707,6889383
2020-11-11,684.3740234375,686.948106878907,663.904099935489,670.0736707089552,5387431
2020-11-12,689.0726318359375,692.9541557033798,681.9633044614889,683.9653635893029,3150886
2020-11-13,685.4771728515625,691.0747694106816,680.9827762843454,684.7826042414432,2839192
2020-11-14,686.5396118164062,690.4619847978348,684.7418429861787,689.6856698625458,214282
2020-11-17,690.7070922851562,699.9001769207173,678.9808220558443,693.4037204697855,3635434
2020-11-18,683.2299194335938,690.4209932613834,678.3678398037683,689.685526659465,2772377
2020-11-19,672.4434814453125,693.7714167083383,670.0736886935658,680.6968081484639,5593368
2020-11-20,684.4148559570312,690.4618820656162,675.3035184952407,677.4281223303268,6063818
2020-11-23,707.4588623046875,710.4415271841065,683.7611354703405,684.7825892132003,6251814
2020-11-24,717.1831665039062,727.2751101609258,706.2740099260878,710.9318492584331,7068121
2020-11-25,704.5988159179688,719.1034595625543,698.8786747623576,715.0176444514035,4445185
2020-11-26,700.3495483398438,709.2566451066731,691.8919311294334,708.0717487660329,5169423
2020-11-27,716.5293579101562,723.9655711491588,698.9195052030848,706.0288332912208,16482729
2020-12-01,741.4119873046875,747.0095838358073,712.2801559901196,735.446707320445,5821698
2020-12-02,742.5560302734375,745.6612397074961,724.9870257214252,733.0360613449855,5516684
2020-12-03,747.8268432617188,752.280342329703,737.8574433019908,746.0699226174414,5705020
2020-12-04,754.3231201171875,759.3895405228471,741.2076643810414,747.7041199888654,4302626
2020-12-07,771.6470947265625,776.9995029827055,746.887063112731,748.1128077458482,3973325
2020-12-08,761.8411254882812,774.0168752662947,753.996379911952,772.2191065246471,4399638
2020-12-09,759.5531005859375,767.8881741715911,756.611333379555,766.498986928036,4157078
2020-12-10,757.7553100585938,762.0862643843092,749.4202367120103,755.875844959775,2608358
2020-12-11,751.2996826171875,760.77875347281,748.889041790555,753.5877290434752,2398423
2020-12-14,743.128173828125,755.2630264147854,740.3906474044868,755.0587356313354,3239051
2020-12-15,757.5509643554688,758.8584551070725,734.1801220374078,735.7327018431172,3490143
2020-12-16,753.0565795898438,764.0474323078018,749.3384977820901,764.0474323078018,2799394
2020-12-17,760.0433349609375,762.2088369997083,745.5795888363956,753.056600839211,2706570
2020-12-18,763.0668334960938,773.8533955528522,758.5724367954173,764.0474391150125,5563979
2020-12-21,741.0442504882812,771.933051950904,727.2750738162975,758.4498623801524,4187948
2020-12-22,771.93310546875,775.4060484777518,738.0616866175858,743.6183854568536,5537682
2020-12-23,774.793212890625,784.2722848963822,768.9504767778021,773.4857220057663,5456681
2020-12-24,774.0576782226562,781.2078547171911,763.8839885495833,777.1220395774569,2510775
2020-12-28,773.93505859375,781.575562581434,771.606163990275,774.0576529942156,1870669
2020-12-29,789.093505859375,791.2181098032324,771.279311769618,774.6705583201285,4392641
2020-12-30,803.4755249023438,804.9055601615139,790.8503464962496,792.6481150829122,6389605
2020-12-31,795.26318359375,806.0497470951558,791.5859494370671,802.4133611206333,2859399
2021-01-01,799.14453125,801.8003108850972,793.6286812386443,797.5510534938078,1268291
2021-01-04,818.7564697265625,821.2488068767757,796.73391711926,801.310009923728,3515825
2021-01-05,820.3091430664062,823.6595416408817,810.0537563230484,819.2059928517393,4040321
2021-01-06,814.8341674804688,838.4093018763314,803.5572773207732,820.4317145066634,4677359
2021-01-07,812.873046875,825.3347849648153,807.84747353113,821.6575507743779,3354950
2021-01-08,858.9200439453125,866.1928148885137,821.6165814182065,823.4960464187733,9279370
2021-01-11,880.5748901367188,883.8027440621793,850.2581606769782,867.9088627551779,6488791
2021-01-12,869.6248779296875,880.6157808032525,860.4726916700141,880.5748827502119,4257926
2021-01-13,874.0784912109375,881.5146551418173,858.0621151094999,877.6331305884698,4671772
2021-01-14,860.145751953125,869.4614300828526,841.6778881441148,869.4614300828526,4765344
2021-01-15,823.1282958984375,868.4808931542183,819.3285178001021,857.6125851427715,6063896
2021-01-18,815.7330322265625,828.4399079525274,810.58491487585,815.5287414596637,4659705
2021-01-19,811.0342407226562,824.0679999567586,806.7032869941829,822.5562185499094,4416027
2021-01-20,833.056884765625,836.2846888016971,814.7115642416192,814.7115642416192,4687853
2021-01-21,821.003662109375,844.4153517357255,812.6685896760252,838.4092237381618,3911527
2021-01-22,801.514404296875,821.2489130533534,796.7340201263876,821.0037740992192,3922421
2021-01-25,794.3233032226562,815.446997204603,786.2742674299097,805.6001429179394,2751784
2021-01-27,814.793212890625,821.1671242345071,795.6307803108506,799.1854194347549,6975618
2021-01-28,802.127197265625,808.9913865563723,788.5623111382821,808.9913865563723,4274190
2021-01-29,785.6205444335938,813.8126685179236,781.2078441918644,809.0730831191505,4425911
2021-02-01,769.5632934570312,786.0291486747914,752.7297547715538,786.0291486747914,6321189
2021-02-02,782.1884765625,795.0179463427139,766.0903546026482,780.3907078885643,4971530
2021-02-03,802.004638671875,817.1630023910955,784.5581786454222,788.5622973074072,5640121
2021-02-04,791.9945068359375,807.3571635353613,787.9903875928287,807.3163153544476,4232910
2021-02-05,783.9862060546875,801.5143125914441,776.3457020412333,794.5684270568521,3077720
2021-02-08,802.903564453125,811.4429285097575,784.9259769131304,792.4847353106281,3713579
2021-02-09,796.8156127929688,816.9995486513537,790.4009032621229,799.6756832622552,3086774
2021-02-10,796.6522216796875,801.0240237411664,782.5152620028466,797.1424995251291,2776301
2021-02-11,805.3958740234375,807.8882612013913,794.9770452408028,796.7339657308892,2070435
2021-02-12,809.9719848632812,824.5174764549438,805.9270179917625,808.9913792769022,5863879
2021-02-15,800.1661376953125,813.8944681467484,798.776950415107,813.8944681467484,2487825
2021-02-16,806.3764038085938,817.1629649206807,795.5081463502826,808.9913352714739,3912433
2021-02-17,801.1875,814.3846529639853,793.7921845789134,808.1742339074832,2227724
2021-02-18,825.824951171875,829.8290700321965,802.0455265746931,802.454108096127,6742595
2021-02-19,812.21923828125,832.8526056686733,794.8136749751131,828.3173606338995,4357699
2021-02-22,776.8768310546875,826.1517472508981,769.685807028033,816.3049436213105,5946290
2021-02-23,772.8319702148438,786.7237423466464,760.7788149828385,777.9392393809477,4120032
2021-02-24,784.517333984375,787.6634414830753,765.3957495681786,776.3048557486942,1686531
2021-02-25,782.6787109375,791.8309465069352,778.1434662654583,787.7451315094794,3682791
2021-02-26,750.8502197265625,775.3651102857451,747.7041620550698,772.2190526142524,5254937
2021-03-01,764.8645629882812,782.0249858758389,756.9789201396827,764.4151333163603,3429569
2021-03-02,790.2783813476562,793.4653372560093,769.7676083369317,771.8105160023695,3703190
2021-03-03,797.5510864257812,800.9831809941412,785.6613747743836,794.4458770070446,3203532
2021-03-04,791.0546264648438,812.8320402079178,780.8809372131457,784.4764743374608,5134954
2021-03-05,784.2313842773438,801.5552508068256,782.0250340806648,788.7257810249338,2618145
2021-03-08,791.4223022460938,800.8196759950148,786.1107431706166,786.9279061053054,2880739
2021-03-09,807.4796142578125,815.9372311046736,785.7430491823011,795.099575227689,2814747
2021-03-10,824.313232421875,830.8913850450014,811.442914294842,818.7973817960037,5268496
2021-03-12,819.8189086914062,837.2653215351156,814.0170704291596,817.1631285237042,4674919
2021-03-15,838.9404296875,841.6370077874387,818.7973414081775,821.2488304543099,5203101
2021-03-16,838.85888671875,853.9355072086347,834.4052876198107,843.3123860663264,4797715
2021-03-17,833.547119140625,852.4644129140894,829.9107337676521,836.7749230082228,3477295
2021-03-18,814.0578002929688,845.7637150963245,799.6757013958793,844.9465520865697,3738712
2021-03-19,808.5419311523438,817.7758629724518,796.8565103600474,810.6256868035696,6208000
2021-03-22,828.235595703125,831.3817033571678,799.430598317541,808.9097195811802,3873143
2021-03-23,828.4807739257812,834.7320914774247,817.6125148684646,828.2356349753726,3782337
2021-03-24,810.7484130859375,828.0722314069094,806.7442938297497,820.2274853700799,2749823
2021-03-25,791.5858764648438,814.629885030884,787.8268964146808,811.1977901592311,3654840
2021-03-26,809.80859375,815.3652925917166,798.368310891776,799.1037775972176,2761824
2021-03-30,830.9730224609375,833.3427650867027,810.2170636142487,810.2170636142487,4300037
2021-03-31,810.1763305664062,835.957815285562,808.337713670617,835.957815285562,3780505
2021-04-01,810.7484130859375,823.5369860457523,805.7228399251793,817.1631236563685,3555291
2021-04-05,815.2835693359375,823.0466181621655,799.3488901663118,810.625730065066,5118272
2021-04-06,810.0945434570312,823.7003277495928,807.8064969661947,822.0660017024705,2395572
2021-04-07,819.1242065429688,821.779986278031,802.5357578357361,810.6256914405016,2974419
2021-04-08,840.8607788085938,857.8986084580899,821.24886560023,823.7003547512754,6737118
2021-04-09,860.4727172851562,863.5779768682075,830.6871132501503,840.8199054466213,6029994
2021-04-12,849.7269897460938,865.4165803813153,830.8913911493182,858.8383778341861,7896295
2021-04-13,818.6748046875,858.2255173686863,803.2713007126099,853.935411235684,6448995
2021-04-15,811.5654296875,823.5368373623099,792.893225757672,818.6747076792401,4373215
2021-04-16,825.5797729492188,828.1947045370997,813.8943519673916,815.5286779753582,2660763
2021-04-19,817.2446899414062,824.8443456823516,803.5163616241895,816.4275269478139,2777425
2021-04-20,803.59814453125,823.2917536255217,795.3856161702284,813.8943787702427,4028636
2021-04-22,790.8502807617188,805.3140747273899,785.0075956852919,795.5898158230326,5085190
2021-04-23,776.4683227539062,793.4244556629354,772.5459501765908,789.7880701964668,3916517
2021-04-26,786.2742919921875,792.6481537690096,765.6817732799608,777.1220559116786,5053998
2021-04-27,792.0352783203125,807.0302001881267,771.5245059199606,786.6828703712811,10497935
2021-04-28,798.6951904296875,800.8197944238073,791.0138377573933,796.7339791461347,2968625
2021-04-29,798.2866821289062,804.905683535628,793.097666324868,804.905683535628,2747579
2021-04-30,784.8033447265625,798.2865338756764,780.7175298328917,795.7532987161983,3129105
2021-05-03,782.5971069335938,788.5623875586429,780.3907565994859,784.4765720790643,3506839
2021-05-04,784.8033447265625,792.5663930245371,780.8809225281025,787.7451114997375,4064221
2021-05-05,784.8033447265625,794.7726931665833,779.3691909677123,794.7726931665833,3041045
2021-05-06,799.14453125,804.6603812613557,782.7195257352281,788.5622608827096,4620827
2021-05-07,801.5960693359375,804.2926973096187,794.3641467296196,800.8197544967501,2002597
2021-05-10,809.4000244140625,811.1569449726017,795.1813669829191,804.9056275091889,2036101
2021-05-11,798.4091186523438,806.4990524999691,793.0567108469041,804.0884116160264,2029457
2021-05-12,786.396728515625,798.3681854327182,776.6316713681332,798.3681854327182,3070622
2021-05-14,778.1026611328125,789.7472345197027,769.2773102252515,786.9280120403735,2090820
2021-05-17,779.0422973632812,782.801276950027,770.5846805755251,779.5734732439564,2281200
2021-05-18,793.260986328125,800.0025811127833,782.065843195437,784.7624711341659,2000985
2021-05-19,798.8995361328125,805.9679671238675,786.601191400738,791.8310552660794,2152740
2021-05-20,795.1813354492188,804.742153006487,788.7257773490801,804.742153006487,1769194
2021-05-21,801.2283325195312,805.722729081344,794.1598525220478,798.3274138047683,1534262
2021-05-24,803.8433227539062,812.2600924083547,796.815690419334,800.6563668273859,1830838
2021-05-25,811.1569213867188,818.5522370127524,803.9249984701163,809.0322675316967,2719646
2021-05-26,823.5369262695312,826.969021114906,811.442922892393,813.6084249631715,2013788
2021-05-27,833.3428955078125,843.3122950170642,822.8015217455048,822.8832181028911,6393813
2021-05-28,838.6136474609375,844.1294984917403,827.4593509817093,833.506377987972,1839013
2021-05-31,834.8546752929688,843.3122931666077,827.7861947459046,837.5921516431907,1801746
2021-06-01,842.0864868164062,843.3122313387009,828.0721211612355,837.3469014296626,1262702
2021-06-02,831.013916015625,837.3468793380599,812.2600153441643,833.669695743863,5252186
2021-06-03,828.8892822265625,834.1191454596546,822.8831540317142,831.0139359856128,2024676
2021-06-04,832.8525390625,839.1855024329305,826.1517924914901,833.1385261620554,2315912
2021-06-07,845.2735595703125,848.9915919519716,833.0569608313333,837.5513081597436,1745475
2021-06-08,864.3541259765625,866.9282092658292,847.4388925065332,849.0323203872829,4517995
2021-06-09,859.8598022460938,869.8291513571039,854.9159259914672,864.3541989316282,2163655
2021-06-10,870.197021484375,877.6331858837706,863.3328313651804,865.9477134337512,3934077
2021-06-11,876.81591796875,884.4972702851944,862.0252872990429,870.1969174758253,4988857
2021-06-14,873.7515869140625,882.0049137281903,864.558502646788,876.8159483364874,2757666
2021-06-15,871.790283203125,893.1591145396804,867.5410757151822,873.7514942557669,3484298
2021-06-16,873.6697998046875,880.8607740115182,862.1069239549296,874.3643683713503,1881596
2021-06-17,882.7403564453125,886.376692000624,863.7822141940052,866.1519071619093,3161931
2021-06-18,874.9364624023438,892.0151905791297,862.1070420561717,890.2991680760181,4396398
2021-06-21,868.5626220703125,874.4053578030249,862.1070140527286,865.3756662387104,1074790
2021-06-22,863.9046630859375,875.9987150978999,861.0445926541813,867.0508203619416,2437289
2021-06-23,863.2918701171875,868.0723537931345,848.5829351175954,866.192838864869,4130539
2021-06-24,882.5361328125,884.4156478106976,860.0641479492188,863.3736983478069,3617010
2021-06-25,890.2991943359375,901.4942888662376,880.0846556216657,888.5831717822108,3200049
2021-06-28,903.0467529296875,905.416545426649,883.4348421984243,891.5247753253376,2143755
2021-06-29,889.1959228515625,906.5606362979187,884.9875135248833,906.2337511533661,2956332
2021-06-30,895.1611938476562,902.9651406196128,885.2327429170329,889.2367619295637,1917370
2021-07-01,886.7445068359375,898.3481822869866,883.3532602160133,895.6107060099449,1459518
2021-07-02,890.2173461914062,896.8363461994214,878.450179648636,888.2561351423882,1669409
2021-07-05,878.1642456054688,894.7525948002128,875.3449733799263,893.1591668367689,2597359
2021-07-06,857.6535034179688,878.1642756493843,856.1825700542015,878.1642756493843,3865594
2021-07-07,854.6708374023438,865.7842347169641,841.7596215617124,857.6535024273813,3713891
2021-07-08,866.3154296875,868.9712096069887,853.9353894971518,857.2040417057534,2171947
2021-07-09,859.4511108398438,873.3837786841086,857.2039127844032,862.2702830452264,1889035
2021-07-12,863.4143676757812,865.1303899496426,854.8341565551362,863.7412528115973,3224820
2021-07-13,858.1437377929688,867.8270993181429,856.3868174062277,867.8270993181429,1908081
2021-07-14,881.3103637695312,882.5361083644818,856.3868903388676,861.2898687186703,3173326
2021-07-15,909.052978515625,914.9774105202249,879.594310950457,880.9017518563752,5922995
2021-07-16,901.453369140625,913.8334083450599,885.0284130507117,909.0121267710567,2323939
2021-07-19,894.1397705078125,907.4186700866242,887.5207697449515,889.0733994921285,1409001
2021-07-20,888.4196166992188,900.6770622924824,886.5402015590602,895.5697932952893,1230858
2021-07-22,938.5933837890625,941.7803393780068,882.5360230180021,882.5360230180021,7309727
2021-07-23,948.998046875,957.808373570126,935.65667453706,943.0825008376313,2840803
2021-07-26,939.9359130859375,955.3330890791161,936.8733577907349,948.9980039617823,984581
2021-07-27,940.4813232421875,946.2289917469501,926.3848627954629,939.9359016118237,1397105
2021-07-28,939.3906860351562,948.7463324601499,928.4406670214671,943.1245456232526,2533035
2021-07-29,946.3131103515625,957.6825666204685,935.6567481497741,947.0681993292687,3821405
2021-07-30,1014.90771484375,1038.1921495095173,985.9175038658204,994.3082911327635,20425030
2021-08-02,1015.8724975585938,1018.6414981204982,1003.1605377399637,1015.2851834644175,2385223
2021-08-03,1028.920166015625,1032.0667108658258,1015.2851383314221,1016.1242169581423,2603616
2021-08-04,1020.7392578125,1032.402472447918,1018.3897964375234,1028.0392016696185,1938175
2021-08-05,1047.338134765625,1052.2048328579417,1021.1589167369339,1021.2009116482832,5790873
2021-08-06,1061.09912109375,1068.147404104192,1043.0170328573063,1050.526747791397,3894726
2021-08-09,1080.2718505859375,1096.5081056614135,1062.2736531209969,1082.7471942509871,6585101
2021-08-10,1110.14306640625,1115.7228575757008,1076.0344982591212,1080.7333182880984,6314469
2021-08-11,1110.6044921875,1113.2476104477655,1089.4177560549913,1110.143060381164,3430349
2021-08-12,1163.4246826171875,1170.34708230965,1105.6960236051602,1110.1011870458183,8613315
2021-08-13,1160.57177734375,1166.3194462156791,1146.0976691083397,1158.0125462213402,4760344
2021-08-16,1147.73388671875,1174.668295024049,1141.3569084872893,1159.5648770106168,2912430
2021-08-17,1186.2056884765625,1198.8758606170845,1149.9575243739114,1151.2161426056232,8042970
2021-08-18,1185.19873046875,1195.6872148091813,1178.2763308040653,1189.8136635785397,2939739
2021-08-20,1174.038818359375,1191.4916954321168,1150.083184107876,1150.083184107876,4051399
2021-08-23,1188.1353759765625,1210.7485047676257,1182.2618253891078,1187.6738417454822,3987240
2021-08-24,1227.86572265625,1230.928380215725,1191.4916836443963,1193.0859535655773,5366923
2021-08-25,1227.656005859375,1240.1582987748332,1216.6640955504115,1227.5721184760357,3105863
2021-08-26,1216.24462890625,1230.7187371150344,1211.6296958541739,1224.887180865325,1993944
2021-08-27,1212.804443359375,1222.6216237445005,1200.889463676754,1216.538302818918,3097939
2021-08-30,1190.8203125,1220.8593674603817,1188.051414565836,1216.663974445054,2742699
2021-08-31,1214.6923828125,1220.0205124330591,1180.5418159534927,1195.5194537042205,6392991
2021-09-01,1205.1688232421875,1231.9773477478227,1197.78488943301,1216.6641608951766,1829925
2021-09-02,1206.427490234375,1218.8039020278372,1192.498700783159,1204.917107485547,3860958
2021-09-03,1209.909423828125,1216.4122833948163,1195.7709689974763,1211.629576038984,1919590
2021-09-06,1226.019775390625,1231.6835562109452,1205.0008144868,1214.9858707886829,1801171
2021-09-07,1204.24560546875,1235.8789311880575,1201.8123593897642,1232.5645091527865,1940043
2021-09-08,1198.078369140625,1210.2450089484314,1191.3657402811457,1208.4409694571286,2256454
2021-09-09,1202.6094970703125,1206.5112333493707,1186.4572327628969,1196.1905247952932,2303457
2021-09-13,1199.463134765625,1208.1056873054094,1191.7855433232512,1204.9171469209077,1937241
2021-09-14,1218.3841552734375,1222.5375534858867,1199.4628913576357,1204.0778237832858,1554999
2021-09-15,1229.1243896484375,1241.8364521950782,1206.5531525657887,1210.0353495893578,2410087
2021-09-16,1215.2794189453125,1232.606411795211,1208.2731334139578,1229.1242152656807,1800078
2021-09-17,1217.9649658203125,1235.1240876157945,1205.420675349493,1217.5034314745367,2861623
2021-09-20,1200.973388671875,1252.8703859713112,1196.8198876357287,1208.273332417927,2526342
2021-09-21,1226.4813232421875,1230.4669471595514,1191.8274335850679,1207.4342772814255,1713705
2021-09-22,1270.0294189453125,1282.028284561733,1222.1180487121524,1228.4111385613396,5145820
2021-09-23,1276.658203125,1284.6294505319586,1261.9743263227078,1279.678865867581,2015302
2021-09-24,1270.99462890625,1298.7681170638036,1267.890078276332,1283.7905807734362,3592146
2021-09-27,1228.7469482421875,1279.595100265789,1224.3836772640063,1277.9169427572435,2728552
2021-09-28,1186.4993896484375,1229.250412512265,1181.7585740568397,1228.7469857296635,3995669
2021-09-29,1170.8084716796875,1182.2199217884433,1151.8453130895577,1174.7102082137178,7948104
2021-09-30,1158.4322509765625,1176.9339807678202,1155.411587572807,1164.6414550116601,3856630
2021-10-01,1150.5865478515625,1161.2848001652233,1145.174531769405,1153.7330926496982,2661824
2021-10-04,1173.9130859375,1179.3670974397942,1151.2579612356628,1161.8722247565413,2538936
2021-10-05,1185.66015625,1192.3307907094393,1158.7676438914395,1173.9549473412653,2481825
2021-10-06,1162.66943359375,1197.2814303394814,1157.8866234965615,1193.9251155035317,2769341
2021-10-07,1189.1422119140625,1194.2606735777442,1154.278555752632,1172.9899480359716,1956325
2021-10-08,1208.231201171875,1214.1467463316174,1190.233005992674,1190.233005992674,2665924
2021-10-11,1174.8778076171875,1203.616249492729,1162.6272806168727,1191.4916047669672,3073366
2021-10-12,1153.2718505859375,1177.101709712322,1141.9862813550947,1173.8712767198951,2965629
2021-10-13,1176.514404296875,1183.10115264008,1155.4115511953123,1163.7184521140657,1738985
2021-10-14,1200.553955078125,1224.7193623992744,1183.5206149347237,1201.5608086398613,4328124
2021-10-18,1241.54296875,1247.668182543134,1191.491897770312,1191.491897770312,3579606
2021-10-19,1291.4261474609375,1317.1859278149286,1239.3613699064003,1256.9400296169817,8645334
2021-10-20,1291.5938720703125,1322.807558454255,1271.8755228006169,1295.5375009536124,5159270
2021-10-21,1278.9658203125,1297.3416659346717,1238.5222644066055,1297.3416659346717,4261416
2021-10-22,1273.259765625,1310.598762885869,1244.9828581081897,1284.6293214919215,5223521
2021-10-25,1278.83984375,1287.985822190943,1245.025033131501,1284.6295073448428,3890467
2021-10-26,1311.7318115234375,1367.6983215000694,1294.6984724384092,1318.9478680717984,16978043
2021-10-27,1315.5494384765625,1331.7017024590966,1281.6926354971924,1310.5149665859026,3624131
2021-10-28,1286.5594482421875,1328.1357375527464,1280.4341325874782,1324.0662262274184,3054565
2021-10-29,1240.032470703125,1294.4887003288386,1231.5997909901964,1281.56686750512,3795495
2021-11-01,1277.203857421875,1283.7067183332558,1247.7522110698476,1250.2274526396627,2271900
2021-11-02,1263.1787109375,1290.593041494859,1261.0178272345115,1289.999882073492,2041689
2021-11-03,1269.9158935546875,1303.0926855185737,1265.7210542235425,1269.4497658136665,2697346
2021-11-04,1276.10205078125,1283.85605357621,1271.992037239532,1278.7714751462051,166444
2021-11-08,1318.77001953125,1324.3631381459154,1274.7885021330542,1277.9239505537562,3050392
2021-11-09,1321.3125,1332.159642795573,1316.0584766294687,1322.8379150151968,2061369
2021-11-10,1327.5833740234375,1333.303524613448,1310.5924702644202,1318.5582268477744,1299996
2021-11-11,1289.74560546875,1321.9903473054699,1283.856010363966,1321.9903473054699,3027565
2021-11-12,1343.1761474609375,1346.947168452375,1297.6692114774173,1303.7706642704431,3713868
2021-11-15,1338.21875,1357.1587847837384,1333.303615926154,1343.1761934949893,2448280
2021-11-16,1355.802734375,1360.124604953877,1335.5491448020623,1343.260734022569,2864344
2021-11-17,1371.5224609375,1377.0731664638006,1351.6502772367767,1354.6162809799296,2304359
2021-11-18,1328.5579833984375,1376.8614788879677,1321.566687998637,1373.005632167854,2938804
2021-11-22,1306.1434326171875,1340.4643353260508,1288.0931387030118,1340.4643353260508,1951782
2021-11-23,1322.4564208984375,1325.76131387463,1276.483361022777,1289.7879655438749,1823592
2021-11-24,1303.4315185546875,1330.3798226910076,1296.5673591074367,1329.4476707690849,1644163
2021-11-25,1321.439208984375,1326.0577619627447,1296.6095859720072,1297.41460264228,1557493
2021-11-26,1294.3641357421875,1313.5160261438577,1279.745973515748,1308.4314479781397,1522173
2021-11-29,1302.202880859375,1309.7026130823563,1253.687530099773,1283.8560070008216,1995524
2021-11-30,1306.2705078125,1351.184283223391,1293.6014748061343,1295.7200491179688,5662900
2021-12-01,1345.3792724609375,1351.141835377144,1313.5159387646218,1313.5159387646218,2761193
2021-12-02,1381.013916015625,1383.4290701195864,1338.9390081402428,1347.4133056601179,2664202
2021-12-03,1350.2099609375,1388.301889611298,1347.1591308572577,1377.0734446014708,2400296
2021-12-06,1314.9990234375,1372.4547978844143,1310.8465972610463,1360.972084189222,2911781
2021-12-07,1336.10009765625,1340.082975988463,1301.6520586188344,1325.380090937407,1758254
2021-12-08,1359.9552001953125,1368.429497047362,1340.6761748569,1341.1846119788215,1604565
2021-12-09,1365.378662109375,1372.8360846885546,1343.1760458218266,1349.9554832770789,1947954
2021-12-10,1358.13330078125,1365.3787630294855,1337.7102646269634,1365.2093184589826,1776362
2021-12-13,1388.217041015625,1402.9199262279965,1353.7265887351032,1360.124724612464,3163063
2021-12-14,1392.07275390625,1410.9704779624697,1377.6241393076339,1389.7847350501204,2725454
2021-12-15,1391.140625,1395.1236068012447,1369.361722302983,1388.9373283897435,1622068
2021-12-16,1400.5048828125,1413.2163298411203,1391.6491793149487,1397.4117433463316,2225836
2021-12-17,1392.1998291015625,1419.4447140028178,1378.683367083938,1414.5295804804057,3405084
2021-12-20,1354.2352294921875,1388.3865882693458,1336.0577982652621,1385.547719136466,2233189
2021-12-21,1383.8104248046875,1402.750563239381,1360.548518605566,1360.548518605566,2237445
2021-12-22,1406.521484375,1408.1739309583556,1382.7934521035736,1394.0218959463023,1656110
2021-12-23,1426.9022216796875,1433.0883966451006,1410.2502067851638,1415.207650019683,1715034
2021-12-24,1460.7994384765625,1470.46005483039,1423.9785539214759,1426.5208431611177,3343946
2021-12-27,1512.662109375,1518.5941176470587,1443.7237196453477,1461.3926093093487,4512000
2021-12-28,1530.5428466796875,1544.8644301054687,1505.1199542478914,1512.6620996918605,3605483
2021-12-29,1514.229736328125,1543.1694812259293,1510.755295252897,1525.7971724037811,1902921
2021-12-30,1525.3311767578125,1557.575920961344,1513.509572816627,1514.3570025886406,4650594
2021-12-31,1517.3653564453125,1536.390112656057,1511.348522557858,1525.542970647758,2378048
2022-01-03,1512.49267578125,1540.627302411682,1510.9672608360995,1521.1788308140992,1779147
2022-01-04,1516.729736328125,1528.5937522680604,1497.4082975618267,1519.4414700217064,2701533
2022-01-05,1472.45166015625,1510.9248895300295,1468.595813266957,1508.3826001821928,3138050
2022-01-06,1433.935791015625,1465.0788328453941,1432.1562093145544,1461.8162491524297,4290750
2022-01-07,1443.8931884765625,1461.435046729125,1436.4781780119088,1442.325464096096,2103362
2022-01-10,1454.189453125,1461.8163208861451,1430.037705214707,1456.731742378715,2330348
2022-01-11,1472.112548828125,1478.764851395919,1444.867662825239,1444.867662825239,2704832
2022-01-12,1466.434814453125,1487.2392568316557,1458.4266444485922,1486.3918270556833,3013194
2022-01-13,1456.562255859375,1482.069869947853,1442.1559505032099,1466.0534274215026,2768371
2022-01-14,1472.6209716796875,1480.2902518977983,1437.6644963053316,1452.9182310141414,1889385
2022-01-17,1459.613037109375,1483.8495075195779,1457.5791849992427,1468.553358996267,2522806
2022-01-18,1407.3690185546875,1480.078535647075,1398.3015612135193,1474.5278291646282,4878369
2022-01-19,1415.292236328125,1420.8005290474907,1379.2341668251092,1409.3602287841927,2610709
2022-01-20,1412.5806884765625,1417.9194339001406,1392.7932242579518,1415.2924223317752,2440011
2022-01-21,1350.4217529296875,1400.8014114362693,1346.4387709384532,1398.2591221233179,4079190
2022-01-24,1282.2880859375,1345.7181691268563,1272.796812601503,1345.7181691268563,3250275
2022-01-25,1271.65283203125,1294.5758439988047,1241.4843590800067,1270.2969653658224,3910618
2022-01-27,1225.0445556640625,1258.0095971198296,1211.8246708530523,1258.0095971198296,4434890
2022-01-28,1195.4267578125,1256.6535552159369,1191.6980463471716,1225.383377790585,7080683
2022-01-31,1253.3486328125,1260.636508162639,1213.0957186417131,1217.7565823878042,4406035
2022-02-01,1276.017333984375,1283.8136462321734,1249.958869418531,1274.5343319359124,2542754
2022-02-02,1256.6959228515625,1262.6703440457557,1222.8411452738426,1254.111324147803,9031146
2022-02-03,1232.4169921875,1254.0264484521167,1228.010295901231,1253.2637410712236,2433692
2022-02-04,1227.24755859375,1241.4420050096687,1216.0615287667695,1240.6369882331362,2406272
2022-02-07,1223.9427490234375,1242.1200745902577,1215.2141817925497,1228.7730569032058,2741520
2022-02-08,1215.3837890625,1233.984935412764,1203.519771752381,1225.807217077656,1981111
2022-02-09,1232.8408203125,1246.526727781003,1220.3412317166258,1220.3412317166258,2282701
2022-02-10,1244.4505615234375,1247.4165655856316,1229.027381778433,1241.4845574612434,1850405
2022-02-11,1207.502685546875,1228.7307389643415,1204.197688794127,1228.6460166775564,2426039
2022-02-14,1178.054443359375,1202.3333254732438,1161.8261435678216,1177.927308212452,2149302
2022-02-15,1220.0020751953125,1222.501951200161,1182.2067347682878,1189.833601361248,1955525
2022-02-16,1223.6883544921875,1240.5945338008519,1210.8497752361206,1229.1966469466192,2164650
2022-02-17,1226.697021484375,1238.4762126894082,1220.510742701544,1238.4762126894082,1669669
2022-02-18,1218.5615234375,1224.5359443367167,1200.8926344800443,1218.9852382971321,2374188
2022-02-21,1201.8248291015625,1220.2988390150572,1194.9606688213057,1209.4093874255493,2109461
2022-02-22,1197.036865234375,1203.943334539036,1165.2158385911728,1169.8767019455374,2111878
2022-02-23,1197.6724853515625,1207.5449590033616,1194.1979406827097,1205.0450826645651,1319711
2022-02-24,1129.623779296875,1186.4015686538821,1127.081490221188,1161.402392742961,4108603
2022-02-25,1177.673095703125,1186.4016636066372,1144.1148979074546,1148.267324419281,1885454
2022-02-28,1194.8758544921875,1203.223016190751,1155.2585167634572,1169.4529639710772,4983140
2022-03-02,1181.613525390625,1203.943276235977,1171.783362026664,1186.4015236574432,2160190
2022-03-03,1208.985595703125,1223.3494876626014,1190.7658572509472,1194.706426023992,2730530
2022-03-04,1231.8238525390625,1237.247423578197,1185.130494434321,1199.1130851802388,3567738
2022-03-07,1206.82470703125,1240.637175326693,1195.765810671255,1210.129703802266,3341715
2022-03-08,1238.8997802734375,1243.094619260345,1203.3501465478384,1203.3501465478384,2365949
2022-03-09,1275.170166015625,1280.4666029902703,1238.9001242348395,1238.9001242348395,3667977
2022-03-10,1258.729736328125,1293.1353628836148,1249.5351443915908,1292.3303460136833,2835942
2022-03-11,1259.9586181640625,1264.2380764171196,1247.8403311251536,1250.8063353077941,1116432
2022-03-14,1273.68701171875,1278.6868683155665,1260.1281346811586,1260.1281346811586,1372791
2022-03-15,1236.0609130859375,1283.8559678248562,1227.0781791487734,1283.0085381431236,2188506
2022-03-16,1262.5855712890625,1266.4837273451178,1244.3658321536193,1250.1282922311757,1453944
2022-03-17,1265.636474609375,1279.576654193351,1260.1281806120794,1275.3819178353594,2346185
2022-03-21,1254.0264892578125,1288.0931212168557,1250.9756596349673,1266.9073790915784,2110200
2022-03-22,1303.516357421875,1308.3890783249444,1250.0012532171459,1260.0432747368784,3030660
2022-03-23,1306.8638916015625,1323.431082185337,1295.8896135832867,1313.5161948670072,3741783
2022-03-24,1329.2359619140625,1332.1171402772807,1296.6946391633576,1296.6946391633576,2085571
2022-03-25,1297.0335693359375,1334.6593652771899,1290.1269965884208,1331.3120593389867,1755511
2022-03-28,1291.8642578125,1304.1519893473278,1285.169645457234,1299.9572534086722,1928306
2022-03-29,1290.084716796875,1304.6605712149712,1287.3305699864636,1302.4995838776254,2311150
2022-03-30,1268.0089111328125,1300.2112348985465,1258.4329155819735,1300.2112348985465,3792481
2022-03-31,1270.6783447265625,1279.2797763457475,1260.2973315352017,1268.0090240912998,2036984
2022-04-01,1260.2127685546875,1273.390342629444,1250.3401912151642,1270.2972033330589,2537230
2022-04-04,1270.000732421875,1274.7887316392817,1257.2892850018702,1260.2128765300617,1675276
2022-04-05,1261.865234375,1290.2117164214221,1254.195954222466,1277.9239857888372,3207223
2022-04-06,1236.6964111328125,1255.8907129614024,1232.1626832968145,1255.8907129614024,2627895
2022-04-07,1244.492919921875,1249.6622203719708,1229.3662171099118,1232.1627764817051,3336784
2022-04-08,1227.7137451171875,1257.0772041279145,1220.2987354400345,1249.9587741486464,5402943
2022-04-11,1228.094970703125,1239.238690956824,1216.6123613563548,1233.815120669693,3268704
2022-04-12,1199.113037109375,1221.654646658413,1191.8674717258227,1217.2056406903394,2021088
2022-04-13,1195.257080078125,1210.722670823335,1189.2827632551093,1201.739937435865,1430399
2022-04-18,1139.41162109375,1177.9272587886899,1127.2509223918962,1177.9272587886899,3968044
2022-04-19,1102.675537109375,1154.072171566856,1089.4980667104253,1154.072171566856,2677360
2022-04-20,1109.4549560546875,1119.4122553365687,1098.057067616811,1106.2347851630477,3025261
2022-04-21,1112.4210205078125,1117.759869450692,1099.4977164827003,1113.437998301989,3728173
2022-04-22,1107.1671142578125,1121.9971368368494,1095.5996759569582,1105.8959694653236,1954666
2022-04-25,1076.57470703125,1099.921333100235,1069.964714020709,1097.4214568741756,2686619
2022-04-26,1080.854248046875,1089.5404031032153,1071.9986484166222,1085.8965171959699,2568317
2022-04-27,1068.82080078125,1080.04924526914,1056.1093541911855,1074.329094303611,2382463
2022-04-28,1077.3372802734375,1088.4385872248624,1059.4564331489194,1079.4558542506559,2576887
2022-04-29,1066.9139404296875,1088.7776670051387,1057.8887938742628,1088.0996818996973,3811317
2022-05-02,1043.3555908203125,1058.4398835414272,1037.4235818653165,1050.813014885004,2149957
2022-05-04,1027.7628173828125,1054.160170701644,1016.9156754661027,1044.4147288117604,2797667
2022-05-05,1070.6002197265625,1072.9306512468406,1035.6861597829782,1044.7536155925688,3563713
2022-05-06,1093.81982421875,1100.8111188535008,1041.2367728904956,1050.5584990701634,5745203
2022-05-09,1068.736083984375,1084.710114592094,1025.390030200339,1084.710114592094,5712061
2022-05-10,1052.761962890625,1077.4644560108857,1046.5756846716522,1063.5242787554037,2852416
2022-05-11,1037.6353759765625,1072.5495457619459,1023.1020376809571,1053.3552401259574,3244609
2022-05-12,1027.7628173828125,1044.7537213927849,1014.4157991423199,1024.5425430320984,3110220
2022-05-13,1019.3309936523438,1046.1945824727788,1012.6786898932963,1040.6438754719397,1892084
2022-05-16,1007.6363525390625,1034.711690784377,980.4337757002074,1008.4413693967311,3474480
2022-05-17,1015.3900756835938,1025.3897860499158,1002.6363226437093,1013.3563274597934,4434968
2022-05-18,993.230224609375,1042.7624593368032,990.2218071800525,1024.5427170566397,5294021
2022-05-19,939.248779296875,977.8492472908513,932.1727612980435,977.0865397969492,4393100
2022-05-20,958.358154296875,961.663150422514,944.672145582418,955.900587770323,2461651
2022-05-23,968.52734375,972.6797696216288,945.4348863579213,960.9851993621028,2783695
2022-05-24,930.7742919921875,976.1117761533877,924.5457050442875,972.8491928422018,3666196
2022-05-25,898.4027099609375,927.8508950783197,885.5641279903426,924.5883110854538,4711542
2022-05-26,914.0376586914062,923.2746631607383,894.8433551930344,906.7497839210556,2946857
2022-05-27,951.87548828125,954.3753647220551,925.3933079929891,927.9355973006622,3367600
2022-05-30,986.408203125,991.916496355509,962.2140430187442,968.5274565582423,2469771
2022-05-31,1000.1788330078125,1010.1361312817729,973.4000770623617,976.2389456682906,9674664
2022-06-01,971.6627197265625,1014.3731905439262,968.6967162454399,1005.1786004416446,2419021
2022-06-02,971.1542358398438,979.1200940655983,959.03595225158,966.0696586888498,3206663
2022-06-03,972.7646484375,1001.6619827497924,969.5443739504224,983.0185279101178,3229236
2022-06-06,969.6289672851562,973.6966709967028,941.5790664687077,971.1543820384868,3938875
2022-06-07,957.8496704101562,965.9002512079991,949.714263899754,957.6801224310282,1656444
2022-06-08,952.6802978515625,965.4765673388083,949.0364127045274,961.7478564764981,1303551
2022-06-09,964.8833618164062,967.7222304047344,942.045174529317,950.816050563227,1323539
2022-06-10,940.5198974609375,952.4263269548634,932.3845924626681,948.2739004460128,3119792
2022-06-13,891.4537353515625,919.1223389679337,889.8012886225288,916.2410569631901,2012004
2022-06-14,872.979736328125,895.3519013583137,864.7172966567379,876.2423200219837,5775453
2022-06-15,864.4207153320312,878.784660091827,862.5139983742621,878.784660091827,3238141
2022-06-16,826.4981689453125,875.9033096850981,822.8542316113051,867.8104181874214,5600443
2022-06-17,817.81201171875,825.6930974885363,799.7194085324502,822.9389509969495,7043370
2022-06-20,829.9302978515625,837.3877209659752,803.4057572487743,817.7697017326169,2985094
2022-06-21,847.5144653320312,851.3703120413003,830.4811481859907,840.1418679459284,3433536
2022-06-22,830.4811401367188,844.8450844867459,820.3119833187181,844.8450844867459,2719988
2022-06-23,839.8875732421875,846.2009349890576,823.0661140206458,831.4132760579337,2915172
2022-06-24,831.4981079101562,848.2772071576845,825.3966031684163,848.2772071576845,4056588
2022-06-27,853.53125,867.8527816649412,844.0400265059343,844.0400265059343,3796002
2022-06-28,864.9715576171875,872.0052142093574,833.9132365385066,849.1246109210651,2755698
2022-06-29,865.3104248046875,870.6492731624371,849.5906145989878,854.2091166955634,3770663
2022-06-30,847.4297485351562,869.4629219970703,844.8874592895509,860.9886245117187,3264301
2022-07-01,856.4971923828125,859.2936999967812,838.3621764471309,844.8873953617268,1842102
2022-07-04,847.3872680664062,859.1241477416715,843.1924810572501,856.4971365803414,1814322
2022-07-05,850.1415405273438,865.9884872898253,846.5823252118815,851.6669037416826,3045188
2022-07-06,855.8193359375,860.0564847405908,848.7856275459628,854.2091987031223,2188175
2022-07-07,865.013916015625,870.2256296595143,860.98862470916,865.1834123099724,1901699
2022-07-08,869.8865966796875,876.8354789182087,859.7598013079826,873.7000303719024,2841036
2022-07-11,853.8278198242188,862.1326208891301,837.260578836578,860.1411816995209,2892507
2022-07-12,845.1840209960938,861.6665395983567,842.7688669534537,847.4297304710444,2013304
2022-07-13,838.997802734375,850.9889542301707,836.4555135174295,848.6161613056229,2067142
2022-07-14,826.921875,846.243261443529,820.9898672141708,845.7348243225164,2212219
2022-07-15,825.22705078125,838.0232705837946,817.8120407331382,830.4811253885131,2544737
2022-07-18,854.2091064453125,866.0731218126085,834.0402906655097,834.7182240561833,3946821
2022-07-19,853.9548950195312,856.7090414670787,839.8028090829179,847.3873150292259,2985845
2022-07-20,885.98779296875,891.2418159771513,862.0479028191879,865.4376217784179,5574762
2022-07-21,901.0377807617188,903.6988402894929,882.1052890245843,894.2761803735287,4935223
2022-07-22,897.5042114257812,910.5911792593565,884.0246771580056,907.3631031278813,2985409
2022-07-25,887.5145263671875,897.6787592499722,879.6623457456051,897.6787592499722,2888919
2022-07-26,871.8974609375,904.9638899797537,867.3606877003781,885.5515529809111,5939871
2022-07-27,879.1389770507812,881.1456349841402,865.4848847361415,872.4646015485297,2546052
2022-07-28,905.6182250976562,910.3731144108955,885.9005470847593,890.9608309485901,3428026
2022-07-29,914.9100341796875,931.7922030754523,910.9402776050999,920.4501631503766,6185909
2022-08-01,915.73876953125,923.8962917657888,905.4437517519996,923.8962917657888,2540084
2022-08-02,900.9068603515625,915.6515323394717,898.6384738538884,912.597906457444,2802273
2022-08-03,918.3997802734375,922.1949795606304,894.0143335162973,896.4136108992601,3509019
2022-08-04,921.3662109375,935.8926601829345,904.0477047885031,927.4297968296052,5360632
2022-08-05,923.241943359375,931.748472714045,916.4803431030988,924.8124221487375,2641829
2022-08-08,921.8458862304688,929.043717706079,915.2588437509617,921.3224288780981,2579239
2022-08-10,920.62451171875,924.0708104470655,910.0241530850873,921.3225259301095,2823021
2022-08-11,939.8624877929688,954.3890446438525,933.7115697788927,935.2820486554306,3201408
2022-08-12,929.9598999023438,939.1207768376289,926.5572671688358,936.4161582809468,1771561
2022-08-16,940.2549438476562,942.2179889617966,921.8024049763479,938.7717968066668,2222701
2022-08-17,963.6370849609375,965.7310211584951,935.4564377026031,935.718219665555,4280823
2022-08-18,964.2042236328125,967.7376411770565,949.3286603789095,959.7110098770747,3041422
2022-08-19,963.3318481445312,990.2473608369171,959.7110986084659,968.435744959452,4577717
2022-08-22,941.12744140625,959.7109784071222,938.1174813929618,956.2211203038236,2157609
2022-08-23,929.9598999023438,933.6242080756537,913.4703001184284,926.5572671688358,2875768
2022-08-24,934.3658447265625,936.5034467238113,920.5373032423927,930.0471879088435,2180800
2022-08-25,934.0604858398438,950.6809774048025,929.6546039526557,942.2616735582538,2734931
2022-08-26,947.1039428710938,957.5735175597248,943.1341865341794,944.8791156489513,2624896
2022-08-29,903.4806518554688,913.9937851359695,887.5581215450272,912.5978632421204,6118233
2022-08-30,938.8590087890625,942.6978738143916,909.369773166969,914.3427781189101,4453769
2022-09-01,918.6179809570312,929.1747811134079,910.0677854408118,921.3225998645621,6112823
2022-09-02,921.6715087890625,930.4833788400756,913.5139871057289,923.2418809702853,1645341
2022-09-05,929.2184448242188,934.235116166207,920.2756828667614,921.3225977634102,1677079
2022-09-06,928.0404663085938,934.4094998984373,916.3495269549884,929.2183786109192,3051076
2022-09-07,921.1917114257812,925.6849253421258,910.8530273865969,917.8327440715517,2615897
2022-09-08,950.6373291015625,953.516504646869,931.0068772072489,933.5370456406972,2634786
2022-09-09,982.9622192382812,987.9352246366257,947.7146296631773,962.0230697681627,3394349
2022-09-12,1003.42138671875,1016.4211288951507,994.565850861879,994.6095166871002,5230075
2022-09-13,1001.1094970703125,1015.941395779981,997.3142972303033,1008.5691122574577,2483685
2022-09-14,972.5361938476562,978.7743366970032,955.3486847681605,970.1805821572552,5179539
2022-09-15,944.8792114257812,980.9120438990639,940.5168881966687,977.4221853157737,3392174
2022-09-16,901.4302978515625,936.9832269779989,896.8935249564803,929.174712138766,6635089
2022-09-19,906.927001953125,917.7019190597615,892.6185604198843,903.8733756839226,2485826
2022-09-20,921.4534912109375,929.785464082573,916.0878127217339,919.577671055912,2321528
2022-09-21,924.943359375,930.8760547049382,913.4704286790557,913.6448789968089,2760138
2022-09-22,914.69189453125,935.2820374889983,909.3262160195043,916.0878165703808,3867282
2022-09-23,903.0880737304688,916.0005922335654,891.658808928174,905.6182423360515,3230711
2022-09-26,901.168701171875,918.0508697790243,884.2864793137129,897.7660679521179,3314114
2022-09-27,892.0949096679688,911.7253600029608,889.0848966330691,902.9570495858607,4448875
2022-09-28,898.376708984375,904.2222853995437,879.9241156110746,886.4239871909743,1965519
2022-09-29,878.6590576171875,911.2892542244317,873.9041682548346,909.8496663663723,3176310
2022-09-30,879.9677124023438,888.8668613469815,858.9849508975277,873.3370032088541,3848885
2022-10-03,877.2630615234375,888.3869839843265,871.7229332060645,881.1891518037513,2431236
2022-10-04,897.1553344726562,903.873268870208,888.0816819017406,891.6587652368268,2715420
2022-10-06,899.772705078125,911.7254264411882,896.3264063114194,901.6484186007684,2397633
2022-10-07,893.2727661132812,904.265797624728,890.8298761386272,898.551218992793,1539126
2022-10-10,898.0713500976562,901.2558669589507,875.5181631106555,879.5314786815113,1660433
2022-10-11,876.6959838867188,903.0008114332211,872.9443969628504,902.5645791571663,2310765
2022-10-12,886.3367309570312,888.8668461252412,870.8940982368204,879.2697363642186,2192421
2022-10-13,883.7630615234375,890.7863911758452,875.125640347771,888.91057091263,1344162
2022-10-14,889.7830200195312,916.0006244104727,886.4676651189023,903.000880292332,3492929
2022-10-17,892.7493896484375,896.8499306111239,878.9644598085883,889.0414151495312,1426207
2022-10-18,889.3904418945312,902.0847380282811,884.6791117151693,897.2426233594588,2395805
2022-10-19,889.2159423828125,898.638549533544,886.6857737099339,893.8399941719571,1304927
2022-10-20,908.802734375,910.3295473619731,878.571815932528,881.1892096244819,1852905
2022-10-21,908.366455078125,911.1582989375679,899.5981440630975,908.8026873375389,1202009
2022-10-24,914.4737548828125,917.0911485771761,911.7254702033263,916.9602575920535,231316
2022-10-25,944.4429321289062,947.4965582374062,916.960297152407,919.0542334986408,3097049
2022-10-27,938.6409912109375,957.9661028372484,931.0505920133096,953.8655619377525,2342818
2022-10-28,915.1716918945312,943.1342246908472,911.769165184686,943.1342246908472,1542568
2022-10-31,927.77880859375,940.7785514765036,918.7051561217733,918.9232722557053,2629847
2022-11-01,934.322265625,942.2616713704031,913.6012334999564,932.6645617545934,4709472
2022-11-02,944.0066528320312,958.5767683664305,930.3525611833634,934.4095426830919,4104485
2022-11-03,918.5743408203125,934.5404857403609,916.2187289805802,933.5371301412055,3460133
2022-11-04,919.2722778320312,923.7654914839159,906.2725349710322,918.7051545843533,2531080
2022-11-07,919.1414184570312,931.7049294829043,911.2455715495911,923.8963077314867,2588984
2022-11-09,913.10546875,931.0799867045538,909.8657040482666,929.3491505391528,2697639
2022-11-10,906.3594970703125,917.8099523828936,892.2905750801777,900.9449726002292,3285774
2022-11-11,939.7344970703125,946.2142439584591,928.6391142846834,931.1245233700033,5299457
2022-11-14,945.6371459960938,953.7145619992125,936.849582240759,942.6636054461911,2229790
2022-11-15,947.0572509765625,950.2083823677808,932.0119584177206,945.3264149665451,1577944
2022-11-16,946.9685668945312,954.2027770610557,940.000689216426,946.2141026484516,2335937
2022-11-17,939.601318359375,942.5304340261897,929.6154751361423,940.8883392557026,2089630
2022-11-18,941.642822265625,945.3265106208712,928.4615306191843,940.8883579888483,1617331
2022-11-21,925.4435424804688,939.0243325429917,921.1829810701346,936.5389237886302,1475958
2022-11-22,932.5890502929688,934.5862190117621,919.6296660550221,925.4435810910621,1696991
2022-11-23,926.730712890625,939.6900971635613,924.3340454095996,937.2934296825359,1704144
2022-11-24,949.1433715820312,950.6523001456899,928.461536836967,931.390760935053,2208145
2022-11-25,958.7742309570312,961.2152151495392,940.8884523848943,949.7647585394689,1943246
2022-11-28,956.155517578125,968.4048616441961,951.0073257637841,954.2027738473977,1749691
2022-11-29,953.8034057617188,963.4784916167489,952.250052372639,955.1791680371894,1233868
2022-11-30,955.9781494140625,960.4163023825586,943.7288038796756,953.9809805782393,3909954
2022-12-01,977.7249145507812,983.4500874589776,965.8750700305673,968.7598689159872,4264917
2022-12-02,989.486083984375,990.8619545786123,976.437959185254,977.7249800482522,3418928
2022-12-05,976.1716918945312,994.1462104313481,973.0649849869333,994.1462104313481,2760688
2022-12-06,966.4521484375,972.9762110545414,958.6853814283235,966.6296311992331,1838107
2022-12-07,956.9099731445312,965.1205541478981,953.4925095037189,963.966591314206,1478573
2022-12-08,953.4483642578125,960.7713161978058,950.031008356483,956.9544615422926,1110431
2022-12-09,918.9639892578125,954.8241782585396,914.4369865854018,953.2708247326497,3138360
2022-12-12,916.1234741210938,927.0413732886466,906.9808902401646,917.8099938462179,1689393
2022-12-13,928.2396240234375,929.7485525786749,914.392609466741,923.0025822411392,1983827
2022-12-14,945.4152221679688,948.0337971502282,932.8996538112906,932.8996538112906,1983937
2022-12-15,907.8240966796875,940.8883329068382,905.6050204228318,940.8883329068382,5184673
2022-12-16,906.0933227539062,917.3662424221009,897.3945535449868,900.9450760120294,2994364
2022-12-19,911.3302001953125,912.572904578506,896.2849064099817,905.338748436582,1529622
2022-12-20,903.5635986328125,909.8213836557933,891.181140673577,909.8213836557933,2149130
2022-12-21,910.7533569335938,914.7476943549331,905.6050564714216,909.377486258242,2037666
2022-12-22,901.6995239257812,918.6976715975055,898.814724473905,914.2595185946191,1925482
2022-12-23,883.8580322265625,901.3887338449151,881.4170484569185,892.112984684935,1504806
2022-12-26,888.5181884765625,893.400156545115,881.4171440132134,887.9412069432475,966423
2022-12-27,896.107421875,898.8146842502712,881.5946838757021,896.240588129796,1615647
2022-12-28,902.0545043945312,904.8505621673803,889.5833065836229,892.334939489707,1077963
2022-12-29,899.34716796875,901.5662440572158,893.8438484340223,896.5067397401813,1977329
2022-12-30,902.187744140625,912.1735881762281,900.945039656637,907.8241766589415,1317151
2023-01-02,896.0630493164062,907.0252650494606,892.2462487480151,903.5191676827233,1348611
2023-01-03,908.7561645507812,909.6438492953224,894.7759831068163,899.1697652531108,1439615
2023-01-04,905.6493530273438,913.6823979040145,898.3707723756099,908.7560596562954,1702044
2023-01-05,897.971435546875,909.776856428764,891.6248556700945,906.2707592226644,1376035
2023-01-06,875.3368530273438,897.9714311337121,874.3160562656053,896.0630038579985,2346808
2023-01-09,901.1668701171875,906.2707455204614,883.5474262652477,885.8108732174533,2190779
2023-01-10,889.9827270507812,900.1016820691757,886.7872248002367,899.169680895683,1411099
2023-01-11,893.2669067382812,902.6758222781499,890.5152739367777,895.1309632415562,1294200
2023-01-12,889.0064086914062,899.6136051024429,885.2339786749432,896.5068980300615,1948321
2023-01-13,890.4265747070312,895.6191915602767,875.4699679911294,891.5804835436783,2837817
2023-01-16,918.2094116210938,919.3633747182924,890.5153808217493,894.9091630351725,4286551
2023-01-17,928.5059814453125,932.0120787812972,915.0583569236575,917.8099899617727,2466876
2023-01-18,930.5474853515625,933.3435433146141,926.2424987625295,928.5060000548428,1138627
2023-01-19,934.9412841796875,935.5625822117383,923.2244961267037,926.5975354949876,1768051
2023-01-20,928.9053955078125,938.669331819887,924.7778916688582,934.2311789507622,1160517
2023-01-23,945.5928344726562,949.4095806892902,929.5710602762389,935.1187510155337,1344952
2023-01-24,950.297119140625,956.2443080489727,945.5927428614746,949.764562551915,1578750
2023-01-25,933.0328979492188,947.723118912013,931.1244705476853,945.3265597076119,1049973
2023-01-27,914.3482666015625,938.8025331657917,906.7146650520189,932.8997679585627,1651820
2023-01-30,919.6739501953125,930.1923500733494,903.9629335018735,914.3481671326778,2654212
2023-01-31,900.9450073242188,913.2386687584185,884.1243975836692,909.8213128150978,5797831
2023-02-01,908.7117309570312,918.2537589011466,890.5596762652181,903.6522262350508,1939670
2023-02-02,902.4095458984375,926.9081253871544,897.4831534109254,911.8628321469088,3860090
2023-02-03,897.6607666015625,911.5078357218385,890.2934438536607,909.3330758569523,2980262
2023-02-06,892.3792724609375,902.1876325080474,884.967579697825,892.9562539378255,2003960
2023-02-07,889.80517578125,895.1309586030122,884.9675788828165,892.0686226451661,1697633
2023-02-08,897.4389038085938,906.4040053397725,891.4917679763607,894.2878260261684,2611176
2023-02-09,901.8326416015625,903.341624376584,889.938370523945,897.4388595300793,1782899
2023-02-10,903.0308837890625,906.8033134820923,891.2697794519696,897.8826376315553,1116554
2023-02-13,889.8495483398438,903.4302837285503,888.0742873955248,900.9449292418368,1682312
2023-02-14,898.3264770507812,910.4426014141496,892.7344154848674,893.0006938114979,2440189
2023-02-15,951.0073852539062,954.2028335374105,894.997865495616,900.8562595842656,6712218
2023-02-16,1003.2442626953125,1012.8307143862178,953.3594774027309,954.2026829440043,14422445
2023-02-17,1002.3123779296875,1011.0112006975694,983.583394916669,983.583394916669,5333732
2023-02-20,1015.6268920898438,1026.855440882698,994.1462748496099,1002.5787655737806,4590531
2023-02-21,1006.9724731445312,1022.5060083717362,1003.9546158402056,1017.2246497358236,3494288
2023-02-22,999.2056884765625,1006.7949731850864,992.3709764345838,995.9214987116305,2674708
2023-02-23,1001.9573974609375,1020.3313063080112,997.741152393549,1000.3596191466974,2576193
2023-02-24,993.258544921875,1012.7864162250754,990.5956533805295,1009.235894169948,1913493
2023-02-27,988.776123046875,992.5929781979639,973.5976605438942,984.3823946537375,2247105
2023-02-28,976.6153564453125,1007.9043283287002,973.5086500171748,992.3707961880114,3894204
2023-03-01,1000.2708740234375,1002.1348764808566,973.7306992909653,976.6154985368136,2084324
2023-03-02,985.092529296875,997.696841065076,980.8318588762536,994.1463184990082,1838692
2023-03-03,963.2122192382812,993.7910453677185,960.8155519745842,992.3708582966358,2388401
2023-03-06,967.5616455078125,972.8430035085205,963.0790682543292,969.2924815979054,2076844
2023-03-08,957.132080078125,966.0971270998817,949.4096291627451,958.6410086949198,2230530
2023-03-09,940.8883056640625,961.6144556323171,938.5360632292364,960.416176158977,2550755
2023-03-10,941.9978637695312,943.5067922712215,924.0677710937667,927.5738682112227,1400844
2023-03-13,1006.3955688476562,1033.823266375732,998.5843766048779,998.5843766048779,13080169
2023-03-14,989.9744873046875,1010.3455669696772,974.9735079517973,1001.2473529908156,4325522
2023-03-15,989.175537109375,1004.9752963748365,985.7581810571081,998.4956581719256,2583351
2023-03-16,992.14892578125,996.4539117509688,977.3255407525986,981.719268095784,2396839
2023-03-17,1000.49267578125,1005.2414769819787,988.9977965291516,997.1196367555651,2507004
2023-03-20,984.38232421875,1009.0584979598,972.8431265498197,1009.0584979598,4007438
2023-03-21,972.5325317382812,985.136843476538,964.366264843716,980.7874316727679,3354949
2023-03-22,976.0385131835938,981.985702771372,970.6684134667231,973.7306954666464,1750203
2023-03-23,975.9052124023438,987.0450174059426,964.942998493005,964.942998493005,1720354
2023-03-24,978.1243896484375,992.3709025659637,973.4200129935324,980.8317060244989,1943460
2023-03-27,979.056640625,988.5099290433194,967.6061831754873,967.6061831754873,1455300
2023-03-28,950.031005859375,980.4766682269569,946.391633979729,975.5059588968759,2431154
2023-03-29,959.6173706054688,965.2094864390249,945.4152817363371,954.824143941469,1642278
2023-03-31,978.0355834960938,981.7192715110363,968.804205203625,971.9553366225902,2281085
2023-04-03,979.23388671875,980.8316648988306,963.1677969553263,980.4765910417763,1508662
2023-04-05,979.5001220703125,989.7078714167634,975.1507115476829,978.1686765033841,1947605
2023-04-06,969.9583740234375,980.7874244026067,961.3039753533587,979.9442186427591,1355815
2023-04-10,982.8289794921875,986.823317182605,968.2718160164412,973.1537843047294,940829
2023-04-11,974.8402709960938,991.4833441408028,969.6476538456127,983.4946690313425,1384483
2023-04-12,985.18115234375,988.3766005986823,968.2274307980412,979.0564799823499,1376719
2023-04-13,964.72119140625,976.6154618281064,955.0904221104681,976.6154618281064,2725180
2023-04-17,914.2150268554688,921.360496008818,889.4057967252752,918.6976044018561,4349422
2023-04-18,909.9987182617188,921.1385240475669,897.394408876984,918.520057491582,2735592
2023-04-19,899.9686889648438,913.3718893832782,896.506907946658,909.9988497546161,1953837
2023-04-20,906.9808959960938,908.756157117314,896.5512369089248,901.033760404672,1250758
2023-04-21,886.5210571289062,905.028133371767,882.171645540909,900.3237020516239,4269272
2023-04-24,893.0451049804688,894.2434387696233,879.6419048914391,889.4058412726761,1625433
2023-04-25,884.9676513671875,893.0450676377852,882.659833626065,892.956326254153,1984203
2023-04-26,884.3463134765625,889.8496337676164,881.1508651406834,884.9676657020584,1589700
2023-04-27,890.4265747070312,895.3085425500258,881.417103289747,886.7428863911957,3543950
2023-04-28,908.6674194335938,911.3302569496019,870.8099541986825,871.608843377154,5146250
2023-05-02,935.0744018554688,946.0367263265347,905.7382758629143,905.7382758629143,4762884
2023-05-03,922.7806396484375,932.6777413245944,921.5823601525198,923.0469721379,2217136
2023-05-04,927.9732666015625,929.3935620899189,913.2386219131951,916.9223101736202,1744298
2023-05-05,919.9403076171875,932.6333592484075,915.6353211955733,928.4615390776343,1222282
2023-05-08,926.1093139648438,929.349187147535,918.9639530393707,923.9789789712017,1487285
2023-05-09,930.059326171875,933.2990909707199,923.0025983439698,930.591882826936,1747630
2023-05-10,928.5946655273438,932.899651764439,921.4936215557781,930.2367602751019,1186977
2023-05-11,926.730712890625,939.8232634158412,925.754232609464,936.4502240069927,1451786
2023-05-12,928.772216796875,935.1187969852884,917.8544258972331,926.7307315164575,1140016
2023-05-15,944.8383178710938,949.6759694945953,924.9110548953472,928.4615771790146,2122222
2023-05-16,938.4029541015625,951.3624465377941,934.6749492124201,949.6759268581015,1343911
2023-05-17,935.6957397460938,946.5692136790483,922.2481156195686,939.1130955972124,2803566
2023-05-18,930.8580932617188,940.843936721988,927.6183285106115,940.0007310600108,909923
2023-05-19,951.673095703125,957.5314355384171,931.1244272350401,937.8260810869796,2624323
2023-05-22,980.3434448242188,985.6692277288258,949.8533593660093,951.5398789564676,2996190
2023-05-23,967.9611206054688,993.4360742025805,964.3218569992155,979.9441331026478,1414119
2023-05-24,975.2840576171875,979.3671364380231,963.0791376697597,963.3010453051675,1782245
2023-05-25,974.7071533203125,976.3936731537018,960.0169317044168,973.730781317828,1200289
2023-05-26,989.486083984375,994.5012178995012,975.5059038338894,975.5059038338894,2104054
2023-05-29,988.8646850585938,1001.2915105906989,985.358479985758,1001.2915105906989,1432241
2023-05-30,974.9734497070312,994.8563963485797,971.9554840675686,989.7080956487114,2822485
2023-05-31,990.1964111328125,1000.7591291444252,972.8431886508482,974.9735238733085,7599886
2023-06-01,994.8563842773438,1008.9696236304335,992.0159014468211,995.9214976179518,1412280
2023-06-02,996.8978271484375,1011.1886570190289,992.0158592306162,1001.2472384186183,1907589
2023-06-05,984.6929321289062,1007.0612870726258,983.0508372768091,997.7854827833829,1754521
2023-06-06,964.1886596679688,978.1688404640751,951.1405342662705,976.3935794106012,3284841
2023-06-07,972.5768432617188,975.506067698057,962.3690909609657,971.9555451586647,2086377
2023-06-08,950.9186401367188,977.7250390834643,948.8770465549009,977.281223813794,4054486
2023-06-09,943.595703125,957.7533671102713,940.9771279804893,957.7533671102713,2782697
2023-06-12,953.98095703125,957.7533869613574,942.7968334973649,946.214189528088,1767945
2023-06-13,958.1083984375,965.6532578061475,954.5578763816659,958.2415646852606,1846534
2023-06-14,956.5106811523438,963.0347441752066,950.696765927256,958.6410161923283,1321534
2023-06-15,959.972412109375,961.7476731581208,949.1876795675762,957.7089109308896,1389325
2023-06-16,956.155517578125,964.8099148292991,951.0516422761506,961.7476329894469,4392418
2023-06-19,970.7127075195312,972.6655596604805,953.359595999282,957.7533236980831,2188899
2023-06-20,982.9176635742188,986.1131118695796,965.919516945372,970.7127435650824,3318866
2023-06-21,994.0575561523438,994.8120205110603,980.0329489706525,982.9177484947755,1985965
2023-06-22,993.3030395507812,999.6939363575237,985.6250133966566,991.3946121414504,2360795
2023-06-23,990.1519775390625,992.3710541359676,971.1123436789564,988.8205315809195,3492348
2023-06-26,986.9564208984375,999.4719898646182,983.7609726192713,987.222645048921,1432154
2023-06-27,993.8796997070312,995.0336625499777,982.3405046908406,984.3820979196479,1227245
2023-06-28,983.58349609375,1000.315312082009,980.5655302299574,994.1463224403487,1876800
2023-06-30,1003.7769165039062,1005.2415284809687,985.8023991072267,989.3973459278951,2478834
2023-07-03,995.43310546875,1009.1470606667677,989.7966738914376,1008.3481716066258,1899656
2023-07-04,1018.9999389648438,1026.1009838356788,994.235023307137,997.2974139196921,2773593
2023-07-05,1042.9659423828125,1051.7978234046318,1017.6684705888465,1021.4853254640103,3732838
2023-07-06,1046.738525390625,1050.9547713059148,1031.4268954877305,1042.9660948348394,2520085
2023-07-07,1026.100830078125,1051.2208158859023,1021.8845853178559,1038.5276567399708,2261102
2023-07-10,1018.2454833984375,1029.6070902777387,1007.9933064364252,1029.6070902777387,2088505
2023-07-11,1030.938232421875,1035.1544766079141,1016.4254977890135,1024.9024110201656,1212566
2023-07-12,1029.1187744140625,1037.6400051380292,1023.8373081783097,1034.9771137647067,1274203
2023-07-13,1043.187744140625,1057.9668136223456,1023.8817807838425,1029.1188223995673,3215610
2023-07-14,1090.5872802734375,1093.5608208998597,1050.0669246140699,1050.9101302823576,6033106
2023-07-17,1102.7921142578125,1127.9564163354128,1083.486151593799,1097.0225162202912,4880073
2023-07-18,1107.363525390625,1116.994295095241,1087.3474133384475,1103.3247630854614,2666872
2023-07-19,1104.8336181640625,1119.9233363657108,1092.7618652734097,1113.9762554746287,2293881
2023-07-20,1112.156494140625,1114.4199950585366,1096.756127986307,1105.09987562555,2000345
2023-07-21,1088.6099853515625,1109.4239022589704,1075.7663952506261,1092.6179433557377,5032086
2023-07-24,1058.3228759765625,1096.6715166590075,1052.3109938142704,1089.885396320082,2669308
2023-07-25,1053.449462890625,1060.9187531264583,1042.9741764027374,1060.2811714696822,2557865
2023-07-26,1041.334716796875,1063.0140538899022,1037.918861867923,1054.816002060417,3170213
2023-07-27,1001.8928833007812,1024.7563130238332,985.8611623312214,1012.0037900173145,17594818
2023-07-28,993.8316040039062,1001.9840662474622,988.3662363698292,1001.9840662474622,4244321
2023-07-31,1016.1029663085938,1019.291097534125,990.2791256204295,997.4296262733395,4766331
2023-08-01,1041.6080322265625,1051.6278733760967,1020.1109407262011,1020.2020079525579,3805214
2023-08-02,1043.5662841796875,1049.896956344054,1025.3028053621586,1041.1523915669038,2357217
2023-08-03,1040.97021484375,1044.7503378309548,1021.3859843022034,1038.419665923862,2348236
2023-08-04,1070.4832763671875,1076.5407476218356,1040.970380642227,1051.1267663536198,3580506
2023-08-07,1078.180419921875,1086.560605798746,1067.6595427717305,1074.85563237969,1694290
2023-08-08,1097.9921875,1101.1803180611537,1070.3920413076007,1080.3208130081136,5137402
2023-08-09,1118.5784912109375,1126.3210947738796,1093.2555786101602,1099.4041167336732,3396984
2023-08-10,1125.68359375,1128.7805464425821,1107.283456071707,1111.2914145595757,3715680
2023-08-11,1111.7012939453125,1138.937065308319,1107.010275609213,1125.683615309867,2933959
2023-08-14,1111.063720703125,1112.3844734343086,1095.8062357088415,1104.0953545715752,1842625
2023-08-16,1118.44189453125,1128.5983913978828,1111.2913942739444,1112.202288859415,2341456
2023-08-17,1121.994384765625,1123.9528303265645,1106.327042664479,1115.8458464281637,2636308
2023-08-18,1102.9112548828125,1116.7112194776844,1097.7646780201312,1116.7112194776844,1794430
2023-08-21,1110.243896484375,1114.9350260630663,1097.035924361896,1097.628028109473,1175945
2023-08-22,1105.0972900390625,1114.0241016431598,1101.4993008274662,1110.2438667946944,1003208
2023-08-23,1093.984375,1110.2438207828036,1092.3447203020767,1105.0972442404614,1569035
2023-08-24,1092.253662109375,1108.103249945256,1090.0674928918077,1098.720991350073,1218843
2023-08-25,1083.509033203125,1090.5228765406193,1073.4436042644036,1083.9644804638242,1213340
2023-08-28,1079.1822509765625,1089.7031268518317,1076.9506039451662,1083.5545890218323,950013
2023-08-29,1091.251708984375,1100.2695875827328,1082.3704868119228,1086.1507215649883,1419344
2023-08-30,1090.52294921875,1112.7487992607475,1088.109167530721,1100.315065976378,2016339
2023-08-31,1094.8497314453125,1106.2815032721692,1091.2517422149515,1092.1626368244797,2817747
2023-09-01,1118.6241455078125,1120.3092782603453,1096.7626753520917,1097.6279807351475,1686038
2023-09-04,1144.7666015625,1153.1923752362243,1116.3467391619085,1124.9546472486074,3466873
2023-09-05,1142.7628173828125,1153.739030140428,1137.3885172276775,1146.5885300664359,2199985
2023-09-06,1137.6617431640625,1147.3627926963306,1125.729046384243,1142.7628417753563,1753376
2023-09-07,1156.1529541015625,1161.2539415481476,1128.279601988805,1137.661749515356,2554884
2023-09-08,1150.414306640625,1164.1233150391365,1146.861906605621,1158.6579473628965,1731105
2023-09-11,1155.78857421875,1161.390598166189,1150.9153104180234,1152.281652298219,1293853
2023-09-12,1153.1925048828125,1169.40647241452,1140.030123060278,1158.4757377710812,2335224
2023-09-13,1148.0914306640625,1155.6973773720733,1142.170616513979,1148.0003634542345,1204376
2023-09-14,1165.808349609375,1174.4618477009922,1149.5489043811306,1149.5489043811306,3288631
2023-09-15,1184.20849609375,1187.5331722239323,1160.4796487515034,1164.305361358027,4316210
2023-09-18,1174.8719482421875,1185.9848183454126,1168.677820228237,1185.0739237076664,1967717
2023-09-20,1160.7984619140625,1174.279745898112,1155.970787455249,1167.7668275464043,2843560
2023-09-21,1176.5570068359375,1180.5193760214463,1153.1014713941534,1162.2558952098896,2960250
2023-09-22,1189.0362548828125,1202.3808831350325,1169.5886772313497,1175.099634089661,3252940
2023-09-25,1183.661865234375,1197.2798053199317,1180.5649127536822,1189.0361652576885,2100302
2023-09-26,1168.0400390625,1186.9410995691237,1165.1706992047875,1184.162826921001,1141475
2023-09-27,1173.82421875,1178.6064148712778,1151.3706471038413,1156.7904248973523,1568115
2023-09-28,1119.9449462890625,1160.525346485882,1113.1132365719677,1160.525346485882,6570797
2023-09-29,1113.841796875,1121.9031906559271,1102.1823032394952,1114.9348257563158,2861162
2023-10-03,1107.829833984375,1121.0378040860803,1104.5051580512445,1111.8377919780103,1622290
2023-10-04,1097.6279296875,1107.1923224358143,1080.3665224904341,1102.1824024247924,2340603
2023-10-05,1098.174560546875,1114.8894550253183,1092.6181254572193,1105.8260977949683,2497613
2023-10-06,1108.4676513671875,1114.0240861403704,1097.62798348254,1099.4497726667432,1446719
2023-10-09,1104.5963134765625,1118.3507991319534,1095.0319205701194,1096.033882350253,1451064
2023-10-10,1118.350830078125,1121.721095575429,1104.9151349091962,1106.9190585249141,1503359
2023-10-11,1121.857666015625,1128.5072404736175,1113.1131008823536,1120.4913242387645,1622663
2023-10-12,1091.934814453125,1122.2220574817518,1083.3269056485765,1122.2220574817518,2452842
2023-10-13,1087.6990966796875,1095.7604907398775,1074.855506510025,1081.2317679893217,3266079
2023-10-16,1079.0457763671875,1091.4795105347218,1075.584443425243,1088.7924158039232,2638043
2023-10-17,1090.8873291015625,1095.8061820827156,1082.5526214381066,1083.9645525173996,1163897
2023-10-18,1081.32275390625,1094.8951031304439,1073.0792260436726,1093.0733142733218,2337078
2023-10-19,1067.705078125,1079.8199090273886,1063.742709037351,1066.2476690712097,3107691
2023-10-20,1066.38427734375,1071.2120632626006,1046.0713942205857,1065.7466955928935,2962470
2023-10-23,1052.948486328125,1066.6119042632267,1048.940639355039,1060.3722989781663,1203959
2023-10-25,1040.3782958984375,1062.0120427788124,1035.2317191387842,1058.4595315787656,1555285
2023-10-26,1016.0571899414062,1020.2018042484344,1000.2987823595437,1002.0295040875282,7099401
2023-10-27,1020.7027587890625,1025.6214995675055,1014.7819452215941,1020.1561331975346,1382498
2023-10-30,1026.487060546875,1037.4177948264905,1016.1028407426043,1020.7029025625475,2255915
2023-10-31,1032.18017578125,1035.8237539608117,1016.1484540298144,1026.4870848756846,1194765
2023-11-01,1024.847412109375,1036.5979737694752,1020.1562830474413,1030.1761228641938,1288497
2023-11-02,1027.0572509765625,1040.4076141672035,1025.4920809385703,1035.8040406531895,2493118
2023-11-03,1043.2615966796875,1045.9316912572294,1027.5174009181937,1034.883117053808,1108121
2023-11-06,1051.5943603515625,1054.0342768853398,1044.4127404393,1047.313014342019,572330
2023-11-07,1057.9012451171875,1059.0982192459835,1046.4383914649902,1051.4562418832272,902481
2023-11-08,1048.8319091796875,1061.4456524402883,1046.8984312743848,1060.4328890034062,806162
2023-11-09,1034.8372802734375,1050.535511444167,1028.6224558192323,1049.6147967102106,6042108
2023-11-10,1047.9112548828125,1049.3843756384922,1032.5813356249782,1033.0416928856225,706806
2023-11-13,1041.6505126953125,1051.5942760238302,1038.5661410491282,1050.1671233377808,435537
2023-11-15,1080.6888427734375,1085.3844651071026,1052.8372240352935,1054.2182960388377,2816201
2023-11-16,1111.4866943359375,1118.6222329621125,1074.8423182457043,1081.8397271942777,2294942
2023-11-17,1107.3896484375,1117.7016085212579,1103.0162534426315,1116.0903577336746,1176628
2023-11-20,1115.721923828125,1125.573524443174,1107.3894122895929,1109.3689710277322,1077366
2023-11-21,1109.000732421875,1124.3306529449446,1105.2258250514171,1123.2257279930595,1129326
2023-11-22,1119.0364990234375,1121.4303344017414,1108.5403305580433,1109.4610451183075,750622
2023-11-23,1114.893310546875,1124.1004563728598,1111.2564205104609,1118.6682178571455,651637
2023-11-24,1102.8780517578125,1118.6222502331682,1100.3460863997548,1115.9522675873043,884921
2023-11-28,1107.0672607421875,1113.1439546414992,1091.967518779833,1100.3459991858476,910795
2023-11-29,1124.837158203125,1136.7144008834955,1110.9804687359733,1111.302696418105,1898448
2023-11-30,1124.146484375,1130.9138268300744,1112.8677301391065,1125.1132796948457,2978406
2023-12-01,1123.7781982421875,1129.532664227222,1115.491767223738,1129.532664227222,1017856
2023-12-04,1126.862548828125,1150.1565592724194,1121.4303105596753,1139.844601373463,1581599
2023-12-05,1123.82421875,1129.026278720552,1113.0058221954912,1126.9546708696885,1499843
2023-12-06,1128.0595703125,1148.131195103478,1122.0289566506817,1126.0340429924245,2637916
2023-12-07,1126.2642822265625,1133.399821312813,1123.3640083776352,1128.7962477087804,1076885
2023-12-08,1128.151611328125,1139.798560763811,1120.7398140582195,1132.4789248647444,2642571
2023-12-11,1135.5174560546875,1142.1465567720466,1128.1517386389871,1133.3997673409021,1558876
2023-12-12,1128.934326171875,1146.289775393218,1122.0289660791448,1139.79869194928,1114846
2023-12-13,1119.6810302734375,1136.1157638115158,1102.141484144803,1128.796127517255,3025706
2023-12-14,1164.427734375,1169.123468848189,1132.6171117050585,1137.0825551314415,5287733
2023-12-15,1202.54541015625,1219.7628419511552,1162.4022729509436,1169.3076329882758,5900381
2023-12-18,1189.3331298828125,1227.3586892689684,1184.4532973600444,1201.5325987978094,2671348
2023-12-19,1179.8497314453125,1197.8036669401354,1168.570977096001,1196.9290329881826,1717860
2023-12-20,1149.604248046875,1209.8190064633914,1140.0287935538643,1188.6425702771983,2860865
2023-12-21,1150.9853515625,1158.7654577230728,1128.7961511672063,1134.3204390195745,3337533
2023-12-22,1174.04931640625,1179.3434256797357,1143.9879604010289,1160.1004668855503,2297352
2023-12-26,1180.356201171875,1186.5710251640046,1160.606916553656,1173.9111985133702,1720830
2023-12-27,1178.65283203125,1189.1029203902092,1166.7755910681321,1185.7883702682025,1584695
2023-12-28,1183.992919921875,1186.8011444679587,1169.814004695919,1183.1182859901683,2284964
2023-12-29,1171.7474365234375,1189.5171605400374,1167.558140214056,1183.992873042084,1187193
2024-01-01,1194.30517578125,1200.427951425782,1164.9343524006063,1172.0698918047594,1776828
2024-01-02,1176.765380859375,1196.1003886600893,1171.9316289091964,1195.08762501558,1615064
2024-01-03,1145.552978515625,1172.9903165920464,1141.6860224286793,1164.7038857840962,2231707
2024-01-04,1148.591552734375,1155.220653412624,1134.044215967421,1150.985388401969,3355191
2024-01-05,1149.328125,1171.0108872412204,1146.7961597511664,1155.4048191188158,1756868
2024-01-08,1131.51220703125,1154.8063322803803,1124.5608789641383,1151.0773930475611,1320667
2024-01-09,1137.6810302734375,1151.998075023138,1134.8728057562964,1142.1925543406176,994439
2024-01-10,1142.5147705078125,1147.624669106639,1130.913789017165,1138.463603786275,808638
2024-01-11,1150.3409423828125,1161.7578268804193,1142.5148676115723,1142.5148676115723,930492
2024-01-12,1204.3408203125,1207.7474194968693,1166.5454396817483,1170.9649148756703,5023455
2024-01-15,1231.593994140625,1290.3816030236824,1228.0952334567833,1229.15407779994,6012767
2024-01-16,1215.711669921875,1226.5760355674768,1206.5965722316669,1224.6425572433545,1883106
2024-01-17,1221.5582275390625,1228.6937664600557,1201.7628615001781,1202.4533975247903,2313059
2024-01-18,1247.70654296875,1260.918776380145,1202.4533931744936,1221.5121424280676,4533782
2024-01-19,1279.701416015625,1287.0210531069276,1247.5684497035454,1264.96998044717,4463826
2024-01-23,1258.294677734375,1304.0081818162864,1249.1795803743203,1285.7779870961772,2683661
2024-01-24,1296.3199462890625,1298.6678132406953,1257.2817410722055,1264.0949385163406,2008135
2024-01-25,1217.2308349609375,1248.811279682769,1208.023688559484,1241.12333491594,8424862
2024-01-29,1210.1412353515625,1231.9161585395586,1207.056863860509,1231.9161585395586,2495791
2024-01-30,1213.36376953125,1234.6322553014688,1210.7397552776642,1218.980106373925,2293154
2024-01-31,1227.9112548828125,1230.0749120776154,1208.2540173515765,1213.5940954927987,1798462
2024-02-01,1208.43798828125,1230.3970103899185,1205.9060229724703,1224.5504947916668,2286420
2024-02-02,1232.00830078125,1246.6476867898864,1218.1516121704788,1218.5658888230537,1838847
2024-02-05,1227.0823974609375,1245.8189173110698,1222.7090030599325,1239.0977680878352,953919
2024-02-06,1243.931640625,1254.3817299935731,1222.8011708208796,1224.5505512295938,2713529
2024-02-07,1213.5018310546875,1250.9748699552238,1209.865053376655,1244.3457698561535,2004588
2024-02-08,1205.445556640625,1224.2281564384418,1198.77037597563,1220.8675257631992,2308756
2024-02-09,1207.10302734375,1216.6783701115116,1202.407292557644,1212.5812347383019,1085349
2024-02-12,1214.238525390625,1225.471199163983,1207.1489551503892,1213.8702170522358,1149683
2024-02-13,1223.123291015625,1228.9699187615415,1196.9290050540942,1217.1386459903545,1127361
2024-02-14,1190.3919677734375,1215.2972310833,1180.9546428146052,1206.1361654702757,3426103
2024-02-15,1197.251220703125,1204.2947099484093,1189.1489995698169,1201.2563067784686,1703763
2024-02-16,1199.27685546875,1205.3995176874969,1195.087559053052,1201.6246102798118,1994659
2024-02-19,1206.13623046875,1213.501947906727,1185.3740694836806,1199.6451470197612,1496111
2024-02-20,1215.849853515625,1218.7040466341734,1198.7705507126768,1206.1362683821862,2113200
2024-02-21,1193.798583984375,1219.9469023316033,1189.7474170756059,1215.3433291152576,1769508
2024-02-22,1222.801025390625,1225.010762886617,1196.3304809088586,1203.3739700058686,2201424
2024-02-23,1217.4149169921875,1236.1054688991862,1211.9367099118201,1232.7448380282729,1660506
2024-02-26,1195.31787109375,1219.8549405697474,1192.3255482891632,1217.4150241122363,1196507
2024-02-27,1193.292236328125,1201.5786679645141,1181.9213207802088,1192.3254410137774,1488661
2024-02-28,1183.90087890625,1202.4993817794168,1170.2282891938175,1198.7704425887887,1289779
2024-02-29,1172.852294921875,1183.3023833690258,1164.0134570579564,1178.514712307047,2251498
2024-03-01,1170.9649658203125,1184.9597838900595,1167.4662051069117,1184.9597838900595,1560034
2024-03-04,1178.560791015625,1183.578640723925,1169.3996131369072,1174.4635435328478,1843831
2024-03-05,1171.6092529296875,1178.4225630086041,1159.2716556070948,1173.8189903055404,1420379
2024-03-06,1170.228271484375,1173.312642955222,1150.985313621236,1167.0057703433872,2064350
2024-03-07,1186.0185546875,1190.576047078428,1165.2104268511491,1173.9111350127102,2073691
2024-03-11,1186.801025390625,1193.5222863949853,1174.3713792752073,1186.0184405209993,1577732
2024-03-12,1189.8397216796875,1203.9726706767287,1176.397196356283,1192.3256065589812,1963068
2024-03-13,1175.9366455078125,1196.3765771210988,1165.9009462528043,1189.83952592089,2001399
2024-03-14,1190.806396484375,1194.5813044716367,1158.3052333250457,1171.1491590989551,2129097
2024-03-15,1180.540283203125,1190.4840464129968,1167.9265374129052,1190.4840464129968,2499025
2024-03-18,1171.7474365234375,1185.3739449165723,1167.5121719200567,1180.3560953960314,630807
2024-03-19,1152.9649658203125,1171.747567897608,1149.880594099858,1169.3076515007363,1243420
2024-03-20,1164.0595703125,1171.1490281202948,1148.1311620015783,1152.7347352253216,1139621
2024-03-21,1181.046630859375,1185.3739444409352,1169.9060068880226,1173.9110928440484,1420041
2024-03-22,1162.540283203125,1178.422609657409,1138.095266225417,1158.7192952299429,2990908
2024-03-26,1154.8984375,1170.7807657454077,1151.8140657973936,1162.172105957442,2144358
2024-03-27,1154.39208984375,1163.0007494675287,1147.7169085345854,1158.259046472978,2128854
2024-03-28,1149.1439208984375,1164.6579401201566,1143.5275840669924,1160.1004476041953,2436133
2024-04-01,1145.87548828125,1161.1593293352146,1143.527620914389,1152.826816609301,1397037
2024-04-02,1138.739990234375,1152.6887280787175,1137.1747078032815,1145.3690911427373,1320357
2024-04-03,1155.6351318359375,1162.8627200881058,1141.6862810049493,1141.6862810049493,1819093
2024-04-04,1177.82421875,1186.8011866083643,1148.0391222316584,1160.1004616963064,2460669
2024-04-05,1163.23095703125,1174.7858589079797,1160.2846026002326,1173.9112249128557,1184658
2024-04-08,1164.84228515625,1169.3077292027708,1156.5097717354713,1169.3077292027708,686932
2024-04-09,1152.182373046875,1179.4355050968793,1144.2181685863754,1164.7961192062842,1198161
2024-04-10,1165.9010009765625,1172.4840207807372,1152.7347365843643,1160.514730384893,1994380
2024-04-12,1143.6195068359375,1169.0772863270731,1139.8445997030256,1164.6578115814762,2887322
2024-04-15,1122.1209716796875,1142.284644849178,1114.985433193109,1137.0825846354167,2153147
2024-04-16,1100.99072265625,1116.9651007950947,1096.571246981164,1109.461253242907,2085459
2024-04-18,1086.1209716796875,1112.0850777571065,1082.8064216856214,1104.4432142141093,3242357
2024-04-19,1099.010986328125,1109.3229447183335,1070.7449811472477,1070.8371425192365,2572144
2024-04-22,1112.269287109375,1120.233378268331,1100.3459659298637,1101.266680504718,1364143
2024-04-23,1105.087646484375,1121.4303298629193,1103.7526553341609,1121.4303298629193,1460983
2024-04-24,1091.6912841796875,1112.1771845535477,1087.8243277175702,1112.1771845535477,1375843
2024-04-25,1095.9266357421875,1098.9189581987553,1079.8141302068227,1091.0468033947093,3357065
2024-04-26,1177.36376953125,1240.2025396352637,1142.6067941257331,1150.8932253482403,20431926
2024-04-29,1186.15673828125,1207.0569160509142,1183.1183349545574,1187.7219082423182,4120529
2024-04-30,1163.322998046875,1188.7347007335813,1160.14657735801,1186.1567670650336,2613213
2024-05-02,1166.453369140625,1173.3126480710093,1154.1157708115234,1163.0466576272893,2124221
2024-05-03,1151.3076171875,1171.1490633352096,1144.4944185250356,1169.307633990343,2322455
2024-05-06,1162.1722412109375,1165.348662272919,1146.381960117562,1158.2592033617423,1363667
2024-05-07,1189.9775390625,1192.14130828467,1157.246202488301,1167.4661120634696,2350444
2024-05-08,1184.959716796875,1196.9290068655303,1178.8369420910633,1191.4047191415357,1332284
2024-05-09,1168.47900390625,1183.9470558311589,1161.3895456692933,1180.3562460208836,2420777
2024-05-10,1164.151611328125,1172.253832711286,1149.282047438855,1165.624732271252,1322206
2024-05-13,1161.9879150390625,1165.946920415094,1150.9393397520394,1164.1515718877206,593453
2024-05-14,1174.3714599609375,1182.1975339787093,1154.6681452495754,1163.737161485904,1386032
2024-05-15,1173.45068359375,1181.230676515657,1164.703895446131,1173.9110408646773,1008105
2024-05-16,1204.2486572265625,1208.5300027411124,1179.7117022124003,1184.9597306548017,4868225
2024-05-17,1201.90087890625,1215.3432897845742,1194.903470322238,1205.3074780193324,1925387
2024-05-21,1218.9342041015625,1221.7883971704473,1200.7040082299638,1203.3741033170872,1453689
2024-05-22,1224.9188232421875,1229.5223966064532,1207.1030168008651,1224.5505148946606,1411627
2024-05-23,1231.455810546875,1237.3943749194725,1220.0389267221121,1230.074738609813,1440740
2024-05-24,1216.95458984375,1238.3612054774683,1213.5019099028277,1231.4558455956237,1288301
2024-05-27,1224.274169921875,1236.3356212063295,1213.7320326116953,1218.1054270019138,980450
2024-05-28,1210.831787109375,1224.8726852131035,1207.3331389514683,1223.6297429413219,1608944
2024-05-29,1184.4532470703125,1209.8189791469415,1182.289590248091,1209.8189791469415,1405567
2024-05-30,1142.4688720703125,1185.6504162107333,1137.4049409585602,1178.5609576110548,2610479
2024-05-31,1131.0518798828125,1155.7270777442195,1127.000825289622,1147.164386443676,4649449
2024-06-03,1146.61181640625,1161.757637846015,1138.509595984822,1155.496734090989,1091287
2024-06-04,1141.0416259765625,1154.2998260385677,1099.0109828465584,1146.611881760302,2471911
2024-06-05,1166.453369140625,1183.072200519312,1138.6938009981263,1160.100415813737,2709585
2024-06-06,1212.9954833984375,1218.657901033667,1173.1745743685974,1183.1183376495824,3205121
2024-06-07,1268.37646484375,1271.5069170963038,1221.7883265653838,1224.5504704837683,5790599
2024-06-10,1234.079833984375,1268.744762342435,1229.292162856833,1268.3764540114112,2532308
2024-06-11,1242.458251953125,1252.0337061169082,1234.8163883316581,1241.9519263664513,1465705
2024-06-12,1261.931396484375,1271.506850713242,1249.5478301869111,1256.5913192894484,2786009
2024-06-13,1278.8265380859375,1286.100206128264,1266.3048416188014,1270.586187119,1953367
2024-06-14,1262.7139892578125,1285.0873989244958,1255.9467594473945,1284.396862976659,1733356
2024-06-18,1262.6220703125,1281.1284131420928,1261.517257638945,1271.000551530761,950760
2024-06-19,1271.64501953125,1276.9850968905848,1253.0925974651198,1267.8240313809479,1313197
2024-06-20,1282.6475830078125,1288.0798220337313,1262.7140879439874,1276.1105313357766,1987190
2024-06-21,1288.8162841796875,1326.105223805726,1276.156458998008,1296.3660986039963,6836535
2024-06-24,1290.565673828125,1297.2869356980216,1271.5069256202753,1279.7933574309793,1111433
2024-06-25,1314.55029296875,1318.463330086675,1284.1667106413336,1287.8956497928305,2201375
2024-06-26,1301.0159912109375,1321.0415365426866,1298.2077663340795,1319.2001070868937,1565878
2024-06-27,1318.6934814453125,1329.3277799965597,1281.6347189190958,1293.0055217127315,4286657
2024-06-28,1316.944091796875,1337.7982997461816,1313.5374927694295,1326.7497246622488,2222285
2024-07-01,1355.384033203125,1361.2766295259241,1311.235810059951,1316.9441960149563,3837301
2024-07-02,1355.4300537109375,1379.230504219247,1353.4504947945882,1362.6576410176808,2092643
2024-07-03,1362.4736328125,1367.261304207161,1345.164151815934,1362.611650101402,896602
2024-07-04,1343.460693359375,1373.7061446420448,1338.0745355789404,1364.4989989004762,1322999
2024-07-05,1345.486328125,1353.4505323070969,1334.9901586613762,1350.6883883636128,1334838
2024-07-08,1351.2408447265625,1361.690933888117,1344.3815653029328,1345.4863779644809,807698
2024-07-09,1349.53759765625,1352.8982288547086,1339.6399144396,1349.767776335707,1049695
2024-07-10,1347.3277587890625,1356.0285796550286,1327.2101661919744,1355.3840119657395,802718
2024-07-11,1344.795654296875,1358.9746808984528,1326.9798501659182,1358.9746808984528,1408434
2024-07-12,1385.7215576171875,1391.936381184815,1345.210115102282,1358.0540388519446,4372156
2024-07-15,1380.197265625,1406.3915510294687,1373.706182740404,1399.5782405133646,2374623
2024-07-16,1395.987548828125,1398.565594881452,1371.0362035505611,1384.156387702675,1794159
2024-07-18,1417.302001953125,1423.148517205043,1385.6754778116872,1387.5169070180816,2752497
2024-07-19,1398.593505859375,1444.1222782624075,1393.9983991060728,1442.2936682308375,2504915
2024-07-22,1402.4853515625,1412.1443371720538,1384.245612390708,1387.8560127028752,2225781
2024-07-23,1400.4691162109375,1409.1903295458912,1369.147499826916,1398.2184398917339,1640492
2024-07-24,1437.8863525390625,1444.1693813305114,1381.7137673444267,1400.4692138552125,2561617
2024-07-25,1434.79150390625,1451.2494522407164,1411.253443959219,1430.1026427823736,3283912
2024-07-26,1445.2476806640625,1448.5298834361433,1354.3775295936246,1434.7914975096041,7133745
2024-07-29,1430.4307861328125,1457.9543769954566,1416.0829403202179,1449.4676073663102,1755979
2024-07-30,1442.3406982421875,1455.3756413295455,1425.4138628314026,1425.4138628314026,1622543
2024-07-31,1457.673095703125,1464.5656983134052,1439.4802925635197,1442.293609096217,2398955
2024-08-01,1448.34228515625,1471.3646393564911,1441.9185682297978,1457.6731875957414,1315921
2024-08-02,1413.879150390625,1438.1206542013304,1408.8152719100033,1430.5715419334247,2894949
2024-08-05,1365.7244873046875,1391.8883539421372,1337.9664537557314,1378.5251004176803,2186582
2024-08-06,1391.09130859375,1409.471620874665,1374.3051632680117,1374.3051632680117,1665788
2024-08-07,1381.9481201171875,1420.9594234154488,1379.4630007220758,1407.4086599865964,3002937
2024-08-08,1375.1961669921875,1395.5458949336414,1371.023125975701,1378.5253045036118,2333194
2024-08-09,1412.9412841796875,1415.332649005265,1388.4186334886763,1392.5447394615396,1521252
2024-08-12,1418.3804931640625,1429.6337598866864,1396.7179776178411,1412.941368458468,1809860
2024-08-13,1409.8468017578125,1428.836689526853,1402.11018081487,1414.4419086066325,580901
2024-08-14,1429.5400390625,1434.2757202347702,1411.3472345397158,1417.911640281761,2833790
2024-08-16,1486.650390625,1490.1201021531283,1436.0106892302429,1461.4242942575963,3224481
2024-08-19,1495.4185791015625,1502.9675772201076,1477.7884145669182,1489.0416818509495,1640507
2024-08-20,1527.255859375,1531.9916550145088,1495.9811778158828,1501.3733682389773,2442281
2024-08-21,1504.79638671875,1526.6933476492309,1502.3112671585184,1515.4400797304404,1935929
2024-08-22,1510.9854736328125,1519.8005553032187,1496.684447427754,1505.171331719431,1562554
2024-08-23,1498.93505859375,1516.3306636531433,1493.9180003818535,1512.6734437714795,1020913
2024-08-26,1538.0870361328125,1540.759663902697,1508.875410358758,1509.813182521815,1510157
2024-08-27,1523.5047607421875,1542.6353373648244,1521.1603301382895,1541.6975651232653,1083351
2024-08-28,1526.0836181640625,1561.3907655778141,1515.627434887135,1519.191015156792,3033590
2024-08-29,1544.839111328125,1553.1853073462046,1519.2379972862461,1519.2379972862461,2194339
2024-08-30,1534.6644287109375,1560.21872488104,1529.6004351989104,1544.5110382443715,1926984
2024-09-02,1544.1826171875,1558.5773975735092,1533.7733686544916,1534.6642064555042,1582818
2024-09-03,1541.791259765625,1555.998531570074,1530.5379933025597,1537.0086444136514,1739553
2024-09-04,1542.9166259765625,1547.324109468421,1508.781695454673,1518.9565007948333,1643875
2024-09-05,1537.4775390625,1554.732570629943,1531.2882653682398,1550.1374639038197,1080904
2024-09-06,1522.23876953125,1548.4494575215988,1513.5174420187254,1537.477568240557,1672937
2024-09-09,1480.929931640625,1529.7879587722018,1476.7568908044227,1522.1919117615296,2965098
2024-09-10,1507.3751220703125,1513.283018500172,1480.2734814287041,1492.933406673739,2541973
2024-09-11,1502.8736572265625,1525.7553210766896,1498.6536824602163,1511.6887385222026,1395340
2024-09-12,1540.9942626953125,1546.949093637765,1506.0622460907784,1519.0973033695827,2356422
2024-09-13,1552.997802734375,1556.6082030539624,1536.0709675888054,1547.23048041911,1373924
2024-09-16,1546.3863525390625,1566.0795686720644,1544.0419220470385,1548.3556512575335,1060407
2024-09-17,1548.7777099609375,1567.955105503545,1538.9779218670537,1546.3863450809483,1499644
2024-09-18,1505.49951171875,1545.5892732406278,1490.1200247547092,1545.5892732406278,2930297
2024-09-19,1496.074951171875,1533.5858415487003,1488.2915101031754,1519.1910602614241,3032379
2024-09-20,1521.113525390625,1527.912374209778,1483.93083274691,1507.9377794755715,3984683
2024-09-23,1507.140625,1529.5064692365575,1495.2777836895714,1523.83290159596,1535902
2024-09-24,1535.2269287109375,1541.2286940101885,1498.6538109339997,1501.8891938833738,1781972
2024-09-25,1503.014404296875,1540.8534899426033,1491.1047430613764,1535.2268567023718,2505756
2024-09-26,1506.953125,1519.050410350531,1496.6845642865683,1509.8133762539944,2173853
2024-09-27,1509.1099853515625,1561.2032793539179,1504.7025015894737,1523.8798982111475,3539822
2024-09-30,1479.054443359375,1506.0623317102181,1470.286295144935,1506.0623317102181,3460691
2024-10-01,1524.2550048828125,1540.666018900771,1481.6801227642504,1481.6801227642504,5176596
2024-10-03,1504.233642578125,1529.6472479822671,1496.8252188138522,1514.502203056868,2332279
2024-10-04,1515.86181640625,1545.8237066733154,1491.9955598711308,1491.9955598711308,2927576
2024-10-07,1517.8311767578125,1530.4911009294908,1500.6229660266258,1523.8328270080362,1619326
2024-10-08,1527.724853515625,1533.2577330618728,1503.8116595137426,1523.8800099238797,1311331
2024-10-09,1555.57666015625,1565.8921549464794,1530.4912523709195,1537.0087237441765,2177241
2024-10-10,1518.90966796875,1571.659357046302,1511.079292573846,1568.892974697673,1518162
2024-10-11,1544.5577392578125,1547.3241214428554,1503.2488282866043,1503.2488282866043,1019027
2024-10-14,1587.1795654296875,1591.3995406405788,1545.4486994553176,1545.4486994553176,2070051
2024-10-15,1571.0968017578125,1597.4481805239707,1559.9842228845753,1594.212911874829,2503380
2024-10-16,1556.9832763671875,1573.065978502501,1549.949984655249,1566.079621191635,1070524
2024-10-17,1593.27490234375,1603.496641798641,1552.9506994003825,1557.3581827696523,3771316
2024-10-18,1582.8658447265625,1596.4635427042626,1543.1980317329892,1589.5240049794331,3119646
2024-10-21,1595.337890625,1652.2137928071238,1584.8818230278314,1636.4123554218033,5898020
2024-10-22,1590.9775390625,1619.4857235702355,1586.1948090606802,1597.4012560096544,2484594
2024-10-23,1627.925537109375,1640.1635096001646,1580.7087316975317,1590.977405545036,4198781
2024-10-24,1627.738037109375,1639.2257461426977,1620.5172372209431,1627.0816423828417,1570443
2024-10-25,1609.63916015625,1633.9744191429918,1603.9187722285867,1627.7382106793766,1743714
2024-10-28,1596.6041259765625,1620.423448591687,1587.8358642114956,1603.5904831691319,1271473
2024-10-29,1592.8062744140625,1616.8132227438405,1575.7856840299075,1602.6528837054063,1499121
2024-10-30,1580.0992431640625,1605.606716020509,1577.5673039807696,1598.0576039226053,1305424
2024-10-31,1522.0975341796875,1579.9574166669142,1509.7023952529141,1576.9295215267628,3638913
2024-11-01,1517.366455078125,1531.8905330787973,1512.7774299479454,1531.8905330787973,249236
2024-11-04,1550.246826171875,1551.9972648546507,1521.5298140714144,1527.1596314436251,2746587
2024-11-05,1544.8062744140625,1565.007527438623,1536.4324664275812,1550.152302671753,1376651
2024-11-06,1602.429443359375,1606.4034182785936,1547.029650352231,1561.1752269480774,3164061
2024-11-07,1562.1688232421875,1623.1984350526786,1555.8765998542724,1603.801426647794,1285140
2024-11-08,1590.8858642578125,1595.7114384604115,1561.270012856051,1570.684612373843,1883257
2024-11-11,1612.459228515625,1623.1511693196337,1576.4091998446527,1582.796020040382,1587351
2024-11-12,1596.23193359375,1618.4675295863126,1593.3933468712953,1617.9944317992367,1414446
2024-11-13,1585.4453125,1598.1243565464358,1574.138321364823,1589.6085962095988,1063556
2024-11-14,1596.7049560546875,1600.9628359375,1573.5231655815971,1573.5231655815971,1919974
2024-11-18,1571.441650390625,1597.1781237187872,1545.3739162107283,1594.102988113286,1617013
2024-11-19,1608.2012939453125,1631.619633870244,1574.5639958521836,1575.3209984951563,1982317
2024-11-21,1610.661376953125,1632.187325741895,1594.1503107864296,1619.8867835768835,2212146
2024-11-22,1653.429443359375,1655.7003358838397,1610.6614487419238,1622.488893658519,2344087
2024-11-25,1639.37841796875,1672.6845712628167,1634.8839890208806,1665.3041996316756,3913302
2024-11-26,1651.48974609375,1667.1965692186009,1637.9118629693198,1639.3783967792888,1291712
2024-11-27,1662.2764892578125,1671.927638252199,1642.1698326008463,1647.3265524601463,2088228
2024-11-28,1621.1641845703125,1665.3042317685188,1614.9666727819267,1662.4656450098225,1787990
2024-11-29,1620.170654296875,1636.9182689983904,1609.0055008276086,1616.1019673117057,1556942
2024-12-02,1652.010009765625,1653.9497567682797,1614.1149487703897,1617.9943272733171,1370756
2024-12-03,1655.3690185546875,1666.2502667475305,1644.1092690633566,1665.3040712525008,1824151
2024-12-04,1664.92578125,1679.1187154766749,1646.9480645628782,1648.3673579855458,1811165
2024-12-05,1690.80419921875,1697.42756848926,1660.667892138408,1664.9257723837359,2762694
2024-12-06,1686.8775634765625,1700.3134948083143,1680.064885848683,1700.3134948083143,1180840
2024-12-09,1682.1937255859375,1703.8616266541392,1675.9015021149203,1683.3764700164902,1069659
2024-12-10,1668.663330078125,1681.3896149526386,1658.9648249834347,1671.1706560665436,1625591
2024-12-11,1667.95361328125,1674.5296263559962,1655.8896196459687,1670.035197354617,1285654
2024-12-12,1693.3116455078125,1710.4377629984212,1666.2978300647437,1672.9211993541146,3018243
2024-12-13,1699.7457275390625,1707.5044849321823,1666.250381605627,1685.1742928106878,1503188
2024-12-16,1680.017578125,1697.001742280293,1670.9813642971828,1697.001742280293,1075193
2024-12-17,1675.475830078125,1692.885851921191,1666.2504231357211,1681.815294288872,1160899
2024-12-18,1683.187255859375,1691.7502561270421,1665.824590938532,1667.2438842372776,1337600
2024-12-19,1659.9581298828125,1673.7253212520097,1641.649269202843,1646.3328909457239,2402819
2024-12-20,1595.3331298828125,1675.5704470741987,1589.7031967885437,1674.766203918558,2921154
2024-12-23,1620.2652587890625,1632.1872994410244,1595.1437211097555,1599.922054767044,1301223
2024-12-24,1613.1688232421875,1632.5184761220576,1604.4637548432695,1625.1854605779797,711026
2024-12-26,1607.30224609375,1622.3941335867955,1599.6854416370263,1615.2503113766454,659638
2024-12-27,1619.5556640625,1624.144689458307,1607.3023621782036,1613.2160844672303,647945
2024-12-30,1647.1844482421875,1678.1723515287845,1602.6660183181398,1622.7253171454572,6781500
2024-12-31,1614.3988037109375,1635.972108485325,1591.9266593636116,1635.972108485325,1459630
2025-01-01,1612.1751708984375,1625.1853589534217,1600.2531307630732,1609.1000355399865,721479
2025-01-02,1634.0322265625,1642.311436954625,1604.7475228621631,1617.0480640161775,1238954
2025-01-03,1598.550048828125,1636.776372700555,1590.885887862939,1620.0759979014397,2448088
2025-01-06,1595.5697021484375,1619.2245923807134,1584.8776455624911,1613.0269649388997,945693
2025-01-07,1581.2347412109375,1613.2634379788374,1572.103930910169,1601.9090912012737,1305847
2025-01-08,1574.23291015625,1580.0992766032086,1546.0835914021413,1578.206885426462,673344
2025-01-09,1554.41015625,1579.6735322174814,1550.057564148656,1574.1855516128942,774065
2025-01-10,1613.8311767578125,1621.7792428219457,1548.2598916090951,1564.15590823497,2208899
2025-01-13,1570.353515625,1609.4786797121153,1561.1281087307066,1606.6874489553106,1401093
2025-01-14,1558.857177734375,1580.5723195328155,1534.0669003804646,1580.0519812787068,2480288
2025-01-15,1585.7764892578125,1588.66243207451,1561.3647117769247,1568.792324228432,1079742
2025-01-16,1596.8470458984375,1630.153085202465,1581.0455098943519,1603.8015605383462,2334315
2025-01-17,1570.9686279296875,1608.4379512343507,1561.601268227923,1594.1030645470562,2502285
2025-01-20,1584.4990234375,1596.3738236298857,1537.5677478945495,1573.5231783068527,4856268
2025-01-21,1552.23388671875,1611.8915656887516,1548.070602965079,1584.4991336805144,2500061
2025-01-22,1593.345947265625,1597.887732098154,1547.266270267065,1554.3153809005332,2478559
2025-01-23,1621.2115478515625,1636.4452737580252,1581.0928317141718,1581.0928317141718,2255334
2025-01-24,1630.3424072265625,1642.9740956374685,1613.5946754718286,1626.5102687693416,1257165
2025-01-27,1564.912841796875,1621.6845747443228,1556.491678309193,1617.9943890022614,1174799
2025-01-28,1559.6614990234375,1575.0845335524925,1549.8683976333757,1566.8525625053849,1820874
2025-01-29,1590.69677734375,1594.3396073520578,1565.0548993408217,1574.4221435043578,1146508
2025-01-30,1580.2410888671875,1613.1687386227022,1567.8459508594808,1594.3394249838414,868832
2025-01-31,1584.3570556640625,1603.8014199654824,1575.6521030073861,1584.8775094054176,1065425
2025-02-01,1557.81640625,1595.191131185864,1548.6382399390004,1584.4044786102254,410470
2025-02-03,1565.669677734375,1574.5166982312803,1518.7857591098993,1542.2986946362391,1415698
2025-02-04,1569.785888671875,1586.7226978583556,1556.539149999386,1573.286766262932,1467006
2025-02-05,1571.630859375,1581.0928151809903,1555.9240358375341,1573.3812980986302,1449280
2025-02-06,1579.76806640625,1594.0555961037792,1561.222656735805,1580.146567726542,1288106
2025-02-07,1601.0574951171875,1604.3691796002333,1568.6976529409524,1584.8775740290698,1582031
2025-02-10,1607.6336669921875,1612.0807400741942,1583.174418533976,1592.4471815377074,1235699
2025-02-11,1579.294921875,1617.0481462842786,1573.7123451975326,1614.2095597197072,1800036
2025-02-12,1589.7978515625,1599.0706149388436,1579.011313780806,1589.6086586374304,1889477
2025-02-13,1585.161376953125,1598.5499509573226,1552.2810831289514,1584.8774721004531,1555491
2025-02-14,1569.8330078125,1602.8552554798284,1563.1623985123183,1594.3394955628755,961944
2025-02-17,1575.3681640625,1578.2067505850925,1543.244872782781,1566.8051640207748,1114005
2025-02-18,1613.263427734375,1617.0008539906344,1574.5167658029413,1578.254192059201,2654136
2025-02-19,1595.096435546875,1620.2652129901176,1584.9248338233795,1602.9025484974645,1113961
2025-02-20,1568.6502685546875,1602.5241154259409,1565.9536343392333,1589.6085230754754,1485087
2025-02-21,1560.74951171875,1575.3681863156473,1553.8422382152523,1568.555624766146,1479239
2025-02-24,1526.8758544921875,1555.4982725351742,1517.9343519160811,1542.2988895890367,1672609
2025-02-25,1508.1884765625,1527.1597451238886,1503.5048544001604,1521.5299273325995,1425126
2025-02-27,1502.795166015625,1509.8442770549111,1485.4324998062427,1490.258074279622,2208643
2025-02-28,1407.797119140625,1488.2711021951673,1398.8556168022953,1485.5271118180817,4155992
2025-03-03,1412.7174072265625,1449.0985823721335,1396.7739187339057,1419.293420540777,2851006
2025-03-04,1408.175537109375,1418.7728811423358,1355.9455885860311,1395.63844598443,2386196
2025-03-05,1455.3433837890625,1465.6569386073065,1407.4659110254154,1408.1755577032432,1967418
2025-03-06,1422.5574951171875,1467.3599418251251,1420.1920065054644,1458.0871802662205,2246380
2025-03-07,1412.054931640625,1426.1059127133676,1402.2618306203733,1421.1383859854614,893696
2025-03-10,1406.850830078125,1419.293324658105,1402.7349025370938,1412.0549056018713,798491
2025-03-11,1399.612548828125,1407.3714224016287,1375.3899634694749,1385.7035190779434,1769157
2025-03-12,1360.9130859375,1408.8851534225942,1333.000317619188,1401.3155891328825,2665932
2025-03-13,1363.1365966796875,1377.8972236662103,1345.4900271610995,1364.4139375290474,995812
2025-03-17,1362.6162109375,1370.0911790063133,1348.517873909402,1365.3128451990167,1747569
2025-03-18,1362.6162109375,1362.6162109375,1362.6162109375,1362.6162109375,0
2025-03-19,1321.031005859375,1354.762901993091,1319.3751635646158,1353.6747539560565,5557840
2025-03-20,1334.6561279296875,1344.5438248460048,1324.7210750367367,1327.6542580284647,2863413
2025-03-21,1333.4261474609375,1354.100498191945,1307.6896733773904,1315.2592381669504,4056023
2025-03-24,1380.168212890625,1388.6839731539583,1337.5420555937608,1339.6709956595942,3072831
2025-03-25,1377.187744140625,1404.059723224336,1371.4632143587314,1394.692363355054,2056315
2025-03-26,1340.0966796875,1385.2301570460418,1333.6625043418003,1385.2301570460418,2231144
2025-03-27,1347.2879638671875,1353.0597340377788,1330.351039200781,1331.4391872621995,2541022
2025-03-28,1341.9417724609375,1353.0595696239313,1332.7637222805247,1338.9612335252757,1642693
2025-04-01,1320.084716796875,1340.7117100497087,1310.8593103792568,1326.5661330769813,1578367
2025-04-02,1346.483642578125,1349.3222292680737,1321.9771543877569,1321.9771543877569,1617949
2025-04-03,1295.6728515625,1324.6737682317655,1287.0624951694708,1321.8351815855547,1943422
2025-04-04,1249.876953125,1286.0689325520923,1247.8899655902642,1277.3639797797327,1757493
2025-04-07,1218.6998291015625,1224.1878093155506,1144.32888437022,1178.0134217635446,3044730
2025-04-08,1243.679443359375,1269.8417731930829,1221.6803970104559,1243.3009420421424,2868814
2025-04-09,1204.2703857421875,1230.0068584901132,1196.3223200251443,1220.5922589726356,3724878
2025-04-11,1213.25927734375,1241.7397410812887,1205.6423567558827,1206.3993594176497,1803181
2025-04-15,1231.6627197265625,1243.4901642791428,1217.564498221797,1243.4901642791428,1511866
2025-04-16,1238.2860107421875,1243.8685873201332,1214.4419302258118,1222.4845920153869,1093342
2025-04-17,1236.4884033203125,1238.4753908947282,1207.2509374321182,1225.4178459730454,3027966
2025-04-21,1299.599609375,1314.265640642064,1232.892821998999,1233.839017564616,3759267
2025-04-22,1302.438232421875,1320.889046466355,1287.9613936629419,1300.0727434418136,2471135
2025-04-23,1362.14306640625,1371.4158288319647,1332.2433106595383,1342.5568650712291,5944062
2025-04-24,1367.4417724609375,1388.5419795781393,1357.1283332939192,1367.252579550536,2501415
2025-04-25,1383.337890625,1394.5976407421922,1301.0188779817886,1377.0930231111645,8211667
2025-04-28,1382.8648681640625,1400.3694867484178,1359.6830759847812,1390.2452400384232,2079431
2025-04-29,1414.8463134765625,1423.9297680500265,1384.5680545634218,1387.311929375512,2652788
2025-04-30,1422.1319580078125,1429.5123297393482,1409.8314154568468,1414.8462982362735,1858465
2025-05-02,1413.7108154296875,1437.2711088463436,1409.6422436725056,1424.0243705159626,1582577
2025-05-05,1414.183837890625,1425.4435879720963,1410.3044592581546,1418.3471213874361,846022
2025-05-06,1415.69775390625,1423.835128142756,1406.1412018288886,1416.3601601011965,1545773
2025-05-07,1414.7515869140625,1423.9297533538163,1400.9371545279973,1408.979816968793,1272555
2025-05-08,1421.942626953125,1436.7978499282508,1407.9388875161258,1420.1448324236972,2829448
2025-05-09,1413.332275390625,1420.5234541178331,1398.5716476128619,1400.3694422946637,923174
2025-05-12,1488.460205078125,1491.6772930669167,1435.7571588440483,1440.109635298349,1891418
2025-05-13,1487.8924560546875,1514.7644319386002,1480.890586102189,1514.1967377267506,3724272
2025-05-14,1516.940673828125,1522.8071555947397,1493.191188400203,1498.7737652981928,2354571
2025-05-15,1541.447265625,1548.3545398707045,1514.1021890323068,1519.590169844159,2972408
2025-05-16,1529.9981689453125,1547.8812875269682,1515.142945355022,1547.0296884511972,1159095
2025-05-19,1511.831298828125,1538.7031600966448,1507.3841104333474,1529.9982072212633,681874
2025-05-20,1491.2042236328125,1532.3637310744543,1488.6495417856663,1525.2672642741713,1869716
2025-05-21,1512.209716796875,1516.7515017429123,1484.9593536278182,1492.1504168737197,930031
2025-05-22,1481.3636474609375,1504.166935845215,1474.1725847819891,1504.166935845215,1789310
2025-05-23,1495.2728271484375,1517.6976147818548,1483.445383142968,1490.2579446891652,1159290
2025-05-26,1515.2376708984375,1518.0762577245857,1497.8276485975825,1497.8276485975825,711029
2025-05-27,1506.7218017578125,1517.981551789979,1493.5696606446897,1515.2375616221154,1394001
2025-05-28,1495.2728271484375,1515.8052237409795,1493.1911277020452,1514.6698353174077,820958
2025-05-29,1513.9129638671875,1518.5493454195093,1499.2469320297241,1506.4379955076147,1799251
2025-05-30,1489.2171630859375,1509.1818656056992,1483.6345863760102,1509.1818656056992,2780942
2025-06-02,1465.7515869140625,1484.5809025323188,1459.1282176867035,1480.796120116685,2120693
2025-06-03,1460.73681640625,1480.701520505753,1451.3694568470123,1472.1857600886992,2316285
2025-06-04,1472.942626953125,1482.3099863831628,1460.9259891757576,1461.6829918477895,1439090
2025-06-05,1478.7144775390625,1485.8109442878697,1463.7645413872867,1476.0650837518858,1529586
2025-06-06,1486.5677490234375,1488.8386413576338,1471.7125256538056,1480.606786586352,828051
2025-06-09,1494.1373291015625,1505.8701767016307,1486.5677649082775,1490.2579505529807,598108
2025-06-10,1524.2264404296875,1545.6104368410608,1494.0427791686777,1494.1373756235625,3324373
2025-06-11,1549.395263671875,1560.2765128518606,1518.2654059608292,1530.9444498449427,2660949
2025-06-12,1555.9239501953125,1568.792186282679,1525.1725955184806,1547.9758846552854,2316173
2025-06-13,1569.7384033203125,1579.2003587351426,1518.2653427631597,1518.6438440802299,2511076
2025-06-16,1602.7607421875,1614.20968579164,1562.3581209615027,1568.7922972113358,2160406
2025-06-17,1626.131591796875,1632.187266203847,1593.5824429239856,1601.3413154618625,2105126
2025-06-18,1618.6566162109375,1639.5676294284758,1616.4804358347217,1624.7122905883393,1299278
2025-06-19,1593.393310546875,1602.855266072688,1571.3469079707766,1593.393310546875,3056884
2025-06-20,1604.8421630859375,1616.5750103764444,1579.3894810570878,1589.6084386493571,3425550
2025-06-23,1591.311767578125,1600.9629162624392,1585.539882156591,1589.6085693385921,732380
2025-06-24,1586.864501953125,1616.5750647272546,1584.5936095782288,1607.3970142774301,1923989
2025-06-25,1613.263427734375,1621.7791877634713,1585.6345636187061,1598.8813014417449,1416375
2025-06-26,1599.259765625,1611.8442133744636,1580.4305654844127,1603.8015507306814,2528268
2025-06-27,1584.309814453125,1610.235595008847,1573.14466102692,1606.6400058031513,6183785
2025-06-30,1596.23193359375,1598.597422529129,1570.6846530916569,1590.1762588187019,1546996
2025-07-01,1581.281982421875,1606.072375532498,1579.4843032498368,1599.070505249272,1689051
2025-07-02,1586.864501953125,1607.586207182678,1577.7810479559244,1584.877514438485,1931642
2025-07-03,1581.9444580078125,1601.9091622095318,1580.1466632545294,1594.2450008954227,1713273
2025-07-04,1594.7586669921875,1603.141048345342,1580.5954992618404,1584.9311772543294,1310544
2025-07-07,1564.6016845703125,1587.7253004734755,1556.508395481647,1587.7253004734755,1550115
2025-07-08,1575.6817626953125,1583.7750518464948,1559.8806015168695,1563.7345375305,1318755
2025-07-09,1555.8341064453125,1576.6453386095523,1553.1363040333852,1575.1037876367939,1173847
2025-07-10,1541.6707763671875,1558.3390971690044,1532.0359360453967,1555.8340622078981,1631315
2025-07-11,1543.9830322265625,1548.318710008166,1520.1850256704317,1522.3046433185452,2559235
2025-07-14,1519.1251220703125,1539.647377590191,1506.985247621884,1539.647377590191,2068336
2025-07-15,1521.3411865234375,1536.660605147783,1496.2906033381244,1497.832154165432,2574760
2025-07-16,1549.1859130859375,1552.1726898977574,1519.7033268562477,1522.3046865539768,2207039
2025-07-17,1506.5999755859375,1545.3321053144339,1503.9022907891826,1525.580682110535,7617296
2025-07-18,1492.3404541015625,1516.5238799995807,1481.8384545358037,1515.5603959589203,3619191
2025-07-21,1487.4266357421875,1496.6760585543173,1475.3830858272286,1494.3636734480867,988104
2025-07-22,1490.702392578125,1496.097997049622,1484.9214885982003,1493.4001948138737,1404790
2025-07-23,1490.1243896484375,1496.1943861329573,1478.4662563111954,1494.3637429381977,2887100
2025-07-24,1443.8770751953125,1497.2541114423937,1440.8902983668595,1497.2541114423937,2207437
2025-07-25,1408.517333984375,1446.4786284777229,1402.543662400989,1435.6875367203788,1179664
2025-07-28,1397.6298828125,1412.4675601042302,1392.3307207520818,1408.6136240602896,1070496
2025-07-29,1400.713134765625,1405.8195295748342,1383.9484890623414,1397.629915291147,1458817
2025-07-30,1409.7696533203125,1412.563780267596,1395.7028113252813,1398.304288529767,1299448
2025-07-31,1410.25146484375,1419.5010052099503,1394.3539790569314,1397.0517812658718,1382994
2025-08-01,1386.2608642578125,1406.4940288126268,1380.0945429661672,1403.410809360406,1620011
2025-08-04,1421.138916015625,1423.065884037341,1367.280136286101,1382.5995555813029,1581473
2025-08-05,1431.1591796875,1433.4715648465176,1407.842795952197,1416.4178272099573,2929677
2025-08-06,1405.72314453125,1427.4015343543845,1400.2313328211728,1426.052633242831,1039973
2025-08-07,1427.88330078125,1437.5181408674932,1397.0518125052715,1401.8692325483933,1587489
2025-08-08,1426.341796875,1441.3721243820933,1419.982825731168,1419.982825731168,1371665
2025-08-11,1427.01611328125,1467.097023720638,1416.0323722787352,1426.3417215337379,888886
2025-08-12,1454.1865234375,1461.9907207184772,1426.9198777824922,1428.4614287396435,2532937
2025-08-13,1451.2958984375,1463.2430051421106,1444.5515108920265,1459.6781616274743,1815196
2025-08-14,1432.41162109375,1474.034200616561,1430.7737453327625,1454.7645205447393,1715172
2025-08-18,1417.4776611328125,1445.226048305395,1414.4908841555407,1445.226048305395,1249405
2025-08-19,1442.0465087890625,1444.8406360143808,1410.9260450122201,1418.2485001589598,1807647
2025-08-20,1468.4459228515625,1476.0574698806856,1433.0861075307384,1433.6641744010838,2329633
2025-08-21,1465.748291015625,1475.7684307630884,1453.993715369107,1472.2035869236404,1251760
2025-08-22,1450.04345703125,1473.7451405139857,1444.2625528836172,1473.7451405139857,969599
2025-08-25,1471.33642578125,1483.476300930178,1450.0434524276293,1460.6417766646418,1386218
2025-08-26,1447.3455810546875,1470.758288706131,1444.1661545029838,1465.4591268405013,1510822
2025-08-28,1440.9866943359375,1454.0900536449344,1428.4614019234205,1445.226047598118,1771867
2025-08-29,1427.30517578125,1449.7542817004319,1424.7036984962156,1444.0698203712448,2279980
2025-09-01,1450.5252685546875,1454.7646219886662,1430.77384510376,1430.77384510376,1241192
2025-09-02,1457.55859375,1464.3993063998407,1443.8770508375292,1447.1529198510948,1137022
2025-09-03,1453.12646484375,1460.7380116682052,1442.6245837452864,1457.5585851604021,1431929
2025-09-04,1445.6114501953125,1455.631707547115,1440.6977052054542,1451.1032620758372,1038934
2025-09-05,1423.93310546875,1452.3558850325992,1408.7100103860432,1444.26259546474,1875965
2025-09-08,1407.361083984375,1433.5679203246298,1405.723208168708,1428.268758127969,1308412
2025-09-09,1443.49169921875,1445.2260174848495,1412.1784688399116,1413.0456279729615,1749566
2025-09-10,1470.2764892578125,1479.9113286369593,1446.9602250053913,1448.1163586857747,1660976
2025-09-11,1465.65185546875,1475.5757879963119,1450.7178530437138,1470.2766258454926,896908
2025-09-12,1469.794921875,1474.1306001106195,1457.2696291943216,1473.1671160582596,770698
2025-09-15,1464.3031005859375,1472.1072978382697,1450.6215565610405,1472.1072978382697,825515
2025-09-16,1475.5758056640625,1477.9845157614573,1454.860898826467,1467.289866451584,1011289
2025-09-17,1490.702392578125,1492.8221279384397,1469.8911617729548,1482.1274790981374,1946337
2025-09-18,1494.0745849609375,1509.6830962576373,1485.4996714901642,1499.181097182834,2246114
2025-09-19,1497.0615234375,1500.5300424011118,1485.3069477777983,1494.3637211253597,2621234
2025-09-22,1450.4288330078125,1454.8608358726808,1400.2313402727773,1444.2625119027473,5723501
2025-09-23,1418.152099609375,1456.4986916059067,1414.5871383008068,1456.4986916059067,1380054
2025-09-24,1399.3642578125,1416.3215535707877,1386.4535480192949,1416.3215535707877,2122106
2025-09-25,1391.5599365234375,1406.8792374638133,1384.5264565397417,1398.9787160025783,1581629
2025-09-26,1356.29638671875,1388.8621931310754,1352.2498009430901,1387.320642245719,1851067
2025-09-29,1359.1868896484375,1372.964758480413,1341.0734602445852,1363.329918070024,2708118
2025-09-30,1349.166748046875,1374.6026326086728,1341.6515254909268,1356.5855281085996,2225340
2025-10-01,1364.2933349609375,1371.6157897898643,1342.5186202277634,1349.8410750566902,1683484
2025-10-03,1349.4556884765625,1371.8085882020143,1346.276261793349,1371.0377539445594,2568702
2025-10-06,1386.7425537109375,1389.343913438556,1346.083458769402,1353.5986809357535,3036770
2025-10-07,1386.357177734375,1393.0052409845466,1374.506277261774,1387.41698663216,1105550
2025-10-08,1404.952392578125,1419.0193537774708,1379.805482433035,1379.805482433035,1154614
2025-10-09,1413.0455322265625,1421.5242379997503,1398.9786901320892,1404.9522435544807,1354036
2025-10-10,1403.98876953125,1423.7401905714748,1397.1480569862174,1423.0657988493626,937053
2025-10-13,1397.9189453125,1408.131852089048,1386.6461120561887,1401.8692061509169,1229414
2025-10-14,1414.39453125,1425.7636896498523,1404.6633662401168,1406.6866591450955,1430713
2025-10-15,1405.72314453125,1424.9928243740362,1387.8023658000172,1416.3214684447826,2810322
2025-10-16,1410.3480224609375,1413.1420321613143,1395.0286022932678,1412.4676403604235,1619438
2025-10-17,1394.739501953125,1411.5041481223257,1387.5133715019867,1411.5041481223257,1433539
2025-10-20,1406.2276611328125,1416.5475023293845,1400.970347664594,1401.9439198311434,1800507
2025-10-21,1410.4139404296875,1418.7867560797604,1403.8910544964294,1411.679631775189,114229
2025-10-23,1424.7254638671875,1448.1885281852371,1422.2915335677164,1426.2831554899983,3244860
2025-10-24,1415.28173828125,1429.2038670855197,1411.6795689877408,1426.6726033513578,969361
2025-10-27,1424.141357421875,1436.6030093628735,1418.4945915376268,1419.370830222321,1036807
2025-10-28,1409.1483154296875,1430.7615690353264,1397.3681165032942,1430.1774495300326,1432913
2025-10-29,1413.8214111328125,1422.5835603739877,1404.4751423777432,1414.6003163808412,1311858
2025-10-30,1395.90771484375,1419.5654454032465,1394.6420235848213,1414.7949183774572,1797868
2025-10-31,1386.7562255859375,1399.5099972704722,1382.764603449531,1395.907827771723,1757591
2025-11-03,1382.2777099609375,1386.366665227983,1376.6309442643033,1381.59613818693,2136091
2025-11-04,1371.957763671875,1387.6323696474137,1368.45292786057,1382.3750565083308,1191278
2025-11-06,1376.2415771484375,1383.3487014311152,1372.7367411526438,1374.6838854663356,2502412
2025-11-07,1350.052490234375,1372.542102597253,1348.3974650712694,1363.0983811743135,1209479
2025-11-10,1360.859130859375,1367.187349518404,1347.0343357130994,1350.0523854585554,2883323
2025-11-11,1370.78955078125,1373.1261476480233,1355.407063682225,1367.8688344088469,2488036
2025-11-12,1417.618408203125,1421.6100303178562,1376.6310437527472,1377.6046159194748,2958869
2025-11-13,1413.0426025390625,1425.1149206283974,1404.1831199920741,1424.3360153926003,1178211
2025-11-14,1401.1649169921875,1407.5905879193785,1385.295763089012,1406.0327774859684,1220596
2025-11-17,1414.4056396484375,1417.4236894861006,1400.288843747002,1401.943868832227,999416
2025-11-18,1384.4195556640625,1412.7504806081683,1381.985625362262,1405.838142319906,1553597
2025-11-19,1396.005126953125,1405.3513958061924,1380.3306391373005,1389.774241436328,5777445
2025-11-20,1417.52099609375,1425.9910259365545,1392.889574104695,1407.103822025542,2818268
2025-11-21,1422.875732421875,1430.1775237274953,1401.9439306790969,1416.5475132903375,2615232
2025-11-24,1455.1982421875,1473.7935652911058,1423.1678135912925,1431.1510576677913,6808658
2025-11-25,1455.1982421875,1462.3053664061379,1444.2942816667812,1461.5264611499767,1675981
2025-11-26,1480.2191162109375,1482.4582608427004,1456.658598944703,1458.4110763471751,1592891
2025-11-27,1469.8992919921875,1491.5125463665852,1465.2260980951114,1482.7503969427605,1426194
2025-11-28,1477.2010498046875,1484.9896268943442,1463.9603736768674,1475.740691600377,1247146
2025-12-01,1489.07861328125,1491.5125436723602,1469.8018370459538,1475.2539361974466,1527101
2025-12-02,1496.0882568359375,1498.3275202909033,1479.829649670028,1482.8476995287936,1754978
2025-12-03,1500.9560546875,1509.8156558472547,1489.8574278550275,1497.2565520247592,2142830
2025-12-04,1521.0118408203125,1536.1995428244934,1500.3720396170722,1504.2663282768242,2422663
2025-12-05,1529.287109375,1541.1646415128885,1515.4623141837476,1525.6848212815905,2223397
2025-12-08,1549.732177734375,1553.5290139994452,1531.1368548120324,1539.2175510999748,2833786
2025-12-09,1520.3302001953125,1544.085383713603,1517.7989364498785,1537.3677123106895,1533609
2025-12-10,1509.815673828125,1531.331593663233,1507.2842912699052,1521.6932060174963,735586
2025-12-11,1526.7557373046875,1530.4553588650901,1500.2746234167328,1509.0367724178686,1248064
2025-12-12,1536.686279296875,1538.7307570083897,1517.5068369602272,1533.3761102740991,754479
2025-12-15,1533.765625,1546.71406359339,1526.269047961897,1529.4818836702639,784781
2025-12-16,1536.491455078125,1538.5360515826817,1523.3482316049824,1528.5082113210278,999338
2025-12-17,1537.659912109375,1544.280131571919,1528.8004291136967,1536.4915541965079,582251
2025-12-18,1563.1673583984375,1566.2828604616748,1532.9866229430402,1539.217508225263,1748780
2025-12-19,1569.885009765625,1581.0810889050388,1552.8474980317346,1568.4246516170058,1802793
2025-12-22,1603.18115234375,1606.1993209720954,1570.1771527595408,1573.1952025436342,1466208
2025-12-23,1589.84326171875,1602.9864852540857,1585.7543063787907,1602.9864852540857,1161166
2025-12-24,1588.3829345703125,1593.3481286784513,1572.6111135575766,1586.922576371198,955523
2025-12-26,1569.6904296875,1590.5247786845412,1565.5040218922495,1587.4093953329061,461192
2025-12-29,1569.7877197265625,1586.7278984877628,1567.5484562990678,1571.3454113593073,891096
2025-12-30,1562.19384765625,1573.4872608240378,1556.7418673867237,1572.2216883359683,1973547
2025-12-31,1548.85595703125,1572.1243551825082,1546.3246932103834,1572.1243551825082,729913
