Price,Close,High,Low,Open,Volume
Ticker,TRENT.NS,TRENT.NS,TRENT.NS,TRENT.NS,TRENT.NS
Date,,,,,
2020-01-01,526.402587890625,531.4712940604896,520.7872054000871,523.7688115378738,107849
2020-01-02,538.0308837890625,542.5530356366354,525.4584790904466,526.2535620472817,158640
2020-01-03,532.6144409179688,539.4721008731605,530.7260654842619,539.0745896551367,63423
2020-01-06,526.7008666992188,531.6205301760762,518.2032992360726,529.7321548905117,105970
2020-01-07,529.6824951171875,537.5340238122426,525.160403304201,528.7383074360047,153960
2020-01-08,528.6886596679688,531.2726949648112,518.2033531959627,523.3714237896476,163181
2020-01-09,544.0936279296875,554.429829736228,528.7383388515268,531.7199460255015,200543
2020-01-10,547.174560546875,555.572765648165,539.6708618013481,545.3856084962979,156788
2020-01-13,542.1058959960938,554.479578041394,537.6831665054019,547.6218571986626,79458
2020-01-14,557.7095336914062,561.5359045286855,538.8757067082117,543.7456277137543,152033
2020-01-15,580.3696899414062,582.9040432144993,551.5971764433882,557.7094937440274,568486
2020-01-16,587.87353515625,596.3214219674555,580.4195173816568,581.3140237789887,323010
2020-01-17,587.7740478515625,596.2716141800958,562.1819255868177,592.1470342885865,179399
2020-01-20,596.6195068359375,608.1981041404267,590.8053978569981,591.3520136365739,460984
2020-01-21,590.6563720703125,599.7006169411279,584.742839012655,595.5760360648663,217977
2020-01-22,582.60595703125,601.2906800817675,578.6304814604614,600.2471298766242,71955
2020-01-23,585.8858032226562,590.6066811960364,578.7299339518685,586.4324190663308,82621
2020-01-24,579.7236938476562,592.3458405005783,572.5678259241859,588.1715791568088,128325
2020-01-27,569.2384643554688,580.6679577471542,566.5053246313701,573.4624075654394,71115
2020-01-28,584.3453369140625,594.134923074209,564.5176366631568,569.5366633780592,283284
2020-01-29,578.6801147460938,596.3212861273615,574.4561723026916,587.7740386239113,134349
2020-01-30,578.431640625,591.3022536954929,575.3009296459021,582.6059017101514,88967
2020-01-31,587.1777954101562,591.352057358998,576.4440222995274,582.4072363233156,108209
2020-02-03,590.4078369140625,593.0912952080646,576.2948857086357,576.5433529458405,336150
2020-02-04,597.0667114257812,603.2783917360786,591.3519655403077,592.4949389817787,223685
2020-02-05,588.9667358398438,599.1042116120319,581.4133558234402,598.0606613106925,181054
2020-02-06,589.4636840820312,595.3275354906431,586.4820770595405,592.3459284681524,160852
2020-02-07,658.4878540039062,674.2407130980168,616.1987427430068,616.1987427430068,2595009
2020-02-10,691.4843139648438,697.3481649664016,638.2129631253549,660.9228441058154,1105421
2020-02-11,672.799560546875,710.2186880439688,665.7927969698924,696.2051608900034,967825
2020-02-12,700.9757690429688,720.5549997901456,669.3707480809146,671.7063158848209,1234720
2020-02-13,729.8973999023438,737.4507798520829,697.6960208304072,703.6592346836585,875161
2020-02-14,753.6508178710938,759.315883057508,708.2309944094172,732.0838493745746,1068329
2020-02-17,745.202880859375,777.9508728849645,731.5371836352699,748.3832734364463,848055
2020-02-18,722.9403076171875,759.9121844949796,711.4113912551356,746.3955908687918,538830
2020-02-19,770.3975219726562,774.2238930719843,727.3629489637757,727.3629489637757,656923
2020-02-20,771.2919921875,789.131952103387,760.3097523414244,771.1429482404719,1076588
2020-02-24,791.0699462890625,798.027028441331,762.3967927363619,771.1428873993962,543365
2020-02-25,759.4152221679688,799.7663369641607,755.3403838353404,787.1441894705126,464607
2020-02-26,733.4752197265625,757.3280724005971,730.4936131423082,750.3709903706704,580129
2020-02-27,729.5991821289062,744.1097053983012,723.5366057135426,728.605313165014,283297
2020-02-28,732.68017578125,755.3403748959392,675.8308617489982,710.5169111237291,741077
2020-03-02,727.3133544921875,773.2301164713939,718.7164236554974,745.898717752932,370025
2020-03-03,721.4992065429688,749.3772196235655,715.5856739110969,730.4440274668575,338626
2020-03-04,679.4585571289062,732.1832947494601,669.7683345070543,730.493705339614,752869
2020-03-05,680.6511840820312,702.3672588846315,675.8309435285977,690.6892977280712,323635
2020-03-06,689.5462646484375,695.5094783421298,645.0209478677239,655.9535063061599,416766
2020-03-09,656.3013916015625,675.8309423621434,617.4411366801199,670.8615971977159,588633
2020-03-11,655.4069213867188,693.7205590411118,641.1946068795277,660.3762663655233,349780
2020-03-12,593.4888305664062,631.1067437022331,563.5236593372696,616.1987103864323,936391
2020-03-13,596.7686767578125,646.0148755211164,527.2475253291573,527.2475253291573,876985
2020-03-16,568.4929809570312,584.394882522263,526.7504893482982,566.5052432613772,669046
2020-03-17,533.5585327148438,576.4440030696643,521.7812096751272,562.5298374783276,560362
2020-03-18,486.00189208984375,548.6653141013455,454.19808729050834,536.6892059887845,863336
2020-03-19,468.01287841796875,480.43624018490607,419.5120862120346,448.2348925510991,1001487
2020-03-20,502.15228271484375,521.1848972097798,445.5017530468653,468.01287850673054,565163
2020-03-23,401.7218933105469,476.8583713150511,401.7218933105469,439.29013231279896,585178
2020-03-24,401.92059326171875,422.39429949139634,362.762163092611,379.0119263273746,550672
2020-03-25,443.8618469238281,477.0570613786661,377.9683221226172,397.5475511488884,389470
2020-03-26,492.71051025390625,503.8915354487755,413.69793221016334,446.64468038495045,624724
2020-03-27,480.3368225097656,526.7505118150957,468.75825600483,510.7989282592988,557689
2020-03-30,450.5704650878906,477.05706480746056,445.65080197487515,477.05706480746056,333640
2020-03-31,481.3804016113281,491.9650991945716,454.1980814786247,471.98832849451594,774403
2020-04-01,462.84478759765625,486.25038951359164,453.2042465369398,472.5846912901642,377302
2020-04-03,447.489501953125,472.88284190289517,428.85445884014086,467.06873271602313,511693
2020-04-07,454.0490417480469,472.2368316361698,448.3839765275634,469.10615046925994,508313
2020-04-08,459.7637634277344,479.04481419868233,449.72568137946837,455.1919603796608,245875
2020-04-09,461.75152587890625,493.4559397052538,455.34105894087816,469.00675717037916,1338755
2020-04-13,451.0674133300781,465.03125945955935,430.3949216910305,464.1864648153567,683063
2020-04-15,451.6139831542969,461.1551298377229,445.2532288088359,452.75692622465425,1876608
2020-04-16,457.5275573730469,459.61468814370215,448.2348770271219,451.61402524460226,289907
2020-04-17,485.654052734375,498.9222091841517,462.6956740942686,467.11840302101854,1153738
2020-04-20,475.417236328125,504.2891182883612,470.64664698892307,487.39334549761276,398374
2020-04-21,470.5472412109375,476.9576773954994,454.74470149117496,467.1183813855992,273636
2020-04-22,470.6466064453125,475.06933519173396,457.1796949543883,465.8263665346274,340691
2020-04-23,495.8411865234375,501.5062513671121,472.087725957161,472.087725957161,1142421
2020-04-24,482.7718200683594,491.9651074294141,475.2681219761197,491.9651074294141,199181
2020-04-27,490.97125244140625,502.2019592415813,475.9141441866763,480.03869418866236,709739
2020-04-28,488.73504638671875,497.9283339903327,468.5098075926736,492.9589893397306,1299395
2020-04-29,484.06390380859375,494.40016608916216,480.0387463287111,486.00196056881936,209084
2020-04-30,501.9038391113281,506.7737910880956,489.1326165450737,490.97128023959624,935890
2020-05-04,474.6221618652344,491.91550793373113,468.11233159415195,487.04552523025967,269260
2020-05-05,472.8828430175781,484.3123361538168,471.64050680711745,479.04484275365286,327042
2020-05-06,467.61529541015625,483.9644501767697,448.7814685106515,476.7589009913847,751468
2020-05-07,462.5466003417969,472.33621550354627,461.1055085716849,467.51594506040334,214394
2020-05-08,456.9809875488281,471.093940515013,453.3036901776934,471.093940515013,243041
2020-05-11,447.7876281738281,463.68953083700933,446.2471434855214,459.8631597730592,209138
2020-05-12,445.9490051269531,455.1919741288208,440.97966043122364,451.614039881801,127876
2020-05-13,448.0361022949219,459.7140622428335,444.2594124865098,455.88769112002365,1007475
2020-05-14,447.3901062011719,454.1484333262969,442.4207614020242,448.0361149589663,305826
2020-05-15,438.6937561035156,449.62631474390014,437.30234561537964,447.29071660463234,346808
2020-05-18,411.95867919921875,437.15326311259975,403.3617188598291,436.30846844018583,381082
2020-05-19,400.92669677734375,422.1954845656114,398.59109886275655,418.91572942119257,179668
2020-05-20,420.8537902832031,424.2826197283753,400.9267009975952,401.52302839298596,489102
2020-05-21,449.0299377441406,456.6827400800644,417.7230687288587,424.38200220715447,482949
2020-05-22,439.7373046875,461.9502502244815,432.9789780037924,450.5207579329546,272172
2020-05-26,456.73248291015625,460.16134306301,434.3704306014787,449.22878415654543,632168
2020-05-27,464.68341064453125,467.0190087190213,456.78217077186025,457.08031932159383,261854
2020-05-28,459.9128723144531,471.9386930861231,454.7944531132991,467.06874113095205,131363
2020-05-29,465.9754638671875,468.11227604631483,453.3036347385452,457.17971758238815,115731
2020-06-01,504.83575439453125,510.8486495183456,477.05710460857176,478.0509735765063,947807
2020-06-02,534.20458984375,541.6586073764535,508.86093023255813,509.70569462188456,763829
2020-06-03,572.369140625,583.0532316145411,544.739535862826,550.6033868098359,1426590
2020-06-04,552.6904907226562,581.3139645915074,545.0874297632611,570.2819830117786,953605
2020-06-05,575.7482299804688,580.0218540317508,547.7211154357532,557.0138258591671,343631
2020-06-08,560.8900146484375,586.3827818881261,557.2624287502802,581.4134362789048,471321
2020-06-09,552.5414428710938,570.033511746395,547.9696094039285,560.8899054730099,213121
2020-06-10,538.677001953125,558.5047007808221,536.7886265748871,546.6279540114737,209117
2020-06-11,524.7628173828125,541.4598039855306,520.0419397643118,538.6769829952356,224162
2020-06-12,513.1842041015625,520.7873257746743,488.0890436385041,497.5307985905259,692342
2020-06-15,508.0658264160156,534.6021398811044,502.8976956721753,515.8179922013023,230407
2020-06-16,518.2530517578125,526.7506203884924,508.1155748558806,523.6696504581495,359495
2020-06-17,521.184814453125,528.5890883631748,506.8730797030181,509.4571142763452,156771
2020-06-18,524.1167602539062,533.7076197711555,517.8057167612142,517.8057167612142,152299
2020-06-19,566.406005859375,571.4747138394828,525.4585881442508,529.284959789925,682705
2020-06-22,582.7550048828125,593.6378814631324,554.5788458499735,569.4868793405642,490506
2020-06-23,653.3197631835938,683.4837237439211,574.5556448976702,591.1532693374301,2031589
2020-06-24,661.1713256835938,673.8431549244292,626.1374448412838,663.9044653237739,1708609
2020-06-25,681.8934936523438,693.2236244671544,629.2184368827965,653.5185459586737,1476229
2020-06-26,683.185546875,702.6653542125533,675.8308923119324,675.8308923119324,1419224
2020-06-29,647.60498046875,689.8941526184319,637.417823779808,675.8308827785872,640433
2020-06-30,611.527587890625,657.9412826509079,602.8809153973128,648.0025925806524,470205
2020-07-01,610.5834350585938,631.6037900215688,606.2601288956049,611.2294742144213,365909
2020-07-02,606.707275390625,626.1374000373739,603.1293109938457,612.2729169043579,163804
2020-07-03,615.7017211914062,620.869851080164,609.8378710109226,610.2354427950338,165455
2020-07-06,626.137451171875,630.1129270523313,617.3417350507444,620.1742373511904,498167
2020-07-07,626.0877685546875,630.1626070593095,618.186498126508,630.1626070593095,331418
2020-07-08,623.9012451171875,640.1012971752173,618.7827956638741,626.0877689805723,306679
2020-07-09,617.8883666992188,629.1190742173545,614.7079737810959,622.7582883811089,184662
2020-07-10,625.044189453125,631.1067656143335,614.2109939364695,624.1496831587425,324407
2020-07-13,609.6888427734375,623.6030063221823,604.8188612670012,621.2176968780219,693431
2020-07-14,625.8889770507812,628.1251822089619,603.278458229177,611.179728586938,1047616
2020-07-15,617.0932006835938,630.5104303206681,609.2416124093738,628.4232693138918,416285
2020-07-16,606.806640625,615.9005652623661,598.5078596309668,608.8938016973339,305408
2020-07-17,618.6337280273438,626.0380636930197,607.2539166389903,609.1422918716403,220410
2020-07-20,609.9374389648438,622.9074177405337,607.2539804379196,618.6337930218516,264058
2020-07-21,606.508544921875,618.1368241177041,600.8434796048354,616.1987674749079,131917
2020-07-22,599.6506958007812,608.2476848924756,592.8427190169308,606.5084145516882,168754
2020-07-23,585.9851684570312,608.2478594733792,580.4195260334207,598.9552081069171,250171
2020-07-24,574.5592651367188,588.7876663906899,572.1215178278778,585.7529470072642,114137
2020-07-27,547.4457397460938,579.8825215606909,537.8937604058121,576.9970752466611,478235
2020-07-28,546.7492065429688,552.3211486872295,542.3214710683538,548.4904460542521,207540
2020-07-29,551.6744995117188,566.052176627317,539.2868106272173,547.2467635516042,223641
2020-07-30,547.6943969726562,571.524512700375,544.012907446666,554.1121196865356,242203
2020-07-31,555.30615234375,574.7583345114356,547.3959982679686,551.4754495615114,597377
2020-08-03,550.729248046875,561.8731943899538,547.7940032329501,558.6892010448424,118226
2020-08-04,557.6941528320312,561.972615007567,547.2964530909346,553.2166797049231,179406
2020-08-05,545.8536376953125,565.4550299745682,541.4259633554802,562.0720870999817,181575
2020-08-06,555.30615234375,558.1916593667261,545.9532447564806,545.9532447564806,160486
2020-08-07,575.7532348632812,594.8073312907085,555.3060619777843,555.3060619777843,648775
2020-08-10,579.4347534179688,593.5139433397525,574.1115596094504,580.5292832969352,239496
2020-08-11,552.7688598632812,580.2804660308418,551.2266314338917,579.5839581412309,415198
2020-08-12,551.8236083984375,566.7983156045357,549.2366484764432,552.7688647763389,412643
2020-08-13,572.2210083007812,586.5489457717844,552.3211288852839,552.3211288852839,696163
2020-08-14,563.2163696289062,585.0565011635011,552.5201835957299,567.1466082707409,349724
2020-08-17,557.2960815429688,567.1465458415344,554.8583949734788,563.1665700812429,145048
2020-08-18,586.4991455078125,591.9218742146334,558.1915579201307,558.1915579201307,742841
2020-08-19,613.3640747070312,625.3537404812337,579.2855295813633,592.1707142638528,895461
2020-08-20,610.1800537109375,621.4732110083613,599.6331418929807,601.9713534367993,623528
2020-08-21,603.01611328125,616.6972810473148,600.9763876875052,614.9063039584076,269591
2020-08-24,619.6324462890625,662.6659321212616,602.9662985968235,608.339289905866,1638842
2020-08-25,643.4625854492188,662.1684591516066,621.2742329984753,623.2144225745856,1326031
2020-08-26,646.6466064453125,680.5758765855851,643.5620886955343,648.288310060712,1608981
2020-08-27,645.5520629882812,669.4319178021235,643.8108235747719,649.7310497266259,1026226
2020-08-28,647.19384765625,657.6910220191043,642.7661122909855,649.7310701641076,599634
2020-08-31,636.0001831054688,655.9995384073131,607.3941053284241,652.0692999233266,636917
2020-09-01,635.3533935546875,638.4379113293465,621.8712372764566,624.4581973316814,396263
2020-09-02,648.4873657226562,654.7060784741201,631.0749700185572,635.0052086234058,361767
2020-09-03,648.5370483398438,657.541731495235,641.7711015853316,654.7060230126328,434219
2020-09-04,646.6964111328125,655.2035983273579,631.8212375670041,631.8212375670041,441470
2020-09-07,643.9104614257812,655.5021063487602,639.3334520902013,646.7461703423571,476964
2020-09-08,632.020263671875,654.5568435707886,626.9457573304782,639.5821945305263,327992
2020-09-09,648.1390991210938,654.5070241185537,623.8612218574439,626.8462037802067,901726
2020-09-10,676.3969116210938,685.053371599869,648.9848389629841,652.6165913686128,1118620
2020-09-11,691.8193359375,701.4707901608131,664.0092406922935,676.546201890384,1101946
2020-09-14,691.9187622070312,745.2504094024681,687.0930054947655,695.401240755641,1791778
2020-09-15,744.1062622070312,751.8174659515875,696.5455596445954,696.59529720025,2001624
2020-09-16,751.6184692382812,765.1503629385882,731.6190540032893,754.8521996408175,983695
2020-09-17,709.92822265625,745.5489958937801,706.4457436383146,738.4845627492429,575002
2020-09-18,678.5859985351562,723.1119859756963,667.6410630749118,714.4057873141381,4548300
2020-09-21,645.9998168945312,690.5257958025486,638.3880889457856,683.7598491423363,1529079
2020-09-22,631.1246948242188,644.7063874908756,610.8765908063655,638.9354343200293,320614
2020-09-23,622.9656982421875,646.7460783375196,598.9863679372105,636.7961386707885,361354
2020-09-24,621.9706420898438,628.7863865178723,602.5682616796008,607.0457340819646,227266
2020-09-25,629.8311767578125,639.9801272969887,620.1299856466139,628.8361827976895,224220
2020-09-28,662.3675537109375,671.3225001944663,634.8559438335825,637.7911884379961,322362
2020-09-29,659.3328247070312,681.5709172027487,646.7461258128272,676.5959470041885,493294
2020-09-30,668.5364990234375,680.5261646874798,661.7207536231572,680.5261646874798,854301
2020-10-01,669.9791870117188,679.5809034236794,658.3378057710222,676.5959214174261,307303
2020-10-05,666.0488891601562,672.5660865524601,636.796046483002,666.6458611618928,277727
2020-10-06,675.252685546875,680.5261414693996,666.048991276472,666.048991276472,680272
2020-10-07,672.0189208984375,678.6355940585897,662.9147021974283,676.5958686592888,1716812
2020-10-08,686.8442993164062,695.4012835718979,669.7303915350329,670.6259103659413,1441647
2020-10-09,676.0984497070312,686.3468761659385,671.6209765301635,686.3468761659385,761422
2020-10-12,698.4360961914062,709.1820199493094,673.4617087178897,676.0984672824352,832527
2020-10-13,689.4810180664062,701.1224585538669,679.5808168607997,701.1224585538669,823729
2020-10-14,666.7454223632812,687.29207174605,623.6621964250863,686.4463511794303,593606
2020-10-15,650.6266479492188,671.1732390975077,634.8559554708154,641.7214388592157,400907
2020-10-16,659.5317993164062,671.621001637733,651.8205952235286,651.8205952235286,128640
2020-10-19,643.2635498046875,665.1534153819546,639.0845633212878,665.1534153819546,139154
2020-10-20,637.1942138671875,661.6213056470519,633.9604832049141,639.2836770801941,233194
2020-10-21,631.6220703125,658.9346630562211,628.3386028237126,642.5670024281941,175206
2020-10-22,638.2886962890625,657.0941085152252,623.8612822653814,634.0102339314118,345227
2020-10-23,632.9655151367188,645.7511649112964,628.9855387736292,640.7761944574343,221760
2020-10-26,632.368408203125,643.5123528609024,624.8562158432883,632.9654410254562,130781
2020-10-27,678.8346557617188,707.1422471768551,628.8362073160956,628.8362073160956,2609870
2020-10-28,679.182861328125,700.4757566312027,669.2827198855645,697.4907747137402,1368760
2020-10-29,668.2876586914062,682.4663213731509,661.8201985207859,682.4663213731509,355207
2020-10-30,656.2481689453125,672.4168186954945,651.2234622457921,668.6358542844497,248939
2020-11-02,671.3224487304688,678.5858926199207,637.7414019915798,659.5317336599355,334551
2020-11-03,651.4723510742188,680.3769159404466,648.7361174500047,673.5114934665527,372368
2020-11-04,665.1535034179688,679.0834197199158,654.7558037466638,654.7558037466638,368310
2020-11-05,676.2477416992188,684.5559178640058,659.7805413122547,674.1582177214559,362789
2020-11-06,670.8248901367188,676.595842530024,624.8561604541986,672.0188949459285,1129398
2020-11-09,677.8397216796875,688.5359081135321,668.6857639345664,673.5612592520736,1008651
2020-11-10,694.655029296875,702.8637291340038,671.9193817950616,684.5558167205636,1375356
2020-11-11,699.4310913085938,775.9958968844447,688.5358941326804,721.3706983326492,5826723
2020-11-12,722.3159790039062,726.1466819968618,686.5459289648154,689.481173705589,2162056
2020-11-13,747.6882934570312,754.6532518297477,716.8932153631687,718.5847173996091,2193815
2020-11-14,750.0264282226562,755.2004089145013,747.290194857024,747.290194857024,85004
2020-11-17,740.0266723632812,775.8961883366159,734.3054577534139,751.2203531217175,2020786
2020-11-18,759.4291381835938,762.1653715671573,737.2905226256704,740.3252420506095,1428310
2020-11-19,742.414794921875,770.0756158839262,737.4895624923381,758.1854254775614,1264663
2020-11-20,755.9466552734375,771.1203130462837,722.4153469344059,746.0464533019532,1572077
2020-11-23,782.76171875,804.9003331798217,752.1159185616067,758.1853571022089,2661607
2020-11-24,769.777099609375,795.9951661009815,751.5686616011258,782.7120210585159,2093324
2020-11-25,727.6887817382812,775.8465119327136,721.3705946152194,770.1252968719722,854113
2020-11-26,703.3612670898438,737.2905374357291,697.8390019302178,731.0718250754413,1218199
2020-11-27,716.694091796875,735.3004898149752,691.8192443741763,709.3809109464447,22823095
2020-12-01,711.918212890625,741.3700112424723,701.8189994152153,729.231132925723,1754561
2020-12-02,687.78955078125,713.9081413172469,681.5708387488698,710.4256625791139,1483703
2020-12-03,674.4068603515625,696.5454748588936,671.6208895482471,695.7992294260622,1172454
2020-12-04,673.61083984375,687.9387756477784,665.1036545293106,676.5958214087888,818535
2020-12-07,689.8790893554688,694.5058359065783,668.6359910160754,677.4914622127479,805601
2020-12-08,684.9041137695312,704.4060331244258,679.9291436376116,697.4908124951343,782705
2020-12-09,679.7798461914062,694.5057437993974,676.5958535581522,680.5758291673177,1295116
2020-12-10,673.5612182617188,690.3765808687191,670.6259737381582,683.4116226844949,874525
2020-12-11,685.8989868164062,689.4810011173589,672.6158431989205,672.6158431989205,555016
2020-12-14,696.2968139648438,700.8738229663597,689.5308666687076,691.5208547399016,683921
2020-12-15,705.8985595703125,714.4057467766736,698.4858415560235,700.3763545928233,951521
2020-12-16,712.6146850585938,720.375625787174,702.4657345383217,712.9131711001522,1410592
2020-12-17,697.6898193359375,717.3906887963497,694.7048372743716,717.3906887963497,1015681
2020-12-18,694.9535522460938,705.7492125559909,692.0183078812644,698.4857687025846,641194
2020-12-21,681.9191284179688,696.545552681546,631.1246957607459,694.5058270831704,1041283
2020-12-22,688.7347412109375,691.3217008768669,658.6859154016773,666.6458660409726,457974
2020-12-23,677.2924194335938,690.5258273213511,674.6059235214352,688.7348502897833,512649
2020-12-24,681.3221435546875,688.1876264672377,671.6209520254313,679.5809040494364,1132681
2020-12-28,681.1728515625,691.5208132029942,678.5858915171829,680.5758794688461,818791
2020-12-29,668.6857299804688,686.5458850788044,665.6510103155365,684.5061594502182,577636
2020-12-30,674.1581420898438,686.7945774647443,646.7460707744785,671.2228977765603,662060
2020-12-31,684.1578369140625,686.5458467598551,671.7204121539202,677.6903760387885,790143
2021-01-01,671.2727661132812,688.4861511859315,668.6360075654098,687.4414195700341,328829
2021-01-04,675.1034545898438,679.879413824954,670.6259814201248,675.6009516087014,565557
2021-01-05,671.6209716796875,676.4964667289125,668.6359895833334,676.4964667289125,450769
2021-01-06,673.2626953125,680.8743627590272,668.63594905177,675.5014317490572,227409
2021-01-07,672.068603515625,681.4215092036676,669.1333595323503,672.4665646151306,302941
2021-01-08,691.9187622070312,697.4907035929642,671.5213878508889,674.6058445592436,897082
2021-01-11,690.277099609375,701.6200557002077,684.8046325133728,699.381319160934,487073
2021-01-12,681.1728515625,693.5108011546575,679.5808854930145,691.5208132029942,333187
2021-01-13,669.879638671875,689.5307680647744,663.660926838679,684.4563235007296,692189
2021-01-14,651.3231201171875,673.6110124731398,645.7511773930099,673.4617390647907,543503
2021-01-15,640.2786865234375,655.7010946681357,636.2987102280315,650.6266491833405,705409
2021-01-18,656.7457275390625,696.4957469577897,626.8461722620108,642.6665999490386,488034
2021-01-19,674.3572387695312,686.7946647888881,652.7658550540039,665.6510405559814,437784
2021-01-20,676.5460815429688,691.5207268636638,653.7109605027728,673.6108375348206,628236
2021-01-21,663.262939453125,681.5708523331894,657.2432382317248,681.5708523331894,874465
2021-01-22,657.1934814453125,676.5958628051666,636.8458437194412,659.6809662350373,1258060
2021-01-25,667.3922729492188,673.6109858913471,649.5321172335024,662.6660511132012,410716
2021-01-27,655.900146484375,669.3823048789329,650.1291926424916,659.6811120546006,390506
2021-01-28,655.9497680664062,673.7601842405243,643.7610920575879,646.7460739372985,472720
2021-01-29,618.4385375976562,659.2332935134905,582.0715173356836,653.8105638129014,946190
2021-02-01,637.9403686523438,646.7460404497,621.9706678390911,625.8511683736328,580728
2021-02-02,662.417236328125,678.5858883601671,637.9404089283862,638.6866544067882,732091
2021-02-03,677.1431274414062,686.5458325108467,660.7257270987556,670.0786946161104,642063
2021-02-04,666.2977294921875,676.546155132517,658.6860014076412,676.546155132517,426826
2021-02-05,685.0036010742188,688.6352925754281,664.6559625304699,675.7999069822923,1424089
2021-02-08,688.436279296875,692.4162547557854,678.5858157442292,692.4162547557854,521522
2021-02-09,674.9043579101562,691.2222823478345,667.6906520530038,691.0232714196464,452702
2021-02-10,687.3916015625,695.5008272015461,666.6460003219398,673.5612209786652,336479
2021-02-11,690.078125,695.5008548266176,673.8099962497655,685.5509141280966,438577
2021-02-12,682.2177124023438,691.4711451618784,678.0884626956948,685.550918264613,168139
2021-02-15,698.1873779296875,709.3810616478966,677.5412501827684,682.4664831647046,718300
2021-02-16,746.4942016601562,754.2054046763058,706.4456956730569,707.1422035752763,2095315
2021-02-17,764.5534057617188,774.1053237682996,726.5943607735229,745.4495090189434,1348015
2021-02-18,775.100341796875,782.9110205642143,761.5186491282286,766.1453956143694,460573
2021-02-19,790.0252685546875,800.970203005697,761.7176759422895,768.1353996526684,630929
2021-02-22,812.2632446289062,840.6703690105805,788.0351674958456,795.7463702080839,1665511
2021-02-23,781.51806640625,828.7802824319239,776.5928338534409,820.7705927040223,417058
2021-02-24,781.0205688476562,795.5474572608808,759.1804379430822,780.1747874921259,301313
2021-02-25,815.1487426757812,820.8699575313025,784.801429094321,790.8211299702957,729553
2021-02-26,804.6019287109375,818.8800684312279,782.0652901420962,796.0946813604329,1056061
2021-03-01,826.2430419921875,835.6954849933354,802.6119344893176,815.8950800990851,442822
2021-03-02,901.3651123046875,916.9367323713898,826.292800908771,833.8049936579764,3800314
2021-03-03,906.3401489257812,918.3795532299048,886.5397420670046,918.3795532299048,1535060
2021-03-04,922.4091186523438,939.9707859608422,890.5693126164832,895.4945447585775,1173560
2021-03-05,876.98779296875,931.115433653765,872.6595323492857,920.369509900312,751162
2021-03-08,880.1716918945312,904.8973299005029,875.694218773529,881.5647078240229,462683
2021-03-09,901.2158203125,939.7718380183894,883.6541518268749,885.5446647288159,1947228
2021-03-10,907.6334228515625,929.324277131187,891.0170130310257,910.4193935492892,606764
2021-03-12,872.1620483398438,920.2700485269586,868.3810829832339,911.5140520426589,664299
2021-03-15,841.6156616210938,883.6541586711874,836.889440059249,875.5947314575717,1045124
2021-03-16,844.9985961914062,861.5154711598241,834.0039253960094,834.6506350136151,779547
2021-03-17,818.4323120117188,855.6948498882401,815.895089428322,849.2771263681553,477076
2021-03-18,819.0293579101562,842.4614551084732,814.4026113911033,830.7205377315923,400106
2021-03-19,795.19921875,823.1585259215859,772.1153457517065,814.9000878487727,1242150
2021-03-22,795.9952392578125,812.7608646928333,786.542795791626,796.1445126570203,655786
2021-03-23,809.72607421875,832.7104711812456,797.0399012018545,802.9601274223281,798486
2021-03-24,781.1201171875,841.7650205924169,774.5531803257907,812.8107161617603,1406039
2021-03-25,754.1556396484375,801.0695656577253,742.0664394556039,785.1496632366682,1361204
2021-03-26,756.2452392578125,775.2496626461943,751.4692798140542,768.1354306738826,703225
2021-03-30,756.8421630859375,773.259563059779,746.2951909074003,766.0955945616352,628410
2021-03-31,747.2901611328125,768.981016142841,743.3101855078675,762.0658570781859,624642
2021-04-01,747.0911865234375,760.3743922551832,735.350270005019,756.1954054999193,810538
2021-04-05,725.79833984375,745.0017106912725,717.7886507929246,743.2604713006751,738836
2021-04-06,700.1275024414062,732.3652693036415,696.4957503086671,727.8380590725571,1267810
2021-04-07,718.4354248046875,729.3306215425491,691.0233515160987,696.5455562181444,1618249
2021-04-08,726.0968627929688,732.6140612688946,716.9429059568162,722.2661602307505,613211
2021-04-09,725.549560546875,732.3155068885103,719.6293347243411,731.3205129932813,344873
2021-04-12,707.1919555664062,716.1966387393386,685.5508369824184,705.5004536920802,921660
2021-04-13,725.599365234375,729.131581743347,708.1372329032826,708.1372329032826,437329
2021-04-15,736.39501953125,742.2655082989177,711.2216840096623,723.3606226988112,871200
2021-04-16,739.92724609375,752.0163856727845,727.3405488296829,736.3949691265536,692021
2021-04-19,725.00244140625,735.8478401521027,688.7348960086694,716.3957185512526,715142
2021-04-20,732.8131103515625,743.8575199020815,724.1566500589201,725.0024314305649,475888
2021-04-22,743.6585693359375,746.2455295465188,721.3706785616348,728.1366258835999,422465
2021-04-23,766.4439086914062,784.0055780602089,738.2855890708798,743.2605593476377,3507205
2021-04-26,776.5928955078125,783.0603571616252,758.0362312400249,776.9909174398953,824311
2021-04-27,780.2742309570312,790.5226560130408,772.5630282080053,782.0652078366899,853518
2021-04-28,768.0856323242188,788.0352499270813,758.9316753559106,786.0452619222149,593276
2021-04-29,771.966064453125,785.0502597406479,764.7523580106412,775.1003198199807,589571
2021-04-30,772.8118286132812,786.7417441927109,757.1406735864228,772.7122927785178,1841225
2021-05-03,779.1300659179688,783.0603044968815,732.4150838913231,754.2054775205033,841965
2021-05-04,772.9112548828125,794.0051378590756,769.1302901817862,794.0051378590756,651087
2021-05-05,792.0650024414062,805.9451816038403,771.7173619451142,783.7070888477294,1229552
2021-05-06,774.254638671875,795.9952342145122,759.9764377203821,793.0102520862077,665468
2021-05-07,748.9816284179688,781.9159009054487,739.6784601150479,781.9159009054487,513294
2021-05-10,744.0067138671875,762.1653531558217,742.2654744833459,751.0214089533132,434021
2021-05-11,759.3794555664062,771.1203729702231,738.2855699921363,738.2855699921363,823028
2021-05-12,766.244873046875,772.115362076156,751.2702251422232,754.8024417789939,414426
2021-05-14,768.7323608398438,779.0803230107603,754.5039584020454,766.1454006619225,541416
2021-05-17,791.16943359375,809.8753069975684,756.7923453428543,768.7820705687951,1956412
2021-05-18,824.1534423828125,828.7304508003341,795.2488814826643,795.9951269141463,2275063
2021-05-19,815.347900390625,850.719927328354,807.9849200026024,830.8200459873398,1855576
2021-05-20,807.5370483398438,825.2977264070769,799.3781467071938,822.2630070700927,556669
2021-05-21,822.710693359375,828.1334223356762,798.9801128063476,806.9400641169962,806206
2021-05-24,805.6963500976562,834.79992310211,801.9651227893929,827.3374684855834,684641
2021-05-25,820.5218505859375,826.7405632693038,806.741146841828,815.2981319319098,720336
2021-05-26,821.864990234375,832.6606501362876,819.8750023645581,830.5214496140005,499153
2021-05-27,823.95458984375,830.0738278500456,814.4026707764607,816.890156026236,940317
2021-05-28,822.4620361328125,843.1081621354881,818.531858320815,824.2530739601107,905813
2021-05-31,847.3865966796875,852.5107789324607,820.4719625466649,827.8349418501567,1296401
2021-06-01,835.993896484375,858.4807345896381,829.1781517536814,852.7097820495768,697195
2021-06-02,848.879150390625,850.7198649879346,828.8299971169,832.3124760963829,826415
2021-06-03,850.4711303710938,859.5753498579038,842.9589377386584,848.879164246334,404997
2021-06-04,847.8344116210938,858.9286196477481,843.2574632510472,848.4811820499475,781342
2021-06-07,853.2072143554688,869.6246126491891,840.7697914056805,846.8392295133355,463126
2021-06-08,861.5155639648438,864.9980430996804,843.7549446690228,853.2073880350083,370448
2021-06-09,840.6206665039062,868.5800346708113,836.789963850657,864.6000586239592,465156
2021-06-10,872.5101928710938,880.4203459525962,834.2029269453313,849.7248078078225,1034717
2021-06-11,869.2764892578125,887.9823633836927,863.5054757604823,880.5696463055934,590610
2021-06-14,863.2069702148438,873.1569094962773,846.2423358859216,866.6397114128604,226622
2021-06-15,852.3616333007812,867.5352917813583,849.1776403589341,859.6748148995744,306451
2021-06-16,846.9388427734375,865.4457055230313,843.9041234421345,852.7097954038778,246452
2021-06-17,851.3167724609375,890.5195571455577,824.800220968056,837.7848794598431,1820950
2021-06-18,844.9489135742188,860.5703314578055,835.9939676099527,859.5753374617759,1005831
2021-06-21,848.9786376953125,858.331605666427,826.8897585621808,838.779949108876,649897
2021-06-22,848.7298583984375,860.0728139748571,844.749882509113,856.6898101770863,427455
2021-06-23,853.2072143554688,863.4059011742951,844.7497667496127,855.6946989454264,437812
2021-06-24,852.7097778320312,860.0727570316425,845.7448204868455,855.6947595513966,337562
2021-06-25,859.1773071289062,863.4060315704787,848.9786187698196,855.694828177023,302991
2021-06-28,876.9379272460938,881.4651984762901,850.9686084447977,858.6798118536807,414235
2021-06-29,858.3316650390625,876.589782064912,851.8144052493228,874.5997939103946,324166
2021-06-30,845.5955810546875,861.4160090942637,842.0136271394983,850.8192992732783,351060
2021-07-01,853.6054077148438,857.6848589703037,843.7549424673058,847.137946481309,138698
2021-07-02,895.2955322265625,905.2454715950054,853.2073008439714,862.3115196579408,1945993
2021-07-05,897.4348754882812,916.3894995712753,891.5146488771582,904.9470682519815,1316486
2021-07-06,897.3353271484375,913.0064828674423,886.9376882868216,900.4695825840845,730080
2021-07-07,904.3500366210938,907.6335045507424,888.8778319237285,903.0067583342293,283658
2021-07-08,916.6879272460938,943.2045406889179,901.4645317368572,910.1209913729681,2179864
2021-07-09,901.1593017578125,920.2714964198394,895.8835551950843,917.0861205168362,507064
2021-07-12,895.1370239257812,920.6697306454116,890.90646251162,905.8378557380717,576161
2021-07-13,922.5609741210938,932.4157176337796,896.7794724386812,903.7474557186833,842102
2021-07-14,913.75146484375,931.7686542171909,910.1181350210877,926.7417642102135,684507
2021-07-15,898.6707153320312,923.7057072864027,894.8881081163305,917.0860990919335,439404
2021-07-16,875.8755493164062,906.8332802452117,873.9842152088868,906.8332802452117,569938
2021-07-19,866.0208129882812,874.9796489847117,856.0665507700251,873.8847044431016,759172
2021-07-20,857.4600830078125,865.9212050173272,834.1670875262821,865.9212050173272,754030
2021-07-22,916.2897338867188,920.7691513799183,861.093343958206,863.0344370231235,1813383
2021-07-23,887.0740966796875,918.7286381968921,883.789141562133,918.7286381968921,614666
2021-07-26,886.9744873046875,892.8972852386844,866.6180097319382,892.399572147693,613423
2021-07-27,912.8057861328125,921.7148623907595,881.0019082597568,887.9201322033465,947007
2021-07-28,922.0632934570312,927.4386193358994,894.3406975918924,912.8058417820869,740399
2021-07-29,910.71533203125,928.8818577346619,906.3354330387181,922.2622500937642,358868
2021-07-30,918.6787719726562,938.6370531260299,907.8286031804944,915.4933963015271,720404
2021-08-02,952.224609375,964.5679176598333,918.6787974791347,919.0769314765876,1342173
2021-08-03,934.456298828125,961.4821431179339,929.7777837693453,961.4821431179339,572016
2021-08-04,924.6513061523438,948.3424346061942,916.5385593318342,942.6187346701007,335436
2021-08-05,911.3126831054688,935.6011066080556,893.89272466271,926.3435943736804,1041009
2021-08-06,915.14501953125,932.6645564704838,908.0775180695535,916.9865943881649,636462
2021-08-09,924.6513061523438,934.1576130254409,912.457336723275,922.1129210541569,670460
2021-08-10,941.4740600585938,959.6903468304649,916.488887477436,928.0855659120245,2198799
2021-08-11,896.38134765625,925.7464223434897,848.1031740179067,916.7875859982302,2959134
2021-08-12,892.5986328125,909.2222615188934,876.0745224178135,901.358370702363,592714
2021-08-13,878.8119506835938,899.8652380215608,872.6403571692117,896.381246502672,738531
2021-08-16,870.69921875,885.0831379954615,861.9892404057225,880.9023362390109,436930
2021-08-17,883.3411865234375,904.7428486687523,863.0344688366496,866.0207472755308,973907
2021-08-18,896.6301879882812,899.7658049547521,874.6312923300459,890.5581122110478,477749
2021-08-20,893.0963134765625,910.8148859927652,867.7627069554022,877.7169680045034,879721
2021-08-23,880.1558227539062,897.6255397093327,862.188392718519,895.3858308495089,710233
2021-08-24,896.6301879882812,898.8698970340472,872.1924858845682,884.6353139166009,512709
2021-08-25,912.5569458007812,918.3304054637574,886.2776704821415,898.5712201952292,761172
2021-08-26,937.0443725585938,959.7401371547072,915.7422896168245,915.792048772625,3121784
2021-08-27,944.1617431640625,953.6182919885839,935.7006205315959,941.3745619775074,638508
2021-08-30,986.7659301757812,1002.3941328793184,946.6502684888101,950.6319730881321,1981330
2021-08-31,1002.2945556640625,1010.3077235480836,971.535865139525,990.4489608748231,968660
2021-09-01,989.8518676757812,1031.9583243087054,983.6802128969524,999.8558891387238,861143
2021-09-02,995.923828125,1009.0137058405326,981.0421955535437,994.8288837008212,600794
2021-09-03,991.1458740234375,1012.9954911441005,979.6487136280615,1004.28551194215,454344
2021-09-06,1005.281005859375,1019.2169735213193,991.1459407939176,995.525779891216,646921
2021-09-07,994.4307250976562,1017.2757674200167,988.707024727975,1005.1813153799462,597743
2021-09-08,1029.12109375,1045.1972471393442,990.4488199082356,996.4213756061747,2226426
2021-09-09,1017.8729858398438,1040.568689647959,1005.6790156424057,1033.7998648128955,1228907
2021-09-13,1001.498291015625,1022.9994729659549,993.6842195271009,1009.3621824197148,448685
2021-09-14,999.4078369140625,1019.0675030286568,995.4758915399457,1005.3306345529483,529047
2021-09-15,997.168212890625,1005.3804791809646,982.4856761897148,1001.1499177586684,635701
2021-09-16,991.1956176757812,1005.8283946573428,985.6212553761352,1004.8827276361549,286275
2021-09-17,977.9564819335938,995.4261995851137,959.5908564000497,995.4261995851137,562721
2021-09-20,974.6715698242188,997.8649876997357,948.6411508781047,966.5588221433784,569477
2021-09-21,982.6349487304688,986.6166533323147,951.8762563788121,977.0107666779651,432370
2021-09-22,979.2007446289062,990.4490483026525,971.4861917401167,980.494786510666,252879
2021-09-23,1001.9461669921875,1027.0807377311592,981.589690320119,984.4764504225406,1207650
2021-09-24,983.0331420898438,1020.6602406979091,973.5268339301703,1012.6470718540795,834581
2021-09-27,998.7109985351562,1003.3895133776982,978.2052450839992,990.4489740186605,314717
2021-09-28,1009.3123779296875,1015.3346941112076,989.4038545157423,1004.3850062335378,612126
2021-09-29,1004.9822387695312,1009.312379070554,965.5633866677597,1009.312379070554,415354
2021-09-30,1021.1578979492188,1036.8358599080461,996.6704388111611,1008.3666961455243,941677
2021-10-01,1039.5732421875,1085.0144687834404,1015.3346405129444,1021.157859001726,3294173
2021-10-04,1041.364990234375,1052.563533336927,1016.0811441715526,1048.6813474256485,1043541
2021-10-05,1045.0482177734375,1063.1152284011935,1035.4921501351512,1045.1975560124092,675246
2021-10-06,1039.7723388671875,1092.7787765259618,1031.31121736297,1055.101802971135,1324497
2021-10-07,1103.7783203125,1121.795510274908,1050.2244635265135,1054.1563484214967,1988186
2021-10-08,1098.30322265625,1114.8272695003786,1083.1229765728501,1114.8272695003786,439597
2021-10-11,1098.1043701171875,1134.7857990562138,1090.638674070765,1109.7011089450264,681017
2021-10-12,1128.4151611328125,1137.7721920893139,1089.9917325790013,1103.927699936176,1064340
2021-10-13,1168.8294677734375,1204.4159566258663,1098.5523980064245,1120.0038825488405,1433510
2021-10-14,1149.169677734375,1178.584569262917,1139.7629491605069,1169.675553767285,563063
2021-10-18,1149.0205078125,1174.5530925561961,1140.4597453086315,1160.6171257980675,571535
2021-10-19,1111.542724609375,1169.1779276587163,1089.1953328270704,1154.6944273998952,832711
2021-10-20,1106.316650390625,1132.9939983752524,1080.0373756574845,1111.5426376921935,574423
2021-10-21,1075.4085693359375,1118.5105683313789,1062.1694750330616,1117.3658040070611,470149
2021-10-22,1046.0435791015625,1107.6106641587646,1038.6277026501073,1076.0058828787764,814132
2021-10-25,1015.9817504882812,1080.0374005895112,1004.5343494682081,1056.1471723737063,772852
2021-10-26,1036.6866455078125,1049.4281504327814,1011.850808551029,1019.3165056136288,999447
2021-10-27,1029.12109375,1067.3454745192016,1021.5558808350019,1047.4369555260712,476913
2021-10-28,1001.1000366210938,1039.3741821528893,995.426095724268,1032.754574313928,495393
2021-10-29,998.561767578125,1033.3518629473012,984.9741763159384,1000.9009947303447,446580
2021-11-01,1020.0131225585938,1023.447415667318,992.0914920880784,1009.3621114078984,539353
2021-11-02,1032.704833984375,1063.115152156954,1025.2889576045532,1034.2477931564374,1518927
2021-11-03,1087.1546630859375,1127.1210461734443,1070.2324190175218,1091.9824554736488,5869336
2021-11-04,1089.294921875,1098.3532758479926,1085.2633972245653,1094.9688025196256,141116
2021-11-08,1095.516357421875,1110.7961253509454,1080.037431344811,1094.7697877688718,1102344
2021-11-09,1122.2435302734375,1127.8178927312297,1089.0957889696574,1094.9688278943977,1034509
2021-11-10,1119.2073974609375,1128.713766053137,1103.9276299511164,1121.8453011315673,503041
2021-11-11,1141.9530029296875,1150.3644280731723,1116.0222207179252,1118.5604848761132,979707
2021-11-12,1143.89404296875,1154.6943929451934,1123.4379859372104,1144.939167572413,502799
2021-11-15,1151.906982421875,1167.6347626981296,1134.7857028779777,1151.658125908086,724923
2021-11-16,1184.9056396484375,1197.199129816398,1136.0302339512684,1141.4552585337947,1245041
2021-11-17,1147.9254150390625,1194.5114085784144,1139.7629690185704,1184.4078086117918,792324
2021-11-18,1132.4466552734375,1152.7035544011462,1090.4894161022933,1149.6674558473667,1003276
2021-11-22,1107.710205078125,1134.3378530702726,1096.5613599274993,1107.3120103384645,724443
2021-11-23,1106.8143310546875,1121.4968663767456,1088.5482859903193,1103.9275709940569,1337545
2021-11-24,1090.7381591796875,1112.8863901098705,1085.0144590516627,1106.067745564097,1045914
2021-11-25,1087.6025390625,1093.9234705329102,1072.571629164996,1085.014455489416,602587
2021-11-26,1036.8857421875,1086.8560896253598,1020.3118713888828,1078.0465919162536,904556
2021-11-29,1022.0040283203125,1052.0659723905885,987.860982654863,1030.266114363968,850287
2021-11-30,1009.7603149414062,1062.9160958685297,998.213335101167,1020.3118078716336,1075312
2021-12-01,1019.5154418945312,1033.799904744292,1001.3987340776421,1027.4291529089955,839843
2021-12-02,1026.6328125,1040.0710665329009,1015.5338465486457,1028.275290073086,904904
2021-12-03,1016.2803344726562,1032.1573936301006,1009.1630132364255,1031.7591988698678,661928
2021-12-06,993.4353637695312,1024.3930947910137,984.5760461429362,1024.3930947910137,373519
2021-12-07,1013.2941284179688,1031.2615594600654,990.5984228513206,1000.4033467735189,644619
2021-12-08,1036.23876953125,1047.1884587385928,1013.343964824988,1031.2616380733668,550648
2021-12-09,1032.704833984375,1045.7947124542472,1022.8999104883204,1045.7947124542472,214644
2021-12-10,1031.211669921875,1035.2431944280459,1020.3118022007183,1035.2431944280459,232075
2021-12-13,1026.533203125,1047.8850451452083,1023.2980681818183,1035.243181818182,337088
2021-12-14,1025.7369384765625,1037.7816934023833,996.222586394121,1020.3119139777712,616598
2021-12-15,1031.3609619140625,1081.9783549932974,1025.7367801248197,1030.266017502204,1671114
2021-12-16,1026.4833984375,1048.7312701247763,1000.4032818827618,1042.211180230101,1121604
2021-12-17,1030.365478515625,1059.0337973176484,1008.5159253555053,1026.4832926240222,805803
2021-12-20,1003.2901000976562,1025.2889950085487,966.1606539066289,1025.2889950085487,852808
2021-12-21,1013.6922607421875,1029.9177566354663,1003.4891420485095,1019.3164431537834,377839
2021-12-22,1040.0709228515625,1059.5812498572193,1010.9049506493972,1025.2888697598469,843395
2021-12-23,1037.38330078125,1052.0160153720083,1027.2797018914544,1039.2248147041457,577082
2021-12-24,1036.23876953125,1047.9350284572752,1015.5836739810353,1038.5779970140552,288355
2021-12-27,1046.2427978515625,1063.1152240098431,1015.3347645037828,1015.3347645037828,834703
2021-12-28,1030.067138671875,1054.255923793892,1027.279896549308,1049.676987317098,335064
2021-12-29,1033.700439453125,1046.093570356689,1022.3028564066552,1035.8904503195245,252419
2021-12-30,1028.1258544921875,1040.8175376549227,1021.2076914906254,1040.8175376549227,607040
2021-12-31,1060.1287841796875,1065.0063963153973,1024.8409779495757,1037.7316971899759,452416
2022-01-03,1049.7763671875,1060.1288231905357,1036.2385961890589,1060.1288231905357,363953
2022-01-04,1051.120361328125,1062.1198706363286,1041.215918168322,1045.1976234003234,258035
2022-01-05,1065.9521484375,1076.2050871568977,1044.998499314368,1050.1746670781085,741560
2022-01-06,1075.4085693359375,1083.9692095453113,1049.8758654141382,1062.1196551229702,408431
2022-01-07,1080.2364501953125,1089.9916754387366,1064.0110762443749,1067.096873123585,482099
2022-01-10,1067.0968017578125,1089.7427460115348,1057.1425405473851,1085.0144719365817,604941
2022-01-11,1114.0311279296875,1118.858920142141,1067.246101909509,1070.0830419508911,861357
2022-01-12,1140.0118408203125,1145.2378283027895,1104.9230677236822,1123.8361652793126,741670
2022-01-13,1177.4896240234375,1182.2675966641907,1124.8315560780932,1140.0118049543685,682225
2022-01-14,1159.522216796875,1194.4616530796031,1154.0971924618154,1159.771073353749,744286
2022-01-17,1152.9522705078125,1182.4666784238975,1149.6673158009933,1161.6622488086484,501455
2022-01-18,1139.066162109375,1171.616547753994,1130.605040056776,1171.616547753994,543636
2022-01-19,1162.2098388671875,1206.4564822046364,1131.2022902903077,1139.7629307956342,1671916
2022-01-20,1164.6485595703125,1188.7378230523605,1154.6942983774038,1159.6714289738582,968296
2022-01-21,1176.4444580078125,1201.0315586368513,1136.7767473014853,1163.65325533751,961910
2022-01-24,1116.8184814453125,1194.5115522618069,1086.3087627575578,1173.6076000972253,979818
2022-01-25,1074.4130859375,1108.1580534345317,1045.5955503096986,1087.0052498095743,866941
2022-01-27,1018.2711791992188,1082.824600650187,996.7699381821201,1055.1517054312549,1611802
2022-01-28,1013.6424560546875,1037.234068418475,1003.737953518879,1020.4113418547805,1230291
2022-01-31,1026.831787109375,1033.1028982965945,1013.3437155713927,1013.3437155713927,408254
2022-02-01,1055.5499267578125,1059.979524575055,1026.8319062791466,1027.2797994473683,521498
2022-02-02,1092.5299072265625,1101.93663477227,1045.0978317526253,1055.5498052531752,878597
2022-02-03,1078.34521484375,1094.9687832205782,1072.4223562455034,1092.97793088745,416753
2022-02-04,1052.5635986328125,1085.0144656895732,1047.1882733077348,1081.2317978465985,305527
2022-02-07,1045.6453857421875,1063.9115534170687,1020.311837979586,1055.350791030286,648493
2022-02-08,1049.12939453125,1062.1695749564403,1030.614491519894,1049.9756040105544,377585
2022-02-09,1065.703125,1070.0830240052996,1048.1836504907726,1059.1333372480362,304759
2022-02-10,1070.6802978515625,1080.0373275725588,1050.1745443217046,1071.5762056514834,411046
2022-02-11,1066.44970703125,1094.5207954082696,1050.5727096522135,1080.0372973323417,1656107
2022-02-14,1031.5601806640625,1050.1746012955025,1012.3484071256171,1035.2432088600215,536059
2022-02-15,1076.65283203125,1081.5304441628189,1021.3071658638308,1032.2568528272832,619460
2022-02-16,1056.644775390625,1087.4034653167314,1050.8215571720252,1084.9149001368194,343162
2022-02-17,1057.9390869140625,1068.2417244920746,1047.3874712568952,1068.2417244920746,287521
2022-02-18,1040.3697509765625,1060.12893738505,1035.243281577889,1040.2204127393213,205306
2022-02-21,1030.6142578125,1049.9753659127357,1006.3756596495443,1040.2201427633768,576902
2022-02-22,1045.1534423828125,1053.9663450728501,997.8025825799142,997.8025825799142,714429
2022-02-23,1049.883544921875,1079.4590818432605,1045.60150916552,1045.60150916552,393547
2022-02-24,1016.3743896484375,1032.8549866256967,975.8946534364529,1011.8434015624763,633017
2022-02-25,1065.6170654296875,1070.2476097557694,1025.3365689826655,1055.5095619469118,543759
2022-02-28,1103.4580078125,1114.3123706769059,1025.7847594543243,1025.7847594543243,1102621
2022-03-02,1100.470458984375,1113.0176503901994,1075.5254721001986,1094.3960375916038,661272
2022-03-03,1126.4114990234375,1130.892647974684,1100.9684824655603,1105.3500746407901,645290
2022-03-04,1090.861083984375,1121.2831578954406,1077.8658236954725,1121.2831578954406,653153
2022-03-07,1059.7420654296875,1075.4759285637433,1035.643486765086,1075.4759285637433,372706
2022-03-08,1073.583740234375,1087.0271878008098,1043.6596946977932,1060.6880373034867,461151
2022-03-09,1139.008544921875,1150.1615782693934,1065.5674917639808,1073.4841397181006,757000
2022-03-10,1144.9337158203125,1159.4725323443336,1133.7806810629993,1150.360837234754,557825
2022-03-11,1163.90380859375,1176.7995109041328,1126.2621085953665,1136.3696133689089,476838
2022-03-14,1162.2109375,1202.4417242633342,1145.630660841224,1174.9573663062488,614586
2022-03-15,1153.3978271484375,1176.0525222208546,1140.7012398001598,1160.4183417175286,400312
2022-03-16,1166.343505859375,1186.4588372301266,1148.169957102121,1169.0819858090983,486972
2022-03-17,1256.76318359375,1278.6211840273363,1182.0275276015952,1185.0149602745564,4537229
2022-03-21,1274.2396240234375,1297.0437183155939,1245.759456132674,1276.6295945340432,1520151
2022-03-22,1280.9613037109375,1293.0105910709913,1250.7384677549226,1269.6588745123618,713407
2022-03-23,1294.8031005859375,1309.0929624448142,1272.39735571904,1286.5876608014084,713104
2022-03-24,1271.501220703125,1304.462539704952,1265.6757508038993,1299.5333239961358,453482
2022-03-25,1256.0162353515625,1282.6043356105984,1235.552274385753,1282.6043356105984,662176
2022-03-28,1274.18994140625,1284.5961171424663,1249.742734119221,1257.7092216673914,939603
2022-03-29,1270.853759765625,1277.8742748906466,1254.9706253114648,1277.5257654044908,539919
2022-03-30,1251.833984375,1279.6171355998151,1246.8052117580187,1279.6171355998151,366894
2022-03-31,1270.1568603515625,1279.517507546383,1243.618474355437,1249.7427359789972,755068
2022-04-01,1263.1363525390625,1289.5751819193695,1254.7716377953975,1275.6338286013222,491523
2022-04-04,1289.2265625,1303.5164241210896,1251.0869576932005,1251.0869576932005,762394
2022-04-05,1313.673583984375,1329.4074435503437,1285.4423715735766,1304.512173071873,1337792
2022-04-06,1322.7354736328125,1331.1998650448268,1295.7987441039481,1318.005372549628,907711
2022-04-07,1302.271728515625,1341.207911112618,1294.5541938981553,1330.4033869599502,1038577
2022-04-08,1264.331298828125,1314.072003295628,1260.248498561867,1302.7197350351241,874307
2022-04-11,1275.5341796875,1286.089750696956,1261.0450827691943,1273.8910674247625,509264
2022-04-12,1245.2615966796875,1282.4551114610483,1230.7724986905005,1269.6589650272704,845636
2022-04-13,1227.6357421875,1257.5100695779263,1216.3830302468596,1254.7217503979068,742352
2022-04-18,1218.3746337890625,1242.772000791786,1210.906052053535,1224.8474046265198,395195
2022-04-19,1243.2200927734375,1272.6463540433244,1225.5444489672802,1239.4858018284747,1575212
2022-04-20,1260.59716796875,1280.2644351993565,1245.759559771589,1245.759559771589,743805
2022-04-21,1280.4136962890625,1289.5751078914304,1254.7217265970676,1274.4885485336524,516906
2022-04-22,1281.210205078125,1288.5792296211314,1260.1986206225206,1277.6253103585098,481960
2022-04-25,1232.26611328125,1276.3805834753023,1224.9469276936486,1250.0414345697816,403163
2022-04-26,1274.4886474609375,1281.8078337890881,1239.784659418719,1243.5687897337,640781
2022-04-27,1219.8685302734375,1259.103509763005,1209.960258998068,1234.805695950255,705547
2022-04-28,1220.6153564453125,1233.7102956559472,1176.052813348492,1190.9899786323424,1076903
2022-04-29,1223.254150390625,1243.9669444549622,1217.1797281303855,1234.8055326748254,439063
2022-05-02,1215.0885009765625,1226.689723127103,1200.5496850784193,1214.8893874054886,488409
2022-05-04,1208.1676025390625,1229.7269333375377,1200.0517192034163,1218.474221282108,489438
2022-05-05,1207.2713623046875,1237.6435958113502,1201.0475439631582,1228.8306933515353,464980
2022-05-06,1141.9461669921875,1194.7241454971677,1133.382217433358,1187.0066109044583,840078
2022-05-09,1099.225830078125,1146.6264042796843,1088.2719102536116,1131.0420610492388,873730
2022-05-10,1055.708984375,1107.4413136934877,1050.580533760964,1095.3920257223324,663951
2022-05-11,1041.5186767578125,1071.0942127767855,1005.3209129582474,1068.505128668689,805254
2022-05-12,1006.615478515625,1040.6224469057224,978.7327718042754,1040.6224469057224,1433291
2022-05-13,1027.6767578125,1050.082501078761,1014.2830902374415,1030.3653983808765,467140
2022-05-16,1034.796875,1040.6721833603478,1000.8894667402458,1019.7103162245379,536424
2022-05-17,1071.0941162109375,1075.3263122849628,1031.6600312212195,1031.9588230970799,438660
2022-05-18,1080.5047607421875,1095.3920863835442,1061.3353992304756,1080.454921569223,623123
2022-05-19,1032.3074951171875,1070.3474266072062,1007.5615553557031,1057.7006755595137,1247443
2022-05-20,1083.1629638671875,1088.1954180758182,1040.9605376874806,1040.9605376874806,629720
2022-05-23,1061.58837890625,1095.1709142427733,1056.6555524838523,1088.1953033240295,302084
2022-05-24,1072.1513671875,1076.6854410636006,1043.6011653579008,1067.1687882170636,337854
2022-05-25,1034.3336181640625,1082.0667535685268,1022.873685442396,1076.1872854953663,407027
2022-05-26,1045.2952880859375,1050.6267453824748,1000.9005784313063,1039.7646979155654,444559
2022-05-27,1064.727294921875,1071.1548950426572,1041.8573051736244,1049.331173933837,293538
2022-05-30,1115.00146484375,1119.2864094581648,1073.2474317940735,1083.212589006646,547836
2022-05-31,1120.1336669921875,1131.0454666690123,1105.4350585046386,1111.1151500757258,1673884
2022-06-01,1105.5845947265625,1141.010786133067,1102.3957922792188,1128.0560785175826,521752
2022-06-02,1108.97265625,1120.0838324758922,1094.1744199808982,1107.92638757855,433531
2022-06-03,1125.3653564453125,1141.0106060537273,1107.2286956590326,1107.2286956590326,843397
2022-06-06,1100.9007568359375,1134.5331628492554,1088.1951812309064,1125.06626337884,620866
2022-06-07,1081.0701904296875,1102.14652488649,1069.2615019920468,1102.14652488649,284321
2022-06-08,1083.2127685546875,1094.124568853147,1074.1942511244497,1076.2371573496434,469020
2022-06-09,1080.4722900390625,1087.9461587734806,1059.3959558790034,1074.244066093714,557580
2022-06-10,1109.421142578125,1116.1973773596117,1068.0657348733866,1077.23363201981,859171
2022-06-13,1082.8638916015625,1107.6771587365122,1079.6749681334811,1106.0826361799755,514725
2022-06-14,1065.7237548828125,1088.494237827782,1060.4920470249517,1082.6147703823303,495087
2022-06-15,1091.085205078125,1104.1395381039647,1062.0367443450364,1066.521065573798,882202
2022-06-16,1074.2939453125,1113.7060736266326,1065.7736862594388,1101.399127384988,387582
2022-06-17,1040.1632080078125,1080.9206056308956,1032.689339742701,1074.293873085156,753097
2022-06-20,1045.1458740234375,1054.2638967513853,1010.9653316487755,1040.2629220206284,518858
2022-06-21,1046.5906982421875,1065.2753691224932,1034.483007182751,1052.4202912278445,1352719
2022-06-22,1017.2432861328125,1047.3380745596342,1005.7833547746433,1046.5906877319273,673346
2022-06-23,1026.1622314453125,1034.3336130352848,1008.4740745060998,1019.9340071709419,486409
2022-06-24,1055.01123046875,1058.7980391727306,1030.5965933301788,1036.376433637308,462900
2022-06-27,1045.444580078125,1077.1338274970997,1037.6718307275141,1077.1338274970997,344510
2022-06-28,1064.528076171875,1072.2510741501874,1026.4113442143987,1046.341661577785,442089
2022-06-29,1105.3851318359375,1111.1150975858195,1039.0172050445633,1055.9080989014358,1397225
2022-06-30,1070.407470703125,1109.421088594985,1065.5245189550194,1097.1638955992298,529542
2022-07-01,1069.8096923828125,1084.3089257310473,1055.409964650502,1070.4075775934084,555368
2022-07-04,1114.303955078125,1118.0907638990627,1069.8096204796027,1069.8096204796027,736578
2022-07-05,1116.4464111328125,1130.4475062657839,1106.2321245585424,1114.303877912626,635508
2022-07-06,1167.9166259765625,1170.9061736539768,1109.1221883207456,1120.7813756046594,835710
2022-07-07,1166.4715576171875,1182.814318570327,1154.313992503158,1171.1052585299437,291188
2022-07-08,1200.0540771484375,1206.5813038884937,1158.3996706537769,1167.7669429173354,954902
2022-07-11,1203.1932373046875,1218.539605413566,1192.8294483451202,1198.609288816321,877368
2022-07-12,1191.7830810546875,1207.7772090904953,1179.924639766582,1201.798113995988,583382
2022-07-13,1201.349609375,1207.7272128500078,1154.7126236828244,1198.0111843012205,325971
2022-07-14,1175.1910400390625,1212.6600068708626,1166.0230224063441,1201.7979611681237,453534
2022-07-15,1206.481689453125,1210.6172545545387,1177.9316077017402,1181.3695387220114,315845
2022-07-18,1204.3392333984375,1233.387572005806,1198.5095185815246,1217.742322413484,980588
2022-07-19,1198.0611572265625,1214.005410514668,1190.8862919049145,1203.5918687438736,491128
2022-07-20,1205.285888671875,1228.7040105270128,1198.8085358183264,1205.7841465836864,604230
2022-07-21,1216.2974853515625,1224.917250251282,1196.815551570167,1207.528097098376,476539
2022-07-22,1239.41650390625,1262.435994142264,1216.297386421031,1217.742285646985,942665
2022-07-25,1228.255615234375,1240.662188460986,1217.0448123265949,1233.1883198557994,381778
2022-07-26,1227.209228515625,1243.4524849891372,1218.9380985773341,1234.3840937393252,331124
2022-07-27,1250.029541015625,1254.1651062360877,1220.9312044067717,1227.7075610315057,532946
2022-07-28,1254.4140625,1266.521631428195,1243.7015182921818,1251.623769769271,504060
2022-07-29,1264.1800537109375,1272.4013099334106,1245.6947566461995,1263.5322940431956,656479
2022-08-01,1296.467041015625,1300.9513620644877,1263.5820199906323,1263.5820199906323,793553
2022-08-02,1304.0904541015625,1307.9270156852397,1272.3514495166003,1295.3709406636608,502117
2022-08-03,1304.1900634765625,1322.1273480172144,1287.4984236956782,1306.432224044144,393606
2022-08-04,1312.162353515625,1320.3836099549671,1283.6121477336342,1320.3836099549671,393725
2022-08-05,1311.315185546875,1319.0879359184141,1297.6628458916764,1315.4008760601837,242951
2022-08-08,1314.0555419921875,1328.3555189360568,1302.894492401979,1311.3151236297913,438066
2022-08-10,1306.681396484375,1327.2095984795528,1296.467109114335,1314.852777722407,313632
2022-08-11,1335.480712890625,1354.96252436535,1315.849278067515,1324.3695370655523,1702218
2022-08-12,1377.9322509765625,1385.754875839511,1328.0068326919834,1342.306810389029,1159339
2022-08-16,1405.037353515625,1449.2826777889536,1384.857909284258,1385.754797801317,1476050
2022-08-17,1469.561767578125,1476.8363814076984,1405.3862488599382,1405.3862488599382,1594684
2022-08-18,1450.4288330078125,1517.1953955715524,1443.2040930289004,1475.8399874164002,1748382
2022-08-19,1393.2786865234375,1482.217727828629,1383.8615385747091,1459.7961207769,1284783
2022-08-22,1309.5213623046875,1411.813731461285,1294.6235000501408,1393.278562280363,3129067
2022-08-23,1342.1075439453125,1350.2789249438003,1278.5297864966021,1304.8378282562408,2092763
2022-08-24,1340.2142333984375,1349.1828763322058,1317.4438698344825,1345.2964400652386,633681
2022-08-25,1354.66357421875,1368.6147951238968,1333.3381122204557,1352.5210409650324,1144010
2022-08-26,1385.7547607421875,1395.969047055275,1358.3008251510762,1361.2404979197747,1047852
2022-08-29,1355.9093017578125,1363.2336688513692,1325.7646976037527,1347.289415414511,575626
2022-08-30,1402.346923828125,1411.9134516176184,1357.80271418439,1357.80271418439,1311053
2022-09-01,1409.0733642578125,1411.066395890426,1386.7016328397237,1389.64130583983,738051
2022-09-02,1386.253173828125,1416.5971544305987,1383.2636262798026,1414.055990356524,462018
2022-09-05,1393.3782958984375,1404.0409669015226,1379.825704583441,1385.1570400849835,633249
2022-09-06,1385.1070556640625,1408.6746781204877,1381.6691248912086,1400.1046667667854,342940
2022-09-07,1408.276123046875,1419.0884171241237,1381.2705683685142,1385.0075027330013,887074
2022-09-08,1402.1475830078125,1422.9249127822172,1399.2077884570256,1422.9249127822172,604853
2022-09-09,1374.5439453125,1417.0453654476448,1367.070077351278,1409.5714974864231,594999
2022-09-12,1395.4210205078125,1412.8600457219607,1380.1742812340199,1380.1742812340199,733357
2022-09-13,1455.2618408203125,1464.8782427291324,1400.1047149894089,1402.7952590221373,934852
2022-09-14,1425.6156005859375,1469.213170549609,1422.974809161994,1438.9190633201367,786238
2022-09-15,1430.199462890625,1446.3928450413114,1421.0814404110063,1439.2179797617757,552868
2022-09-16,1427.7081298828125,1458.3012377558307,1404.7385138104348,1433.986228045108,936253
2022-09-19,1416.8463134765625,1434.9828536634743,1380.6727387157944,1428.4058732465176,625902
2022-09-20,1440.5135498046875,1453.9166394611157,1422.0281319472324,1422.0281319472324,551632
2022-09-21,1456.8563232421875,1493.3786541002362,1440.9619438200164,1445.9445231554937,1496404
2022-09-22,1481.5699462890625,1487.7981703780529,1435.979345957652,1456.8563044459474,878084
2022-09-23,1428.6549072265625,1486.6520783813764,1412.7604071602807,1484.8085484723395,743035
2022-09-26,1404.0408935546875,1423.8218295824352,1348.2858829722586,1415.0524418481946,877826
2022-09-27,1391.1859130859375,1438.370911270934,1385.156943916648,1414.4545323831644,599701
2022-09-28,1383.3135986328125,1404.5393147411287,1365.5258137903827,1382.1675809958472,341570
2022-09-29,1392.7803955078125,1404.2403277287235,1365.3263353118905,1398.1117309511492,513074
2022-09-30,1415.052490234375,1425.0176486163073,1367.6183606653776,1392.8301383846663,721128
2022-10-03,1384.9576416015625,1420.0349474345824,1378.181285825984,1414.0558529190682,487553
2022-10-04,1426.4625244140625,1431.8936086297053,1396.8161787164177,1405.0873086951042,669791
2022-10-06,1442.3570556640625,1449.7312972321668,1423.024623978492,1433.8866709975239,572255
2022-10-07,1445.6951904296875,1474.8432754340429,1435.0325208125846,1449.9303822679271,633829
2022-10-10,1426.8612060546875,1446.741770396338,1413.0594857590318,1425.0176760475426,532783
2022-10-11,1418.0919189453125,1454.564374467699,1401.3504041260203,1441.2110378433827,670168
2022-10-12,1417.3446044921875,1434.8333854423909,1393.1292196134364,1415.0525692783117,402168
2022-10-13,1396.7664794921875,1433.5876918610334,1391.1361405542104,1417.9921943230977,286921
2022-10-14,1374.793212890625,1427.0106666414197,1369.0632468758288,1427.0106666414197,441023
2022-10-17,1373.4481201171875,1382.5662654685539,1349.33248257397,1373.1491166715632,418522
2022-10-18,1423.9215087890625,1430.9967469274616,1368.515252387445,1382.1674707440036,651226
2022-10-19,1419.1881103515625,1442.655986264487,1412.1626247617353,1425.0177039021612,451427
2022-10-20,1420.5333251953125,1426.6120474700947,1400.1047505432578,1410.0699089101138,439690
2022-10-21,1426.01416015625,1437.9723501785247,1401.3005187855495,1420.5333230627075,458912
2022-10-24,1424.270263671875,1441.3106601991205,1417.0455238351626,1441.3106601991205,70262
2022-10-25,1428.9537353515625,1436.9757359334594,1414.7533856726084,1425.0175467301297,244221
2022-10-27,1458.002197265625,1465.4263127315207,1428.0070969483256,1428.95373827086,441597
2022-10-28,1453.86669921875,1472.8503741470472,1439.9653522614908,1465.3765055366935,325536
2022-10-31,1522.5765380859375,1537.6239025636203,1454.9130899176187,1454.9130899176187,2085522
2022-11-01,1552.123291015625,1560.5438011826527,1517.4444912202327,1539.5670941498797,999663
2022-11-02,1524.918212890625,1559.547134895493,1511.863881010593,1559.547134895493,535001
2022-11-03,1540.1151123046875,1546.2934613796508,1498.6102064308882,1505.7353184680574,504000
2022-11-04,1500.7528076171875,1544.7987576953642,1490.3392660762488,1544.400248687957,591976
2022-11-07,1502.646240234375,1518.1918628104247,1481.320777202295,1512.4120223543941,501244
2022-11-09,1496.5177001953125,1503.6428129587373,1489.9407198156139,1501.6995340350743,328444
2022-11-10,1465.775146484375,1494.07622014998,1454.4647162369495,1489.7911534586215,584753
2022-11-11,1414.105712890625,1544.300397317345,1390.1394606282504,1466.9708000372011,2812289
2022-11-14,1422.0780029296875,1436.5772356675402,1396.168590637852,1428.5553560026462,1122597
2022-11-15,1411.2159423828125,1420.0350833080413,1401.1511566476645,1419.138194715899,710092
2022-11-16,1389.9901123046875,1420.0350895816791,1382.2671144490678,1411.215948617488,467953
2022-11-17,1391.8336181640625,1405.9343415590981,1374.1953365415793,1391.1361057375234,944775
2022-11-18,1378.2313232421875,1398.8092786503546,1367.1201469580053,1398.8092786503546,591196
2022-11-21,1373.8466796875,1377.9822450310721,1353.9661143533424,1374.1455614726326,457376
2022-11-22,1403.2437744140625,1407.977224552829,1375.1918297890047,1375.1918297890047,770340
2022-11-23,1405.38623046875,1416.9955418020486,1395.1220694427109,1403.2436972473934,1390277
2022-11-24,1424.469482421875,1429.003678035985,1404.0907826727357,1409.0733617453857,602103
2022-11-25,1427.4093017578125,1442.9549244044406,1419.2377989502907,1425.0176394325622,541513
2022-11-28,1434.1357421875,1439.8657080546343,1415.2019419308822,1416.048956034416,290527
2022-11-29,1451.87353515625,1457.4042460814253,1429.053422396844,1433.9861265717407,476040
2022-11-30,1466.5225830078125,1474.6442115587627,1430.3490087968332,1451.8737269456383,960009
2022-12-01,1458.998779296875,1473.8468892580208,1450.528394875852,1468.4159267284224,392526
2022-12-02,1463.5826416015625,1472.2524016623345,1455.3116338170207,1458.899066208207,286105
2022-12-05,1470.408935546875,1475.8398979922245,1443.6523890336534,1457.5538574136224,462047
2022-12-06,1470.6082763671875,1482.8155956187532,1455.4612839946742,1464.8783101878812,501781
2022-12-07,1458.30126953125,1477.9325824493646,1449.9305123474612,1470.907218933236,233857
2022-12-08,1453.0196533203125,1461.3405358621537,1439.7660662615401,1460.8921524133395,325774
2022-12-09,1452.9200439453125,1462.8852019970636,1427.9075215644164,1462.8852019970636,381953
2022-12-12,1444.4996337890625,1451.425370455238,1435.0824857929272,1449.9305966442644,266399
2022-12-13,1438.470703125,1454.8135882307595,1435.0825247325242,1443.95154058062,392861
2022-12-14,1446.293212890625,1455.4612314334306,1436.577183633112,1439.1681004394493,247467
2022-12-15,1430.9967041015625,1454.8632091087675,1423.1242048683832,1444.2005385927503,383487
2022-12-16,1402.3966064453125,1427.4588792198183,1396.1185088183286,1422.2770461891216,505066
2022-12-19,1413.1092529296875,1419.2876021183702,1383.163905030927,1390.139515502985,467614
2022-12-20,1407.47900390625,1416.3480192563754,1390.9866180123367,1413.1093427598971,270778
2022-12-21,1361.6392822265625,1415.2020091820616,1351.1758657980465,1406.0838648224974,585477
2022-12-22,1327.8074951171875,1375.1918724227996,1313.6071442606478,1363.2336822278187,879064
2022-12-23,1279.9248046875,1330.3484753804123,1273.4972053587837,1310.4181611425035,1182635
2022-12-26,1352.7701416015625,1360.2440097872066,1277.0349439870367,1285.4554534848662,835478
2022-12-27,1342.1573486328125,1358.5002329065533,1323.323174733349,1353.9660371297375,868094
2022-12-28,1341.7091064453125,1351.7738932640925,1329.9501695156398,1340.3139597789932,565769
2022-12-29,1343.901123046875,1345.296269433063,1303.741611101904,1336.3775020825951,572355
2022-12-30,1346.6416015625,1356.407505057318,1335.4307988161506,1350.6276647612021,310890
2023-01-02,1337.473876953125,1353.6672607814169,1327.3592159559898,1353.2686300812568,195562
2023-01-03,1342.7054443359375,1345.2963611469245,1325.4159191346414,1337.3242345623503,233893
2023-01-04,1302.8447265625,1348.8339531311158,1295.5203600689372,1341.360084944829,589604
2023-01-05,1275.4405517578125,1307.4286834804316,1267.8670562739667,1307.4286834804316,617568
2023-01-06,1243.8011474609375,1285.0569235005967,1231.6934568690283,1276.5366652501823,1046858
2023-01-09,1215.5,1250.6271777003485,1209.1222753225718,1249.4314075430095,852556
2023-01-10,1219.3865966796875,1230.8465285082602,1197.7621305900786,1220.7318686957815,588497
2023-01-11,1206.481689453125,1230.6970732363425,1200.8015977731116,1225.8141212483479,680945
2023-01-12,1205.285888671875,1238.17091085143,1200.3033095537605,1210.7667257018009,566434
2023-01-13,1201.2001953125,1214.105026540212,1181.9673913035954,1209.7702070465982,819106
2023-01-16,1193.2281494140625,1212.2117041060887,1187.8469392862812,1202.7448031637905,372068
2023-01-17,1188.943115234375,1195.7692249310282,1176.7357952614882,1195.7692249310282,528204
2023-01-18,1218.5396728515625,1227.9566993069307,1186.7507917906555,1193.8260302452447,802598
2023-01-19,1194.125,1218.6890185569687,1187.8469014434309,1218.6890185569687,334432
2023-01-20,1178.1806640625,1203.2928132461616,1172.8990817314552,1200.4028931337973,373948
2023-01-23,1173.148193359375,1185.1562570778774,1157.054439301981,1184.1098668585919,485408
2023-01-24,1198.5594482421875,1204.339288876746,1172.8492904470854,1172.8991648979877,1173927
2023-01-25,1207.8768310546875,1215.2011981843707,1180.9709032472792,1201.6486070251947,765489
2023-01-27,1172.20166015625,1207.7772278635362,1150.9758235828251,1207.7772278635362,1368360
2023-01-30,1176.237548828125,1185.8539518422344,1157.2539934263964,1175.7891653194663,932999
2023-01-31,1192.430908203125,1200.2037809240987,1165.1263480631756,1176.237524738603,965496
2023-02-01,1211.76318359375,1260.5924566168533,1187.9963066655848,1199.8049942819696,1724393
2023-02-02,1206.3819580078125,1220.3830531318852,1192.5303645771444,1210.8662789400078,590000
2023-02-03,1231.3447265625,1234.0851449100435,1204.8374316025318,1212.759683258343,304320
2023-02-06,1225.8140869140625,1244.2496296000204,1209.6705792740877,1236.6761336904642,365009
2023-02-07,1208.923095703125,1244.3990317590087,1201.8478582699693,1227.807020339891,499648
2023-02-08,1231.7432861328125,1235.6794745105583,1205.784003353045,1207.8766620050742,336510
2023-02-09,1337.224609375,1342.0576867953655,1259.6458767580043,1285.5054137486702,4103779
2023-02-10,1324.170166015625,1347.8871676772712,1315.9986639480087,1337.2244979007944,820161
2023-02-13,1301.89794921875,1330.3485224581539,1297.5133772472384,1330.3485224581539,338292
2023-02-14,1315.998779296875,1320.38347327297,1292.3814028102938,1302.7949445641452,316603
2023-02-15,1342.7552490234375,1347.2894448516122,1306.6814234923643,1313.956037939875,821781
2023-02-16,1358.3507080078125,1366.223207419683,1333.6869411342625,1345.2963749209132,584385
2023-02-17,1355.9093017578125,1374.0957158342287,1345.4458854398742,1355.2615421329401,535675
2023-02-20,1339.167724609375,1359.1479149247114,1328.654555976176,1355.3113534491838,390430
2023-02-21,1333.4378662109375,1352.7204240371925,1325.0173557365406,1338.3208183208558,575418
2023-02-22,1339.167724609375,1347.737736103474,1318.8886525430203,1324.3196149589626,556036
2023-02-23,1323.5723876953125,1340.3139037006551,1310.268924578661,1340.3139037006551,347591
2023-02-24,1301.001220703125,1337.2742976527225,1294.7729970998298,1327.3590143342733,409365
2023-02-27,1284.359375,1302.7451646472916,1267.5681079617389,1301.69877439074,419611
2023-02-28,1273.6966552734375,1303.0938704773346,1268.5645747308777,1284.3593253504139,907835
2023-03-01,1287.000244140625,1305.3361604496392,1275.7894406202363,1282.01766479823,467538
2023-03-02,1280.472900390625,1302.2468674577474,1272.351394115237,1287.0001273950702,299267
2023-03-03,1300.353515625,1308.2757677224638,1271.9528148035301,1285.5054056033725,568928
2023-03-06,1320.7821044921875,1328.9534856345035,1302.047558243221,1302.047558243221,566960
2023-03-08,1337.872314453125,1343.3032768178705,1308.475098825434,1314.4541935293712,521534
2023-03-09,1330.3486328125,1362.1375121128247,1323.5722765117102,1341.7089376014717,625276
2023-03-10,1336.3277587890625,1340.7622056766334,1313.407894171502,1319.9351216662428,391986
2023-03-13,1319.486572265625,1352.3715943089921,1306.482113808201,1336.3277139441066,698497
2023-03-14,1333.1387939453125,1346.2927529400256,1292.4310290071173,1326.4620655588399,626503
2023-03-15,1316.6466064453125,1355.261596795175,1308.4752248873435,1340.313858595228,343676
2023-03-16,1331.69384765625,1340.3636079903272,1303.442649423209,1315.4008388674586,475242
2023-03-17,1351.4747314453125,1355.112038584648,1331.345160166661,1344.2998660664862,440067
2023-03-20,1339.765625,1361.2405892497495,1300.45312516173,1361.2405892497495,605595
2023-03-21,1316.945556640625,1349.033318021625,1313.4577512016033,1341.6590764786934,318911
2023-03-22,1324.867919921875,1344.7982383862882,1317.49367776104,1318.4901936842607,344287
2023-03-23,1340.46337890625,1347.6881191364735,1311.6141707930435,1327.857428520376,388796
2023-03-24,1305.485595703125,1340.313774875535,1300.453142165482,1340.313774875535,316370
2023-03-27,1323.8212890625,1338.1711400791223,1305.485496722081,1312.0624762915782,456288
2023-03-28,1286.6512451171875,1333.8362382565886,1283.5121963948345,1331.3449490555115,474383
2023-03-29,1331.1956787109375,1336.32775968601,1283.5124194448777,1283.5124194448777,508829
2023-03-31,1370.1593017578125,1384.1603969072028,1331.3450613880655,1331.3450613880655,675734
2023-04-03,1352.6707763671875,1388.1467198977393,1347.090311369968,1388.1467198977393,401477
2023-04-05,1360.0447998046875,1368.216180630426,1345.296317444337,1355.2614753513324,212990
2023-04-06,1362.4862060546875,1373.1987507356807,1342.3067614230492,1362.237077108618,343855
2023-04-10,1353.966064453125,1368.4155445739104,1344.200281910217,1362.486323803038,357266
2023-04-11,1349.4320068359375,1366.1236478705282,1332.3417351192807,1351.3751641491265,235880
2023-04-12,1358.500244140625,1362.2371786101114,1340.86196210265,1349.431974157005,177221
2023-04-13,1357.05517578125,1379.1777764272176,1352.4711060869618,1363.1338974321702,378453
2023-04-17,1358.5499267578125,1363.233501973558,1335.8791941774773,1351.2753133597548,375958
2023-04-18,1356.357666015625,1368.614859329593,1348.2859121565477,1358.5500738191388,502824
2023-04-19,1354.66357421875,1366.1732584785004,1344.4492874846246,1356.257975136054,212326
2023-04-20,1388.8441162109375,1393.6274410340898,1349.8306173049277,1358.898887372359,611747
2023-04-21,1378.5301513671875,1400.9020047744561,1367.219721007098,1396.118680124595,600063
2023-04-24,1379.1778564453125,1391.1859203996728,1372.600876545598,1388.8938854195478,327783
2023-04-25,1376.4873046875,1383.1639117997174,1368.6645584467014,1383.1639117997174,153489
2023-04-26,1368.7144775390625,1383.8614693314412,1360.592849284367,1374.0458128422683,509852
2023-04-27,1377.4837646484375,1382.167339997644,1368.3157467962833,1373.1986982817255,422730
2023-04-28,1362.9844970703125,1370.2092366819081,1301.6489003993895,1370.2092366819081,1816275
2023-05-02,1401.5994873046875,1433.986251142158,1364.2800188638162,1365.226660225682,1312984
2023-05-03,1385.3065185546875,1409.0733969968148,1373.8465864008945,1404.5392012692707,515474
2023-05-04,1400.054931640625,1402.745597493428,1378.33095852598,1390.0897728784012,244571
2023-05-05,1411.8636474609375,1422.4764435153888,1391.136069966758,1399.805708850816,317728
2023-05-08,1416.5472412109375,1424.917998446143,1408.1267311716222,1412.0629200111841,319478
2023-05-09,1427.9571533203125,1442.9547635748547,1417.0952292806614,1417.0952292806614,824650
2023-05-10,1435.6304931640625,1449.3325852381138,1423.1740458240158,1434.9827335733812,469015
2023-05-11,1466.2734375,1469.860870210157,1440.5632800613746,1440.5632800613746,456556
2023-05-12,1480.971923828125,1484.8084851823162,1457.2050472365875,1466.2234418944925,326598
2023-05-15,1506.034423828125,1513.0597874486486,1467.8678188484052,1480.8225246495113,496686
2023-05-16,1494.972900390625,1523.6726030498212,1491.335715168271,1512.710929646585,481416
2023-05-17,1500.3045654296875,1507.8780619584886,1480.8226308808894,1497.713526767591,469701
2023-05-18,1485.5059814453125,1512.461781169448,1480.8722805188804,1502.8453798427329,245900
2023-05-19,1487.897705078125,1493.378541935495,1466.4228627421535,1485.4562900451124,468553
2023-05-22,1491.0367431640625,1501.9485423507745,1472.9499573390385,1488.6949553985344,276941
2023-05-23,1498.4111328125,1506.6821416599748,1487.9477160339434,1494.6741982487297,368971
2023-05-24,1493.2789306640625,1499.806157831136,1480.772608679515,1499.7064089348485,362122
2023-05-25,1511.449951171875,1516.0883139328603,1489.9041454997555,1496.5374925223107,475551
2023-05-26,1526.3624267578125,1529.8038477057119,1489.305691099315,1510.4025524881642,415204
2023-05-29,1534.043212890625,1540.626636775223,1519.2802802585866,1527.55951386891,347260
2023-05-30,1554.44189453125,1557.9830404307738,1524.8164258686434,1534.0432284160029,341563
2023-05-31,1556.5364990234375,1590.999899790397,1546.1127552822038,1557.484189577114,1279601
2023-06-01,1558.4818115234375,1569.1051276283008,1546.1128840978183,1560.9755419816597,452507
2023-06-02,1593.2943115234375,1599.1794179877725,1556.0378811024857,1562.6214269171355,514635
2023-06-05,1595.0399169921875,1605.9624076428433,1583.6185584880195,1591.000024962941,231024
2023-06-06,1598.630859375,1603.4686720732088,1580.027605949588,1600.9250183200795,208474
2023-06-07,1598.830322265625,1607.9574000991734,1582.8206457760007,1600.9749548133827,632805
2023-06-08,1584.615966796875,1612.6454711808565,1579.379133136082,1604.9648305173635,286923
2023-06-09,1594.391357421875,1616.036886748989,1585.912674782306,1590.0023679379701,437123
2023-06-12,1591.3489990234375,1604.964790555315,1580.57615739083,1594.3913986372443,223661
2023-06-13,1681.422607421875,1690.4997613124053,1594.2916955595522,1598.381388876805,1634306
2023-06-14,1706.9085693359375,1725.6614710214972,1676.7843542122177,1691.2479908190453,1207550
2023-06-15,1680.8240966796875,1711.9458012138573,1676.3353822700954,1711.9458012138573,465902
2023-06-16,1709.9508056640625,1715.1876391071055,1675.7867017737349,1681.6220061145773,484881
2023-06-19,1704.1654052734375,1719.2276340641497,1694.8888013896833,1710.1503581394124,199840
2023-06-20,1715.1378173828125,1720.6739474847388,1690.848908042168,1705.7115653326978,273300
2023-06-21,1696.5347900390625,1719.6266371607976,1687.6570850665953,1719.6266371607976,369391
2023-06-22,1706.4097900390625,1715.1877697559892,1691.9960770273897,1695.7366726287767,213389
2023-06-23,1720.6240234375,1739.526572606684,1690.4498861104291,1705.7115646046682,732596
2023-06-26,1749.2520751953125,1757.381660301072,1706.9583850849313,1722.5192377560993,445964
2023-06-27,1738.47900390625,1761.570969335021,1733.1923690726348,1761.570969335021,320512
2023-06-28,1764.8629150390625,1768.7530370244867,1745.0625983903274,1755.5362659970083,322724
2023-06-30,1759.725830078125,1779.4761019184978,1755.087467150552,1770.4986724190064,336262
2023-07-03,1747.1573486328125,1775.5359503698523,1741.521493875714,1770.4487649772454,238418
2023-07-04,1731.9954833984375,1787.45602300504,1726.609001394865,1747.1574372516118,399795
2023-07-05,1727.3570556640625,1741.621241687101,1697.73158840289,1740.6237495670055,502769
2023-07-06,1749.900390625,1755.5860467297641,1719.077861247195,1727.3569723863395,240874
2023-07-07,1698.5794677734375,1749.551291820433,1691.7466709611292,1744.9130507766045,248389
2023-07-10,1672.4453125,1713.6416670802205,1664.814472858149,1710.6491904962932,299305
2023-07-11,1688.8040771484375,1703.7165355897625,1668.8043114998084,1672.445182079167,457955
2023-07-12,1683.716796875,1695.7366257810597,1663.7669542187523,1692.7441493826227,502653
2023-07-13,1661.8218994140625,1703.71656914719,1654.6400047369114,1686.7092795141425,270100
2023-07-14,1683.417724609375,1689.5024026365131,1653.293387309021,1668.0063971622394,268107
2023-07-17,1690.0509033203125,1718.6289543978553,1670.7992572032865,1692.1954139107586,473571
2023-07-18,1686.06103515625,1706.659150707224,1668.8043722012765,1700.3750232009565,173675
2023-07-19,1712.1453857421875,1715.6865316498115,1683.7667822237686,1695.4873152161438,383674
2023-07-20,1710.4495849609375,1720.6738790247075,1697.9310103527987,1715.786143363339,235107
2023-07-21,1709.601806640625,1725.7113290878347,1696.933583377874,1701.721594365464,331260
2023-07-24,1704.9134521484375,1729.85075470013,1697.7814810299917,1720.673876066776,392933
2023-07-25,1705.162841796875,1714.1402708030014,1687.706729840518,1704.7140190522382,221128
2023-07-26,1702.320068359375,1722.120263062169,1699.8263379997238,1715.6864874399403,273042
2023-07-27,1704.7640380859375,1718.3797087650764,1693.4424045700518,1702.3201092163167,215362
2023-07-28,1726.309814453125,1734.5889262429882,1686.3602051236899,1709.3025245830297,344569
2023-07-31,1752.693359375,1759.5760792760232,1726.7087630088213,1734.6387765651953,346064
2023-08-01,1703.317626953125,1757.6311493637131,1697.6319702169826,1755.5862416833522,260609
2023-08-02,1686.659423828125,1712.3448455186383,1673.9413994959293,1703.3174932673712,752736
2023-08-03,1683.218017578125,1693.2428620206474,1666.210850107939,1685.26292511569,269065
2023-08-04,1696.6842041015625,1713.7414170795016,1685.7617138917808,1694.7391431373583,396908
2023-08-07,1685.5623779296875,1713.6916094252902,1672.7944289908098,1705.711671779538,395041
2023-08-08,1709.4022216796875,1715.3871744849114,1670.200853863977,1675.786785462684,322580
2023-08-09,1783.416259765625,1801.8698647519982,1698.7790742215009,1717.5318537977937,2491542
2023-08-10,1890.6964111328125,1910.1974310009205,1785.5109146170485,1805.460757238468,4043720
2023-08-11,1881.07080078125,1905.0604146393903,1871.6943499412407,1889.0507382171415,697959
2023-08-14,1924.7607421875,1930.147223909384,1855.484964174561,1880.2726186404077,1480009
2023-08-16,1951.6431884765625,1962.0669320637596,1901.6189360388287,1924.1622328169763,1232266
2023-08-17,1969.8475341796875,1979.573082581233,1955.0846017465426,1960.0720624652838,969098
2023-08-18,1969.0494384765625,2022.614716440696,1951.0945803749526,1974.2363487780246,1571201
2023-08-21,1994.934326171875,2012.9391077291361,1945.1595665585949,1968.9995309285857,1066063
2023-08-22,2022.7645263671875,2028.8991277286434,1993.9869008503235,1994.934469731347,647887
2023-08-23,2045.806396484375,2063.761254483556,2022.7643530715936,2030.6944884130696,707284
2023-08-24,2063.861083984375,2074.4343541569474,2031.4425906436834,2062.614218855887,462418
2023-08-25,2008.9490966796875,2056.8786409640356,1994.984207229084,2056.8786409640356,766297
2023-08-28,2000.7198486328125,2021.9664798018405,1985.458170270364,2021.9664798018405,696730
2023-08-29,2044.16064453125,2047.5520203184694,1995.9817265636977,2004.959155618707,352814
2023-08-30,2057.377685546875,2072.1406195281807,2042.21573031339,2063.412562355089,844098
2023-08-31,2043.4625244140625,2067.9010821908696,2038.3252937031475,2058.8238061767124,682000
2023-09-01,2057.926025390625,2107.650859890055,2034.8838607327555,2054.5344061723986,785674
2023-09-04,2026.3055419921875,2069.2974285432883,2014.9341073306543,2068.7986824771174,744599
2023-09-05,2058.524658203125,2074.7838301934894,2022.914234438652,2029.8467567040564,536090
2023-09-06,2062.315185546875,2081.9158104552325,2046.5048362898567,2067.0033503222494,331114
2023-09-07,2082.51416015625,2087.7509937526193,2050.5444892098867,2067.801151480736,303430
2023-09-08,2081.3173828125,2126.2045314716775,2062.115658108296,2094.7336040949585,548262
2023-09-11,2080.519287109375,2101.0677231588365,2072.539349774184,2088.698674172274,623499
2023-09-12,2052.240478515625,2106.6537300096834,2028.0514129724245,2088.6988693279077,722560
2023-09-13,2060.22021484375,2067.8012526894595,2007.3033286860614,2056.3300928216695,355761
2023-09-14,2053.337646484375,2083.7112345702735,2042.8639786252124,2045.8564551564018,287994
2023-09-15,2065.05810546875,2080.2698606231506,2045.9063050619948,2067.8012088572486,359579
2023-09-18,2050.195556640625,2067.80119540823,2042.5147941442785,2067.80119540823,323336
2023-09-20,2056.429931640625,2082.9630769431374,2017.3779675132891,2046.853909506444,451829
2023-09-21,2053.038330078125,2106.703457385764,2029.9962853658044,2057.8263411869466,298279
2023-09-22,2060.718994140625,2074.3349084940946,2044.5596695546856,2064.2601400799535,394776
2023-09-25,2151.640380859375,2168.0490771823,2035.9810989215123,2074.7835659255506,1841241
2023-09-26,2145.5556640625,2179.5203200439123,2136.0794887579614,2151.5905401989558,1021206
2023-09-27,2108.549072265625,2144.807769129865,2085.6067507093894,2137.6258736961977,582180
2023-09-28,2059.372314453125,2126.6531062815525,2040.6693380259303,2116.7780321393293,3956535
2023-09-29,2074.93310546875,2085.8558388446736,2026.0561140722737,2051.4920409937445,767501
2023-10-03,2053.93603515625,2081.067770971325,2046.853743991338,2069.097866035703,543387
2023-10-04,2017.2283935546875,2050.7939064900647,2002.5651861099477,2048.8488455322554,551771
2023-10-05,2042.4649658203125,2052.9884352731956,2017.228486695104,2017.8767592015217,461744
2023-10-06,2066.903564453125,2086.653714038253,2044.9587373333338,2050.6943171487337,444220
2023-10-09,2073.836181640625,2084.2100029818453,2027.303146729401,2029.896602064706,487722
2023-10-10,2045.6568603515625,2084.509129187149,2041.9660664996659,2084.509129187149,351329
2023-10-11,2096.0302734375,2109.4964172693562,2049.8463388492405,2053.287638011711,729470
2023-10-12,2071.99072265625,2102.5140809975383,2064.8088276137014,2099.7210541675563,285544
2023-10-13,2079.571533203125,2104.40898853737,2066.2549165486766,2069.7960621317266,321887
2023-10-16,2102.3642578125,2111.690906938475,2075.282443025743,2087.751095050651,446019
2023-10-17,2073.7861328125,2112.2894263405133,2067.9010266723285,2111.6409103407086,373789
2023-10-18,2043.8115234375,2085.1575249845596,2026.1060375029767,2083.860979992325,432748
2023-10-19,2055.432373046875,2068.7986701291366,2014.9340953041733,2040.818967278277,350097
2023-10-20,2031.043701171875,2055.432457725325,2019.3231682039584,2055.432457725325,353937
2023-10-23,1986.954345703125,2036.0310302252258,1975.0343637789163,2029.8964294394416,488451
2023-10-25,1988.251220703125,2002.8645049999218,1968.8500471623765,2002.8645049999218,512770
2023-10-26,2026.0062255859375,2035.8314986393834,1940.1221781945314,1975.0344024808082,966275
2023-10-27,2116.7783203125,2137.5758868138682,2026.0563305804765,2026.0563305804765,999445
2023-10-30,2114.43408203125,2137.8252253169117,2066.803829682156,2137.8252253169117,483782
2023-10-31,2149.29638671875,2159.570605046585,2113.7858106465524,2135.5309457037724,749792
2023-11-01,2192.138427734375,2203.7593568777734,2143.560610913415,2158.2736194661416,1081257
2023-11-02,2184.358154296875,2204.4575225321546,2169.5452993246317,2204.4575225321546,474395
2023-11-03,2190.99169921875,2193.4355064944475,2174.53307730338,2189.4954608628072,230437
2023-11-06,2227.599365234375,2239.8685670796935,2183.161042352174,2191.0413762580642,537580
2023-11-07,2417.9208984375,2443.8556935527536,2176.2285091000617,2228.8462184204323,3419427
2023-11-08,2446.69873046875,2497.5708303875904,2385.053666567307,2443.855780414883,2652822
2023-11-09,2471.835205078125,2481.0120831651493,2432.0850497658453,2446.847980703231,684007
2023-11-10,2483.107177734375,2497.869866712192,2447.895656180208,2470.738128973697,644072
2023-11-13,2552.63232421875,2557.569861634409,2479.117201784618,2488.742903579505,1131761
2023-11-15,2546.7470703125,2573.3303831137487,2528.4931581812934,2573.3303831137487,599328
2023-11-16,2538.318359375,2551.7345807949537,2485.151976268139,2550.088816071931,766675
2023-11-17,2569.9384765625,2607.144979549034,2538.367949899052,2541.160976405964,717236
2023-11-20,2616.172607421875,2630.6861673039803,2578.8165740961113,2588.4921995080604,568578
2023-11-21,2607.19482421875,2645.348894817073,2599.4143375871513,2628.291683491196,519349
2023-11-22,2620.561279296875,2640.4115182507944,2600.9606568968907,2618.4167686881447,395438
2023-11-23,2648.3916015625,2657.817853745511,2624.9006125469364,2638.167306947791,398832
2023-11-24,2643.0546875,2661.3088410751106,2633.379063132793,2653.278981211027,325606
2023-11-28,2665.049560546875,2676.7700929082207,2638.4165697591034,2661.8077111703324,535972
2023-11-29,2669.687744140625,2713.1784968694283,2661.3089079586894,2687.2437024140586,460234
2023-11-30,2780.0107421875,2802.7036895806705,2668.291616559585,2669.6880082185867,2343154
2023-12-01,2800.65869140625,2830.284159878811,2745.497326203734,2780.0106523816385,1049846
2023-12-04,2809.785888671875,2859.8100230910213,2765.2976409187595,2839.8601798884333,685830
2023-12-05,2867.540771484375,2891.2312118088394,2810.4343416496135,2812.9280722100834,676125
2023-12-06,2860.657958984375,2905.14596274485,2847.441188000592,2882.9517624135915,487235
2023-12-07,2838.064453125,2910.681926171057,2829.436243935453,2874.7222875275997,961559
2023-12-08,2834.17431640625,2880.058952422942,2793.1772942060866,2850.13418980336,688323
2023-12-11,2874.173828125,2900.0589446411946,2833.9750886799316,2851.7801777162517,577553
2023-12-12,2876.318603515625,2902.602376151271,2842.5533960557923,2889.634977905175,462633
2023-12-13,2956.01806640625,2966.4917339925687,2879.8097634752385,2887.7397773706366,887243
2023-12-14,2977.2646484375,2987.488942816086,2937.1155900240287,2982.700931864834,425400
2023-12-15,2982.252197265625,3016.9649732778757,2972.5765719806705,2992.476491946442,682553
2023-12-18,2963.997802734375,2993.9724885484493,2953.773508878762,2991.029935607868,646708
2023-12-19,2993.2744140625,3006.0423619539097,2949.5842103306272,2980.5064661710903,533290
2023-12-20,2941.554443359375,3017.4137704934865,2920.3577350542555,3014.4212940268812,713170
2023-12-21,2947.788818359375,2962.451904583946,2872.278709635153,2902.6522975706994,631420
2023-12-22,2958.06298828125,2974.4716855399106,2921.006252101412,2971.3296826602113,518707
2023-12-26,2962.551513671875,2984.4464163887983,2954.222357291124,2978.6112337667532,315645
2023-12-27,3003.199462890625,3052.0266544767405,2968.0877882404047,2968.187391337471,584065
2023-12-28,3018.411376953125,3037.3637286259964,2995.4690565070173,3017.413884759816,503705
2023-12-29,3047.28857421875,3052.6751779091414,2993.872821243745,3022.7004902997637,430702
2024-01-01,2994.571044921875,3059.308182943548,2987.9874998393866,3054.1212728780038,421730
2024-01-02,2987.688232421875,3010.3312539557887,2933.374837314978,3007.8874470629116,408928
2024-01-03,3050.679931640625,3100.105468269904,2980.8554876116386,3001.453601188856,714968
2024-01-04,3060.15625,3100.6542833230237,3053.17380526896,3066.2907290309327,299498
2024-01-05,3057.862060546875,3088.7843167055016,3037.3635484844376,3077.7120566051035,258565
2024-01-08,3036.914794921875,3075.467769373781,3030.1817228629634,3073.2234120208104,303947
2024-01-09,3107.636962890625,3135.117921150127,3051.1291283156024,3061.3034998440153,723237
2024-01-10,3165.641357421875,3181.9502088474455,3104.345266636346,3118.659377181407,951897
2024-01-11,3167.83544921875,3205.141556221793,3160.5537082076007,3181.9997882853863,485141
2024-01-12,3204.094482421875,3232.822306573651,3154.1701924849385,3194.9675261758675,597455
2024-01-15,3185.291748046875,3229.8795986806176,3172.523799754078,3229.8795986806176,381958
2024-01-16,3158.159912109375,3216.8122541946395,3135.267273034359,3195.5159434581697,370700
2024-01-17,3139.95556640625,3175.964884663569,3109.332364484082,3145.09255324776,420338
2024-01-18,3143.845947265625,3177.012561923064,3082.2508057589534,3130.130429926083,439730
2024-01-19,3201.999755859375,3210.6778889428456,3139.656495879902,3162.0002228452013,406436
2024-01-23,3156.214599609375,3217.6602117202315,3142.1001834980175,3198.9572344375056,344687
2024-01-24,3214.66796875,3233.1714976574617,3122.1505677410596,3156.1651489734836,339968
2024-01-25,3223.695068359375,3244.3431064495567,3172.0249280582907,3214.9670123466362,489321
2024-01-29,3238.258544921875,3286.736762718077,3217.510902213601,3239.8546298356036,604096
2024-01-30,3047.28857421875,3266.7867690395847,3021.453625120741,3254.816863320966,1206541
2024-01-31,3079.208251953125,3096.7142873694843,2984.7957201811755,3046.340935295991,986931
2024-02-01,3095.018798828125,3125.941056548183,3053.8722462167575,3081.2533579761034,742113
2024-02-02,3118.21044921875,3205.0918711779595,3100.2056668302316,3122.1504945877173,892545
2024-02-05,3019.558349609375,3172.025126447613,2999.1596832723267,3167.037665556972,808544
2024-02-06,3027.388671875,3113.5718961275784,3014.0720542760027,3017.4137503861202,718388
2024-02-07,3598.452880859375,3625.584618254709,2947.5892620760783,3072.2757790843725,5846891
2024-02-08,3832.314697265625,3927.525268818669,3610.572156328298,3725.982186289087,7374486
2024-02-09,3750.121337890625,3848.3243828850705,3657.9032452801375,3790.4698431734755,2001715
2024-02-12,3792.51513671875,3825.033235198524,3690.820859147037,3758.3510300488097,1087518
2024-02-13,3841.591552734375,3870.2694513753654,3757.5528410646907,3775.507699344267,1288707
2024-02-14,3911.166748046875,3940.5927666817593,3782.590106406129,3792.614707762445,725269
2024-02-15,3942.737060546875,3996.801327311498,3866.030015295193,3921.241300566065,964837
2024-02-16,4014.507080078125,4026.177689747745,3920.4435198519345,3960.04391024875,736660
2024-02-19,4037.000244140625,4089.5181082534937,4003.6341805388915,4037.84820987667,374829
2024-02-20,4015.803466796875,4063.982385358045,4000.492108725855,4047.7731382534516,468003
2024-02-21,3884.982421875,4036.900519968066,3864.13493404539,4034.955459045992,614056
2024-02-22,3944.083984375,3956.0538902456374,3820.0956606926434,3912.1642353866337,1012228
2024-02-23,3876.054931640625,3940.0938770891635,3858.748345933716,3940.0938770891635,555204
2024-02-26,3834.958251953125,3904.1341834560185,3814.409817137749,3865.281914594346,671311
2024-02-27,3927.62548828125,3984.9812890625,3832.1655346431735,3855.1078549556732,861671
2024-02-28,3914.957275390625,3945.031566581134,3875.257038746189,3930.0691841921525,411252
2024-02-29,3872.065185546875,3959.994023632606,3772.5154174695826,3921.590574776821,1235124
2024-03-01,3891.466064453125,3919.0965469836883,3848.673750671887,3914.1590097825215,645099
2024-03-04,3909.9697265625,3926.8771695757114,3832.8635356816335,3899.7953554727374,291319
2024-03-05,3842.63916015625,3925.9796802067544,3835.407341876776,3919.645507474767,549270
2024-03-06,3862.28955078125,3884.0848513652595,3740.8448832172994,3866.7283420809968,1009678
2024-03-07,3942.288330078125,3968.023675624194,3830.66905863518,3880.2443685716726,680535
2024-03-11,3994.65673828125,4233.306977136751,3890.319206190449,3972.013715329967,3757634
2024-03-12,3998.547119140625,4068.3715694527164,3947.6250963144926,4015.703935368782,899570
2024-03-13,3934.15869140625,4027.8231004158733,3867.7755446993588,4012.8607191984675,968084
2024-03-14,4070.865234375,4094.7051989012325,3860.8931407407226,3890.2193119889907,723158
2024-03-15,4053.7080078125,4134.604713736265,3971.265383971653,4040.8903805708783,1197832
2024-03-18,4060.840576171875,4073.758051159276,3995.85381471866,4053.708360988797,328538
2024-03-19,3945.729736328125,4077.747920146359,3933.809753809298,4069.7679829249373,489357
2024-03-20,3955.106201171875,3994.906039570525,3833.611611572551,3961.490053364142,607192
2024-03-21,3991.81396484375,4005.6290846822194,3947.77454133075,3955.056282561691,622994
2024-03-22,3938.697509765625,4014.9058108509334,3912.11419846621,3999.943428947141,678055
2024-03-26,3872.01513671875,3938.6975840726823,3856.3545587363337,3875.256986192399,844731
2024-03-27,3865.4814453125,3912.6628716675973,3857.3020585694326,3872.763186551803,524636
2024-03-28,3938.098876953125,3965.03116410554,3865.4814021476104,3865.4814021476104,837624
2024-04-01,3877.05224609375,3973.409834428658,3859.34676176123,3964.981075099971,523250
2024-04-02,3882.1396484375,3899.9949042568965,3863.5365170248556,3890.2194323622116,604885
2024-04-03,3913.011962890625,3938.0488683620124,3833.3621216811507,3875.256789677666,727717
2024-04-04,3993.16064453125,4018.8460681550637,3905.23180631389,3940.094109284034,910922
2024-04-05,3922.73779296875,4042.735905824329,3902.38880664694,3998.9460971086914,679916
2024-04-08,3921.989501953125,3970.018650273104,3913.7601919368553,3922.737621045513,471027
2024-04-09,3892.5634765625,3949.0213845052117,3885.1319654369063,3949.0213845052117,483412
2024-04-10,4011.065185546875,4103.034150270881,3894.3586120278296,3919.146387660946,1107300
2024-04-12,4043.68359375,4103.6329685470255,4014.9058482092582,4036.8506752056815,776121
2024-04-15,3959.24560546875,4056.5510087961857,3924.383305183843,3940.1437291127195,597371
2024-04-16,3978.1982421875,4023.4845330331045,3902.5882866442307,3958.048948965475,577349
2024-04-18,4076.850341796875,4167.42243592973,3966.627457109786,3977.99877042634,1484951
2024-04-19,4148.52001953125,4164.28020009909,3954.1086605274063,4077.6978359569025,1180675
2024-04-22,4158.1455078125,4294.003634447336,4104.679835868348,4204.728094882276,1179181
2024-04-23,4147.87109375,4214.404009864496,4129.617183630536,4204.429089131089,626656
2024-04-24,4211.1630859375,4234.3547817385415,4147.872005154525,4147.872005154525,641190
2024-04-25,4312.30810546875,4336.098390738181,4185.178022754635,4239.3416518604245,761557
2024-04-26,4294.05419921875,4362.033192144625,4282.682886067448,4329.11595104223,622336
2024-04-29,4303.28076171875,4503.676826997049,4042.2368845870765,4348.068059552632,2349939
2024-04-30,4398.8408203125,4658.288642774298,4369.065580291555,4438.840355534395,4924865
2024-05-02,4635.04638671875,4664.971147464415,4384.077295853774,4398.839982998974,1998618
2024-05-03,4512.3046875,4668.811088326285,4470.759242198796,4668.462355763938,1313008
2024-05-06,4497.74169921875,4568.513960747776,4469.014120663804,4543.576657468585,735051
2024-05-07,4492.6552734375,4546.569533037948,4405.823283561733,4520.634735350587,982212
2024-05-08,4487.318359375,4530.609422006607,4459.188885446061,4487.667579044755,596788
2024-05-09,4396.89599609375,4537.093331839376,4370.312438965993,4501.482665004661,688477
2024-05-10,4460.18603515625,4473.0039059279425,4389.962689410465,4421.882436300066,549717
2024-05-13,4454.5009765625,4510.310371217049,4347.070875074925,4464.4758982584035,637292
2024-05-14,4528.9638671875,4537.592077419518,4437.144416737039,4459.787684797245,559577
2024-05-15,4515.646484375,4568.014816698766,4497.891320809797,4538.588801393031,413777
2024-05-16,4585.1220703125,4622.5781917695485,4518.739164341771,4518.739164341771,500593
2024-05-17,4622.92724609375,4661.281015719443,4543.576937000226,4588.464085664335,752254
2024-05-21,4655.5947265625,4716.093012632343,4612.054293406174,4678.237992264581,668195
2024-05-22,4637.41650390625,4704.179154289629,4535.675469798425,4670.697693162476,742788
2024-05-23,4688.91015625,4702.332756845062,4598.5958280465875,4643.453802546705,459499
2024-05-24,4705.7255859375,4768.097358260545,4644.551546554846,4698.340865550345,549566
2024-05-27,4672.39404296875,4751.082365603643,4640.4596966690915,4749.2360637523025,611635
2024-05-28,4606.42919921875,4714.0580147244955,4590.5619196046955,4688.211252676517,445558
2024-05-29,4662.46435546875,4709.817199199696,4590.662264642781,4640.459789443497,744694
2024-05-30,4641.806640625,4688.360828535481,4592.757582116106,4659.520221873724,523206
2024-05-31,4549.7958984375,4700.33649707903,4489.669513310321,4655.428823540059,3005008
2024-06-03,4652.63525390625,4736.06335083396,4595.053435961553,4736.06335083396,450140
2024-06-04,4528.8388671875,4675.387668841767,4187.390962318048,4675.387668841767,1175204
2024-06-05,4893.73828125,4921.930318435768,4514.967229653503,4674.3894576332,1231971
2024-06-06,4868.44091796875,4918.487926101998,4811.158297620457,4899.975693381831,512601
2024-06-07,4954.41455078125,5000.120390990578,4831.0680354002425,4868.44139658465,488611
2024-06-10,4959.25439453125,5036.994469961768,4909.90565598362,5014.6902279101,417996
2024-06-11,4896.533203125,4999.7209594020815,4874.678232914041,4998.723011106791,512441
2024-06-12,5017.73388671875,5078.908411483467,4898.978035899042,4934.854473138291,954491
2024-06-13,5013.54296875,5177.356094683126,4961.848951304331,5177.356094683126,932377
2024-06-14,5234.78759765625,5283.138388511244,5029.659516074173,5039.68870174504,1424125
2024-06-18,5346.60791015625,5440.814132231292,5194.320902102691,5288.128042313576,1247457
2024-06-19,5345.8095703125,5390.917031015085,5277.550000067278,5363.92272283747,707909
2024-06-20,5326.19970703125,5410.875718300829,5294.165468934,5363.872255604812,516737
2024-06-21,5255.54541015625,5342.865891108196,5189.331439429938,5326.199958689008,638917
2024-06-24,5384.6796875,5428.838900986888,5189.331302413937,5255.545271391975,543826
2024-06-25,5327.84619140625,5447.799772029316,5293.167487966422,5429.337728471422,559045
2024-06-26,5352.794921875,5383.931103893633,5249.208082758204,5334.033688658289,578724
2024-06-27,5318.06689453125,5375.947900326486,5292.8686980428065,5349.0032941804275,900729
2024-06-28,5468.607421875,5497.697519133708,5347.555993353582,5349.003213388396,970080
2024-07-01,5504.33349609375,5543.6028595302905,5368.96190535967,5488.715702505238,544030
2024-07-02,5524.5419921875,5557.124907290879,5448.797812361659,5503.684969812189,428098
2024-07-03,5482.828125,5566.306406988249,5448.847691328398,5548.5928237828275,355297
2024-07-04,5585.9658203125,5608.4693592175145,5482.478388292033,5536.617082729319,440575
2024-07-05,5608.36962890625,5632.86955236739,5523.64391455621,5548.592622390701,362427
2024-07-08,5582.7724609375,5653.377305485264,5560.568110532019,5649.585296732291,273130
2024-07-09,5581.375,5623.039339680345,5538.612819782373,5595.695654926853,313079
2024-07-10,5556.576171875,5614.906445315172,5458.826940318977,5598.490000757678,425869
2024-07-11,5623.68798828125,5651.381052772586,5533.623156917533,5533.623156917533,578262
2024-07-12,5639.6552734375,5684.3134594116345,5599.587747052908,5653.277170139086,476682
2024-07-15,5663.9052734375,5743.142758201093,5634.166609039288,5678.325821269725,498397
2024-07-16,5635.71337890625,5713.703430301518,5615.804602197078,5688.255748022843,641858
2024-07-18,5297.60888671875,5648.637223518848,5272.111500947548,5638.308360502524,1342486
2024-07-19,5155.75048828125,5297.608746928956,5095.573911192877,5297.608746928956,879290
2024-07-22,5199.5107421875,5228.201757548557,5073.120192521215,5099.516121565177,631260
2024-07-23,5253.00048828125,5299.355385448888,4945.482792408005,5199.510844931245,763626
2024-07-24,5276.0029296875,5368.961713951802,5252.301658180742,5274.156627924772,711861
2024-07-25,5299.0556640625,5324.50334520137,5215.277711048447,5264.077284482393,302964
2024-07-26,5382.28466796875,5400.447035021167,5314.074802855549,5349.002994048027,336310
2024-07-29,5506.07958984375,5538.563097824119,5353.9923736474675,5403.84008376216,533654
2024-07-30,5608.96875,5648.387710168135,5508.674939951961,5538.6133907125695,789712
2024-07-31,5827.02001953125,5907.155071676911,5613.5087896513805,5613.5087896513805,1671711
2024-08-01,5758.9599609375,5881.907388676728,5711.208523725401,5881.907388676728,767562
2024-08-02,5526.88720703125,5793.938271236846,5512.666443667336,5713.254053221488,560989
2024-08-05,5335.9296875,5413.220978531929,5215.327537544173,5349.00290773412,1074769
2024-08-06,5209.98876953125,5456.481994181395,5183.8920322396825,5344.112920629936,642644
2024-08-07,5461.22216796875,5488.515663144271,5263.778006634836,5278.148364169315,717292
2024-08-08,5632.52001953125,5715.648916858961,5478.736091173746,5503.684798328453,1183241
2024-08-09,6262.47509765625,6360.77300733774,5615.056123992633,5727.075823096665,6877196
2024-08-12,6369.25537109375,6420.799302856472,6264.12142120455,6290.018374261977,1889796
2024-08-13,6368.6064453125,6429.780477197602,6317.012326658516,6361.919997227179,651594
2024-08-14,6425.140625,6438.762522030426,6278.192735761162,6386.869209701601,885572
2024-08-16,6489.05908203125,6534.565623044076,6426.787204093441,6426.787204093441,1153478
2024-08-19,6676.17431640625,6736.151107426037,6508.918081823752,6561.510152789066,1827850
2024-08-20,6779.9609375,6805.708296309899,6591.4983013768615,6696.2331716030585,1143592
2024-08-21,6769.283203125,6810.997247767312,6726.171641018561,6786.048539900032,651691
2024-08-22,6975.458984375,6995.667437890202,6776.069104603458,6810.9972958643,771279
2024-08-23,6934.4931640625,7015.576462437039,6897.569077418094,7005.596979560172,625160
2024-08-26,6911.39111328125,7083.387606945052,6893.727232771089,6985.638372238867,754901
2024-08-27,6855.8046875,6958.693251065865,6765.340774743764,6955.649703769726,578002
2024-08-28,7227.2412109375,7309.971024461528,6935.989913005288,6975.658356448612,2358476
2024-08-29,7155.9375,7276.988914730532,7078.397213574609,7255.034053296209,836313
2024-08-30,7144.0625,7259.824504539899,7115.4211884477445,7195.207351143706,1169809
2024-09-02,7133.5341796875,7252.838703149571,7096.7596876513,7164.52027925927,625283
2024-09-03,7028.35009765625,7165.268799431822,6980.648363791865,7164.270851131066,857908
2024-09-04,7125.2509765625,7154.24166707303,6935.790394169512,7028.549883655445,576206
2024-09-05,7152.94384765625,7194.209106236129,7075.702748715594,7155.1892312724285,667571
2024-09-06,7088.9755859375,7175.1987105155695,7045.515131560406,7170.158779137362,384793
2024-09-09,7122.0078125,7141.019020449166,7033.58949349449,7089.424897161364,349967
2024-09-10,7123.30517578125,7185.227672127182,7080.942076052558,7141.317947464183,376043
2024-09-11,7134.1826171875,7204.837160086284,7093.117143161685,7146.257888760727,428437
2024-09-12,7195.7060546875,7294.003960018159,7128.194951172634,7183.231701219142,572357
2024-09-13,7218.31005859375,7266.161877207878,7185.27787053207,7233.628663324533,468707
2024-09-16,7303.7841796875,7369.7988527787875,7196.205542607457,7255.084495181835,502100
2024-09-17,7388.2607421875,7493.394208695172,7309.971500961664,7399.786850461534,753643
2024-09-18,7320.94873046875,7437.708681595364,7230.983788659131,7419.745612191269,388287
2024-09-19,7311.11865234375,7440.702333218142,7168.81113097197,7440.702333218142,395523
2024-09-20,7449.83349609375,7492.595677296595,7266.909771499867,7334.919849244801,798170
2024-09-23,7607.80908203125,7629.314672756874,7448.835627156044,7505.51938236381,510496
2024-09-24,7605.71337890625,7666.238845887104,7565.046985653204,7624.27531475494,613798
2024-09-25,7599.2763671875,7726.115692821851,7554.019314594765,7602.61959142858,576171
2024-09-26,7829.30322265625,7923.609333721409,7694.72980163278,7709.050456694857,1712253
2024-09-27,7817.6279296875,7921.664041786555,7720.527266027377,7883.742005721671,11179751
2024-09-30,7559.109375,7817.8776746297735,7468.395967403351,7798.716871390056,1117618
2024-10-01,7597.08154296875,7631.760247875679,7506.816920464684,7584.407404105367,559721
2024-10-03,7472.537109375,7638.795396531344,7435.712913914043,7553.9697895413165,741293
2024-10-04,7338.212890625,7440.652671365598,7257.079890392533,7425.733149671458,938897
2024-10-07,7434.2158203125,7488.5041100805865,7269.0553775630915,7292.207972908622,854385
2024-10-08,8025.4501953125,8056.835375686233,7435.7124768228905,7504.5709066847585,2278240
2024-10-09,8203.9833984375,8305.126049618584,8018.515085262202,8072.404296787299,1260784
2024-10-10,8012.37744140625,8253.980826377834,7995.561914810998,8183.176198383698,606292
2024-10-11,8218.0546875,8291.752780882487,7933.689119676057,8052.444969391963,800644
2024-10-14,8175.04248046875,8327.878157710697,8146.9503346484735,8263.061223872228,417498
2024-10-15,8107.58154296875,8243.05302580815,8073.4018134125845,8207.12688671262,460534
2024-10-16,7789.78466796875,8116.413439879935,7750.565494576035,8093.360736626749,900545
2024-10-17,7703.8115234375,7863.882333858432,7604.565857024931,7764.336990587154,997450
2024-10-18,7752.1123046875,7783.9969486389,7614.445625380208,7704.161082499014,571161
2024-10-21,7590.943359375,7833.89406513481,7537.004449290529,7803.955616478243,662166
2024-10-22,7481.9677734375,7650.770630677909,7454.0749235818175,7619.285556771075,610564
2024-10-23,7495.88916015625,7569.438147616397,7434.715121917226,7452.678192010449,505590
2024-10-24,7472.63671875,7624.723939127647,7371.594455425556,7553.670313977278,448738
2024-10-25,7346.3466796875,7495.789437037636,7049.556466585612,7434.714806400796,590268
2024-10-28,7292.85693359375,7413.75827851805,7207.33256524422,7347.145226278034,419026
2024-10-29,7395.09619140625,7430.823033391369,7149.750988396012,7298.295205012602,359440
2024-10-30,7237.5703125,7413.55810463381,7200.196953911993,7404.776354542894,481764
2024-10-31,7113.724609375,7258.9260818734365,7056.492178944645,7244.106452688329,742508
2024-11-01,7134.33251953125,7200.097216177627,7110.3817599188915,7139.27255861308,76497
2024-11-04,7049.25732421875,7135.629554918175,6935.740704770174,7094.4144849224695,681708
2024-11-05,6954.05322265625,7063.977131850545,6780.110539375032,6991.625879175662,1026360
2024-11-06,6941.1796875,7221.153887723783,6787.146270175377,7009.588848448293,1142746
2024-11-07,6492.15234375,7000.856464451954,6293.9100212403255,6984.6398053810235,4427899
2024-11-08,6286.02685546875,6549.684513032277,6257.136056277979,6536.5615898916685,2523322
2024-11-11,6467.40380859375,6606.417813287862,6199.304605244544,6217.567351688221,2339199
2024-11-12,6515.1552734375,6704.116884235853,6486.664043971528,6506.623010260671,1258152
2024-11-13,6484.91748046875,6606.118495294029,6399.2937120328215,6485.665941686824,758642
2024-11-14,6449.740234375,6536.860931070969,6353.986894563276,6482.672530171747,620489
2024-11-18,6288.720703125,6439.760273285325,6262.125478826191,6398.445311805211,828906
2024-11-19,6410.67041015625,6566.400050514111,6346.751527919814,6346.801717703465,674042
2024-11-21,6447.1953125,6505.624990760337,6333.179718820852,6386.869142639386,1511541
2024-11-22,6639.150390625,6664.29888320927,6416.807699765738,6446.6462570879185,833104
2024-11-25,6761.0498046875,6824.518924628863,6676.3236070174125,6785.050265590918,1490945
2024-11-26,6655.66650390625,6796.327022560528,6632.51390874113,6761.099642948894,476650
2024-11-27,6831.05615234375,6894.824952625998,6617.744698642229,6678.270166879893,784373
2024-11-28,6729.365234375,6872.321329686292,6702.270547953176,6835.945918899493,813013
2024-11-29,6781.45751953125,6806.0071442228955,6714.295796436246,6736.150765909757,720647
2024-12-02,6791.33740234375,6883.847405091419,6739.743767363892,6763.145362738961,446537
2024-12-03,6827.3134765625,6850.465583998285,6668.090538132815,6791.337149155444,842566
2024-12-04,6809.79931640625,6905.8021363933185,6717.389694982686,6875.86368782514,899250
2024-12-05,6955.79931640625,7060.434289704225,6708.208253796122,6855.854894877059,1140361
2024-12-06,6985.58837890625,7125.350843037527,6915.831403098337,7035.53549627655,1088961
2024-12-09,6935.44140625,7010.586717362049,6853.210077563727,6970.66878587529,825347
2024-12-10,6863.9384765625,6945.670836522051,6796.028286031637,6935.741055494843,579733
2024-12-11,7048.80810546875,7085.433003369779,6820.776916557483,6879.755759154098,1037764
2024-12-12,6998.1123046875,7092.218632461221,6965.678985628342,7031.743356592923,776145
2024-12-13,6985.8876953125,7013.480868779132,6855.904927223581,6985.638208233634,526964
2024-12-16,6985.9873046875,7020.566114962024,6928.505386588855,6985.637925335347,497823
2024-12-17,6927.40771484375,7015.576544548697,6876.861730936709,6985.638095567692,545205
2024-12-18,7099.15478515625,7162.275015718349,6834.748185700152,6921.519986104019,1201264
2024-12-19,7077.44921875,7169.659542587471,6977.255308653363,6980.648235357621,660251
2024-12-20,6817.53369140625,7173.252567112005,6775.470266922273,7110.381822575548,768861
2024-12-23,6931.7490234375,7055.494614987493,6845.975170511833,6855.9049511971825,783189
2024-12-24,6992.77294921875,7064.475628095549,6887.83878868703,6961.686958835224,486797
2024-12-26,7049.2080078125,7060.484629340506,6933.79489044359,7033.490321181813,440974
2024-12-27,7103.6953125,7219.158127729489,7060.484345270409,7086.431001521579,530288
2024-12-30,6940.08203125,7130.390484455175,6901.062154287562,7124.652281586566,960856
2024-12-31,7108.73486328125,7131.338294003251,6803.811478871517,6939.7322273297805,915919
2025-01-01,7053.54833984375,7165.069063205771,7035.535567805333,7106.389897637131,412650
2025-01-02,7305.9794921875,7320.948716662682,7041.473490622799,7085.432918253142,706114
2025-01-03,7292.70703125,7477.676359958305,7265.1635605463125,7334.92004968539,940233
2025-01-06,6983.99169921875,7323.543613955769,6921.021062982828,7292.707108427459,942724
2025-01-07,6860.19580078125,7070.463702411169,6824.319851779589,6995.817364515557,601356
2025-01-08,6685.35546875,6859.397552595137,6576.828592508678,6855.45546194862,1257939
2025-01-09,6608.1142578125,6705.214429622301,6558.7158184217715,6705.214429622301,592991
2025-01-10,6570.591796875,6612.4057350816365,6466.705276687142,6587.457026452443,768200
2025-01-13,6211.62939453125,6510.465212374646,6142.371878925012,6449.390580583871,1068954
2025-01-14,6148.50927734375,6304.039622571977,6125.406870879658,6224.602837771344,1130732
2025-01-15,6377.13916015625,6505.625004508211,6152.052114729506,6187.279495007042,1463322
2025-01-16,6198.8056640625,6484.668153941428,6137.881114314673,6484.668153941428,1477566
2025-01-17,6203.79541015625,6297.053875216844,6067.525762491032,6204.19497930629,770051
2025-01-20,6077.50537109375,6212.228396561345,6061.587900210053,6197.25917150939,909757
2025-01-21,5725.1796875,6096.466157142986,5711.557303398332,6078.104005901636,1553225
2025-01-22,5614.806640625,5736.206956576829,5556.576258562941,5724.231576709236,1377528
2025-01-23,5721.83642578125,5780.565780234827,5593.549880447522,5608.4694023281245,2106761
2025-01-24,5479.185546875,5743.242282447255,5455.23478720191,5708.264388753128,1119070
2025-01-27,5401.4951171875,5534.072647553884,5339.023455560011,5465.76289086022,1186126
2025-01-28,5443.908203125,5527.536080889252,5306.291221559104,5472.748813310365,1136463
2025-01-29,5585.666015625,5640.303682954119,5404.58859590373,5483.7256981462815,701998
2025-01-30,5499.89306640625,5622.440927202754,5445.604287083243,5588.510683765606,575077
2025-01-31,5741.396484375,5805.713961397563,5516.408840137716,5557.574208444112,1029356
2025-02-01,6176.80078125,6257.534698367686,5665.401998350256,5768.140967061152,2120509
2025-02-03,6122.5126953125,6219.712761999206,6023.566219105778,6197.258925313289,1498258
2025-02-04,5738.501953125,6177.30001849428,5641.851049444329,6157.291349856655,2602288
2025-02-05,5738.1533203125,5894.082750280389,5713.653395908264,5753.871006853264,1428644
2025-02-06,5266.27294921875,5833.007678185734,5234.238712075992,5833.007678185734,6021478
2025-02-07,5443.20947265625,5506.429599128463,5244.218665836632,5310.482339914809,2846965
2025-02-10,5186.087890625,5478.736233132487,5159.39277327777,5448.797783771107,1529876
2025-02-11,5217.623046875,5239.228529928245,5124.464476415531,5200.857223211567,1596380
2025-02-12,5226.5546875,5279.146760345665,5102.809092361463,5217.623342154052,1313946
2025-02-13,5246.0146484375,5366.966182379481,5193.622360491252,5235.885570223784,986050
2025-02-14,5106.8505859375,5314.074443054434,5022.873337969341,5257.191392678076,888168
2025-02-17,5085.99365234375,5148.714311250127,4987.895045096998,5099.515656481945,1078162
2025-02-18,4987.49658203125,5108.947096393439,4918.139168705019,5089.53680523423,721122
2025-02-19,4981.20947265625,5092.829605469529,4929.864835279858,4949.823802224311,764148
2025-02-20,5089.037109375,5126.759358376238,4941.2910656274935,4949.823328267477,812700
2025-02-21,5037.8427734375,5157.347081661907,5012.694281513155,5077.560920632875,912164
2025-02-24,5055.60595703125,5069.577232869868,4918.138582261993,4988.344340806933,823625
2025-02-25,4949.7236328125,5118.7262734085625,4926.171955680745,5079.556802973063,976304
2025-02-27,4795.44091796875,4948.825771288903,4760.313429100416,4940.842184644355,997906
2025-02-28,4841.595703125,4866.394814930158,4705.3260626487145,4750.233734508564,2178604
2025-03-03,4936.75048828125,5012.644751023363,4765.203268086044,4889.9965116400535,1415550
2025-03-04,4989.54150390625,5059.497774226478,4855.717032373035,4888.848622160819,898723
2025-03-05,5095.6240234375,5309.085072016247,4976.768280854329,4976.768280854329,2128488
2025-03-06,5059.09912109375,5163.883697031189,4960.751506875683,5163.883697031189,1499675
2025-03-07,4989.591796875,5089.486516991938,4974.772167485881,5064.587512535776,690809
2025-03-10,4789.8525390625,4987.595892654276,4777.926862242983,4979.76190122552,1217553
2025-03-11,4985.20068359375,5034.648823509518,4713.259790748092,4729.975423611082,1437957
2025-03-12,5005.06005859375,5094.526025423706,4949.823523232436,5000.319804211622,1026027
2025-03-13,5012.09521484375,5097.419790584754,4959.902716056635,5019.679719032168,860279
2025-03-17,5148.96435546875,5169.272702403815,5003.713164056563,5012.095832970446,856529
2025-03-18,5148.96435546875,5148.96435546875,5148.96435546875,5148.96435546875,0
2025-03-19,5220.11767578125,5289.0258071994995,5183.9420518932975,5265.224644095957,957079
2025-03-20,5210.83642578125,5264.725630618401,5148.215173864006,5236.234403343116,759448
2025-03-21,5139.4833984375,5282.589573114846,5114.983962818169,5213.780843574973,1197537
2025-03-24,5044.3291015625,5157.546035629564,5034.449024284557,5139.882644366585,908085
2025-03-25,5174.412109375,5238.031319295499,5055.606548348985,5110.9429815367275,1461587
2025-03-26,5311.03125,5398.900404556087,5107.9984696340725,5194.320999207843,1625697
2025-03-27,5411.17529296875,5433.779213545059,5324.85275830603,5348.005355578229,1670468
2025-03-28,5314.22412109375,5514.612425645996,5279.146336934654,5411.823754057287,1535964
2025-04-01,5565.30810546875,5603.429924916125,5323.255943545191,5339.871685055737,2260895
2025-04-02,5670.84130859375,5690.301300765783,5504.483129318999,5618.99769863904,1491897
2025-04-03,5663.65576171875,5739.200642535576,5598.489932989843,5618.448898882854,960710
2025-04-04,5551.43701171875,5676.330148813492,5533.024669963504,5676.330148813492,680922
2025-04-07,4731.2236328125,4996.3285261872,4478.792391672209,4996.3285261872,7644740
2025-04-08,4757.41943359375,4953.865170875101,4674.589722901813,4892.940620753837,3035242
2025-04-09,4610.720703125,4757.419095988371,4595.55169480151,4757.219311426449,1598513
2025-04-11,4770.74169921875,4820.090439102295,4651.1876840674995,4772.687893376134,1894062
2025-04-15,4866.99365234375,4974.772064165182,4820.589058365078,4868.989548858962,1587931
2025-04-16,5025.16845703125,5039.139732654016,4842.04495154714,4911.90132966097,1589998
2025-04-17,5119.9736328125,5133.445934545854,4943.8357620023635,5041.634693103742,1464066
2025-04-21,5349.0029296875,5363.473180150274,5115.4830256675605,5169.372234287546,1309441
2025-04-22,5312.0791015625,5407.383169606689,5289.126289363376,5367.964209525585,1166872
2025-04-23,5318.06689453125,5370.958158447586,5199.810012001328,5339.522784610518,970478
2025-04-24,5312.57763671875,5387.922731406881,5245.216128222739,5300.1032832935625,1039905
2025-04-25,5134.4443359375,5345.0114408709915,5094.526401352952,5323.05657684949,1030377
2025-04-28,5198.81201171875,5241.224817265932,5104.505891149132,5113.986400624385,982085
2025-04-29,5380.4384765625,5498.695354884425,5164.382660894174,5210.2882845465665,1420743
2025-04-30,5161.88720703125,5423.848616764591,5109.494925084582,5423.848616764591,2709549
2025-05-02,5143.42529296875,5257.690367870752,5118.975560784478,5161.887335638506,756554
2025-05-05,5359.4814453125,5370.957850976981,5144.423582643318,5164.382549016327,1310015
2025-05-06,5213.2822265625,5412.372924150406,5199.310949538787,5369.9601188998495,709414
2025-05-07,5222.263671875,5260.185708857849,5131.94934695532,5134.444217809454,711009
2025-05-08,5215.77685546875,5308.087074378319,5168.873284779564,5222.263519500233,926044
2025-05-09,5102.509765625,5196.815881966006,5053.111323732092,5053.111323732092,778167
2025-05-12,5429.8369140625,5466.761002616132,5214.280072776432,5319.064648401603,1203631
2025-05-13,5315.57177734375,5445.305060185145,5309.0851132016805,5432.83070606578,728870
2025-05-14,5350.9990234375,5400.896440664631,5280.643665147246,5329.044159857563,557468
2025-05-15,5566.056640625,5618.448926350291,5300.602392950191,5350.998782076424,1521892
2025-05-16,5571.54541015625,5598.988988658722,5533.623374407381,5582.522841557239,808195
2025-05-19,5539.611328125,5627.430783515921,5518.654412633985,5598.490281171185,604580
2025-05-20,5438.31884765625,5592.501848291701,5421.8527019573185,5592.501848291701,748551
2025-05-21,5432.33203125,5526.139179396872,5358.982824986222,5439.317669941788,607763
2025-05-22,5331.03955078125,5437.820013516854,5274.156500538919,5429.83642751793,962354
2025-05-23,5424.34814453125,5488.216837613763,5392.413797989993,5393.910720484115,1127412
2025-05-26,5514.662109375,5525.140566151771,5405.386774417244,5443.807782598738,640440
2025-05-27,5561.56591796875,5621.442816421671,5473.746466904467,5513.664399206414,1019222
2025-05-28,5547.5947265625,5589.009581959575,5523.643966814793,5575.537279601491,452258
2025-05-29,5645.3935546875,5677.826874561522,5556.57615564787,5558.572052255502,1192069
2025-05-30,5631.92138671875,5716.248020399575,5613.4593426584515,5644.395740813547,1440608
2025-06-02,5609.966796875,5669.344725259606,5558.572455500089,5669.344725259606,504095
2025-06-03,5578.53125,5648.387634168158,5556.576386404294,5634.915331507156,510323
2025-06-04,5495.2021484375,5595.495949566705,5470.253441688941,5578.530828977686,748937
2025-06-05,5661.36083984375,5697.286979493737,5504.682953036863,5527.635764479911,1212876
2025-06-06,5765.1474609375,5794.586936460722,5602.980858479071,5688.305440080275,1034577
2025-06-09,5901.3671875,5912.3446186427245,5752.672892930372,5806.063126215439,1377600
2025-06-10,5802.0712890625,5942.781996279186,5793.089754559307,5916.83534104774,683305
2025-06-11,5764.6484375,5826.022258828875,5747.6833161570585,5805.065344228772,545428
2025-06-12,5619.19677734375,5829.386190339016,5602.721122643408,5767.97693191047,974013
2025-06-13,5581.751953125,5609.2113768657755,5472.91278266156,5497.376632903342,711911
2025-06-16,5671.11962890625,5686.596757922545,5553.293743491876,5580.753165940141,605268
2025-06-17,5618.1982421875,5693.586843855528,5593.734391315094,5678.608975974463,529572
2025-06-18,5726.5380859375,5750.502674265747,5618.697438460386,5645.657600329665,864129
2025-06-19,5715.0546875,5791.441807897266,5656.641007196208,5791.441807897266,886990
2025-06-20,5888.79833984375,6021.102838365038,5711.560238051081,5747.507120668186,10424185
2025-06-23,6110.9697265625,6200.836928423713,5821.397631676368,5841.36812097886,2271641
2025-06-24,6048.56201171875,6195.844371888542,6024.098162063428,6164.890113140992,1459591
2025-06-25,6115.46337890625,6146.916901060801,6071.029038084742,6081.0142832131705,815696
2025-06-26,6097.9892578125,6125.947944437479,6004.127952714354,6113.965650169631,851467
2025-06-27,6010.6181640625,6149.912330336562,5973.173495709258,6109.971350759771,1935325
2025-06-30,6208.326171875,6251.7619882765375,5959.194305388018,6041.073315616204,2136461
2025-07-01,6134.9345703125,6217.312842130661,6120.955227216085,6217.312842130661,558024
2025-07-02,6213.31884765625,6242.775321100341,6054.05418615345,6121.454591491625,1159148
2025-07-03,6181.865234375,6248.766376468866,6133.436795695112,6224.801788256138,750787
2025-07-04,5447.94970703125,5776.464269643655,5342.106109350658,5666.62657393738,7516962
2025-07-07,5490.88623046875,5514.351556239984,5432.472547165891,5491.884754969654,1445372
2025-07-08,5431.97314453125,5509.358791351318,5362.076431274414,5504.36616897583,1699343
2025-07-09,5400.0205078125,5496.378122273281,5392.032311795026,5431.973291882397,969206
2025-07-10,5422.986328125,5436.965670528562,5379.051251999516,5421.987803667603,947485
2025-07-11,5356.08544921875,5411.004297038853,5331.621598826159,5411.004297038853,942210
2025-07-14,5306.658203125,5385.042372650884,5279.698042905906,5360.0792613369085,829406
2025-07-15,5382.046875,5397.024741999072,5301.16639320501,5321.6361447704085,577430
2025-07-16,5374.05859375,5461.928745412951,5367.068922594993,5407.009900623607,716193
2025-07-17,5409.50634765625,5446.9510154988175,5367.069057434674,5392.032169329718,490075
2025-07-18,5367.0693359375,5435.468266079215,5348.596632176599,5416.995562318314,418316
2025-07-21,5368.06787109375,5390.5346730096,5341.107708794731,5367.568608828953,404842
2025-07-22,5352.59033203125,5445.952368416833,5343.104349724693,5401.518030244016,451766
2025-07-23,5351.0927734375,5382.546295057818,5312.15031809806,5375.057361338694,521291
2025-07-24,5146.39501953125,5320.637536199508,5133.414201670577,5307.157456113426,1326255
2025-07-25,5035.55908203125,5163.869481008251,5025.573836974674,5146.395302159242,1136699
2025-07-28,4986.63134765625,5101.960927282661,4973.151266920696,5035.559048103818,1450708
2025-07-29,4994.1201171875,5044.545602725432,4950.185040679202,4986.631183691768,1285403
2025-07-30,5036.05810546875,5066.013839217944,4980.140735803587,5004.105322802942,640920
2025-07-31,5010.595703125,5069.508645828143,4957.174644911132,4967.659151663386,752111
2025-08-01,5172.35693359375,5267.716023778731,4997.615145296664,5026.572355928753,2034517
2025-08-04,5241.2548828125,5281.195861153613,5154.882517149844,5267.216518734223,790968
2025-08-05,5309.65380859375,5348.097000249764,5192.32718470851,5237.26078534541,976873
2025-08-06,5348.59619140625,5421.987738137952,5310.153000261073,5342.1057825116095,2486662
2025-08-07,5295.6748046875,5431.97340199868,5202.8120241018605,5277.202101022614,2293342
2025-08-08,5309.15478515625,5366.070681856251,5230.77061163081,5322.135603701864,1192637
2025-08-11,5435.46826171875,5478.904078635213,5298.670401545062,5322.135727925221,1110381
2025-08-12,5357.5830078125,5451.943569593934,5349.594812106136,5435.467915949556,441837
2025-08-13,5390.53466796875,5436.966058551421,5352.091473615356,5357.583358522984,615620
2025-08-14,5362.57568359375,5431.973134484684,5352.091176624615,5415.996742912671,697401
2025-08-18,5510.8564453125,5614.702988221089,5492.883005193706,5521.840214273985,1714061
2025-08-19,5487.890625,5553.29397942822,5456.936365652293,5541.810947734716,548359
2025-08-20,5444.9541015625,5489.887704087772,5423.985087050706,5487.8906550866495,636301
2025-08-21,5444.45458984375,5538.81515082316,5430.974509703835,5448.947949890389,607314
2025-08-22,5410.005859375,5476.407740077923,5396.0265160691215,5444.454955378772,443698
2025-08-25,5414.99853515625,5477.406318384586,5396.026569054836,5451.9439428274245,656081
2025-08-26,5287.18701171875,5438.962729524463,5264.220949156043,5412.002569124764,949915
2025-08-28,5227.77490234375,5290.182682192186,5207.305150553463,5287.187108759461,784214
2025-08-29,5290.1826171875,5403.015881767,5222.28295354674,5231.269673734488,1333724
2025-09-01,5441.95849609375,5453.940790030103,5296.17391986812,5313.148836277953,688959
2025-09-02,5404.0146484375,5463.92611904102,5378.0530111759745,5441.9585798197295,541160
2025-09-03,5470.91552734375,5491.884541045925,5342.105871744673,5408.008486237224,832845
2025-09-04,5520.841796875,5665.627845083876,5494.880160644443,5516.847698993376,1412461
2025-09-05,5520.3427734375,5608.712192891098,5485.893677718301,5548.8007220751,622758
2025-09-08,5307.65673828125,5547.3026073787005,5292.179609235373,5531.825478332824,876255
2025-09-09,5210.7998046875,5339.110195585717,5198.318249152654,5322.135280058326,1014203
2025-09-10,5185.337890625,5252.738296482345,5163.370350938162,5242.253788904535,898752
2025-09-11,5163.3701171875,5206.805932329185,5142.401102981169,5206.805932329185,585140
2025-09-12,5122.4306640625,5194.324427768641,5117.438041582907,5171.3583643625125,625409
2025-09-15,5125.42626953125,5167.364298621512,5101.461681479672,5123.429220526952,955394
2025-09-16,5139.90478515625,5148.891505518835,5107.452739402471,5146.395194307006,703169
2025-09-17,5189.8310546875,5240.256541606542,5155.881221910323,5172.356876052188,828577
2025-09-18,5136.41015625,5217.290642769489,5126.42491100068,5207.305397520169,810331
2025-09-19,5072.50439453125,5150.389304526021,5066.5132476085755,5141.402584142009,1105187
2025-09-22,5003.10693359375,5130.418805469451,4982.637181645107,5081.99036793242,799543
2025-09-23,4883.783203125,5012.093598054782,4838.849601787722,5003.106877787326,2734495
2025-09-24,4889.7744140625,4956.176292464615,4872.3002355356275,4930.7139180397435,941080
2025-09-25,4735.50244140625,4921.227998412378,4703.050395155179,4907.248655411917,1518468
2025-09-26,4672.09619140625,4767.95454455329,4653.124225679232,4732.00766212315,1038283
2025-09-29,4723.52001953125,4739.995673335767,4679.085680482705,4693.065023104719,815624
2025-09-30,4670.59814453125,4738.997069790553,4659.115113283337,4737.499283106043,751802
2025-10-01,4824.8701171875,4842.743607236948,4694.163364877665,4704.048659368856,1270493
2025-10-03,4808.5947265625,4829.363841556659,4731.009176324916,4796.911794652785,1070640
2025-10-06,4770.2509765625,4900.758325863586,4682.680669021915,4809.892594882823,1075080
2025-10-07,4679.0859375,4714.932870537615,4583.227582826505,4688.07265825064,2789651
2025-10-08,4609.7880859375,4738.997052607264,4599.602941495453,4702.051647856638,1114855
2025-10-09,4654.0224609375,4669.998851963953,4594.4108444565045,4623.168153279815,749429
2025-10-10,4684.17822265625,4722.920776935001,4645.235768459874,4663.109258899389,735165
2025-10-13,4674.6923828125,4688.072513560557,4619.174323265418,4670.19902257586,602116
2025-10-14,4610.3876953125,4693.065332096168,4591.815041379702,4683.08008670873,913650
2025-10-15,4717.2294921875,4745.0882273646575,4603.297752745215,4610.387373988342,1298534
2025-10-16,4786.3271484375,4801.404965608737,4720.6244326295255,4736.00161212067,1140794
2025-10-17,4807.29638671875,4842.843957402774,4739.995931090922,4786.32737164546,1243932
2025-10-20,4795.2138671875,4828.165174697025,4764.958770771247,4814.785044311373,610816
2025-10-21,4784.03076171875,4831.859987079315,4764.958846526656,4819.877693248988,82502
2025-10-23,4776.2421875,4859.319623388584,4759.866482726417,4792.917742168951,769642
2025-10-24,4782.533203125,4799.807482530087,4752.976779421479,4788.923662627187,519615
2025-10-27,4791.61962890625,4824.57093682675,4779.337485235776,4802.902760533502,414172
2025-10-28,4718.427734375,4821.275761353537,4685.576374726056,4793.516974338992,616890
2025-10-29,4773.54638671875,4780.935370606442,4728.013571391291,4728.013571391291,305268
2025-10-30,4737.49951171875,4777.739854226789,4717.029759375988,4774.0456060965225,346569
2025-10-31,4687.37353515625,4741.8930723437325,4678.287351925676,4737.9989241648,498496
2025-11-03,4706.4453125,4713.035671756565,4648.331478744903,4687.373396909335,292566
2025-11-04,4653.72314453125,4717.928071577778,4639.144590063666,4713.035399289821,475909
2025-11-06,4672.2958984375,4697.15906024638,4628.160921807175,4653.723245769873,476465
2025-11-07,4620.47216796875,4701.153239129871,4604.396313761724,4672.595341262949,543059
2025-11-10,4277.37939453125,4573.1420449865855,4256.3104310598565,4561.259701507509,6807962
2025-11-11,4309.431640625,4358.559238752775,4256.809694471364,4288.6625270201985,1802510
2025-11-12,4369.34326171875,4390.21281357686,4288.662678072915,4323.611035170133,937925
2025-11-13,4320.01611328125,4396.403234242256,4306.536033111661,4371.540072774946,926858
2025-11-14,4384.720703125,4393.40757319113,4320.615239240233,4328.603434736864,808967
2025-11-17,4398.10107421875,4407.587056891118,4368.544651748477,4385.419618148217,551524
2025-11-18,4367.5458984375,4403.392828303927,4353.46660632819,4398.100843798804,316742
2025-11-19,4352.46826171875,4382.423996141867,4324.509576257174,4373.537225775166,593957
2025-11-20,4382.423828125,4411.281087000761,4345.678323665734,4345.778273622135,513726
2025-11-21,4352.66796875,4390.511947381987,4348.573921048112,4390.511947381987,411274
2025-11-24,4304.5390625,4363.551956494727,4292.6567187576275,4363.551956494727,1144110
2025-11-25,4237.63818359375,4313.126736076954,4229.550037334691,4304.539327549568,1019740
2025-11-26,4286.06640625,4346.177775332296,4240.234229854161,4240.234229854161,804098
2025-11-27,4259.80517578125,4313.725495095502,4237.737688327525,4299.1469408798675,669342
2025-11-28,4244.12841796875,4276.88031395614,4230.548387318408,4269.790692526253,549814
2025-12-01,4209.67919921875,4278.677337340052,4193.702807760771,4263.699470348197,542859
2025-12-02,4220.263671875,4233.344439942358,4196.798346833225,4211.876163840308,491997
2025-12-03,4182.0205078125,4220.063901231044,4151.864872874568,4219.764538905225,709367
2025-12-04,4209.5791015625,4228.5510657531995,4154.960107718363,4181.920267357777,427254
2025-12-05,4176.927734375,4218.765811418691,4158.854344274284,4208.780566894623,679735
2025-12-08,4084.46435546875,4195.799834171785,4069.087176101742,4176.927819150422,1028704
2025-12-09,4079.371826171875,4112.0237717969785,3982.1156390199044,4043.6248446974637,1671211
2025-12-10,4012.37109375,4131.894429033383,4004.183241510895,4073.980007360126,737740
2025-12-11,4041.52783203125,4054.6086002289185,3924.3011556137044,4016.0654577960936,1815905
2025-12-12,4069.38671875,4086.7611916126752,4043.9243435685,4071.8830300423037,534723
2025-12-15,4102.93701171875,4123.107400862485,4006.579401197733,4060.998984341727,459769
2025-12-16,4102.6376953125,4137.586051851085,4079.471732525469,4108.9282044651345,562479
2025-12-17,4039.231201171875,4113.820931504499,4030.044824658662,4094.0503417101204,460320
2025-12-18,4024.0537109375,4050.8142161335604,3987.807223048163,4044.024200818083,614346
2025-12-19,4056.2060546875,4065.991643252978,4019.0609931466693,4028.047713379792,501005
2025-12-22,4200.5927734375,4218.766114802509,4057.9037164395354,4073.980058791535,1316448
2025-12-23,4183.21826171875,4229.8495488746485,4170.437343696284,4227.752550003258,662345
2025-12-24,4283.2705078125,4306.9352443519765,4176.927655635843,4202.789340953507,960632
2025-12-26,4278.9765625,4331.9983074637985,4256.70966264348,4283.669822364656,1029780
2025-12-29,4219.7646484375,4313.526003951435,4204.886730506755,4296.8509368975465,423139
2025-12-30,4201.49169921875,4251.417923809315,4181.6206717830755,4219.7645023945815,670540
2025-12-31,4272.6865234375,4281.773194299342,4205.7853789948,4218.766198065772,426359
