Price,Close,High,Low,Open,Volume
Ticker,WIPRO.NS,WIPRO.NS,WIPRO.NS,WIPRO.NS,WIPRO.NS
Date,,,,,
2020-01-01,113.70918273925781,114.14528842323155,113.02059260518314,113.15831203293828,2827732
2020-01-02,113.984619140625,114.71911106500339,113.08945338654148,113.20421840641632,2887932
2020-01-03,115.26998901367188,116.0044809396401,113.54851371182313,114.5354900830027,6762808
2020-01-06,115.75199890136719,116.8078385093963,114.83387872128986,115.22408259970315,9133390
2020-01-07,117.15213012695312,117.6800534177716,114.85682974435333,116.25696437867938,8805574
2020-01-08,116.96851348876953,117.58824041357275,115.93562827606304,116.60126401220033,5588820
2020-01-09,116.4405746459961,117.74889854279613,115.98151461269084,116.71601346785933,4990046
2020-01-10,115.56837463378906,117.15213050191174,115.22407957529714,116.5783054044252,4113154
2020-01-13,116.96851348876953,118.39159557901114,116.07334770536413,116.60126401220033,13927198
2020-01-14,118.07025146484375,118.5981677249396,116.853738119209,117.90957764410125,14593554
2020-01-15,113.961669921875,117.51938569989929,113.20422355811161,116.60126549911882,20280902
2020-01-16,114.97159576416016,115.95857914008899,113.38783988732196,113.84689996783743,17623672
2020-01-17,115.26998901367188,116.55535163529152,114.60434629319627,115.6831402842352,8281636
2020-01-20,113.84691619873047,115.1322860083662,113.47966668101998,115.1322860083662,3817166
2020-01-21,113.43375396728516,113.9387158764917,112.92878505337735,113.80099644499855,3015884
2020-01-22,112.85992431640625,115.66018662258955,112.65334167509599,114.1223395458752,6800848
2020-01-23,114.16824340820312,114.35187164770919,112.63039630378361,113.1353582018478,3393088
2020-01-24,114.12216186523438,114.97484744450216,113.49992595543372,114.60611531398995,3421554
2020-01-27,113.08509826660156,114.26042173500548,112.80854743110659,114.26042173500548,3306994
2020-01-28,112.48590850830078,113.43078231628374,111.44885343360775,113.33859401659383,4272362
2020-01-29,113.7303695678711,114.0299604333788,112.11717283641192,112.73940867459517,4009378
2020-01-30,110.94184875488281,114.12215528507465,110.71139206572312,114.12215528507465,4294930
2020-01-31,109.14430236816406,110.22744471619517,108.31465678196138,109.69739708130557,11107276
2020-02-03,109.42082977294922,110.68834152363114,108.42986885378981,109.55910518871048,8463660
2020-02-04,110.73444366455078,111.1953570616977,109.65129436806336,110.15830191811712,6329512
2020-02-05,111.6562728881836,112.00195794356497,109.37475292926263,111.35668198671192,7751206
2020-02-06,112.3015365600586,113.36163868719004,111.37970984654946,111.88671735217136,6112396
2020-02-07,112.43982696533203,113.84561429746364,111.97891354712367,113.84561429746364,5519024
2020-02-10,111.03402709960938,113.22336558896515,110.36570412524411,113.1081372474201,4517992
2020-02-11,111.19535064697266,111.9558548952004,110.52702766626041,110.87271269417846,5460620
2020-02-12,112.67028045654297,113.91474524356715,111.40276859267047,111.40276859267047,6838800
2020-02-13,112.34764099121094,113.29251486563052,111.77149924253807,113.29251486563052,4829910
2020-02-14,111.95585632324219,113.08509972189569,111.5410370976413,112.37068258182306,3619586
2020-02-17,112.37067413330078,112.92376873684454,111.51798163781038,111.95584790590837,2035556
2020-02-18,112.48590850830078,112.85464060812095,111.19534967542015,112.34763309174575,2505274
2020-02-19,114.12216186523438,114.46784691890574,112.6933274968672,112.6933274968672,3570768
2020-02-20,113.24641418457031,114.56002010901513,112.96987038093661,114.30651634761597,4241614
2020-02-24,112.5550537109375,114.21434480596066,111.72540816342591,112.92378584682938,7043950
2020-02-25,112.50894927978516,113.6842726722046,111.74843804783085,112.53198932043695,5059572
2020-02-26,110.5731201171875,112.20936406818892,109.88175002800213,112.02500152426491,7988388
2020-02-27,106.7475357055664,110.1352446410418,106.24052820247121,110.1352446410418,9733628
2020-02-28,102.06927490234375,105.77962931994446,101.26267642169059,105.31871590242837,11274618
2020-03-02,101.7696762084961,104.62733777188097,100.66347987129609,104.07424311977101,11532350
2020-03-03,103.1063232421875,104.07424416786255,101.67749596259593,103.24459866485253,10346226
2020-03-04,105.48002624511719,105.89484545984195,102.53017649347734,103.65941282954346,9036356
2020-03-05,105.8718032836914,107.80763809694392,105.38784282213325,105.57221239619263,5941556
2020-03-06,103.03718566894531,104.16642202322053,102.57627229716115,103.70550865143638,5868566
2020-03-09,98.81982421875,101.86185528945511,98.1745483106513,101.49312318497874,17462228
2020-03-11,98.22063446044922,98.81981616931414,93.88804489348085,93.88804489348085,12270332
2020-03-12,91.76785278320312,95.38601843917915,91.03038859405936,94.02632543386383,10764010
2020-03-13,90.98429870605469,94.2337394526238,78.00958982843215,91.72176292973707,13043196
2020-03-16,82.84918212890625,89.39415088214592,82.29608746565702,89.39415088214592,11201148
2020-03-17,79.78410339355469,85.52247317254813,78.7009542119986,82.29607973486738,12175374
2020-03-18,78.33222961425781,82.27304052499214,77.66390660202339,81.44339501226172,12733198
2020-03-19,74.82929992675781,78.97752089394037,73.46959965001875,76.0507177316803,11980172
2020-03-20,82.5956802368164,85.63771150339316,74.89842782954535,75.1749786839543,20319490
2020-03-23,78.42440795898438,81.58166739156754,76.05070689044432,76.05070689044432,10720786
2020-03-24,81.28207397460938,83.77100330925788,77.4564916741106,77.66390127983468,12061562
2020-03-25,80.49851989746094,86.65171640196256,78.4474567402871,81.76603170653219,13456292
2020-03-26,84.16278076171875,86.0986154306092,79.50755310033347,81.5586161070505,10247690
2020-03-27,84.57760620117188,87.34308651292682,83.65577943058689,84.41628370312745,13535120
2020-03-30,84.877197265625,86.37516577095302,82.66481863798619,83.47141706393204,7334804
2020-03-31,90.66165924072266,92.09049351302336,85.56856505246489,86.19080092043002,10615252
2020-04-01,87.34308624267578,90.2007478160512,86.19080278300987,90.2007478160512,9875668
2020-04-03,82.96440887451172,87.38918016101104,81.92735376358031,86.65171593560113,13147474
2020-04-07,88.44927978515625,88.81801191649792,84.37020036244641,86.76694866669666,9562862
2020-04-08,88.91018676757812,92.18267452645941,87.02044615957367,88.26491085908488,10275308
2020-04-09,90.66165924072266,93.54236782763542,89.90115498696966,91.44521056976694,6930346
2020-04-13,87.20481872558594,91.26085827786497,84.30106273742136,91.26085827786497,12384376
2020-04-15,85.98339080810547,89.23283148181827,85.63770577968879,87.59658760738331,22652006
2020-04-16,86.58258056640625,87.4583131683386,82.9644077486216,82.9644077486216,43380846
2020-04-17,86.19080352783203,89.30196889581526,85.52248052204648,88.72582716100356,13212894
2020-04-20,83.47142028808594,87.11263336695153,83.03354692784656,87.11263336695153,16203026
2020-04-21,82.06562805175781,82.91831357807231,80.10674620260343,82.50349435261985,18086618
2020-04-22,82.29608154296875,82.73394782682116,80.68288478868533,81.58166443090444,10621898
2020-04-23,83.37922668457031,84.16278504808085,81.62776148678901,82.68785662239982,11104460
2020-04-24,81.92735290527344,83.33314011418216,81.65080206539697,82.94136092985381,9282278
2020-04-27,83.90929412841797,84.30106633715748,80.89030965492842,82.96442015890094,18283250
2020-04-28,82.82612609863281,84.32409445918925,82.04257482432226,83.9323223385237,13329834
2020-04-29,83.26399230957031,84.09363773067477,82.68785063282826,83.01049559818738,10060582
2020-04-30,88.01140594482422,88.77191721949478,84.60064984520909,85.26897282017667,17667854
2020-05-04,87.59658813476562,88.17272985226214,84.37019451678516,85.03851750248512,17140740
2020-05-05,84.90023803710938,89.41719029358755,83.97841133305177,88.2418598393182,13864778
2020-05-06,86.21385192871094,86.6517182473007,83.42532448277356,85.59161603236002,10885580
2020-05-07,84.8541488647461,85.45333058147509,83.51749595647658,84.80805471746874,11402138
2020-05-08,84.80806732177734,85.7298941404923,84.13974428480508,85.36116200641023,8227344
2020-05-11,85.13069152832031,87.55048653594515,84.85414774723651,85.26896693535188,8787666
2020-05-12,86.21385192871094,86.6517182473007,84.16278872785759,84.90024593996135,7030818
2020-05-13,87.43526458740234,88.26491005719915,85.33810735438206,88.26491005719915,10560968
2020-05-14,85.72988891601562,86.35212479392067,84.39324292352784,85.1537471894295,10324394
2020-05-15,84.71587371826172,85.72988166468903,84.18581915484828,85.72988166468903,6849030
2020-05-18,83.97843170166016,85.26899080695631,82.78006091551335,83.90929749527947,14454486
2020-05-19,84.99242401123047,85.72988822853894,82.04258120795662,84.00146306264098,11486668
2020-05-20,85.24593353271484,85.68379986438501,83.97842165878619,85.268980609746,15415706
2020-05-21,87.1587142944336,88.3570847433463,84.53150266359175,84.53150266359175,14258230
2020-05-22,87.11262512207031,87.96531765206555,85.93729464636706,87.13567219668798,9177652
2020-05-26,87.02044677734375,89.04846281813106,85.59161249884816,87.11262804592863,11822268
2020-05-27,92.75881958007812,94.7177014842537,86.51344174958118,87.38918140888308,36165936
2020-05-28,91.8830795288086,93.79586712630052,90.3620640607051,93.79586712630052,24695246
2020-05-29,98.0823745727539,99.0502885092106,90.40816211416615,91.88309064530478,61260422
2020-06-01,99.11942291259766,101.86185609312425,98.35891162243114,99.32683252519581,26749248
2020-06-02,99.4881591796875,100.73262394028875,97.22967932313387,99.14247413324381,12812554
2020-06-03,97.4140396118164,100.22560683499817,97.0453075241753,99.6033780305222,16844202
2020-06-04,99.67252349853516,101.37790168474638,96.86094892422824,97.41405063476628,14794936
2020-06-05,100.8248062133789,101.51617631312779,99.0963809640067,101.40094796316964,14491168
2020-06-08,104.37384033203125,104.76561954388909,99.48816240375398,100.9400368326756,24427392
2020-06-09,100.64044189453125,104.3047019520829,100.08734019808705,103.29069389690221,15690504
2020-06-10,100.01819610595703,101.88489656430006,99.37292023459428,101.40093614428824,14787292
2020-06-11,98.12845611572266,100.31779467801643,97.87495938226216,100.01820379321036,12497490
2020-06-12,95.82389068603516,96.5613549210587,95.08643348399178,95.86998483809168,12418688
2020-06-15,98.54328918457031,100.43302995958878,95.93912417925553,97.69059655664819,28511450
2020-06-16,97.89800262451172,100.4330263058082,96.60745074041775,100.22561668393453,15921712
2020-06-17,100.38693237304688,100.82479866350384,97.27576715714447,97.71363344760144,27938908
2020-06-18,100.54824829101562,101.07830288334462,98.935051505021,99.92601946477703,12408426
2020-06-19,102.3458251953125,103.29069910254752,99.09638421334844,100.47912445818586,22447354
2020-06-22,100.50216674804688,102.20754489551351,99.92602500680948,101.93099404652746,12961806
2020-06-23,101.67749786376953,102.46104922954873,98.17455324466451,99.09638003569422,14850298
2020-06-24,100.57130432128906,103.24460349700401,100.27171341897655,103.24460349700401,16492172
2020-06-25,100.57130432128906,102.32277668006647,99.23465824992182,99.9951625607031,10193692
2020-06-26,103.91291809082031,106.0100753355766,100.6173903011889,101.07830367221315,38389012
2020-06-29,101.26265716552734,104.12031840411657,100.80174383565878,102.34580630391018,13374148
2020-06-30,101.23963165283203,102.29973394388918,100.4791273097806,101.21659160781533,11001386
2020-07-01,100.96307373046875,102.50712927915828,100.64043578245749,101.86185338313575,7905234
2020-07-02,103.33678436279297,103.91292612109687,101.1935398350946,101.86186286813104,14359882
2020-07-03,103.61332702636719,105.31870508949164,102.62235906066063,103.3367761910584,10838912
2020-07-06,102.62236022949219,104.74256456972817,102.13840681165959,104.12032869968631,15175628
2020-07-07,103.659423828125,105.27262077452167,102.32277774287427,102.87587243218559,18235138
2020-07-08,102.82978057861328,104.94997796223589,102.5532297301937,104.46601749399174,14152368
2020-07-09,102.13839721679688,103.52113721323558,101.23961059272828,103.35981473379267,13417996
2020-07-10,102.36885833740234,102.99108714308817,101.17048080848359,101.86185083678758,9097518
2020-07-13,104.90388488769531,105.5491607867367,102.57627098340058,103.22154688244197,24694620
2020-07-14,103.70550537109375,106.79362345777038,103.29068616280125,105.27260797239839,27877134
2020-07-15,121.10498809814453,123.84742827898691,108.31464206684669,108.7755554373439,260735176
2020-07-16,120.71321105957031,123.73220212941207,117.55595863549264,120.98976189996225,104555854
2020-07-17,120.45970916748047,121.61199256478571,118.45473324297748,119.19219743044472,37713024
2020-07-20,124.81533813476562,126.08284993440803,119.37656585722956,120.45971511738874,42789980
2020-07-21,125.06884765625,129.79320977027743,124.17006094475833,128.36437548845274,65998100
2020-07-22,122.60297393798828,125.76023378680178,121.51982455053175,125.57587122565128,25167708
2020-07-23,122.87950134277344,123.73219384943759,121.01279384451529,123.66304559449688,20736656
2020-07-24,124.70011901855469,125.27626078830583,122.39555193955009,123.06388201884589,44244246
2020-07-27,123.91657257080078,125.92154870906494,123.13301415071012,124.7001169249305,27980494
2020-07-28,126.95861053466797,127.5577923701848,124.12398167367229,124.12398167367229,28087614
2020-07-29,127.6729965209961,128.13390986583724,125.52975228067659,126.19806819112084,21567278
2020-07-30,130.9454803466797,132.18993790267095,129.10182701991462,129.10182701991462,51694590
2020-07-31,129.49362182617188,134.03360743963572,128.4104725525082,133.48051981429023,33401320
2020-08-03,129.7701416015625,131.26810991444057,128.8252749075151,130.43847155215303,17817526
2020-08-04,129.53970336914062,130.59981261174025,128.24915149619207,129.77016006545006,16239042
2020-08-05,128.22608947753906,131.1067976877106,127.85735038706227,129.63186945771955,14690906
2020-08-06,128.89443969726562,131.01464431824667,128.01870698115397,129.3784072451423,20305210
2020-08-07,127.85736846923828,129.9084386313354,127.39645509042634,129.53969948870983,14642400
2020-08-10,127.85736846923828,129.60884774829967,127.48864339257275,129.05574606734132,12621492
2020-08-11,128.89443969726562,131.19900687964463,128.27220374483093,128.5948487767487,20157816
2020-08-12,127.3042984008789,129.37840889141194,126.54377996824721,129.24012641913254,17807334
2020-08-13,127.6729965209961,129.90842905666744,126.65898153596198,128.08781571816132,19307912
2020-08-14,127.44254302978516,129.40142479425745,127.16599220278543,128.364369742478,13163422
2020-08-17,129.9545440673828,132.00560034162922,127.97260792680838,128.4104813010877,29094008
2020-08-18,130.30020141601562,132.46648558419187,129.83928809521748,131.2450680972685,24108414
2020-08-19,128.94052124023438,131.79818989321177,128.71006454454138,131.5907732407039,18745042
2020-08-20,126.38245391845703,128.59483250725154,125.92154054029484,128.59483250725154,19783530
2020-08-21,125.99068450927734,128.57180244044315,125.69109360341906,128.57180244044315,15939272
2020-08-24,125.69109344482422,126.49769191817322,125.32235427457374,126.0598185491136,12309628
2020-08-25,124.42356872558594,126.61290721316219,124.14701789291068,126.45158472193832,15592276
2020-08-26,125.39147186279297,126.61290349911602,123.52477841242178,124.42356507576153,19265334
2020-08-27,125.52976989746094,126.84337592780079,125.13799068617207,125.82936080046031,12380336
2020-08-28,125.39147186279297,126.75117187841788,125.0457868485791,126.61290349911602,15199568
2020-08-31,125.04580688476562,129.9775861708233,123.5247982048959,126.29027876172194,41141934
2020-09-01,125.18408203125,128.77920091849185,123.9857043801825,124.90753117854817,24586106
2020-09-02,126.1520004272461,127.44255229243086,124.99971695263099,125.78326127579304,16863810
2020-09-03,130.36936950683594,132.67393671018831,126.52073946404509,126.98165290471556,49790330
2020-09-04,127.21209716796875,128.82529405234516,126.79727792517835,128.45656896230048,21415428
2020-09-07,128.47959899902344,128.82528401875174,125.13797714164974,127.4425439398385,16651534
2020-09-08,130.23106384277344,132.25909387333002,128.36437036687414,130.06975542003505,44589722
2020-09-09,130.36936950683594,133.41140102845344,128.36439322672697,128.96357507321383,45588720
2020-09-10,131.1529083251953,132.21301763312084,129.56276546224902,132.12082932253207,19035804
2020-09-11,135.18589782714844,137.55961314669426,130.20803861446652,130.20803861446652,83871852
2020-09-14,141.59259033203125,142.21481211752086,135.11674916096354,135.16284331032264,76179084
2020-09-15,141.6617431640625,143.45930269792862,139.541538608186,141.59260896390637,56312624
2020-09-16,143.87411499023438,144.49635089339807,140.14071363721283,141.50041379353496,29986974
2020-09-17,143.6667022705078,145.97126910791758,141.59259211683903,141.61563215882924,53623304
2020-09-18,145.87905883789062,147.03134208305562,143.9201773211101,144.7267755927256,36975462
2020-09-21,143.75888061523438,149.56639202476552,142.86010796251986,145.60253413788172,45477692
2020-09-22,143.9202117919922,145.99432213006733,140.0946361281491,145.3720862154526,47020668
2020-09-23,145.11856079101562,148.32189990724785,143.41317589031777,145.18769497543133,44278872
2020-09-24,140.4403076171875,144.4502454438408,139.40325254833516,144.4502454438408,35838302
2020-09-25,144.68072509765625,145.30296105095582,140.20987319720393,141.17778016237898,44013790
2020-09-28,143.59756469726562,146.10954836333502,142.69879200337675,145.18772155978084,24921524
2020-09-29,143.57452392578125,146.82395776545397,143.11361052634052,145.18772082382372,29660738
2020-09-30,144.51937866210938,145.57948783159588,142.69877932640347,143.80496857920545,24786634
2020-10-01,144.28892517089844,146.50131779136223,143.82801179988013,145.83298777700173,18514618
2020-10-05,153.9219970703125,154.86686367767737,145.2798729811564,145.2798729811564,77811262
2020-10-06,152.12445068359375,154.5442458528935,148.87501708263224,154.40597746960307,55159848
2020-10-07,154.54425048828125,155.12039221253812,150.02730499649135,150.7186750655996,35479916
2020-10-08,165.6753387451172,169.50091460401694,159.6834641296115,161.78061461865383,214540492
2020-10-09,172.38160705566406,173.3495279833398,164.66130780918712,166.85064640147164,110861504
2020-10-12,173.99478149414062,175.0548765232182,170.12311234825742,173.76432482990998,105931918
2020-10-13,173.28038024902344,175.93063202207884,171.89764019351628,173.9026020212343,72176286
2020-10-14,161.52711486816406,168.23339955271658,160.53613975501594,168.23339955271658,148263902
2020-10-15,157.447998046875,163.27854892134746,156.2265805223347,161.7805805826195,77922358
2020-10-16,156.54922485351562,160.44394849486702,156.0652714366196,158.04719332081078,50488458
2020-10-19,158.1854705810547,159.7064790407735,156.0883063560951,157.8397855614859,25693748
2020-10-20,159.8217010498047,161.0892127380151,157.56322849127608,158.89987436746983,33993548
2020-10-21,158.30068969726562,161.3657605456589,156.295713887398,161.1353038793743,19934922
2020-10-22,158.76161193847656,160.49003703259865,157.10232103492748,157.1714552255005,19082496
2020-10-23,157.81675720214844,159.98305597126708,157.30974961086943,159.89086765795753,17346096
2020-10-26,156.61834716796875,158.96900801309457,155.18952706799158,158.415920445156,17390338
2020-10-27,153.96812438964844,156.59533654526933,152.585384111103,155.9270064509211,19821156
2020-10-28,154.70556640625,156.64140814382597,154.12942470649043,154.75166055542266,17969178
2020-10-29,155.5352325439453,156.7105560882227,152.63146968273418,153.78375318338286,14479922
2020-10-30,157.033203125,159.01512514535486,155.99614796100855,156.36487305959895,22991068
2020-11-02,154.3137969970703,157.51715067671913,153.80680352198377,157.51715067671913,9662266
2020-11-03,154.70556640625,156.45704561309478,153.322826326827,154.63643221547073,9515596
2020-11-04,158.0702362060547,162.0340796930023,155.55825286671237,155.788709537626,30763800
2020-11-05,159.19949340820312,160.85878454333235,158.5772574742845,160.37483107581863,11204872
2020-11-06,159.3607940673828,160.85876248594823,158.27764485922822,159.54515659801436,10915586
2020-11-09,162.21847534179688,162.61024047561202,159.9369484053081,161.31968859325025,14214570
2020-11-10,157.77061462402344,161.66533757765131,157.2405671500751,161.66533757765131,18099240
2020-11-11,159.8217010498047,160.28261439097213,157.40190600867572,158.784646032178,15275758
2020-11-12,159.2686309814453,161.64234641170077,158.69248919079334,160.39787451750783,10228848
2020-11-13,158.62335205078125,159.5912730543392,157.95503602558182,158.78467456236783,9455776
2020-11-14,159.22251892089844,160.19042568207976,158.1393697587644,160.00606315928138,1498484
2020-11-17,160.7205047607422,161.55014323657153,158.41593781014916,159.93694637115638,13307668
2020-11-18,159.1533966064453,162.4028446224525,157.5401996536075,161.20446693000932,14815616
2020-11-19,157.90892028808594,161.0892196657194,157.44800692709677,160.25958124232267,22113702
2020-11-20,159.61431884765625,160.62833404332454,157.65543672517668,158.46203524619767,12362786
2020-11-23,164.01602172851562,164.7304318090835,159.47602232598572,160.39784904463303,20666694
2020-11-24,163.85470581054688,166.57409192641882,163.62424912164315,165.46790263287295,20184882
2020-11-25,161.31968688964844,165.37571910506114,161.1122702372633,164.96089986625125,13624676
2020-11-26,163.5550994873047,164.26950952907643,160.02911529314977,161.78058033708228,14732740
2020-11-27,161.55014038085938,164.77653405465685,160.32872273182807,163.55511640562554,24804168
2020-12-01,162.63330078125,163.11725423908393,159.591269438685,162.56416658241102,21387134
2020-12-02,165.42178344726562,166.06705926534917,163.25549933898816,163.37072766600159,18868154
2020-12-03,166.06707763671875,167.7724626915607,165.0069825373042,167.7724626915607,21394090
2020-12-04,166.29754638671875,167.03501062790687,165.46790790660742,166.4358288440443,14854786
2020-12-07,165.2144317626953,167.19635397111622,164.77655835885335,166.8506688836501,16784766
2020-12-08,167.63417053222656,168.23335218760766,165.1913216362293,166.0670540810007,23626602
2020-12-09,165.6983642578125,169.50089973799874,164.77653747473707,169.50089973799874,36275376
2020-12-10,164.03907775878906,165.00699872090271,162.58720334859896,164.17736021964004,13794794
2020-12-11,162.93289184570312,165.92882903664253,162.54111263061884,164.73045134707453,11727232
2020-12-14,161.02011108398438,163.41685250273886,159.9830558568217,162.93289902311432,23003678
2020-12-15,162.56414794921875,163.11723554249647,160.1673928471368,160.99703127003312,14463562
2020-12-16,165.1913604736328,165.44487128432465,162.7946192226638,163.11725016450694,13332544
2020-12-17,164.49998474121094,165.5831340121022,163.854708813646,165.1913548205934,8330742
2020-12-18,167.56504821777344,168.6021032890136,164.7765279859338,165.4448579915613,34796162
2020-12-21,163.1403045654297,169.36263550391567,160.55918669627297,167.08110853341984,19330126
2020-12-22,167.86463928222656,168.55600927257188,161.0661677104976,163.16331772149502,16372078
2020-12-23,177.70513916015625,178.6500199815563,171.32150041864654,172.3815955133341,89748866
2020-12-24,176.16111755371094,178.23522797671714,174.5248664470958,178.11999961988346,24480344
2020-12-28,176.4837188720703,178.09691559679848,176.06889967033203,176.7372296541031,9451758
2020-12-29,177.45167541503906,179.98669934953963,176.57594268722218,176.9907619724026,22918252
2020-12-30,177.17507934570312,178.18909428725186,176.43761521239117,177.4516301539399,14376870
2020-12-31,178.02780151367188,178.6500374195332,175.7001944600716,175.7001944600716,12789210
2021-01-01,178.88047790527344,180.10189549660103,177.47468371709982,177.47468371709982,10084672
2021-01-04,182.70606994628906,183.42049415977368,178.7422118714129,179.7562269833443,19511442
2021-01-05,187.26910400390625,188.88230086264616,181.3694182611845,181.64596910730342,50313494
2021-01-06,187.315185546875,192.38523247591223,185.886351326409,186.6699096600076,44972600
2021-01-07,187.47650146484375,190.35720984629495,186.13985558904218,190.01152484052082,24689510
2021-01-08,198.2849578857422,199.4141873193301,187.70698932501958,187.82221767942414,81986460
2021-01-11,205.9360809326172,207.87192264572383,200.49730898201744,200.9582223359991,94668036
2021-01-12,210.96005249023438,212.36583262512374,203.908069576075,206.46614718780364,44268930
2021-01-13,211.55923461914062,215.45395818132346,208.70156612862021,212.48106134950723,58380386
2021-01-14,209.416015625,214.78565416595666,198.19277101150504,208.33286627255882,143103614
2021-01-15,202.13357543945312,211.74362309410637,201.23480270680696,209.6003784966131,50615558
2021-01-18,198.90716552734375,205.1064561775203,197.77793617448185,203.26280263884595,43021174
2021-01-19,198.3079833984375,202.59447224179303,197.132659896022,199.57549520400568,31355580
2021-01-20,205.08340454101562,206.4200504678,199.57548427921247,200.03639763782496,48839358
2021-01-21,205.47515869140625,209.0011569496265,203.8619620222446,208.14846446844933,31822754
2021-01-22,205.4521026611328,208.80123755555263,203.4657248455451,206.69937232981252,22797624
2021-01-25,201.98745727539062,208.33926410795007,201.01736032144683,205.63685619967188,14760338
2021-01-27,206.23741149902344,210.07158766901216,201.9874693969776,202.33393160863622,59180420
2021-01-28,199.5160369873047,207.23060123891955,197.3910659271967,204.75916796567165,29624870
2021-01-29,193.04873657226562,202.19534718433857,191.9631521840228,202.05675384467472,31264842
2021-02-01,194.71176147460938,195.77423994326665,188.56783727351862,192.21723638911325,30163704
2021-02-02,197.8760986328125,201.20212703630546,195.70493004216894,197.71441346583575,26620996
2021-02-03,200.25514221191406,203.23472263126266,198.7307142424134,198.7307142424134,19795332
2021-02-04,198.59213256835938,201.8257798065895,197.82991853886463,200.2551539675372,14386598
2021-02-05,196.5826416015625,200.20894868811857,194.27289366077298,199.56222208421403,17358052
2021-02-08,201.08663940429688,202.19532963504787,196.9290933317263,198.79999752293222,25032680
2021-02-09,202.9575653076172,208.68573768976762,201.04047723302756,203.37331713983443,58949660
2021-02-10,202.79586791992188,205.17490546438623,200.94806957896586,204.18171667563888,21215470
2021-02-11,201.87196350097656,203.4887870072773,200.20894221783652,202.79586264743412,18474052
2021-02-12,204.18173217773438,207.50777508301147,203.07305590850322,203.25783293711115,38561668
2021-02-15,203.11924743652344,205.5213769296382,201.77958230079776,205.38279768684464,15689754
2021-02-16,202.1260528564453,206.86103651449275,200.39374176203773,206.02953282821062,24907596
2021-02-17,198.73074340820312,202.79589465519607,197.94542337073236,201.36384793264705,14780384
2021-02-18,200.00108337402344,201.71028842192817,198.3380620076863,198.77690566565863,16771472
2021-02-19,198.615234375,201.29453639190035,196.8367256114586,200.0934646231722,16957332
2021-02-22,193.41830444335938,199.95488850724666,192.1710348760441,198.96169968016832,21332174
2021-02-23,191.94007873535156,196.79055003913302,191.38573351874274,193.88027289589795,17984706
2021-02-24,195.4508819580078,196.6981374410176,191.59359991181566,192.95635689440496,10120594
2021-02-25,194.61935424804688,198.17637168658266,194.22670837941453,195.45087195842822,18220784
2021-02-26,189.53794860839844,193.9495765235985,188.47546998038635,193.0718749485991,23463882
2021-03-01,191.43190002441406,193.41829164471264,189.02977070596424,189.86127429743107,12843392
2021-03-02,198.82308959960938,200.0703590619034,193.21040521445016,193.88023772153062,29750468
2021-03-03,201.17906188964844,201.7103011394155,197.82992710503316,200.024187825988,17564904
2021-03-04,202.7034912109375,205.244214165985,197.4834660514189,198.13019271136878,25927594
2021-03-05,194.41151428222656,203.25784731755314,192.63300529868104,203.25784731755314,87862344
2021-03-08,192.5867919921875,196.39787632223442,191.9631571913904,196.37478448047966,24709676
2021-03-09,193.6492919921875,195.31229939463398,189.42244156781456,193.92645049420588,23811258
2021-03-10,197.11390686035156,198.96170532504638,195.40468764147548,196.83673427113064,34582736
2021-03-12,196.4209442138672,199.93174933554093,194.98889786287882,199.33122059040747,17920252
2021-03-15,196.95220947265625,197.99159604465007,193.00253204053016,196.23617915339983,15034204
2021-03-16,198.31497192382812,200.9249986298715,196.628858581909,197.36798081465798,21347294
2021-03-17,193.8571319580078,201.17903537617488,192.95633876561888,198.17636320638124,24269624
2021-03-18,189.46861267089844,195.9359066288792,186.76620487608292,195.52015483681112,20165862
2021-03-19,189.63031005859375,191.0854484733879,184.5257726375844,188.9142938204264,33750804
2021-03-22,191.4550323486328,192.28653605470058,189.49174639492117,189.8843923075962,13245968
2021-03-23,191.94007873535156,195.58947813487023,190.64662536004363,192.95637359993955,23150388
2021-03-24,189.86129760742188,191.9169790964628,189.0297939138682,190.02298279716396,10280694
2021-03-25,184.6181640625,190.18466547970982,183.74046259807872,189.72271585658453,25474258
2021-03-26,186.58145141601562,188.33686845613317,185.08011512914888,186.99720326055424,18066738
2021-03-30,193.14114379882812,194.22672825264624,187.089600805121,187.089600805121,26339126
2021-03-31,191.31642150878906,193.92643389500694,190.94686747267394,193.92643389500694,14890268
2021-04-01,192.35581970214844,195.33540040185613,191.4088286164715,193.4876019146163,15193886
2021-04-05,196.5364532470703,197.66822125259353,192.26341965822476,192.37890705251786,42432790
2021-04-06,197.32179260253906,198.13020449997228,195.10443989432756,197.6913607856308,16641040
2021-04-07,202.3339080810547,202.79585764288356,195.58944165883648,196.32856377727907,27735300
2021-04-08,204.22793579101562,206.00644469951743,203.25783874114336,204.15864616550704,25833228
2021-04-09,207.9235382080078,208.50097526474102,203.25784397008667,204.59749512219082,23398770
2021-04-12,199.8394012451172,207.92351930440523,198.3611568752427,207.8773215245498,30172534
2021-04-13,193.5338134765625,202.12606577595753,190.60043034968595,199.56225083139364,40840640
2021-04-15,198.9617156982422,200.69402684921045,191.70910070715468,193.51070148464484,53517782
2021-04-16,216.74676513671875,218.80243246624346,201.4100322698014,204.04315071603173,218723272
2021-04-19,218.3866729736328,220.7888165279762,213.0049629636564,213.8826643824262,87619710
2021-04-20,217.16250610351562,220.60402210670983,216.10001358295108,219.88800587786335,35461382
2021-04-22,224.80780029296875,228.43410796080178,217.8554635158044,217.8554635158044,85241858
2021-04-23,219.7494354248047,225.1311455693499,219.12580063091175,223.37572859033335,27192006
2021-04-26,221.87440490722656,223.51433457635213,220.34997674488054,221.45865305363984,18629288
2021-04-27,224.0686492919922,224.96945665685885,222.19775903890988,222.38253606058984,14418934
2021-04-28,226.0319366455078,227.83355138752228,222.31324795511014,224.43821896287304,19231068
2021-04-29,226.2860107421875,227.6487535817329,224.36892275251944,227.60256990054168,15282266
2021-04-30,227.62567138671875,236.4258058591354,226.03193958576924,227.04823437153172,58231142
2021-05-03,225.1311492919922,229.12701067066345,223.2371530374962,225.4083218824815,17199462
2021-05-04,222.63662719726562,225.5699960351749,220.71952497726136,225.1080464106117,16204858
2021-05-05,226.6324920654297,229.12701725636526,223.26025129645296,223.95317574380084,23713182
2021-05-06,236.65676879882812,237.81164277129474,225.0849372337456,228.06451772174256,48827088
2021-05-07,238.01956176757812,238.620090685163,234.439451910812,237.44212469390615,29333162
2021-05-10,242.96243286132812,244.140398872483,237.09566645468666,239.10513622694086,25088944
2021-05-11,239.47470092773438,241.73823721141167,237.465203107902,239.26681795393543,15298998
2021-05-12,234.4856414794922,241.39178018005632,233.21527996192927,240.19072238697336,15742214
2021-05-14,230.25880432128906,234.85519479319981,227.62568572711672,234.4394429355895,13599758
2021-05-17,230.8824005126953,232.68401520010875,228.66504810945491,230.2587798413721,11505300
2021-05-18,234.69349670410156,237.81165661122913,231.3905597701424,231.89870716711692,18761492
2021-05-19,236.35650634765625,239.19749352399256,233.35383399431583,234.80897239218734,14980792
2021-05-20,234.785888671875,238.82794774886253,232.6378258104783,238.36599814006397,12584608
2021-05-21,236.84156799316406,238.3198123673899,235.20163843775995,235.5942984213121,10395006
2021-05-24,237.8578643798828,239.52087169021502,235.43261484088467,236.4720014586339,14873624
2021-05-25,239.08201599121094,242.45424251892626,238.22742048729336,239.01274046652847,15909128
2021-05-26,243.56292724609375,245.04117160904823,237.7885572307762,237.85786094902645,17646380
2021-05-27,249.86854553222656,251.76252758091587,242.54662758364557,243.56292232484017,58822252
2021-05-28,248.85226440429688,249.59137251368952,246.0574748594991,248.9908436504121,11757252
2021-05-31,249.01393127441406,249.7068556884205,245.31833439971305,248.8522601892125,10772410
2021-06-01,250.74623107910156,252.68642499045623,249.29110679195955,250.33049336641756,11930088
2021-06-02,250.83863830566406,251.76253752594275,246.2191422042706,250.35359685405106,9427136
2021-06-03,249.01393127441406,254.02610145282725,248.66746906741082,252.0859074545759,11275982
2021-06-04,250.0071258544922,251.99350346920346,249.66066365907164,251.06960428141537,9543432
2021-06-07,253.26390075683594,254.62665789105031,250.70008578629316,251.62398510505955,8696866
2021-06-08,254.34945678710938,256.61302126808135,253.67965237503728,254.07229828522907,10859468
2021-06-09,251.3929901123047,255.5736285553791,250.46909086763995,255.45814114979598,12413798
2021-06-10,256.0355529785156,256.6129899495993,252.0165860207401,252.0165860207401,11441488
2021-06-11,256.05865478515625,258.20673167926526,254.76520155861527,256.3820251405829,11224718
2021-06-14,259.43084716796875,259.98519224812514,255.4580924513115,255.8738583102193,11904318
2021-06-15,257.7217102050781,260.53959167383795,257.30594425944633,259.3847175972695,7674490
2021-06-16,256.49749755859375,259.86972376499585,255.68908581482512,258.6455743272446,10994538
2021-06-17,258.0912780761719,259.3847314720834,253.86442745176475,255.22718457404466,8798696
2021-06-18,253.97988891601562,259.5925879329761,252.24757788549283,258.69178055807095,20014232
2021-06-21,250.44602966308594,251.64708755001075,247.23547375608925,251.64708755001075,10781642
2021-06-22,257.0980529785156,258.6686929499607,250.51527095479796,251.87802796014483,11505842
2021-06-23,249.52210998535156,259.08444500255894,248.7136981132091,258.6917990855857,22485404
2021-06-24,253.6334228515625,254.32634725323064,249.0832305586748,250.33050012071067,17337360
2021-06-25,252.9174346923828,254.53425847580442,249.68378712553954,254.00300509746964,10079644
2021-06-28,252.87123107910156,254.4418428564177,251.4160785106196,253.95680139864606,6519660
2021-06-29,250.65386962890625,255.80461952126208,249.91476146456483,253.05601345576952,15855760
2021-06-30,252.0627899169922,253.1483601102022,250.37666273673284,251.6932077110653,8586644
2021-07-01,249.15252685546875,252.178319551169,248.52890612003787,251.76255359743615,8658748
2021-07-02,248.80606079101562,250.5152800703307,246.49631262847308,249.4989852397784,8314614
2021-07-05,247.76669311523438,250.79248599630037,247.39713901992582,250.79248599630037,6878338
2021-07-06,246.0343780517578,248.66749675722062,245.68791580617508,247.85908485086088,8386882
2021-07-07,245.82647705078125,247.7897627400306,242.56970999836548,246.70416432417053,10755374
2021-07-08,245.29525756835938,248.04386355114397,243.90940865554379,246.63492279548177,9131020
2021-07-09,242.8931121826172,245.27216407837463,241.7151462536683,243.6322485149228,11449216
2021-07-12,242.9161834716797,245.82648847893597,241.6920339609255,245.17974776728664,7731112
2021-07-13,242.4542236328125,244.60230043881123,241.4148370870385,243.9093760749619,8344716
2021-07-14,259.47711181640625,260.2162199435088,242.80071332016524,243.1009918565825,58696166
2021-07-15,266.0367736816406,267.76908460196256,258.2298145226572,259.15371368016224,62132402
2021-07-16,266.8913879394531,272.2038084696197,262.52595847345685,267.9307745649205,73815654
2021-07-19,265.06671142578125,269.77860363515526,263.3113083425317,264.4892743460827,21715702
2021-07-20,262.4335632324219,267.0761793879751,259.4077989136244,265.9443971998295,21047054
2021-07-22,269.8709716796875,270.2405257339655,263.7732311010159,266.59111248444856,24086770
2021-07-23,276.777099609375,278.0012490681053,269.6399730244709,270.93342619763473,28114910
2021-07-26,272.75811767578125,277.4007050183209,271.74182302585723,277.2159139200936,12199806
2021-07-27,273.2201232910156,274.69836779468096,269.84789652010863,272.0421573347961,7966274
2021-07-28,273.4510498046875,274.0977622766118,269.3165955715461,272.98910024109995,9147860
2021-07-29,272.75811767578125,276.2458311423079,271.5801519612806,274.2132418424598,11668940
2021-07-30,271.2337341308594,273.9361281643632,270.2405311570868,272.0190259387715,6356412
2021-08-02,273.58966064453125,275.0448132160219,268.9701644749317,271.71877033487687,9247796
2021-08-03,276.8926086425781,279.01756557918736,274.46737318017625,279.01756557918736,10331214
2021-08-04,275.69146728515625,279.01750946080733,274.53659348771913,278.7865347013199,9018712
2021-08-05,277.5855407714844,283.8680443895906,276.01490076937404,276.01490076937404,22588728
2021-08-06,276.245849609375,280.1262373702482,275.46052968215486,278.9020597017728,10540400
2021-08-09,275.69146728515625,279.941408498757,275.0909385495211,277.16971138490794,9293502
2021-08-10,278.9482727050781,281.30423273439885,273.9823141842223,276.43066977854596,14055564
2021-08-11,277.7471923828125,280.1724277424961,276.4537391633477,278.04747089588716,8565026
2021-08-12,279.8721618652344,281.2811307415578,277.4700464328473,278.0936671325695,7905016
2021-08-13,284.3299865722656,286.6166427938054,279.9414652523038,279.9414652523038,16729368
2021-08-16,283.66015625,286.8245280387554,282.0202407511683,284.60714732438163,7144852
2021-08-17,293.29180908203125,294.2849837939735,282.3435980437951,283.52156387176484,23645544
2021-08-18,290.7510681152344,295.27816822295125,288.53368764232783,293.6844365812362,13847154
2021-08-20,286.4318542480469,291.92906596584635,285.48486317267253,287.5636364482017,12341386
2021-08-23,290.4969787597656,294.23878723177637,288.0255598132908,289.180433749992,14072750
2021-08-24,292.6681823730469,293.79996460529264,288.30275273162334,293.79996460529264,8967436
2021-08-25,291.79046630859375,296.94118725833613,290.82035526410755,293.3379861385025,12815436
2021-08-26,290.5431823730469,294.95479504677326,289.18042552745504,292.0445184480696,8416702
2021-08-27,293.3149108886719,293.79995234076716,288.85708586832783,290.7972798718757,8743108
2021-08-30,292.1600341796875,295.41677326547295,291.2823186495421,293.7768578019379,8743710
2021-08-31,296.0866394042969,296.8257475802027,290.52015165559163,293.15324215423715,15591816
2021-09-01,296.5947265625,299.0430537334788,293.4534750113291,297.4031383393907,9450444
2021-09-02,300.9370422363281,303.50085661896253,295.9941763753428,297.9574619775203,9077556
2021-09-03,302.6231994628906,303.3623358078433,300.0362927434777,301.65311649190295,7549940
2021-09-06,317.1053161621094,318.14470278703027,303.3392233910798,303.3392233910798,24676832
2021-09-07,311.46954345703125,318.74525025636126,310.77661899995223,318.74525025636126,12812218
2021-09-08,305.903076171875,312.0008174361484,304.8867812619677,312.0008174361484,13432462
2021-09-09,305.9723205566406,306.98861536308766,302.11505249475164,305.3025161615247,11611460
2021-09-13,309.85272216796875,310.3608554957675,303.89356051201565,305.9723338996502,11177578
2021-09-14,311.0999450683594,312.13933160591375,309.5062134050765,309.9681629773229,7322676
2021-09-15,311.3771057128906,314.3797779535071,309.50621557123173,311.35401387314954,8290832
2021-09-16,308.5130310058594,314.4721921610879,307.19648591571564,314.0102425582071,9315692
2021-09-17,307.3119812011719,311.5388314540462,306.1571071643392,310.15298260984696,10815562
2021-09-20,306.0416259765625,309.73722296948705,301.83789567517783,303.84736526201357,9092860
2021-09-21,308.39752197265625,309.0442626493903,303.5470514826434,305.1176913003323,7367102
2021-09-22,308.6516418457031,311.5850105782696,306.2725900865719,309.0442877344142,9583304
2021-09-23,311.4926452636719,312.7399149653445,310.15300818756884,310.8459326668126,6462586
2021-09-24,312.5089111328125,322.9720810763015,311.8159867178839,314.3567095726222,24253176
2021-09-27,302.0688781738281,313.36352421472884,300.7292129517362,313.2249449630013,16798164
2021-09-28,295.4629821777344,302.06888466885687,293.4535124965575,302.06888466885687,16224924
2021-09-29,295.9942626953125,298.6504734022934,289.80412559575785,291.0052117021043,17679132
2021-09-30,292.9222717285156,298.7659462774136,292.2062553857483,295.0703489519875,12027918
2021-10-01,293.91546630859375,295.53229009182377,291.12067655090146,293.24563367365033,8417708
2021-10-04,296.1327819824219,297.31074780963115,293.77685032800326,295.6015568657257,10494244
2021-10-05,298.81207275390625,300.0362504116347,292.8991238043804,294.007814067801,10912148
2021-10-06,293.6844482421875,300.47511277097306,293.0608275813987,300.4520209307892,9673198
2021-10-07,297.01055908203125,299.59746607020537,294.21576909414256,295.185852165915,7448686
2021-10-08,305.4179992675781,308.37445988679025,297.9575017064733,298.4887550418462,22091966
2021-10-11,301.56072998046875,307.7970503402471,293.3380317377209,299.782235081859,20422932
2021-10-12,304.4709777832031,305.99543405789547,296.8257173488576,301.1911468183097,18680432
2021-10-13,310.7073059082031,311.67741703596545,303.0389534258002,307.1965000429224,18925882
2021-10-14,327.17584228515625,341.77344006633444,321.05500937265595,321.9789086802032,118377606
2021-10-18,327.8688049316406,332.97334356100293,324.4734858592376,332.1418397264524,21198892
2021-10-19,328.70025634765625,337.2001408890994,327.060340786419,331.2640711766518,21865148
2021-10-20,324.2655334472656,333.87407966863725,321.40144023445777,329.6472294712098,16108782
2021-10-21,321.655517578125,327.52228344243196,314.9110643452477,327.4991916002636,15916912
2021-10-22,315.2344055175781,325.9054295662014,313.31730347735805,324.1731186365441,10758302
2021-10-25,308.44378662109375,316.0659558381134,305.2563227613634,315.3961232072809,17621916
2021-10-26,308.6516418457031,313.57138825352325,307.1964893025193,309.991278791727,12193966
2021-10-27,310.0143737792969,311.6081055820136,306.48047615953385,308.65164497807785,12631178
2021-10-28,303.4547119140625,310.24534866581325,302.5769963717114,309.96819017621124,10357542
2021-10-29,298.76593017578125,304.6096044097414,297.61105607382615,304.07835104477465,13522634
2021-11-01,302.7848815917969,303.47780601613,299.1123765037979,300.7753838441306,8802466
2021-11-02,302.0226135253906,305.34865596158426,300.7753440874226,303.50085774093924,8079378
2021-11-03,301.422119140625,305.74133669622097,300.3596406815381,304.60958271305225,6871182
2021-11-04,301.9764709472656,303.80117757752976,299.06619399269056,302.5769998116752,1565810
2021-11-08,304.1245422363281,305.3487200926796,299.11239978821493,301.63003103164374,9504460
2021-11-09,304.17071533203125,307.7739165205558,303.3623035437971,306.3187640236682,8284130
2021-11-10,301.4682922363281,304.4247809009897,300.9832508041229,302.99274844492373,8091390
2021-11-11,296.479248046875,300.1517530109362,294.16950004371273,300.1517530109362,12067796
2021-11-12,304.90985107421875,306.0416333194905,298.32706877262973,299.34336360910163,12126506
2021-11-15,304.3786315917969,307.6584627848593,303.57021971510994,305.6027812308216,9435996
2021-11-16,305.5566101074219,308.92883700693085,302.4153580393199,304.14766927487284,11327094
2021-11-17,305.71826171875,308.5823550846169,303.96285875101483,305.55659062514115,8854994
2021-11-18,300.9370422363281,307.6353107614042,298.0729493658837,306.45734503913036,7842498
2021-11-22,297.51861572265625,305.0945999691743,294.7238264556442,303.96281788058604,11582434
2021-11-23,296.941162109375,299.78216309131795,289.20350722482954,296.8949784329055,9134924
2021-11-24,294.0308532714844,299.1584813827583,292.46021371200175,297.6340536898249,7985552
2021-11-25,294.123291015625,296.47922249776155,292.4140720015438,294.2618702448395,6661362
2021-11-26,287.07861328125,293.06086683880767,286.2471095570912,291.9521764098168,8277074
2021-11-29,291.305419921875,292.34480656982913,278.99447943098545,284.8150333814616,10376060
2021-11-30,294.37738037109375,298.18846454223774,291.2592205947032,291.3054042762871,26850200
2021-12-01,293.2456359863281,298.3963859287355,292.5296196585704,296.848837664052,9453644
2021-12-02,298.7889709472656,299.38949973860116,290.56627438587145,294.21568720232864,10210456
2021-12-03,295.9942626953125,302.0920042181987,295.601616738436,297.84206144799487,13405010
2021-12-06,288.487548828125,297.5879623325134,287.8639280951147,294.37740671052467,9409906
2021-12-07,292.136962890625,293.1301376970644,287.7946250073109,290.10437320159105,8557090
2021-12-08,296.43310546875,301.6531310406803,294.83937348654547,295.18583573506083,15360658
2021-12-09,297.1260070800781,299.1585685310443,294.6545596472598,296.4561744788407,6865604
2021-12-10,294.8393859863281,298.37331234907407,293.3842332028042,296.6410010330557,8525212
2021-12-13,298.14227294921875,303.2929938964416,295.74012947211634,297.26455746108894,13123680
2021-12-14,298.8352355957031,301.14498381271994,295.3013095455999,298.41946963857265,8609412
2021-12-15,293.9847717285156,298.74284753611846,293.4997020346162,298.74284753611846,7123544
2021-12-16,297.6341552734375,300.22109024285913,295.37061889475893,297.49557601681136,12437240
2021-12-17,309.87579345703125,312.64749112336455,300.31343086914796,304.88674329666463,104600018
2021-12-20,307.6353759765625,312.97088881098534,306.2726188659532,308.3744841407053,26298202
2021-12-21,319.11480712890625,322.0250842351505,309.9682098542092,312.2779580647473,27362096
2021-12-22,316.7357177734375,321.47070062413036,314.6800366528846,321.47070062413036,12327754
2021-12-23,320.84710693359375,324.2886372845502,318.32947583416023,318.7914254599217,12944908
2021-12-24,322.648681640625,324.4733880745698,318.81450586250094,322.3253113037597,13182426
2021-12-27,323.1799621582031,323.8267029428613,319.2765101924165,323.2954495700943,10188656
2021-12-28,325.88232421875,326.8293151820114,324.0807096485151,324.7505421525852,10158044
2021-12-29,325.073974609375,327.98425176771667,323.38784710743107,325.78999092842565,7898416
2021-12-30,329.878173828125,332.557503867264,325.2124944892287,325.7206277338025,18087350
2021-12-31,330.45562744140625,332.0493591635905,327.5684425081614,330.66351039563295,8549558
2022-01-03,332.0032043457031,335.74498506641714,330.7559347070758,331.67983396603415,9280810
2022-01-04,333.2966003417969,334.03570834376893,328.7001966800326,333.874037279326,10228800
2022-01-05,329.60107421875,332.9963928573016,324.75060290929395,332.6037469341275,14711264
2022-01-06,326.0209655761719,329.02363830198857,323.341663244477,326.04405741964433,12883220
2022-01-07,328.67718505859375,333.296681686262,326.8755700957352,327.0603612389099,13120326
2022-01-10,320.3620300292969,327.5222484365847,318.7452065179738,327.5222484365847,27537820
2022-01-11,320.66229248046875,322.6486699130638,318.2832410119658,321.0549383212137,15487458
2022-01-12,319.36883544921875,324.1731224283968,315.603963235158,323.3647106517674,23460682
2022-01-13,300.1517639160156,307.65844519902487,299.34335208553773,306.3649919092936,61505934
2022-01-14,295.5553283691406,299.9207574317077,294.0309004317012,299.9207574317077,26514548
2022-01-17,298.7197265625,301.02947461232935,292.43719494986414,295.41677557317735,20457876
2022-01-18,292.55267333984375,300.26723722764876,291.5594986261133,299.75910395040677,14329980
2022-01-19,286.9400329589844,291.79050422623004,285.94682994524277,291.4902256792378,17382766
2022-01-20,284.19140625,287.51744908734116,282.0202374398491,286.709037268308,16827124
2022-01-21,279.9576416015625,282.71072220413737,277.9911594913046,282.2480205311355,19646694
2022-01-24,265.01239013671875,280.16587032349753,263.022778539035,280.16587032349753,26150716
2022-01-25,260.3623046875,264.66542571613803,254.8098831689796,260.2697586806427,34712370
2022-01-27,252.0567626953125,257.6785999059185,248.56337034747435,256.79945533895994,31351744
2022-01-28,255.4807586669922,261.4033348649126,252.93589927998124,254.53219757534043,29899780
2022-01-31,264.9429931640625,265.77587885162626,260.29284653349947,263.2772782710784,26252174
2022-02-01,266.81695556640625,269.4774904307995,262.0973924196161,268.32073614193285,20920202
2022-02-02,272.0686340332031,272.9940375503229,266.0535111719248,269.2924234818439,16368826
2022-02-03,267.5572509765625,272.4387481347519,266.5855887285879,270.5416825111557,14082780
2022-02-04,264.54974365234375,267.3490837830472,262.83774141206277,266.97892800595076,13633558
2022-02-07,257.724853515625,265.4982366269485,257.07705982256834,264.61912031902443,15091358
2022-02-08,259.2286682128906,261.79665740373235,256.54500357884814,259.7607865480441,13953814
2022-02-09,263.254150390625,264.0870078420439,260.63987436479186,261.1488632036553,10207476
2022-02-10,265.4288330078125,265.93779356509776,261.98169980490525,264.85045590132034,11603824
2022-02-11,259.7839050292969,261.88919235852256,257.7711354578689,261.88919235852256,15442458
2022-02-14,250.64553833007812,257.7942858648255,249.8589397234748,254.4859571257614,16241546
2022-02-15,260.6629943847656,261.54213892126546,251.36270140464833,252.45003911567682,13676992
2022-02-16,260.9175109863281,263.8787850472097,257.9793381221411,261.49588813584467,14607822
2022-02-17,261.38018798828125,264.85045055721184,259.64505670381595,264.66535859044126,14228840
2022-02-18,260.24658203125,261.7503625864013,256.96138295073825,258.650255486029,13411838
2022-02-21,264.11016845703125,264.98931312907445,256.98457804144374,257.1465123668371,17534002
2022-02-22,261.0331726074219,263.27726453240354,257.3084013687206,257.3778179194191,21490124
2022-02-23,262.39813232421875,264.1564214410726,260.33913227713265,263.36982287422825,14408512
2022-02-24,248.5402374267578,257.6785962949957,245.76402713767288,253.5605397364245,26953888
2022-02-25,256.91510009765625,258.5345559289787,253.32916218544221,253.5605130184883,15922624
2022-02-28,257.1696472167969,259.1592592499771,251.7560306680408,254.94868429043117,18316874
2022-03-02,256.8919982910156,258.3263623137381,254.67103570312503,256.7994522996303,16354110
2022-03-03,263.5317687988281,266.49307121361574,259.27490716797325,260.5010780680977,25911326
2022-03-04,266.19232177734375,268.36702573757003,256.3599091964414,259.57569213582207,26948372
2022-03-07,264.5959777832031,268.20507393524855,260.15405239140205,260.50107869517,21112334
2022-03-08,271.81414794921875,273.34105807186677,264.665400282874,264.665400282874,22039998
2022-03-09,270.911865234375,275.95532543098284,269.36182572203353,272.0686195692784,23527232
2022-03-10,272.1842956542969,276.00158496861553,270.4954230248662,275.30753236601214,16161966
2022-03-11,271.23577880859375,272.9940398577679,269.4775177594196,271.6059345703555,9927188
2022-03-14,276.7650451660156,277.9911877796011,271.14320797053904,271.32829995500225,15006442
2022-03-15,271.9297790527344,279.33300582570075,270.3565820670515,279.33300582570075,13853244
2022-03-16,276.8113098144531,277.3665575383506,274.1507748684722,275.42320462524566,11150296
2022-03-17,278.1763000488281,282.71077158811505,277.1583505421946,279.9345610651548,16881290
2022-03-21,277.6210021972656,285.02422892252605,276.69559885660806,279.98076941951484,15592952
2022-03-22,282.27117919921875,282.7107514823074,275.8396422230696,279.1942296997418,15580500
2022-03-23,282.80328369140625,284.5615444969947,281.18382774711444,284.07571336192126,11393836
2022-03-24,282.50250244140625,284.0062828873833,280.3046694819014,280.8599171409375,7751490
2022-03-25,279.17108154296875,284.0988663352785,276.34861224551315,282.7107611251713,11986194
2022-03-28,277.7135925292969,281.7853622302217,276.2792001775697,281.3226604860013,11476810
2022-03-29,278.7778015136719,280.09649019120764,277.22776196351066,279.00915238629733,9402006
2022-03-30,277.9911804199219,281.92414493653166,277.3896738479487,279.98079211540437,15488764
2022-03-31,273.8731384277344,279.1479206878517,273.08653991565285,277.62101077679324,14476178
2022-04-01,278.45391845703125,279.1942582308027,272.67014635447964,273.7806418945994,8567994
2022-04-04,280.2121276855469,280.62857049631384,277.1583078768211,279.9345179724153,8855948
2022-04-05,279.53564453125,284.36446365568736,279.02241840531246,282.4749269755239,12862488
2022-04-06,276.9229736328125,278.99914352316256,275.73326726118574,278.99914352316256,8235902
2022-04-07,270.9976806640625,276.1997653374939,269.43473730135594,276.1997653374939,15721530
2022-04-08,272.3041076660156,273.86705133854855,270.83445196256804,273.4004975883977,8636632
2022-04-11,266.4488220214844,272.5840149202161,265.04916084089274,272.4673764885001,17164216
2022-04-12,260.66357421875,265.0025182053982,259.49718989566287,265.0025182053982,16338532
2022-04-13,260.8968200683594,263.8361025178857,258.7506560833038,261.27005731214143,11204576
2022-04-18,251.28582763671875,256.5345571002462,250.0727993289532,256.5345571002462,18930062
2022-04-19,247.48342895507812,254.5283788073693,245.43058117598665,253.80522622934143,13286008
2022-04-20,250.30606079101562,252.19559758637388,247.9032978384312,250.07278394032502,8660976
2022-04-21,251.56576538085938,253.10538692405572,250.70262393421308,252.40555636113206,13388782
2022-04-22,250.86593627929688,252.33556338429042,247.57673830963094,249.6062355634605,9782424
2022-04-25,246.97019958496094,247.81001905950163,244.1475552822722,247.25014890186753,9473768
2022-04-26,246.92356872558594,250.88927554498602,245.92046678667722,250.5393602373919,8718740
2022-04-27,242.11805725097656,245.87380897943035,240.04188751407384,245.87380897943035,16275078
2022-04-28,243.79763793945312,245.71052525557326,240.7417168031757,244.4741465210544,13241338
2022-04-29,237.3825225830078,246.57363638964566,236.54273159801392,246.57363638964566,24151260
2022-05-02,230.94410705566406,242.14139709472656,229.8243808993759,240.50845896402993,43822854
2022-05-04,229.42779541015625,235.07309835835966,228.2614110918535,233.27686366055542,17267854
2022-05-05,233.81338500976562,235.0031054932283,231.55059670647924,233.74340480205348,10869532
2022-05-06,226.3251953125,229.0312009887268,224.41232235746935,228.61130552008314,18441782
2022-05-09,225.41542053222656,228.3080592088449,221.4263920353942,224.87888661716858,16675250
2022-05-10,222.84938049316406,225.69536101979122,222.14954991635852,225.34544573138845,14969534
2022-05-11,220.16668701171875,224.8555602146406,215.80440709229592,223.96909679888287,21029342
2022-05-12,221.0531463623047,222.07957023931888,215.6177983836872,218.39379870691448,14573000
2022-05-13,218.650390625,223.71250116317134,217.88057986069032,223.71250116317134,16775318
2022-05-16,218.3471221923828,221.30974090735438,216.94746115268805,221.14644427177234,7314066
2022-05-17,227.04837036132812,228.14477447688205,218.4871065491891,219.7468073182238,11321450
2022-05-18,224.5289764404297,231.0607284823331,224.22571937181638,229.03121696455236,15390968
2022-05-19,210.48568725585938,221.05312512827666,209.94915337817721,217.4839923684653,22945978
2022-05-20,214.42808532714844,215.6411278058515,212.28193543991824,215.54781136976314,12731912
2022-05-23,217.41403198242188,218.25382297724693,213.44832539046783,216.38760811044503,14111568
2022-05-24,214.59136962890625,219.09360976848268,213.68158426268351,218.55707588705647,13779460
2022-05-25,207.54641723632812,215.0112764702707,206.7766064754456,214.6846831835501,15481506
2022-05-26,211.5121307373047,212.14198110372942,207.14985062980244,208.0829580650718,11583082
2022-05-27,217.85726928710938,218.32382301575672,212.86513869534693,214.61471517777443,11414472
2022-05-30,222.1962127685547,224.64561983844428,220.7498933653829,220.7498933653829,12291148
2022-05-31,223.0360107421875,224.29571154124338,219.46687746231618,222.0329230441713,31587004
2022-06-01,219.63015747070312,223.4559035616048,218.58041163042893,223.4559035616048,10514566
2022-06-02,221.2164306640625,222.28951270069805,218.39378651695768,220.12002663801505,10535040
2022-06-03,221.84629821777344,227.6782198323311,221.37974448860882,223.7824933461886,23269778
2022-06-06,220.77322387695312,221.84629172740193,216.57424043731777,220.2133537230993,13791156
2022-06-07,218.183837890625,219.630157227687,217.01745362494424,219.28024194798277,4701342
2022-06-08,219.46685791015625,220.21334667871886,216.62087748893634,219.77011496792227,5627652
2022-06-09,221.63633728027344,222.14954921593062,216.5975628383963,217.90390754907867,7402238
2022-06-10,215.0579376220703,217.9738983001107,212.88845148713685,217.9738983001107,17453098
2022-06-13,208.1295928955078,211.3488103378038,207.6163810161649,209.9724713302143,14130822
2022-06-14,208.0363006591797,211.67542821381414,204.35052912307097,205.2836365619891,13056384
2022-06-15,205.33029174804688,210.2524277203856,204.95704023514023,209.22601809559336,11391596
2022-06-16,197.02561950683594,208.4328630334488,195.83591328100758,208.08294776254766,17944686
2022-06-17,189.04757690429688,195.36937424430963,187.57792126577823,194.08635148807835,41550546
2022-06-20,193.4564971923828,194.972796782712,188.55768313131927,190.82047152142843,20750838
2022-06-21,198.35531616210938,199.1018049803626,194.38960944310978,195.95256729174525,12187804
2022-06-22,191.87022399902344,197.2122699733812,191.42699225442794,197.2122699733812,16202862
2022-06-23,195.50933837890625,196.32580742109633,191.89354690635022,192.4534170876595,19655010
2022-06-24,195.36935424804688,198.75186844099812,193.96969320268772,196.4191000320662,15362102
2022-06-27,198.23867797851562,200.96802015970124,197.8187824671232,199.21844366382456,12447870
2022-06-28,199.33506774902344,200.19819493914724,193.9463782248296,196.88566083110098,12091828
2022-06-29,196.302490234375,198.1920272258868,194.73953232487892,195.95257492201426,16684176
2022-06-30,194.1096649169922,197.35221888949022,193.61978921782136,196.8390069620179,12123284
2022-07-01,196.8856658935547,197.4455360415683,191.94019371306555,193.61978991901705,8907248
2022-07-04,196.092529296875,196.76903790845307,194.0863539298553,196.39580061536245,6372716
2022-07-05,192.96661376953125,197.37553770543045,192.7100006908774,196.46576653044602,11513210
2022-07-06,194.1096649169922,195.2993854176902,192.73334001841786,195.2993854176902,10522910
2022-07-07,196.32579040527344,197.79544594431064,194.64620848309764,195.95255314214302,10706024
2022-07-08,195.5326690673828,198.14537277596636,194.34294852533927,197.81877947310974,9535432
2022-07-11,191.84689331054688,193.61979173237867,189.21085343022486,193.50315330362423,16689574
2022-07-12,190.8904571533203,193.54981912866225,190.3539232075836,190.82047694093552,9777472
2022-07-13,189.74740600585938,192.22013505772526,189.11755562831925,192.22013505772526,11956780
2022-07-14,187.29800415039062,191.5669680131093,186.85477240326168,191.5669680131093,13161242
2022-07-15,183.75218200683594,188.53435754671656,182.42250108227563,187.06471620402965,22328354
2022-07-18,188.83763122558594,189.2808629854653,185.0585429846948,186.15494715011437,13632394
2022-07-19,189.25750732421875,190.2605949409654,187.18135188268994,188.02114285529433,12897178
2022-07-20,192.2667999267578,194.78618728595205,189.9340312167464,191.66027151930066,25237412
2022-07-21,193.1532440185547,194.78618207185164,187.83453434971972,190.75049515917857,45382342
2022-07-22,191.68360900878906,194.73953034374804,190.84380372481252,193.969719512004,15468542
2022-07-25,193.52647399902344,193.92304750175248,190.61051329967648,191.52029873310846,12535662
2022-07-26,189.04757690429688,193.80641640273717,188.62766715724018,193.52648131739602,15186298
2022-07-27,189.72406005859375,190.07397533507145,187.5312662021869,188.93092730809772,14084158
2022-07-28,194.0863494873047,194.55290321203378,191.70692264356833,192.12681814820658,15898464
2022-07-29,197.67881774902344,197.95873859181174,194.92613939816147,196.23249836289537,15919784
2022-08-01,200.1515350341797,201.0379842065268,197.16559423559988,198.8451903842038,10365748
2022-08-02,200.43145751953125,201.3878868384428,198.1220111803809,200.12820048461452,16912426
2022-08-03,201.7145233154297,202.01778041531716,199.4517347056538,200.1515653537438,12034938
2022-08-04,203.18414306640625,205.42359520519744,199.26509470447692,203.907295630075,17789134
2022-08-05,205.2836456298828,206.21675311001866,203.4874108830033,203.4874108830033,12967586
2022-08-08,203.34742736816406,206.5899669506242,203.04417031916972,206.5899669506242,9557496
2022-08-10,200.68807983398438,203.41742194392327,198.8918451641552,202.9508682238684,11329742
2022-08-11,204.5604705810547,206.21673048131396,203.5573687595095,204.35051572582694,9154644
2022-08-12,203.46408081054688,204.5838068946213,202.95086886923664,203.93063453208535,7092398
2022-08-16,203.93063354492188,205.19032004412423,203.69735668528187,204.583805904296,4774208
2022-08-17,206.7066192626953,207.56974648944012,203.7206783122526,204.0006133909387,10401476
2022-08-18,202.97418212890625,206.100097623985,202.50762842743714,206.100097623985,16888260
2022-08-19,201.76116943359375,206.45002879922137,201.08466081912863,204.79376872668965,17253908
2022-08-22,195.9525604248047,201.03799307392578,195.5093287000366,201.03799307392578,12900580
2022-08-23,194.38961791992188,195.2527452087255,191.287038316792,193.6198070767529,17028776
2022-08-24,194.1563262939453,195.71928409199992,193.31653529939422,194.92613707863205,7429170
2022-08-25,193.71311950683594,195.99922999658983,193.59648107125574,195.62597845987904,8753902
2022-08-26,194.66952514648438,197.11893199374393,194.2262934503163,195.25271725297475,7904194
2022-08-29,188.65101623535156,189.58412375798164,186.154950764698,188.95427333258817,23519514
2022-08-30,192.9432830810547,194.06302338716668,189.53744665788417,190.89044958333182,19750992
2022-09-01,191.49697875976562,192.05683467708354,188.88427509801357,191.2403656726666,11778706
2022-09-02,190.21395874023438,192.57004934835203,189.93402365855462,192.4767329084289,9815080
2022-09-05,189.1875457763672,190.3539301523004,188.48771515080725,189.8873764019271,18018508
2022-09-06,188.69764709472656,190.0506499587135,187.2046695797893,189.8873533183159,18226162
2022-09-07,190.09732055664062,190.75049292268318,187.08804334132606,187.60125528539152,12248532
2022-09-08,192.59335327148438,193.31652001782194,191.1003900394016,191.2870086636509,14064948
2022-09-09,194.6228790283203,195.69596111381966,191.91687318123212,194.55289881880913,14671342
2022-09-12,196.8856658935547,198.00539195149258,195.04277304125844,195.88257826327884,11678424
2022-09-13,197.1889190673828,198.75187681483558,196.65238515834085,198.23866489563017,9408334
2022-09-14,194.22630310058594,197.21225822464672,190.82046672469625,190.82046672469625,17583964
2022-09-15,193.6431121826172,196.37245424137936,192.80332119750082,195.81259833066488,10640314
2022-09-16,187.39129638671875,192.57004545990898,186.7148020442499,192.57004545990898,20192486
2022-09-19,187.53128051757812,189.5141339023149,185.2218338212957,188.9542637219767,13584188
2022-09-20,188.90760803222656,191.00709987949577,188.69766739035384,189.42081999806598,8989822
2022-09-21,186.97140502929688,189.37415386203048,186.38821287387174,189.37415386203048,19290112
2022-09-22,185.66505432128906,186.78478037605223,184.28871518354333,185.68837631151962,16500324
2022-09-23,183.98545837402344,186.34154891413286,183.6588650818092,185.73503478640845,13966710
2022-09-26,184.19540405273438,186.248251823376,179.4365646233762,182.88905932422577,18994144
2022-09-27,185.875,187.27466116602122,182.88905902677266,185.12851119717075,12454694
2022-09-28,185.71170043945312,186.85476273569378,184.45201395262796,184.75527101956237,8921590
2022-09-29,183.2622833251953,187.50792474227822,182.67909121400504,187.08802926983896,11883068
2022-09-30,183.93881225585938,185.08187461571652,180.78957450639317,183.09902121790446,13570530
2022-10-03,184.05543518066406,185.6883731353721,182.23587859303575,183.77550011223917,8140834
2022-10-04,189.1875457763672,189.42082265155383,186.15494639894084,186.59817815703167,12591696
2022-10-06,191.3570098876953,192.6866908684247,190.0973233570753,190.98377259819824,11203878
2022-10-07,190.4005584716797,192.103476545473,189.53743132142904,191.19369117989484,7580186
2022-10-10,191.89352416992188,192.91994796801004,186.5048348251802,186.761433655658,18714926
2022-10-11,188.67431640625,194.972791455526,187.69455077318923,193.57313033346466,22723292
2022-10-12,190.33059692382812,191.10040771888006,187.36797793623825,188.6043424541204,12610118
2022-10-13,176.87051391601562,183.0523505597937,176.40396020705126,180.5562853692164,84896212
2022-10-14,176.03073120117188,180.7895853362264,175.54085543936822,180.55630845192158,27864794
2022-10-17,175.00428771972656,176.80052223025444,173.7445870920607,176.03069726996512,16909538
2022-10-18,176.96380615234375,179.2732525769372,176.54391068553272,179.01665374668838,22328480
2022-10-19,176.38063049316406,177.85028612115332,175.91407676696807,177.85028612115332,10198278
2022-10-20,177.990234375,178.50344628634647,175.42418905635648,175.8907427506553,11868814
2022-10-21,178.48011779785156,178.83003308374833,177.38372795917982,178.45679580736086,8931540
2022-10-24,179.4832000732422,180.27633275847006,179.15660681350323,180.27633275847006,3472470
2022-10-25,179.45989990234375,180.2997052083593,178.993346145032,180.2997052083593,5783256
2022-10-27,178.5267791748047,180.53296872561987,177.8036265997289,180.08973699374135,11723118
2022-10-28,178.8067169189453,180.01975946386077,178.22352475678306,178.59676204533093,7609676
2022-10-31,180.34632873535156,181.20945593608434,179.50653776269158,180.34632873535156,6638382
2022-11-01,183.07566833496094,183.35560340151233,180.36966258050498,181.02283491039893,11540196
2022-11-02,183.798828125,184.218723589825,182.25919243652388,183.2856162288413,6716614
2022-11-03,181.256103515625,183.7055103198902,179.87976447323115,181.8392956118786,10312476
2022-11-04,182.21255493164062,183.07568218627367,179.92644448500258,181.25612547315725,9023630
2022-11-07,182.65576171875,184.2187193601296,180.8362052542268,183.35559222341954,8252598
2022-11-09,182.39918518066406,184.0087869952081,181.55937992960256,183.84549034321645,6862546
2022-11-10,181.44273376464844,182.46915761505767,180.55628456916187,181.3960755463409,5494908
2022-11-11,186.4815216064453,189.35082404492692,185.33845933382045,185.92165146514148,28417046
2022-11-14,185.01187133789062,187.85785186777326,184.54531761948658,187.85785186777326,17623428
2022-11-15,185.2917938232422,186.41151982369212,183.82215255777112,185.71168929364984,12462712
2022-11-16,185.8050079345703,187.41462386803371,184.84857856071386,186.1549232037503,11039528
2022-11-17,185.1051788330078,185.68837095283456,184.28870986525035,185.64171273563065,6057616
2022-11-18,183.75218200683594,186.10827255319992,183.26229206721408,185.6183968516674,9546202
2022-11-21,181.32608032226562,184.0321001410359,180.8362046658261,183.75216509246133,7904612
2022-11-22,181.3960723876953,181.6760074545769,179.38989717820712,181.4893888226855,8410828
2022-11-23,181.3727569580078,182.86573454331594,181.0228416712721,182.30586438930303,6717760
2022-11-24,185.8050079345703,186.5048384729303,181.55936648756878,181.90928175674875,13370266
2022-11-25,187.92782592773438,188.67431470036894,184.7086082237174,186.15492755105518,13648550
2022-11-28,189.25750732421875,191.0304199436234,187.55458915093874,187.92782641918757,13679200
2022-11-29,189.02423095703125,190.77380735285362,187.9744851195378,188.02114333771092,9102602
2022-11-30,189.84071350097656,190.35392546135805,187.85786011075407,189.84071350097656,13892346
2022-12-01,193.01327514648438,194.24963962795962,192.05683149999277,192.61670164613855,15852984
2022-12-02,192.40675354003906,193.106584128258,190.84379571206549,193.0599259080921,11726622
2022-12-05,192.38343811035156,193.59648068558718,191.5902910547501,192.80333362998576,9947062
2022-12-06,191.9168701171875,192.50006225061878,190.2605959153891,191.5202966188364,8832518
2022-12-07,189.56076049804688,191.05373801661125,189.0942068032566,190.82046116921612,6568616
2022-12-08,188.3477325439453,190.3539077390973,188.16109967529866,190.0039924675181,8940712
2022-12-09,183.84547424316406,189.4207964851927,182.53912961781194,189.4207964851927,15423336
2022-12-12,184.91856384277344,185.45509775595903,181.02283755801787,183.30894786512758,10365880
2022-12-13,185.5717315673828,186.3182203245111,184.75526260385567,185.85166663106702,6813842
2022-12-14,186.64480590820312,188.72097561202602,186.27156863560296,186.99472119054928,9995152
2022-12-15,184.3820343017578,186.5048480148208,183.84548613776016,186.5048480148208,7766926
2022-12-16,181.8393096923828,184.1954002484531,181.04616268482621,182.6091204714293,18012634
2022-12-19,181.51272583007812,182.18923444450633,179.94978220034767,181.2328049781259,8838046
2022-12-20,181.46604919433594,181.9092666222358,178.69004926123063,181.39605475585233,8778558
2022-12-21,181.72265625,183.4722325296855,180.95284553455602,182.37582854679826,10215214
2022-12-22,181.3727569580078,182.86573454331594,180.08973423997688,182.00260732174996,9093800
2022-12-23,176.1940155029297,180.01976183228325,175.8907584222335,179.15663457330945,12120710
2022-12-26,177.523681640625,178.03689355474657,175.56415041873865,176.35729739857095,7261148
2022-12-27,180.3696746826172,180.71958997976216,177.40705565250505,178.45680154393997,7685840
2022-12-28,180.92950439453125,181.74597330287858,178.80669092806335,179.62315983641068,7676002
2022-12-29,182.3058624267578,182.93571278371957,179.52986215330276,180.20637072894488,9485398
2022-12-30,183.2389678955078,184.89522785534294,182.67909775348767,183.35560632192124,8256556
2023-01-02,183.37892150878906,183.7754949915001,182.18921529874464,183.35559951960727,5559512
2023-01-03,185.24514770507812,185.57174100232933,182.74909670871764,183.3789328364186,5994422
2023-01-04,181.8159942626953,185.45510766118835,181.30278231211557,185.45510766118835,8926522
2023-01-05,180.5096435546875,182.98238697976518,179.04000208551247,181.9559630315306,9568980
2023-01-06,178.2235107421875,181.39607015964015,177.9435756787443,180.55627920739937,8484754
2023-01-09,182.7957305908203,183.35560071572212,179.6698294013699,180.0897248760019,7347432
2023-01-10,183.37892150878906,183.7754949915001,180.71957402807544,182.88904583126222,7879496
2023-01-11,183.75218200683594,184.75526963831499,182.65577793787958,183.3556085046914,7656600
2023-01-12,184.05543518066406,185.6417149176198,182.18922037528344,184.6386273073455,9510500
2023-01-13,183.77549743652344,185.0351981070501,180.32300294445437,184.755263042701,13621860
2023-01-16,185.9683074951172,187.08803352646075,181.48938913165395,181.9559428312212,23867444
2023-01-17,184.91856384277344,187.57791141868466,183.7055213620349,186.6448040085918,14310032
2023-01-18,188.1144561767578,188.41771323195002,185.6883712590423,185.9216481073577,16080426
2023-01-19,188.207763671875,188.48769874535228,186.03829176908224,187.60124954441525,9447456
2023-01-20,188.0911102294922,189.14085599266593,187.22798308770948,188.27772885088322,9265614
2023-01-23,189.88735961914062,190.23727490099407,187.7878679280199,189.04756863792804,8815290
2023-01-24,190.16798400878906,191.85171714417572,189.48980915866605,191.00984343990316,9552640
2023-01-25,187.80606079101562,189.84057090321454,187.08112713263955,189.41964122179755,6355554
2023-01-27,186.16912841796875,188.7648880041132,184.36848372196332,187.80608852208962,7410134
2023-01-30,188.1334686279297,189.32610516851412,184.76600244850837,186.1691109777409,7261256
2023-01-31,186.5432891845703,188.27378120841684,186.00543374841746,188.15685549302887,9566846
2023-02-01,188.20362854003906,188.9051828320172,186.30943766096152,187.7826988194839,7029896
2023-02-02,191.50096130371094,191.7581921937312,188.20364723989832,188.20364723989832,10835460
2023-02-03,190.7760009765625,193.1612885076814,189.95752094051298,192.95081650343363,8850236
2023-02-06,189.25596618652344,189.9809142092445,187.8294781219689,189.60674334401972,5958022
2023-02-07,187.31500244140625,189.6535168289394,186.636827559758,189.6535168289394,6683580
2023-02-08,190.23812866210938,190.63567892758985,187.5488373534256,187.5488373534256,8300976
2023-02-09,190.9630889892578,191.26710729378627,188.74150020694586,190.23815520113575,5277374
2023-02-10,189.79380798339844,190.3550571042713,188.39069945437433,190.3550571042713,5160140
2023-02-13,187.3617706298828,189.72366438957843,186.70698947331798,189.72366438957843,4825356
2023-02-14,189.46641540527344,190.0978170674669,187.7826823971433,188.48423662776773,4638822
2023-02-15,190.54214477539062,190.75261677437803,187.24484527897997,188.34394986883643,5227672
2023-02-16,191.71139526367188,193.27820266501325,191.0799935618587,191.19691927429972,11189362
2023-02-17,190.0276641845703,190.82276474694595,188.95195332785823,190.2849093185899,5616244
2023-02-20,190.3784637451172,190.72924092750458,188.1101160508735,189.55998365287996,6497188
2023-02-21,188.36734008789062,190.82278027525606,188.06333606218206,190.54215568492523,5761172
2023-02-22,184.8127899169922,187.2448505988294,184.48540646534894,186.84730029675768,6883372
2023-02-23,184.2515411376953,186.4731296471129,183.99429600955213,185.11677998073148,6078322
2023-02-24,183.94754028320312,185.4441952352228,183.5967631169322,185.1869643558879,5106634
2023-02-27,182.56781005859375,183.94752489998044,180.27606895191013,183.69029404215735,5554710
2023-02-28,181.02439880371094,183.9007830106504,180.39301131746527,183.26938125124516,10061602
2023-03-01,182.8484344482422,183.22259101802018,181.14130763158983,181.51547847452605,4542612
2023-03-02,181.49209594726562,182.5678211296639,181.14131878905818,181.79611423623936,4438972
2023-03-03,182.61459350585938,183.08229638150695,181.98319176910334,182.6847460825747,4393936
2023-03-06,184.1580047607422,185.51434022688795,183.38629788113846,183.549996740002,6727722
2023-03-08,183.6201629638672,183.80724127083403,181.8662770738783,183.17583949580603,4908842
2023-03-09,182.4508819580078,184.20476761972958,182.21703053644492,183.71367107055266,4157054
2023-03-10,181.98316955566406,182.35732610124776,180.81391250926833,181.42192046413118,4567396
2023-03-13,180.2760772705078,183.62014994230722,179.48097668083406,181.9364167526891,5982520
2023-03-14,177.46986389160156,181.07116751113995,176.48768498694227,180.79054292792884,8094852
2023-03-15,175.73934936523438,179.4575928055786,175.34179908023552,179.4575928055786,7687926
2023-03-16,174.38302612304688,176.18368511173645,173.05007002632033,175.55228335295445,7686620
2023-03-17,176.09011840820312,176.95537151264924,174.85070874283008,176.4175161038826,9044282
2023-03-20,171.71710205078125,175.83289577923483,170.7816963315634,175.38857235334294,8184754
2023-03-21,171.3663330078125,173.16699195706883,170.92202383407343,172.58236335491802,7211152
2023-03-22,171.3663330078125,173.05006623663868,171.10910213212983,172.04450789557114,5374846
2023-03-23,169.07460021972656,170.6647872426798,168.5367447334106,170.6647872426798,9485192
2023-03-24,169.19151306152344,171.57680055088574,168.8407359093572,169.93984050744322,7906696
2023-03-27,168.95765686035156,170.24383971534385,167.99887171407522,169.19150828853196,6227714
2023-03-28,166.59576416015625,170.26722018643434,166.22159330889247,169.7761378935264,7813096
2023-03-29,167.9287109375,168.72381153131866,166.03452001002947,167.43762862983252,8823840
2023-03-31,170.8284912109375,171.06234267050073,168.98105897112387,169.93985851922932,7914212
2023-04-03,172.0912628173828,172.30172052797835,170.7816863233272,172.0912628173828,4053500
2023-04-05,172.93313598632812,173.93869430105568,171.74049937844458,172.9097565521182,6443110
2023-04-06,171.48326110839844,173.26054064750073,171.10910450709238,172.58236575032916,6429614
2023-04-10,174.59347534179688,175.10795135248588,171.92757755157743,172.11465584460282,5624940
2023-04-11,173.16697692871094,175.3184128525446,172.39527009547658,174.6870111623863,6784354
2023-04-12,174.0556182861328,174.66364057428706,172.74605597391533,173.33068455493364,5578210
2023-04-13,172.2549591064453,173.00328654349664,171.17924822848062,173.00328654349664,6724634
2023-04-17,169.00442504882812,169.28504960905408,164.63140061535125,168.3496439237396,13603290
2023-04-18,172.06788635253906,172.53558923160176,168.02225930327845,169.9866171046055,8024898
2023-04-19,168.7471923828125,172.06788566553118,168.5601140865662,172.06788566553118,7475944
2023-04-20,169.7059783935547,170.10352866229152,167.90531960444645,168.60687386463215,4423266
2023-04-21,172.13803100585938,172.4420492817828,170.08014128734465,170.29061328249801,5299988
2023-04-24,176.768310546875,177.07231456655046,173.30729779007976,175.38858133113965,17779044
2023-04-25,175.6925811767578,177.2126155121818,174.9676474337423,176.88523206537047,7528552
2023-04-26,175.17811584472656,176.62799769232976,174.6402603632563,176.62799769232976,7008146
2023-04-27,175.1079559326172,176.13690798090852,174.0088513067513,176.04336169536958,8491700
2023-04-28,180.06561279296875,181.4687214640828,177.727098341112,177.727098341112,27709406
2023-05-02,181.63241577148438,183.40968100102344,181.21148603534715,181.93641978796356,9746608
2023-05-03,180.11236572265625,181.63239994576995,178.68586350322406,181.63239994576995,4828488
2023-05-04,179.4575958251953,180.60345928575674,179.15357754303693,179.94867812641323,6253358
2023-05-05,177.44647216796875,179.78498659894663,177.2593938681224,179.0132796913558,7902194
2023-05-08,177.8907928466797,179.1302026211498,177.5400156874999,178.19479686333702,9613544
2023-05-09,178.80279541015625,179.34066511088892,177.75046398844898,178.89634169023805,5716698
2023-05-10,179.48097229003906,179.85512886828582,178.66249228611053,179.597898004886,3670402
2023-05-11,179.90191650390625,180.93086858672734,179.17698272270937,180.3930131097271,4049964
2023-05-12,179.24713134765625,180.18253712116,178.45203073091432,179.87853309940317,4580358
2023-05-15,180.4163818359375,181.00101042257373,178.89634751068334,179.24712466266507,5089694
2023-05-16,180.97763061523438,181.84286950314498,180.76715861521575,181.23486148356042,4059352
2023-05-17,178.80279541015625,181.16470338721652,178.35848626266377,180.62684795964225,5376102
2023-05-18,178.943115234375,180.22929808603286,178.7794163804414,180.15914551239229,4237016
2023-05-19,180.62684631347656,181.56225201313586,179.36404290967317,179.97205090518844,7281582
2023-05-22,185.09341430664062,185.49096460829873,180.25268665586546,180.76716267723717,12197390
2023-05-23,185.98204040527344,188.06332385251395,185.23371297069488,185.67803639930176,12725634
2023-05-24,186.9408416748047,187.2916188251028,183.97092561431558,184.50878105680758,8256974
2023-05-25,184.32171630859375,186.61345767097376,183.64354139225486,186.61345767097376,13605054
2023-05-26,187.87625122070312,188.27378724724613,184.74263623853273,184.8127888153839,7926180
2023-05-29,186.98760986328125,189.88737349287965,186.7771521265075,188.95196771212656,7959308
2023-05-30,188.25039672851562,188.88179842931743,186.82390874828332,187.08113960597825,7378972
2023-05-31,188.7882537841797,189.32610921057025,187.31499265166343,187.89962121799198,11783582
2023-06-01,190.42523193359375,190.82278225124915,188.97535009617047,189.41967355822524,7065484
2023-06-02,189.39627075195312,191.66461810724337,188.95194734472585,191.15015640181133,6320754
2023-06-05,189.04550170898438,191.64124687255236,188.81165027899956,191.24369658694647,7252860
2023-06-06,187.05776977539062,188.64795668904193,184.99986571555587,188.64795668904193,13707400
2023-06-07,188.39071655273438,188.76488742499544,187.5488570681759,188.20363825318353,8215860
2023-06-08,186.87066650390625,189.30272701359118,186.49650993618155,188.9987230181701,10615052
2023-06-09,185.81832885742188,187.24483105441084,185.23370031926845,186.8239013615719,12018232
2023-06-12,185.02325439453125,186.9875978439515,184.55555153421807,186.9875978439515,11973622
2023-06-13,184.99986267089844,186.37959183287708,184.5087803715684,186.12236096621064,13016186
2023-06-14,185.42079162597656,185.74817504125141,183.66690602328347,185.3506247833428,18512564
2023-06-15,181.91302490234375,185.88849903305768,181.58562720584533,185.72480018480846,28702320
2023-06-16,178.3350830078125,181.77270165596752,177.32952477998478,180.32282003127847,41110648
2023-06-19,177.79722595214844,178.6624790324607,176.37073804609992,178.6624790324607,10629440
2023-06-20,178.89634704589844,180.0422247819919,178.00771445115188,178.5689493289692,11802658
2023-06-21,180.29946899414062,181.11794907388057,179.1769848822721,179.71484036575495,8829264
2023-06-22,178.80279541015625,180.53330167956048,178.4754119761868,180.53330167956048,9356174
2023-06-23,177.70370483398438,179.1301928273935,176.83845170068253,178.80279512079548,6470406
2023-06-26,178.1480255126953,178.61572839630605,177.2827723233836,177.72709577207752,4100400
2023-06-27,178.943115234375,179.71482209073804,178.42863923908018,179.71482209073804,5880750
2023-06-28,178.52218627929688,179.48097142716887,178.1012422893448,179.48097142716887,7140112
2023-06-30,182.00656127929688,182.28718584401554,179.13019160553674,180.06559730582677,9070810
2023-07-03,183.15245056152344,184.22816147566593,182.1702716594338,184.22816147566593,9036924
2023-07-04,185.18695068359375,185.84173182432528,183.80722155552934,184.15799869590248,12617234
2023-07-05,184.2281494140625,184.92970368774374,183.2693642826281,184.32169569314996,12366958
2023-07-06,185.3038787841797,185.65465592907162,183.877376497724,184.5087782131612,9037242
2023-07-07,185.1401824951172,185.88850993589213,183.9007727539493,184.74263220409688,9065220
2023-07-10,182.3807373046875,185.1401813443063,182.2404178817626,185.1401813443063,5630400
2023-07-11,183.36288452148438,183.71366163581433,181.39854124513099,182.40409945157873,9634838
2023-07-12,183.26937866210938,184.2515575769574,182.56782433338353,184.22816386877093,6848220
2023-07-13,184.4152374267578,186.426368347957,182.9887493709571,183.26937394986382,13595726
2023-07-14,189.44305419921875,189.6535262137754,183.50323592485336,184.62572003178258,31366784
2023-07-17,194.213623046875,198.7503467418213,189.79382507320918,190.3550742446192,45759860
2023-07-18,195.12564086914062,196.57550833123594,192.81050597952864,195.49979745165064,17769026
2023-07-19,195.47642517089844,196.90291325122197,193.69914565604174,196.4352103693901,10830990
2023-07-20,195.33612060546875,196.43522531603577,193.93301185321135,195.73367093990706,8255710
2023-07-21,189.27935791015625,193.7926877679994,187.54885157538416,189.4196630624204,23514212
2023-07-24,188.975341796875,190.82277387081936,188.71811092371473,190.02767327042733,6808460
2023-07-25,187.26820373535156,189.6534909396556,187.08112546451846,189.6534909396556,6458200
2023-07-26,188.36734008789062,188.76489040142934,187.73593832793617,188.71811725751428,5329662
2023-07-27,187.05776977539062,190.1679910263714,186.6134463367538,188.95196070187603,8948358
2023-07-28,186.4965057373047,188.4140902183261,185.46755378949092,187.5722165501627,6760060
2023-07-31,189.44305419921875,189.88737766410065,186.59007792377858,186.96423453503505,6762180
2023-08-01,190.33168029785156,190.82276258052343,188.97533061588499,189.65350545686826,7181804
2023-08-02,188.39071655273438,189.8405983522823,186.6134512972623,189.8405983522823,5399618
2023-08-03,186.91744995117188,188.01655455506835,185.7014196292685,188.01655455506835,6821698
2023-08-04,191.22030639648438,191.7581618005617,187.2214386047975,187.47868372720512,12481540
2023-08-07,192.2960205078125,193.1612736195778,190.84613884392982,191.73478566167464,8822866
2023-08-08,194.72808837890625,195.26594381262066,191.7347929331768,192.88065637488867,15724284
2023-08-09,195.40626525878906,195.73366299696065,192.95082504198132,194.33055430164194,9309388
2023-08-10,195.80380249023438,196.8093608000394,194.35392074734492,195.07886875536906,9901644
2023-08-11,193.18466186523438,197.44076077343814,192.85727842500864,195.8038007528335,7571468
2023-08-14,194.16683959960938,194.6579361668213,191.52432129353662,193.27820701966792,5792180
2023-08-16,195.80380249023438,196.5287504982585,193.6289870124796,193.6991395879248,8131780
2023-08-17,195.28932189941406,196.62227789423193,193.86283389725017,195.803797895872,6340960
2023-08-18,192.55328369140625,194.72809925459552,190.82277730559667,194.1200769394811,10602392
2023-08-21,193.9095916748047,195.19577442747106,192.5298626490451,192.60001521728634,7334260
2023-08-22,195.07887268066406,195.5465755572549,193.04436231286218,194.09669378519152,6350240
2023-08-23,194.213623046875,195.47642654596788,193.9096190261776,195.14902881711882,6134234
2023-08-24,193.02098083496094,196.43520608866706,192.6935831155496,195.85057749911746,5776956
2023-08-25,191.6178741455078,192.3661873291236,190.40184381239362,191.758179299146,6598510
2023-08-28,190.84616088867188,192.90406504836102,190.6590825850164,192.43636215264252,3401974
2023-08-29,190.86953735351562,192.64680248741757,190.40183450005108,191.59447106712233,3998562
2023-08-30,190.44862365722656,191.85173233562512,190.1913785022911,191.7581860478014,4018182
2023-08-31,191.00985717773438,191.75818465541178,190.09784510729332,190.82277887660487,22061952
2023-09-01,194.72808837890625,195.38286952747853,190.5889152183064,190.79938721431395,8476130
2023-09-04,203.0298309326172,204.15231503349588,194.56440562184258,195.49981141810144,27634648
2023-09-05,201.97750854492188,204.6200271842116,201.25256045614444,203.82492651217453,17973426
2023-09-06,200.7848358154297,203.70797874468505,199.19464891654653,202.86611929032304,13531912
2023-09-07,202.4451904296875,202.84274072439968,199.59220006389054,201.0888549593391,9322650
2023-09-08,201.11224365234375,202.72582433974847,200.7848459185296,202.72582433974847,5748410
2023-09-11,203.38058471679688,204.61999439967184,201.15899620617188,202.51533160013236,8253314
2023-09-12,203.45074462890625,206.49081322680945,199.66234859842595,204.4329234920913,14545328
2023-09-13,203.77813720703125,204.8304686182545,201.81377953015118,203.42736006995682,7445670
2023-09-14,204.12890625,207.30927979077018,203.59103657595352,205.0409182063355,14895010
2023-09-15,206.28033447265625,207.54313786583558,204.97077221341397,205.6957059152877,19835876
2023-09-18,203.96522521972656,206.28034587093603,203.54429548979383,206.28034587093603,6025196
2023-09-20,201.15899658203125,204.31599078723923,200.66790003065958,203.09996053504602,9102700
2023-09-21,200.6211395263672,201.69685035231635,197.8616813436004,201.06544866179922,8893070
2023-09-22,195.733642578125,199.59219108772962,194.84501001842347,198.4930865364227,19818260
2023-09-25,193.67576599121094,196.31828441579106,192.69358708589854,195.7336558141955,9301132
2023-09-26,193.11451721191406,194.93855559792044,192.55328231715168,194.93855559792044,6480566
2023-09-27,194.40069580078125,194.8216255307516,191.89848258212575,192.81050889136057,7773994
2023-09-28,189.58335876464844,194.79824284327609,188.95195704365796,194.79824284327609,16876116
2023-09-29,189.91075134277344,191.40740628874823,187.78270891858867,189.4196690212414,12780272
2023-10-03,189.630126953125,190.86953665564275,188.7648738227475,190.0978298048795,5728104
2023-10-04,189.37289428710938,189.63013943640368,187.38515703630077,188.34395650940988,6905870
2023-10-05,190.2615203857422,191.94525355979877,189.41966093529328,190.79939010075213,8125304
2023-10-06,190.75262451171875,191.6646365736202,190.3316947698289,190.8227770898405,6365004
2023-10-09,189.7002716064453,192.2258640458468,188.67131966627989,189.04549049595718,6030450
2023-10-10,190.70584106445312,191.17354392420654,189.98090734109877,190.0744393491543,5128014
2023-10-11,196.97305297851562,198.2826295261048,191.2904661896171,191.2904661896171,19092228
2023-10-12,195.07887268066406,197.32384077903637,193.9563886314779,197.25368820217957,10234398
2023-10-13,192.24925231933594,193.8160597339866,191.31384661186192,192.64680259964408,10914054
2023-10-16,191.85171508789062,192.64680137027472,190.8929156799533,192.22587165922923,5277652
2023-10-17,192.4129638671875,193.55884164370562,192.24926500294788,192.5532832964612,5979388
2023-10-18,190.56553649902344,193.46528567447425,190.35506450222684,191.2904702245965,4881066
2023-10-19,184.88291931152344,185.56109411079433,182.45087320780317,183.31612628072065,25629102
2023-10-20,183.26937866210938,185.23372221864608,182.87182835453285,184.76601933282885,8429336
2023-10-23,179.20034790039062,183.80722392463468,178.7560387474196,182.8016656305693,8837826
2023-10-25,178.59234619140625,181.32841087272428,178.2415690341388,179.784982816852,6678294
2023-10-26,176.9086151123047,177.9843260316155,175.4119601806765,177.1658459881349,10995582
2023-10-27,178.82620239257812,179.76160817020565,177.282774295597,177.282774295597,6202812
2023-10-30,178.66249084472656,179.76159541005225,177.91416342111174,179.59789655595551,4688744
2023-10-31,178.56893920898438,179.64466430853128,177.32952953340813,179.2237346057338,6153536
2023-11-01,178.17141723632812,180.32283905844787,177.79724636971142,179.52775272906075,4241952
2023-11-02,179.4342041015625,180.13575841000585,178.70927035876795,179.50435667777504,4742730
2023-11-03,179.3874053955078,180.86068065181206,178.96647572505955,180.53328297859846,5291528
2023-11-06,179.90191650390625,180.74379028253068,179.13020957837026,180.53331826958467,4939936
2023-11-07,179.27049255371094,181.0009987679911,179.0600348399685,180.01881995105256,5692178
2023-11-08,178.7560577392578,180.46317050448314,178.42865999330883,179.8785418675457,7102052
2023-11-09,178.1246337890625,179.59789491616502,177.58677836464835,179.13019206482082,9231126
2023-11-10,177.39968872070312,178.56894586827738,176.3239778541982,177.8673915797328,10710700
2023-11-13,178.49879455566406,179.08342313358327,177.7270876874424,178.9431179841461,3585902
2023-11-15,183.1758270263672,183.45645160429427,179.71482862702376,180.32283665156666,10792518
2023-11-16,185.7248077392578,186.84729174366186,182.07671688349646,183.17582145426735,13843576
2023-11-17,184.92971801757812,186.61345125951388,184.50878827538403,186.14574837415168,7886928
2023-11-20,187.17469787597656,187.5956276124243,183.90077772313552,183.90077772313552,8610496
2023-11-21,187.38514709472656,188.29717337656265,187.10452252545713,188.29717337656265,5440248
2023-11-22,187.1980743408203,188.2971789436118,186.66021889316116,188.2504058018243,5318582
2023-11-23,188.25039672851562,189.41965385105297,187.31499103048571,187.31499103048571,9677360
2023-11-24,185.21034240722656,188.71811404372707,184.9998703997728,188.25041115886032,6250566
2023-11-28,185.60789489746094,186.4965275345296,183.8540090585782,185.67804747638434,8145314
2023-11-29,190.00428771972656,191.07999859324556,186.14573910757213,186.14573910757213,15544086
2023-11-30,193.18466186523438,193.86283672589119,188.9753360979653,190.33168581927893,19825958
2023-12-01,190.65907287597656,193.51206324920693,190.12121742792172,193.51206324920693,9830426
2023-12-04,190.56553649902344,193.16128166933584,190.23813878693062,193.0209765202438,10662472
2023-12-05,189.11566162109375,191.2904771497043,188.06333014533132,190.54214969008584,11165368
2023-12-06,195.85057067871094,196.6222775354103,189.86397983946685,190.23813641448518,22082070
2023-12-07,195.61672973632812,197.1367640976983,194.86840227302176,196.4352097770659,11250552
2023-12-08,197.65122985839844,198.53986243042826,194.09668529712067,195.8739504411803,15479122
2023-12-11,196.7158203125,197.4641477223684,195.14901292034136,196.43519574965458,10084242
2023-12-12,197.46417236328125,200.13007036008614,196.50537284334374,196.76261800520209,11903364
2023-12-13,196.27149963378906,198.44631504812236,194.09668421945574,198.09553790796673,9696816
2023-12-14,203.17013549804688,203.9184629874953,197.95525105380136,198.07217677799144,24681376
2023-12-15,208.85272216796875,210.2324514182422,202.74920509412235,203.94184176776508,41567234
2023-12-18,208.2447052001953,212.1032539209176,206.72467085566834,208.59548235662461,20182072
2023-12-19,205.18125915527344,209.2268862124446,203.45075279009401,208.40840617248446,16064694
2023-12-20,202.02426147460938,210.23244117727268,200.80823115154396,206.72466963371417,26449942
2023-12-21,202.9830322265625,204.1522893246418,199.80265862905006,200.5977448918492,10663008
2023-12-22,216.38272094726562,218.08983349710155,202.98303713395313,203.5910451303906,46080814
2023-12-26,219.86712646484375,222.53302431358006,209.6945888376961,212.33710725172563,54628644
2023-12-27,220.26467895507812,222.34594822522834,217.0609113446679,219.11880117987906,25262992
2023-12-28,219.5631103515625,223.28133947412243,218.72123665111164,221.0129777793264,16839956
2023-12-29,220.4283447265625,222.32254980916113,217.99629850101053,220.26466014964544,15961140
2024-01-01,223.1644287109375,226.13434488515725,219.02525532428155,221.2234645929253,20347278
2024-01-02,219.44619750976562,223.56197715396402,217.15444197396957,223.56197715396402,14282514
2024-01-03,213.22573852539062,216.9673615371041,212.80480879120466,216.9673615371041,19534364
2024-01-04,211.58877563476562,215.07316772719898,211.1210727645415,213.74021169242843,15170336
2024-01-05,213.55313110351562,216.54642658614375,212.10324936677364,212.82818309856526,16889130
2024-01-08,210.62998962402344,215.14331944913994,210.02196733125015,213.9740622782207,10082886
2024-01-09,210.8170623779297,216.31257093686628,210.4429058023293,214.2079080845076,14465048
2024-01-10,212.1500244140625,213.27250844598856,209.99858836019487,211.1444660994862,8874676
2024-01-11,209.62442016601562,213.69342634057182,208.92286590076546,212.78141435964142,8638818
2024-01-12,217.69229125976562,219.35263062237763,212.80479090230665,212.80479090230665,36086734
2024-01-15,231.3258514404297,247.41482794558638,228.7768649895715,239.44049940821077,127844264
2024-01-16,226.8358917236328,231.51292041896545,224.7312288107331,231.51292041896545,25912492
2024-01-17,225.61985778808594,229.8759566871802,220.7557508776176,222.22901203837677,28668932
2024-01-18,225.7367706298828,228.7066864890242,219.07200522606155,225.61984492104384,26144924
2024-01-19,226.85926818847656,230.7412105186871,226.18110760042512,228.23899734480392,15498620
2024-01-23,219.77357482910156,227.30359385889423,218.44061880060593,223.5853503488525,19972336
2024-01-24,224.06219482421875,224.50746587463743,219.37519136128267,220.7578631042886,11708750
2024-01-25,220.28915405273438,224.67150497812025,219.60953285602577,224.06218596985764,12852980
2024-01-29,221.6952667236328,223.5700681335578,220.28916566618906,220.28916566618906,10051300
2024-01-30,221.46090698242188,226.33538757697656,220.99220665018396,222.35143475295413,11828014
2024-01-31,224.1090545654297,224.92928012330015,219.82044950928383,221.46090062502475,10584480
2024-02-01,220.92190551757812,223.89815550224205,220.5703802667186,223.82783900919088,7828120
2024-02-02,226.45254516601562,228.0226940184346,222.6326406140934,222.6326406140934,16296222
2024-02-05,226.07760620117188,229.42881068757399,224.5777594292722,226.38225855382683,11566604
2024-02-06,234.18609619140625,235.19379895054476,226.42911214137993,227.17903546338917,29024038
2024-02-07,232.10040283203125,235.1469548942664,230.858335548395,234.79542965631617,9103534
2024-02-08,229.1241455078125,234.39702390564375,227.3665193752021,232.42847691568085,11303840
2024-02-09,229.87408447265625,231.8894901868986,226.2650861803442,230.0849910407426,7893788
2024-02-12,235.02978515625,239.41212177941034,230.1318610080605,230.1318610080605,48873500
2024-02-13,239.78709411621094,240.44327172413398,230.45996031550723,235.80314127087928,22373576
2024-02-14,241.1463165283203,242.31806733749582,232.96749015883574,236.20153383503916,22594656
2024-02-15,243.0211181640625,245.05995313201026,240.46669567503545,242.29463838279364,14570776
2024-02-16,254.5042724609375,255.44167309615275,244.16943617912892,244.8959159499813,34942644
2024-02-19,251.19993591308594,255.86350970133537,249.04389733094627,255.86350970133537,18602758
2024-02-20,249.3251190185547,252.23106646843075,246.65352170806872,251.1296036489805,10374126
2024-02-21,244.38035583496094,251.36397336846022,243.4898137930316,251.1765104066625,13115574
2024-02-22,248.90330505371094,249.81727642059172,244.4037933190335,245.0365273229982,14596482
2024-02-23,251.29368591308594,253.68404608225237,249.9578728479189,250.75466910670673,19860994
2024-02-26,249.77041625976562,251.45772599786005,246.5598018483168,251.34055091584798,8820636
2024-02-27,249.0907745361328,251.87954697964815,247.2628319644988,250.28595455272642,10399260
2024-02-28,242.6461639404297,248.85644324582205,241.38066734166495,248.41117221569402,12789056
2024-02-29,243.06796264648438,245.71613076812264,240.53699820632337,242.4586579816602,14462764
2024-03-01,243.3023223876953,246.1614114772042,242.57584261994688,244.8490563149495,9420630
2024-03-04,243.95852661132812,246.72387005614186,243.04455522823216,245.10684816407954,5662370
2024-03-05,240.5838623046875,243.9585102427411,239.34180934956996,242.66958439611759,10521548
2024-03-06,240.51358032226562,241.3103479794192,234.3501596798078,240.771359776474,11091922
2024-03-07,241.61502075195312,243.91166381788676,239.27151909577512,240.7947951722908,9707982
2024-03-11,241.16973876953125,243.23203157624292,240.11516307211664,242.50555181724107,11131512
2024-03-12,239.43556213378906,244.8959180193378,237.9825882762082,240.32608988404874,11652760
2024-03-13,236.4124298095703,243.1148527200106,232.85030464850533,240.8182097940147,13580480
2024-03-14,242.76333618164062,243.20860720655952,232.0769603159742,234.88916223268663,12825472
2024-03-15,242.3180694580078,242.90394486772254,237.34984312290723,241.26349372052132,13649086
2024-03-18,239.13092041015625,243.04455682625522,238.56847427784538,242.786777359379,6393960
2024-03-19,231.93637084960938,238.56847793542434,231.13957453388622,238.56847793542434,9617386
2024-03-20,231.30360412597656,234.93603154639464,229.28819850447428,232.49878420093285,8385344
2024-03-21,234.5610809326172,236.83426604238932,233.6236802923487,234.1861120943506,11644580
2024-03-22,228.30392456054688,230.01467783656372,224.7652286270561,229.31162736941172,28646502
2024-03-26,224.90585327148438,230.1084297272015,224.53088443022622,227.78835740258748,18273346
2024-03-27,221.36715698242188,225.42142622201567,220.87502736437574,224.8355508178661,14320668
2024-03-28,225.0230255126953,226.40568286851436,222.77325540433438,223.4294472923554,15455150
2024-04-01,227.2962188720703,227.97582573288165,225.70262639050296,226.71034349019942,6041008
2024-04-02,225.53860473632812,226.24165523201043,224.7886813468805,225.89012998416928,6932654
2024-04-03,226.4759979248047,228.58514934226153,223.07792064112422,224.976151195396,13794516
2024-04-04,228.4445343017578,230.57712935106778,224.78867750808175,227.69461092511693,16004046
2024-04-05,227.3430938720703,228.32736744538963,226.17134302373762,228.02271508554298,6414344
2024-04-08,224.9292755126953,230.41307485149022,224.13249356925562,229.66315149608945,26640770
2024-04-09,223.00759887695312,227.43682247030245,222.72639013748815,226.82751779666413,15801250
2024-04-10,223.71066284179688,224.71837999892492,221.74213002867953,223.80440862967825,10771534
2024-04-12,220.6406707763672,224.97614864079924,220.28914554411594,222.63264709245757,13170046
2024-04-15,215.2974853515625,219.51578804540725,214.7584828680686,218.62526033742628,12176472
2024-04-16,210.1417999267578,214.89910550859463,208.47790514055137,212.34468293868858,21439424
2024-04-18,208.26699829101562,213.46957490953062,207.56394778320546,212.08690318939765,21986258
2024-04-19,212.20407104492188,212.74307355516106,204.82204096439725,206.22814193211624,20470106
2024-04-22,216.53955078125,218.48465427495057,210.9151468648539,212.20407276236133,18881740
2024-04-23,216.58642578125,218.78930875443902,215.69589801321194,218.78930875443902,10322712
2024-04-24,215.55526733398438,217.78159378196187,214.9459626591351,217.43006855333385,5915168
2024-04-25,216.0708465576172,216.79732632894198,213.63359918303325,215.08657302928142,11805090
2024-04-26,217.7581787109375,223.0076138858216,216.35207770458655,216.492682083782,21478294
2024-04-29,216.9848175048828,219.35174838460202,216.3520692161306,219.1877004129109,7249940
2024-04-30,216.72702026367188,218.76586947082558,216.30519284581896,217.00824331010656,8902956
2024-05-02,214.38352966308594,217.00825439117196,213.46957259500175,216.7270313303772,14937276
2024-05-03,214.36007690429688,216.539530355598,212.41497359407325,215.78960704343055,9730626
2024-05-06,214.9694061279297,216.82077817555523,213.72735309892985,215.03970831757135,6918126
2024-05-07,217.43006896972656,218.10969013448153,212.78993880367014,216.44579546696352,9278528
2024-05-08,217.10198974609375,218.6018221589237,216.21144771244036,217.9456445843357,8205680
2024-05-09,213.6804656982422,217.66441828159637,212.81336727526312,216.42236533691735,9233484
2024-05-10,211.78224182128906,214.43039576067383,211.05574774529595,213.7507745772607,6654714
2024-05-13,211.82911682128906,212.43842152009475,208.57164385315423,211.78224392824276,7111608
2024-05-14,213.8914031982422,215.55528368519123,211.94629964633856,212.18064981653416,4909420
2024-05-15,214.80535888671875,215.484980097318,213.09460551610587,213.89140181104298,4793424
2024-05-16,217.6878662109375,219.11739644491414,213.77421573457067,216.5395447220328,14621472
2024-05-17,216.0708465576172,217.66442477779964,215.62557553416096,217.66442477779964,6876820
2024-05-21,216.0239715576172,217.85189991892292,215.46153976376843,217.00824507635056,8467448
2024-05-22,216.21144104003906,217.21915812032728,215.06313389584702,216.96136437511018,7765884
2024-05-23,218.3206024169922,219.35174883809788,216.4223718504096,216.77389708893222,13171332
2024-05-24,217.31289672851562,220.52349672540754,216.53954407468288,218.88304563393268,8205526
2024-05-27,212.06346130371094,216.6098457354718,211.6650631788849,216.53954354958444,40983758
2024-05-28,213.75076293945312,214.3132090125929,212.36810565701444,212.78993306007035,15778126
2024-05-29,211.29010009765625,213.49299733939245,210.68079539858815,212.78994685419138,9756036
2024-05-30,204.79859924316406,210.680782213103,203.93150083829713,210.44643206603615,20724568
2024-05-31,205.38449096679688,207.23584869390075,204.11899435041784,205.0798243084693,21438004
2024-06-03,208.1498260498047,211.17293469252593,206.95463158804097,211.00890101467547,8964424
2024-06-04,205.36105346679688,208.99348114347896,195.448044022765,208.99348114347896,17730732
2024-06-05,211.61819458007812,213.25864570085392,205.78286987187903,206.087536522902,12267428
2024-06-06,216.0708465576172,216.53954687552957,212.13376674787273,213.23521535568656,15425568
2024-06-07,227.10873413085938,227.97583258280136,219.49235393769075,220.28915020241553,72672440
2024-06-10,222.7498321533203,228.9132386409775,221.8593043857575,228.9132386409775,18311752
2024-06-11,223.12478637695312,224.6012038593448,222.32800439810572,224.6012038593448,9371714
2024-06-12,223.523193359375,227.03844597344653,222.89044502812223,224.03876660349206,13875116
2024-06-13,226.1947784423828,227.48370432893392,224.1090562863424,224.97615474346927,12995932
2024-06-14,223.8043975830078,227.6008729472298,223.19509290265046,227.3196499010655,11322596
2024-06-18,230.53025817871094,231.06926069283247,224.99958575035404,225.44485678144505,31870984
2024-06-19,232.35818481445312,233.01436240505006,228.13988191313175,230.7177336861615,20880284
2024-06-20,229.8506317138672,233.17840681251423,228.84292889690465,233.17840681251423,12571126
2024-06-21,229.9209442138672,234.7954391534893,229.24133730850002,233.3893381448135,95171176
2024-06-24,229.9209442138672,231.95979353716695,229.40538528689868,229.71003764472528,9934518
2024-06-25,232.87374877929688,233.41275126789063,229.33505290381956,229.92092828350803,9258210
2024-06-26,232.10040283203125,234.30328574102677,231.4442109449787,232.873755494802,12812090
2024-06-27,239.41212463378906,239.951141460201,229.28820887292332,230.67086627460867,42137138
2024-06-28,241.3103485107422,241.98996969674948,237.09205993081633,239.97456404050502,16405832
2024-07-01,247.16909790039062,251.12962125518663,240.95881877116275,242.73990284115155,30757528
2024-07-02,252.25453186035156,255.44168849072264,247.6143869935121,248.08308733936664,36276968
2024-07-03,252.6294708251953,255.65259359083234,250.9890197159408,253.98871318717073,16049384
2024-07-04,248.7392578125,257.2227218978826,247.98932015949612,253.75435680202736,19524632
2024-07-05,250.80152893066406,251.4577208192969,248.1533892960466,249.04390273668014,10376090
2024-07-08,253.66061401367188,254.50426885196282,250.75466636427274,251.1999373811253,12176360
2024-07-09,253.56686401367188,255.41823593262316,251.97327154002355,254.9729649231747,8681444
2024-07-10,251.012451171875,254.66830795396993,249.23139567364385,253.56687364257888,9233748
2024-07-11,250.33282470703125,252.88724712387784,248.41116487446595,251.55146268016742,8807618
2024-07-12,262.5425109863281,264.7219504369816,253.8246673621174,255.44168928176285,54186042
2024-07-15,262.3315734863281,265.7062214945412,260.66769308026113,265.7062214945412,16099478
2024-07-16,262.3315734863281,263.69078724307144,260.784868159663,263.3392620048659,11239032
2024-07-18,268.65899658203125,269.2214426192982,260.761379982961,260.8551257570378,25019786
2024-07-19,261.1598205566406,271.79932340076317,259.98806977220414,271.79932340076317,26523490
2024-07-22,237.06861877441406,246.88789630919507,235.0766423922326,244.19286943918488,76014568
2024-07-23,234.6079559326172,238.0997792833103,227.95241950331436,238.0997792833103,25847632
2024-07-24,234.3970184326172,237.32639525190206,234.27984335984578,235.52189627050302,12240276
2024-07-25,237.5607452392578,237.86539756754104,231.20984771711852,232.475344223646,21887890
2024-07-26,245.9739227294922,247.73154893317167,238.33411321893814,239.03716370040993,26153996
2024-07-29,245.7864532470703,248.6689429803416,245.05994488305888,247.47376291497562,12011554
2024-07-30,244.42721557617188,246.98163802798547,243.60699002054713,245.7864579398003,10816526
2024-07-31,244.66156005859375,246.02080239068675,243.46637999813763,244.56781427582933,7758508
2024-08-01,244.4506378173828,246.91131441325822,242.5524073077182,245.13025897958767,10759752
2024-08-02,235.3578643798828,243.3726427654742,234.81886186904686,241.3806663923336,15652228
2024-08-05,227.3196563720703,232.4050577310106,225.09332984059128,229.66315798415351,21938080
2024-08-06,229.42880249023438,234.04550341945009,228.069574447539,229.545977568115,11271584
2024-08-07,233.1315460205078,234.39704265867312,230.90521940774983,233.74086504405375,7079826
2024-08-08,228.3976593017578,231.5379571546469,227.9524025816965,231.5379571546469,13160570
2024-08-09,230.27244567871094,232.6862636038011,229.499093064547,232.1706904264926,6065948
2024-08-12,229.21788024902344,231.53795249853513,228.44452760038564,230.38963102077716,7338468
2024-08-13,229.8975067138672,230.92865313820266,228.3273577828285,229.21788552915535,6289418
2024-08-14,232.07696533203125,232.873761613761,229.87408236515307,231.06926248414877,11121756
2024-08-16,241.966552734375,242.52899886895034,233.38934215549696,234.81887248411016,25931140
2024-08-19,243.6069793701172,245.22400111623534,240.77134829465552,241.8493532563357,11466562
2024-08-20,245.90362548828125,247.28626849680413,243.56012397255262,243.67729904833905,9543812
2024-08-21,246.7003936767578,247.520619209121,244.21628778589715,245.31775066510264,6454402
2024-08-22,243.25546264648438,248.6689455446344,242.81019162732986,247.3800196828274,11496506
2024-08-23,240.16204833984375,244.40378038951596,239.66990443617465,243.677300636345,11277706
2024-08-26,243.7241668701172,245.97392268901726,241.82593629189515,241.84936558650088,17351380
2024-08-27,242.3883819580078,245.2474424674489,241.84936514706857,243.72416642727842,7965796
2024-08-28,250.56719970703125,252.20765095848034,242.7164687179534,243.72418592958056,34375566
2024-08-29,252.48886108398438,254.01213708162365,250.30939321371423,250.75466422677115,25685318
2024-08-30,252.3482666015625,254.03557632987824,251.0827700017269,253.8949719537182,19434804
2024-09-02,249.5594940185547,254.03557640536468,249.27825665895344,252.34826667654755,15735982
2024-09-03,251.246826171875,253.49658221349424,248.17684448747377,249.81729577303778,15056686
2024-09-04,243.32577514648438,247.5909364854662,242.20088296992836,247.47376140904146,20402128
2024-09-05,245.99734497070312,246.53636176725539,243.48980976823037,244.2866060124916,12069118
2024-09-06,244.00537109375,248.36430688306228,242.99768258681615,245.99734742064334,14579954
2024-09-09,241.3103485107422,244.54439216432323,240.6541852265123,242.36492423162332,11919540
2024-09-10,246.419189453125,247.4737651569187,240.91196077775797,242.22431593215074,10287272
2024-09-11,241.0760040283203,246.65354941522062,240.5604451066261,246.0676740009327,8261524
2024-09-12,248.43460083007812,249.34857218263818,242.66959257060324,243.93508916590199,15779474
2024-09-13,258.06640625,258.95694837507466,248.8095741587643,250.19224593940146,35919706
2024-09-16,258.67572021484375,260.99576393249436,257.31647783259405,259.19127912827776,11088578
2024-09-17,258.67572021484375,260.08182118660653,256.4025064795087,257.31647783259405,8728238
2024-09-18,252.23109436035156,257.33991079967575,249.65324254199962,257.33991079967575,16665520
2024-09-19,249.98130798339844,258.46480106712386,248.01278949559256,255.06672369609075,20969182
2024-09-20,252.6763458251953,253.44971284123818,248.87988445436426,252.11392829410843,16664232
2024-09-23,250.70782470703125,253.28567659140745,249.3485822705716,252.67634326025052,8544290
2024-09-24,252.88723754882812,253.98870040248872,248.1064888353461,249.4423018356755,12355694
2024-09-25,251.31712341308594,252.81697019497548,248.7627008855675,252.53573283182234,8065196
2024-09-26,253.9887237548828,254.5511412728415,251.08277594757047,252.4888769568637,11403400
2024-09-27,253.94183349609375,261.9566263167798,253.426274575113,257.2696230089627,26462384
2024-09-30,253.77780151367188,255.20733181063895,250.28597830464867,252.16077964026402,8199446
2024-10-01,256.26190185546875,257.5976863344701,253.19192045820077,253.19192045820077,9411274
2024-10-03,248.48147583007812,254.22305451298524,246.65353321468234,253.14502093574376,14035368
2024-10-04,250.07505798339844,254.01215223973594,247.49720614125317,247.49720614125317,11922754
2024-10-07,249.0907745361328,253.89495250273478,246.51292294429763,252.16075571042475,9878074
2024-10-08,246.98165893554688,250.19224493932543,243.86479011744396,249.13766913567852,11502804
2024-10-09,248.95018005371094,252.48886165790805,247.70811279454935,248.31741747355073,8841688
2024-10-10,246.0676727294922,251.9732854321209,245.3411929409685,250.75467601957777,12620244
2024-10-11,247.6143798828125,250.4734690747405,243.88820651883304,243.88820651883304,8436982
2024-10-14,257.5742492675781,258.65225425758405,251.36397016903481,252.48886235429111,33136266
2024-10-15,249.7938232421875,259.1209417728941,248.809535476888,259.1209417728941,21601252
2024-10-16,249.41888427734375,252.535724210365,247.94246684098837,249.81726810254594,12553622
2024-10-17,247.82530212402344,252.16078022264702,246.09110516313436,250.73124992237834,23755278
2024-10-18,257.1524353027344,261.7222633035247,245.97391579802175,249.34856373542928,74653054
2024-10-21,256.8946228027344,263.3627098238487,256.37906391598284,258.53507385155694,23966964
2024-10-22,255.65260314941406,260.36303578923787,254.90266544996865,257.69143816141,18478300
2024-10-23,256.47283935546875,259.8943462172314,254.129337586152,256.6134437401879,12698576
2024-10-24,256.33221435546875,258.01952405079675,255.51198880217376,256.47281872887993,9576604
2024-10-25,254.7152099609375,258.7225922167683,253.3325382122523,257.668016433276,10124540
2024-10-28,261.8160095214844,262.37845567464154,254.3636909655511,254.71521623537433,11185858
2024-10-29,263.5033264160156,264.0657725231426,259.3084528179905,262.37843420176176,12055630
2024-10-30,264.932861328125,271.26031577824386,262.9877435172464,263.6439354216193,20755492
2024-10-31,258.62884521484375,265.42500023219804,256.98839400375823,264.7219497131614,15680094
2024-11-01,258.41790771484375,260.08181672195786,257.7851737312912,258.58196998971823,1962810
2024-11-04,253.47312927246094,258.9334994850865,250.3797185796895,258.25387829445106,9855560
2024-11-05,254.83238220214844,255.60572060375378,253.2856767917391,254.5042862406195,6862260
2024-11-06,264.3001403808594,265.2140831830394,253.5668908591009,256.59001385603284,19554884
2024-11-07,264.0657653808594,267.01857160441347,259.8708918962945,265.2843747406764,11997142
2024-11-08,266.69049072265625,271.2837482860708,264.81568938189946,264.81568938189946,20852658
2024-11-11,268.79962158203125,273.34602020555536,265.3077986316712,266.6904702357032,16139444
2024-11-12,267.4638671875,271.7055996496908,266.71392946032864,269.5027022748737,11260890
2024-11-13,266.69049072265625,268.84650082164734,265.0734688448139,267.1591910578455,11391200
2024-11-14,265.61248779296875,269.29177401068847,264.4407369456442,266.66706355556084,9783520
2024-11-18,259.1209716796875,265.61248855685375,253.23878813064115,265.61248855685375,15289764
2024-11-19,263.4095764160156,267.06543314305475,259.9880698459302,260.5973745325706,12919778
2024-11-21,261.13641357421875,266.03430938588815,260.2693007553304,263.4095988473706,11672608
2024-11-22,267.93255615234375,268.8464989137181,261.487926589228,263.3861572118334,14733232
2024-11-25,272.9945373535156,275.3848978074911,268.9871548949329,269.73706404714477,23297474
2024-11-26,276.0644836425781,276.6972176206119,271.5180848968043,274.1896823954299,15771340
2024-11-27,273.2054443359375,279.3454074528436,272.73674398786227,277.236255886505,13659676
2024-11-28,268.1903076171875,274.65836580025973,267.41694070746576,274.54119072952585,11896556
2024-11-29,270.8385009765625,272.19774351058476,267.90912362496346,269.5027163471136,8540112
2024-12-02,273.978759765625,274.44746007438744,271.00252424786237,272.9945005601026,11194000
2024-12-03,273.39288330078125,277.65807325800534,271.1899861368519,276.86127701481433,15445286
2024-12-04,275.5957946777344,278.40799666424186,273.533501778083,276.2050993867047,14036431
2024-12-05,280.56402587890625,282.06387276210654,275.50206767940523,276.5332141995554,13487264
2024-12-06,278.736083984375,280.4233936811406,277.6580789777082,280.4233936811406,7894350
2024-12-09,284.7354431152344,286.56338579786535,275.3614367575312,276.5331875522441,9285213
2024-12-10,288.8131408691406,291.5315969845345,284.4542336453129,286.8445938175806,17028502
2024-12-11,289.65679931640625,290.5004541755,286.4227556481499,288.8600030466854,8608406
2024-12-12,289.75054931640625,294.1563152478376,288.20384395103997,288.71940287042946,12958440
2024-12-13,290.5473327636719,291.5784505569044,285.1572792144073,289.75053651755866,7382211
2024-12-16,289.84429931640625,291.90656363113567,287.8757521831477,290.59420841136273,7221189
2024-12-17,289.5162048339844,292.70336141457693,288.06321662020946,291.53161056824155,10568517
2024-12-18,293.0314636230469,293.6407683546974,289.23497363562603,289.65681539218355,10965226
2024-12-19,293.17205810546875,293.7813628165425,282.2982046653291,287.17269956831524,12405595
2024-12-20,286.09466552734375,299.96818252630743,285.3447279067109,295.7498799595312,22214824
2024-12-23,288.62567138671875,291.20352332581405,285.9072150632945,287.40706191293526,6693583
2024-12-24,286.18841552734375,289.8443010570064,283.8449138325335,288.2507084616561,8837902
2024-12-26,285.95404052734375,287.73512454649966,284.96978134386995,286.282136457567,6516148
2024-12-27,289.75054931640625,291.43785905913353,285.62599213969685,286.09469246903194,8063921
2024-12-30,284.6885986328125,290.0317653571421,283.70431075216334,289.7505565953558,13709891
2024-12-31,282.95440673828125,284.0324118207817,276.7675564029234,282.11075183055044,9337030
2025-01-01,281.5013732910156,284.3604621284538,280.23590543620924,281.2201645693241,7878201
2025-01-02,284.78228759765625,285.3916208664818,278.54857940000534,279.3453756223808,8800435
2025-01-03,276.0176086425781,284.78228106610106,275.5957669441733,284.3135807821824,12535720
2025-01-06,275.8769836425781,279.1578857248041,272.36173141162175,276.53317550190167,9173687
2025-01-07,275.64263916015625,278.8766827219958,273.06478747112936,275.87698931370414,7381943
2025-01-08,278.9235534667969,279.7672369420987,271.1899980626469,274.6583919292054,7937785
2025-01-09,274.0021667480469,279.3453612757288,273.1116533982294,278.40796073453504,7964702
2025-01-10,281.7357482910156,284.2667414383746,275.8769943454597,275.8769943454597,19505556
2025-01-13,273.58038330078125,280.517142335508,272.0805365509815,280.23593358556946,9541248
2025-01-14,274.5177917480469,276.1113557216663,268.6121503666625,273.53350388088376,7670070
2025-01-15,274.3302917480469,276.2519802255805,271.56497702261646,274.65838769369384,4662694
2025-01-16,270.01824951171875,277.93929655628637,268.7527815025328,277.3768504370937,10345666
2025-01-17,264.3001403808594,269.7839116227367,262.94089791489023,269.7839116227367,9358955
2025-01-20,281.4545593261719,286.2821671951727,278.3611484683808,283.0950105462245,39380165
2025-01-21,279.6734619140625,286.70396609185593,279.15787444337417,283.4699227271931,15619474
2025-01-22,289.75054931640625,290.5942041877699,280.61089289437155,280.61089289437155,30859317
2025-01-23,297.81219482421875,304.28025351993773,291.20350314671674,291.6253448776712,39904371
2025-01-24,300.06195068359375,302.31170649889026,296.78104844252056,299.030804257817,17479586
2025-01-27,288.67254638671875,299.1714166761132,287.5476541452274,297.90592005623495,12372895
2025-01-28,290.25,294.07411059505756,288.2901258146439,290.63240522437604,12077491
2025-01-29,298.7108154296875,300.86187738666854,291.63618831954506,291.63618831954506,16338112
2025-01-30,295.4125061035156,299.9058471546361,292.4966338138521,297.32456115920183,9984186
2025-01-31,298.18499755859375,301.81791988250086,295.9383269014854,297.99380954721744,15597644
2025-02-01,291.3971862792969,299.4756307667261,290.01096383380866,298.80639980983835,6046117
2025-02-03,299.8102722167969,300.1926774357255,287.09508716397124,289.6763734491237,14877076
2025-02-04,302.3437194824219,304.8293970034145,299.57124536024196,304.0167677325222,15366864
2025-02-05,303.1563415527344,307.3150672250492,301.0530692751639,303.825543331492,9628027
2025-02-06,303.968994140625,309.3705443707811,300.71847688471377,305.92883909582355,15062390
2025-02-07,304.0167541503906,304.97278167916545,300.1926440352914,304.97278167916545,8589587
2025-02-10,305.0205993652344,306.88486488761436,301.96132849791144,304.7815924611163,12304840
2025-02-11,299.23663330078125,306.3112315756385,297.89820052050766,305.45081258658024,10627890
2025-02-12,296.5597839355469,301.86572563753896,295.7471546109734,299.6668737481264,9668342
2025-02-13,294.9822998046875,299.8580463253531,293.4526790085659,296.6553480791362,8832731
2025-02-14,294.5520935058594,298.66300029384246,291.158178203552,296.41632971990714,7371341
2025-02-17,291.9230041503906,296.6553227892994,288.72030617720344,294.5520797861102,7507772
2025-02-18,298.4718017578125,298.9976052206366,291.92300744702777,291.92300744702777,10368789
2025-02-19,300.28826904296875,302.58272940235975,294.7432915674903,297.5635846018467,7835672
2025-02-20,299.5234375,300.47946510667174,296.60756496991,297.51580286650704,7697134
2025-02-21,292.8790588378906,299.0454193049779,291.6362054620812,299.0454193049779,8722925
2025-02-24,282.075927734375,289.96315532321836,280.450698342668,289.62856900845134,12600963
2025-02-25,278.4908142089844,283.2709519686693,277.3435986520473,281.40671574777946,10810040
2025-02-27,281.5501403808594,282.7929646443696,278.5386591457014,281.0721265601788,15555649
2025-02-28,265.4410705566406,281.07212843212847,264.8196584207469,281.07212843212847,17458839
2025-03-03,271.08160400390625,273.7584986875257,267.0184868583757,267.1619143334405,11471554
2025-03-04,267.6877136230469,270.6514048590025,264.1504000227699,266.7316860743931,9331785
2025-03-05,272.5634460449219,274.3321027547898,266.3970570005739,269.0261326251861,10285712
2025-03-06,273.3282775878906,279.16005162477023,271.033817245282,275.7661654071248,9782051
2025-03-07,272.2766418457031,275.0491451553082,270.4601952872919,274.7623193772562,8097300
2025-03-10,268.5481262207031,273.0892569692443,265.7278625243644,271.9420414434207,8165123
2025-03-11,265.5366516113281,267.01848264133116,261.18673793565813,264.81963094991136,8602609
2025-03-12,256.7412109375,265.48888718012614,250.67045876671983,265.48888718012614,18584311
2025-03-13,252.39129638671875,259.17909845043056,251.76988425725986,256.7412104685791,8683943
2025-03-17,248.42376708984375,253.53852036662278,247.5155292383579,252.3912756253402,12697926
2025-03-18,248.42376708984375,248.42376708984375,248.42376708984375,248.42376708984375,0
2025-03-19,254.01654052734375,254.78135092364772,244.98206819581512,250.4792267992334,14044300
2025-03-20,256.21539306640625,261.9037688737735,255.7373792733719,257.3626378399473,17038774
2025-03-21,252.67807006835938,257.69721471129446,248.7583804496312,252.391273473307,22659168
2025-03-24,257.5538024902344,259.7048643637758,253.72969249282735,255.30713203162898,9269617
2025-03-25,259.0834655761719,262.62077917496083,257.5060259566859,260.0394931244234,12563930
2025-03-26,255.64178466796875,260.2785245492466,255.02037253815067,260.0395176396513,7308412
2025-03-27,260.230712890625,261.521326753075,257.74503540533806,258.1274405933101,14783522
2025-03-28,250.71823120117188,259.8961017437606,250.09681911340022,259.08347247099175,14283389
2025-04-01,251.0528564453125,251.4352616545245,247.13313740568285,248.90179432089164,8388635
2025-04-02,252.00889587402344,253.8731322972224,249.6188267348078,251.24405624408524,7136992
2025-04-03,245.0776824951172,249.04519122265188,244.07385059181817,248.4715688242457,12262561
2025-04-04,235.4696044921875,242.7832099118118,234.08336736800152,241.8749865951261,14639785
2025-04-07,232.21908569335938,233.12732353468408,217.97428105597103,220.89016799643343,13011904
2025-04-08,236.37782287597656,238.52888496483783,233.1273348879378,233.98775388835296,13806651
2025-04-09,226.24391174316406,231.64547610252296,223.7104445946359,230.1158262017896,19063559
2025-04-11,229.20761108398438,234.2267558522468,227.86917831424364,234.2267558522468,11205821
2025-04-15,233.27072143554688,234.27455327732176,230.7372542714784,234.27455327732176,10694621
2025-04-16,236.76022338867188,237.52504836712504,230.59384844032286,233.27072857099728,16203319
2025-04-17,226.48292541503906,227.3433589804182,221.94179445919988,224.6664788678326,54875421
2025-04-21,227.96478271484375,230.21145345345894,226.96095079784922,226.96095079784922,16298364
2025-04-22,223.85385131835938,228.49059090191665,223.2324392284416,227.9647728170045,18367713
2025-04-23,232.88832092285156,234.56136916342427,225.71811417753992,226.76973574749184,31898042
2025-04-24,232.07569885253906,234.37015924705375,230.8806643579328,234.03555834125805,23000820
2025-04-25,230.30703735351562,235.32618213035408,227.58236751306862,233.22292437952927,16620430
2025-04-28,229.9246368408203,231.31087393747262,228.25158854779977,229.9246368408203,14218414
2025-04-29,230.78504943847656,232.88832176160133,229.3032183760337,230.97626662263193,16647246
2025-04-30,230.8806610107422,232.69710758108045,228.68179465498002,230.92846530739808,14206640
2025-05-02,231.052734375,234.99157785344963,230.16363574375234,231.3969048811204,10822257
2025-05-05,232.85964965820312,236.01452906962498,232.02789572604007,233.27073452426686,12170446
2025-05-06,230.58428955078125,235.08717118959743,230.02979181539362,233.74873844060858,8869045
2025-05-07,233.3089599609375,233.70093476268548,225.63205980019728,225.63205980019728,9130056
2025-05-08,230.9475860595703,235.02025823803473,228.7869544247762,232.41986209217805,11434833
2025-05-09,231.36822509765625,232.26689334025846,226.10051848106667,226.19612707242462,10582438
2025-05-12,245.96678161621094,246.59776333804783,234.1120451219244,234.3128027502575,19791711
2025-05-13,240.5078582763672,245.65129117460626,239.59962043164262,245.65129117460626,11714159
2025-05-14,241.81761169433594,242.5346323593957,239.72390901830983,240.5078586142634,8839105
2025-05-15,245.28799438476562,245.79468781692438,239.59961881800155,242.0661716362689,12083645
2025-05-16,243.1273651123047,245.69908156861143,242.381664786632,245.69908156861143,6640387
2025-05-19,240.67994689941406,243.5384746583959,240.23061276300297,243.12737520712,6788784
2025-05-20,238.7296600341797,243.4046344463817,238.34724023889126,241.87498444087518,9366429
2025-05-21,239.8864288330078,241.02410394082963,237.19043875310246,238.72964367759857,5313593
2025-05-22,235.12542724609375,238.90173329983332,234.22675897963038,238.05086933031822,11469037
2025-05-23,236.4829864501953,239.47535749023734,234.8003831348431,235.27839693227736,7437642
2025-05-26,239.23634338378906,239.81952078260178,237.28603897983504,237.56329514317483,3690751
2025-05-27,237.33384704589844,239.95336787014628,237.08528512638918,239.95336787014628,6861143
2025-05-28,236.54989624023438,239.140737391071,236.10057670009755,238.61491930645585,6205160
2025-05-29,239.14073181152344,240.6703817332923,237.19044201969984,238.67227305837383,11785042
2025-05-30,238.69139099121094,240.0680729645789,237.5919651699414,239.00688182575962,13858429
2025-06-02,236.7888946533203,237.49636028617456,235.37397797543446,236.71242528722712,5846259
2025-06-03,235.3931121826172,238.52888148156134,234.9246534162675,237.09484010992873,8573438
2025-06-04,236.00497436523438,238.82525287299606,235.670358869473,235.670358869473,6698150
2025-06-05,237.0374755859375,238.5193212216614,236.0240887062802,236.04319875424977,6468060
2025-06-06,237.6588897705078,238.98776750731147,236.23441802954062,236.23441802954062,4445411
2025-06-09,240.2401580810547,242.2573768073284,238.26118862619418,238.62448376550557,9193904
2025-06-10,243.66275024414062,244.5518634996342,240.75643275281624,241.77937470124814,10739851
2025-06-11,247.53468322753906,250.09683023683849,242.92662311522986,244.7621797999991,17268454
2025-06-12,248.19430541992188,251.43525291234172,245.0489956960389,248.56717017950135,14528657
2025-06-13,248.76792907714844,250.71823351466082,242.83100595890886,243.78703354142425,8692116
2025-06-16,251.33009338378906,253.64366368660225,246.65510472024687,248.5671597955976,10935361
2025-06-17,251.34922790527344,253.77754625659574,250.1541933668183,251.33011785589142,7528454
2025-06-18,250.08724975585938,253.92092966647772,249.551876648098,251.33964354462043,5016660
2025-06-19,253.90179443359375,254.72399333206667,250.29758092368093,251.29185778614354,14184486
2025-06-20,254.81959533691406,255.45057703087332,251.3109613361813,254.30333228264814,12904674
2025-06-23,251.66468811035156,253.53852315341928,250.2975756878425,252.39127839952664,6214062
2025-06-24,253.31863403320312,256.83680859480046,253.0700575212962,253.82532749356554,6319428
2025-06-25,257.5633850097656,258.0891884905033,254.15992927555354,254.20771898265866,5331739
2025-06-26,256.7125244140625,259.3702800140189,255.44102052469756,257.26703676855806,8564099
2025-06-27,253.3950958251953,258.12744396820415,252.86929233181482,257.17141639795153,8906108
2025-06-30,254.2842254638672,255.01078658303396,251.33964418799587,254.39894410501742,7119563
2025-07-01,252.91708374023438,256.55000603700324,252.10448364057402,253.82532160833816,3886095
2025-07-02,255.2593536376953,256.88461212886756,252.82149507658215,253.3472985542669,8750887
2025-07-03,255.30715942382812,258.9400818165316,254.73356620319072,256.5978025215564,9357962
2025-07-04,258.1752624511719,259.4659056499897,255.73740354557657,256.50221401676157,7141779
2025-07-07,255.97637939453125,258.65324489441184,255.54615532192918,258.1752311140299,4849218
2025-07-08,257.7928161621094,258.41422821794356,255.59396452588237,256.02415940654697,5519016
2025-07-09,256.024169921875,257.553819859123,253.203906113981,256.2153871048982,11564433
2025-07-10,253.3950958251953,255.78516475082685,251.57864927684457,255.78516475082685,6911031
2025-07-11,246.94190979003906,250.5270131794162,246.41610629652217,249.52319590064903,13109857
2025-07-14,243.07000732421875,248.13694172600904,240.58432983110347,246.94190727505418,10388421
2025-07-15,246.0814971923828,248.42377647110078,241.68377900674525,242.83100920352794,8750149
2025-07-16,251.24403381347656,252.39127856813562,244.7908477137231,246.081490768803,12179338
2025-07-17,249.1407928466797,252.72589626683822,246.65511530690716,252.24788247748376,7484171
2025-07-18,255.21157836914062,259.94389746296383,253.9209352796809,256.7890180670817,30319126
2025-07-21,248.90179443359375,255.40277052008364,247.80236851574364,255.21158250321471,12190000
2025-07-22,248.28036499023438,250.62261496899794,247.37212715265252,250.192420079337,6724044
2025-07-23,249.9055938720703,250.24020934720517,246.79850435773062,248.80616803289453,6510321
2025-07-24,250.33583068847656,251.8176617851558,248.80618070683067,250.47922899208316,8139900
2025-07-25,247.8023681640625,250.52702351184462,244.79085785226582,250.28801660936216,8427780
2025-07-28,243.75680541992188,247.60738980612828,242.7332285894722,247.60738980612828,8998911
2025-07-29,245.46275329589844,246.34009633443347,241.02726376828457,242.9281836016165,12923128
2025-07-30,243.90301513671875,246.14513218703763,242.92818293003742,245.12155539507043,6057152
2025-07-31,242.05084228515625,243.85427296047746,239.85746979845484,241.85587881684572,7338764
2025-08-01,236.64051818847656,240.68606589658398,236.10435749981247,240.29613896378774,7436999
2025-08-04,239.8574676513672,240.21815080825093,235.0320511987707,236.64051839138318,5234393
2025-08-05,239.7209930419922,240.7348119985049,238.37571982827956,239.85746895680657,7383968
2025-08-06,233.92074584960938,239.80872590831794,233.2870959823132,239.80872590831794,7700190
2025-08-07,236.2213592529297,237.05970071274936,232.60472504073846,233.0921411684065,6190830
2025-08-08,233.0336456298828,237.12793798708202,232.3999957607658,236.2993246485287,8922847
2025-08-11,235.53895568847656,238.5901852899006,232.61445903528065,233.0336446237802,3047287
2025-08-12,235.63644409179688,240.09141957743057,235.03205287869676,236.59177549712652,8101435
2025-08-13,235.56820678710938,236.77700412958293,234.07671463760067,236.77700412958293,5820844
2025-08-14,240.5983428955078,242.17756636517944,236.30908698725327,236.98172361315326,12857225
2025-08-18,239.0386199951172,242.7429706054472,238.59993358753013,242.3822874367516,5789317
2025-08-19,240.7445831298828,241.27098600900808,238.61944105359495,239.28233472982822,4090961
2025-08-20,244.52691650390625,246.52532557896734,239.12635241728586,239.12635241728586,10099384
2025-08-21,243.62033081054688,246.3791078589765,243.32787816102336,246.3791078589765,7607486
2025-08-22,242.38229370117188,246.6325629702745,241.37821765850688,245.65773070556986,13572686
2025-08-25,247.451416015625,250.81459919486161,244.2929690295729,244.2929690295729,16391069
2025-08-26,245.6869659423828,248.40675619622257,244.9850855462151,246.63255439625433,15797327
2025-08-28,244.34169006347656,245.99891673776128,242.81121121251053,245.67722032009752,5851451
2025-08-29,243.13291931152344,246.73005275714573,242.4017951111859,244.19548291273827,10117017
2025-09-01,244.0590057373047,246.62281934658193,243.123160220783,243.142661030958,3198345
2025-09-02,244.61463928222656,246.77876797811365,243.31812553289043,244.05899265747667,5046939
2025-09-03,243.2791290283203,246.04764899259635,242.85020046700103,245.56023287741706,3862765
2025-09-04,238.80465698242188,244.03950139425618,238.2879970809629,243.2206458758789,5021036
2025-09-05,237.53736877441406,241.09551535487674,235.19777736172693,239.90621883891225,6233782
2025-09-08,236.41632080078125,240.77382213657367,236.1043673417334,238.21000856602762,6596932
2025-09-09,242.8794403076172,243.5618347576162,238.83389256709856,238.83389256709856,12836972
2025-09-10,249.31333923339844,250.69761406985873,242.97692982961703,243.02567441536718,15261331
2025-09-11,247.5196533203125,249.26459645464794,245.82343989732132,249.26459645464794,5865301
2025-09-12,245.5992431640625,249.45957060265388,244.5074357874524,248.4652524024239,5345794
2025-09-15,244.95584106445312,245.45300014582503,243.31813006128027,245.17030534459616,3700703
2025-09-16,247.61712646484375,248.0947996068193,243.90301809234163,245.65771906058336,7316998
2025-09-17,247.75360107421875,249.06963051215138,246.4863310966648,246.92500261772264,7339871
2025-09-18,250.46363830566406,253.26140205244997,249.557051469507,250.53188370180976,10498239
2025-09-19,249.44007873535156,251.17527893538278,248.28976895541248,250.53188608599783,10741757
2025-09-22,244.02975463867188,245.44325840137773,240.98828283204853,242.29455445414862,15784007
2025-09-23,243.34738159179688,245.6577292858718,242.48952444389133,243.92252905470636,8674114
2025-09-24,238.43421936035156,242.8502083166328,238.10277996125882,242.08009737465142,7888797
2025-09-25,235.90940856933594,239.45779742555374,235.20752814724804,239.27257691489723,7957740
2025-09-26,229.8166961669922,235.47072602537375,229.09531496833094,235.37323685334195,16999628
2025-09-29,233.60879516601562,234.72984628139795,230.34310124332197,230.9182635642424,8894412
2025-09-30,233.3455810546875,235.42197841930238,232.98489789736342,233.89148471164037,5590909
2025-10-01,235.0028076171875,237.43988813817003,231.85408887425157,233.95973001432264,9479378
2025-10-03,234.91506958007812,235.32449733686522,232.0685612175871,234.91506958007812,10968346
2025-10-06,236.0361328125,236.8452453490659,233.29685662380936,233.95973540089406,6064946
2025-10-07,237.40089416503906,238.83389874750486,236.04587794672727,236.786745094051,6587728
2025-10-08,238.1222686767578,240.14992146342618,236.46505689070705,237.1279356552237,7360563
2025-10-09,240.1986541748047,240.5885959894731,237.04020728716665,237.8493198184994,4629760
2025-10-10,242.44078063964844,244.9266058832664,240.05244457215662,241.75840103104505,7070200
2025-10-13,238.96063232421875,241.46594345215223,238.35622621913274,239.86721916970842,6717589
2025-10-14,242.16781616210938,243.85427172283678,238.94112392245552,239.6137605282582,7888607
2025-10-15,243.91278076171875,245.78445687329972,242.28479783482518,243.7080594468892,13278925
2025-10-16,247.4221649169922,247.67563081561443,242.5382608193318,244.0979834561764,10661302
2025-10-17,234.8370819091797,243.70806129004103,233.09213873523723,243.70806129004103,43802251
2025-10-20,235.1685333251953,235.8509129135795,233.24811263554014,234.83707906104348,9871824
2025-10-21,235.28550720214844,236.0653759596895,234.31067497391194,234.93456700499294,2082336
2025-10-23,238.15151977539062,241.56343262353442,237.24491805515171,238.63893589655402,18964626
2025-10-24,236.86473083496094,239.69175322388642,236.06537614206434,238.83389610245257,6803979
2025-10-27,237.77133178710938,239.54551870335686,236.94271844519798,237.1669256922204,9550336
2025-10-28,236.27984619140625,238.5414492830063,235.32449987384408,237.52763028499794,8780789
2025-10-29,236.18235778808594,237.46914350586005,235.55846573925115,237.46914350586005,8776917
2025-10-30,235.83140563964844,238.60968337840853,234.44714569122434,236.77699407004698,8344622
2025-10-31,234.6128692626953,237.06945062894138,234.44714956980002,236.01663004340736,5659566
2025-11-03,234.44715881347656,235.2172697549134,233.47232655229786,234.61287851290575,4902693
2025-11-04,231.9320831298828,234.7785914657564,231.5421561865202,234.4471520764222,6848284
2025-11-06,234.00848388671875,234.56413053267985,232.37075797674785,233.95973929941277,7141517
2025-11-07,230.5380859375,233.2286176133613,230.0604127763982,232.69245689676944,5520619
2025-11-10,233.8037567138672,235.47072635951724,231.05473758082863,231.46416532937656,8566758
2025-11-11,235.60720825195312,235.95814845600435,232.79968661954322,235.0320607959346,8831094
2025-11-12,239.04835510253906,240.1011756715635,236.0068833751967,236.64051836014002,13152546
2025-11-13,239.1555938720703,239.80872968420658,237.8590652152293,239.80872968420658,6211124
2025-11-14,238.21974182128906,239.71123390899896,236.0556131303455,237.78107030280245,6841554
2025-11-17,237.90780639648438,238.61942975254223,236.58203398156658,237.82981803387048,6559062
2025-11-18,234.8370819091797,237.85906781908002,234.25219148693935,236.81599017687407,4730012
2025-11-19,239.87696838378906,240.63733631548203,234.48613259278574,235.12952541952873,13298452
2025-11-20,240.0621795654297,241.56342952924817,239.5260337388253,241.27097688534437,6705862
2025-11-21,238.3367462158203,241.02727791672132,237.4788890612896,238.8339053168725,5516450
2025-11-24,241.04676818847656,243.10366477606482,238.85339568452147,238.85339568452147,19711070
2025-11-25,239.45779418945312,241.75839890303692,237.85906988847182,241.75839890303692,8188793
2025-11-26,243.89328002929688,244.24422023000196,239.43828956131182,239.8087305717115,8202096
2025-11-27,243.2791290283203,245.57973368695687,241.4561975174728,244.09798453187923,5268129
2025-11-28,243.24989318847656,245.647987098301,242.34330632454626,244.68289780384242,7049965
2025-12-01,243.98101806640625,244.4391904208848,242.59675803523524,243.805555398611,3865446
2025-12-02,243.873779296875,245.121563372053,242.60649441199627,243.70805960131725,8535708
2025-12-03,248.280029296875,250.65862237799195,244.24422435793778,244.29296894561833,17215454
2025-12-04,250.46363830566406,252.2865698201472,249.0696353533556,249.557051469507,10687381
2025-12-05,253.36865234375,254.528705095151,251.21428141237067,251.7016975348242,7886562
2025-12-08,254.80165100097656,256.44911983647165,253.17366810009898,253.46613561647285,9684253
2025-12-09,250.9315643310547,255.23057797425164,250.58060926348844,254.80164941918085,8560580
2025-12-10,251.4872283935547,253.81706194413258,250.77559015869068,251.51647217035628,7944200
2025-12-11,252.72525024414062,253.4368884667086,251.233758153992,251.8089055874984,6473376
2025-12-12,254.04129028320312,254.25575456816978,250.88281356373759,252.96896885836975,4008271
2025-12-15,255.15257263183594,255.89345462984815,252.03312741558292,253.44661626763695,4023911
2025-12-16,252.69601440429688,255.1623387811405,252.28657177377085,255.1525809388959,2982041
2025-12-17,254.5677032470703,255.53277763653588,251.80891137183292,252.48154799161765,4923276
2025-12-18,257.2095031738281,258.32079650390807,254.43122522434786,254.60668789496253,9008412
2025-12-19,257.7944030761719,260.2802134395507,256.67332217747196,260.2802134395507,12750745
2025-12-22,265.8075256347656,266.2266963670133,260.0852352744315,260.77738759923454,14651313
2025-12-23,264.5694580078125,265.622293462953,263.40940528846386,265.15436328849967,7572420
2025-12-24,261.31353759765625,264.1600609341609,260.47519611983154,264.1210593132444,4694861
2025-12-26,259.5978088378906,262.112892630566,259.05190517349195,260.47518163736993,2899112
2025-12-29,257.58966064453125,260.66040598902146,256.9657834829414,259.29561705835073,3755074
2025-12-30,257.0145263671875,258.05760405355176,256.40037726681373,257.3557236173418,5117699
2025-12-31,256.6538391113281,257.94062484889497,254.6846886337934,257.35571953640823,5705044
